timestamp,solar_generation_kw,wind_generation_kw,total_renewable_kw
2026-01-01 00:00:00,0.0,143.3,143.3
2026-01-01 01:00:00,0.0,41.7,41.7
2026-01-01 02:00:00,0.0,150.0,150.0
2026-01-01 03:00:00,0.0,113.3,113.3
2026-01-01 04:00:00,0.0,150.0,150.0
2026-01-01 05:00:00,2.3,90.0,92.3
2026-01-01 06:00:00,2.3,60.0,62.3
2026-01-01 07:00:00,3.3,150.0,153.3
2026-01-01 08:00:00,1.3,150.0,151.3
2026-01-01 09:00:00,2.8,15.0,17.8
2026-01-01 10:00:00,2.8,150.0,152.8
2026-01-01 11:00:00,4.1,150.0,154.1
2026-01-01 12:00:00,2.2,46.7,48.9
2026-01-01 13:00:00,3.7,0.0,3.7
2026-01-01 14:00:00,3.1,150.0,153.1
2026-01-01 15:00:00,2.3,103.3,105.6
2026-01-01 16:00:00,2.1,136.7,138.8
2026-01-01 17:00:00,3.2,150.0,153.2
2026-01-01 18:00:00,4.4,150.0,154.4
2026-01-01 19:00:00,3.2,150.0,153.2
2026-01-01 20:00:00,2.9,150.0,152.9
2026-01-01 21:00:00,4.7,105.0,109.7
2026-01-01 22:00:00,0.0,150.0,150.0
2026-01-01 23:00:00,0.0,150.0,150.0
2026-01-02 00:00:00,0.0,150.0,150.0
2026-01-02 01:00:00,0.0,88.3,88.3
2026-01-02 02:00:00,0.0,150.0,150.0
2026-01-02 03:00:00,0.0,150.0,150.0
2026-01-02 04:00:00,0.0,150.0,150.0
2026-01-02 05:00:00,4.0,66.7,70.7
2026-01-02 06:00:00,2.2,130.0,132.2
2026-01-02 07:00:00,3.1,105.0,108.1
2026-01-02 08:00:00,3.9,148.3,152.2
2026-01-02 09:00:00,3.5,108.3,111.8
2026-01-02 10:00:00,2.8,135.0,137.8
2026-01-02 11:00:00,3.0,125.0,128.0
2026-01-02 12:00:00,2.9,150.0,152.9
2026-01-02 13:00:00,3.1,75.0,78.1
2026-01-02 14:00:00,3.1,148.3,151.4
2026-01-02 15:00:00,1.5,150.0,151.5
2026-01-02 16:00:00,4.2,150.0,154.2
2026-01-02 17:00:00,4.0,150.0,154.0
2026-01-02 18:00:00,3.0,150.0,153.0
2026-01-02 19:00:00,2.7,126.7,129.4
2026-01-02 20:00:00,2.1,150.0,152.1
2026-01-02 21:00:00,2.3,116.7,119.0
2026-01-02 22:00:00,0.0,143.3,143.3
2026-01-02 23:00:00,0.0,150.0,150.0
2026-01-03 00:00:00,0.0,115.0,115.0
2026-01-03 01:00:00,0.0,148.3,148.3
2026-01-03 02:00:00,0.0,150.0,150.0
2026-01-03 03:00:00,0.0,150.0,150.0
2026-01-03 04:00:00,0.0,150.0,150.0
2026-01-03 05:00:00,3.1,123.3,126.4
2026-01-03 06:00:00,3.2,150.0,153.2
2026-01-03 07:00:00,2.7,128.3,131.0
2026-01-03 08:00:00,4.1,150.0,154.1
2026-01-03 09:00:00,3.6,150.0,153.6
2026-01-03 10:00:00,2.7,150.0,152.7
2026-01-03 11:00:00,2.9,88.3,91.2
2026-01-03 12:00:00,3.1,150.0,153.1
2026-01-03 13:00:00,2.1,150.0,152.1
2026-01-03 14:00:00,4.7,150.0,154.7
2026-01-03 15:00:00,4.4,150.0,154.4
2026-01-03 16:00:00,3.5,150.0,153.5
2026-01-03 17:00:00,2.1,0.0,2.1
2026-01-03 18:00:00,2.9,0.0,2.9
2026-01-03 19:00:00,2.9,35.0,37.9
2026-01-03 20:00:00,3.2,73.3,76.5
2026-01-03 21:00:00,3.2,70.0,73.2
2026-01-03 22:00:00,0.0,150.0,150.0
2026-01-03 23:00:00,0.0,118.3,118.3
2026-01-04 00:00:00,0.0,150.0,150.0
2026-01-04 01:00:00,0.0,18.3,18.3
2026-01-04 02:00:00,0.0,100.0,100.0
2026-01-04 03:00:00,0.0,150.0,150.0
2026-01-04 04:00:00,0.0,150.0,150.0
2026-01-04 05:00:00,2.8,78.3,81.1
2026-01-04 06:00:00,2.3,113.3,115.6
2026-01-04 07:00:00,3.1,143.3,146.4
2026-01-04 08:00:00,3.0,150.0,153.0
2026-01-04 09:00:00,2.5,150.0,152.5
2026-01-04 10:00:00,4.3,118.3,122.6
2026-01-04 11:00:00,3.0,150.0,153.0
2026-01-04 12:00:00,3.2,150.0,153.2
2026-01-04 13:00:00,3.8,91.7,95.5
2026-01-04 14:00:00,2.2,90.0,92.2
2026-01-04 15:00:00,2.4,150.0,152.4
2026-01-04 16:00:00,3.2,148.3,151.5
2026-01-04 17:00:00,2.8,141.7,144.5
2026-01-04 18:00:00,3.3,150.0,153.3
2026-01-04 19:00:00,2.7,150.0,152.7
2026-01-04 20:00:00,1.2,150.0,151.2
2026-01-04 21:00:00,3.4,150.0,153.4
2026-01-04 22:00:00,0.0,128.3,128.3
2026-01-04 23:00:00,0.0,95.0,95.0
2026-01-05 00:00:00,0.0,150.0,150.0
2026-01-05 01:00:00,0.0,138.3,138.3
2026-01-05 02:00:00,0.0,150.0,150.0
2026-01-05 03:00:00,0.0,111.7,111.7
2026-01-05 04:00:00,0.0,150.0,150.0
2026-01-05 05:00:00,3.1,150.0,153.1
2026-01-05 06:00:00,3.9,135.0,138.9
2026-01-05 07:00:00,2.6,150.0,152.6
2026-01-05 08:00:00,4.1,0.0,4.1
2026-01-05 09:00:00,2.9,0.0,2.9
2026-01-05 10:00:00,2.0,150.0,152.0
2026-01-05 11:00:00,2.9,116.7,119.6
2026-01-05 12:00:00,2.8,120.0,122.8
2026-01-05 13:00:00,3.3,71.7,75.0
2026-01-05 14:00:00,3.3,0.0,3.3
2026-01-05 15:00:00,3.0,110.0,113.0
2026-01-05 16:00:00,4.0,40.0,44.0
2026-01-05 17:00:00,2.2,150.0,152.2
2026-01-05 18:00:00,3.7,126.7,130.4
2026-01-05 19:00:00,3.8,150.0,153.8
2026-01-05 20:00:00,3.4,140.0,143.4
2026-01-05 21:00:00,2.1,148.3,150.4
2026-01-05 22:00:00,0.0,150.0,150.0
2026-01-05 23:00:00,0.0,0.0,0.0
2026-01-06 00:00:00,0.0,150.0,150.0
2026-01-06 01:00:00,0.0,150.0,150.0
2026-01-06 02:00:00,0.0,115.0,115.0
2026-01-06 03:00:00,0.0,150.0,150.0
2026-01-06 04:00:00,0.0,150.0,150.0
2026-01-06 05:00:00,3.8,150.0,153.8
2026-01-06 06:00:00,4.4,146.7,151.1
2026-01-06 07:00:00,2.1,150.0,152.1
2026-01-06 08:00:00,3.7,150.0,153.7
2026-01-06 09:00:00,2.9,45.0,47.9
2026-01-06 10:00:00,2.3,0.0,2.3
2026-01-06 11:00:00,2.4,150.0,152.4
2026-01-06 12:00:00,2.5,150.0,152.5
2026-01-06 13:00:00,1.9,150.0,151.9
2026-01-06 14:00:00,1.7,150.0,151.7
2026-01-06 15:00:00,2.7,0.0,2.7
2026-01-06 16:00:00,3.4,150.0,153.4
2026-01-06 17:00:00,3.5,76.7,80.2
2026-01-06 18:00:00,3.3,61.7,65.0
2026-01-06 19:00:00,3.8,103.3,107.1
2026-01-06 20:00:00,2.6,150.0,152.6
2026-01-06 21:00:00,3.8,150.0,153.8
2026-01-06 22:00:00,0.0,90.0,90.0
2026-01-06 23:00:00,0.0,150.0,150.0
2026-01-07 00:00:00,0.0,150.0,150.0
2026-01-07 01:00:00,0.0,50.0,50.0
2026-01-07 02:00:00,0.0,95.0,95.0
2026-01-07 03:00:00,0.0,135.0,135.0
2026-01-07 04:00:00,0.0,150.0,150.0
2026-01-07 05:00:00,3.8,111.7,115.5
2026-01-07 06:00:00,2.8,113.3,116.1
2026-01-07 07:00:00,2.5,150.0,152.5
2026-01-07 08:00:00,3.7,150.0,153.7
2026-01-07 09:00:00,2.7,150.0,152.7
2026-01-07 10:00:00,2.6,150.0,152.6
2026-01-07 11:00:00,3.5,150.0,153.5
2026-01-07 12:00:00,1.7,48.3,50.0
2026-01-07 13:00:00,3.7,111.7,115.4
2026-01-07 14:00:00,3.3,46.7,50.0
2026-01-07 15:00:00,2.9,93.3,96.2
2026-01-07 16:00:00,2.7,150.0,152.7
2026-01-07 17:00:00,3.1,25.0,28.1
2026-01-07 18:00:00,2.3,98.3,100.6
2026-01-07 19:00:00,3.7,150.0,153.7
2026-01-07 20:00:00,4.5,150.0,154.5
2026-01-07 21:00:00,2.9,88.3,91.2
2026-01-07 22:00:00,0.0,93.3,93.3
2026-01-07 23:00:00,0.0,150.0,150.0
2026-01-08 00:00:00,0.0,0.0,0.0
2026-01-08 01:00:00,0.0,150.0,150.0
2026-01-08 02:00:00,0.0,150.0,150.0
2026-01-08 03:00:00,0.0,21.7,21.7
2026-01-08 04:00:00,0.0,98.3,98.3
2026-01-08 05:00:00,3.0,141.7,144.7
2026-01-08 06:00:00,3.4,150.0,153.4
2026-01-08 07:00:00,2.4,58.3,60.7
2026-01-08 08:00:00,3.2,150.0,153.2
2026-01-08 09:00:00,4.3,135.0,139.3
2026-01-08 10:00:00,2.6,150.0,152.6
2026-01-08 11:00:00,2.6,150.0,152.6
2026-01-08 12:00:00,3.5,150.0,153.5
2026-01-08 13:00:00,4.0,150.0,154.0
2026-01-08 14:00:00,2.3,150.0,152.3
2026-01-08 15:00:00,2.7,150.0,152.7
2026-01-08 16:00:00,3.3,150.0,153.3
2026-01-08 17:00:00,4.5,150.0,154.5
2026-01-08 18:00:00,2.5,0.0,2.5
2026-01-08 19:00:00,3.5,93.3,96.8
2026-01-08 20:00:00,3.1,111.7,114.8
2026-01-08 21:00:00,3.7,150.0,153.7
2026-01-08 22:00:00,0.0,150.0,150.0
2026-01-08 23:00:00,0.0,70.0,70.0
2026-01-09 00:00:00,0.0,131.7,131.7
2026-01-09 01:00:00,0.0,61.7,61.7
2026-01-09 02:00:00,0.0,150.0,150.0
2026-01-09 03:00:00,0.0,145.0,145.0
2026-01-09 04:00:00,0.0,150.0,150.0
2026-01-09 05:00:00,2.3,150.0,152.3
2026-01-09 06:00:00,3.6,0.0,3.6
2026-01-09 07:00:00,2.7,140.0,142.7
2026-01-09 08:00:00,4.0,150.0,154.0
2026-01-09 09:00:00,3.1,150.0,153.1
2026-01-09 10:00:00,3.3,48.3,51.6
2026-01-09 11:00:00,2.9,150.0,152.9
2026-01-09 12:00:00,2.8,125.0,127.8
2026-01-09 13:00:00,2.7,150.0,152.7
2026-01-09 14:00:00,2.9,150.0,152.9
2026-01-09 15:00:00,1.5,150.0,151.5
2026-01-09 16:00:00,2.7,150.0,152.7
2026-01-09 17:00:00,3.9,0.0,3.9
2026-01-09 18:00:00,3.0,150.0,153.0
2026-01-09 19:00:00,3.9,145.0,148.9
2026-01-09 20:00:00,2.9,76.7,79.6
2026-01-09 21:00:00,3.2,150.0,153.2
2026-01-09 22:00:00,0.0,150.0,150.0
2026-01-09 23:00:00,0.0,150.0,150.0
2026-01-10 00:00:00,0.0,56.7,56.7
2026-01-10 01:00:00,0.0,150.0,150.0
2026-01-10 02:00:00,0.0,110.0,110.0
2026-01-10 03:00:00,0.0,150.0,150.0
2026-01-10 04:00:00,0.0,150.0,150.0
2026-01-10 05:00:00,1.9,150.0,151.9
2026-01-10 06:00:00,3.6,150.0,153.6
2026-01-10 07:00:00,4.6,150.0,154.6
2026-01-10 08:00:00,2.6,0.0,2.6
2026-01-10 09:00:00,2.5,38.3,40.8
2026-01-10 10:00:00,3.9,150.0,153.9
2026-01-10 11:00:00,3.6,93.3,96.9
2026-01-10 12:00:00,2.6,150.0,152.6
2026-01-10 13:00:00,4.3,150.0,154.3
2026-01-10 14:00:00,2.6,150.0,152.6
2026-01-10 15:00:00,2.1,28.3,30.4
2026-01-10 16:00:00,3.0,150.0,153.0
2026-01-10 17:00:00,2.6,150.0,152.6
2026-01-10 18:00:00,3.1,133.3,136.4
2026-01-10 19:00:00,2.6,31.7,34.3
2026-01-10 20:00:00,3.7,150.0,153.7
2026-01-10 21:00:00,2.1,90.0,92.1
2026-01-10 22:00:00,0.0,93.3,93.3
2026-01-10 23:00:00,0.0,110.0,110.0
2026-01-11 00:00:00,0.0,100.0,100.0
2026-01-11 01:00:00,0.0,150.0,150.0
2026-01-11 02:00:00,0.0,150.0,150.0
2026-01-11 03:00:00,0.0,120.0,120.0
2026-01-11 04:00:00,0.0,0.0,0.0
2026-01-11 05:00:00,2.2,116.7,118.9
2026-01-11 06:00:00,2.9,63.3,66.2
2026-01-11 07:00:00,3.7,111.7,115.4
2026-01-11 08:00:00,0.8,128.3,129.1
2026-01-11 09:00:00,2.6,150.0,152.6
2026-01-11 10:00:00,1.7,38.3,40.0
2026-01-11 11:00:00,3.4,136.7,140.1
2026-01-11 12:00:00,3.5,118.3,121.8
2026-01-11 13:00:00,3.2,150.0,153.2
2026-01-11 14:00:00,2.7,123.3,126.0
2026-01-11 15:00:00,2.1,113.3,115.4
2026-01-11 16:00:00,3.0,150.0,153.0
2026-01-11 17:00:00,3.2,141.7,144.9
2026-01-11 18:00:00,3.6,23.3,26.9
2026-01-11 19:00:00,2.3,150.0,152.3
2026-01-11 20:00:00,2.0,150.0,152.0
2026-01-11 21:00:00,3.1,101.7,104.8
2026-01-11 22:00:00,0.0,50.0,50.0
2026-01-11 23:00:00,0.0,105.0,105.0
2026-01-12 00:00:00,0.0,131.7,131.7
2026-01-12 01:00:00,0.0,100.0,100.0
2026-01-12 02:00:00,0.0,36.7,36.7
2026-01-12 03:00:00,0.0,150.0,150.0
2026-01-12 04:00:00,0.0,136.7,136.7
2026-01-12 05:00:00,3.1,150.0,153.1
2026-01-12 06:00:00,2.8,150.0,152.8
2026-01-12 07:00:00,2.5,150.0,152.5
2026-01-12 08:00:00,2.6,150.0,152.6
2026-01-12 09:00:00,2.0,85.0,87.0
2026-01-12 10:00:00,3.0,116.7,119.7
2026-01-12 11:00:00,3.1,150.0,153.1
2026-01-12 12:00:00,2.5,123.3,125.8
2026-01-12 13:00:00,1.1,125.0,126.1
2026-01-12 14:00:00,3.8,150.0,153.8
2026-01-12 15:00:00,4.5,55.0,59.5
2026-01-12 16:00:00,3.0,0.0,3.0
2026-01-12 17:00:00,2.5,0.0,2.5
2026-01-12 18:00:00,3.3,150.0,153.3
2026-01-12 19:00:00,4.1,96.7,100.8
2026-01-12 20:00:00,3.2,46.7,49.9
2026-01-12 21:00:00,3.2,150.0,153.2
2026-01-12 22:00:00,0.0,150.0,150.0
2026-01-12 23:00:00,0.0,150.0,150.0
2026-01-13 00:00:00,0.0,128.3,128.3
2026-01-13 01:00:00,0.0,131.7,131.7
2026-01-13 02:00:00,0.0,91.7,91.7
2026-01-13 03:00:00,0.0,150.0,150.0
2026-01-13 04:00:00,0.0,150.0,150.0
2026-01-13 05:00:00,2.0,150.0,152.0
2026-01-13 06:00:00,2.0,150.0,152.0
2026-01-13 07:00:00,1.4,11.7,13.1
2026-01-13 08:00:00,4.2,33.3,37.5
2026-01-13 09:00:00,3.3,36.7,40.0
2026-01-13 10:00:00,2.9,150.0,152.9
2026-01-13 11:00:00,3.0,116.7,119.7
2026-01-13 12:00:00,3.7,116.7,120.4
2026-01-13 13:00:00,2.3,146.7,149.0
2026-01-13 14:00:00,4.4,131.7,136.1
2026-01-13 15:00:00,2.7,0.0,2.7
2026-01-13 16:00:00,4.0,140.0,144.0
2026-01-13 17:00:00,2.7,86.7,89.4
2026-01-13 18:00:00,2.6,0.0,2.6
2026-01-13 19:00:00,3.5,98.3,101.8
2026-01-13 20:00:00,3.5,150.0,153.5
2026-01-13 21:00:00,3.2,150.0,153.2
2026-01-13 22:00:00,0.0,125.0,125.0
2026-01-13 23:00:00,0.0,150.0,150.0
2026-01-14 00:00:00,0.0,150.0,150.0
2026-01-14 01:00:00,0.0,150.0,150.0
2026-01-14 02:00:00,0.0,150.0,150.0
2026-01-14 03:00:00,0.0,60.0,60.0
2026-01-14 04:00:00,0.0,68.3,68.3
2026-01-14 05:00:00,3.9,146.7,150.6
2026-01-14 06:00:00,2.2,150.0,152.2
2026-01-14 07:00:00,3.0,18.3,21.3
2026-01-14 08:00:00,3.7,150.0,153.7
2026-01-14 09:00:00,1.8,150.0,151.8
2026-01-14 10:00:00,3.3,145.0,148.3
2026-01-14 11:00:00,3.6,73.3,76.9
2026-01-14 12:00:00,4.1,150.0,154.1
2026-01-14 13:00:00,2.2,38.3,40.5
2026-01-14 14:00:00,3.7,128.3,132.0
2026-01-14 15:00:00,3.5,150.0,153.5
2026-01-14 16:00:00,2.5,71.7,74.2
2026-01-14 17:00:00,4.3,60.0,64.3
2026-01-14 18:00:00,2.7,98.3,101.0
2026-01-14 19:00:00,3.6,21.7,25.3
2026-01-14 20:00:00,2.8,23.3,26.1
2026-01-14 21:00:00,3.7,150.0,153.7
2026-01-14 22:00:00,0.0,140.0,140.0
2026-01-14 23:00:00,0.0,5.0,5.0
2026-01-15 00:00:00,0.0,150.0,150.0
2026-01-15 01:00:00,0.0,150.0,150.0
2026-01-15 02:00:00,0.0,150.0,150.0
2026-01-15 03:00:00,0.0,128.3,128.3
2026-01-15 04:00:00,0.0,86.7,86.7
2026-01-15 05:00:00,3.7,150.0,153.7
2026-01-15 06:00:00,3.3,150.0,153.3
2026-01-15 07:00:00,3.3,150.0,153.3
2026-01-15 08:00:00,4.3,150.0,154.3
2026-01-15 09:00:00,2.6,150.0,152.6
2026-01-15 10:00:00,3.1,150.0,153.1
2026-01-15 11:00:00,2.9,110.0,112.9
2026-01-15 12:00:00,3.4,150.0,153.4
2026-01-15 13:00:00,4.1,150.0,154.1
2026-01-15 14:00:00,2.9,5.0,7.9
2026-01-15 15:00:00,3.2,96.7,99.9
2026-01-15 16:00:00,1.6,146.7,148.3
2026-01-15 17:00:00,3.4,150.0,153.4
2026-01-15 18:00:00,3.8,150.0,153.8
2026-01-15 19:00:00,3.7,125.0,128.7
2026-01-15 20:00:00,2.3,150.0,152.3
2026-01-15 21:00:00,3.1,150.0,153.1
2026-01-15 22:00:00,0.0,6.7,6.7
2026-01-15 23:00:00,0.0,121.7,121.7
2026-01-16 00:00:00,0.0,115.0,115.0
2026-01-16 01:00:00,0.0,150.0,150.0
2026-01-16 02:00:00,0.0,150.0,150.0
2026-01-16 03:00:00,0.0,150.0,150.0
2026-01-16 04:00:00,0.0,98.3,98.3
2026-01-16 05:00:00,3.2,106.7,109.9
2026-01-16 06:00:00,3.5,141.7,145.2
2026-01-16 07:00:00,3.6,150.0,153.6
2026-01-16 08:00:00,2.6,150.0,152.6
2026-01-16 09:00:00,2.5,113.3,115.8
2026-01-16 10:00:00,2.9,150.0,152.9
2026-01-16 11:00:00,4.5,136.7,141.2
2026-01-16 12:00:00,3.6,106.7,110.3
2026-01-16 13:00:00,2.6,150.0,152.6
2026-01-16 14:00:00,3.1,66.7,69.8
2026-01-16 15:00:00,3.1,150.0,153.1
2026-01-16 16:00:00,4.1,150.0,154.1
2026-01-16 17:00:00,3.7,108.3,112.0
2026-01-16 18:00:00,2.5,150.0,152.5
2026-01-16 19:00:00,3.0,150.0,153.0
2026-01-16 20:00:00,3.3,143.3,146.6
2026-01-16 21:00:00,2.8,150.0,152.8
2026-01-16 22:00:00,0.0,145.0,145.0
2026-01-16 23:00:00,0.0,150.0,150.0
2026-01-17 00:00:00,0.0,150.0,150.0
2026-01-17 01:00:00,0.0,150.0,150.0
2026-01-17 02:00:00,0.0,150.0,150.0
2026-01-17 03:00:00,0.0,150.0,150.0
2026-01-17 04:00:00,0.0,130.0,130.0
2026-01-17 05:00:00,2.4,100.0,102.4
2026-01-17 06:00:00,2.9,90.0,92.9
2026-01-17 07:00:00,2.9,118.3,121.2
2026-01-17 08:00:00,2.4,150.0,152.4
2026-01-17 09:00:00,3.1,131.7,134.8
2026-01-17 10:00:00,3.9,150.0,153.9
2026-01-17 11:00:00,2.7,150.0,152.7
2026-01-17 12:00:00,3.8,95.0,98.8
2026-01-17 13:00:00,3.7,50.0,53.7
2026-01-17 14:00:00,3.1,128.3,131.4
2026-01-17 15:00:00,1.8,150.0,151.8
2026-01-17 16:00:00,3.6,150.0,153.6
2026-01-17 17:00:00,3.4,150.0,153.4
2026-01-17 18:00:00,3.3,120.0,123.3
2026-01-17 19:00:00,3.4,145.0,148.4
2026-01-17 20:00:00,2.4,150.0,152.4
2026-01-17 21:00:00,3.1,35.0,38.1
2026-01-17 22:00:00,0.0,150.0,150.0
2026-01-17 23:00:00,0.0,133.3,133.3
2026-01-18 00:00:00,0.0,150.0,150.0
2026-01-18 01:00:00,0.0,121.7,121.7
2026-01-18 02:00:00,0.0,75.0,75.0
2026-01-18 03:00:00,0.0,118.3,118.3
2026-01-18 04:00:00,0.0,150.0,150.0
2026-01-18 05:00:00,2.9,21.7,24.6
2026-01-18 06:00:00,2.4,71.7,74.1
2026-01-18 07:00:00,3.4,135.0,138.4
2026-01-18 08:00:00,2.9,150.0,152.9
2026-01-18 09:00:00,2.5,48.3,50.8
2026-01-18 10:00:00,2.5,146.7,149.2
2026-01-18 11:00:00,2.5,150.0,152.5
2026-01-18 12:00:00,2.2,143.3,145.5
2026-01-18 13:00:00,2.5,118.3,120.8
2026-01-18 14:00:00,3.6,150.0,153.6
2026-01-18 15:00:00,3.6,13.3,16.9
2026-01-18 16:00:00,3.9,120.0,123.9
2026-01-18 17:00:00,1.9,58.3,60.2
2026-01-18 18:00:00,4.0,150.0,154.0
2026-01-18 19:00:00,4.2,111.7,115.9
2026-01-18 20:00:00,2.5,80.0,82.5
2026-01-18 21:00:00,3.1,150.0,153.1
2026-01-18 22:00:00,0.0,56.7,56.7
2026-01-18 23:00:00,0.0,150.0,150.0
2026-01-19 00:00:00,0.0,150.0,150.0
2026-01-19 01:00:00,0.0,130.0,130.0
2026-01-19 02:00:00,0.0,0.0,0.0
2026-01-19 03:00:00,0.0,15.0,15.0
2026-01-19 04:00:00,0.0,66.7,66.7
2026-01-19 05:00:00,3.5,150.0,153.5
2026-01-19 06:00:00,2.6,146.7,149.3
2026-01-19 07:00:00,4.0,150.0,154.0
2026-01-19 08:00:00,1.9,96.7,98.6
2026-01-19 09:00:00,2.3,125.0,127.3
2026-01-19 10:00:00,2.1,150.0,152.1
2026-01-19 11:00:00,2.7,150.0,152.7
2026-01-19 12:00:00,3.2,150.0,153.2
2026-01-19 13:00:00,3.3,150.0,153.3
2026-01-19 14:00:00,2.0,150.0,152.0
2026-01-19 15:00:00,4.2,68.3,72.5
2026-01-19 16:00:00,3.9,65.0,68.9
2026-01-19 17:00:00,1.8,150.0,151.8
2026-01-19 18:00:00,3.5,150.0,153.5
2026-01-19 19:00:00,3.0,130.0,133.0
2026-01-19 20:00:00,3.6,150.0,153.6
2026-01-19 21:00:00,3.5,150.0,153.5
2026-01-19 22:00:00,0.0,131.7,131.7
2026-01-19 23:00:00,0.0,0.0,0.0
2026-01-20 00:00:00,0.0,108.3,108.3
2026-01-20 01:00:00,0.0,150.0,150.0
2026-01-20 02:00:00,0.0,98.3,98.3
2026-01-20 03:00:00,0.0,101.7,101.7
2026-01-20 04:00:00,0.0,146.7,146.7
2026-01-20 05:00:00,2.4,150.0,152.4
2026-01-20 06:00:00,3.4,150.0,153.4
2026-01-20 07:00:00,3.9,150.0,153.9
2026-01-20 08:00:00,2.3,128.3,130.6
2026-01-20 09:00:00,3.3,150.0,153.3
2026-01-20 10:00:00,1.8,101.7,103.5
2026-01-20 11:00:00,4.0,150.0,154.0
2026-01-20 12:00:00,2.9,36.7,39.6
2026-01-20 13:00:00,3.4,150.0,153.4
2026-01-20 14:00:00,2.7,150.0,152.7
2026-01-20 15:00:00,3.0,91.7,94.7
2026-01-20 16:00:00,2.6,150.0,152.6
2026-01-20 17:00:00,1.7,150.0,151.7
2026-01-20 18:00:00,2.1,31.7,33.8
2026-01-20 19:00:00,3.1,18.3,21.4
2026-01-20 20:00:00,2.6,150.0,152.6
2026-01-20 21:00:00,2.0,150.0,152.0
2026-01-20 22:00:00,0.0,0.0,0.0
2026-01-20 23:00:00,0.0,150.0,150.0
2026-01-21 00:00:00,0.0,150.0,150.0
2026-01-21 01:00:00,0.0,121.7,121.7
2026-01-21 02:00:00,0.0,146.7,146.7
2026-01-21 03:00:00,0.0,20.0,20.0
2026-01-21 04:00:00,0.0,150.0,150.0
2026-01-21 05:00:00,2.8,150.0,152.8
2026-01-21 06:00:00,2.8,150.0,152.8
2026-01-21 07:00:00,1.8,150.0,151.8
2026-01-21 08:00:00,2.1,150.0,152.1
2026-01-21 09:00:00,3.1,150.0,153.1
2026-01-21 10:00:00,3.6,126.7,130.3
2026-01-21 11:00:00,2.9,150.0,152.9
2026-01-21 12:00:00,2.6,150.0,152.6
2026-01-21 13:00:00,2.3,150.0,152.3
2026-01-21 14:00:00,3.6,150.0,153.6
2026-01-21 15:00:00,3.8,150.0,153.8
2026-01-21 16:00:00,3.7,125.0,128.7
2026-01-21 17:00:00,3.0,150.0,153.0
2026-01-21 18:00:00,4.1,150.0,154.1
2026-01-21 19:00:00,2.8,150.0,152.8
2026-01-21 20:00:00,2.9,150.0,152.9
2026-01-21 21:00:00,4.6,150.0,154.6
2026-01-21 22:00:00,0.0,150.0,150.0
2026-01-21 23:00:00,0.0,23.3,23.3
2026-01-22 00:00:00,0.0,123.3,123.3
2026-01-22 01:00:00,0.0,3.3,3.3
2026-01-22 02:00:00,0.0,150.0,150.0
2026-01-22 03:00:00,0.0,150.0,150.0
2026-01-22 04:00:00,0.0,71.7,71.7
2026-01-22 05:00:00,3.7,150.0,153.7
2026-01-22 06:00:00,3.8,56.7,60.5
2026-01-22 07:00:00,3.0,143.3,146.3
2026-01-22 08:00:00,2.7,141.7,144.4
2026-01-22 09:00:00,2.3,150.0,152.3
2026-01-22 10:00:00,3.6,150.0,153.6
2026-01-22 11:00:00,3.9,106.7,110.6
2026-01-22 12:00:00,1.8,138.3,140.1
2026-01-22 13:00:00,2.5,96.7,99.2
2026-01-22 14:00:00,1.6,75.0,76.6
2026-01-22 15:00:00,2.1,150.0,152.1
2026-01-22 16:00:00,4.4,133.3,137.7
2026-01-22 17:00:00,3.7,150.0,153.7
2026-01-22 18:00:00,3.0,86.7,89.7
2026-01-22 19:00:00,2.8,150.0,152.8
2026-01-22 20:00:00,2.9,150.0,152.9
2026-01-22 21:00:00,2.2,133.3,135.5
2026-01-22 22:00:00,0.0,150.0,150.0
2026-01-22 23:00:00,0.0,48.3,48.3
2026-01-23 00:00:00,0.0,5.0,5.0
2026-01-23 01:00:00,0.0,65.0,65.0
2026-01-23 02:00:00,0.0,111.7,111.7
2026-01-23 03:00:00,0.0,150.0,150.0
2026-01-23 04:00:00,0.0,53.3,53.3
2026-01-23 05:00:00,1.6,106.7,108.3
2026-01-23 06:00:00,3.2,106.7,109.9
2026-01-23 07:00:00,2.3,150.0,152.3
2026-01-23 08:00:00,2.5,150.0,152.5
2026-01-23 09:00:00,3.1,0.0,3.1
2026-01-23 10:00:00,3.2,150.0,153.2
2026-01-23 11:00:00,2.8,36.7,39.5
2026-01-23 12:00:00,3.3,38.3,41.6
2026-01-23 13:00:00,2.2,106.7,108.9
2026-01-23 14:00:00,1.2,150.0,151.2
2026-01-23 15:00:00,4.2,105.0,109.2
2026-01-23 16:00:00,1.7,150.0,151.7
2026-01-23 17:00:00,1.9,148.3,150.2
2026-01-23 18:00:00,3.2,133.3,136.5
2026-01-23 19:00:00,2.8,56.7,59.5
2026-01-23 20:00:00,2.8,150.0,152.8
2026-01-23 21:00:00,2.5,150.0,152.5
2026-01-23 22:00:00,0.0,136.7,136.7
2026-01-23 23:00:00,0.0,150.0,150.0
2026-01-24 00:00:00,0.0,150.0,150.0
2026-01-24 01:00:00,0.0,150.0,150.0
2026-01-24 02:00:00,0.0,150.0,150.0
2026-01-24 03:00:00,0.0,143.3,143.3
2026-01-24 04:00:00,0.0,90.0,90.0
2026-01-24 05:00:00,2.5,55.0,57.5
2026-01-24 06:00:00,1.8,150.0,151.8
2026-01-24 07:00:00,2.8,0.0,2.8
2026-01-24 08:00:00,3.4,150.0,153.4
2026-01-24 09:00:00,2.6,83.3,85.9
2026-01-24 10:00:00,4.4,150.0,154.4
2026-01-24 11:00:00,2.4,123.3,125.7
2026-01-24 12:00:00,3.4,150.0,153.4
2026-01-24 13:00:00,5.1,88.3,93.4
2026-01-24 14:00:00,3.6,78.3,81.9
2026-01-24 15:00:00,3.6,150.0,153.6
2026-01-24 16:00:00,2.5,120.0,122.5
2026-01-24 17:00:00,3.4,131.7,135.1
2026-01-24 18:00:00,4.3,63.3,67.6
2026-01-24 19:00:00,2.3,150.0,152.3
2026-01-24 20:00:00,3.7,150.0,153.7
2026-01-24 21:00:00,3.3,90.0,93.3
2026-01-24 22:00:00,0.0,133.3,133.3
2026-01-24 23:00:00,0.0,150.0,150.0
2026-01-25 00:00:00,0.0,38.3,38.3
2026-01-25 01:00:00,0.0,20.0,20.0
2026-01-25 02:00:00,0.0,118.3,118.3
2026-01-25 03:00:00,0.0,150.0,150.0
2026-01-25 04:00:00,0.0,150.0,150.0
2026-01-25 05:00:00,2.3,60.0,62.3
2026-01-25 06:00:00,1.9,0.0,1.9
2026-01-25 07:00:00,3.2,105.0,108.2
2026-01-25 08:00:00,1.3,150.0,151.3
2026-01-25 09:00:00,2.6,146.7,149.3
2026-01-25 10:00:00,3.1,150.0,153.1
2026-01-25 11:00:00,3.4,150.0,153.4
2026-01-25 12:00:00,3.0,150.0,153.0
2026-01-25 13:00:00,3.2,63.3,66.5
2026-01-25 14:00:00,2.5,150.0,152.5
2026-01-25 15:00:00,2.7,150.0,152.7
2026-01-25 16:00:00,3.6,68.3,71.9
2026-01-25 17:00:00,2.8,150.0,152.8
2026-01-25 18:00:00,3.5,141.7,145.2
2026-01-25 19:00:00,3.8,33.3,37.1
2026-01-25 20:00:00,3.1,135.0,138.1
2026-01-25 21:00:00,3.6,145.0,148.6
2026-01-25 22:00:00,0.0,106.7,106.7
2026-01-25 23:00:00,0.0,65.0,65.0
2026-01-26 00:00:00,0.0,121.7,121.7
2026-01-26 01:00:00,0.0,81.7,81.7
2026-01-26 02:00:00,0.0,0.0,0.0
2026-01-26 03:00:00,0.0,150.0,150.0
2026-01-26 04:00:00,0.0,150.0,150.0
2026-01-26 05:00:00,2.2,86.7,88.9
2026-01-26 06:00:00,3.7,150.0,153.7
2026-01-26 07:00:00,1.5,150.0,151.5
2026-01-26 08:00:00,4.2,150.0,154.2
2026-01-26 09:00:00,1.8,106.7,108.5
2026-01-26 10:00:00,3.6,150.0,153.6
2026-01-26 11:00:00,3.4,105.0,108.4
2026-01-26 12:00:00,3.7,150.0,153.7
2026-01-26 13:00:00,2.1,0.0,2.1
2026-01-26 14:00:00,2.2,150.0,152.2
2026-01-26 15:00:00,3.2,150.0,153.2
2026-01-26 16:00:00,3.7,148.3,152.0
2026-01-26 17:00:00,3.8,108.3,112.1
2026-01-26 18:00:00,3.4,150.0,153.4
2026-01-26 19:00:00,2.6,140.0,142.6
2026-01-26 20:00:00,3.3,56.7,60.0
2026-01-26 21:00:00,3.6,113.3,116.9
2026-01-26 22:00:00,0.0,0.0,0.0
2026-01-26 23:00:00,0.0,148.3,148.3
2026-01-27 00:00:00,0.0,35.0,35.0
2026-01-27 01:00:00,0.0,150.0,150.0
2026-01-27 02:00:00,0.0,150.0,150.0
2026-01-27 03:00:00,0.0,66.7,66.7
2026-01-27 04:00:00,0.0,150.0,150.0
2026-01-27 05:00:00,1.3,48.3,49.6
2026-01-27 06:00:00,3.5,150.0,153.5
2026-01-27 07:00:00,3.4,26.7,30.1
2026-01-27 08:00:00,3.9,110.0,113.9
2026-01-27 09:00:00,3.0,150.0,153.0
2026-01-27 10:00:00,3.2,150.0,153.2
2026-01-27 11:00:00,3.6,150.0,153.6
2026-01-27 12:00:00,2.2,150.0,152.2
2026-01-27 13:00:00,3.1,21.7,24.8
2026-01-27 14:00:00,3.3,71.7,75.0
2026-01-27 15:00:00,3.8,150.0,153.8
2026-01-27 16:00:00,3.8,123.3,127.1
2026-01-27 17:00:00,2.5,138.3,140.8
2026-01-27 18:00:00,3.9,150.0,153.9
2026-01-27 19:00:00,3.1,150.0,153.1
2026-01-27 20:00:00,2.0,61.7,63.7
2026-01-27 21:00:00,2.7,150.0,152.7
2026-01-27 22:00:00,0.0,108.3,108.3
2026-01-27 23:00:00,0.0,150.0,150.0
2026-01-28 00:00:00,0.0,150.0,150.0
2026-01-28 01:00:00,0.0,150.0,150.0
2026-01-28 02:00:00,0.0,150.0,150.0
2026-01-28 03:00:00,0.0,116.7,116.7
2026-01-28 04:00:00,0.0,53.3,53.3
2026-01-28 05:00:00,4.3,0.0,4.3
2026-01-28 06:00:00,2.0,76.7,78.7
2026-01-28 07:00:00,3.5,150.0,153.5
2026-01-28 08:00:00,3.4,150.0,153.4
2026-01-28 09:00:00,2.8,150.0,152.8
2026-01-28 10:00:00,3.6,121.7,125.3
2026-01-28 11:00:00,1.9,0.0,1.9
2026-01-28 12:00:00,2.1,150.0,152.1
2026-01-28 13:00:00,3.9,150.0,153.9
2026-01-28 14:00:00,2.1,150.0,152.1
2026-01-28 15:00:00,3.1,53.3,56.4
2026-01-28 16:00:00,3.5,150.0,153.5
2026-01-28 17:00:00,2.8,43.3,46.1
2026-01-28 18:00:00,3.1,78.3,81.4
2026-01-28 19:00:00,3.0,33.3,36.3
2026-01-28 20:00:00,3.4,150.0,153.4
2026-01-28 21:00:00,2.9,0.0,2.9
2026-01-28 22:00:00,0.0,116.7,116.7
2026-01-28 23:00:00,0.0,150.0,150.0
2026-01-29 00:00:00,0.0,110.0,110.0
2026-01-29 01:00:00,0.0,0.0,0.0
2026-01-29 02:00:00,0.0,150.0,150.0
2026-01-29 03:00:00,0.0,150.0,150.0
2026-01-29 04:00:00,0.0,46.7,46.7
2026-01-29 05:00:00,2.8,150.0,152.8
2026-01-29 06:00:00,3.9,150.0,153.9
2026-01-29 07:00:00,2.0,16.7,18.7
2026-01-29 08:00:00,2.9,150.0,152.9
2026-01-29 09:00:00,3.9,111.7,115.6
2026-01-29 10:00:00,2.7,150.0,152.7
2026-01-29 11:00:00,3.6,136.7,140.3
2026-01-29 12:00:00,3.1,150.0,153.1
2026-01-29 13:00:00,3.1,150.0,153.1
2026-01-29 14:00:00,3.1,111.7,114.8
2026-01-29 15:00:00,3.9,103.3,107.2
2026-01-29 16:00:00,2.5,0.0,2.5
2026-01-29 17:00:00,3.3,73.3,76.6
2026-01-29 18:00:00,3.4,138.3,141.7
2026-01-29 19:00:00,3.5,150.0,153.5
2026-01-29 20:00:00,3.2,150.0,153.2
2026-01-29 21:00:00,2.5,150.0,152.5
2026-01-29 22:00:00,0.0,91.7,91.7
2026-01-29 23:00:00,0.0,148.3,148.3
2026-01-30 00:00:00,0.0,150.0,150.0
2026-01-30 01:00:00,0.0,150.0,150.0
2026-01-30 02:00:00,0.0,150.0,150.0
2026-01-30 03:00:00,0.0,150.0,150.0
2026-01-30 04:00:00,0.0,150.0,150.0
2026-01-30 05:00:00,2.7,150.0,152.7
2026-01-30 06:00:00,2.9,150.0,152.9
2026-01-30 07:00:00,2.9,96.7,99.6
2026-01-30 08:00:00,2.8,81.7,84.5
2026-01-30 09:00:00,3.1,150.0,153.1
2026-01-30 10:00:00,3.5,150.0,153.5
2026-01-30 11:00:00,3.1,150.0,153.1
2026-01-30 12:00:00,2.9,121.7,124.6
2026-01-30 13:00:00,3.0,93.3,96.3
2026-01-30 14:00:00,3.0,150.0,153.0
2026-01-30 15:00:00,3.4,138.3,141.7
2026-01-30 16:00:00,3.4,150.0,153.4
2026-01-30 17:00:00,3.7,150.0,153.7
2026-01-30 18:00:00,2.1,123.3,125.4
2026-01-30 19:00:00,2.3,36.7,39.0
2026-01-30 20:00:00,2.8,150.0,152.8
2026-01-30 21:00:00,3.9,150.0,153.9
2026-01-30 22:00:00,0.0,150.0,150.0
2026-01-30 23:00:00,0.0,115.0,115.0
2026-01-31 00:00:00,0.0,100.0,100.0
2026-01-31 01:00:00,0.0,121.7,121.7
2026-01-31 02:00:00,0.0,101.7,101.7
2026-01-31 03:00:00,0.0,150.0,150.0
2026-01-31 04:00:00,0.0,150.0,150.0
2026-01-31 05:00:00,3.4,0.0,3.4
2026-01-31 06:00:00,3.5,108.3,111.8
2026-01-31 07:00:00,3.8,25.0,28.8
2026-01-31 08:00:00,3.2,63.3,66.5
2026-01-31 09:00:00,2.6,143.3,145.9
2026-01-31 10:00:00,2.7,150.0,152.7
2026-01-31 11:00:00,3.0,150.0,153.0
2026-01-31 12:00:00,3.3,150.0,153.3
2026-01-31 13:00:00,3.4,150.0,153.4
2026-01-31 14:00:00,2.3,56.7,59.0
2026-01-31 15:00:00,3.9,150.0,153.9
2026-01-31 16:00:00,2.8,140.0,142.8
2026-01-31 17:00:00,2.8,150.0,152.8
2026-01-31 18:00:00,2.9,150.0,152.9
2026-01-31 19:00:00,3.6,150.0,153.6
2026-01-31 20:00:00,2.0,150.0,152.0
2026-01-31 21:00:00,3.5,150.0,153.5
2026-01-31 22:00:00,0.0,111.7,111.7
2026-01-31 23:00:00,0.0,150.0,150.0
2026-02-01 00:00:00,0.0,150.0,150.0
2026-02-01 01:00:00,0.0,150.0,150.0
2026-02-01 02:00:00,0.0,150.0,150.0
2026-02-01 03:00:00,0.0,150.0,150.0
2026-02-01 04:00:00,0.0,150.0,150.0
2026-02-01 05:00:00,3.4,96.7,100.1
2026-02-01 06:00:00,2.5,83.3,85.8
2026-02-01 07:00:00,3.0,148.3,151.3
2026-02-01 08:00:00,2.7,51.7,54.4
2026-02-01 09:00:00,2.9,116.7,119.6
2026-02-01 10:00:00,2.9,150.0,152.9
2026-02-01 11:00:00,4.2,0.0,4.2
2026-02-01 12:00:00,3.9,60.0,63.9
2026-02-01 13:00:00,2.1,110.0,112.1
2026-02-01 14:00:00,3.8,150.0,153.8
2026-02-01 15:00:00,2.0,150.0,152.0
2026-02-01 16:00:00,1.6,150.0,151.6
2026-02-01 17:00:00,3.6,85.0,88.6
2026-02-01 18:00:00,2.7,93.3,96.0
2026-02-01 19:00:00,1.8,98.3,100.1
2026-02-01 20:00:00,3.4,31.7,35.1
2026-02-01 21:00:00,2.6,0.0,2.6
2026-02-01 22:00:00,0.0,85.0,85.0
2026-02-01 23:00:00,0.0,120.0,120.0
2026-02-02 00:00:00,0.0,150.0,150.0
2026-02-02 01:00:00,0.0,150.0,150.0
2026-02-02 02:00:00,0.0,96.7,96.7
2026-02-02 03:00:00,0.0,150.0,150.0
2026-02-02 04:00:00,0.0,80.0,80.0
2026-02-02 05:00:00,3.8,91.7,95.5
2026-02-02 06:00:00,2.5,150.0,152.5
2026-02-02 07:00:00,3.5,126.7,130.2
2026-02-02 08:00:00,4.0,123.3,127.3
2026-02-02 09:00:00,2.6,40.0,42.6
2026-02-02 10:00:00,3.5,150.0,153.5
2026-02-02 11:00:00,2.3,150.0,152.3
2026-02-02 12:00:00,3.5,150.0,153.5
2026-02-02 13:00:00,3.3,150.0,153.3
2026-02-02 14:00:00,2.9,65.0,67.9
2026-02-02 15:00:00,2.7,150.0,152.7
2026-02-02 16:00:00,2.9,48.3,51.2
2026-02-02 17:00:00,2.2,150.0,152.2
2026-02-02 18:00:00,2.1,150.0,152.1
2026-02-02 19:00:00,4.4,150.0,154.4
2026-02-02 20:00:00,3.5,150.0,153.5
2026-02-02 21:00:00,4.6,150.0,154.6
2026-02-02 22:00:00,0.0,88.3,88.3
2026-02-02 23:00:00,0.0,58.3,58.3
2026-02-03 00:00:00,0.0,55.0,55.0
2026-02-03 01:00:00,0.0,46.7,46.7
2026-02-03 02:00:00,0.0,150.0,150.0
2026-02-03 03:00:00,0.0,150.0,150.0
2026-02-03 04:00:00,0.0,148.3,148.3
2026-02-03 05:00:00,3.3,150.0,153.3
2026-02-03 06:00:00,2.9,150.0,152.9
2026-02-03 07:00:00,3.7,150.0,153.7
2026-02-03 08:00:00,3.1,150.0,153.1
2026-02-03 09:00:00,1.9,150.0,151.9
2026-02-03 10:00:00,3.0,150.0,153.0
2026-02-03 11:00:00,4.0,146.7,150.7
2026-02-03 12:00:00,3.7,150.0,153.7
2026-02-03 13:00:00,2.0,85.0,87.0
2026-02-03 14:00:00,1.9,150.0,151.9
2026-02-03 15:00:00,3.2,150.0,153.2
2026-02-03 16:00:00,2.2,150.0,152.2
2026-02-03 17:00:00,3.0,150.0,153.0
2026-02-03 18:00:00,2.4,138.3,140.7
2026-02-03 19:00:00,3.6,150.0,153.6
2026-02-03 20:00:00,2.6,105.0,107.6
2026-02-03 21:00:00,2.7,133.3,136.0
2026-02-03 22:00:00,0.0,150.0,150.0
2026-02-03 23:00:00,0.0,150.0,150.0
2026-02-04 00:00:00,0.0,150.0,150.0
2026-02-04 01:00:00,0.0,150.0,150.0
2026-02-04 02:00:00,0.0,150.0,150.0
2026-02-04 03:00:00,0.0,150.0,150.0
2026-02-04 04:00:00,0.0,125.0,125.0
2026-02-04 05:00:00,2.6,118.3,120.9
2026-02-04 06:00:00,1.6,150.0,151.6
2026-02-04 07:00:00,2.2,98.3,100.5
2026-02-04 08:00:00,3.4,141.7,145.1
2026-02-04 09:00:00,3.5,150.0,153.5
2026-02-04 10:00:00,3.8,150.0,153.8
2026-02-04 11:00:00,2.2,0.0,2.2
2026-02-04 12:00:00,2.9,150.0,152.9
2026-02-04 13:00:00,3.2,150.0,153.2
2026-02-04 14:00:00,2.8,0.0,2.8
2026-02-04 15:00:00,2.8,106.7,109.5
2026-02-04 16:00:00,2.6,150.0,152.6
2026-02-04 17:00:00,2.3,0.0,2.3
2026-02-04 18:00:00,2.6,78.3,80.9
2026-02-04 19:00:00,1.7,150.0,151.7
2026-02-04 20:00:00,2.3,150.0,152.3
2026-02-04 21:00:00,2.8,91.7,94.5
2026-02-04 22:00:00,0.0,150.0,150.0
2026-02-04 23:00:00,0.0,150.0,150.0
2026-02-05 00:00:00,0.0,150.0,150.0
2026-02-05 01:00:00,0.0,150.0,150.0
2026-02-05 02:00:00,0.0,150.0,150.0
2026-02-05 03:00:00,0.0,70.0,70.0
2026-02-05 04:00:00,0.0,150.0,150.0
2026-02-05 05:00:00,4.0,150.0,154.0
2026-02-05 06:00:00,3.3,0.0,3.3
2026-02-05 07:00:00,3.4,103.3,106.7
2026-02-05 08:00:00,2.9,125.0,127.9
2026-02-05 09:00:00,3.3,150.0,153.3
2026-02-05 10:00:00,3.6,150.0,153.6
2026-02-05 11:00:00,1.9,38.3,40.2
2026-02-05 12:00:00,3.2,100.0,103.2
2026-02-05 13:00:00,3.4,75.0,78.4
2026-02-05 14:00:00,2.9,150.0,152.9
2026-02-05 15:00:00,3.8,115.0,118.8
2026-02-05 16:00:00,3.6,146.7,150.3
2026-02-05 17:00:00,3.8,75.0,78.8
2026-02-05 18:00:00,3.6,150.0,153.6
2026-02-05 19:00:00,4.2,60.0,64.2
2026-02-05 20:00:00,2.0,128.3,130.3
2026-02-05 21:00:00,4.1,150.0,154.1
2026-02-05 22:00:00,0.0,115.0,115.0
2026-02-05 23:00:00,0.0,143.3,143.3
2026-02-06 00:00:00,0.0,150.0,150.0
2026-02-06 01:00:00,0.0,0.0,0.0
2026-02-06 02:00:00,0.0,75.0,75.0
2026-02-06 03:00:00,0.0,65.0,65.0
2026-02-06 04:00:00,0.0,88.3,88.3
2026-02-06 05:00:00,3.9,0.0,3.9
2026-02-06 06:00:00,2.1,40.0,42.1
2026-02-06 07:00:00,4.3,150.0,154.3
2026-02-06 08:00:00,3.2,140.0,143.2
2026-02-06 09:00:00,1.7,150.0,151.7
2026-02-06 10:00:00,2.5,150.0,152.5
2026-02-06 11:00:00,2.0,150.0,152.0
2026-02-06 12:00:00,2.5,108.3,110.8
2026-02-06 13:00:00,3.6,135.0,138.6
2026-02-06 14:00:00,3.7,150.0,153.7
2026-02-06 15:00:00,3.1,150.0,153.1
2026-02-06 16:00:00,4.4,150.0,154.4
2026-02-06 17:00:00,2.5,53.3,55.8
2026-02-06 18:00:00,3.3,71.7,75.0
2026-02-06 19:00:00,3.5,98.3,101.8
2026-02-06 20:00:00,3.4,130.0,133.4
2026-02-06 21:00:00,1.8,75.0,76.8
2026-02-06 22:00:00,0.0,150.0,150.0
2026-02-06 23:00:00,0.0,150.0,150.0
2026-02-07 00:00:00,0.0,81.7,81.7
2026-02-07 01:00:00,0.0,150.0,150.0
2026-02-07 02:00:00,0.0,86.7,86.7
2026-02-07 03:00:00,0.0,11.7,11.7
2026-02-07 04:00:00,0.0,43.3,43.3
2026-02-07 05:00:00,1.4,150.0,151.4
2026-02-07 06:00:00,4.5,150.0,154.5
2026-02-07 07:00:00,4.0,150.0,154.0
2026-02-07 08:00:00,4.1,150.0,154.1
2026-02-07 09:00:00,3.3,100.0,103.3
2026-02-07 10:00:00,2.7,80.0,82.7
2026-02-07 11:00:00,2.1,131.7,133.8
2026-02-07 12:00:00,4.5,150.0,154.5
2026-02-07 13:00:00,3.3,123.3,126.6
2026-02-07 14:00:00,1.6,125.0,126.6
2026-02-07 15:00:00,2.4,120.0,122.4
2026-02-07 16:00:00,3.2,121.7,124.9
2026-02-07 17:00:00,1.8,150.0,151.8
2026-02-07 18:00:00,3.2,150.0,153.2
2026-02-07 19:00:00,3.1,150.0,153.1
2026-02-07 20:00:00,2.6,46.7,49.3
2026-02-07 21:00:00,2.3,150.0,152.3
2026-02-07 22:00:00,0.0,1.7,1.7
2026-02-07 23:00:00,0.0,31.7,31.7
2026-02-08 00:00:00,0.0,150.0,150.0
2026-02-08 01:00:00,0.0,55.0,55.0
2026-02-08 02:00:00,0.0,150.0,150.0
2026-02-08 03:00:00,0.0,150.0,150.0
2026-02-08 04:00:00,0.0,0.0,0.0
2026-02-08 05:00:00,3.4,150.0,153.4
2026-02-08 06:00:00,1.3,150.0,151.3
2026-02-08 07:00:00,3.1,150.0,153.1
2026-02-08 08:00:00,3.8,10.0,13.8
2026-02-08 09:00:00,2.7,150.0,152.7
2026-02-08 10:00:00,3.8,150.0,153.8
2026-02-08 11:00:00,2.9,85.0,87.9
2026-02-08 12:00:00,2.8,146.7,149.5
2026-02-08 13:00:00,3.5,150.0,153.5
2026-02-08 14:00:00,3.2,76.7,79.9
2026-02-08 15:00:00,2.3,106.7,109.0
2026-02-08 16:00:00,2.0,21.7,23.7
2026-02-08 17:00:00,2.4,106.7,109.1
2026-02-08 18:00:00,1.3,150.0,151.3
2026-02-08 19:00:00,3.7,150.0,153.7
2026-02-08 20:00:00,4.3,150.0,154.3
2026-02-08 21:00:00,3.1,0.0,3.1
2026-02-08 22:00:00,0.0,121.7,121.7
2026-02-08 23:00:00,0.0,150.0,150.0
2026-02-09 00:00:00,0.0,150.0,150.0
2026-02-09 01:00:00,0.0,150.0,150.0
2026-02-09 02:00:00,0.0,150.0,150.0
2026-02-09 03:00:00,0.0,150.0,150.0
2026-02-09 04:00:00,0.0,18.3,18.3
2026-02-09 05:00:00,3.4,150.0,153.4
2026-02-09 06:00:00,3.7,150.0,153.7
2026-02-09 07:00:00,3.3,6.7,10.0
2026-02-09 08:00:00,4.0,150.0,154.0
2026-02-09 09:00:00,2.5,150.0,152.5
2026-02-09 10:00:00,3.7,63.3,67.0
2026-02-09 11:00:00,3.1,83.3,86.4
2026-02-09 12:00:00,2.1,113.3,115.4
2026-02-09 13:00:00,1.9,66.7,68.6
2026-02-09 14:00:00,2.7,150.0,152.7
2026-02-09 15:00:00,2.6,150.0,152.6
2026-02-09 16:00:00,2.9,150.0,152.9
2026-02-09 17:00:00,3.0,150.0,153.0
2026-02-09 18:00:00,3.5,0.0,3.5
2026-02-09 19:00:00,5.0,150.0,155.0
2026-02-09 20:00:00,3.2,103.3,106.5
2026-02-09 21:00:00,2.6,21.7,24.3
2026-02-09 22:00:00,0.0,148.3,148.3
2026-02-09 23:00:00,0.0,150.0,150.0
2026-02-10 00:00:00,0.0,101.7,101.7
2026-02-10 01:00:00,0.0,120.0,120.0
2026-02-10 02:00:00,0.0,46.7,46.7
2026-02-10 03:00:00,0.0,143.3,143.3
2026-02-10 04:00:00,0.0,150.0,150.0
2026-02-10 05:00:00,4.3,100.0,104.3
2026-02-10 06:00:00,3.5,150.0,153.5
2026-02-10 07:00:00,2.0,150.0,152.0
2026-02-10 08:00:00,3.7,61.7,65.4
2026-02-10 09:00:00,3.1,150.0,153.1
2026-02-10 10:00:00,2.0,150.0,152.0
2026-02-10 11:00:00,3.5,63.3,66.8
2026-02-10 12:00:00,2.0,83.3,85.3
2026-02-10 13:00:00,3.1,150.0,153.1
2026-02-10 14:00:00,4.0,150.0,154.0
2026-02-10 15:00:00,3.4,150.0,153.4
2026-02-10 16:00:00,2.4,121.7,124.1
2026-02-10 17:00:00,2.7,75.0,77.7
2026-02-10 18:00:00,3.1,116.7,119.8
2026-02-10 19:00:00,3.6,150.0,153.6
2026-02-10 20:00:00,2.0,70.0,72.0
2026-02-10 21:00:00,2.1,1.7,3.8
2026-02-10 22:00:00,0.0,150.0,150.0
2026-02-10 23:00:00,0.0,150.0,150.0
2026-02-11 00:00:00,0.0,150.0,150.0
2026-02-11 01:00:00,0.0,95.0,95.0
2026-02-11 02:00:00,0.0,121.7,121.7
2026-02-11 03:00:00,0.0,150.0,150.0
2026-02-11 04:00:00,0.0,110.0,110.0
2026-02-11 05:00:00,3.1,15.0,18.1
2026-02-11 06:00:00,2.9,150.0,152.9
2026-02-11 07:00:00,3.3,55.0,58.3
2026-02-11 08:00:00,2.8,95.0,97.8
2026-02-11 09:00:00,4.0,150.0,154.0
2026-02-11 10:00:00,1.7,131.7,133.4
2026-02-11 11:00:00,3.4,150.0,153.4
2026-02-11 12:00:00,3.5,50.0,53.5
2026-02-11 13:00:00,3.8,76.7,80.5
2026-02-11 14:00:00,2.6,150.0,152.6
2026-02-11 15:00:00,4.0,150.0,154.0
2026-02-11 16:00:00,4.3,150.0,154.3
2026-02-11 17:00:00,3.4,133.3,136.7
2026-02-11 18:00:00,3.0,150.0,153.0
2026-02-11 19:00:00,3.2,111.7,114.9
2026-02-11 20:00:00,3.0,150.0,153.0
2026-02-11 21:00:00,2.8,150.0,152.8
2026-02-11 22:00:00,0.0,150.0,150.0
2026-02-11 23:00:00,0.0,133.3,133.3
2026-02-12 00:00:00,0.0,95.0,95.0
2026-02-12 01:00:00,0.0,150.0,150.0
2026-02-12 02:00:00,0.0,150.0,150.0
2026-02-12 03:00:00,0.0,150.0,150.0
2026-02-12 04:00:00,0.0,150.0,150.0
2026-02-12 05:00:00,3.1,100.0,103.1
2026-02-12 06:00:00,2.3,70.0,72.3
2026-02-12 07:00:00,2.9,150.0,152.9
2026-02-12 08:00:00,4.6,0.0,4.6
2026-02-12 09:00:00,1.4,150.0,151.4
2026-02-12 10:00:00,3.5,150.0,153.5
2026-02-12 11:00:00,2.2,101.7,103.9
2026-02-12 12:00:00,3.1,56.7,59.8
2026-02-12 13:00:00,3.1,121.7,124.8
2026-02-12 14:00:00,2.9,150.0,152.9
2026-02-12 15:00:00,3.5,150.0,153.5
2026-02-12 16:00:00,3.3,150.0,153.3
2026-02-12 17:00:00,3.6,0.0,3.6
2026-02-12 18:00:00,3.7,150.0,153.7
2026-02-12 19:00:00,2.1,150.0,152.1
2026-02-12 20:00:00,2.8,150.0,152.8
2026-02-12 21:00:00,3.2,106.7,109.9
2026-02-12 22:00:00,0.0,123.3,123.3
2026-02-12 23:00:00,0.0,150.0,150.0
2026-02-13 00:00:00,0.0,150.0,150.0
2026-02-13 01:00:00,0.0,6.7,6.7
2026-02-13 02:00:00,0.0,75.0,75.0
2026-02-13 03:00:00,0.0,105.0,105.0
2026-02-13 04:00:00,0.0,150.0,150.0
2026-02-13 05:00:00,3.4,48.3,51.7
2026-02-13 06:00:00,2.7,103.3,106.0
2026-02-13 07:00:00,3.4,38.3,41.7
2026-02-13 08:00:00,3.0,71.7,74.7
2026-02-13 09:00:00,3.7,148.3,152.0
2026-02-13 10:00:00,2.6,150.0,152.6
2026-02-13 11:00:00,2.4,150.0,152.4
2026-02-13 12:00:00,3.6,150.0,153.6
2026-02-13 13:00:00,2.7,150.0,152.7
2026-02-13 14:00:00,2.1,120.0,122.1
2026-02-13 15:00:00,2.5,116.7,119.2
2026-02-13 16:00:00,3.2,25.0,28.2
2026-02-13 17:00:00,3.2,131.7,134.9
2026-02-13 18:00:00,3.0,111.7,114.7
2026-02-13 19:00:00,3.1,150.0,153.1
2026-02-13 20:00:00,2.3,150.0,152.3
2026-02-13 21:00:00,2.2,150.0,152.2
2026-02-13 22:00:00,0.0,33.3,33.3
2026-02-13 23:00:00,0.0,101.7,101.7
2026-02-14 00:00:00,0.0,121.7,121.7
2026-02-14 01:00:00,0.0,150.0,150.0
2026-02-14 02:00:00,0.0,150.0,150.0
2026-02-14 03:00:00,0.0,150.0,150.0
2026-02-14 04:00:00,0.0,46.7,46.7
2026-02-14 05:00:00,2.8,150.0,152.8
2026-02-14 06:00:00,2.9,83.3,86.2
2026-02-14 07:00:00,2.6,0.0,2.6
2026-02-14 08:00:00,2.9,136.7,139.6
2026-02-14 09:00:00,2.6,125.0,127.6
2026-02-14 10:00:00,2.1,150.0,152.1
2026-02-14 11:00:00,2.4,0.0,2.4
2026-02-14 12:00:00,2.2,150.0,152.2
2026-02-14 13:00:00,3.0,150.0,153.0
2026-02-14 14:00:00,2.5,80.0,82.5
2026-02-14 15:00:00,2.0,83.3,85.3
2026-02-14 16:00:00,3.0,150.0,153.0
2026-02-14 17:00:00,2.4,101.7,104.1
2026-02-14 18:00:00,2.8,150.0,152.8
2026-02-14 19:00:00,3.3,90.0,93.3
2026-02-14 20:00:00,3.6,150.0,153.6
2026-02-14 21:00:00,1.5,108.3,109.8
2026-02-14 22:00:00,0.0,46.7,46.7
2026-02-14 23:00:00,0.0,113.3,113.3
2026-02-15 00:00:00,0.0,150.0,150.0
2026-02-15 01:00:00,0.0,150.0,150.0
2026-02-15 02:00:00,0.0,131.7,131.7
2026-02-15 03:00:00,0.0,150.0,150.0
2026-02-15 04:00:00,0.0,150.0,150.0
2026-02-15 05:00:00,3.3,11.7,15.0
2026-02-15 06:00:00,3.4,108.3,111.7
2026-02-15 07:00:00,2.9,83.3,86.2
2026-02-15 08:00:00,3.6,150.0,153.6
2026-02-15 09:00:00,3.5,100.0,103.5
2026-02-15 10:00:00,3.4,118.3,121.7
2026-02-15 11:00:00,2.7,125.0,127.7
2026-02-15 12:00:00,2.7,150.0,152.7
2026-02-15 13:00:00,3.7,33.3,37.0
2026-02-15 14:00:00,2.3,0.0,2.3
2026-02-15 15:00:00,2.7,91.7,94.4
2026-02-15 16:00:00,2.4,106.7,109.1
2026-02-15 17:00:00,3.0,150.0,153.0
2026-02-15 18:00:00,2.7,106.7,109.4
2026-02-15 19:00:00,2.8,88.3,91.1
2026-02-15 20:00:00,3.1,105.0,108.1
2026-02-15 21:00:00,1.7,150.0,151.7
2026-02-15 22:00:00,0.0,150.0,150.0
2026-02-15 23:00:00,0.0,138.3,138.3
2026-02-16 00:00:00,0.0,150.0,150.0
2026-02-16 01:00:00,0.0,150.0,150.0
2026-02-16 02:00:00,0.0,150.0,150.0
2026-02-16 03:00:00,0.0,150.0,150.0
2026-02-16 04:00:00,0.0,115.0,115.0
2026-02-16 05:00:00,2.8,150.0,152.8
2026-02-16 06:00:00,2.0,98.3,100.3
2026-02-16 07:00:00,3.4,0.0,3.4
2026-02-16 08:00:00,2.6,150.0,152.6
2026-02-16 09:00:00,2.8,103.3,106.1
2026-02-16 10:00:00,1.7,150.0,151.7
2026-02-16 11:00:00,2.0,150.0,152.0
2026-02-16 12:00:00,3.4,150.0,153.4
2026-02-16 13:00:00,3.4,150.0,153.4
2026-02-16 14:00:00,3.3,150.0,153.3
2026-02-16 15:00:00,4.7,150.0,154.7
2026-02-16 16:00:00,2.2,150.0,152.2
2026-02-16 17:00:00,2.8,150.0,152.8
2026-02-16 18:00:00,1.5,150.0,151.5
2026-02-16 19:00:00,2.5,71.7,74.2
2026-02-16 20:00:00,3.2,108.3,111.5
2026-02-16 21:00:00,2.0,150.0,152.0
2026-02-16 22:00:00,0.0,150.0,150.0
2026-02-16 23:00:00,0.0,126.7,126.7
2026-02-17 00:00:00,0.0,150.0,150.0
2026-02-17 01:00:00,0.0,150.0,150.0
2026-02-17 02:00:00,0.0,0.0,0.0
2026-02-17 03:00:00,0.0,150.0,150.0
2026-02-17 04:00:00,0.0,150.0,150.0
2026-02-17 05:00:00,3.2,110.0,113.2
2026-02-17 06:00:00,3.1,0.0,3.1
2026-02-17 07:00:00,2.1,150.0,152.1
2026-02-17 08:00:00,3.6,150.0,153.6
2026-02-17 09:00:00,3.3,96.7,100.0
2026-02-17 10:00:00,3.3,121.7,125.0
2026-02-17 11:00:00,3.0,113.3,116.3
2026-02-17 12:00:00,2.5,128.3,130.8
2026-02-17 13:00:00,2.8,150.0,152.8
2026-02-17 14:00:00,3.8,70.0,73.8
2026-02-17 15:00:00,2.6,150.0,152.6
2026-02-17 16:00:00,1.8,150.0,151.8
2026-02-17 17:00:00,3.1,111.7,114.8
2026-02-17 18:00:00,3.4,150.0,153.4
2026-02-17 19:00:00,3.6,138.3,141.9
2026-02-17 20:00:00,4.5,118.3,122.8
2026-02-17 21:00:00,1.8,150.0,151.8
2026-02-17 22:00:00,0.0,123.3,123.3
2026-02-17 23:00:00,0.0,150.0,150.0
2026-02-18 00:00:00,0.0,150.0,150.0
2026-02-18 01:00:00,0.0,13.3,13.3
2026-02-18 02:00:00,0.0,150.0,150.0
2026-02-18 03:00:00,0.0,51.7,51.7
2026-02-18 04:00:00,0.0,128.3,128.3
2026-02-18 05:00:00,2.0,36.7,38.7
2026-02-18 06:00:00,4.3,150.0,154.3
2026-02-18 07:00:00,1.6,31.7,33.3
2026-02-18 08:00:00,2.5,0.0,2.5
2026-02-18 09:00:00,3.1,150.0,153.1
2026-02-18 10:00:00,1.6,80.0,81.6
2026-02-18 11:00:00,2.3,150.0,152.3
2026-02-18 12:00:00,3.4,150.0,153.4
2026-02-18 13:00:00,3.3,150.0,153.3
2026-02-18 14:00:00,3.9,150.0,153.9
2026-02-18 15:00:00,3.3,106.7,110.0
2026-02-18 16:00:00,3.0,150.0,153.0
2026-02-18 17:00:00,2.6,150.0,152.6
2026-02-18 18:00:00,2.4,150.0,152.4
2026-02-18 19:00:00,1.5,121.7,123.2
2026-02-18 20:00:00,3.0,150.0,153.0
2026-02-18 21:00:00,2.8,116.7,119.5
2026-02-18 22:00:00,0.0,121.7,121.7
2026-02-18 23:00:00,0.0,150.0,150.0
2026-02-19 00:00:00,0.0,123.3,123.3
2026-02-19 01:00:00,0.0,150.0,150.0
2026-02-19 02:00:00,0.0,150.0,150.0
2026-02-19 03:00:00,0.0,150.0,150.0
2026-02-19 04:00:00,0.0,150.0,150.0
2026-02-19 05:00:00,2.6,150.0,152.6
2026-02-19 06:00:00,3.0,150.0,153.0
2026-02-19 07:00:00,3.4,150.0,153.4
2026-02-19 08:00:00,1.4,110.0,111.4
2026-02-19 09:00:00,4.2,150.0,154.2
2026-02-19 10:00:00,3.3,123.3,126.6
2026-02-19 11:00:00,1.3,150.0,151.3
2026-02-19 12:00:00,2.0,125.0,127.0
2026-02-19 13:00:00,3.8,150.0,153.8
2026-02-19 14:00:00,3.1,8.3,11.4
2026-02-19 15:00:00,3.0,150.0,153.0
2026-02-19 16:00:00,3.1,150.0,153.1
2026-02-19 17:00:00,3.4,150.0,153.4
2026-02-19 18:00:00,3.2,25.0,28.2
2026-02-19 19:00:00,3.7,150.0,153.7
2026-02-19 20:00:00,3.5,105.0,108.5
2026-02-19 21:00:00,3.4,113.3,116.7
2026-02-19 22:00:00,0.0,150.0,150.0
2026-02-19 23:00:00,0.0,150.0,150.0
2026-02-20 00:00:00,0.0,66.7,66.7
2026-02-20 01:00:00,0.0,146.7,146.7
2026-02-20 02:00:00,0.0,5.0,5.0
2026-02-20 03:00:00,0.0,100.0,100.0
2026-02-20 04:00:00,0.0,0.0,0.0
2026-02-20 05:00:00,3.9,150.0,153.9
2026-02-20 06:00:00,3.2,0.0,3.2
2026-02-20 07:00:00,2.0,150.0,152.0
2026-02-20 08:00:00,2.6,118.3,120.9
2026-02-20 09:00:00,2.9,150.0,152.9
2026-02-20 10:00:00,2.7,76.7,79.4
2026-02-20 11:00:00,1.7,150.0,151.7
2026-02-20 12:00:00,2.1,145.0,147.1
2026-02-20 13:00:00,2.4,130.0,132.4
2026-02-20 14:00:00,1.8,51.7,53.5
2026-02-20 15:00:00,3.6,150.0,153.6
2026-02-20 16:00:00,2.8,90.0,92.8
2026-02-20 17:00:00,3.1,71.7,74.8
2026-02-20 18:00:00,4.1,150.0,154.1
2026-02-20 19:00:00,3.4,150.0,153.4
2026-02-20 20:00:00,1.6,143.3,144.9
2026-02-20 21:00:00,1.9,50.0,51.9
2026-02-20 22:00:00,0.0,108.3,108.3
2026-02-20 23:00:00,0.0,150.0,150.0
2026-02-21 00:00:00,0.0,0.0,0.0
2026-02-21 01:00:00,0.0,0.0,0.0
2026-02-21 02:00:00,0.0,103.3,103.3
2026-02-21 03:00:00,0.0,150.0,150.0
2026-02-21 04:00:00,0.0,148.3,148.3
2026-02-21 05:00:00,3.3,123.3,126.6
2026-02-21 06:00:00,4.0,150.0,154.0
2026-02-21 07:00:00,2.4,143.3,145.7
2026-02-21 08:00:00,3.7,40.0,43.7
2026-02-21 09:00:00,3.3,110.0,113.3
2026-02-21 10:00:00,3.4,93.3,96.7
2026-02-21 11:00:00,3.5,78.3,81.8
2026-02-21 12:00:00,1.6,150.0,151.6
2026-02-21 13:00:00,2.3,150.0,152.3
2026-02-21 14:00:00,3.0,150.0,153.0
2026-02-21 15:00:00,1.8,150.0,151.8
2026-02-21 16:00:00,4.3,138.3,142.6
2026-02-21 17:00:00,3.4,138.3,141.7
2026-02-21 18:00:00,2.2,150.0,152.2
2026-02-21 19:00:00,3.2,150.0,153.2
2026-02-21 20:00:00,2.5,51.7,54.2
2026-02-21 21:00:00,2.3,138.3,140.6
2026-02-21 22:00:00,0.0,113.3,113.3
2026-02-21 23:00:00,0.0,150.0,150.0
2026-02-22 00:00:00,0.0,150.0,150.0
2026-02-22 01:00:00,0.0,103.3,103.3
2026-02-22 02:00:00,0.0,150.0,150.0
2026-02-22 03:00:00,0.0,150.0,150.0
2026-02-22 04:00:00,0.0,150.0,150.0
2026-02-22 05:00:00,3.1,150.0,153.1
2026-02-22 06:00:00,2.6,38.3,40.9
2026-02-22 07:00:00,3.5,68.3,71.8
2026-02-22 08:00:00,2.3,150.0,152.3
2026-02-22 09:00:00,3.5,150.0,153.5
2026-02-22 10:00:00,3.5,150.0,153.5
2026-02-22 11:00:00,2.7,86.7,89.4
2026-02-22 12:00:00,3.8,150.0,153.8
2026-02-22 13:00:00,2.9,150.0,152.9
2026-02-22 14:00:00,2.4,150.0,152.4
2026-02-22 15:00:00,1.4,0.0,1.4
2026-02-22 16:00:00,3.4,150.0,153.4
2026-02-22 17:00:00,4.1,150.0,154.1
2026-02-22 18:00:00,2.0,150.0,152.0
2026-02-22 19:00:00,2.8,150.0,152.8
2026-02-22 20:00:00,2.6,106.7,109.3
2026-02-22 21:00:00,2.6,56.7,59.3
2026-02-22 22:00:00,0.0,108.3,108.3
2026-02-22 23:00:00,0.0,68.3,68.3
2026-02-23 00:00:00,0.0,150.0,150.0
2026-02-23 01:00:00,0.0,150.0,150.0
2026-02-23 02:00:00,0.0,125.0,125.0
2026-02-23 03:00:00,0.0,80.0,80.0
2026-02-23 04:00:00,0.0,110.0,110.0
2026-02-23 05:00:00,2.1,150.0,152.1
2026-02-23 06:00:00,2.5,0.0,2.5
2026-02-23 07:00:00,1.1,150.0,151.1
2026-02-23 08:00:00,2.3,26.7,29.0
2026-02-23 09:00:00,3.1,150.0,153.1
2026-02-23 10:00:00,4.5,141.7,146.2
2026-02-23 11:00:00,3.7,75.0,78.7
2026-02-23 12:00:00,2.3,150.0,152.3
2026-02-23 13:00:00,2.4,150.0,152.4
2026-02-23 14:00:00,2.5,150.0,152.5
2026-02-23 15:00:00,3.9,98.3,102.2
2026-02-23 16:00:00,3.1,123.3,126.4
2026-02-23 17:00:00,3.7,150.0,153.7
2026-02-23 18:00:00,2.8,150.0,152.8
2026-02-23 19:00:00,4.1,150.0,154.1
2026-02-23 20:00:00,1.9,150.0,151.9
2026-02-23 21:00:00,2.7,150.0,152.7
2026-02-23 22:00:00,0.0,136.7,136.7
2026-02-23 23:00:00,0.0,150.0,150.0
2026-02-24 00:00:00,0.0,0.0,0.0
2026-02-24 01:00:00,0.0,138.3,138.3
2026-02-24 02:00:00,0.0,0.0,0.0
2026-02-24 03:00:00,0.0,150.0,150.0
2026-02-24 04:00:00,0.0,150.0,150.0
2026-02-24 05:00:00,2.4,0.0,2.4
2026-02-24 06:00:00,1.9,150.0,151.9
2026-02-24 07:00:00,3.7,150.0,153.7
2026-02-24 08:00:00,3.4,150.0,153.4
2026-02-24 09:00:00,4.2,150.0,154.2
2026-02-24 10:00:00,1.7,150.0,151.7
2026-02-24 11:00:00,4.8,116.7,121.5
2026-02-24 12:00:00,3.3,150.0,153.3
2026-02-24 13:00:00,3.3,91.7,95.0
2026-02-24 14:00:00,3.6,150.0,153.6
2026-02-24 15:00:00,1.4,81.7,83.1
2026-02-24 16:00:00,3.8,125.0,128.8
2026-02-24 17:00:00,2.8,33.3,36.1
2026-02-24 18:00:00,2.2,106.7,108.9
2026-02-24 19:00:00,2.9,140.0,142.9
2026-02-24 20:00:00,3.0,143.3,146.3
2026-02-24 21:00:00,3.5,150.0,153.5
2026-02-24 22:00:00,0.0,150.0,150.0
2026-02-24 23:00:00,0.0,43.3,43.3
2026-02-25 00:00:00,0.0,150.0,150.0
2026-02-25 01:00:00,0.0,150.0,150.0
2026-02-25 02:00:00,0.0,113.3,113.3
2026-02-25 03:00:00,0.0,150.0,150.0
2026-02-25 04:00:00,0.0,53.3,53.3
2026-02-25 05:00:00,3.7,60.0,63.7
2026-02-25 06:00:00,2.5,150.0,152.5
2026-02-25 07:00:00,3.7,150.0,153.7
2026-02-25 08:00:00,2.9,150.0,152.9
2026-02-25 09:00:00,2.7,120.0,122.7
2026-02-25 10:00:00,2.8,43.3,46.1
2026-02-25 11:00:00,2.2,146.7,148.9
2026-02-25 12:00:00,3.2,6.7,9.9
2026-02-25 13:00:00,2.4,111.7,114.1
2026-02-25 14:00:00,1.9,150.0,151.9
2026-02-25 15:00:00,1.9,150.0,151.9
2026-02-25 16:00:00,3.1,86.7,89.8
2026-02-25 17:00:00,4.0,150.0,154.0
2026-02-25 18:00:00,4.2,120.0,124.2
2026-02-25 19:00:00,3.8,101.7,105.5
2026-02-25 20:00:00,3.2,150.0,153.2
2026-02-25 21:00:00,3.3,150.0,153.3
2026-02-25 22:00:00,0.0,150.0,150.0
2026-02-25 23:00:00,0.0,150.0,150.0
2026-02-26 00:00:00,0.0,145.0,145.0
2026-02-26 01:00:00,0.0,43.3,43.3
2026-02-26 02:00:00,0.0,78.3,78.3
2026-02-26 03:00:00,0.0,96.7,96.7
2026-02-26 04:00:00,0.0,61.7,61.7
2026-02-26 05:00:00,2.3,120.0,122.3
2026-02-26 06:00:00,3.2,133.3,136.5
2026-02-26 07:00:00,3.4,150.0,153.4
2026-02-26 08:00:00,3.1,150.0,153.1
2026-02-26 09:00:00,2.2,150.0,152.2
2026-02-26 10:00:00,2.9,150.0,152.9
2026-02-26 11:00:00,1.9,143.3,145.2
2026-02-26 12:00:00,2.9,91.7,94.6
2026-02-26 13:00:00,2.7,150.0,152.7
2026-02-26 14:00:00,3.4,0.0,3.4
2026-02-26 15:00:00,2.3,66.7,69.0
2026-02-26 16:00:00,3.4,145.0,148.4
2026-02-26 17:00:00,2.7,150.0,152.7
2026-02-26 18:00:00,2.6,146.7,149.3
2026-02-26 19:00:00,3.2,150.0,153.2
2026-02-26 20:00:00,3.3,150.0,153.3
2026-02-26 21:00:00,3.1,150.0,153.1
2026-02-26 22:00:00,0.0,103.3,103.3
2026-02-26 23:00:00,0.0,150.0,150.0
2026-02-27 00:00:00,0.0,150.0,150.0
2026-02-27 01:00:00,0.0,150.0,150.0
2026-02-27 02:00:00,0.0,150.0,150.0
2026-02-27 03:00:00,0.0,140.0,140.0
2026-02-27 04:00:00,0.0,126.7,126.7
2026-02-27 05:00:00,3.7,150.0,153.7
2026-02-27 06:00:00,2.1,150.0,152.1
2026-02-27 07:00:00,3.9,150.0,153.9
2026-02-27 08:00:00,2.9,138.3,141.2
2026-02-27 09:00:00,2.7,150.0,152.7
2026-02-27 10:00:00,3.4,150.0,153.4
2026-02-27 11:00:00,3.3,150.0,153.3
2026-02-27 12:00:00,3.0,41.7,44.7
2026-02-27 13:00:00,3.2,150.0,153.2
2026-02-27 14:00:00,2.0,5.0,7.0
2026-02-27 15:00:00,3.3,100.0,103.3
2026-02-27 16:00:00,3.2,150.0,153.2
2026-02-27 17:00:00,3.0,0.0,3.0
2026-02-27 18:00:00,3.4,131.7,135.1
2026-02-27 19:00:00,2.9,150.0,152.9
2026-02-27 20:00:00,3.3,128.3,131.6
2026-02-27 21:00:00,4.6,21.7,26.3
2026-02-27 22:00:00,0.0,150.0,150.0
2026-02-27 23:00:00,0.0,56.7,56.7
2026-02-28 00:00:00,0.0,150.0,150.0
2026-02-28 01:00:00,0.0,101.7,101.7
2026-02-28 02:00:00,0.0,83.3,83.3
2026-02-28 03:00:00,0.0,121.7,121.7
2026-02-28 04:00:00,0.0,100.0,100.0
2026-02-28 05:00:00,3.7,91.7,95.4
2026-02-28 06:00:00,2.8,113.3,116.1
2026-02-28 07:00:00,2.4,150.0,152.4
2026-02-28 08:00:00,3.4,0.0,3.4
2026-02-28 09:00:00,3.4,150.0,153.4
2026-02-28 10:00:00,2.9,150.0,152.9
2026-02-28 11:00:00,2.1,150.0,152.1
2026-02-28 12:00:00,2.8,120.0,122.8
2026-02-28 13:00:00,3.2,150.0,153.2
2026-02-28 14:00:00,3.7,150.0,153.7
2026-02-28 15:00:00,3.3,118.3,121.6
2026-02-28 16:00:00,3.3,0.0,3.3
2026-02-28 17:00:00,1.8,150.0,151.8
2026-02-28 18:00:00,2.6,5.0,7.6
2026-02-28 19:00:00,2.3,148.3,150.6
2026-02-28 20:00:00,2.7,111.7,114.4
2026-02-28 21:00:00,4.1,150.0,154.1
2026-02-28 22:00:00,0.0,150.0,150.0
2026-02-28 23:00:00,0.0,98.3,98.3
2026-03-01 00:00:00,0.0,150.0,150.0
2026-03-01 01:00:00,0.0,126.7,126.7
2026-03-01 02:00:00,0.0,86.7,86.7
2026-03-01 03:00:00,0.0,56.7,56.7
2026-03-01 04:00:00,0.0,143.3,143.3
2026-03-01 05:00:00,2.5,150.0,152.5
2026-03-01 06:00:00,1.9,56.7,58.6
2026-03-01 07:00:00,2.2,96.7,98.9
2026-03-01 08:00:00,2.4,83.3,85.7
2026-03-01 09:00:00,2.1,150.0,152.1
2026-03-01 10:00:00,2.8,150.0,152.8
2026-03-01 11:00:00,3.3,111.7,115.0
2026-03-01 12:00:00,2.1,150.0,152.1
2026-03-01 13:00:00,3.1,150.0,153.1
2026-03-01 14:00:00,3.7,130.0,133.7
2026-03-01 15:00:00,3.0,120.0,123.0
2026-03-01 16:00:00,3.6,51.7,55.3
2026-03-01 17:00:00,2.5,121.7,124.2
2026-03-01 18:00:00,3.3,150.0,153.3
2026-03-01 19:00:00,1.9,101.7,103.6
2026-03-01 20:00:00,4.3,81.7,86.0
2026-03-01 21:00:00,3.6,0.0,3.6
2026-03-01 22:00:00,0.0,88.3,88.3
2026-03-01 23:00:00,0.0,60.0,60.0
2026-03-02 00:00:00,0.0,150.0,150.0
2026-03-02 01:00:00,0.0,121.7,121.7
2026-03-02 02:00:00,0.0,73.3,73.3
2026-03-02 03:00:00,0.0,81.7,81.7
2026-03-02 04:00:00,0.0,150.0,150.0
2026-03-02 05:00:00,3.1,150.0,153.1
2026-03-02 06:00:00,2.7,150.0,152.7
2026-03-02 07:00:00,3.3,111.7,115.0
2026-03-02 08:00:00,2.9,150.0,152.9
2026-03-02 09:00:00,2.4,108.3,110.7
2026-03-02 10:00:00,2.7,150.0,152.7
2026-03-02 11:00:00,2.8,96.7,99.5
2026-03-02 12:00:00,2.6,150.0,152.6
2026-03-02 13:00:00,2.8,150.0,152.8
2026-03-02 14:00:00,3.2,110.0,113.2
2026-03-02 15:00:00,3.3,120.0,123.3
2026-03-02 16:00:00,3.9,36.7,40.6
2026-03-02 17:00:00,3.4,136.7,140.1
2026-03-02 18:00:00,2.5,150.0,152.5
2026-03-02 19:00:00,3.6,150.0,153.6
2026-03-02 20:00:00,3.0,58.3,61.3
2026-03-02 21:00:00,3.3,63.3,66.6
2026-03-02 22:00:00,0.0,150.0,150.0
2026-03-02 23:00:00,0.0,150.0,150.0
2026-03-03 00:00:00,0.0,125.0,125.0
2026-03-03 01:00:00,0.0,150.0,150.0
2026-03-03 02:00:00,0.0,75.0,75.0
2026-03-03 03:00:00,0.0,65.0,65.0
2026-03-03 04:00:00,0.0,150.0,150.0
2026-03-03 05:00:00,3.1,131.7,134.8
2026-03-03 06:00:00,1.8,140.0,141.8
2026-03-03 07:00:00,2.5,146.7,149.2
2026-03-03 08:00:00,1.7,150.0,151.7
2026-03-03 09:00:00,4.4,135.0,139.4
2026-03-03 10:00:00,1.9,140.0,141.9
2026-03-03 11:00:00,4.4,150.0,154.4
2026-03-03 12:00:00,2.7,0.0,2.7
2026-03-03 13:00:00,4.3,118.3,122.6
2026-03-03 14:00:00,3.1,0.0,3.1
2026-03-03 15:00:00,3.2,150.0,153.2
2026-03-03 16:00:00,3.8,150.0,153.8
2026-03-03 17:00:00,3.4,136.7,140.1
2026-03-03 18:00:00,3.3,150.0,153.3
2026-03-03 19:00:00,2.8,150.0,152.8
2026-03-03 20:00:00,2.6,108.3,110.9
2026-03-03 21:00:00,2.2,103.3,105.5
2026-03-03 22:00:00,0.0,113.3,113.3
2026-03-03 23:00:00,0.0,150.0,150.0
2026-03-04 00:00:00,0.0,150.0,150.0
2026-03-04 01:00:00,0.0,53.3,53.3
2026-03-04 02:00:00,0.0,136.7,136.7
2026-03-04 03:00:00,0.0,150.0,150.0
2026-03-04 04:00:00,0.0,150.0,150.0
2026-03-04 05:00:00,3.8,150.0,153.8
2026-03-04 06:00:00,2.9,150.0,152.9
2026-03-04 07:00:00,3.3,150.0,153.3
2026-03-04 08:00:00,3.9,150.0,153.9
2026-03-04 09:00:00,1.5,150.0,151.5
2026-03-04 10:00:00,1.4,125.0,126.4
2026-03-04 11:00:00,2.3,121.7,124.0
2026-03-04 12:00:00,3.3,133.3,136.6
2026-03-04 13:00:00,2.9,150.0,152.9
2026-03-04 14:00:00,1.6,86.7,88.3
2026-03-04 15:00:00,3.2,150.0,153.2
2026-03-04 16:00:00,2.8,150.0,152.8
2026-03-04 17:00:00,4.2,150.0,154.2
2026-03-04 18:00:00,2.7,150.0,152.7
2026-03-04 19:00:00,3.4,93.3,96.7
2026-03-04 20:00:00,3.4,60.0,63.4
2026-03-04 21:00:00,2.4,150.0,152.4
2026-03-04 22:00:00,0.0,150.0,150.0
2026-03-04 23:00:00,0.0,150.0,150.0
2026-03-05 00:00:00,0.0,0.0,0.0
2026-03-05 01:00:00,0.0,135.0,135.0
2026-03-05 02:00:00,0.0,150.0,150.0
2026-03-05 03:00:00,0.0,150.0,150.0
2026-03-05 04:00:00,0.0,150.0,150.0
2026-03-05 05:00:00,2.7,0.0,2.7
2026-03-05 06:00:00,2.3,150.0,152.3
2026-03-05 07:00:00,2.7,150.0,152.7
2026-03-05 08:00:00,4.0,150.0,154.0
2026-03-05 09:00:00,1.7,150.0,151.7
2026-03-05 10:00:00,2.8,150.0,152.8
2026-03-05 11:00:00,2.6,95.0,97.6
2026-03-05 12:00:00,4.3,126.7,131.0
2026-03-05 13:00:00,2.9,150.0,152.9
2026-03-05 14:00:00,3.3,81.7,85.0
2026-03-05 15:00:00,3.9,150.0,153.9
2026-03-05 16:00:00,3.2,93.3,96.5
2026-03-05 17:00:00,3.7,0.0,3.7
2026-03-05 18:00:00,4.4,150.0,154.4
2026-03-05 19:00:00,1.6,150.0,151.6
2026-03-05 20:00:00,3.2,76.7,79.9
2026-03-05 21:00:00,1.4,26.7,28.1
2026-03-05 22:00:00,0.0,65.0,65.0
2026-03-05 23:00:00,0.0,25.0,25.0
2026-03-06 00:00:00,0.0,150.0,150.0
2026-03-06 01:00:00,0.0,141.7,141.7
2026-03-06 02:00:00,0.0,138.3,138.3
2026-03-06 03:00:00,0.0,128.3,128.3
2026-03-06 04:00:00,0.0,150.0,150.0
2026-03-06 05:00:00,2.6,65.0,67.6
2026-03-06 06:00:00,2.9,150.0,152.9
2026-03-06 07:00:00,3.4,150.0,153.4
2026-03-06 08:00:00,1.3,150.0,151.3
2026-03-06 09:00:00,1.7,96.7,98.4
2026-03-06 10:00:00,3.8,118.3,122.1
2026-03-06 11:00:00,3.9,150.0,153.9
2026-03-06 12:00:00,3.3,150.0,153.3
2026-03-06 13:00:00,2.8,0.0,2.8
2026-03-06 14:00:00,2.5,150.0,152.5
2026-03-06 15:00:00,3.3,66.7,70.0
2026-03-06 16:00:00,4.3,58.3,62.6
2026-03-06 17:00:00,2.2,150.0,152.2
2026-03-06 18:00:00,3.7,150.0,153.7
2026-03-06 19:00:00,1.2,150.0,151.2
2026-03-06 20:00:00,2.9,30.0,32.9
2026-03-06 21:00:00,2.0,63.3,65.3
2026-03-06 22:00:00,0.0,105.0,105.0
2026-03-06 23:00:00,0.0,150.0,150.0
2026-03-07 00:00:00,0.0,150.0,150.0
2026-03-07 01:00:00,0.0,60.0,60.0
2026-03-07 02:00:00,0.0,35.0,35.0
2026-03-07 03:00:00,0.0,150.0,150.0
2026-03-07 04:00:00,0.0,150.0,150.0
2026-03-07 05:00:00,3.7,116.7,120.4
2026-03-07 06:00:00,4.4,0.0,4.4
2026-03-07 07:00:00,4.1,150.0,154.1
2026-03-07 08:00:00,4.1,141.7,145.8
2026-03-07 09:00:00,2.1,26.7,28.8
2026-03-07 10:00:00,2.9,150.0,152.9
2026-03-07 11:00:00,3.3,0.0,3.3
2026-03-07 12:00:00,3.1,150.0,153.1
2026-03-07 13:00:00,4.0,66.7,70.7
2026-03-07 14:00:00,2.8,150.0,152.8
2026-03-07 15:00:00,4.3,98.3,102.6
2026-03-07 16:00:00,2.9,138.3,141.2
2026-03-07 17:00:00,3.5,0.0,3.5
2026-03-07 18:00:00,3.6,135.0,138.6
2026-03-07 19:00:00,3.1,150.0,153.1
2026-03-07 20:00:00,2.6,103.3,105.9
2026-03-07 21:00:00,2.8,28.3,31.1
2026-03-07 22:00:00,0.0,0.0,0.0
2026-03-07 23:00:00,0.0,150.0,150.0
2026-03-08 00:00:00,0.0,150.0,150.0
2026-03-08 01:00:00,0.0,136.7,136.7
2026-03-08 02:00:00,0.0,116.7,116.7
2026-03-08 03:00:00,0.0,150.0,150.0
2026-03-08 04:00:00,0.0,150.0,150.0
2026-03-08 05:00:00,3.3,150.0,153.3
2026-03-08 06:00:00,2.9,150.0,152.9
2026-03-08 07:00:00,2.1,150.0,152.1
2026-03-08 08:00:00,2.5,150.0,152.5
2026-03-08 09:00:00,2.2,150.0,152.2
2026-03-08 10:00:00,3.3,116.7,120.0
2026-03-08 11:00:00,3.6,25.0,28.6
2026-03-08 12:00:00,2.9,150.0,152.9
2026-03-08 13:00:00,2.2,150.0,152.2
2026-03-08 14:00:00,3.0,150.0,153.0
2026-03-08 15:00:00,3.6,38.3,41.9
2026-03-08 16:00:00,3.2,76.7,79.9
2026-03-08 17:00:00,2.5,0.0,2.5
2026-03-08 18:00:00,2.5,150.0,152.5
2026-03-08 19:00:00,3.5,150.0,153.5
2026-03-08 20:00:00,3.4,71.7,75.1
2026-03-08 21:00:00,3.2,88.3,91.5
2026-03-08 22:00:00,0.0,150.0,150.0
2026-03-08 23:00:00,0.0,150.0,150.0
2026-03-09 00:00:00,0.0,111.7,111.7
2026-03-09 01:00:00,0.0,150.0,150.0
2026-03-09 02:00:00,0.0,131.7,131.7
2026-03-09 03:00:00,0.0,150.0,150.0
2026-03-09 04:00:00,0.0,131.7,131.7
2026-03-09 05:00:00,2.6,91.7,94.3
2026-03-09 06:00:00,3.5,150.0,153.5
2026-03-09 07:00:00,1.6,93.3,94.9
2026-03-09 08:00:00,4.2,116.7,120.9
2026-03-09 09:00:00,3.0,150.0,153.0
2026-03-09 10:00:00,3.4,150.0,153.4
2026-03-09 11:00:00,2.7,150.0,152.7
2026-03-09 12:00:00,2.9,71.7,74.6
2026-03-09 13:00:00,2.7,106.7,109.4
2026-03-09 14:00:00,3.6,126.7,130.3
2026-03-09 15:00:00,2.3,76.7,79.0
2026-03-09 16:00:00,3.7,0.0,3.7
2026-03-09 17:00:00,3.0,150.0,153.0
2026-03-09 18:00:00,3.2,41.7,44.9
2026-03-09 19:00:00,2.2,150.0,152.2
2026-03-09 20:00:00,2.6,150.0,152.6
2026-03-09 21:00:00,2.2,150.0,152.2
2026-03-09 22:00:00,0.0,150.0,150.0
2026-03-09 23:00:00,0.0,150.0,150.0
2026-03-10 00:00:00,0.0,63.3,63.3
2026-03-10 01:00:00,0.0,128.3,128.3
2026-03-10 02:00:00,0.0,150.0,150.0
2026-03-10 03:00:00,0.0,150.0,150.0
2026-03-10 04:00:00,0.0,150.0,150.0
2026-03-10 05:00:00,1.8,118.3,120.1
2026-03-10 06:00:00,1.1,150.0,151.1
2026-03-10 07:00:00,4.0,115.0,119.0
2026-03-10 08:00:00,2.9,136.7,139.6
2026-03-10 09:00:00,2.8,150.0,152.8
2026-03-10 10:00:00,4.2,0.0,4.2
2026-03-10 11:00:00,3.7,150.0,153.7
2026-03-10 12:00:00,2.6,116.7,119.3
2026-03-10 13:00:00,2.2,96.7,98.9
2026-03-10 14:00:00,2.7,150.0,152.7
2026-03-10 15:00:00,3.0,5.0,8.0
2026-03-10 16:00:00,2.8,0.0,2.8
2026-03-10 17:00:00,2.4,91.7,94.1
2026-03-10 18:00:00,4.0,150.0,154.0
2026-03-10 19:00:00,2.9,150.0,152.9
2026-03-10 20:00:00,4.3,150.0,154.3
2026-03-10 21:00:00,2.4,150.0,152.4
2026-03-10 22:00:00,0.0,150.0,150.0
2026-03-10 23:00:00,0.0,150.0,150.0
2026-03-11 00:00:00,0.0,68.3,68.3
2026-03-11 01:00:00,0.0,61.7,61.7
2026-03-11 02:00:00,0.0,103.3,103.3
2026-03-11 03:00:00,0.0,150.0,150.0
2026-03-11 04:00:00,0.0,30.0,30.0
2026-03-11 05:00:00,1.9,118.3,120.2
2026-03-11 06:00:00,3.6,150.0,153.6
2026-03-11 07:00:00,2.4,150.0,152.4
2026-03-11 08:00:00,3.4,150.0,153.4
2026-03-11 09:00:00,3.5,150.0,153.5
2026-03-11 10:00:00,2.7,0.0,2.7
2026-03-11 11:00:00,2.3,88.3,90.6
2026-03-11 12:00:00,3.8,150.0,153.8
2026-03-11 13:00:00,2.9,150.0,152.9
2026-03-11 14:00:00,2.7,141.7,144.4
2026-03-11 15:00:00,2.0,150.0,152.0
2026-03-11 16:00:00,3.8,150.0,153.8
2026-03-11 17:00:00,3.0,150.0,153.0
2026-03-11 18:00:00,2.8,150.0,152.8
2026-03-11 19:00:00,2.4,150.0,152.4
2026-03-11 20:00:00,1.9,85.0,86.9
2026-03-11 21:00:00,2.6,150.0,152.6
2026-03-11 22:00:00,0.0,150.0,150.0
2026-03-11 23:00:00,0.0,0.0,0.0
2026-03-12 00:00:00,0.0,106.7,106.7
2026-03-12 01:00:00,0.0,78.3,78.3
2026-03-12 02:00:00,0.0,140.0,140.0
2026-03-12 03:00:00,0.0,143.3,143.3
2026-03-12 04:00:00,0.0,78.3,78.3
2026-03-12 05:00:00,3.1,150.0,153.1
2026-03-12 06:00:00,3.4,90.0,93.4
2026-03-12 07:00:00,2.4,150.0,152.4
2026-03-12 08:00:00,3.4,150.0,153.4
2026-03-12 09:00:00,2.5,55.0,57.5
2026-03-12 10:00:00,3.3,0.0,3.3
2026-03-12 11:00:00,4.7,150.0,154.7
2026-03-12 12:00:00,3.3,150.0,153.3
2026-03-12 13:00:00,4.0,150.0,154.0
2026-03-12 14:00:00,3.7,20.0,23.7
2026-03-12 15:00:00,3.8,125.0,128.8
2026-03-12 16:00:00,4.1,150.0,154.1
2026-03-12 17:00:00,2.8,150.0,152.8
2026-03-12 18:00:00,2.9,45.0,47.9
2026-03-12 19:00:00,3.3,150.0,153.3
2026-03-12 20:00:00,3.8,150.0,153.8
2026-03-12 21:00:00,2.9,76.7,79.6
2026-03-12 22:00:00,0.0,150.0,150.0
2026-03-12 23:00:00,0.0,150.0,150.0
2026-03-13 00:00:00,0.0,150.0,150.0
2026-03-13 01:00:00,0.0,143.3,143.3
2026-03-13 02:00:00,0.0,140.0,140.0
2026-03-13 03:00:00,0.0,150.0,150.0
2026-03-13 04:00:00,0.0,0.0,0.0
2026-03-13 05:00:00,3.2,121.7,124.9
2026-03-13 06:00:00,1.6,150.0,151.6
2026-03-13 07:00:00,1.6,150.0,151.6
2026-03-13 08:00:00,3.3,130.0,133.3
2026-03-13 09:00:00,2.8,116.7,119.5
2026-03-13 10:00:00,3.9,150.0,153.9
2026-03-13 11:00:00,2.2,126.7,128.9
2026-03-13 12:00:00,3.8,126.7,130.5
2026-03-13 13:00:00,3.1,150.0,153.1
2026-03-13 14:00:00,1.8,83.3,85.1
2026-03-13 15:00:00,1.3,43.3,44.6
2026-03-13 16:00:00,2.5,120.0,122.5
2026-03-13 17:00:00,2.6,150.0,152.6
2026-03-13 18:00:00,3.1,150.0,153.1
2026-03-13 19:00:00,2.1,150.0,152.1
2026-03-13 20:00:00,2.4,100.0,102.4
2026-03-13 21:00:00,2.8,71.7,74.5
2026-03-13 22:00:00,0.0,150.0,150.0
2026-03-13 23:00:00,0.0,150.0,150.0
2026-03-14 00:00:00,0.0,148.3,148.3
2026-03-14 01:00:00,0.0,38.3,38.3
2026-03-14 02:00:00,0.0,150.0,150.0
2026-03-14 03:00:00,0.0,150.0,150.0
2026-03-14 04:00:00,0.0,150.0,150.0
2026-03-14 05:00:00,4.0,150.0,154.0
2026-03-14 06:00:00,2.0,133.3,135.3
2026-03-14 07:00:00,4.3,150.0,154.3
2026-03-14 08:00:00,4.5,150.0,154.5
2026-03-14 09:00:00,2.7,95.0,97.7
2026-03-14 10:00:00,1.3,150.0,151.3
2026-03-14 11:00:00,4.6,150.0,154.6
2026-03-14 12:00:00,2.9,150.0,152.9
2026-03-14 13:00:00,2.7,150.0,152.7
2026-03-14 14:00:00,3.1,150.0,153.1
2026-03-14 15:00:00,1.4,150.0,151.4
2026-03-14 16:00:00,4.0,150.0,154.0
2026-03-14 17:00:00,3.0,146.7,149.7
2026-03-14 18:00:00,4.1,150.0,154.1
2026-03-14 19:00:00,1.7,0.0,1.7
2026-03-14 20:00:00,2.8,150.0,152.8
2026-03-14 21:00:00,2.8,150.0,152.8
2026-03-14 22:00:00,0.0,150.0,150.0
2026-03-14 23:00:00,0.0,150.0,150.0
2026-03-15 00:00:00,0.0,113.3,113.3
2026-03-15 01:00:00,0.0,150.0,150.0
2026-03-15 02:00:00,0.0,150.0,150.0
2026-03-15 03:00:00,0.0,150.0,150.0
2026-03-15 04:00:00,0.0,150.0,150.0
2026-03-15 05:00:00,3.2,148.3,151.5
2026-03-15 06:00:00,3.4,0.0,3.4
2026-03-15 07:00:00,4.2,150.0,154.2
2026-03-15 08:00:00,1.6,150.0,151.6
2026-03-15 09:00:00,3.5,90.0,93.5
2026-03-15 10:00:00,5.0,150.0,155.0
2026-03-15 11:00:00,3.6,150.0,153.6
2026-03-15 12:00:00,2.2,150.0,152.2
2026-03-15 13:00:00,3.6,95.0,98.6
2026-03-15 14:00:00,3.4,150.0,153.4
2026-03-15 15:00:00,3.0,150.0,153.0
2026-03-15 16:00:00,2.4,0.0,2.4
2026-03-15 17:00:00,3.5,50.0,53.5
2026-03-15 18:00:00,2.3,150.0,152.3
2026-03-15 19:00:00,3.3,150.0,153.3
2026-03-15 20:00:00,2.3,26.7,29.0
2026-03-15 21:00:00,3.3,150.0,153.3
2026-03-15 22:00:00,0.0,150.0,150.0
2026-03-15 23:00:00,0.0,31.7,31.7
2026-03-16 00:00:00,0.0,65.0,65.0
2026-03-16 01:00:00,0.0,150.0,150.0
2026-03-16 02:00:00,0.0,150.0,150.0
2026-03-16 03:00:00,0.0,150.0,150.0
2026-03-16 04:00:00,0.0,0.0,0.0
2026-03-16 05:00:00,3.1,150.0,153.1
2026-03-16 06:00:00,4.2,150.0,154.2
2026-03-16 07:00:00,3.2,138.3,141.5
2026-03-16 08:00:00,2.2,150.0,152.2
2026-03-16 09:00:00,4.0,150.0,154.0
2026-03-16 10:00:00,2.9,150.0,152.9
2026-03-16 11:00:00,1.5,150.0,151.5
2026-03-16 12:00:00,4.1,150.0,154.1
2026-03-16 13:00:00,1.7,150.0,151.7
2026-03-16 14:00:00,4.0,98.3,102.3
2026-03-16 15:00:00,3.8,150.0,153.8
2026-03-16 16:00:00,3.3,150.0,153.3
2026-03-16 17:00:00,2.2,105.0,107.2
2026-03-16 18:00:00,4.6,150.0,154.6
2026-03-16 19:00:00,2.2,131.7,133.9
2026-03-16 20:00:00,3.4,150.0,153.4
2026-03-16 21:00:00,3.9,108.3,112.2
2026-03-16 22:00:00,0.0,150.0,150.0
2026-03-16 23:00:00,0.0,150.0,150.0
2026-03-17 00:00:00,0.0,150.0,150.0
2026-03-17 01:00:00,0.0,150.0,150.0
2026-03-17 02:00:00,0.0,101.7,101.7
2026-03-17 03:00:00,0.0,150.0,150.0
2026-03-17 04:00:00,0.0,150.0,150.0
2026-03-17 05:00:00,3.2,61.7,64.9
2026-03-17 06:00:00,2.5,150.0,152.5
2026-03-17 07:00:00,2.6,103.3,105.9
2026-03-17 08:00:00,1.9,141.7,143.6
2026-03-17 09:00:00,3.5,0.0,3.5
2026-03-17 10:00:00,2.7,51.7,54.4
2026-03-17 11:00:00,3.1,75.0,78.1
2026-03-17 12:00:00,1.3,140.0,141.3
2026-03-17 13:00:00,4.3,128.3,132.6
2026-03-17 14:00:00,3.4,150.0,153.4
2026-03-17 15:00:00,2.3,45.0,47.3
2026-03-17 16:00:00,3.0,150.0,153.0
2026-03-17 17:00:00,4.0,86.7,90.7
2026-03-17 18:00:00,3.4,150.0,153.4
2026-03-17 19:00:00,2.3,150.0,152.3
2026-03-17 20:00:00,2.0,150.0,152.0
2026-03-17 21:00:00,3.9,150.0,153.9
2026-03-17 22:00:00,0.0,150.0,150.0
2026-03-17 23:00:00,0.0,150.0,150.0
2026-03-18 00:00:00,0.0,150.0,150.0
2026-03-18 01:00:00,0.0,150.0,150.0
2026-03-18 02:00:00,0.0,150.0,150.0
2026-03-18 03:00:00,0.0,113.3,113.3
2026-03-18 04:00:00,0.0,150.0,150.0
2026-03-18 05:00:00,3.0,150.0,153.0
2026-03-18 06:00:00,4.0,150.0,154.0
2026-03-18 07:00:00,3.1,150.0,153.1
2026-03-18 08:00:00,4.3,83.3,87.6
2026-03-18 09:00:00,1.3,123.3,124.6
2026-03-18 10:00:00,2.5,150.0,152.5
2026-03-18 11:00:00,2.2,150.0,152.2
2026-03-18 12:00:00,3.7,145.0,148.7
2026-03-18 13:00:00,2.7,150.0,152.7
2026-03-18 14:00:00,2.4,150.0,152.4
2026-03-18 15:00:00,4.9,0.0,4.9
2026-03-18 16:00:00,3.2,150.0,153.2
2026-03-18 17:00:00,3.7,150.0,153.7
2026-03-18 18:00:00,2.8,150.0,152.8
2026-03-18 19:00:00,3.5,136.7,140.2
2026-03-18 20:00:00,3.8,150.0,153.8
2026-03-18 21:00:00,2.3,150.0,152.3
2026-03-18 22:00:00,0.0,150.0,150.0
2026-03-18 23:00:00,0.0,150.0,150.0
2026-03-19 00:00:00,0.0,150.0,150.0
2026-03-19 01:00:00,0.0,150.0,150.0
2026-03-19 02:00:00,0.0,18.3,18.3
2026-03-19 03:00:00,0.0,150.0,150.0
2026-03-19 04:00:00,0.0,91.7,91.7
2026-03-19 05:00:00,2.8,150.0,152.8
2026-03-19 06:00:00,3.0,45.0,48.0
2026-03-19 07:00:00,2.4,150.0,152.4
2026-03-19 08:00:00,3.6,103.3,106.9
2026-03-19 09:00:00,2.3,36.7,39.0
2026-03-19 10:00:00,2.8,150.0,152.8
2026-03-19 11:00:00,2.8,150.0,152.8
2026-03-19 12:00:00,2.8,96.7,99.5
2026-03-19 13:00:00,3.2,150.0,153.2
2026-03-19 14:00:00,3.5,83.3,86.8
2026-03-19 15:00:00,2.8,150.0,152.8
2026-03-19 16:00:00,2.3,28.3,30.6
2026-03-19 17:00:00,2.6,150.0,152.6
2026-03-19 18:00:00,2.5,26.7,29.2
2026-03-19 19:00:00,2.9,150.0,152.9
2026-03-19 20:00:00,3.5,150.0,153.5
2026-03-19 21:00:00,4.3,101.7,106.0
2026-03-19 22:00:00,0.0,150.0,150.0
2026-03-19 23:00:00,0.0,150.0,150.0
2026-03-20 00:00:00,0.0,0.0,0.0
2026-03-20 01:00:00,0.0,150.0,150.0
2026-03-20 02:00:00,0.0,150.0,150.0
2026-03-20 03:00:00,0.0,145.0,145.0
2026-03-20 04:00:00,0.0,150.0,150.0
2026-03-20 05:00:00,3.5,96.7,100.2
2026-03-20 06:00:00,3.0,20.0,23.0
2026-03-20 07:00:00,2.3,145.0,147.3
2026-03-20 08:00:00,2.5,150.0,152.5
2026-03-20 09:00:00,3.1,150.0,153.1
2026-03-20 10:00:00,3.8,150.0,153.8
2026-03-20 11:00:00,2.3,55.0,57.3
2026-03-20 12:00:00,2.5,136.7,139.2
2026-03-20 13:00:00,2.7,150.0,152.7
2026-03-20 14:00:00,2.8,131.7,134.5
2026-03-20 15:00:00,3.5,150.0,153.5
2026-03-20 16:00:00,3.9,0.0,3.9
2026-03-20 17:00:00,4.1,150.0,154.1
2026-03-20 18:00:00,3.0,63.3,66.3
2026-03-20 19:00:00,3.7,115.0,118.7
2026-03-20 20:00:00,1.7,150.0,151.7
2026-03-20 21:00:00,4.4,78.3,82.7
2026-03-20 22:00:00,0.0,110.0,110.0
2026-03-20 23:00:00,0.0,150.0,150.0
2026-03-21 00:00:00,0.0,150.0,150.0
2026-03-21 01:00:00,0.0,106.7,106.7
2026-03-21 02:00:00,0.0,150.0,150.0
2026-03-21 03:00:00,0.0,150.0,150.0
2026-03-21 04:00:00,0.0,150.0,150.0
2026-03-21 05:00:00,3.0,91.7,94.7
2026-03-21 06:00:00,3.3,30.0,33.3
2026-03-21 07:00:00,4.2,90.0,94.2
2026-03-21 08:00:00,3.7,115.0,118.7
2026-03-21 09:00:00,2.7,150.0,152.7
2026-03-21 10:00:00,3.1,135.0,138.1
2026-03-21 11:00:00,4.0,143.3,147.3
2026-03-21 12:00:00,3.8,56.7,60.5
2026-03-21 13:00:00,1.7,150.0,151.7
2026-03-21 14:00:00,3.4,150.0,153.4
2026-03-21 15:00:00,3.4,150.0,153.4
2026-03-21 16:00:00,2.9,126.7,129.6
2026-03-21 17:00:00,2.7,98.3,101.0
2026-03-21 18:00:00,2.0,136.7,138.7
2026-03-21 19:00:00,3.7,150.0,153.7
2026-03-21 20:00:00,2.4,150.0,152.4
2026-03-21 21:00:00,3.0,63.3,66.3
2026-03-21 22:00:00,0.0,131.7,131.7
2026-03-21 23:00:00,0.0,150.0,150.0
2026-03-22 00:00:00,0.0,76.7,76.7
2026-03-22 01:00:00,0.0,20.0,20.0
2026-03-22 02:00:00,0.0,150.0,150.0
2026-03-22 03:00:00,0.0,51.7,51.7
2026-03-22 04:00:00,0.0,150.0,150.0
2026-03-22 05:00:00,3.2,83.3,86.5
2026-03-22 06:00:00,2.4,140.0,142.4
2026-03-22 07:00:00,3.8,150.0,153.8
2026-03-22 08:00:00,3.3,85.0,88.3
2026-03-22 09:00:00,3.0,146.7,149.7
2026-03-22 10:00:00,3.7,150.0,153.7
2026-03-22 11:00:00,2.0,150.0,152.0
2026-03-22 12:00:00,3.8,111.7,115.5
2026-03-22 13:00:00,2.8,65.0,67.8
2026-03-22 14:00:00,2.0,150.0,152.0
2026-03-22 15:00:00,3.8,76.7,80.5
2026-03-22 16:00:00,2.3,150.0,152.3
2026-03-22 17:00:00,2.2,115.0,117.2
2026-03-22 18:00:00,4.1,138.3,142.4
2026-03-22 19:00:00,2.7,61.7,64.4
2026-03-22 20:00:00,3.8,0.0,3.8
2026-03-22 21:00:00,2.5,150.0,152.5
2026-03-22 22:00:00,0.0,33.3,33.3
2026-03-22 23:00:00,0.0,150.0,150.0
2026-03-23 00:00:00,0.0,150.0,150.0
2026-03-23 01:00:00,0.0,16.7,16.7
2026-03-23 02:00:00,0.0,128.3,128.3
2026-03-23 03:00:00,0.0,46.7,46.7
2026-03-23 04:00:00,0.0,150.0,150.0
2026-03-23 05:00:00,3.9,36.7,40.6
2026-03-23 06:00:00,3.3,150.0,153.3
2026-03-23 07:00:00,3.1,150.0,153.1
2026-03-23 08:00:00,2.6,21.7,24.3
2026-03-23 09:00:00,1.8,150.0,151.8
2026-03-23 10:00:00,2.0,150.0,152.0
2026-03-23 11:00:00,2.5,150.0,152.5
2026-03-23 12:00:00,2.6,150.0,152.6
2026-03-23 13:00:00,3.4,81.7,85.1
2026-03-23 14:00:00,3.5,150.0,153.5
2026-03-23 15:00:00,2.6,105.0,107.6
2026-03-23 16:00:00,3.3,123.3,126.6
2026-03-23 17:00:00,2.3,0.0,2.3
2026-03-23 18:00:00,2.5,71.7,74.2
2026-03-23 19:00:00,2.9,146.7,149.6
2026-03-23 20:00:00,2.9,126.7,129.6
2026-03-23 21:00:00,3.6,150.0,153.6
2026-03-23 22:00:00,0.0,150.0,150.0
2026-03-23 23:00:00,0.0,146.7,146.7
2026-03-24 00:00:00,0.0,150.0,150.0
2026-03-24 01:00:00,0.0,150.0,150.0
2026-03-24 02:00:00,0.0,150.0,150.0
2026-03-24 03:00:00,0.0,103.3,103.3
2026-03-24 04:00:00,0.0,78.3,78.3
2026-03-24 05:00:00,5.3,150.0,155.3
2026-03-24 06:00:00,2.8,76.7,79.5
2026-03-24 07:00:00,2.7,150.0,152.7
2026-03-24 08:00:00,4.0,0.0,4.0
2026-03-24 09:00:00,3.3,150.0,153.3
2026-03-24 10:00:00,3.2,146.7,149.9
2026-03-24 11:00:00,4.0,120.0,124.0
2026-03-24 12:00:00,3.3,90.0,93.3
2026-03-24 13:00:00,3.7,101.7,105.4
2026-03-24 14:00:00,3.0,143.3,146.3
2026-03-24 15:00:00,3.0,150.0,153.0
2026-03-24 16:00:00,3.3,150.0,153.3
2026-03-24 17:00:00,2.8,100.0,102.8
2026-03-24 18:00:00,0.3,150.0,150.3
2026-03-24 19:00:00,2.4,60.0,62.4
2026-03-24 20:00:00,3.6,18.3,21.9
2026-03-24 21:00:00,2.4,150.0,152.4
2026-03-24 22:00:00,0.0,133.3,133.3
2026-03-24 23:00:00,0.0,66.7,66.7
2026-03-25 00:00:00,0.0,150.0,150.0
2026-03-25 01:00:00,0.0,146.7,146.7
2026-03-25 02:00:00,0.0,6.7,6.7
2026-03-25 03:00:00,0.0,150.0,150.0
2026-03-25 04:00:00,0.0,150.0,150.0
2026-03-25 05:00:00,2.8,150.0,152.8
2026-03-25 06:00:00,1.5,75.0,76.5
2026-03-25 07:00:00,2.7,141.7,144.4
2026-03-25 08:00:00,3.2,75.0,78.2
2026-03-25 09:00:00,3.5,0.0,3.5
2026-03-25 10:00:00,3.5,150.0,153.5
2026-03-25 11:00:00,2.4,150.0,152.4
2026-03-25 12:00:00,3.7,150.0,153.7
2026-03-25 13:00:00,2.5,150.0,152.5
2026-03-25 14:00:00,1.5,18.3,19.8
2026-03-25 15:00:00,2.6,56.7,59.3
2026-03-25 16:00:00,2.4,150.0,152.4
2026-03-25 17:00:00,4.1,131.7,135.8
2026-03-25 18:00:00,2.5,150.0,152.5
2026-03-25 19:00:00,3.6,0.0,3.6
2026-03-25 20:00:00,3.4,95.0,98.4
2026-03-25 21:00:00,1.2,150.0,151.2
2026-03-25 22:00:00,0.0,25.0,25.0
2026-03-25 23:00:00,0.0,150.0,150.0
2026-03-26 00:00:00,0.0,150.0,150.0
2026-03-26 01:00:00,0.0,116.7,116.7
2026-03-26 02:00:00,0.0,35.0,35.0
2026-03-26 03:00:00,0.0,40.0,40.0
2026-03-26 04:00:00,0.0,150.0,150.0
2026-03-26 05:00:00,2.1,150.0,152.1
2026-03-26 06:00:00,1.3,71.7,73.0
2026-03-26 07:00:00,2.4,150.0,152.4
2026-03-26 08:00:00,3.9,140.0,143.9
2026-03-26 09:00:00,2.3,96.7,99.0
2026-03-26 10:00:00,2.4,150.0,152.4
2026-03-26 11:00:00,2.0,150.0,152.0
2026-03-26 12:00:00,2.6,120.0,122.6
2026-03-26 13:00:00,1.4,150.0,151.4
2026-03-26 14:00:00,3.6,0.0,3.6
2026-03-26 15:00:00,1.3,130.0,131.3
2026-03-26 16:00:00,2.8,150.0,152.8
2026-03-26 17:00:00,3.9,0.0,3.9
2026-03-26 18:00:00,1.9,145.0,146.9
2026-03-26 19:00:00,2.9,51.7,54.6
2026-03-26 20:00:00,3.5,150.0,153.5
2026-03-26 21:00:00,1.6,150.0,151.6
2026-03-26 22:00:00,0.0,98.3,98.3
2026-03-26 23:00:00,0.0,150.0,150.0
2026-03-27 00:00:00,0.0,125.0,125.0
2026-03-27 01:00:00,0.0,150.0,150.0
2026-03-27 02:00:00,0.0,111.7,111.7
2026-03-27 03:00:00,0.0,53.3,53.3
2026-03-27 04:00:00,0.0,25.0,25.0
2026-03-27 05:00:00,3.6,1.7,5.3
2026-03-27 06:00:00,4.7,80.0,84.7
2026-03-27 07:00:00,3.7,80.0,83.7
2026-03-27 08:00:00,3.1,150.0,153.1
2026-03-27 09:00:00,1.9,150.0,151.9
2026-03-27 10:00:00,3.0,150.0,153.0
2026-03-27 11:00:00,3.3,150.0,153.3
2026-03-27 12:00:00,3.0,150.0,153.0
2026-03-27 13:00:00,3.3,150.0,153.3
2026-03-27 14:00:00,3.9,150.0,153.9
2026-03-27 15:00:00,4.1,150.0,154.1
2026-03-27 16:00:00,1.7,123.3,125.0
2026-03-27 17:00:00,4.2,110.0,114.2
2026-03-27 18:00:00,3.3,150.0,153.3
2026-03-27 19:00:00,2.4,81.7,84.1
2026-03-27 20:00:00,3.2,133.3,136.5
2026-03-27 21:00:00,2.4,150.0,152.4
2026-03-27 22:00:00,0.0,145.0,145.0
2026-03-27 23:00:00,0.0,125.0,125.0
2026-03-28 00:00:00,0.0,150.0,150.0
2026-03-28 01:00:00,0.0,150.0,150.0
2026-03-28 02:00:00,0.0,128.3,128.3
2026-03-28 03:00:00,0.0,150.0,150.0
2026-03-28 04:00:00,0.0,150.0,150.0
2026-03-28 05:00:00,2.3,103.3,105.6
2026-03-28 06:00:00,2.7,130.0,132.7
2026-03-28 07:00:00,1.8,150.0,151.8
2026-03-28 08:00:00,3.1,0.0,3.1
2026-03-28 09:00:00,2.6,150.0,152.6
2026-03-28 10:00:00,3.6,18.3,21.9
2026-03-28 11:00:00,2.3,150.0,152.3
2026-03-28 12:00:00,2.6,53.3,55.9
2026-03-28 13:00:00,1.5,106.7,108.2
2026-03-28 14:00:00,3.2,70.0,73.2
2026-03-28 15:00:00,3.2,150.0,153.2
2026-03-28 16:00:00,2.5,150.0,152.5
2026-03-28 17:00:00,3.7,150.0,153.7
2026-03-28 18:00:00,4.5,100.0,104.5
2026-03-28 19:00:00,2.8,0.0,2.8
2026-03-28 20:00:00,2.7,78.3,81.0
2026-03-28 21:00:00,3.8,113.3,117.1
2026-03-28 22:00:00,0.0,150.0,150.0
2026-03-28 23:00:00,0.0,150.0,150.0
2026-03-29 00:00:00,0.0,56.7,56.7
2026-03-29 01:00:00,0.0,150.0,150.0
2026-03-29 02:00:00,0.0,111.7,111.7
2026-03-29 03:00:00,0.0,150.0,150.0
2026-03-29 04:00:00,0.0,150.0,150.0
2026-03-29 05:00:00,3.2,103.3,106.5
2026-03-29 06:00:00,4.1,16.7,20.8
2026-03-29 07:00:00,3.9,106.7,110.6
2026-03-29 08:00:00,3.7,140.0,143.7
2026-03-29 09:00:00,2.4,150.0,152.4
2026-03-29 10:00:00,2.1,88.3,90.4
2026-03-29 11:00:00,3.5,150.0,153.5
2026-03-29 12:00:00,1.9,150.0,151.9
2026-03-29 13:00:00,2.3,150.0,152.3
2026-03-29 14:00:00,3.7,133.3,137.0
2026-03-29 15:00:00,4.3,76.7,81.0
2026-03-29 16:00:00,2.4,150.0,152.4
2026-03-29 17:00:00,3.8,116.7,120.5
2026-03-29 18:00:00,3.5,66.7,70.2
2026-03-29 19:00:00,2.3,150.0,152.3
2026-03-29 20:00:00,2.2,133.3,135.5
2026-03-29 21:00:00,3.7,115.0,118.7
2026-03-29 22:00:00,0.0,90.0,90.0
2026-03-29 23:00:00,0.0,98.3,98.3
2026-03-30 00:00:00,0.0,150.0,150.0
2026-03-30 01:00:00,0.0,43.3,43.3
2026-03-30 02:00:00,0.0,141.7,141.7
2026-03-30 03:00:00,0.0,150.0,150.0
2026-03-30 04:00:00,0.0,150.0,150.0
2026-03-30 05:00:00,3.1,150.0,153.1
2026-03-30 06:00:00,3.6,150.0,153.6
2026-03-30 07:00:00,3.0,0.0,3.0
2026-03-30 08:00:00,2.3,150.0,152.3
2026-03-30 09:00:00,2.7,150.0,152.7
2026-03-30 10:00:00,4.1,98.3,102.4
2026-03-30 11:00:00,1.4,150.0,151.4
2026-03-30 12:00:00,2.5,68.3,70.8
2026-03-30 13:00:00,3.4,145.0,148.4
2026-03-30 14:00:00,3.7,150.0,153.7
2026-03-30 15:00:00,2.8,0.0,2.8
2026-03-30 16:00:00,4.8,150.0,154.8
2026-03-30 17:00:00,3.6,150.0,153.6
2026-03-30 18:00:00,2.7,125.0,127.7
2026-03-30 19:00:00,3.0,150.0,153.0
2026-03-30 20:00:00,2.8,95.0,97.8
2026-03-30 21:00:00,2.0,150.0,152.0
2026-03-30 22:00:00,0.0,150.0,150.0
2026-03-30 23:00:00,0.0,150.0,150.0
2026-03-31 00:00:00,0.0,150.0,150.0
2026-03-31 01:00:00,0.0,150.0,150.0
2026-03-31 02:00:00,0.0,150.0,150.0
2026-03-31 03:00:00,0.0,116.7,116.7
2026-03-31 04:00:00,0.0,140.0,140.0
2026-03-31 05:00:00,4.5,150.0,154.5
2026-03-31 06:00:00,3.3,150.0,153.3
2026-03-31 07:00:00,2.7,135.0,137.7
2026-03-31 08:00:00,2.7,80.0,82.7
2026-03-31 09:00:00,2.7,28.3,31.0
2026-03-31 10:00:00,2.5,150.0,152.5
2026-03-31 11:00:00,3.0,150.0,153.0
2026-03-31 12:00:00,4.0,125.0,129.0
2026-03-31 13:00:00,3.3,150.0,153.3
2026-03-31 14:00:00,1.6,150.0,151.6
2026-03-31 15:00:00,3.3,150.0,153.3
2026-03-31 16:00:00,1.6,110.0,111.6
2026-03-31 17:00:00,1.7,150.0,151.7
2026-03-31 18:00:00,4.2,115.0,119.2
2026-03-31 19:00:00,2.4,150.0,152.4
2026-03-31 20:00:00,2.9,150.0,152.9
2026-03-31 21:00:00,3.5,61.7,65.2
2026-03-31 22:00:00,0.0,43.3,43.3
2026-03-31 23:00:00,0.0,116.7,116.7
2026-04-01 00:00:00,0.0,0.0,0.0
2026-04-01 01:00:00,0.0,150.0,150.0
2026-04-01 02:00:00,0.0,61.7,61.7
2026-04-01 03:00:00,0.0,31.7,31.7
2026-04-01 04:00:00,0.0,10.0,10.0
2026-04-01 05:00:00,3.7,143.3,147.0
2026-04-01 06:00:00,2.4,150.0,152.4
2026-04-01 07:00:00,3.2,120.0,123.2
2026-04-01 08:00:00,4.0,101.7,105.7
2026-04-01 09:00:00,1.7,150.0,151.7
2026-04-01 10:00:00,3.4,150.0,153.4
2026-04-01 11:00:00,3.3,150.0,153.3
2026-04-01 12:00:00,2.8,0.0,2.8
2026-04-01 13:00:00,2.4,103.3,105.7
2026-04-01 14:00:00,3.6,150.0,153.6
2026-04-01 15:00:00,2.5,106.7,109.2
2026-04-01 16:00:00,4.5,150.0,154.5
2026-04-01 17:00:00,3.3,100.0,103.3
2026-04-01 18:00:00,4.6,28.3,32.9
2026-04-01 19:00:00,4.5,150.0,154.5
2026-04-01 20:00:00,2.9,73.3,76.2
2026-04-01 21:00:00,3.1,125.0,128.1
2026-04-01 22:00:00,0.0,90.0,90.0
2026-04-01 23:00:00,0.0,98.3,98.3
2026-04-02 00:00:00,0.0,150.0,150.0
2026-04-02 01:00:00,0.0,146.7,146.7
2026-04-02 02:00:00,0.0,150.0,150.0
2026-04-02 03:00:00,0.0,150.0,150.0
2026-04-02 04:00:00,0.0,150.0,150.0
2026-04-02 05:00:00,2.3,93.3,95.6
2026-04-02 06:00:00,4.1,150.0,154.1
2026-04-02 07:00:00,2.0,150.0,152.0
2026-04-02 08:00:00,2.4,150.0,152.4
2026-04-02 09:00:00,2.6,121.7,124.3
2026-04-02 10:00:00,2.9,150.0,152.9
2026-04-02 11:00:00,2.4,150.0,152.4
2026-04-02 12:00:00,3.0,150.0,153.0
2026-04-02 13:00:00,2.7,6.7,9.4
2026-04-02 14:00:00,3.1,130.0,133.1
2026-04-02 15:00:00,3.2,91.7,94.9
2026-04-02 16:00:00,3.1,150.0,153.1
2026-04-02 17:00:00,3.2,25.0,28.2
2026-04-02 18:00:00,3.1,128.3,131.4
2026-04-02 19:00:00,3.0,150.0,153.0
2026-04-02 20:00:00,1.7,125.0,126.7
2026-04-02 21:00:00,3.3,143.3,146.6
2026-04-02 22:00:00,0.0,150.0,150.0
2026-04-02 23:00:00,0.0,85.0,85.0
2026-04-03 00:00:00,0.0,150.0,150.0
2026-04-03 01:00:00,0.0,150.0,150.0
2026-04-03 02:00:00,0.0,150.0,150.0
2026-04-03 03:00:00,0.0,150.0,150.0
2026-04-03 04:00:00,0.0,150.0,150.0
2026-04-03 05:00:00,3.2,146.7,149.9
2026-04-03 06:00:00,3.1,150.0,153.1
2026-04-03 07:00:00,3.2,110.0,113.2
2026-04-03 08:00:00,2.2,150.0,152.2
2026-04-03 09:00:00,3.5,150.0,153.5
2026-04-03 10:00:00,2.8,20.0,22.8
2026-04-03 11:00:00,3.0,150.0,153.0
2026-04-03 12:00:00,3.5,108.3,111.8
2026-04-03 13:00:00,1.4,141.7,143.1
2026-04-03 14:00:00,2.1,65.0,67.1
2026-04-03 15:00:00,2.2,150.0,152.2
2026-04-03 16:00:00,3.0,150.0,153.0
2026-04-03 17:00:00,4.2,115.0,119.2
2026-04-03 18:00:00,2.6,0.0,2.6
2026-04-03 19:00:00,2.6,146.7,149.3
2026-04-03 20:00:00,2.2,121.7,123.9
2026-04-03 21:00:00,3.8,65.0,68.8
2026-04-03 22:00:00,0.0,150.0,150.0
2026-04-03 23:00:00,0.0,150.0,150.0
2026-04-04 00:00:00,0.0,150.0,150.0
2026-04-04 01:00:00,0.0,93.3,93.3
2026-04-04 02:00:00,0.0,150.0,150.0
2026-04-04 03:00:00,0.0,150.0,150.0
2026-04-04 04:00:00,0.0,111.7,111.7
2026-04-04 05:00:00,2.6,0.0,2.6
2026-04-04 06:00:00,2.7,0.0,2.7
2026-04-04 07:00:00,4.0,150.0,154.0
2026-04-04 08:00:00,2.9,101.7,104.6
2026-04-04 09:00:00,2.8,150.0,152.8
2026-04-04 10:00:00,3.5,150.0,153.5
2026-04-04 11:00:00,2.6,86.7,89.3
2026-04-04 12:00:00,2.0,150.0,152.0
2026-04-04 13:00:00,2.2,150.0,152.2
2026-04-04 14:00:00,2.8,150.0,152.8
2026-04-04 15:00:00,3.0,73.3,76.3
2026-04-04 16:00:00,2.9,150.0,152.9
2026-04-04 17:00:00,3.0,45.0,48.0
2026-04-04 18:00:00,2.0,103.3,105.3
2026-04-04 19:00:00,2.7,150.0,152.7
2026-04-04 20:00:00,1.9,58.3,60.2
2026-04-04 21:00:00,4.4,150.0,154.4
2026-04-04 22:00:00,0.0,150.0,150.0
2026-04-04 23:00:00,0.0,120.0,120.0
2026-04-05 00:00:00,0.0,150.0,150.0
2026-04-05 01:00:00,0.0,85.0,85.0
2026-04-05 02:00:00,0.0,150.0,150.0
2026-04-05 03:00:00,0.0,131.7,131.7
2026-04-05 04:00:00,0.0,140.0,140.0
2026-04-05 05:00:00,2.8,75.0,77.8
2026-04-05 06:00:00,2.3,150.0,152.3
2026-04-05 07:00:00,2.3,150.0,152.3
2026-04-05 08:00:00,3.7,150.0,153.7
2026-04-05 09:00:00,3.4,150.0,153.4
2026-04-05 10:00:00,2.8,58.3,61.1
2026-04-05 11:00:00,4.0,68.3,72.3
2026-04-05 12:00:00,3.4,150.0,153.4
2026-04-05 13:00:00,3.6,145.0,148.6
2026-04-05 14:00:00,2.8,60.0,62.8
2026-04-05 15:00:00,3.4,110.0,113.4
2026-04-05 16:00:00,2.1,85.0,87.1
2026-04-05 17:00:00,3.2,110.0,113.2
2026-04-05 18:00:00,3.4,136.7,140.1
2026-04-05 19:00:00,4.2,150.0,154.2
2026-04-05 20:00:00,2.9,150.0,152.9
2026-04-05 21:00:00,2.8,150.0,152.8
2026-04-05 22:00:00,0.0,150.0,150.0
2026-04-05 23:00:00,0.0,150.0,150.0
2026-04-06 00:00:00,0.0,100.0,100.0
2026-04-06 01:00:00,0.0,58.3,58.3
2026-04-06 02:00:00,0.0,103.3,103.3
2026-04-06 03:00:00,0.0,150.0,150.0
2026-04-06 04:00:00,0.0,66.7,66.7
2026-04-06 05:00:00,4.0,123.3,127.3
2026-04-06 06:00:00,2.6,150.0,152.6
2026-04-06 07:00:00,2.7,150.0,152.7
2026-04-06 08:00:00,1.5,73.3,74.8
2026-04-06 09:00:00,1.1,150.0,151.1
2026-04-06 10:00:00,2.4,150.0,152.4
2026-04-06 11:00:00,3.6,150.0,153.6
2026-04-06 12:00:00,4.1,50.0,54.1
2026-04-06 13:00:00,3.4,150.0,153.4
2026-04-06 14:00:00,2.9,150.0,152.9
2026-04-06 15:00:00,1.8,150.0,151.8
2026-04-06 16:00:00,2.5,0.0,2.5
2026-04-06 17:00:00,3.4,150.0,153.4
2026-04-06 18:00:00,3.8,105.0,108.8
2026-04-06 19:00:00,1.2,150.0,151.2
2026-04-06 20:00:00,3.1,118.3,121.4
2026-04-06 21:00:00,2.4,150.0,152.4
2026-04-06 22:00:00,0.0,150.0,150.0
2026-04-06 23:00:00,0.0,6.7,6.7
2026-04-07 00:00:00,0.0,150.0,150.0
2026-04-07 01:00:00,0.0,55.0,55.0
2026-04-07 02:00:00,0.0,126.7,126.7
2026-04-07 03:00:00,0.0,145.0,145.0
2026-04-07 04:00:00,0.0,143.3,143.3
2026-04-07 05:00:00,1.6,96.7,98.3
2026-04-07 06:00:00,2.8,66.7,69.5
2026-04-07 07:00:00,4.0,83.3,87.3
2026-04-07 08:00:00,3.4,150.0,153.4
2026-04-07 09:00:00,2.6,150.0,152.6
2026-04-07 10:00:00,2.7,136.7,139.4
2026-04-07 11:00:00,4.3,150.0,154.3
2026-04-07 12:00:00,3.0,121.7,124.7
2026-04-07 13:00:00,3.3,135.0,138.3
2026-04-07 14:00:00,2.1,63.3,65.4
2026-04-07 15:00:00,2.5,150.0,152.5
2026-04-07 16:00:00,3.1,3.3,6.4
2026-04-07 17:00:00,1.6,36.7,38.3
2026-04-07 18:00:00,2.1,150.0,152.1
2026-04-07 19:00:00,3.2,150.0,153.2
2026-04-07 20:00:00,2.6,38.3,40.9
2026-04-07 21:00:00,2.6,105.0,107.6
2026-04-07 22:00:00,0.0,150.0,150.0
2026-04-07 23:00:00,0.0,88.3,88.3
2026-04-08 00:00:00,0.0,73.3,73.3
2026-04-08 01:00:00,0.0,120.0,120.0
2026-04-08 02:00:00,0.0,78.3,78.3
2026-04-08 03:00:00,0.0,80.0,80.0
2026-04-08 04:00:00,0.0,138.3,138.3
2026-04-08 05:00:00,2.9,68.3,71.2
2026-04-08 06:00:00,3.3,150.0,153.3
2026-04-08 07:00:00,2.7,31.7,34.4
2026-04-08 08:00:00,1.3,135.0,136.3
2026-04-08 09:00:00,1.8,73.3,75.1
2026-04-08 10:00:00,1.4,106.7,108.1
2026-04-08 11:00:00,2.7,0.0,2.7
2026-04-08 12:00:00,3.8,150.0,153.8
2026-04-08 13:00:00,2.0,150.0,152.0
2026-04-08 14:00:00,2.7,150.0,152.7
2026-04-08 15:00:00,3.9,150.0,153.9
2026-04-08 16:00:00,2.7,150.0,152.7
2026-04-08 17:00:00,3.6,150.0,153.6
2026-04-08 18:00:00,2.4,150.0,152.4
2026-04-08 19:00:00,2.8,150.0,152.8
2026-04-08 20:00:00,3.3,150.0,153.3
2026-04-08 21:00:00,3.1,65.0,68.1
2026-04-08 22:00:00,0.0,150.0,150.0
2026-04-08 23:00:00,0.0,150.0,150.0
2026-04-09 00:00:00,0.0,150.0,150.0
2026-04-09 01:00:00,0.0,18.3,18.3
2026-04-09 02:00:00,0.0,11.7,11.7
2026-04-09 03:00:00,0.0,125.0,125.0
2026-04-09 04:00:00,0.0,150.0,150.0
2026-04-09 05:00:00,3.3,115.0,118.3
2026-04-09 06:00:00,2.4,150.0,152.4
2026-04-09 07:00:00,2.5,150.0,152.5
2026-04-09 08:00:00,2.6,150.0,152.6
2026-04-09 09:00:00,2.9,0.0,2.9
2026-04-09 10:00:00,4.0,150.0,154.0
2026-04-09 11:00:00,3.9,150.0,153.9
2026-04-09 12:00:00,2.8,150.0,152.8
2026-04-09 13:00:00,2.5,150.0,152.5
2026-04-09 14:00:00,3.9,150.0,153.9
2026-04-09 15:00:00,2.8,150.0,152.8
2026-04-09 16:00:00,3.4,150.0,153.4
2026-04-09 17:00:00,2.4,150.0,152.4
2026-04-09 18:00:00,1.7,68.3,70.0
2026-04-09 19:00:00,3.9,150.0,153.9
2026-04-09 20:00:00,3.6,148.3,151.9
2026-04-09 21:00:00,3.8,126.7,130.5
2026-04-09 22:00:00,0.0,150.0,150.0
2026-04-09 23:00:00,0.0,128.3,128.3
2026-04-10 00:00:00,0.0,150.0,150.0
2026-04-10 01:00:00,0.0,85.0,85.0
2026-04-10 02:00:00,0.0,150.0,150.0
2026-04-10 03:00:00,0.0,150.0,150.0
2026-04-10 04:00:00,0.0,96.7,96.7
2026-04-10 05:00:00,2.2,133.3,135.5
2026-04-10 06:00:00,3.4,101.7,105.1
2026-04-10 07:00:00,4.0,141.7,145.7
2026-04-10 08:00:00,2.8,51.7,54.5
2026-04-10 09:00:00,2.6,46.7,49.3
2026-04-10 10:00:00,4.1,0.0,4.1
2026-04-10 11:00:00,1.9,150.0,151.9
2026-04-10 12:00:00,3.1,80.0,83.1
2026-04-10 13:00:00,2.4,150.0,152.4
2026-04-10 14:00:00,3.5,145.0,148.5
2026-04-10 15:00:00,4.4,93.3,97.7
2026-04-10 16:00:00,3.4,150.0,153.4
2026-04-10 17:00:00,3.1,150.0,153.1
2026-04-10 18:00:00,2.6,0.0,2.6
2026-04-10 19:00:00,2.7,106.7,109.4
2026-04-10 20:00:00,2.4,148.3,150.7
2026-04-10 21:00:00,2.4,150.0,152.4
2026-04-10 22:00:00,0.0,150.0,150.0
2026-04-10 23:00:00,0.0,150.0,150.0
2026-04-11 00:00:00,0.0,150.0,150.0
2026-04-11 01:00:00,0.0,130.0,130.0
2026-04-11 02:00:00,0.0,150.0,150.0
2026-04-11 03:00:00,0.0,150.0,150.0
2026-04-11 04:00:00,0.0,150.0,150.0
2026-04-11 05:00:00,3.5,88.3,91.8
2026-04-11 06:00:00,3.7,150.0,153.7
2026-04-11 07:00:00,2.7,0.0,2.7
2026-04-11 08:00:00,2.6,150.0,152.6
2026-04-11 09:00:00,3.2,150.0,153.2
2026-04-11 10:00:00,2.5,150.0,152.5
2026-04-11 11:00:00,1.8,150.0,151.8
2026-04-11 12:00:00,3.5,150.0,153.5
2026-04-11 13:00:00,2.2,148.3,150.5
2026-04-11 14:00:00,1.9,150.0,151.9
2026-04-11 15:00:00,2.8,150.0,152.8
2026-04-11 16:00:00,3.7,0.0,3.7
2026-04-11 17:00:00,3.1,150.0,153.1
2026-04-11 18:00:00,3.0,16.7,19.7
2026-04-11 19:00:00,4.3,0.0,4.3
2026-04-11 20:00:00,3.3,150.0,153.3
2026-04-11 21:00:00,2.5,150.0,152.5
2026-04-11 22:00:00,0.0,0.0,0.0
2026-04-11 23:00:00,0.0,138.3,138.3
2026-04-12 00:00:00,0.0,106.7,106.7
2026-04-12 01:00:00,0.0,111.7,111.7
2026-04-12 02:00:00,0.0,140.0,140.0
2026-04-12 03:00:00,0.0,150.0,150.0
2026-04-12 04:00:00,0.0,130.0,130.0
2026-04-12 05:00:00,3.5,48.3,51.8
2026-04-12 06:00:00,2.6,131.7,134.3
2026-04-12 07:00:00,3.6,150.0,153.6
2026-04-12 08:00:00,2.7,0.0,2.7
2026-04-12 09:00:00,1.7,106.7,108.4
2026-04-12 10:00:00,3.0,48.3,51.3
2026-04-12 11:00:00,4.9,98.3,103.2
2026-04-12 12:00:00,2.0,150.0,152.0
2026-04-12 13:00:00,2.2,150.0,152.2
2026-04-12 14:00:00,1.8,150.0,151.8
2026-04-12 15:00:00,3.5,150.0,153.5
2026-04-12 16:00:00,3.9,101.7,105.6
2026-04-12 17:00:00,3.7,66.7,70.4
2026-04-12 18:00:00,2.4,150.0,152.4
2026-04-12 19:00:00,3.6,150.0,153.6
2026-04-12 20:00:00,2.5,150.0,152.5
2026-04-12 21:00:00,1.0,150.0,151.0
2026-04-12 22:00:00,0.0,115.0,115.0
2026-04-12 23:00:00,0.0,150.0,150.0
2026-04-13 00:00:00,0.0,150.0,150.0
2026-04-13 01:00:00,0.0,125.0,125.0
2026-04-13 02:00:00,0.0,150.0,150.0
2026-04-13 03:00:00,0.0,150.0,150.0
2026-04-13 04:00:00,0.0,108.3,108.3
2026-04-13 05:00:00,2.0,53.3,55.3
2026-04-13 06:00:00,2.6,20.0,22.6
2026-04-13 07:00:00,2.6,63.3,65.9
2026-04-13 08:00:00,1.7,138.3,140.0
2026-04-13 09:00:00,1.7,150.0,151.7
2026-04-13 10:00:00,3.6,23.3,26.9
2026-04-13 11:00:00,2.6,150.0,152.6
2026-04-13 12:00:00,3.0,106.7,109.7
2026-04-13 13:00:00,4.3,48.3,52.6
2026-04-13 14:00:00,2.8,126.7,129.5
2026-04-13 15:00:00,2.2,0.0,2.2
2026-04-13 16:00:00,3.8,150.0,153.8
2026-04-13 17:00:00,3.1,150.0,153.1
2026-04-13 18:00:00,3.4,150.0,153.4
2026-04-13 19:00:00,3.4,55.0,58.4
2026-04-13 20:00:00,2.8,83.3,86.1
2026-04-13 21:00:00,2.4,96.7,99.1
2026-04-13 22:00:00,0.0,150.0,150.0
2026-04-13 23:00:00,0.0,150.0,150.0
2026-04-14 00:00:00,0.0,150.0,150.0
2026-04-14 01:00:00,0.0,146.7,146.7
2026-04-14 02:00:00,0.0,150.0,150.0
2026-04-14 03:00:00,0.0,80.0,80.0
2026-04-14 04:00:00,0.0,150.0,150.0
2026-04-14 05:00:00,2.6,111.7,114.3
2026-04-14 06:00:00,4.6,150.0,154.6
2026-04-14 07:00:00,2.9,150.0,152.9
2026-04-14 08:00:00,2.7,150.0,152.7
2026-04-14 09:00:00,4.4,73.3,77.7
2026-04-14 10:00:00,3.9,26.7,30.6
2026-04-14 11:00:00,3.4,150.0,153.4
2026-04-14 12:00:00,2.3,150.0,152.3
2026-04-14 13:00:00,3.7,150.0,153.7
2026-04-14 14:00:00,1.9,150.0,151.9
2026-04-14 15:00:00,2.6,150.0,152.6
2026-04-14 16:00:00,2.8,98.3,101.1
2026-04-14 17:00:00,3.1,73.3,76.4
2026-04-14 18:00:00,3.5,93.3,96.8
2026-04-14 19:00:00,2.4,93.3,95.7
2026-04-14 20:00:00,2.0,150.0,152.0
2026-04-14 21:00:00,3.3,48.3,51.6
2026-04-14 22:00:00,0.0,150.0,150.0
2026-04-14 23:00:00,0.0,150.0,150.0
2026-04-15 00:00:00,0.0,111.7,111.7
2026-04-15 01:00:00,0.0,110.0,110.0
2026-04-15 02:00:00,0.0,105.0,105.0
2026-04-15 03:00:00,0.0,150.0,150.0
2026-04-15 04:00:00,0.0,66.7,66.7
2026-04-15 05:00:00,3.5,150.0,153.5
2026-04-15 06:00:00,3.6,150.0,153.6
2026-04-15 07:00:00,1.5,28.3,29.8
2026-04-15 08:00:00,3.2,150.0,153.2
2026-04-15 09:00:00,3.6,150.0,153.6
2026-04-15 10:00:00,2.1,133.3,135.4
2026-04-15 11:00:00,1.8,106.7,108.5
2026-04-15 12:00:00,2.5,105.0,107.5
2026-04-15 13:00:00,3.4,98.3,101.7
2026-04-15 14:00:00,2.9,150.0,152.9
2026-04-15 15:00:00,3.2,150.0,153.2
2026-04-15 16:00:00,2.3,0.0,2.3
2026-04-15 17:00:00,4.0,100.0,104.0
2026-04-15 18:00:00,3.2,28.3,31.5
2026-04-15 19:00:00,3.4,135.0,138.4
2026-04-15 20:00:00,4.0,110.0,114.0
2026-04-15 21:00:00,1.8,150.0,151.8
2026-04-15 22:00:00,0.0,150.0,150.0
2026-04-15 23:00:00,0.0,96.7,96.7
2026-04-16 00:00:00,0.0,46.7,46.7
2026-04-16 01:00:00,0.0,135.0,135.0
2026-04-16 02:00:00,0.0,68.3,68.3
2026-04-16 03:00:00,0.0,150.0,150.0
2026-04-16 04:00:00,0.0,103.3,103.3
2026-04-16 05:00:00,3.5,96.7,100.2
2026-04-16 06:00:00,3.3,150.0,153.3
2026-04-16 07:00:00,3.9,150.0,153.9
2026-04-16 08:00:00,3.0,150.0,153.0
2026-04-16 09:00:00,3.6,111.7,115.3
2026-04-16 10:00:00,2.0,0.0,2.0
2026-04-16 11:00:00,3.4,150.0,153.4
2026-04-16 12:00:00,2.3,150.0,152.3
2026-04-16 13:00:00,3.1,150.0,153.1
2026-04-16 14:00:00,2.9,141.7,144.6
2026-04-16 15:00:00,2.6,150.0,152.6
2026-04-16 16:00:00,3.6,73.3,76.9
2026-04-16 17:00:00,2.8,138.3,141.1
2026-04-16 18:00:00,2.1,150.0,152.1
2026-04-16 19:00:00,4.2,150.0,154.2
2026-04-16 20:00:00,3.7,150.0,153.7
2026-04-16 21:00:00,3.8,150.0,153.8
2026-04-16 22:00:00,0.0,150.0,150.0
2026-04-16 23:00:00,0.0,136.7,136.7
2026-04-17 00:00:00,0.0,90.0,90.0
2026-04-17 01:00:00,0.0,150.0,150.0
2026-04-17 02:00:00,0.0,81.7,81.7
2026-04-17 03:00:00,0.0,150.0,150.0
2026-04-17 04:00:00,0.0,150.0,150.0
2026-04-17 05:00:00,2.7,150.0,152.7
2026-04-17 06:00:00,4.1,11.7,15.8
2026-04-17 07:00:00,3.8,115.0,118.8
2026-04-17 08:00:00,3.6,150.0,153.6
2026-04-17 09:00:00,3.4,1.7,5.1
2026-04-17 10:00:00,4.1,150.0,154.1
2026-04-17 11:00:00,3.0,150.0,153.0
2026-04-17 12:00:00,2.7,133.3,136.0
2026-04-17 13:00:00,3.5,150.0,153.5
2026-04-17 14:00:00,3.7,43.3,47.0
2026-04-17 15:00:00,3.2,0.0,3.2
2026-04-17 16:00:00,3.9,90.0,93.9
2026-04-17 17:00:00,3.3,150.0,153.3
2026-04-17 18:00:00,2.5,150.0,152.5
2026-04-17 19:00:00,1.0,136.7,137.7
2026-04-17 20:00:00,2.1,105.0,107.1
2026-04-17 21:00:00,3.1,150.0,153.1
2026-04-17 22:00:00,0.0,150.0,150.0
2026-04-17 23:00:00,0.0,0.0,0.0
2026-04-18 00:00:00,0.0,150.0,150.0
2026-04-18 01:00:00,0.0,150.0,150.0
2026-04-18 02:00:00,0.0,0.0,0.0
2026-04-18 03:00:00,0.0,150.0,150.0
2026-04-18 04:00:00,0.0,150.0,150.0
2026-04-18 05:00:00,2.9,150.0,152.9
2026-04-18 06:00:00,3.3,21.7,25.0
2026-04-18 07:00:00,3.7,150.0,153.7
2026-04-18 08:00:00,2.8,70.0,72.8
2026-04-18 09:00:00,3.0,150.0,153.0
2026-04-18 10:00:00,2.8,150.0,152.8
2026-04-18 11:00:00,3.1,30.0,33.1
2026-04-18 12:00:00,3.1,150.0,153.1
2026-04-18 13:00:00,3.7,150.0,153.7
2026-04-18 14:00:00,4.3,150.0,154.3
2026-04-18 15:00:00,3.2,50.0,53.2
2026-04-18 16:00:00,3.3,25.0,28.3
2026-04-18 17:00:00,3.8,150.0,153.8
2026-04-18 18:00:00,2.7,150.0,152.7
2026-04-18 19:00:00,2.7,143.3,146.0
2026-04-18 20:00:00,3.4,108.3,111.7
2026-04-18 21:00:00,3.7,91.7,95.4
2026-04-18 22:00:00,0.0,55.0,55.0
2026-04-18 23:00:00,0.0,0.0,0.0
2026-04-19 00:00:00,0.0,148.3,148.3
2026-04-19 01:00:00,0.0,131.7,131.7
2026-04-19 02:00:00,0.0,143.3,143.3
2026-04-19 03:00:00,0.0,150.0,150.0
2026-04-19 04:00:00,0.0,100.0,100.0
2026-04-19 05:00:00,3.0,46.7,49.7
2026-04-19 06:00:00,3.2,150.0,153.2
2026-04-19 07:00:00,3.6,135.0,138.6
2026-04-19 08:00:00,3.3,150.0,153.3
2026-04-19 09:00:00,2.5,150.0,152.5
2026-04-19 10:00:00,1.9,70.0,71.9
2026-04-19 11:00:00,4.6,103.3,107.9
2026-04-19 12:00:00,3.9,150.0,153.9
2026-04-19 13:00:00,2.5,150.0,152.5
2026-04-19 14:00:00,3.6,150.0,153.6
2026-04-19 15:00:00,2.0,150.0,152.0
2026-04-19 16:00:00,2.6,150.0,152.6
2026-04-19 17:00:00,3.0,58.3,61.3
2026-04-19 18:00:00,4.3,150.0,154.3
2026-04-19 19:00:00,2.5,150.0,152.5
2026-04-19 20:00:00,2.2,150.0,152.2
2026-04-19 21:00:00,2.9,150.0,152.9
2026-04-19 22:00:00,0.0,150.0,150.0
2026-04-19 23:00:00,0.0,11.7,11.7
2026-04-20 00:00:00,0.0,76.7,76.7
2026-04-20 01:00:00,0.0,46.7,46.7
2026-04-20 02:00:00,0.0,118.3,118.3
2026-04-20 03:00:00,0.0,150.0,150.0
2026-04-20 04:00:00,0.0,60.0,60.0
2026-04-20 05:00:00,4.4,150.0,154.4
2026-04-20 06:00:00,4.0,150.0,154.0
2026-04-20 07:00:00,2.6,10.0,12.6
2026-04-20 08:00:00,3.1,150.0,153.1
2026-04-20 09:00:00,2.8,150.0,152.8
2026-04-20 10:00:00,3.1,71.7,74.8
2026-04-20 11:00:00,2.0,91.7,93.7
2026-04-20 12:00:00,3.0,120.0,123.0
2026-04-20 13:00:00,2.8,150.0,152.8
2026-04-20 14:00:00,2.4,150.0,152.4
2026-04-20 15:00:00,4.0,93.3,97.3
2026-04-20 16:00:00,3.0,41.7,44.7
2026-04-20 17:00:00,5.3,148.3,153.6
2026-04-20 18:00:00,3.6,146.7,150.3
2026-04-20 19:00:00,1.7,96.7,98.4
2026-04-20 20:00:00,2.5,130.0,132.5
2026-04-20 21:00:00,3.6,115.0,118.6
2026-04-20 22:00:00,0.0,150.0,150.0
2026-04-20 23:00:00,0.0,46.7,46.7
2026-04-21 00:00:00,0.0,150.0,150.0
2026-04-21 01:00:00,0.0,101.7,101.7
2026-04-21 02:00:00,0.0,0.0,0.0
2026-04-21 03:00:00,0.0,150.0,150.0
2026-04-21 04:00:00,0.0,143.3,143.3
2026-04-21 05:00:00,3.1,110.0,113.1
2026-04-21 06:00:00,3.0,93.3,96.3
2026-04-21 07:00:00,3.6,103.3,106.9
2026-04-21 08:00:00,3.5,136.7,140.2
2026-04-21 09:00:00,4.1,150.0,154.1
2026-04-21 10:00:00,1.8,43.3,45.1
2026-04-21 11:00:00,4.3,150.0,154.3
2026-04-21 12:00:00,2.6,125.0,127.6
2026-04-21 13:00:00,2.9,150.0,152.9
2026-04-21 14:00:00,2.8,150.0,152.8
2026-04-21 15:00:00,3.7,78.3,82.0
2026-04-21 16:00:00,3.0,150.0,153.0
2026-04-21 17:00:00,5.1,150.0,155.1
2026-04-21 18:00:00,2.1,150.0,152.1
2026-04-21 19:00:00,3.1,150.0,153.1
2026-04-21 20:00:00,2.2,26.7,28.9
2026-04-21 21:00:00,2.7,150.0,152.7
2026-04-21 22:00:00,0.0,150.0,150.0
2026-04-21 23:00:00,0.0,41.7,41.7
2026-04-22 00:00:00,0.0,150.0,150.0
2026-04-22 01:00:00,0.0,150.0,150.0
2026-04-22 02:00:00,0.0,150.0,150.0
2026-04-22 03:00:00,0.0,150.0,150.0
2026-04-22 04:00:00,0.0,93.3,93.3
2026-04-22 05:00:00,1.5,150.0,151.5
2026-04-22 06:00:00,3.0,150.0,153.0
2026-04-22 07:00:00,2.9,0.0,2.9
2026-04-22 08:00:00,3.8,150.0,153.8
2026-04-22 09:00:00,3.0,100.0,103.0
2026-04-22 10:00:00,2.6,43.3,45.9
2026-04-22 11:00:00,2.1,83.3,85.4
2026-04-22 12:00:00,2.9,150.0,152.9
2026-04-22 13:00:00,1.6,150.0,151.6
2026-04-22 14:00:00,4.5,81.7,86.2
2026-04-22 15:00:00,3.7,128.3,132.0
2026-04-22 16:00:00,2.8,58.3,61.1
2026-04-22 17:00:00,2.5,150.0,152.5
2026-04-22 18:00:00,4.0,0.0,4.0
2026-04-22 19:00:00,3.1,150.0,153.1
2026-04-22 20:00:00,2.7,150.0,152.7
2026-04-22 21:00:00,3.0,150.0,153.0
2026-04-22 22:00:00,0.0,150.0,150.0
2026-04-22 23:00:00,0.0,150.0,150.0
2026-04-23 00:00:00,0.0,148.3,148.3
2026-04-23 01:00:00,0.0,26.7,26.7
2026-04-23 02:00:00,0.0,150.0,150.0
2026-04-23 03:00:00,0.0,150.0,150.0
2026-04-23 04:00:00,0.0,131.7,131.7
2026-04-23 05:00:00,3.5,150.0,153.5
2026-04-23 06:00:00,1.8,138.3,140.1
2026-04-23 07:00:00,3.1,126.7,129.8
2026-04-23 08:00:00,3.8,150.0,153.8
2026-04-23 09:00:00,3.7,150.0,153.7
2026-04-23 10:00:00,3.1,76.7,79.8
2026-04-23 11:00:00,3.1,128.3,131.4
2026-04-23 12:00:00,4.4,98.3,102.7
2026-04-23 13:00:00,2.7,133.3,136.0
2026-04-23 14:00:00,3.8,76.7,80.5
2026-04-23 15:00:00,3.0,41.7,44.7
2026-04-23 16:00:00,3.9,95.0,98.9
2026-04-23 17:00:00,4.3,116.7,121.0
2026-04-23 18:00:00,4.2,0.0,4.2
2026-04-23 19:00:00,3.7,150.0,153.7
2026-04-23 20:00:00,3.6,131.7,135.3
2026-04-23 21:00:00,2.7,150.0,152.7
2026-04-23 22:00:00,0.0,0.0,0.0
2026-04-23 23:00:00,0.0,66.7,66.7
2026-04-24 00:00:00,0.0,150.0,150.0
2026-04-24 01:00:00,0.0,90.0,90.0
2026-04-24 02:00:00,0.0,146.7,146.7
2026-04-24 03:00:00,0.0,136.7,136.7
2026-04-24 04:00:00,0.0,150.0,150.0
2026-04-24 05:00:00,2.0,105.0,107.0
2026-04-24 06:00:00,3.0,150.0,153.0
2026-04-24 07:00:00,2.5,150.0,152.5
2026-04-24 08:00:00,3.3,150.0,153.3
2026-04-24 09:00:00,3.6,150.0,153.6
2026-04-24 10:00:00,3.0,150.0,153.0
2026-04-24 11:00:00,3.3,140.0,143.3
2026-04-24 12:00:00,3.0,150.0,153.0
2026-04-24 13:00:00,2.0,101.7,103.7
2026-04-24 14:00:00,3.6,150.0,153.6
2026-04-24 15:00:00,2.3,150.0,152.3
2026-04-24 16:00:00,3.2,150.0,153.2
2026-04-24 17:00:00,3.3,93.3,96.6
2026-04-24 18:00:00,4.1,90.0,94.1
2026-04-24 19:00:00,3.2,150.0,153.2
2026-04-24 20:00:00,3.1,150.0,153.1
2026-04-24 21:00:00,3.2,41.7,44.9
2026-04-24 22:00:00,0.0,70.0,70.0
2026-04-24 23:00:00,0.0,150.0,150.0
2026-04-25 00:00:00,0.0,150.0,150.0
2026-04-25 01:00:00,0.0,116.7,116.7
2026-04-25 02:00:00,0.0,101.7,101.7
2026-04-25 03:00:00,0.0,150.0,150.0
2026-04-25 04:00:00,0.0,73.3,73.3
2026-04-25 05:00:00,2.1,150.0,152.1
2026-04-25 06:00:00,3.0,150.0,153.0
2026-04-25 07:00:00,2.4,150.0,152.4
2026-04-25 08:00:00,3.9,138.3,142.2
2026-04-25 09:00:00,2.8,66.7,69.5
2026-04-25 10:00:00,4.2,150.0,154.2
2026-04-25 11:00:00,2.6,150.0,152.6
2026-04-25 12:00:00,4.1,150.0,154.1
2026-04-25 13:00:00,1.9,150.0,151.9
2026-04-25 14:00:00,3.1,86.7,89.8
2026-04-25 15:00:00,2.7,150.0,152.7
2026-04-25 16:00:00,3.1,150.0,153.1
2026-04-25 17:00:00,3.3,138.3,141.6
2026-04-25 18:00:00,4.0,110.0,114.0
2026-04-25 19:00:00,3.5,90.0,93.5
2026-04-25 20:00:00,2.8,90.0,92.8
2026-04-25 21:00:00,2.4,150.0,152.4
2026-04-25 22:00:00,0.0,150.0,150.0
2026-04-25 23:00:00,0.0,150.0,150.0
2026-04-26 00:00:00,0.0,150.0,150.0
2026-04-26 01:00:00,0.0,150.0,150.0
2026-04-26 02:00:00,0.0,126.7,126.7
2026-04-26 03:00:00,0.0,105.0,105.0
2026-04-26 04:00:00,0.0,26.7,26.7
2026-04-26 05:00:00,3.9,73.3,77.2
2026-04-26 06:00:00,2.5,80.0,82.5
2026-04-26 07:00:00,2.8,21.7,24.5
2026-04-26 08:00:00,2.3,150.0,152.3
2026-04-26 09:00:00,2.5,135.0,137.5
2026-04-26 10:00:00,3.7,83.3,87.0
2026-04-26 11:00:00,2.9,150.0,152.9
2026-04-26 12:00:00,2.9,150.0,152.9
2026-04-26 13:00:00,3.2,150.0,153.2
2026-04-26 14:00:00,3.0,0.0,3.0
2026-04-26 15:00:00,2.0,150.0,152.0
2026-04-26 16:00:00,2.7,131.7,134.4
2026-04-26 17:00:00,3.5,90.0,93.5
2026-04-26 18:00:00,3.5,150.0,153.5
2026-04-26 19:00:00,3.4,105.0,108.4
2026-04-26 20:00:00,1.9,150.0,151.9
2026-04-26 21:00:00,3.2,150.0,153.2
2026-04-26 22:00:00,0.0,88.3,88.3
2026-04-26 23:00:00,0.0,150.0,150.0
2026-04-27 00:00:00,0.0,150.0,150.0
2026-04-27 01:00:00,0.0,3.3,3.3
2026-04-27 02:00:00,0.0,150.0,150.0
2026-04-27 03:00:00,0.0,150.0,150.0
2026-04-27 04:00:00,0.0,83.3,83.3
2026-04-27 05:00:00,2.8,143.3,146.1
2026-04-27 06:00:00,4.2,73.3,77.5
2026-04-27 07:00:00,3.6,140.0,143.6
2026-04-27 08:00:00,3.9,150.0,153.9
2026-04-27 09:00:00,1.8,16.7,18.5
2026-04-27 10:00:00,4.6,100.0,104.6
2026-04-27 11:00:00,2.9,0.0,2.9
2026-04-27 12:00:00,1.2,150.0,151.2
2026-04-27 13:00:00,2.8,130.0,132.8
2026-04-27 14:00:00,2.7,150.0,152.7
2026-04-27 15:00:00,3.1,150.0,153.1
2026-04-27 16:00:00,1.5,150.0,151.5
2026-04-27 17:00:00,2.7,150.0,152.7
2026-04-27 18:00:00,3.5,150.0,153.5
2026-04-27 19:00:00,2.7,130.0,132.7
2026-04-27 20:00:00,2.8,150.0,152.8
2026-04-27 21:00:00,2.9,150.0,152.9
2026-04-27 22:00:00,0.0,76.7,76.7
2026-04-27 23:00:00,0.0,150.0,150.0
2026-04-28 00:00:00,0.0,125.0,125.0
2026-04-28 01:00:00,0.0,56.7,56.7
2026-04-28 02:00:00,0.0,150.0,150.0
2026-04-28 03:00:00,0.0,150.0,150.0
2026-04-28 04:00:00,0.0,150.0,150.0
2026-04-28 05:00:00,2.3,25.0,27.3
2026-04-28 06:00:00,3.5,81.7,85.2
2026-04-28 07:00:00,2.6,150.0,152.6
2026-04-28 08:00:00,1.8,150.0,151.8
2026-04-28 09:00:00,3.2,80.0,83.2
2026-04-28 10:00:00,3.4,150.0,153.4
2026-04-28 11:00:00,4.2,150.0,154.2
2026-04-28 12:00:00,4.1,66.7,70.8
2026-04-28 13:00:00,4.0,71.7,75.7
2026-04-28 14:00:00,2.5,150.0,152.5
2026-04-28 15:00:00,3.7,95.0,98.7
2026-04-28 16:00:00,3.3,76.7,80.0
2026-04-28 17:00:00,2.6,150.0,152.6
2026-04-28 18:00:00,3.2,0.0,3.2
2026-04-28 19:00:00,2.5,150.0,152.5
2026-04-28 20:00:00,2.7,81.7,84.4
2026-04-28 21:00:00,2.9,101.7,104.6
2026-04-28 22:00:00,0.0,143.3,143.3
2026-04-28 23:00:00,0.0,150.0,150.0
2026-04-29 00:00:00,0.0,33.3,33.3
2026-04-29 01:00:00,0.0,71.7,71.7
2026-04-29 02:00:00,0.0,150.0,150.0
2026-04-29 03:00:00,0.0,81.7,81.7
2026-04-29 04:00:00,0.0,150.0,150.0
2026-04-29 05:00:00,2.1,150.0,152.1
2026-04-29 06:00:00,2.6,150.0,152.6
2026-04-29 07:00:00,3.6,130.0,133.6
2026-04-29 08:00:00,1.8,145.0,146.8
2026-04-29 09:00:00,2.4,150.0,152.4
2026-04-29 10:00:00,2.0,150.0,152.0
2026-04-29 11:00:00,2.3,115.0,117.3
2026-04-29 12:00:00,3.8,150.0,153.8
2026-04-29 13:00:00,2.9,40.0,42.9
2026-04-29 14:00:00,3.8,150.0,153.8
2026-04-29 15:00:00,2.7,150.0,152.7
2026-04-29 16:00:00,3.8,0.0,3.8
2026-04-29 17:00:00,2.8,150.0,152.8
2026-04-29 18:00:00,2.4,56.7,59.1
2026-04-29 19:00:00,3.1,110.0,113.1
2026-04-29 20:00:00,1.8,150.0,151.8
2026-04-29 21:00:00,2.9,150.0,152.9
2026-04-29 22:00:00,0.0,150.0,150.0
2026-04-29 23:00:00,0.0,56.7,56.7
2026-04-30 00:00:00,0.0,150.0,150.0
2026-04-30 01:00:00,0.0,150.0,150.0
2026-04-30 02:00:00,0.0,150.0,150.0
2026-04-30 03:00:00,0.0,150.0,150.0
2026-04-30 04:00:00,0.0,121.7,121.7
2026-04-30 05:00:00,0.0,63.3,63.3
2026-04-30 06:00:00,0.0,150.0,150.0
2026-04-30 07:00:00,0.0,150.0,150.0
2026-04-30 08:00:00,0.0,150.0,150.0
2026-04-30 09:00:00,0.0,150.0,150.0
2026-04-30 10:00:00,0.0,123.3,123.3
2026-04-30 11:00:00,0.0,111.7,111.7
2026-04-30 12:00:00,0.0,53.3,53.3
2026-04-30 13:00:00,0.0,150.0,150.0
2026-04-30 14:00:00,0.0,150.0,150.0
2026-04-30 15:00:00,0.0,36.7,36.7
2026-04-30 16:00:00,0.0,0.0,0.0
2026-04-30 17:00:00,0.0,68.3,68.3
2026-04-30 18:00:00,0.0,150.0,150.0
2026-04-30 19:00:00,0.0,150.0,150.0
2026-04-30 20:00:00,0.0,15.0,15.0
2026-04-30 21:00:00,0.0,120.0,120.0
2026-04-30 22:00:00,0.0,150.0,150.0
2026-04-30 23:00:00,0.0,150.0,150.0
2026-05-01 00:00:00,0.0,150.0,150.0
2026-05-01 01:00:00,0.0,133.3,133.3
2026-05-01 02:00:00,0.0,150.0,150.0
2026-05-01 03:00:00,0.0,105.0,105.0
2026-05-01 04:00:00,0.0,0.0,0.0
2026-05-01 05:00:00,0.0,150.0,150.0
2026-05-01 06:00:00,0.0,150.0,150.0
2026-05-01 07:00:00,0.0,150.0,150.0
2026-05-01 08:00:00,0.0,116.7,116.7
2026-05-01 09:00:00,0.0,60.0,60.0
2026-05-01 10:00:00,0.0,150.0,150.0
2026-05-01 11:00:00,0.0,90.0,90.0
2026-05-01 12:00:00,0.0,131.7,131.7
2026-05-01 13:00:00,0.0,150.0,150.0
2026-05-01 14:00:00,0.0,0.0,0.0
2026-05-01 15:00:00,0.0,105.0,105.0
2026-05-01 16:00:00,0.0,150.0,150.0
2026-05-01 17:00:00,0.0,150.0,150.0
2026-05-01 18:00:00,0.0,146.7,146.7
2026-05-01 19:00:00,0.0,150.0,150.0
2026-05-01 20:00:00,0.0,150.0,150.0
2026-05-01 21:00:00,0.0,150.0,150.0
2026-05-01 22:00:00,0.0,150.0,150.0
2026-05-01 23:00:00,0.0,141.7,141.7
2026-05-02 00:00:00,0.0,60.0,60.0
2026-05-02 01:00:00,0.0,150.0,150.0
2026-05-02 02:00:00,0.0,150.0,150.0
2026-05-02 03:00:00,0.0,150.0,150.0
2026-05-02 04:00:00,0.0,150.0,150.0
2026-05-02 05:00:00,0.0,21.7,21.7
2026-05-02 06:00:00,0.0,118.3,118.3
2026-05-02 07:00:00,0.0,150.0,150.0
2026-05-02 08:00:00,0.0,150.0,150.0
2026-05-02 09:00:00,0.0,0.0,0.0
2026-05-02 10:00:00,0.0,150.0,150.0
2026-05-02 11:00:00,0.0,13.3,13.3
2026-05-02 12:00:00,0.0,123.3,123.3
2026-05-02 13:00:00,0.0,148.3,148.3
2026-05-02 14:00:00,0.0,150.0,150.0
2026-05-02 15:00:00,0.0,150.0,150.0
2026-05-02 16:00:00,0.0,150.0,150.0
2026-05-02 17:00:00,0.0,150.0,150.0
2026-05-02 18:00:00,0.0,60.0,60.0
2026-05-02 19:00:00,0.0,56.7,56.7
2026-05-02 20:00:00,0.0,150.0,150.0
2026-05-02 21:00:00,0.0,136.7,136.7
2026-05-02 22:00:00,0.0,150.0,150.0
2026-05-02 23:00:00,0.0,141.7,141.7
2026-05-03 00:00:00,0.0,116.7,116.7
2026-05-03 01:00:00,0.0,150.0,150.0
2026-05-03 02:00:00,0.0,150.0,150.0
2026-05-03 03:00:00,0.0,150.0,150.0
2026-05-03 04:00:00,0.0,1.7,1.7
2026-05-03 05:00:00,0.0,150.0,150.0
2026-05-03 06:00:00,0.0,81.7,81.7
2026-05-03 07:00:00,0.0,86.7,86.7
2026-05-03 08:00:00,0.0,150.0,150.0
2026-05-03 09:00:00,0.0,150.0,150.0
2026-05-03 10:00:00,0.0,0.0,0.0
2026-05-03 11:00:00,0.0,68.3,68.3
2026-05-03 12:00:00,0.0,75.0,75.0
2026-05-03 13:00:00,0.0,150.0,150.0
2026-05-03 14:00:00,0.0,150.0,150.0
2026-05-03 15:00:00,0.0,150.0,150.0
2026-05-03 16:00:00,0.0,150.0,150.0
2026-05-03 17:00:00,0.0,150.0,150.0
2026-05-03 18:00:00,0.0,78.3,78.3
2026-05-03 19:00:00,0.0,55.0,55.0
2026-05-03 20:00:00,0.0,150.0,150.0
2026-05-03 21:00:00,0.0,150.0,150.0
2026-05-03 22:00:00,0.0,150.0,150.0
2026-05-03 23:00:00,0.0,150.0,150.0
2026-05-04 00:00:00,0.0,150.0,150.0
2026-05-04 01:00:00,0.0,150.0,150.0
2026-05-04 02:00:00,0.0,118.3,118.3
2026-05-04 03:00:00,0.0,150.0,150.0
2026-05-04 04:00:00,0.0,100.0,100.0
2026-05-04 05:00:00,0.0,150.0,150.0
2026-05-04 06:00:00,0.0,103.3,103.3
2026-05-04 07:00:00,0.0,150.0,150.0
2026-05-04 08:00:00,0.0,105.0,105.0
2026-05-04 09:00:00,0.0,143.3,143.3
2026-05-04 10:00:00,0.0,83.3,83.3
2026-05-04 11:00:00,0.0,115.0,115.0
2026-05-04 12:00:00,0.0,0.0,0.0
2026-05-04 13:00:00,0.0,150.0,150.0
2026-05-04 14:00:00,0.0,150.0,150.0
2026-05-04 15:00:00,0.0,150.0,150.0
2026-05-04 16:00:00,0.0,150.0,150.0
2026-05-04 17:00:00,0.0,150.0,150.0
2026-05-04 18:00:00,0.0,0.0,0.0
2026-05-04 19:00:00,0.0,150.0,150.0
2026-05-04 20:00:00,0.0,150.0,150.0
2026-05-04 21:00:00,0.0,150.0,150.0
2026-05-04 22:00:00,0.0,150.0,150.0
2026-05-04 23:00:00,0.0,88.3,88.3
2026-05-05 00:00:00,0.0,150.0,150.0
2026-05-05 01:00:00,0.0,100.0,100.0
2026-05-05 02:00:00,0.0,46.7,46.7
2026-05-05 03:00:00,0.0,143.3,143.3
2026-05-05 04:00:00,0.0,150.0,150.0
2026-05-05 05:00:00,0.0,50.0,50.0
2026-05-05 06:00:00,0.0,150.0,150.0
2026-05-05 07:00:00,0.0,150.0,150.0
2026-05-05 08:00:00,0.0,128.3,128.3
2026-05-05 09:00:00,0.0,103.3,103.3
2026-05-05 10:00:00,0.0,128.3,128.3
2026-05-05 11:00:00,0.0,118.3,118.3
2026-05-05 12:00:00,0.0,150.0,150.0
2026-05-05 13:00:00,0.0,53.3,53.3
2026-05-05 14:00:00,0.0,150.0,150.0
2026-05-05 15:00:00,0.0,150.0,150.0
2026-05-05 16:00:00,0.0,10.0,10.0
2026-05-05 17:00:00,0.0,150.0,150.0
2026-05-05 18:00:00,0.0,98.3,98.3
2026-05-05 19:00:00,0.0,98.3,98.3
2026-05-05 20:00:00,0.0,150.0,150.0
2026-05-05 21:00:00,0.0,70.0,70.0
2026-05-05 22:00:00,0.0,150.0,150.0
2026-05-05 23:00:00,0.0,123.3,123.3
2026-05-06 00:00:00,0.0,81.7,81.7
2026-05-06 01:00:00,0.0,150.0,150.0
2026-05-06 02:00:00,0.0,63.3,63.3
2026-05-06 03:00:00,0.0,150.0,150.0
2026-05-06 04:00:00,0.0,75.0,75.0
2026-05-06 05:00:00,0.0,150.0,150.0
2026-05-06 06:00:00,0.0,35.0,35.0
2026-05-06 07:00:00,0.0,150.0,150.0
2026-05-06 08:00:00,0.0,106.7,106.7
2026-05-06 09:00:00,0.0,23.3,23.3
2026-05-06 10:00:00,0.0,128.3,128.3
2026-05-06 11:00:00,0.0,30.0,30.0
2026-05-06 12:00:00,0.0,150.0,150.0
2026-05-06 13:00:00,0.0,103.3,103.3
2026-05-06 14:00:00,0.0,150.0,150.0
2026-05-06 15:00:00,0.0,148.3,148.3
2026-05-06 16:00:00,0.0,130.0,130.0
2026-05-06 17:00:00,0.0,26.7,26.7
2026-05-06 18:00:00,0.0,150.0,150.0
2026-05-06 19:00:00,0.0,93.3,93.3
2026-05-06 20:00:00,0.0,150.0,150.0
2026-05-06 21:00:00,0.0,106.7,106.7
2026-05-06 22:00:00,0.0,95.0,95.0
2026-05-06 23:00:00,0.0,150.0,150.0
2026-05-07 00:00:00,0.0,150.0,150.0
2026-05-07 01:00:00,0.0,125.0,125.0
2026-05-07 02:00:00,0.0,150.0,150.0
2026-05-07 03:00:00,0.0,150.0,150.0
2026-05-07 04:00:00,0.0,150.0,150.0
2026-05-07 05:00:00,0.0,8.3,8.3
2026-05-07 06:00:00,0.0,131.7,131.7
2026-05-07 07:00:00,0.0,150.0,150.0
2026-05-07 08:00:00,0.0,110.0,110.0
2026-05-07 09:00:00,0.0,150.0,150.0
2026-05-07 10:00:00,0.0,73.3,73.3
2026-05-07 11:00:00,0.0,95.0,95.0
2026-05-07 12:00:00,0.0,150.0,150.0
2026-05-07 13:00:00,0.0,150.0,150.0
2026-05-07 14:00:00,0.0,150.0,150.0
2026-05-07 15:00:00,0.0,135.0,135.0
2026-05-07 16:00:00,0.0,55.0,55.0
2026-05-07 17:00:00,0.0,125.0,125.0
2026-05-07 18:00:00,0.0,150.0,150.0
2026-05-07 19:00:00,0.0,125.0,125.0
2026-05-07 20:00:00,0.0,150.0,150.0
2026-05-07 21:00:00,0.0,150.0,150.0
2026-05-07 22:00:00,0.0,150.0,150.0
2026-05-07 23:00:00,0.0,116.7,116.7
2026-05-08 00:00:00,0.0,150.0,150.0
2026-05-08 01:00:00,0.0,106.7,106.7
2026-05-08 02:00:00,0.0,150.0,150.0
2026-05-08 03:00:00,0.0,91.7,91.7
2026-05-08 04:00:00,0.0,150.0,150.0
2026-05-08 05:00:00,0.0,70.0,70.0
2026-05-08 06:00:00,0.0,150.0,150.0
2026-05-08 07:00:00,0.0,150.0,150.0
2026-05-08 08:00:00,0.0,141.7,141.7
2026-05-08 09:00:00,0.0,140.0,140.0
2026-05-08 10:00:00,0.0,138.3,138.3
2026-05-08 11:00:00,0.0,1.7,1.7
2026-05-08 12:00:00,0.0,51.7,51.7
2026-05-08 13:00:00,0.0,150.0,150.0
2026-05-08 14:00:00,0.0,150.0,150.0
2026-05-08 15:00:00,0.0,150.0,150.0
2026-05-08 16:00:00,0.0,78.3,78.3
2026-05-08 17:00:00,0.0,1.7,1.7
2026-05-08 18:00:00,0.0,150.0,150.0
2026-05-08 19:00:00,0.0,150.0,150.0
2026-05-08 20:00:00,0.0,126.7,126.7
2026-05-08 21:00:00,0.0,150.0,150.0
2026-05-08 22:00:00,0.0,150.0,150.0
2026-05-08 23:00:00,0.0,150.0,150.0
2026-05-09 00:00:00,0.0,150.0,150.0
2026-05-09 01:00:00,0.0,75.0,75.0
2026-05-09 02:00:00,0.0,150.0,150.0
2026-05-09 03:00:00,0.0,101.7,101.7
2026-05-09 04:00:00,0.0,73.3,73.3
2026-05-09 05:00:00,0.0,150.0,150.0
2026-05-09 06:00:00,0.0,0.0,0.0
2026-05-09 07:00:00,0.0,126.7,126.7
2026-05-09 08:00:00,0.0,96.7,96.7
2026-05-09 09:00:00,0.0,91.7,91.7
2026-05-09 10:00:00,0.0,150.0,150.0
2026-05-09 11:00:00,0.0,120.0,120.0
2026-05-09 12:00:00,0.0,150.0,150.0
2026-05-09 13:00:00,0.0,150.0,150.0
2026-05-09 14:00:00,0.0,143.3,143.3
2026-05-09 15:00:00,0.0,150.0,150.0
2026-05-09 16:00:00,0.0,138.3,138.3
2026-05-09 17:00:00,0.0,150.0,150.0
2026-05-09 18:00:00,0.0,0.0,0.0
2026-05-09 19:00:00,0.0,150.0,150.0
2026-05-09 20:00:00,0.0,118.3,118.3
2026-05-09 21:00:00,0.0,111.7,111.7
2026-05-09 22:00:00,0.0,150.0,150.0
2026-05-09 23:00:00,0.0,6.7,6.7
2026-05-10 00:00:00,0.0,131.7,131.7
2026-05-10 01:00:00,0.0,150.0,150.0
2026-05-10 02:00:00,0.0,150.0,150.0
2026-05-10 03:00:00,0.0,0.0,0.0
2026-05-10 04:00:00,0.0,63.3,63.3
2026-05-10 05:00:00,0.0,116.7,116.7
2026-05-10 06:00:00,0.0,51.7,51.7
2026-05-10 07:00:00,0.0,150.0,150.0
2026-05-10 08:00:00,0.0,0.0,0.0
2026-05-10 09:00:00,0.0,123.3,123.3
2026-05-10 10:00:00,0.0,150.0,150.0
2026-05-10 11:00:00,0.0,150.0,150.0
2026-05-10 12:00:00,0.0,150.0,150.0
2026-05-10 13:00:00,0.0,53.3,53.3
2026-05-10 14:00:00,0.0,10.0,10.0
2026-05-10 15:00:00,0.0,150.0,150.0
2026-05-10 16:00:00,0.0,150.0,150.0
2026-05-10 17:00:00,0.0,88.3,88.3
2026-05-10 18:00:00,0.0,96.7,96.7
2026-05-10 19:00:00,0.0,135.0,135.0
2026-05-10 20:00:00,0.0,150.0,150.0
2026-05-10 21:00:00,0.0,125.0,125.0
2026-05-10 22:00:00,0.0,106.7,106.7
2026-05-10 23:00:00,0.0,150.0,150.0
2026-05-11 00:00:00,0.0,113.3,113.3
2026-05-11 01:00:00,0.0,150.0,150.0
2026-05-11 02:00:00,0.0,150.0,150.0
2026-05-11 03:00:00,0.0,150.0,150.0
2026-05-11 04:00:00,0.0,141.7,141.7
2026-05-11 05:00:00,0.0,91.7,91.7
2026-05-11 06:00:00,0.0,150.0,150.0
2026-05-11 07:00:00,0.0,150.0,150.0
2026-05-11 08:00:00,0.0,150.0,150.0
2026-05-11 09:00:00,0.0,135.0,135.0
2026-05-11 10:00:00,0.0,150.0,150.0
2026-05-11 11:00:00,0.0,110.0,110.0
2026-05-11 12:00:00,0.0,150.0,150.0
2026-05-11 13:00:00,0.0,0.0,0.0
2026-05-11 14:00:00,0.0,126.7,126.7
2026-05-11 15:00:00,0.0,150.0,150.0
2026-05-11 16:00:00,0.0,123.3,123.3
2026-05-11 17:00:00,0.0,0.0,0.0
2026-05-11 18:00:00,0.0,0.0,0.0
2026-05-11 19:00:00,0.0,38.3,38.3
2026-05-11 20:00:00,0.0,150.0,150.0
2026-05-11 21:00:00,0.0,45.0,45.0
2026-05-11 22:00:00,0.0,150.0,150.0
2026-05-11 23:00:00,0.0,150.0,150.0
2026-05-12 00:00:00,0.0,0.0,0.0
2026-05-12 01:00:00,0.0,135.0,135.0
2026-05-12 02:00:00,0.0,150.0,150.0
2026-05-12 03:00:00,0.0,98.3,98.3
2026-05-12 04:00:00,0.0,45.0,45.0
2026-05-12 05:00:00,0.0,146.7,146.7
2026-05-12 06:00:00,0.0,90.0,90.0
2026-05-12 07:00:00,0.0,150.0,150.0
2026-05-12 08:00:00,0.0,46.7,46.7
2026-05-12 09:00:00,0.0,150.0,150.0
2026-05-12 10:00:00,0.0,150.0,150.0
2026-05-12 11:00:00,0.0,150.0,150.0
2026-05-12 12:00:00,0.0,31.7,31.7
2026-05-12 13:00:00,0.0,106.7,106.7
2026-05-12 14:00:00,0.0,150.0,150.0
2026-05-12 15:00:00,0.0,150.0,150.0
2026-05-12 16:00:00,0.0,73.3,73.3
2026-05-12 17:00:00,0.0,121.7,121.7
2026-05-12 18:00:00,0.0,150.0,150.0
2026-05-12 19:00:00,0.0,150.0,150.0
2026-05-12 20:00:00,0.0,0.0,0.0
2026-05-12 21:00:00,0.0,126.7,126.7
2026-05-12 22:00:00,0.0,150.0,150.0
2026-05-12 23:00:00,0.0,135.0,135.0
2026-05-13 00:00:00,0.0,150.0,150.0
2026-05-13 01:00:00,0.0,125.0,125.0
2026-05-13 02:00:00,0.0,33.3,33.3
2026-05-13 03:00:00,0.0,118.3,118.3
2026-05-13 04:00:00,0.0,150.0,150.0
2026-05-13 05:00:00,0.0,101.7,101.7
2026-05-13 06:00:00,0.0,136.7,136.7
2026-05-13 07:00:00,0.0,150.0,150.0
2026-05-13 08:00:00,0.0,150.0,150.0
2026-05-13 09:00:00,0.0,150.0,150.0
2026-05-13 10:00:00,0.0,150.0,150.0
2026-05-13 11:00:00,0.0,150.0,150.0
2026-05-13 12:00:00,0.0,0.0,0.0
2026-05-13 13:00:00,0.0,150.0,150.0
2026-05-13 14:00:00,0.0,141.7,141.7
2026-05-13 15:00:00,0.0,150.0,150.0
2026-05-13 16:00:00,0.0,150.0,150.0
2026-05-13 17:00:00,0.0,150.0,150.0
2026-05-13 18:00:00,0.0,150.0,150.0
2026-05-13 19:00:00,0.0,150.0,150.0
2026-05-13 20:00:00,0.0,96.7,96.7
2026-05-13 21:00:00,0.0,106.7,106.7
2026-05-13 22:00:00,0.0,70.0,70.0
2026-05-13 23:00:00,0.0,136.7,136.7
2026-05-14 00:00:00,0.0,130.0,130.0
2026-05-14 01:00:00,0.0,150.0,150.0
2026-05-14 02:00:00,0.0,150.0,150.0
2026-05-14 03:00:00,0.0,136.7,136.7
2026-05-14 04:00:00,0.0,140.0,140.0
2026-05-14 05:00:00,0.0,60.0,60.0
2026-05-14 06:00:00,0.0,131.7,131.7
2026-05-14 07:00:00,0.0,145.0,145.0
2026-05-14 08:00:00,0.0,0.0,0.0
2026-05-14 09:00:00,0.0,0.0,0.0
2026-05-14 10:00:00,0.0,150.0,150.0
2026-05-14 11:00:00,0.0,61.7,61.7
2026-05-14 12:00:00,0.0,150.0,150.0
2026-05-14 13:00:00,0.0,125.0,125.0
2026-05-14 14:00:00,0.0,150.0,150.0
2026-05-14 15:00:00,0.0,68.3,68.3
2026-05-14 16:00:00,0.0,0.0,0.0
2026-05-14 17:00:00,0.0,150.0,150.0
2026-05-14 18:00:00,0.0,90.0,90.0
2026-05-14 19:00:00,0.0,150.0,150.0
2026-05-14 20:00:00,0.0,150.0,150.0
2026-05-14 21:00:00,0.0,150.0,150.0
2026-05-14 22:00:00,0.0,150.0,150.0
2026-05-14 23:00:00,0.0,15.0,15.0
2026-05-15 00:00:00,0.0,150.0,150.0
2026-05-15 01:00:00,0.0,150.0,150.0
2026-05-15 02:00:00,0.0,150.0,150.0
2026-05-15 03:00:00,0.0,150.0,150.0
2026-05-15 04:00:00,0.0,120.0,120.0
2026-05-15 05:00:00,0.0,150.0,150.0
2026-05-15 06:00:00,0.0,118.3,118.3
2026-05-15 07:00:00,0.0,60.0,60.0
2026-05-15 08:00:00,0.0,150.0,150.0
2026-05-15 09:00:00,0.0,83.3,83.3
2026-05-15 10:00:00,0.0,121.7,121.7
2026-05-15 11:00:00,0.0,128.3,128.3
2026-05-15 12:00:00,0.0,0.0,0.0
2026-05-15 13:00:00,0.0,123.3,123.3
2026-05-15 14:00:00,0.0,68.3,68.3
2026-05-15 15:00:00,0.0,135.0,135.0
2026-05-15 16:00:00,0.0,68.3,68.3
2026-05-15 17:00:00,0.0,150.0,150.0
2026-05-15 18:00:00,0.0,150.0,150.0
2026-05-15 19:00:00,0.0,150.0,150.0
2026-05-15 20:00:00,0.0,150.0,150.0
2026-05-15 21:00:00,0.0,150.0,150.0
2026-05-15 22:00:00,0.0,110.0,110.0
2026-05-15 23:00:00,0.0,150.0,150.0
2026-05-16 00:00:00,0.0,150.0,150.0
2026-05-16 01:00:00,0.0,0.0,0.0
2026-05-16 02:00:00,0.0,76.7,76.7
2026-05-16 03:00:00,0.0,30.0,30.0
2026-05-16 04:00:00,0.0,150.0,150.0
2026-05-16 05:00:00,0.0,150.0,150.0
2026-05-16 06:00:00,0.0,150.0,150.0
2026-05-16 07:00:00,0.0,56.7,56.7
2026-05-16 08:00:00,0.0,150.0,150.0
2026-05-16 09:00:00,0.0,150.0,150.0
2026-05-16 10:00:00,0.0,150.0,150.0
2026-05-16 11:00:00,0.0,88.3,88.3
2026-05-16 12:00:00,0.0,150.0,150.0
2026-05-16 13:00:00,0.0,116.7,116.7
2026-05-16 14:00:00,0.0,118.3,118.3
2026-05-16 15:00:00,0.0,125.0,125.0
2026-05-16 16:00:00,0.0,110.0,110.0
2026-05-16 17:00:00,0.0,11.7,11.7
2026-05-16 18:00:00,0.0,150.0,150.0
2026-05-16 19:00:00,0.0,90.0,90.0
2026-05-16 20:00:00,0.0,75.0,75.0
2026-05-16 21:00:00,0.0,18.3,18.3
2026-05-16 22:00:00,0.0,150.0,150.0
2026-05-16 23:00:00,0.0,60.0,60.0
2026-05-17 00:00:00,0.0,150.0,150.0
2026-05-17 01:00:00,0.0,123.3,123.3
2026-05-17 02:00:00,0.0,115.0,115.0
2026-05-17 03:00:00,0.0,63.3,63.3
2026-05-17 04:00:00,0.0,150.0,150.0
2026-05-17 05:00:00,0.0,56.7,56.7
2026-05-17 06:00:00,0.0,150.0,150.0
2026-05-17 07:00:00,0.0,150.0,150.0
2026-05-17 08:00:00,0.0,150.0,150.0
2026-05-17 09:00:00,0.0,150.0,150.0
2026-05-17 10:00:00,0.0,150.0,150.0
2026-05-17 11:00:00,0.0,145.0,145.0
2026-05-17 12:00:00,0.0,133.3,133.3
2026-05-17 13:00:00,0.0,150.0,150.0
2026-05-17 14:00:00,0.0,150.0,150.0
2026-05-17 15:00:00,0.0,150.0,150.0
2026-05-17 16:00:00,0.0,150.0,150.0
2026-05-17 17:00:00,0.0,150.0,150.0
2026-05-17 18:00:00,0.0,123.3,123.3
2026-05-17 19:00:00,0.0,150.0,150.0
2026-05-17 20:00:00,0.0,96.7,96.7
2026-05-17 21:00:00,0.0,150.0,150.0
2026-05-17 22:00:00,0.0,48.3,48.3
2026-05-17 23:00:00,0.0,150.0,150.0
2026-05-18 00:00:00,0.0,150.0,150.0
2026-05-18 01:00:00,0.0,131.7,131.7
2026-05-18 02:00:00,0.0,150.0,150.0
2026-05-18 03:00:00,0.0,91.7,91.7
2026-05-18 04:00:00,0.0,150.0,150.0
2026-05-18 05:00:00,0.0,150.0,150.0
2026-05-18 06:00:00,0.0,145.0,145.0
2026-05-18 07:00:00,0.0,150.0,150.0
2026-05-18 08:00:00,0.0,150.0,150.0
2026-05-18 09:00:00,0.0,150.0,150.0
2026-05-18 10:00:00,0.0,106.7,106.7
2026-05-18 11:00:00,0.0,150.0,150.0
2026-05-18 12:00:00,0.0,150.0,150.0
2026-05-18 13:00:00,0.0,150.0,150.0
2026-05-18 14:00:00,0.0,150.0,150.0
2026-05-18 15:00:00,0.0,58.3,58.3
2026-05-18 16:00:00,0.0,141.7,141.7
2026-05-18 17:00:00,0.0,150.0,150.0
2026-05-18 18:00:00,0.0,150.0,150.0
2026-05-18 19:00:00,0.0,10.0,10.0
2026-05-18 20:00:00,0.0,150.0,150.0
2026-05-18 21:00:00,0.0,150.0,150.0
2026-05-18 22:00:00,0.0,150.0,150.0
2026-05-18 23:00:00,0.0,150.0,150.0
2026-05-19 00:00:00,0.0,150.0,150.0
2026-05-19 01:00:00,0.0,138.3,138.3
2026-05-19 02:00:00,0.0,50.0,50.0
2026-05-19 03:00:00,0.0,150.0,150.0
2026-05-19 04:00:00,0.0,150.0,150.0
2026-05-19 05:00:00,0.0,20.0,20.0
2026-05-19 06:00:00,0.0,18.3,18.3
2026-05-19 07:00:00,0.0,150.0,150.0
2026-05-19 08:00:00,0.0,150.0,150.0
2026-05-19 09:00:00,0.0,78.3,78.3
2026-05-19 10:00:00,0.0,123.3,123.3
2026-05-19 11:00:00,0.0,150.0,150.0
2026-05-19 12:00:00,0.0,150.0,150.0
2026-05-19 13:00:00,0.0,150.0,150.0
2026-05-19 14:00:00,0.0,118.3,118.3
2026-05-19 15:00:00,0.0,125.0,125.0
2026-05-19 16:00:00,0.0,103.3,103.3
2026-05-19 17:00:00,0.0,126.7,126.7
2026-05-19 18:00:00,0.0,150.0,150.0
2026-05-19 19:00:00,0.0,150.0,150.0
2026-05-19 20:00:00,0.0,128.3,128.3
2026-05-19 21:00:00,0.0,150.0,150.0
2026-05-19 22:00:00,0.0,150.0,150.0
2026-05-19 23:00:00,0.0,125.0,125.0
2026-05-20 00:00:00,0.0,65.0,65.0
2026-05-20 01:00:00,0.0,128.3,128.3
2026-05-20 02:00:00,0.0,150.0,150.0
2026-05-20 03:00:00,0.0,150.0,150.0
2026-05-20 04:00:00,0.0,150.0,150.0
2026-05-20 05:00:00,0.0,150.0,150.0
2026-05-20 06:00:00,0.0,150.0,150.0
2026-05-20 07:00:00,0.0,143.3,143.3
2026-05-20 08:00:00,0.0,150.0,150.0
2026-05-20 09:00:00,0.0,118.3,118.3
2026-05-20 10:00:00,0.0,111.7,111.7
2026-05-20 11:00:00,0.0,150.0,150.0
2026-05-20 12:00:00,0.0,150.0,150.0
2026-05-20 13:00:00,0.0,150.0,150.0
2026-05-20 14:00:00,0.0,95.0,95.0
2026-05-20 15:00:00,0.0,70.0,70.0
2026-05-20 16:00:00,0.0,150.0,150.0
2026-05-20 17:00:00,0.0,150.0,150.0
2026-05-20 18:00:00,0.0,55.0,55.0
2026-05-20 19:00:00,0.0,150.0,150.0
2026-05-20 20:00:00,0.0,145.0,145.0
2026-05-20 21:00:00,0.0,0.0,0.0
2026-05-20 22:00:00,0.0,93.3,93.3
2026-05-20 23:00:00,0.0,131.7,131.7
2026-05-21 00:00:00,0.0,150.0,150.0
2026-05-21 01:00:00,0.0,150.0,150.0
2026-05-21 02:00:00,0.0,150.0,150.0
2026-05-21 03:00:00,0.0,150.0,150.0
2026-05-21 04:00:00,0.0,150.0,150.0
2026-05-21 05:00:00,0.0,150.0,150.0
2026-05-21 06:00:00,0.0,150.0,150.0
2026-05-21 07:00:00,0.0,150.0,150.0
2026-05-21 08:00:00,0.0,150.0,150.0
2026-05-21 09:00:00,0.0,56.7,56.7
2026-05-21 10:00:00,0.0,150.0,150.0
2026-05-21 11:00:00,0.0,150.0,150.0
2026-05-21 12:00:00,0.0,75.0,75.0
2026-05-21 13:00:00,0.0,150.0,150.0
2026-05-21 14:00:00,0.0,121.7,121.7
2026-05-21 15:00:00,0.0,135.0,135.0
2026-05-21 16:00:00,0.0,150.0,150.0
2026-05-21 17:00:00,0.0,58.3,58.3
2026-05-21 18:00:00,0.0,150.0,150.0
2026-05-21 19:00:00,0.0,103.3,103.3
2026-05-21 20:00:00,0.0,150.0,150.0
2026-05-21 21:00:00,0.0,0.0,0.0
2026-05-21 22:00:00,0.0,150.0,150.0
2026-05-21 23:00:00,0.0,143.3,143.3
2026-05-22 00:00:00,0.0,93.3,93.3
2026-05-22 01:00:00,0.0,150.0,150.0
2026-05-22 02:00:00,0.0,43.3,43.3
2026-05-22 03:00:00,0.0,150.0,150.0
2026-05-22 04:00:00,0.0,41.7,41.7
2026-05-22 05:00:00,0.0,150.0,150.0
2026-05-22 06:00:00,0.0,63.3,63.3
2026-05-22 07:00:00,0.0,63.3,63.3
2026-05-22 08:00:00,0.0,138.3,138.3
2026-05-22 09:00:00,0.0,150.0,150.0
2026-05-22 10:00:00,0.0,150.0,150.0
2026-05-22 11:00:00,0.0,148.3,148.3
2026-05-22 12:00:00,0.0,43.3,43.3
2026-05-22 13:00:00,0.0,106.7,106.7
2026-05-22 14:00:00,0.0,58.3,58.3
2026-05-22 15:00:00,0.0,80.0,80.0
2026-05-22 16:00:00,0.0,150.0,150.0
2026-05-22 17:00:00,0.0,150.0,150.0
2026-05-22 18:00:00,0.0,105.0,105.0
2026-05-22 19:00:00,0.0,45.0,45.0
2026-05-22 20:00:00,0.0,150.0,150.0
2026-05-22 21:00:00,0.0,143.3,143.3
2026-05-22 22:00:00,0.0,53.3,53.3
2026-05-22 23:00:00,0.0,58.3,58.3
2026-05-23 00:00:00,0.0,80.0,80.0
2026-05-23 01:00:00,0.0,150.0,150.0
2026-05-23 02:00:00,0.0,130.0,130.0
2026-05-23 03:00:00,0.0,150.0,150.0
2026-05-23 04:00:00,0.0,61.7,61.7
2026-05-23 05:00:00,0.0,136.7,136.7
2026-05-23 06:00:00,0.0,150.0,150.0
2026-05-23 07:00:00,0.0,150.0,150.0
2026-05-23 08:00:00,0.0,150.0,150.0
2026-05-23 09:00:00,0.0,110.0,110.0
2026-05-23 10:00:00,0.0,48.3,48.3
2026-05-23 11:00:00,0.0,150.0,150.0
2026-05-23 12:00:00,0.0,150.0,150.0
2026-05-23 13:00:00,0.0,50.0,50.0
2026-05-23 14:00:00,0.0,150.0,150.0
2026-05-23 15:00:00,0.0,150.0,150.0
2026-05-23 16:00:00,0.0,150.0,150.0
2026-05-23 17:00:00,0.0,131.7,131.7
2026-05-23 18:00:00,0.0,133.3,133.3
2026-05-23 19:00:00,0.0,78.3,78.3
2026-05-23 20:00:00,0.0,60.0,60.0
2026-05-23 21:00:00,0.0,146.7,146.7
2026-05-23 22:00:00,0.0,70.0,70.0
2026-05-23 23:00:00,0.0,120.0,120.0
2026-05-24 00:00:00,0.0,91.7,91.7
2026-05-24 01:00:00,0.0,86.7,86.7
2026-05-24 02:00:00,0.0,20.0,20.0
2026-05-24 03:00:00,0.0,150.0,150.0
2026-05-24 04:00:00,0.0,88.3,88.3
2026-05-24 05:00:00,0.0,55.0,55.0
2026-05-24 06:00:00,0.0,150.0,150.0
2026-05-24 07:00:00,0.0,150.0,150.0
2026-05-24 08:00:00,0.0,150.0,150.0
2026-05-24 09:00:00,0.0,150.0,150.0
2026-05-24 10:00:00,0.0,150.0,150.0
2026-05-24 11:00:00,0.0,150.0,150.0
2026-05-24 12:00:00,0.0,143.3,143.3
2026-05-24 13:00:00,0.0,146.7,146.7
2026-05-24 14:00:00,0.0,73.3,73.3
2026-05-24 15:00:00,0.0,76.7,76.7
2026-05-24 16:00:00,0.0,150.0,150.0
2026-05-24 17:00:00,0.0,100.0,100.0
2026-05-24 18:00:00,0.0,150.0,150.0
2026-05-24 19:00:00,0.0,150.0,150.0
2026-05-24 20:00:00,0.0,23.3,23.3
2026-05-24 21:00:00,0.0,150.0,150.0
2026-05-24 22:00:00,0.0,55.0,55.0
2026-05-24 23:00:00,0.0,150.0,150.0
2026-05-25 00:00:00,0.0,150.0,150.0
2026-05-25 01:00:00,0.0,6.7,6.7
2026-05-25 02:00:00,0.0,150.0,150.0
2026-05-25 03:00:00,0.0,150.0,150.0
2026-05-25 04:00:00,0.0,150.0,150.0
2026-05-25 05:00:00,0.0,150.0,150.0
2026-05-25 06:00:00,0.0,150.0,150.0
2026-05-25 07:00:00,0.0,150.0,150.0
2026-05-25 08:00:00,0.0,150.0,150.0
2026-05-25 09:00:00,0.0,0.0,0.0
2026-05-25 10:00:00,0.0,13.3,13.3
2026-05-25 11:00:00,0.0,150.0,150.0
2026-05-25 12:00:00,0.0,150.0,150.0
2026-05-25 13:00:00,0.0,0.0,0.0
2026-05-25 14:00:00,0.0,125.0,125.0
2026-05-25 15:00:00,0.0,98.3,98.3
2026-05-25 16:00:00,0.0,150.0,150.0
2026-05-25 17:00:00,0.0,150.0,150.0
2026-05-25 18:00:00,0.0,150.0,150.0
2026-05-25 19:00:00,0.0,45.0,45.0
2026-05-25 20:00:00,0.0,76.7,76.7
2026-05-25 21:00:00,0.0,120.0,120.0
2026-05-25 22:00:00,0.0,118.3,118.3
2026-05-25 23:00:00,0.0,150.0,150.0
2026-05-26 00:00:00,0.0,150.0,150.0
2026-05-26 01:00:00,0.0,150.0,150.0
2026-05-26 02:00:00,0.0,1.7,1.7
2026-05-26 03:00:00,0.0,135.0,135.0
2026-05-26 04:00:00,0.0,150.0,150.0
2026-05-26 05:00:00,0.0,150.0,150.0
2026-05-26 06:00:00,0.0,150.0,150.0
2026-05-26 07:00:00,0.0,136.7,136.7
2026-05-26 08:00:00,0.0,75.0,75.0
2026-05-26 09:00:00,0.0,150.0,150.0
2026-05-26 10:00:00,0.0,0.0,0.0
2026-05-26 11:00:00,0.0,150.0,150.0
2026-05-26 12:00:00,0.0,53.3,53.3
2026-05-26 13:00:00,0.0,150.0,150.0
2026-05-26 14:00:00,0.0,121.7,121.7
2026-05-26 15:00:00,0.0,150.0,150.0
2026-05-26 16:00:00,0.0,143.3,143.3
2026-05-26 17:00:00,0.0,150.0,150.0
2026-05-26 18:00:00,0.0,150.0,150.0
2026-05-26 19:00:00,0.0,110.0,110.0
2026-05-26 20:00:00,0.0,150.0,150.0
2026-05-26 21:00:00,0.0,115.0,115.0
2026-05-26 22:00:00,0.0,150.0,150.0
2026-05-26 23:00:00,0.0,100.0,100.0
2026-05-27 00:00:00,0.0,150.0,150.0
2026-05-27 01:00:00,0.0,150.0,150.0
2026-05-27 02:00:00,0.0,150.0,150.0
2026-05-27 03:00:00,0.0,150.0,150.0
2026-05-27 04:00:00,0.0,126.7,126.7
2026-05-27 05:00:00,0.0,150.0,150.0
2026-05-27 06:00:00,0.0,76.7,76.7
2026-05-27 07:00:00,0.0,60.0,60.0
2026-05-27 08:00:00,0.0,141.7,141.7
2026-05-27 09:00:00,0.0,150.0,150.0
2026-05-27 10:00:00,0.0,150.0,150.0
2026-05-27 11:00:00,0.0,128.3,128.3
2026-05-27 12:00:00,0.0,41.7,41.7
2026-05-27 13:00:00,0.0,150.0,150.0
2026-05-27 14:00:00,0.0,130.0,130.0
2026-05-27 15:00:00,0.0,150.0,150.0
2026-05-27 16:00:00,0.0,150.0,150.0
2026-05-27 17:00:00,0.0,150.0,150.0
2026-05-27 18:00:00,0.0,115.0,115.0
2026-05-27 19:00:00,0.0,78.3,78.3
2026-05-27 20:00:00,0.0,150.0,150.0
2026-05-27 21:00:00,0.0,150.0,150.0
2026-05-27 22:00:00,0.0,126.7,126.7
2026-05-27 23:00:00,0.0,150.0,150.0
2026-05-28 00:00:00,0.0,150.0,150.0
2026-05-28 01:00:00,0.0,71.7,71.7
2026-05-28 02:00:00,0.0,150.0,150.0
2026-05-28 03:00:00,0.0,141.7,141.7
2026-05-28 04:00:00,0.0,116.7,116.7
2026-05-28 05:00:00,0.0,88.3,88.3
2026-05-28 06:00:00,0.0,58.3,58.3
2026-05-28 07:00:00,0.0,150.0,150.0
2026-05-28 08:00:00,0.0,150.0,150.0
2026-05-28 09:00:00,0.0,130.0,130.0
2026-05-28 10:00:00,0.0,150.0,150.0
2026-05-28 11:00:00,0.0,53.3,53.3
2026-05-28 12:00:00,0.0,150.0,150.0
2026-05-28 13:00:00,0.0,76.7,76.7
2026-05-28 14:00:00,0.0,25.0,25.0
2026-05-28 15:00:00,0.0,130.0,130.0
2026-05-28 16:00:00,0.0,86.7,86.7
2026-05-28 17:00:00,0.0,150.0,150.0
2026-05-28 18:00:00,0.0,150.0,150.0
2026-05-28 19:00:00,0.0,150.0,150.0
2026-05-28 20:00:00,0.0,146.7,146.7
2026-05-28 21:00:00,0.0,76.7,76.7
2026-05-28 22:00:00,0.0,150.0,150.0
2026-05-28 23:00:00,0.0,150.0,150.0
2026-05-29 00:00:00,0.0,140.0,140.0
2026-05-29 01:00:00,0.0,11.7,11.7
2026-05-29 02:00:00,0.0,150.0,150.0
2026-05-29 03:00:00,0.0,8.3,8.3
2026-05-29 04:00:00,0.0,150.0,150.0
2026-05-29 05:00:00,0.0,55.0,55.0
2026-05-29 06:00:00,0.0,106.7,106.7
2026-05-29 07:00:00,0.0,150.0,150.0
2026-05-29 08:00:00,0.0,150.0,150.0
2026-05-29 09:00:00,0.0,150.0,150.0
2026-05-29 10:00:00,0.0,150.0,150.0
2026-05-29 11:00:00,0.0,150.0,150.0
2026-05-29 12:00:00,0.0,73.3,73.3
2026-05-29 13:00:00,0.0,130.0,130.0
2026-05-29 14:00:00,0.0,150.0,150.0
2026-05-29 15:00:00,0.0,108.3,108.3
2026-05-29 16:00:00,0.0,150.0,150.0
2026-05-29 17:00:00,0.0,150.0,150.0
2026-05-29 18:00:00,0.0,45.0,45.0
2026-05-29 19:00:00,0.0,45.0,45.0
2026-05-29 20:00:00,0.0,150.0,150.0
2026-05-29 21:00:00,0.0,60.0,60.0
2026-05-29 22:00:00,0.0,150.0,150.0
2026-05-29 23:00:00,0.0,113.3,113.3
2026-05-30 00:00:00,0.0,150.0,150.0
2026-05-30 01:00:00,0.0,148.3,148.3
2026-05-30 02:00:00,0.0,150.0,150.0
2026-05-30 03:00:00,0.0,150.0,150.0
2026-05-30 04:00:00,0.0,150.0,150.0
2026-05-30 05:00:00,0.0,115.0,115.0
2026-05-30 06:00:00,0.0,85.0,85.0
2026-05-30 07:00:00,0.0,150.0,150.0
2026-05-30 08:00:00,0.0,128.3,128.3
2026-05-30 09:00:00,0.0,3.3,3.3
2026-05-30 10:00:00,0.0,150.0,150.0
2026-05-30 11:00:00,0.0,128.3,128.3
2026-05-30 12:00:00,0.0,58.3,58.3
2026-05-30 13:00:00,0.0,108.3,108.3
2026-05-30 14:00:00,0.0,101.7,101.7
2026-05-30 15:00:00,0.0,120.0,120.0
2026-05-30 16:00:00,0.0,150.0,150.0
2026-05-30 17:00:00,0.0,96.7,96.7
2026-05-30 18:00:00,0.0,0.0,0.0
2026-05-30 19:00:00,0.0,18.3,18.3
2026-05-30 20:00:00,0.0,150.0,150.0
2026-05-30 21:00:00,0.0,150.0,150.0
2026-05-30 22:00:00,0.0,150.0,150.0
2026-05-30 23:00:00,0.0,150.0,150.0
2026-05-31 00:00:00,0.0,146.7,146.7
2026-05-31 01:00:00,0.0,150.0,150.0
2026-05-31 02:00:00,0.0,150.0,150.0
2026-05-31 03:00:00,0.0,150.0,150.0
2026-05-31 04:00:00,0.0,68.3,68.3
2026-05-31 05:00:00,0.0,63.3,63.3
2026-05-31 06:00:00,0.0,126.7,126.7
2026-05-31 07:00:00,0.0,150.0,150.0
2026-05-31 08:00:00,0.0,105.0,105.0
2026-05-31 09:00:00,0.0,150.0,150.0
2026-05-31 10:00:00,0.0,91.7,91.7
2026-05-31 11:00:00,0.0,150.0,150.0
2026-05-31 12:00:00,0.0,0.0,0.0
2026-05-31 13:00:00,0.0,150.0,150.0
2026-05-31 14:00:00,0.0,140.0,140.0
2026-05-31 15:00:00,0.0,16.7,16.7
2026-05-31 16:00:00,0.0,128.3,128.3
2026-05-31 17:00:00,0.0,150.0,150.0
2026-05-31 18:00:00,0.0,145.0,145.0
2026-05-31 19:00:00,0.0,108.3,108.3
2026-05-31 20:00:00,0.0,150.0,150.0
2026-05-31 21:00:00,0.0,150.0,150.0
2026-05-31 22:00:00,0.0,150.0,150.0
2026-05-31 23:00:00,0.0,150.0,150.0
2026-06-01 00:00:00,0.0,150.0,150.0
2026-06-01 01:00:00,0.0,150.0,150.0
2026-06-01 02:00:00,0.0,150.0,150.0
2026-06-01 03:00:00,0.0,150.0,150.0
2026-06-01 04:00:00,0.0,23.3,23.3
2026-06-01 05:00:00,0.0,0.0,0.0
2026-06-01 06:00:00,0.0,65.0,65.0
2026-06-01 07:00:00,0.0,150.0,150.0
2026-06-01 08:00:00,0.0,0.0,0.0
2026-06-01 09:00:00,0.0,150.0,150.0
2026-06-01 10:00:00,0.0,110.0,110.0
2026-06-01 11:00:00,0.0,148.3,148.3
2026-06-01 12:00:00,0.0,0.0,0.0
2026-06-01 13:00:00,0.0,40.0,40.0
2026-06-01 14:00:00,0.0,101.7,101.7
2026-06-01 15:00:00,0.0,111.7,111.7
2026-06-01 16:00:00,0.0,146.7,146.7
2026-06-01 17:00:00,0.0,88.3,88.3
2026-06-01 18:00:00,0.0,90.0,90.0
2026-06-01 19:00:00,0.0,100.0,100.0
2026-06-01 20:00:00,0.0,60.0,60.0
2026-06-01 21:00:00,0.0,111.7,111.7
2026-06-01 22:00:00,0.0,120.0,120.0
2026-06-01 23:00:00,0.0,95.0,95.0
2026-06-02 00:00:00,0.0,128.3,128.3
2026-06-02 01:00:00,0.0,150.0,150.0
2026-06-02 02:00:00,0.0,70.0,70.0
2026-06-02 03:00:00,0.0,150.0,150.0
2026-06-02 04:00:00,0.0,150.0,150.0
2026-06-02 05:00:00,0.0,120.0,120.0
2026-06-02 06:00:00,0.0,150.0,150.0
2026-06-02 07:00:00,0.0,150.0,150.0
2026-06-02 08:00:00,0.0,150.0,150.0
2026-06-02 09:00:00,0.0,0.0,0.0
2026-06-02 10:00:00,0.0,150.0,150.0
2026-06-02 11:00:00,0.0,150.0,150.0
2026-06-02 12:00:00,0.0,56.7,56.7
2026-06-02 13:00:00,0.0,150.0,150.0
2026-06-02 14:00:00,0.0,113.3,113.3
2026-06-02 15:00:00,0.0,150.0,150.0
2026-06-02 16:00:00,0.0,33.3,33.3
2026-06-02 17:00:00,0.0,138.3,138.3
2026-06-02 18:00:00,0.0,150.0,150.0
2026-06-02 19:00:00,0.0,150.0,150.0
2026-06-02 20:00:00,0.0,150.0,150.0
2026-06-02 21:00:00,0.0,75.0,75.0
2026-06-02 22:00:00,0.0,38.3,38.3
2026-06-02 23:00:00,0.0,150.0,150.0
2026-06-03 00:00:00,0.0,150.0,150.0
2026-06-03 01:00:00,0.0,150.0,150.0
2026-06-03 02:00:00,0.0,150.0,150.0
2026-06-03 03:00:00,0.0,150.0,150.0
2026-06-03 04:00:00,0.0,10.0,10.0
2026-06-03 05:00:00,0.0,141.7,141.7
2026-06-03 06:00:00,0.0,150.0,150.0
2026-06-03 07:00:00,0.0,133.3,133.3
2026-06-03 08:00:00,0.0,150.0,150.0
2026-06-03 09:00:00,0.0,150.0,150.0
2026-06-03 10:00:00,0.0,150.0,150.0
2026-06-03 11:00:00,0.0,150.0,150.0
2026-06-03 12:00:00,0.0,136.7,136.7
2026-06-03 13:00:00,0.0,150.0,150.0
2026-06-03 14:00:00,0.0,6.7,6.7
2026-06-03 15:00:00,0.0,121.7,121.7
2026-06-03 16:00:00,0.0,150.0,150.0
2026-06-03 17:00:00,0.0,85.0,85.0
2026-06-03 18:00:00,0.0,0.0,0.0
2026-06-03 19:00:00,0.0,116.7,116.7
2026-06-03 20:00:00,0.0,150.0,150.0
2026-06-03 21:00:00,0.0,150.0,150.0
2026-06-03 22:00:00,0.0,23.3,23.3
2026-06-03 23:00:00,0.0,0.0,0.0
2026-06-04 00:00:00,0.0,150.0,150.0
2026-06-04 01:00:00,0.0,150.0,150.0
2026-06-04 02:00:00,0.0,68.3,68.3
2026-06-04 03:00:00,0.0,150.0,150.0
2026-06-04 04:00:00,0.0,58.3,58.3
2026-06-04 05:00:00,0.0,0.0,0.0
2026-06-04 06:00:00,0.0,150.0,150.0
2026-06-04 07:00:00,0.0,148.3,148.3
2026-06-04 08:00:00,0.0,140.0,140.0
2026-06-04 09:00:00,0.0,150.0,150.0
2026-06-04 10:00:00,0.0,150.0,150.0
2026-06-04 11:00:00,0.0,150.0,150.0
2026-06-04 12:00:00,0.0,21.7,21.7
2026-06-04 13:00:00,0.0,140.0,140.0
2026-06-04 14:00:00,0.0,150.0,150.0
2026-06-04 15:00:00,0.0,150.0,150.0
2026-06-04 16:00:00,0.0,150.0,150.0
2026-06-04 17:00:00,0.0,41.7,41.7
2026-06-04 18:00:00,0.0,150.0,150.0
2026-06-04 19:00:00,0.0,146.7,146.7
2026-06-04 20:00:00,0.0,88.3,88.3
2026-06-04 21:00:00,0.0,150.0,150.0
2026-06-04 22:00:00,0.0,68.3,68.3
2026-06-04 23:00:00,0.0,150.0,150.0
2026-06-05 00:00:00,0.0,133.3,133.3
2026-06-05 01:00:00,0.0,118.3,118.3
2026-06-05 02:00:00,0.0,141.7,141.7
2026-06-05 03:00:00,0.0,150.0,150.0
2026-06-05 04:00:00,0.0,53.3,53.3
2026-06-05 05:00:00,0.0,66.7,66.7
2026-06-05 06:00:00,0.0,136.7,136.7
2026-06-05 07:00:00,0.0,145.0,145.0
2026-06-05 08:00:00,0.0,85.0,85.0
2026-06-05 09:00:00,0.0,150.0,150.0
2026-06-05 10:00:00,0.0,150.0,150.0
2026-06-05 11:00:00,0.0,115.0,115.0
2026-06-05 12:00:00,0.0,140.0,140.0
2026-06-05 13:00:00,0.0,150.0,150.0
2026-06-05 14:00:00,0.0,85.0,85.0
2026-06-05 15:00:00,0.0,150.0,150.0
2026-06-05 16:00:00,0.0,13.3,13.3
2026-06-05 17:00:00,0.0,11.7,11.7
2026-06-05 18:00:00,0.0,150.0,150.0
2026-06-05 19:00:00,0.0,150.0,150.0
2026-06-05 20:00:00,0.0,101.7,101.7
2026-06-05 21:00:00,0.0,150.0,150.0
2026-06-05 22:00:00,0.0,131.7,131.7
2026-06-05 23:00:00,0.0,150.0,150.0
2026-06-06 00:00:00,0.0,95.0,95.0
2026-06-06 01:00:00,0.0,113.3,113.3
2026-06-06 02:00:00,0.0,150.0,150.0
2026-06-06 03:00:00,0.0,111.7,111.7
2026-06-06 04:00:00,0.0,150.0,150.0
2026-06-06 05:00:00,0.0,136.7,136.7
2026-06-06 06:00:00,0.0,150.0,150.0
2026-06-06 07:00:00,0.0,150.0,150.0
2026-06-06 08:00:00,0.0,41.7,41.7
2026-06-06 09:00:00,0.0,91.7,91.7
2026-06-06 10:00:00,0.0,45.0,45.0
2026-06-06 11:00:00,0.0,150.0,150.0
2026-06-06 12:00:00,0.0,150.0,150.0
2026-06-06 13:00:00,0.0,150.0,150.0
2026-06-06 14:00:00,0.0,93.3,93.3
2026-06-06 15:00:00,0.0,136.7,136.7
2026-06-06 16:00:00,0.0,148.3,148.3
2026-06-06 17:00:00,0.0,150.0,150.0
2026-06-06 18:00:00,0.0,58.3,58.3
2026-06-06 19:00:00,0.0,63.3,63.3
2026-06-06 20:00:00,0.0,150.0,150.0
2026-06-06 21:00:00,0.0,91.7,91.7
2026-06-06 22:00:00,0.0,150.0,150.0
2026-06-06 23:00:00,0.0,150.0,150.0
2026-06-07 00:00:00,0.0,150.0,150.0
2026-06-07 01:00:00,0.0,150.0,150.0
2026-06-07 02:00:00,0.0,150.0,150.0
2026-06-07 03:00:00,0.0,78.3,78.3
2026-06-07 04:00:00,0.0,76.7,76.7
2026-06-07 05:00:00,0.0,150.0,150.0
2026-06-07 06:00:00,0.0,0.0,0.0
2026-06-07 07:00:00,0.0,150.0,150.0
2026-06-07 08:00:00,0.0,93.3,93.3
2026-06-07 09:00:00,0.0,150.0,150.0
2026-06-07 10:00:00,0.0,150.0,150.0
2026-06-07 11:00:00,0.0,60.0,60.0
2026-06-07 12:00:00,0.0,150.0,150.0
2026-06-07 13:00:00,0.0,123.3,123.3
2026-06-07 14:00:00,0.0,150.0,150.0
2026-06-07 15:00:00,0.0,150.0,150.0
2026-06-07 16:00:00,0.0,150.0,150.0
2026-06-07 17:00:00,0.0,98.3,98.3
2026-06-07 18:00:00,0.0,53.3,53.3
2026-06-07 19:00:00,0.0,81.7,81.7
2026-06-07 20:00:00,0.0,150.0,150.0
2026-06-07 21:00:00,0.0,58.3,58.3
2026-06-07 22:00:00,0.0,45.0,45.0
2026-06-07 23:00:00,0.0,150.0,150.0
2026-06-08 00:00:00,0.0,150.0,150.0
2026-06-08 01:00:00,0.0,150.0,150.0
2026-06-08 02:00:00,0.0,93.3,93.3
2026-06-08 03:00:00,0.0,146.7,146.7
2026-06-08 04:00:00,0.0,150.0,150.0
2026-06-08 05:00:00,0.0,150.0,150.0
2026-06-08 06:00:00,0.0,46.7,46.7
2026-06-08 07:00:00,0.0,150.0,150.0
2026-06-08 08:00:00,0.0,150.0,150.0
2026-06-08 09:00:00,0.0,96.7,96.7
2026-06-08 10:00:00,0.0,150.0,150.0
2026-06-08 11:00:00,0.0,150.0,150.0
2026-06-08 12:00:00,0.0,76.7,76.7
2026-06-08 13:00:00,0.0,150.0,150.0
2026-06-08 14:00:00,0.0,150.0,150.0
2026-06-08 15:00:00,0.0,150.0,150.0
2026-06-08 16:00:00,0.0,150.0,150.0
2026-06-08 17:00:00,0.0,150.0,150.0
2026-06-08 18:00:00,0.0,100.0,100.0
2026-06-08 19:00:00,0.0,96.7,96.7
2026-06-08 20:00:00,0.0,150.0,150.0
2026-06-08 21:00:00,0.0,86.7,86.7
2026-06-08 22:00:00,0.0,73.3,73.3
2026-06-08 23:00:00,0.0,121.7,121.7
2026-06-09 00:00:00,0.0,150.0,150.0
2026-06-09 01:00:00,0.0,150.0,150.0
2026-06-09 02:00:00,0.0,150.0,150.0
2026-06-09 03:00:00,0.0,81.7,81.7
2026-06-09 04:00:00,0.0,150.0,150.0
2026-06-09 05:00:00,0.0,138.3,138.3
2026-06-09 06:00:00,0.0,150.0,150.0
2026-06-09 07:00:00,0.0,150.0,150.0
2026-06-09 08:00:00,0.0,150.0,150.0
2026-06-09 09:00:00,0.0,136.7,136.7
2026-06-09 10:00:00,0.0,150.0,150.0
2026-06-09 11:00:00,0.0,28.3,28.3
2026-06-09 12:00:00,0.0,133.3,133.3
2026-06-09 13:00:00,0.0,123.3,123.3
2026-06-09 14:00:00,0.0,150.0,150.0
2026-06-09 15:00:00,0.0,150.0,150.0
2026-06-09 16:00:00,0.0,150.0,150.0
2026-06-09 17:00:00,0.0,18.3,18.3
2026-06-09 18:00:00,0.0,30.0,30.0
2026-06-09 19:00:00,0.0,150.0,150.0
2026-06-09 20:00:00,0.0,73.3,73.3
2026-06-09 21:00:00,0.0,150.0,150.0
2026-06-09 22:00:00,0.0,150.0,150.0
2026-06-09 23:00:00,0.0,120.0,120.0
2026-06-10 00:00:00,0.0,150.0,150.0
2026-06-10 01:00:00,0.0,150.0,150.0
2026-06-10 02:00:00,0.0,150.0,150.0
2026-06-10 03:00:00,0.0,40.0,40.0
2026-06-10 04:00:00,0.0,150.0,150.0
2026-06-10 05:00:00,0.0,150.0,150.0
2026-06-10 06:00:00,0.0,150.0,150.0
2026-06-10 07:00:00,0.0,150.0,150.0
2026-06-10 08:00:00,0.0,118.3,118.3
2026-06-10 09:00:00,0.0,40.0,40.0
2026-06-10 10:00:00,0.0,150.0,150.0
2026-06-10 11:00:00,0.0,108.3,108.3
2026-06-10 12:00:00,0.0,0.0,0.0
2026-06-10 13:00:00,0.0,138.3,138.3
2026-06-10 14:00:00,0.0,0.0,0.0
2026-06-10 15:00:00,0.0,150.0,150.0
2026-06-10 16:00:00,0.0,150.0,150.0
2026-06-10 17:00:00,0.0,150.0,150.0
2026-06-10 18:00:00,0.0,138.3,138.3
2026-06-10 19:00:00,0.0,150.0,150.0
2026-06-10 20:00:00,0.0,98.3,98.3
2026-06-10 21:00:00,0.0,150.0,150.0
2026-06-10 22:00:00,0.0,0.0,0.0
2026-06-10 23:00:00,0.0,143.3,143.3
2026-06-11 00:00:00,0.0,150.0,150.0
2026-06-11 01:00:00,0.0,48.3,48.3
2026-06-11 02:00:00,0.0,150.0,150.0
2026-06-11 03:00:00,0.0,20.0,20.0
2026-06-11 04:00:00,0.0,136.7,136.7
2026-06-11 05:00:00,0.0,150.0,150.0
2026-06-11 06:00:00,0.0,125.0,125.0
2026-06-11 07:00:00,0.0,101.7,101.7
2026-06-11 08:00:00,0.0,148.3,148.3
2026-06-11 09:00:00,0.0,150.0,150.0
2026-06-11 10:00:00,0.0,148.3,148.3
2026-06-11 11:00:00,0.0,0.0,0.0
2026-06-11 12:00:00,0.0,150.0,150.0
2026-06-11 13:00:00,0.0,48.3,48.3
2026-06-11 14:00:00,0.0,150.0,150.0
2026-06-11 15:00:00,0.0,150.0,150.0
2026-06-11 16:00:00,0.0,150.0,150.0
2026-06-11 17:00:00,0.0,150.0,150.0
2026-06-11 18:00:00,0.0,150.0,150.0
2026-06-11 19:00:00,0.0,150.0,150.0
2026-06-11 20:00:00,0.0,150.0,150.0
2026-06-11 21:00:00,0.0,150.0,150.0
2026-06-11 22:00:00,0.0,150.0,150.0
2026-06-11 23:00:00,0.0,96.7,96.7
2026-06-12 00:00:00,0.0,68.3,68.3
2026-06-12 01:00:00,0.0,101.7,101.7
2026-06-12 02:00:00,0.0,150.0,150.0
2026-06-12 03:00:00,0.0,96.7,96.7
2026-06-12 04:00:00,0.0,150.0,150.0
2026-06-12 05:00:00,0.0,150.0,150.0
2026-06-12 06:00:00,0.0,150.0,150.0
2026-06-12 07:00:00,0.0,150.0,150.0
2026-06-12 08:00:00,0.0,150.0,150.0
2026-06-12 09:00:00,0.0,150.0,150.0
2026-06-12 10:00:00,0.0,150.0,150.0
2026-06-12 11:00:00,0.0,81.7,81.7
2026-06-12 12:00:00,0.0,150.0,150.0
2026-06-12 13:00:00,0.0,150.0,150.0
2026-06-12 14:00:00,0.0,150.0,150.0
2026-06-12 15:00:00,0.0,150.0,150.0
2026-06-12 16:00:00,0.0,150.0,150.0
2026-06-12 17:00:00,0.0,150.0,150.0
2026-06-12 18:00:00,0.0,116.7,116.7
2026-06-12 19:00:00,0.0,73.3,73.3
2026-06-12 20:00:00,0.0,150.0,150.0
2026-06-12 21:00:00,0.0,91.7,91.7
2026-06-12 22:00:00,0.0,113.3,113.3
2026-06-12 23:00:00,0.0,150.0,150.0
2026-06-13 00:00:00,0.0,105.0,105.0
2026-06-13 01:00:00,0.0,66.7,66.7
2026-06-13 02:00:00,0.0,33.3,33.3
2026-06-13 03:00:00,0.0,105.0,105.0
2026-06-13 04:00:00,0.0,150.0,150.0
2026-06-13 05:00:00,0.0,150.0,150.0
2026-06-13 06:00:00,0.0,96.7,96.7
2026-06-13 07:00:00,0.0,83.3,83.3
2026-06-13 08:00:00,0.0,83.3,83.3
2026-06-13 09:00:00,0.0,150.0,150.0
2026-06-13 10:00:00,0.0,150.0,150.0
2026-06-13 11:00:00,0.0,55.0,55.0
2026-06-13 12:00:00,0.0,63.3,63.3
2026-06-13 13:00:00,0.0,150.0,150.0
2026-06-13 14:00:00,0.0,150.0,150.0
2026-06-13 15:00:00,0.0,150.0,150.0
2026-06-13 16:00:00,0.0,98.3,98.3
2026-06-13 17:00:00,0.0,150.0,150.0
2026-06-13 18:00:00,0.0,150.0,150.0
2026-06-13 19:00:00,0.0,150.0,150.0
2026-06-13 20:00:00,0.0,150.0,150.0
2026-06-13 21:00:00,0.0,40.0,40.0
2026-06-13 22:00:00,0.0,150.0,150.0
2026-06-13 23:00:00,0.0,0.0,0.0
2026-06-14 00:00:00,0.0,150.0,150.0
2026-06-14 01:00:00,0.0,125.0,125.0
2026-06-14 02:00:00,0.0,108.3,108.3
2026-06-14 03:00:00,0.0,138.3,138.3
2026-06-14 04:00:00,0.0,150.0,150.0
2026-06-14 05:00:00,0.0,63.3,63.3
2026-06-14 06:00:00,0.0,143.3,143.3
2026-06-14 07:00:00,0.0,150.0,150.0
2026-06-14 08:00:00,0.0,150.0,150.0
2026-06-14 09:00:00,0.0,88.3,88.3
2026-06-14 10:00:00,0.0,138.3,138.3
2026-06-14 11:00:00,0.0,120.0,120.0
2026-06-14 12:00:00,0.0,150.0,150.0
2026-06-14 13:00:00,0.0,65.0,65.0
2026-06-14 14:00:00,0.0,150.0,150.0
2026-06-14 15:00:00,0.0,150.0,150.0
2026-06-14 16:00:00,0.0,0.0,0.0
2026-06-14 17:00:00,0.0,150.0,150.0
2026-06-14 18:00:00,0.0,113.3,113.3
2026-06-14 19:00:00,0.0,120.0,120.0
2026-06-14 20:00:00,0.0,150.0,150.0
2026-06-14 21:00:00,0.0,150.0,150.0
2026-06-14 22:00:00,0.0,150.0,150.0
2026-06-14 23:00:00,0.0,150.0,150.0
2026-06-15 00:00:00,0.0,150.0,150.0
2026-06-15 01:00:00,0.0,120.0,120.0
2026-06-15 02:00:00,0.0,150.0,150.0
2026-06-15 03:00:00,0.0,78.3,78.3
2026-06-15 04:00:00,0.0,150.0,150.0
2026-06-15 05:00:00,0.0,150.0,150.0
2026-06-15 06:00:00,0.0,150.0,150.0
2026-06-15 07:00:00,0.0,150.0,150.0
2026-06-15 08:00:00,0.0,133.3,133.3
2026-06-15 09:00:00,0.0,100.0,100.0
2026-06-15 10:00:00,0.0,76.7,76.7
2026-06-15 11:00:00,0.0,148.3,148.3
2026-06-15 12:00:00,0.0,150.0,150.0
2026-06-15 13:00:00,0.0,150.0,150.0
2026-06-15 14:00:00,0.0,150.0,150.0
2026-06-15 15:00:00,0.0,53.3,53.3
2026-06-15 16:00:00,0.0,111.7,111.7
2026-06-15 17:00:00,0.0,148.3,148.3
2026-06-15 18:00:00,0.0,150.0,150.0
2026-06-15 19:00:00,0.0,90.0,90.0
2026-06-15 20:00:00,0.0,0.0,0.0
2026-06-15 21:00:00,0.0,100.0,100.0
2026-06-15 22:00:00,0.0,150.0,150.0
2026-06-15 23:00:00,0.0,128.3,128.3
2026-06-16 00:00:00,0.0,150.0,150.0
2026-06-16 01:00:00,0.0,3.3,3.3
2026-06-16 02:00:00,0.0,150.0,150.0
2026-06-16 03:00:00,0.0,123.3,123.3
2026-06-16 04:00:00,0.0,106.7,106.7
2026-06-16 05:00:00,0.0,68.3,68.3
2026-06-16 06:00:00,0.0,150.0,150.0
2026-06-16 07:00:00,0.0,106.7,106.7
2026-06-16 08:00:00,0.0,135.0,135.0
2026-06-16 09:00:00,0.0,150.0,150.0
2026-06-16 10:00:00,0.0,63.3,63.3
2026-06-16 11:00:00,0.0,150.0,150.0
2026-06-16 12:00:00,0.0,148.3,148.3
2026-06-16 13:00:00,0.0,126.7,126.7
2026-06-16 14:00:00,0.0,150.0,150.0
2026-06-16 15:00:00,0.0,150.0,150.0
2026-06-16 16:00:00,0.0,60.0,60.0
2026-06-16 17:00:00,0.0,90.0,90.0
2026-06-16 18:00:00,0.0,115.0,115.0
2026-06-16 19:00:00,0.0,101.7,101.7
2026-06-16 20:00:00,0.0,150.0,150.0
2026-06-16 21:00:00,0.0,150.0,150.0
2026-06-16 22:00:00,0.0,150.0,150.0
2026-06-16 23:00:00,0.0,150.0,150.0
2026-06-17 00:00:00,0.0,150.0,150.0
2026-06-17 01:00:00,0.0,106.7,106.7
2026-06-17 02:00:00,0.0,1.7,1.7
2026-06-17 03:00:00,0.0,150.0,150.0
2026-06-17 04:00:00,0.0,150.0,150.0
2026-06-17 05:00:00,0.0,150.0,150.0
2026-06-17 06:00:00,0.0,0.0,0.0
2026-06-17 07:00:00,0.0,140.0,140.0
2026-06-17 08:00:00,0.0,150.0,150.0
2026-06-17 09:00:00,0.0,148.3,148.3
2026-06-17 10:00:00,0.0,68.3,68.3
2026-06-17 11:00:00,0.0,150.0,150.0
2026-06-17 12:00:00,0.0,150.0,150.0
2026-06-17 13:00:00,0.0,41.7,41.7
2026-06-17 14:00:00,0.0,53.3,53.3
2026-06-17 15:00:00,0.0,150.0,150.0
2026-06-17 16:00:00,0.0,150.0,150.0
2026-06-17 17:00:00,0.0,150.0,150.0
2026-06-17 18:00:00,0.0,105.0,105.0
2026-06-17 19:00:00,0.0,150.0,150.0
2026-06-17 20:00:00,0.0,16.7,16.7
2026-06-17 21:00:00,0.0,43.3,43.3
2026-06-17 22:00:00,0.0,150.0,150.0
2026-06-17 23:00:00,0.0,150.0,150.0
2026-06-18 00:00:00,0.0,150.0,150.0
2026-06-18 01:00:00,0.0,150.0,150.0
2026-06-18 02:00:00,0.0,65.0,65.0
2026-06-18 03:00:00,0.0,141.7,141.7
2026-06-18 04:00:00,0.0,145.0,145.0
2026-06-18 05:00:00,0.0,150.0,150.0
2026-06-18 06:00:00,0.0,150.0,150.0
2026-06-18 07:00:00,0.0,133.3,133.3
2026-06-18 08:00:00,0.0,150.0,150.0
2026-06-18 09:00:00,0.0,150.0,150.0
2026-06-18 10:00:00,0.0,150.0,150.0
2026-06-18 11:00:00,0.0,70.0,70.0
2026-06-18 12:00:00,0.0,120.0,120.0
2026-06-18 13:00:00,0.0,150.0,150.0
2026-06-18 14:00:00,0.0,150.0,150.0
2026-06-18 15:00:00,0.0,150.0,150.0
2026-06-18 16:00:00,0.0,96.7,96.7
2026-06-18 17:00:00,0.0,150.0,150.0
2026-06-18 18:00:00,0.0,115.0,115.0
2026-06-18 19:00:00,0.0,150.0,150.0
2026-06-18 20:00:00,0.0,16.7,16.7
2026-06-18 21:00:00,0.0,150.0,150.0
2026-06-18 22:00:00,0.0,150.0,150.0
2026-06-18 23:00:00,0.0,150.0,150.0
2026-06-19 00:00:00,0.0,150.0,150.0
2026-06-19 01:00:00,0.0,150.0,150.0
2026-06-19 02:00:00,0.0,150.0,150.0
2026-06-19 03:00:00,0.0,150.0,150.0
2026-06-19 04:00:00,0.0,140.0,140.0
2026-06-19 05:00:00,0.0,150.0,150.0
2026-06-19 06:00:00,0.0,150.0,150.0
2026-06-19 07:00:00,0.0,150.0,150.0
2026-06-19 08:00:00,0.0,150.0,150.0
2026-06-19 09:00:00,0.0,150.0,150.0
2026-06-19 10:00:00,0.0,136.7,136.7
2026-06-19 11:00:00,0.0,0.0,0.0
2026-06-19 12:00:00,0.0,128.3,128.3
2026-06-19 13:00:00,0.0,135.0,135.0
2026-06-19 14:00:00,0.0,83.3,83.3
2026-06-19 15:00:00,0.0,91.7,91.7
2026-06-19 16:00:00,0.0,141.7,141.7
2026-06-19 17:00:00,0.0,90.0,90.0
2026-06-19 18:00:00,0.0,0.0,0.0
2026-06-19 19:00:00,0.0,110.0,110.0
2026-06-19 20:00:00,0.0,150.0,150.0
2026-06-19 21:00:00,0.0,150.0,150.0
2026-06-19 22:00:00,0.0,35.0,35.0
2026-06-19 23:00:00,0.0,16.7,16.7
2026-06-20 00:00:00,0.0,0.0,0.0
2026-06-20 01:00:00,0.0,5.0,5.0
2026-06-20 02:00:00,0.0,150.0,150.0
2026-06-20 03:00:00,0.0,150.0,150.0
2026-06-20 04:00:00,0.0,150.0,150.0
2026-06-20 05:00:00,0.0,91.7,91.7
2026-06-20 06:00:00,0.0,103.3,103.3
2026-06-20 07:00:00,0.0,150.0,150.0
2026-06-20 08:00:00,0.0,96.7,96.7
2026-06-20 09:00:00,0.0,86.7,86.7
2026-06-20 10:00:00,0.0,150.0,150.0
2026-06-20 11:00:00,0.0,150.0,150.0
2026-06-20 12:00:00,0.0,150.0,150.0
2026-06-20 13:00:00,0.0,150.0,150.0
2026-06-20 14:00:00,0.0,150.0,150.0
2026-06-20 15:00:00,0.0,43.3,43.3
2026-06-20 16:00:00,0.0,125.0,125.0
2026-06-20 17:00:00,0.0,35.0,35.0
2026-06-20 18:00:00,0.0,150.0,150.0
2026-06-20 19:00:00,0.0,150.0,150.0
2026-06-20 20:00:00,0.0,150.0,150.0
2026-06-20 21:00:00,0.0,150.0,150.0
2026-06-20 22:00:00,0.0,131.7,131.7
2026-06-20 23:00:00,0.0,150.0,150.0
2026-06-21 00:00:00,0.0,16.7,16.7
2026-06-21 01:00:00,0.0,150.0,150.0
2026-06-21 02:00:00,0.0,33.3,33.3
2026-06-21 03:00:00,0.0,0.0,0.0
2026-06-21 04:00:00,0.0,133.3,133.3
2026-06-21 05:00:00,0.0,150.0,150.0
2026-06-21 06:00:00,0.0,106.7,106.7
2026-06-21 07:00:00,0.0,98.3,98.3
2026-06-21 08:00:00,0.0,150.0,150.0
2026-06-21 09:00:00,0.0,150.0,150.0
2026-06-21 10:00:00,0.0,150.0,150.0
2026-06-21 11:00:00,0.0,66.7,66.7
2026-06-21 12:00:00,0.0,150.0,150.0
2026-06-21 13:00:00,0.0,150.0,150.0
2026-06-21 14:00:00,0.0,148.3,148.3
2026-06-21 15:00:00,0.0,80.0,80.0
2026-06-21 16:00:00,0.0,150.0,150.0
2026-06-21 17:00:00,0.0,53.3,53.3
2026-06-21 18:00:00,0.0,143.3,143.3
2026-06-21 19:00:00,0.0,150.0,150.0
2026-06-21 20:00:00,0.0,150.0,150.0
2026-06-21 21:00:00,0.0,150.0,150.0
2026-06-21 22:00:00,0.0,20.0,20.0
2026-06-21 23:00:00,0.0,123.3,123.3
2026-06-22 00:00:00,0.0,58.3,58.3
2026-06-22 01:00:00,0.0,136.7,136.7
2026-06-22 02:00:00,0.0,0.0,0.0
2026-06-22 03:00:00,0.0,16.7,16.7
2026-06-22 04:00:00,0.0,145.0,145.0
2026-06-22 05:00:00,0.0,140.0,140.0
2026-06-22 06:00:00,0.0,118.3,118.3
2026-06-22 07:00:00,0.0,71.7,71.7
2026-06-22 08:00:00,0.0,150.0,150.0
2026-06-22 09:00:00,0.0,101.7,101.7
2026-06-22 10:00:00,0.0,150.0,150.0
2026-06-22 11:00:00,0.0,150.0,150.0
2026-06-22 12:00:00,0.0,85.0,85.0
2026-06-22 13:00:00,0.0,0.0,0.0
2026-06-22 14:00:00,0.0,150.0,150.0
2026-06-22 15:00:00,0.0,150.0,150.0
2026-06-22 16:00:00,0.0,70.0,70.0
2026-06-22 17:00:00,0.0,150.0,150.0
2026-06-22 18:00:00,0.0,45.0,45.0
2026-06-22 19:00:00,0.0,81.7,81.7
2026-06-22 20:00:00,0.0,150.0,150.0
2026-06-22 21:00:00,0.0,75.0,75.0
2026-06-22 22:00:00,0.0,98.3,98.3
2026-06-22 23:00:00,0.0,115.0,115.0
2026-06-23 00:00:00,0.0,90.0,90.0
2026-06-23 01:00:00,0.0,118.3,118.3
2026-06-23 02:00:00,0.0,116.7,116.7
2026-06-23 03:00:00,0.0,150.0,150.0
2026-06-23 04:00:00,0.0,121.7,121.7
2026-06-23 05:00:00,0.0,150.0,150.0
2026-06-23 06:00:00,0.0,150.0,150.0
2026-06-23 07:00:00,0.0,150.0,150.0
2026-06-23 08:00:00,0.0,110.0,110.0
2026-06-23 09:00:00,0.0,150.0,150.0
2026-06-23 10:00:00,0.0,90.0,90.0
2026-06-23 11:00:00,0.0,150.0,150.0
2026-06-23 12:00:00,0.0,150.0,150.0
2026-06-23 13:00:00,0.0,150.0,150.0
2026-06-23 14:00:00,0.0,150.0,150.0
2026-06-23 15:00:00,0.0,150.0,150.0
2026-06-23 16:00:00,0.0,150.0,150.0
2026-06-23 17:00:00,0.0,150.0,150.0
2026-06-23 18:00:00,0.0,150.0,150.0
2026-06-23 19:00:00,0.0,150.0,150.0
2026-06-23 20:00:00,0.0,150.0,150.0
2026-06-23 21:00:00,0.0,150.0,150.0
2026-06-23 22:00:00,0.0,150.0,150.0
2026-06-23 23:00:00,0.0,48.3,48.3
2026-06-24 00:00:00,0.0,150.0,150.0
2026-06-24 01:00:00,0.0,150.0,150.0
2026-06-24 02:00:00,0.0,150.0,150.0
2026-06-24 03:00:00,0.0,118.3,118.3
2026-06-24 04:00:00,0.0,0.0,0.0
2026-06-24 05:00:00,0.0,136.7,136.7
2026-06-24 06:00:00,0.0,150.0,150.0
2026-06-24 07:00:00,0.0,150.0,150.0
2026-06-24 08:00:00,0.0,150.0,150.0
2026-06-24 09:00:00,0.0,101.7,101.7
2026-06-24 10:00:00,0.0,121.7,121.7
2026-06-24 11:00:00,0.0,150.0,150.0
2026-06-24 12:00:00,0.0,150.0,150.0
2026-06-24 13:00:00,0.0,150.0,150.0
2026-06-24 14:00:00,0.0,80.0,80.0
2026-06-24 15:00:00,0.0,0.0,0.0
2026-06-24 16:00:00,0.0,53.3,53.3
2026-06-24 17:00:00,0.0,115.0,115.0
2026-06-24 18:00:00,0.0,48.3,48.3
2026-06-24 19:00:00,0.0,150.0,150.0
2026-06-24 20:00:00,0.0,76.7,76.7
2026-06-24 21:00:00,0.0,83.3,83.3
2026-06-24 22:00:00,0.0,150.0,150.0
2026-06-24 23:00:00,0.0,150.0,150.0
2026-06-25 00:00:00,0.0,150.0,150.0
2026-06-25 01:00:00,0.0,98.3,98.3
2026-06-25 02:00:00,0.0,33.3,33.3
2026-06-25 03:00:00,0.0,150.0,150.0
2026-06-25 04:00:00,0.0,150.0,150.0
2026-06-25 05:00:00,0.0,150.0,150.0
2026-06-25 06:00:00,0.0,150.0,150.0
2026-06-25 07:00:00,0.0,83.3,83.3
2026-06-25 08:00:00,0.0,150.0,150.0
2026-06-25 09:00:00,0.0,150.0,150.0
2026-06-25 10:00:00,0.0,123.3,123.3
2026-06-25 11:00:00,0.0,150.0,150.0
2026-06-25 12:00:00,0.0,106.7,106.7
2026-06-25 13:00:00,0.0,150.0,150.0
2026-06-25 14:00:00,0.0,126.7,126.7
2026-06-25 15:00:00,0.0,150.0,150.0
2026-06-25 16:00:00,0.0,61.7,61.7
2026-06-25 17:00:00,0.0,150.0,150.0
2026-06-25 18:00:00,0.0,150.0,150.0
2026-06-25 19:00:00,0.0,150.0,150.0
2026-06-25 20:00:00,0.0,150.0,150.0
2026-06-25 21:00:00,0.0,150.0,150.0
2026-06-25 22:00:00,0.0,150.0,150.0
2026-06-25 23:00:00,0.0,101.7,101.7
2026-06-26 00:00:00,0.0,150.0,150.0
2026-06-26 01:00:00,0.0,68.3,68.3
2026-06-26 02:00:00,0.0,150.0,150.0
2026-06-26 03:00:00,0.0,150.0,150.0
2026-06-26 04:00:00,0.0,110.0,110.0
2026-06-26 05:00:00,0.0,91.7,91.7
2026-06-26 06:00:00,0.0,150.0,150.0
2026-06-26 07:00:00,0.0,150.0,150.0
2026-06-26 08:00:00,0.0,150.0,150.0
2026-06-26 09:00:00,0.0,108.3,108.3
2026-06-26 10:00:00,0.0,150.0,150.0
2026-06-26 11:00:00,0.0,68.3,68.3
2026-06-26 12:00:00,0.0,103.3,103.3
2026-06-26 13:00:00,0.0,0.0,0.0
2026-06-26 14:00:00,0.0,150.0,150.0
2026-06-26 15:00:00,0.0,150.0,150.0
2026-06-26 16:00:00,0.0,88.3,88.3
2026-06-26 17:00:00,0.0,48.3,48.3
2026-06-26 18:00:00,0.0,140.0,140.0
2026-06-26 19:00:00,0.0,150.0,150.0
2026-06-26 20:00:00,0.0,150.0,150.0
2026-06-26 21:00:00,0.0,150.0,150.0
2026-06-26 22:00:00,0.0,150.0,150.0
2026-06-26 23:00:00,0.0,150.0,150.0
2026-06-27 00:00:00,0.0,150.0,150.0
2026-06-27 01:00:00,0.0,70.0,70.0
2026-06-27 02:00:00,0.0,150.0,150.0
2026-06-27 03:00:00,0.0,93.3,93.3
2026-06-27 04:00:00,0.0,120.0,120.0
2026-06-27 05:00:00,0.0,150.0,150.0
2026-06-27 06:00:00,0.0,106.7,106.7
2026-06-27 07:00:00,0.0,150.0,150.0
2026-06-27 08:00:00,0.0,150.0,150.0
2026-06-27 09:00:00,0.0,150.0,150.0
2026-06-27 10:00:00,0.0,150.0,150.0
2026-06-27 11:00:00,0.0,75.0,75.0
2026-06-27 12:00:00,0.0,150.0,150.0
2026-06-27 13:00:00,0.0,150.0,150.0
2026-06-27 14:00:00,0.0,150.0,150.0
2026-06-27 15:00:00,0.0,73.3,73.3
2026-06-27 16:00:00,0.0,150.0,150.0
2026-06-27 17:00:00,0.0,30.0,30.0
2026-06-27 18:00:00,0.0,150.0,150.0
2026-06-27 19:00:00,0.0,150.0,150.0
2026-06-27 20:00:00,0.0,150.0,150.0
2026-06-27 21:00:00,0.0,58.3,58.3
2026-06-27 22:00:00,0.0,56.7,56.7
2026-06-27 23:00:00,0.0,3.3,3.3
2026-06-28 00:00:00,0.0,150.0,150.0
2026-06-28 01:00:00,0.0,150.0,150.0
2026-06-28 02:00:00,0.0,100.0,100.0
2026-06-28 03:00:00,0.0,101.7,101.7
2026-06-28 04:00:00,0.0,150.0,150.0
2026-06-28 05:00:00,0.0,150.0,150.0
2026-06-28 06:00:00,0.0,0.0,0.0
2026-06-28 07:00:00,0.0,88.3,88.3
2026-06-28 08:00:00,0.0,106.7,106.7
2026-06-28 09:00:00,0.0,38.3,38.3
2026-06-28 10:00:00,0.0,150.0,150.0
2026-06-28 11:00:00,0.0,106.7,106.7
2026-06-28 12:00:00,0.0,150.0,150.0
2026-06-28 13:00:00,0.0,96.7,96.7
2026-06-28 14:00:00,0.0,150.0,150.0
2026-06-28 15:00:00,0.0,150.0,150.0
2026-06-28 16:00:00,0.0,150.0,150.0
2026-06-28 17:00:00,0.0,113.3,113.3
2026-06-28 18:00:00,0.0,150.0,150.0
2026-06-28 19:00:00,0.0,113.3,113.3
2026-06-28 20:00:00,0.0,150.0,150.0
2026-06-28 21:00:00,0.0,75.0,75.0
2026-06-28 22:00:00,0.0,150.0,150.0
2026-06-28 23:00:00,0.0,150.0,150.0
2026-06-29 00:00:00,0.0,73.3,73.3
2026-06-29 01:00:00,0.0,150.0,150.0
2026-06-29 02:00:00,0.0,150.0,150.0
2026-06-29 03:00:00,0.0,46.7,46.7
2026-06-29 04:00:00,0.0,121.7,121.7
2026-06-29 05:00:00,0.0,150.0,150.0
2026-06-29 06:00:00,0.0,150.0,150.0
2026-06-29 07:00:00,0.0,150.0,150.0
2026-06-29 08:00:00,0.0,150.0,150.0
2026-06-29 09:00:00,0.0,56.7,56.7
2026-06-29 10:00:00,0.0,123.3,123.3
2026-06-29 11:00:00,0.0,136.7,136.7
2026-06-29 12:00:00,0.0,150.0,150.0
2026-06-29 13:00:00,0.0,150.0,150.0
2026-06-29 14:00:00,0.0,150.0,150.0
2026-06-29 15:00:00,0.0,138.3,138.3
2026-06-29 16:00:00,0.0,63.3,63.3
2026-06-29 17:00:00,0.0,150.0,150.0
2026-06-29 18:00:00,0.0,150.0,150.0
2026-06-29 19:00:00,0.0,91.7,91.7
2026-06-29 20:00:00,0.0,63.3,63.3
2026-06-29 21:00:00,0.0,150.0,150.0
2026-06-29 22:00:00,0.0,145.0,145.0
2026-06-29 23:00:00,0.0,110.0,110.0
2026-06-30 00:00:00,0.0,11.7,11.7
2026-06-30 01:00:00,0.0,128.3,128.3
2026-06-30 02:00:00,0.0,96.7,96.7
2026-06-30 03:00:00,0.0,60.0,60.0
2026-06-30 04:00:00,0.0,78.3,78.3
2026-06-30 05:00:00,0.0,128.3,128.3
2026-06-30 06:00:00,0.0,150.0,150.0
2026-06-30 07:00:00,0.0,130.0,130.0
2026-06-30 08:00:00,0.0,66.7,66.7
2026-06-30 09:00:00,0.0,150.0,150.0
2026-06-30 10:00:00,0.0,150.0,150.0
2026-06-30 11:00:00,0.0,150.0,150.0
2026-06-30 12:00:00,0.0,0.0,0.0
2026-06-30 13:00:00,0.0,150.0,150.0
2026-06-30 14:00:00,0.0,83.3,83.3
2026-06-30 15:00:00,0.0,148.3,148.3
2026-06-30 16:00:00,0.0,150.0,150.0
2026-06-30 17:00:00,0.0,150.0,150.0
2026-06-30 18:00:00,0.0,55.0,55.0
2026-06-30 19:00:00,0.0,60.0,60.0
2026-06-30 20:00:00,0.0,115.0,115.0
2026-06-30 21:00:00,0.0,31.7,31.7
2026-06-30 22:00:00,0.0,103.3,103.3
2026-06-30 23:00:00,0.0,150.0,150.0
2026-07-01 00:00:00,0.0,50.0,50.0
2026-07-01 01:00:00,0.0,150.0,150.0
2026-07-01 02:00:00,0.0,116.7,116.7
2026-07-01 03:00:00,0.0,150.0,150.0
2026-07-01 04:00:00,0.0,150.0,150.0
2026-07-01 05:00:00,0.0,146.7,146.7
2026-07-01 06:00:00,0.0,150.0,150.0
2026-07-01 07:00:00,0.0,75.0,75.0
2026-07-01 08:00:00,0.0,73.3,73.3
2026-07-01 09:00:00,0.0,150.0,150.0
2026-07-01 10:00:00,0.0,150.0,150.0
2026-07-01 11:00:00,0.0,150.0,150.0
2026-07-01 12:00:00,0.0,150.0,150.0
2026-07-01 13:00:00,0.0,38.3,38.3
2026-07-01 14:00:00,0.0,95.0,95.0
2026-07-01 15:00:00,0.0,73.3,73.3
2026-07-01 16:00:00,0.0,150.0,150.0
2026-07-01 17:00:00,0.0,150.0,150.0
2026-07-01 18:00:00,0.0,150.0,150.0
2026-07-01 19:00:00,0.0,150.0,150.0
2026-07-01 20:00:00,0.0,148.3,148.3
2026-07-01 21:00:00,0.0,123.3,123.3
2026-07-01 22:00:00,0.0,101.7,101.7
2026-07-01 23:00:00,0.0,150.0,150.0
2026-07-02 00:00:00,0.0,150.0,150.0
2026-07-02 01:00:00,0.0,106.7,106.7
2026-07-02 02:00:00,0.0,0.0,0.0
2026-07-02 03:00:00,0.0,150.0,150.0
2026-07-02 04:00:00,0.0,0.0,0.0
2026-07-02 05:00:00,0.0,150.0,150.0
2026-07-02 06:00:00,0.0,116.7,116.7
2026-07-02 07:00:00,0.0,150.0,150.0
2026-07-02 08:00:00,0.0,150.0,150.0
2026-07-02 09:00:00,0.0,120.0,120.0
2026-07-02 10:00:00,0.0,0.0,0.0
2026-07-02 11:00:00,0.0,70.0,70.0
2026-07-02 12:00:00,0.0,0.0,0.0
2026-07-02 13:00:00,0.0,36.7,36.7
2026-07-02 14:00:00,0.0,78.3,78.3
2026-07-02 15:00:00,0.0,145.0,145.0
2026-07-02 16:00:00,0.0,70.0,70.0
2026-07-02 17:00:00,0.0,150.0,150.0
2026-07-02 18:00:00,0.0,150.0,150.0
2026-07-02 19:00:00,0.0,150.0,150.0
2026-07-02 20:00:00,0.0,85.0,85.0
2026-07-02 21:00:00,0.0,150.0,150.0
2026-07-02 22:00:00,0.0,150.0,150.0
2026-07-02 23:00:00,0.0,150.0,150.0
2026-07-03 00:00:00,0.0,130.0,130.0
2026-07-03 01:00:00,0.0,48.3,48.3
2026-07-03 02:00:00,0.0,0.0,0.0
2026-07-03 03:00:00,0.0,115.0,115.0
2026-07-03 04:00:00,0.0,150.0,150.0
2026-07-03 05:00:00,0.0,150.0,150.0
2026-07-03 06:00:00,0.0,150.0,150.0
2026-07-03 07:00:00,0.0,150.0,150.0
2026-07-03 08:00:00,0.0,150.0,150.0
2026-07-03 09:00:00,0.0,90.0,90.0
2026-07-03 10:00:00,0.0,150.0,150.0
2026-07-03 11:00:00,0.0,150.0,150.0
2026-07-03 12:00:00,0.0,130.0,130.0
2026-07-03 13:00:00,0.0,150.0,150.0
2026-07-03 14:00:00,0.0,150.0,150.0
2026-07-03 15:00:00,0.0,150.0,150.0
2026-07-03 16:00:00,0.0,150.0,150.0
2026-07-03 17:00:00,0.0,150.0,150.0
2026-07-03 18:00:00,0.0,150.0,150.0
2026-07-03 19:00:00,0.0,143.3,143.3
2026-07-03 20:00:00,0.0,150.0,150.0
2026-07-03 21:00:00,0.0,120.0,120.0
2026-07-03 22:00:00,0.0,150.0,150.0
2026-07-03 23:00:00,0.0,125.0,125.0
2026-07-04 00:00:00,0.0,126.7,126.7
2026-07-04 01:00:00,0.0,150.0,150.0
2026-07-04 02:00:00,0.0,123.3,123.3
2026-07-04 03:00:00,0.0,141.7,141.7
2026-07-04 04:00:00,0.0,150.0,150.0
2026-07-04 05:00:00,0.0,108.3,108.3
2026-07-04 06:00:00,0.0,145.0,145.0
2026-07-04 07:00:00,0.0,113.3,113.3
2026-07-04 08:00:00,0.0,0.0,0.0
2026-07-04 09:00:00,0.0,150.0,150.0
2026-07-04 10:00:00,0.0,150.0,150.0
2026-07-04 11:00:00,0.0,150.0,150.0
2026-07-04 12:00:00,0.0,41.7,41.7
2026-07-04 13:00:00,0.0,41.7,41.7
2026-07-04 14:00:00,0.0,150.0,150.0
2026-07-04 15:00:00,0.0,55.0,55.0
2026-07-04 16:00:00,0.0,36.7,36.7
2026-07-04 17:00:00,0.0,126.7,126.7
2026-07-04 18:00:00,0.0,150.0,150.0
2026-07-04 19:00:00,0.0,90.0,90.0
2026-07-04 20:00:00,0.0,141.7,141.7
2026-07-04 21:00:00,0.0,43.3,43.3
2026-07-04 22:00:00,0.0,150.0,150.0
2026-07-04 23:00:00,0.0,150.0,150.0
2026-07-05 00:00:00,0.0,118.3,118.3
2026-07-05 01:00:00,0.0,150.0,150.0
2026-07-05 02:00:00,0.0,150.0,150.0
2026-07-05 03:00:00,0.0,71.7,71.7
2026-07-05 04:00:00,0.0,150.0,150.0
2026-07-05 05:00:00,0.0,61.7,61.7
2026-07-05 06:00:00,0.0,150.0,150.0
2026-07-05 07:00:00,0.0,150.0,150.0
2026-07-05 08:00:00,0.0,150.0,150.0
2026-07-05 09:00:00,0.0,80.0,80.0
2026-07-05 10:00:00,0.0,130.0,130.0
2026-07-05 11:00:00,0.0,150.0,150.0
2026-07-05 12:00:00,0.0,150.0,150.0
2026-07-05 13:00:00,0.0,150.0,150.0
2026-07-05 14:00:00,0.0,150.0,150.0
2026-07-05 15:00:00,0.0,146.7,146.7
2026-07-05 16:00:00,0.0,150.0,150.0
2026-07-05 17:00:00,0.0,150.0,150.0
2026-07-05 18:00:00,0.0,20.0,20.0
2026-07-05 19:00:00,0.0,148.3,148.3
2026-07-05 20:00:00,0.0,150.0,150.0
2026-07-05 21:00:00,0.0,138.3,138.3
2026-07-05 22:00:00,0.0,150.0,150.0
2026-07-05 23:00:00,0.0,111.7,111.7
2026-07-06 00:00:00,0.0,150.0,150.0
2026-07-06 01:00:00,0.0,140.0,140.0
2026-07-06 02:00:00,0.0,71.7,71.7
2026-07-06 03:00:00,0.0,0.0,0.0
2026-07-06 04:00:00,0.0,150.0,150.0
2026-07-06 05:00:00,0.0,88.3,88.3
2026-07-06 06:00:00,0.0,150.0,150.0
2026-07-06 07:00:00,0.0,130.0,130.0
2026-07-06 08:00:00,0.0,53.3,53.3
2026-07-06 09:00:00,0.0,85.0,85.0
2026-07-06 10:00:00,0.0,150.0,150.0
2026-07-06 11:00:00,0.0,150.0,150.0
2026-07-06 12:00:00,0.0,150.0,150.0
2026-07-06 13:00:00,0.0,150.0,150.0
2026-07-06 14:00:00,0.0,150.0,150.0
2026-07-06 15:00:00,0.0,150.0,150.0
2026-07-06 16:00:00,0.0,150.0,150.0
2026-07-06 17:00:00,0.0,150.0,150.0
2026-07-06 18:00:00,0.0,35.0,35.0
2026-07-06 19:00:00,0.0,18.3,18.3
2026-07-06 20:00:00,0.0,133.3,133.3
2026-07-06 21:00:00,0.0,150.0,150.0
2026-07-06 22:00:00,0.0,150.0,150.0
2026-07-06 23:00:00,0.0,150.0,150.0
2026-07-07 00:00:00,0.0,85.0,85.0
2026-07-07 01:00:00,0.0,150.0,150.0
2026-07-07 02:00:00,0.0,150.0,150.0
2026-07-07 03:00:00,0.0,136.7,136.7
2026-07-07 04:00:00,0.0,150.0,150.0
2026-07-07 05:00:00,0.0,140.0,140.0
2026-07-07 06:00:00,0.0,150.0,150.0
2026-07-07 07:00:00,0.0,113.3,113.3
2026-07-07 08:00:00,0.0,108.3,108.3
2026-07-07 09:00:00,0.0,150.0,150.0
2026-07-07 10:00:00,0.0,6.7,6.7
2026-07-07 11:00:00,0.0,150.0,150.0
2026-07-07 12:00:00,0.0,41.7,41.7
2026-07-07 13:00:00,0.0,86.7,86.7
2026-07-07 14:00:00,0.0,150.0,150.0
2026-07-07 15:00:00,0.0,136.7,136.7
2026-07-07 16:00:00,0.0,140.0,140.0
2026-07-07 17:00:00,0.0,105.0,105.0
2026-07-07 18:00:00,0.0,150.0,150.0
2026-07-07 19:00:00,0.0,48.3,48.3
2026-07-07 20:00:00,0.0,146.7,146.7
2026-07-07 21:00:00,0.0,20.0,20.0
2026-07-07 22:00:00,0.0,150.0,150.0
2026-07-07 23:00:00,0.0,146.7,146.7
2026-07-08 00:00:00,0.0,90.0,90.0
2026-07-08 01:00:00,0.0,73.3,73.3
2026-07-08 02:00:00,0.0,150.0,150.0
2026-07-08 03:00:00,0.0,150.0,150.0
2026-07-08 04:00:00,0.0,150.0,150.0
2026-07-08 05:00:00,0.0,26.7,26.7
2026-07-08 06:00:00,0.0,150.0,150.0
2026-07-08 07:00:00,0.0,66.7,66.7
2026-07-08 08:00:00,0.0,150.0,150.0
2026-07-08 09:00:00,0.0,0.0,0.0
2026-07-08 10:00:00,0.0,150.0,150.0
2026-07-08 11:00:00,0.0,150.0,150.0
2026-07-08 12:00:00,0.0,125.0,125.0
2026-07-08 13:00:00,0.0,150.0,150.0
2026-07-08 14:00:00,0.0,150.0,150.0
2026-07-08 15:00:00,0.0,116.7,116.7
2026-07-08 16:00:00,0.0,98.3,98.3
2026-07-08 17:00:00,0.0,100.0,100.0
2026-07-08 18:00:00,0.0,150.0,150.0
2026-07-08 19:00:00,0.0,126.7,126.7
2026-07-08 20:00:00,0.0,150.0,150.0
2026-07-08 21:00:00,0.0,121.7,121.7
2026-07-08 22:00:00,0.0,150.0,150.0
2026-07-08 23:00:00,0.0,126.7,126.7
2026-07-09 00:00:00,0.0,51.7,51.7
2026-07-09 01:00:00,0.0,150.0,150.0
2026-07-09 02:00:00,0.0,0.0,0.0
2026-07-09 03:00:00,0.0,150.0,150.0
2026-07-09 04:00:00,0.0,150.0,150.0
2026-07-09 05:00:00,0.0,61.7,61.7
2026-07-09 06:00:00,0.0,136.7,136.7
2026-07-09 07:00:00,0.0,150.0,150.0
2026-07-09 08:00:00,0.0,25.0,25.0
2026-07-09 09:00:00,0.0,150.0,150.0
2026-07-09 10:00:00,0.0,150.0,150.0
2026-07-09 11:00:00,0.0,110.0,110.0
2026-07-09 12:00:00,0.0,150.0,150.0
2026-07-09 13:00:00,0.0,98.3,98.3
2026-07-09 14:00:00,0.0,131.7,131.7
2026-07-09 15:00:00,0.0,150.0,150.0
2026-07-09 16:00:00,0.0,150.0,150.0
2026-07-09 17:00:00,0.0,61.7,61.7
2026-07-09 18:00:00,0.0,0.0,0.0
2026-07-09 19:00:00,0.0,150.0,150.0
2026-07-09 20:00:00,0.0,108.3,108.3
2026-07-09 21:00:00,0.0,150.0,150.0
2026-07-09 22:00:00,0.0,150.0,150.0
2026-07-09 23:00:00,0.0,68.3,68.3
2026-07-10 00:00:00,0.0,121.7,121.7
2026-07-10 01:00:00,0.0,73.3,73.3
2026-07-10 02:00:00,0.0,150.0,150.0
2026-07-10 03:00:00,0.0,135.0,135.0
2026-07-10 04:00:00,0.0,1.7,1.7
2026-07-10 05:00:00,0.0,150.0,150.0
2026-07-10 06:00:00,0.0,150.0,150.0
2026-07-10 07:00:00,0.0,75.0,75.0
2026-07-10 08:00:00,0.0,150.0,150.0
2026-07-10 09:00:00,0.0,33.3,33.3
2026-07-10 10:00:00,0.0,150.0,150.0
2026-07-10 11:00:00,0.0,136.7,136.7
2026-07-10 12:00:00,0.0,150.0,150.0
2026-07-10 13:00:00,0.0,80.0,80.0
2026-07-10 14:00:00,0.0,150.0,150.0
2026-07-10 15:00:00,0.0,150.0,150.0
2026-07-10 16:00:00,0.0,150.0,150.0
2026-07-10 17:00:00,0.0,150.0,150.0
2026-07-10 18:00:00,0.0,95.0,95.0
2026-07-10 19:00:00,0.0,148.3,148.3
2026-07-10 20:00:00,0.0,150.0,150.0
2026-07-10 21:00:00,0.0,150.0,150.0
2026-07-10 22:00:00,0.0,150.0,150.0
2026-07-10 23:00:00,0.0,150.0,150.0
2026-07-11 00:00:00,0.0,131.7,131.7
2026-07-11 01:00:00,0.0,150.0,150.0
2026-07-11 02:00:00,0.0,150.0,150.0
2026-07-11 03:00:00,0.0,128.3,128.3
2026-07-11 04:00:00,0.0,150.0,150.0
2026-07-11 05:00:00,0.0,150.0,150.0
2026-07-11 06:00:00,0.0,150.0,150.0
2026-07-11 07:00:00,0.0,13.3,13.3
2026-07-11 08:00:00,0.0,146.7,146.7
2026-07-11 09:00:00,0.0,150.0,150.0
2026-07-11 10:00:00,0.0,126.7,126.7
2026-07-11 11:00:00,0.0,150.0,150.0
2026-07-11 12:00:00,0.0,143.3,143.3
2026-07-11 13:00:00,0.0,110.0,110.0
2026-07-11 14:00:00,0.0,83.3,83.3
2026-07-11 15:00:00,0.0,20.0,20.0
2026-07-11 16:00:00,0.0,150.0,150.0
2026-07-11 17:00:00,0.0,150.0,150.0
2026-07-11 18:00:00,0.0,56.7,56.7
2026-07-11 19:00:00,0.0,0.0,0.0
2026-07-11 20:00:00,0.0,0.0,0.0
2026-07-11 21:00:00,0.0,141.7,141.7
2026-07-11 22:00:00,0.0,80.0,80.0
2026-07-11 23:00:00,0.0,55.0,55.0
2026-07-12 00:00:00,0.0,0.0,0.0
2026-07-12 01:00:00,0.0,0.0,0.0
2026-07-12 02:00:00,0.0,150.0,150.0
2026-07-12 03:00:00,0.0,150.0,150.0
2026-07-12 04:00:00,0.0,118.3,118.3
2026-07-12 05:00:00,0.0,90.0,90.0
2026-07-12 06:00:00,0.0,93.3,93.3
2026-07-12 07:00:00,0.0,150.0,150.0
2026-07-12 08:00:00,0.0,150.0,150.0
2026-07-12 09:00:00,0.0,60.0,60.0
2026-07-12 10:00:00,0.0,150.0,150.0
2026-07-12 11:00:00,0.0,118.3,118.3
2026-07-12 12:00:00,0.0,110.0,110.0
2026-07-12 13:00:00,0.0,121.7,121.7
2026-07-12 14:00:00,0.0,150.0,150.0
2026-07-12 15:00:00,0.0,83.3,83.3
2026-07-12 16:00:00,0.0,138.3,138.3
2026-07-12 17:00:00,0.0,98.3,98.3
2026-07-12 18:00:00,0.0,150.0,150.0
2026-07-12 19:00:00,0.0,150.0,150.0
2026-07-12 20:00:00,0.0,150.0,150.0
2026-07-12 21:00:00,0.0,95.0,95.0
2026-07-12 22:00:00,0.0,125.0,125.0
2026-07-12 23:00:00,0.0,138.3,138.3
2026-07-13 00:00:00,0.0,150.0,150.0
2026-07-13 01:00:00,0.0,150.0,150.0
2026-07-13 02:00:00,0.0,146.7,146.7
2026-07-13 03:00:00,0.0,150.0,150.0
2026-07-13 04:00:00,0.0,150.0,150.0
2026-07-13 05:00:00,0.0,75.0,75.0
2026-07-13 06:00:00,0.0,108.3,108.3
2026-07-13 07:00:00,0.0,150.0,150.0
2026-07-13 08:00:00,0.0,143.3,143.3
2026-07-13 09:00:00,0.0,120.0,120.0
2026-07-13 10:00:00,0.0,150.0,150.0
2026-07-13 11:00:00,0.0,0.0,0.0
2026-07-13 12:00:00,0.0,150.0,150.0
2026-07-13 13:00:00,0.0,15.0,15.0
2026-07-13 14:00:00,0.0,0.0,0.0
2026-07-13 15:00:00,0.0,66.7,66.7
2026-07-13 16:00:00,0.0,150.0,150.0
2026-07-13 17:00:00,0.0,150.0,150.0
2026-07-13 18:00:00,0.0,140.0,140.0
2026-07-13 19:00:00,0.0,131.7,131.7
2026-07-13 20:00:00,0.0,150.0,150.0
2026-07-13 21:00:00,0.0,66.7,66.7
2026-07-13 22:00:00,0.0,150.0,150.0
2026-07-13 23:00:00,0.0,150.0,150.0
2026-07-14 00:00:00,0.0,71.7,71.7
2026-07-14 01:00:00,0.0,150.0,150.0
2026-07-14 02:00:00,0.0,15.0,15.0
2026-07-14 03:00:00,0.0,100.0,100.0
2026-07-14 04:00:00,0.0,150.0,150.0
2026-07-14 05:00:00,0.0,136.7,136.7
2026-07-14 06:00:00,0.0,108.3,108.3
2026-07-14 07:00:00,0.0,150.0,150.0
2026-07-14 08:00:00,0.0,81.7,81.7
2026-07-14 09:00:00,0.0,150.0,150.0
2026-07-14 10:00:00,0.0,123.3,123.3
2026-07-14 11:00:00,0.0,108.3,108.3
2026-07-14 12:00:00,0.0,128.3,128.3
2026-07-14 13:00:00,0.0,0.0,0.0
2026-07-14 14:00:00,0.0,150.0,150.0
2026-07-14 15:00:00,0.0,150.0,150.0
2026-07-14 16:00:00,0.0,55.0,55.0
2026-07-14 17:00:00,0.0,51.7,51.7
2026-07-14 18:00:00,0.0,150.0,150.0
2026-07-14 19:00:00,0.0,85.0,85.0
2026-07-14 20:00:00,0.0,125.0,125.0
2026-07-14 21:00:00,0.0,95.0,95.0
2026-07-14 22:00:00,0.0,150.0,150.0
2026-07-14 23:00:00,0.0,76.7,76.7
2026-07-15 00:00:00,0.0,150.0,150.0
2026-07-15 01:00:00,0.0,126.7,126.7
2026-07-15 02:00:00,0.0,115.0,115.0
2026-07-15 03:00:00,0.0,115.0,115.0
2026-07-15 04:00:00,0.0,95.0,95.0
2026-07-15 05:00:00,0.0,135.0,135.0
2026-07-15 06:00:00,0.0,150.0,150.0
2026-07-15 07:00:00,0.0,115.0,115.0
2026-07-15 08:00:00,0.0,108.3,108.3
2026-07-15 09:00:00,0.0,150.0,150.0
2026-07-15 10:00:00,0.0,150.0,150.0
2026-07-15 11:00:00,0.0,150.0,150.0
2026-07-15 12:00:00,0.0,150.0,150.0
2026-07-15 13:00:00,0.0,150.0,150.0
2026-07-15 14:00:00,0.0,98.3,98.3
2026-07-15 15:00:00,0.0,68.3,68.3
2026-07-15 16:00:00,0.0,150.0,150.0
2026-07-15 17:00:00,0.0,98.3,98.3
2026-07-15 18:00:00,0.0,150.0,150.0
2026-07-15 19:00:00,0.0,150.0,150.0
2026-07-15 20:00:00,0.0,0.0,0.0
2026-07-15 21:00:00,0.0,91.7,91.7
2026-07-15 22:00:00,0.0,150.0,150.0
2026-07-15 23:00:00,0.0,150.0,150.0
2026-07-16 00:00:00,0.0,150.0,150.0
2026-07-16 01:00:00,0.0,66.7,66.7
2026-07-16 02:00:00,0.0,150.0,150.0
2026-07-16 03:00:00,0.0,146.7,146.7
2026-07-16 04:00:00,0.0,100.0,100.0
2026-07-16 05:00:00,0.0,150.0,150.0
2026-07-16 06:00:00,0.0,0.0,0.0
2026-07-16 07:00:00,0.0,150.0,150.0
2026-07-16 08:00:00,0.0,150.0,150.0
2026-07-16 09:00:00,0.0,150.0,150.0
2026-07-16 10:00:00,0.0,26.7,26.7
2026-07-16 11:00:00,0.0,150.0,150.0
2026-07-16 12:00:00,0.0,150.0,150.0
2026-07-16 13:00:00,0.0,136.7,136.7
2026-07-16 14:00:00,0.0,150.0,150.0
2026-07-16 15:00:00,0.0,120.0,120.0
2026-07-16 16:00:00,0.0,103.3,103.3
2026-07-16 17:00:00,0.0,83.3,83.3
2026-07-16 18:00:00,0.0,150.0,150.0
2026-07-16 19:00:00,0.0,108.3,108.3
2026-07-16 20:00:00,0.0,28.3,28.3
2026-07-16 21:00:00,0.0,150.0,150.0
2026-07-16 22:00:00,0.0,110.0,110.0
2026-07-16 23:00:00,0.0,106.7,106.7
2026-07-17 00:00:00,0.0,35.0,35.0
2026-07-17 01:00:00,0.0,150.0,150.0
2026-07-17 02:00:00,0.0,33.3,33.3
2026-07-17 03:00:00,0.0,150.0,150.0
2026-07-17 04:00:00,0.0,13.3,13.3
2026-07-17 05:00:00,0.0,145.0,145.0
2026-07-17 06:00:00,0.0,113.3,113.3
2026-07-17 07:00:00,0.0,150.0,150.0
2026-07-17 08:00:00,0.0,138.3,138.3
2026-07-17 09:00:00,0.0,6.7,6.7
2026-07-17 10:00:00,0.0,0.0,0.0
2026-07-17 11:00:00,0.0,150.0,150.0
2026-07-17 12:00:00,0.0,150.0,150.0
2026-07-17 13:00:00,0.0,41.7,41.7
2026-07-17 14:00:00,0.0,131.7,131.7
2026-07-17 15:00:00,0.0,85.0,85.0
2026-07-17 16:00:00,0.0,150.0,150.0
2026-07-17 17:00:00,0.0,118.3,118.3
2026-07-17 18:00:00,0.0,150.0,150.0
2026-07-17 19:00:00,0.0,150.0,150.0
2026-07-17 20:00:00,0.0,1.7,1.7
2026-07-17 21:00:00,0.0,40.0,40.0
2026-07-17 22:00:00,0.0,125.0,125.0
2026-07-17 23:00:00,0.0,150.0,150.0
2026-07-18 00:00:00,0.0,150.0,150.0
2026-07-18 01:00:00,0.0,116.7,116.7
2026-07-18 02:00:00,0.0,150.0,150.0
2026-07-18 03:00:00,0.0,28.3,28.3
2026-07-18 04:00:00,0.0,150.0,150.0
2026-07-18 05:00:00,0.0,0.0,0.0
2026-07-18 06:00:00,0.0,150.0,150.0
2026-07-18 07:00:00,0.0,135.0,135.0
2026-07-18 08:00:00,0.0,96.7,96.7
2026-07-18 09:00:00,0.0,150.0,150.0
2026-07-18 10:00:00,0.0,150.0,150.0
2026-07-18 11:00:00,0.0,150.0,150.0
2026-07-18 12:00:00,0.0,90.0,90.0
2026-07-18 13:00:00,0.0,150.0,150.0
2026-07-18 14:00:00,0.0,71.7,71.7
2026-07-18 15:00:00,0.0,85.0,85.0
2026-07-18 16:00:00,0.0,91.7,91.7
2026-07-18 17:00:00,0.0,126.7,126.7
2026-07-18 18:00:00,0.0,150.0,150.0
2026-07-18 19:00:00,0.0,111.7,111.7
2026-07-18 20:00:00,0.0,86.7,86.7
2026-07-18 21:00:00,0.0,143.3,143.3
2026-07-18 22:00:00,0.0,123.3,123.3
2026-07-18 23:00:00,0.0,75.0,75.0
2026-07-19 00:00:00,0.0,150.0,150.0
2026-07-19 01:00:00,0.0,150.0,150.0
2026-07-19 02:00:00,0.0,150.0,150.0
2026-07-19 03:00:00,0.0,150.0,150.0
2026-07-19 04:00:00,0.0,150.0,150.0
2026-07-19 05:00:00,0.0,88.3,88.3
2026-07-19 06:00:00,0.0,66.7,66.7
2026-07-19 07:00:00,0.0,150.0,150.0
2026-07-19 08:00:00,0.0,100.0,100.0
2026-07-19 09:00:00,0.0,150.0,150.0
2026-07-19 10:00:00,0.0,150.0,150.0
2026-07-19 11:00:00,0.0,150.0,150.0
2026-07-19 12:00:00,0.0,150.0,150.0
2026-07-19 13:00:00,0.0,150.0,150.0
2026-07-19 14:00:00,0.0,150.0,150.0
2026-07-19 15:00:00,0.0,118.3,118.3
2026-07-19 16:00:00,0.0,150.0,150.0
2026-07-19 17:00:00,0.0,105.0,105.0
2026-07-19 18:00:00,0.0,133.3,133.3
2026-07-19 19:00:00,0.0,150.0,150.0
2026-07-19 20:00:00,0.0,133.3,133.3
2026-07-19 21:00:00,0.0,150.0,150.0
2026-07-19 22:00:00,0.0,141.7,141.7
2026-07-19 23:00:00,0.0,98.3,98.3
2026-07-20 00:00:00,0.0,33.3,33.3
2026-07-20 01:00:00,0.0,70.0,70.0
2026-07-20 02:00:00,0.0,150.0,150.0
2026-07-20 03:00:00,0.0,150.0,150.0
2026-07-20 04:00:00,0.0,150.0,150.0
2026-07-20 05:00:00,0.0,146.7,146.7
2026-07-20 06:00:00,0.0,73.3,73.3
2026-07-20 07:00:00,0.0,150.0,150.0
2026-07-20 08:00:00,0.0,98.3,98.3
2026-07-20 09:00:00,0.0,150.0,150.0
2026-07-20 10:00:00,0.0,138.3,138.3
2026-07-20 11:00:00,0.0,150.0,150.0
2026-07-20 12:00:00,0.0,150.0,150.0
2026-07-20 13:00:00,0.0,128.3,128.3
2026-07-20 14:00:00,0.0,85.0,85.0
2026-07-20 15:00:00,0.0,150.0,150.0
2026-07-20 16:00:00,0.0,150.0,150.0
2026-07-20 17:00:00,0.0,150.0,150.0
2026-07-20 18:00:00,0.0,88.3,88.3
2026-07-20 19:00:00,0.0,150.0,150.0
2026-07-20 20:00:00,0.0,150.0,150.0
2026-07-20 21:00:00,0.0,18.3,18.3
2026-07-20 22:00:00,0.0,150.0,150.0
2026-07-20 23:00:00,0.0,150.0,150.0
2026-07-21 00:00:00,0.0,55.0,55.0
2026-07-21 01:00:00,0.0,143.3,143.3
2026-07-21 02:00:00,0.0,146.7,146.7
2026-07-21 03:00:00,0.0,136.7,136.7
2026-07-21 04:00:00,0.0,150.0,150.0
2026-07-21 05:00:00,0.0,93.3,93.3
2026-07-21 06:00:00,0.0,150.0,150.0
2026-07-21 07:00:00,0.0,150.0,150.0
2026-07-21 08:00:00,0.0,66.7,66.7
2026-07-21 09:00:00,0.0,150.0,150.0
2026-07-21 10:00:00,0.0,150.0,150.0
2026-07-21 11:00:00,0.0,150.0,150.0
2026-07-21 12:00:00,0.0,121.7,121.7
2026-07-21 13:00:00,0.0,150.0,150.0
2026-07-21 14:00:00,0.0,0.0,0.0
2026-07-21 15:00:00,0.0,25.0,25.0
2026-07-21 16:00:00,0.0,101.7,101.7
2026-07-21 17:00:00,0.0,150.0,150.0
2026-07-21 18:00:00,0.0,0.0,0.0
2026-07-21 19:00:00,0.0,115.0,115.0
2026-07-21 20:00:00,0.0,0.0,0.0
2026-07-21 21:00:00,0.0,138.3,138.3
2026-07-21 22:00:00,0.0,150.0,150.0
2026-07-21 23:00:00,0.0,115.0,115.0
2026-07-22 00:00:00,0.0,150.0,150.0
2026-07-22 01:00:00,0.0,100.0,100.0
2026-07-22 02:00:00,0.0,150.0,150.0
2026-07-22 03:00:00,0.0,30.0,30.0
2026-07-22 04:00:00,0.0,46.7,46.7
2026-07-22 05:00:00,0.0,150.0,150.0
2026-07-22 06:00:00,0.0,131.7,131.7
2026-07-22 07:00:00,0.0,150.0,150.0
2026-07-22 08:00:00,0.0,43.3,43.3
2026-07-22 09:00:00,0.0,91.7,91.7
2026-07-22 10:00:00,0.0,90.0,90.0
2026-07-22 11:00:00,0.0,56.7,56.7
2026-07-22 12:00:00,0.0,46.7,46.7
2026-07-22 13:00:00,0.0,150.0,150.0
2026-07-22 14:00:00,0.0,150.0,150.0
2026-07-22 15:00:00,0.0,125.0,125.0
2026-07-22 16:00:00,0.0,150.0,150.0
2026-07-22 17:00:00,0.0,150.0,150.0
2026-07-22 18:00:00,0.0,146.7,146.7
2026-07-22 19:00:00,0.0,13.3,13.3
2026-07-22 20:00:00,0.0,75.0,75.0
2026-07-22 21:00:00,0.0,128.3,128.3
2026-07-22 22:00:00,0.0,131.7,131.7
2026-07-22 23:00:00,0.0,70.0,70.0
2026-07-23 00:00:00,0.0,116.7,116.7
2026-07-23 01:00:00,0.0,136.7,136.7
2026-07-23 02:00:00,0.0,31.7,31.7
2026-07-23 03:00:00,0.0,150.0,150.0
2026-07-23 04:00:00,0.0,150.0,150.0
2026-07-23 05:00:00,0.0,150.0,150.0
2026-07-23 06:00:00,0.0,150.0,150.0
2026-07-23 07:00:00,0.0,68.3,68.3
2026-07-23 08:00:00,0.0,150.0,150.0
2026-07-23 09:00:00,0.0,40.0,40.0
2026-07-23 10:00:00,0.0,65.0,65.0
2026-07-23 11:00:00,0.0,11.7,11.7
2026-07-23 12:00:00,0.0,150.0,150.0
2026-07-23 13:00:00,0.0,106.7,106.7
2026-07-23 14:00:00,0.0,150.0,150.0
2026-07-23 15:00:00,0.0,150.0,150.0
2026-07-23 16:00:00,0.0,150.0,150.0
2026-07-23 17:00:00,0.0,0.0,0.0
2026-07-23 18:00:00,0.0,150.0,150.0
2026-07-23 19:00:00,0.0,150.0,150.0
2026-07-23 20:00:00,0.0,150.0,150.0
2026-07-23 21:00:00,0.0,150.0,150.0
2026-07-23 22:00:00,0.0,96.7,96.7
2026-07-23 23:00:00,0.0,150.0,150.0
2026-07-24 00:00:00,0.0,51.7,51.7
2026-07-24 01:00:00,0.0,150.0,150.0
2026-07-24 02:00:00,0.0,61.7,61.7
2026-07-24 03:00:00,0.0,13.3,13.3
2026-07-24 04:00:00,0.0,120.0,120.0
2026-07-24 05:00:00,0.0,150.0,150.0
2026-07-24 06:00:00,0.0,0.0,0.0
2026-07-24 07:00:00,0.0,33.3,33.3
2026-07-24 08:00:00,0.0,150.0,150.0
2026-07-24 09:00:00,0.0,150.0,150.0
2026-07-24 10:00:00,0.0,13.3,13.3
2026-07-24 11:00:00,0.0,150.0,150.0
2026-07-24 12:00:00,0.0,38.3,38.3
2026-07-24 13:00:00,0.0,150.0,150.0
2026-07-24 14:00:00,0.0,150.0,150.0
2026-07-24 15:00:00,0.0,150.0,150.0
2026-07-24 16:00:00,0.0,81.7,81.7
2026-07-24 17:00:00,0.0,130.0,130.0
2026-07-24 18:00:00,0.0,106.7,106.7
2026-07-24 19:00:00,0.0,150.0,150.0
2026-07-24 20:00:00,0.0,150.0,150.0
2026-07-24 21:00:00,0.0,150.0,150.0
2026-07-24 22:00:00,0.0,150.0,150.0
2026-07-24 23:00:00,0.0,150.0,150.0
2026-07-25 00:00:00,0.0,50.0,50.0
2026-07-25 01:00:00,0.0,51.7,51.7
2026-07-25 02:00:00,0.0,145.0,145.0
2026-07-25 03:00:00,0.0,68.3,68.3
2026-07-25 04:00:00,0.0,150.0,150.0
2026-07-25 05:00:00,0.0,61.7,61.7
2026-07-25 06:00:00,0.0,150.0,150.0
2026-07-25 07:00:00,0.0,0.0,0.0
2026-07-25 08:00:00,0.0,0.0,0.0
2026-07-25 09:00:00,0.0,138.3,138.3
2026-07-25 10:00:00,0.0,90.0,90.0
2026-07-25 11:00:00,0.0,0.0,0.0
2026-07-25 12:00:00,0.0,35.0,35.0
2026-07-25 13:00:00,0.0,150.0,150.0
2026-07-25 14:00:00,0.0,131.7,131.7
2026-07-25 15:00:00,0.0,25.0,25.0
2026-07-25 16:00:00,0.0,45.0,45.0
2026-07-25 17:00:00,0.0,81.7,81.7
2026-07-25 18:00:00,0.0,135.0,135.0
2026-07-25 19:00:00,0.0,126.7,126.7
2026-07-25 20:00:00,0.0,143.3,143.3
2026-07-25 21:00:00,0.0,150.0,150.0
2026-07-25 22:00:00,0.0,31.7,31.7
2026-07-25 23:00:00,0.0,121.7,121.7
2026-07-26 00:00:00,0.0,150.0,150.0
2026-07-26 01:00:00,0.0,150.0,150.0
2026-07-26 02:00:00,0.0,150.0,150.0
2026-07-26 03:00:00,0.0,150.0,150.0
2026-07-26 04:00:00,0.0,150.0,150.0
2026-07-26 05:00:00,0.0,150.0,150.0
2026-07-26 06:00:00,0.0,150.0,150.0
2026-07-26 07:00:00,0.0,150.0,150.0
2026-07-26 08:00:00,0.0,148.3,148.3
2026-07-26 09:00:00,0.0,100.0,100.0
2026-07-26 10:00:00,0.0,20.0,20.0
2026-07-26 11:00:00,0.0,141.7,141.7
2026-07-26 12:00:00,0.0,0.0,0.0
2026-07-26 13:00:00,0.0,150.0,150.0
2026-07-26 14:00:00,0.0,131.7,131.7
2026-07-26 15:00:00,0.0,73.3,73.3
2026-07-26 16:00:00,0.0,150.0,150.0
2026-07-26 17:00:00,0.0,150.0,150.0
2026-07-26 18:00:00,0.0,0.0,0.0
2026-07-26 19:00:00,0.0,150.0,150.0
2026-07-26 20:00:00,0.0,106.7,106.7
2026-07-26 21:00:00,0.0,150.0,150.0
2026-07-26 22:00:00,0.0,38.3,38.3
2026-07-26 23:00:00,0.0,111.7,111.7
2026-07-27 00:00:00,0.0,150.0,150.0
2026-07-27 01:00:00,0.0,150.0,150.0
2026-07-27 02:00:00,0.0,150.0,150.0
2026-07-27 03:00:00,0.0,150.0,150.0
2026-07-27 04:00:00,0.0,115.0,115.0
2026-07-27 05:00:00,0.0,150.0,150.0
2026-07-27 06:00:00,0.0,150.0,150.0
2026-07-27 07:00:00,0.0,150.0,150.0
2026-07-27 08:00:00,0.0,150.0,150.0
2026-07-27 09:00:00,0.0,123.3,123.3
2026-07-27 10:00:00,0.0,150.0,150.0
2026-07-27 11:00:00,0.0,131.7,131.7
2026-07-27 12:00:00,0.0,150.0,150.0
2026-07-27 13:00:00,0.0,150.0,150.0
2026-07-27 14:00:00,0.0,150.0,150.0
2026-07-27 15:00:00,0.0,120.0,120.0
2026-07-27 16:00:00,0.0,150.0,150.0
2026-07-27 17:00:00,0.0,58.3,58.3
2026-07-27 18:00:00,0.0,150.0,150.0
2026-07-27 19:00:00,0.0,83.3,83.3
2026-07-27 20:00:00,0.0,150.0,150.0
2026-07-27 21:00:00,0.0,0.0,0.0
2026-07-27 22:00:00,0.0,116.7,116.7
2026-07-27 23:00:00,0.0,78.3,78.3
2026-07-28 00:00:00,0.0,150.0,150.0
2026-07-28 01:00:00,0.0,135.0,135.0
2026-07-28 02:00:00,0.0,150.0,150.0
2026-07-28 03:00:00,0.0,150.0,150.0
2026-07-28 04:00:00,0.0,0.0,0.0
2026-07-28 05:00:00,0.0,105.0,105.0
2026-07-28 06:00:00,0.0,130.0,130.0
2026-07-28 07:00:00,0.0,150.0,150.0
2026-07-28 08:00:00,0.0,150.0,150.0
2026-07-28 09:00:00,0.0,65.0,65.0
2026-07-28 10:00:00,0.0,118.3,118.3
2026-07-28 11:00:00,0.0,128.3,128.3
2026-07-28 12:00:00,0.0,150.0,150.0
2026-07-28 13:00:00,0.0,150.0,150.0
2026-07-28 14:00:00,0.0,0.0,0.0
2026-07-28 15:00:00,0.0,150.0,150.0
2026-07-28 16:00:00,0.0,108.3,108.3
2026-07-28 17:00:00,0.0,150.0,150.0
2026-07-28 18:00:00,0.0,150.0,150.0
2026-07-28 19:00:00,0.0,150.0,150.0
2026-07-28 20:00:00,0.0,20.0,20.0
2026-07-28 21:00:00,0.0,150.0,150.0
2026-07-28 22:00:00,0.0,150.0,150.0
2026-07-28 23:00:00,0.0,60.0,60.0
2026-07-29 00:00:00,0.0,150.0,150.0
2026-07-29 01:00:00,0.0,150.0,150.0
2026-07-29 02:00:00,0.0,150.0,150.0
2026-07-29 03:00:00,0.0,110.0,110.0
2026-07-29 04:00:00,0.0,150.0,150.0
2026-07-29 05:00:00,0.0,5.0,5.0
2026-07-29 06:00:00,0.0,150.0,150.0
2026-07-29 07:00:00,0.0,41.7,41.7
2026-07-29 08:00:00,0.0,5.0,5.0
2026-07-29 09:00:00,0.0,136.7,136.7
2026-07-29 10:00:00,0.0,116.7,116.7
2026-07-29 11:00:00,0.0,65.0,65.0
2026-07-29 12:00:00,0.0,150.0,150.0
2026-07-29 13:00:00,0.0,100.0,100.0
2026-07-29 14:00:00,0.0,140.0,140.0
2026-07-29 15:00:00,0.0,150.0,150.0
2026-07-29 16:00:00,0.0,150.0,150.0
2026-07-29 17:00:00,0.0,85.0,85.0
2026-07-29 18:00:00,0.0,150.0,150.0
2026-07-29 19:00:00,0.0,83.3,83.3
2026-07-29 20:00:00,0.0,115.0,115.0
2026-07-29 21:00:00,0.0,150.0,150.0
2026-07-29 22:00:00,0.0,148.3,148.3
2026-07-29 23:00:00,0.0,150.0,150.0
2026-07-30 00:00:00,0.0,150.0,150.0
2026-07-30 01:00:00,0.0,150.0,150.0
2026-07-30 02:00:00,0.0,150.0,150.0
2026-07-30 03:00:00,0.0,150.0,150.0
2026-07-30 04:00:00,0.0,70.0,70.0
2026-07-30 05:00:00,0.0,150.0,150.0
2026-07-30 06:00:00,0.0,150.0,150.0
2026-07-30 07:00:00,0.0,150.0,150.0
2026-07-30 08:00:00,0.0,150.0,150.0
2026-07-30 09:00:00,0.0,111.7,111.7
2026-07-30 10:00:00,0.0,105.0,105.0
2026-07-30 11:00:00,0.0,150.0,150.0
2026-07-30 12:00:00,0.0,150.0,150.0
2026-07-30 13:00:00,0.0,118.3,118.3
2026-07-30 14:00:00,0.0,121.7,121.7
2026-07-30 15:00:00,0.0,150.0,150.0
2026-07-30 16:00:00,0.0,150.0,150.0
2026-07-30 17:00:00,0.0,96.7,96.7
2026-07-30 18:00:00,0.0,150.0,150.0
2026-07-30 19:00:00,0.0,150.0,150.0
2026-07-30 20:00:00,0.0,150.0,150.0
2026-07-30 21:00:00,0.0,146.7,146.7
2026-07-30 22:00:00,0.0,56.7,56.7
2026-07-30 23:00:00,0.0,53.3,53.3
2026-07-31 00:00:00,0.0,150.0,150.0
2026-07-31 01:00:00,0.0,76.7,76.7
2026-07-31 02:00:00,0.0,11.7,11.7
2026-07-31 03:00:00,0.0,150.0,150.0
2026-07-31 04:00:00,0.0,90.0,90.0
2026-07-31 05:00:00,0.0,150.0,150.0
2026-07-31 06:00:00,0.0,150.0,150.0
2026-07-31 07:00:00,0.0,150.0,150.0
2026-07-31 08:00:00,0.0,150.0,150.0
2026-07-31 09:00:00,0.0,150.0,150.0
2026-07-31 10:00:00,0.0,133.3,133.3
2026-07-31 11:00:00,0.0,0.0,0.0
2026-07-31 12:00:00,0.0,98.3,98.3
2026-07-31 13:00:00,0.0,70.0,70.0
2026-07-31 14:00:00,0.0,133.3,133.3
2026-07-31 15:00:00,0.0,25.0,25.0
2026-07-31 16:00:00,0.0,150.0,150.0
2026-07-31 17:00:00,0.0,145.0,145.0
2026-07-31 18:00:00,0.0,88.3,88.3
2026-07-31 19:00:00,0.0,103.3,103.3
2026-07-31 20:00:00,0.0,150.0,150.0
2026-07-31 21:00:00,0.0,150.0,150.0
2026-07-31 22:00:00,0.0,150.0,150.0
2026-07-31 23:00:00,0.0,121.7,121.7
2026-08-01 00:00:00,0.0,53.3,53.3
2026-08-01 01:00:00,0.0,150.0,150.0
2026-08-01 02:00:00,0.0,0.0,0.0
2026-08-01 03:00:00,0.0,150.0,150.0
2026-08-01 04:00:00,0.0,150.0,150.0
2026-08-01 05:00:00,0.0,150.0,150.0
2026-08-01 06:00:00,0.0,150.0,150.0
2026-08-01 07:00:00,0.0,136.7,136.7
2026-08-01 08:00:00,0.0,3.3,3.3
2026-08-01 09:00:00,0.0,110.0,110.0
2026-08-01 10:00:00,0.0,150.0,150.0
2026-08-01 11:00:00,0.0,150.0,150.0
2026-08-01 12:00:00,0.0,145.0,145.0
2026-08-01 13:00:00,0.0,110.0,110.0
2026-08-01 14:00:00,0.0,150.0,150.0
2026-08-01 15:00:00,0.0,150.0,150.0
2026-08-01 16:00:00,0.0,150.0,150.0
2026-08-01 17:00:00,0.0,150.0,150.0
2026-08-01 18:00:00,0.0,150.0,150.0
2026-08-01 19:00:00,0.0,150.0,150.0
2026-08-01 20:00:00,0.0,150.0,150.0
2026-08-01 21:00:00,0.0,51.7,51.7
2026-08-01 22:00:00,0.0,150.0,150.0
2026-08-01 23:00:00,0.0,150.0,150.0
2026-08-02 00:00:00,0.0,150.0,150.0
2026-08-02 01:00:00,0.0,150.0,150.0
2026-08-02 02:00:00,0.0,150.0,150.0
2026-08-02 03:00:00,0.0,150.0,150.0
2026-08-02 04:00:00,0.0,150.0,150.0
2026-08-02 05:00:00,0.0,150.0,150.0
2026-08-02 06:00:00,0.0,71.7,71.7
2026-08-02 07:00:00,0.0,150.0,150.0
2026-08-02 08:00:00,0.0,61.7,61.7
2026-08-02 09:00:00,0.0,150.0,150.0
2026-08-02 10:00:00,0.0,150.0,150.0
2026-08-02 11:00:00,0.0,123.3,123.3
2026-08-02 12:00:00,0.0,116.7,116.7
2026-08-02 13:00:00,0.0,150.0,150.0
2026-08-02 14:00:00,0.0,150.0,150.0
2026-08-02 15:00:00,0.0,95.0,95.0
2026-08-02 16:00:00,0.0,91.7,91.7
2026-08-02 17:00:00,0.0,150.0,150.0
2026-08-02 18:00:00,0.0,150.0,150.0
2026-08-02 19:00:00,0.0,138.3,138.3
2026-08-02 20:00:00,0.0,0.0,0.0
2026-08-02 21:00:00,0.0,150.0,150.0
2026-08-02 22:00:00,0.0,150.0,150.0
2026-08-02 23:00:00,0.0,150.0,150.0
2026-08-03 00:00:00,0.0,73.3,73.3
2026-08-03 01:00:00,0.0,150.0,150.0
2026-08-03 02:00:00,0.0,0.0,0.0
2026-08-03 03:00:00,0.0,150.0,150.0
2026-08-03 04:00:00,0.0,150.0,150.0
2026-08-03 05:00:00,0.0,150.0,150.0
2026-08-03 06:00:00,0.0,150.0,150.0
2026-08-03 07:00:00,0.0,113.3,113.3
2026-08-03 08:00:00,0.0,150.0,150.0
2026-08-03 09:00:00,0.0,150.0,150.0
2026-08-03 10:00:00,0.0,150.0,150.0
2026-08-03 11:00:00,0.0,115.0,115.0
2026-08-03 12:00:00,0.0,150.0,150.0
2026-08-03 13:00:00,0.0,73.3,73.3
2026-08-03 14:00:00,0.0,130.0,130.0
2026-08-03 15:00:00,0.0,150.0,150.0
2026-08-03 16:00:00,0.0,113.3,113.3
2026-08-03 17:00:00,0.0,150.0,150.0
2026-08-03 18:00:00,0.0,150.0,150.0
2026-08-03 19:00:00,0.0,98.3,98.3
2026-08-03 20:00:00,0.0,145.0,145.0
2026-08-03 21:00:00,0.0,150.0,150.0
2026-08-03 22:00:00,0.0,110.0,110.0
2026-08-03 23:00:00,0.0,123.3,123.3
2026-08-04 00:00:00,0.0,150.0,150.0
2026-08-04 01:00:00,0.0,150.0,150.0
2026-08-04 02:00:00,0.0,90.0,90.0
2026-08-04 03:00:00,0.0,150.0,150.0
2026-08-04 04:00:00,0.0,150.0,150.0
2026-08-04 05:00:00,0.0,121.7,121.7
2026-08-04 06:00:00,0.0,150.0,150.0
2026-08-04 07:00:00,0.0,10.0,10.0
2026-08-04 08:00:00,0.0,146.7,146.7
2026-08-04 09:00:00,0.0,143.3,143.3
2026-08-04 10:00:00,0.0,150.0,150.0
2026-08-04 11:00:00,0.0,150.0,150.0
2026-08-04 12:00:00,0.0,48.3,48.3
2026-08-04 13:00:00,0.0,150.0,150.0
2026-08-04 14:00:00,0.0,46.7,46.7
2026-08-04 15:00:00,0.0,150.0,150.0
2026-08-04 16:00:00,0.0,73.3,73.3
2026-08-04 17:00:00,0.0,150.0,150.0
2026-08-04 18:00:00,0.0,150.0,150.0
2026-08-04 19:00:00,0.0,150.0,150.0
2026-08-04 20:00:00,0.0,150.0,150.0
2026-08-04 21:00:00,0.0,86.7,86.7
2026-08-04 22:00:00,0.0,150.0,150.0
2026-08-04 23:00:00,0.0,140.0,140.0
2026-08-05 00:00:00,0.0,150.0,150.0
2026-08-05 01:00:00,0.0,148.3,148.3
2026-08-05 02:00:00,0.0,150.0,150.0
2026-08-05 03:00:00,0.0,40.0,40.0
2026-08-05 04:00:00,0.0,118.3,118.3
2026-08-05 05:00:00,0.0,53.3,53.3
2026-08-05 06:00:00,0.0,150.0,150.0
2026-08-05 07:00:00,0.0,0.0,0.0
2026-08-05 08:00:00,0.0,13.3,13.3
2026-08-05 09:00:00,0.0,150.0,150.0
2026-08-05 10:00:00,0.0,150.0,150.0
2026-08-05 11:00:00,0.0,150.0,150.0
2026-08-05 12:00:00,0.0,150.0,150.0
2026-08-05 13:00:00,0.0,138.3,138.3
2026-08-05 14:00:00,0.0,150.0,150.0
2026-08-05 15:00:00,0.0,150.0,150.0
2026-08-05 16:00:00,0.0,71.7,71.7
2026-08-05 17:00:00,0.0,150.0,150.0
2026-08-05 18:00:00,0.0,150.0,150.0
2026-08-05 19:00:00,0.0,101.7,101.7
2026-08-05 20:00:00,0.0,75.0,75.0
2026-08-05 21:00:00,0.0,150.0,150.0
2026-08-05 22:00:00,0.0,150.0,150.0
2026-08-05 23:00:00,0.0,0.0,0.0
2026-08-06 00:00:00,0.0,146.7,146.7
2026-08-06 01:00:00,0.0,150.0,150.0
2026-08-06 02:00:00,0.0,150.0,150.0
2026-08-06 03:00:00,0.0,150.0,150.0
2026-08-06 04:00:00,0.0,45.0,45.0
2026-08-06 05:00:00,0.0,150.0,150.0
2026-08-06 06:00:00,0.0,150.0,150.0
2026-08-06 07:00:00,0.0,150.0,150.0
2026-08-06 08:00:00,0.0,121.7,121.7
2026-08-06 09:00:00,0.0,96.7,96.7
2026-08-06 10:00:00,0.0,150.0,150.0
2026-08-06 11:00:00,0.0,150.0,150.0
2026-08-06 12:00:00,0.0,150.0,150.0
2026-08-06 13:00:00,0.0,150.0,150.0
2026-08-06 14:00:00,0.0,121.7,121.7
2026-08-06 15:00:00,0.0,38.3,38.3
2026-08-06 16:00:00,0.0,150.0,150.0
2026-08-06 17:00:00,0.0,43.3,43.3
2026-08-06 18:00:00,0.0,0.0,0.0
2026-08-06 19:00:00,0.0,150.0,150.0
2026-08-06 20:00:00,0.0,43.3,43.3
2026-08-06 21:00:00,0.0,41.7,41.7
2026-08-06 22:00:00,0.0,86.7,86.7
2026-08-06 23:00:00,0.0,55.0,55.0
2026-08-07 00:00:00,0.0,30.0,30.0
2026-08-07 01:00:00,0.0,150.0,150.0
2026-08-07 02:00:00,0.0,150.0,150.0
2026-08-07 03:00:00,0.0,150.0,150.0
2026-08-07 04:00:00,0.0,150.0,150.0
2026-08-07 05:00:00,0.0,140.0,140.0
2026-08-07 06:00:00,0.0,26.7,26.7
2026-08-07 07:00:00,0.0,41.7,41.7
2026-08-07 08:00:00,0.0,78.3,78.3
2026-08-07 09:00:00,0.0,125.0,125.0
2026-08-07 10:00:00,0.0,113.3,113.3
2026-08-07 11:00:00,0.0,150.0,150.0
2026-08-07 12:00:00,0.0,150.0,150.0
2026-08-07 13:00:00,0.0,101.7,101.7
2026-08-07 14:00:00,0.0,150.0,150.0
2026-08-07 15:00:00,0.0,143.3,143.3
2026-08-07 16:00:00,0.0,113.3,113.3
2026-08-07 17:00:00,0.0,150.0,150.0
2026-08-07 18:00:00,0.0,150.0,150.0
2026-08-07 19:00:00,0.0,150.0,150.0
2026-08-07 20:00:00,0.0,150.0,150.0
2026-08-07 21:00:00,0.0,111.7,111.7
2026-08-07 22:00:00,0.0,150.0,150.0
2026-08-07 23:00:00,0.0,81.7,81.7
2026-08-08 00:00:00,0.0,150.0,150.0
2026-08-08 01:00:00,0.0,116.7,116.7
2026-08-08 02:00:00,0.0,78.3,78.3
2026-08-08 03:00:00,0.0,150.0,150.0
2026-08-08 04:00:00,0.0,150.0,150.0
2026-08-08 05:00:00,0.0,126.7,126.7
2026-08-08 06:00:00,0.0,150.0,150.0
2026-08-08 07:00:00,0.0,0.0,0.0
2026-08-08 08:00:00,0.0,150.0,150.0
2026-08-08 09:00:00,0.0,150.0,150.0
2026-08-08 10:00:00,0.0,141.7,141.7
2026-08-08 11:00:00,0.0,150.0,150.0
2026-08-08 12:00:00,0.0,150.0,150.0
2026-08-08 13:00:00,0.0,150.0,150.0
2026-08-08 14:00:00,0.0,38.3,38.3
2026-08-08 15:00:00,0.0,141.7,141.7
2026-08-08 16:00:00,0.0,150.0,150.0
2026-08-08 17:00:00,0.0,0.0,0.0
2026-08-08 18:00:00,0.0,95.0,95.0
2026-08-08 19:00:00,0.0,123.3,123.3
2026-08-08 20:00:00,0.0,48.3,48.3
2026-08-08 21:00:00,0.0,150.0,150.0
2026-08-08 22:00:00,0.0,140.0,140.0
2026-08-08 23:00:00,0.0,123.3,123.3
2026-08-09 00:00:00,0.0,120.0,120.0
2026-08-09 01:00:00,0.0,118.3,118.3
2026-08-09 02:00:00,0.0,106.7,106.7
2026-08-09 03:00:00,0.0,150.0,150.0
2026-08-09 04:00:00,0.0,150.0,150.0
2026-08-09 05:00:00,0.0,33.3,33.3
2026-08-09 06:00:00,0.0,150.0,150.0
2026-08-09 07:00:00,0.0,113.3,113.3
2026-08-09 08:00:00,0.0,150.0,150.0
2026-08-09 09:00:00,0.0,135.0,135.0
2026-08-09 10:00:00,0.0,73.3,73.3
2026-08-09 11:00:00,0.0,150.0,150.0
2026-08-09 12:00:00,0.0,56.7,56.7
2026-08-09 13:00:00,0.0,108.3,108.3
2026-08-09 14:00:00,0.0,150.0,150.0
2026-08-09 15:00:00,0.0,150.0,150.0
2026-08-09 16:00:00,0.0,131.7,131.7
2026-08-09 17:00:00,0.0,66.7,66.7
2026-08-09 18:00:00,0.0,150.0,150.0
2026-08-09 19:00:00,0.0,131.7,131.7
2026-08-09 20:00:00,0.0,150.0,150.0
2026-08-09 21:00:00,0.0,150.0,150.0
2026-08-09 22:00:00,0.0,150.0,150.0
2026-08-09 23:00:00,0.0,133.3,133.3
2026-08-10 00:00:00,0.0,150.0,150.0
2026-08-10 01:00:00,0.0,150.0,150.0
2026-08-10 02:00:00,0.0,145.0,145.0
2026-08-10 03:00:00,0.0,110.0,110.0
2026-08-10 04:00:00,0.0,150.0,150.0
2026-08-10 05:00:00,0.0,83.3,83.3
2026-08-10 06:00:00,0.0,150.0,150.0
2026-08-10 07:00:00,0.0,123.3,123.3
2026-08-10 08:00:00,0.0,150.0,150.0
2026-08-10 09:00:00,0.0,106.7,106.7
2026-08-10 10:00:00,0.0,103.3,103.3
2026-08-10 11:00:00,0.0,130.0,130.0
2026-08-10 12:00:00,0.0,150.0,150.0
2026-08-10 13:00:00,0.0,150.0,150.0
2026-08-10 14:00:00,0.0,140.0,140.0
2026-08-10 15:00:00,0.0,150.0,150.0
2026-08-10 16:00:00,0.0,150.0,150.0
2026-08-10 17:00:00,0.0,101.7,101.7
2026-08-10 18:00:00,0.0,113.3,113.3
2026-08-10 19:00:00,0.0,116.7,116.7
2026-08-10 20:00:00,0.0,88.3,88.3
2026-08-10 21:00:00,0.0,38.3,38.3
2026-08-10 22:00:00,0.0,150.0,150.0
2026-08-10 23:00:00,0.0,118.3,118.3
2026-08-11 00:00:00,0.0,150.0,150.0
2026-08-11 01:00:00,0.0,150.0,150.0
2026-08-11 02:00:00,0.0,150.0,150.0
2026-08-11 03:00:00,0.0,150.0,150.0
2026-08-11 04:00:00,0.0,150.0,150.0
2026-08-11 05:00:00,0.0,46.7,46.7
2026-08-11 06:00:00,0.0,150.0,150.0
2026-08-11 07:00:00,0.0,150.0,150.0
2026-08-11 08:00:00,0.0,121.7,121.7
2026-08-11 09:00:00,0.0,150.0,150.0
2026-08-11 10:00:00,0.0,150.0,150.0
2026-08-11 11:00:00,0.0,108.3,108.3
2026-08-11 12:00:00,0.0,68.3,68.3
2026-08-11 13:00:00,0.0,150.0,150.0
2026-08-11 14:00:00,0.0,150.0,150.0
2026-08-11 15:00:00,0.0,150.0,150.0
2026-08-11 16:00:00,0.0,150.0,150.0
2026-08-11 17:00:00,0.0,75.0,75.0
2026-08-11 18:00:00,0.0,150.0,150.0
2026-08-11 19:00:00,0.0,150.0,150.0
2026-08-11 20:00:00,0.0,80.0,80.0
2026-08-11 21:00:00,0.0,98.3,98.3
2026-08-11 22:00:00,0.0,150.0,150.0
2026-08-11 23:00:00,0.0,150.0,150.0
2026-08-12 00:00:00,0.0,150.0,150.0
2026-08-12 01:00:00,0.0,150.0,150.0
2026-08-12 02:00:00,0.0,126.7,126.7
2026-08-12 03:00:00,0.0,150.0,150.0
2026-08-12 04:00:00,0.0,150.0,150.0
2026-08-12 05:00:00,0.0,150.0,150.0
2026-08-12 06:00:00,0.0,85.0,85.0
2026-08-12 07:00:00,0.0,150.0,150.0
2026-08-12 08:00:00,0.0,0.0,0.0
2026-08-12 09:00:00,0.0,0.0,0.0
2026-08-12 10:00:00,0.0,150.0,150.0
2026-08-12 11:00:00,0.0,150.0,150.0
2026-08-12 12:00:00,0.0,145.0,145.0
2026-08-12 13:00:00,0.0,100.0,100.0
2026-08-12 14:00:00,0.0,133.3,133.3
2026-08-12 15:00:00,0.0,150.0,150.0
2026-08-12 16:00:00,0.0,113.3,113.3
2026-08-12 17:00:00,0.0,78.3,78.3
2026-08-12 18:00:00,0.0,8.3,8.3
2026-08-12 19:00:00,0.0,0.0,0.0
2026-08-12 20:00:00,0.0,150.0,150.0
2026-08-12 21:00:00,0.0,0.0,0.0
2026-08-12 22:00:00,0.0,121.7,121.7
2026-08-12 23:00:00,0.0,40.0,40.0
2026-08-13 00:00:00,0.0,150.0,150.0
2026-08-13 01:00:00,0.0,56.7,56.7
2026-08-13 02:00:00,0.0,93.3,93.3
2026-08-13 03:00:00,0.0,150.0,150.0
2026-08-13 04:00:00,0.0,120.0,120.0
2026-08-13 05:00:00,0.0,120.0,120.0
2026-08-13 06:00:00,0.0,5.0,5.0
2026-08-13 07:00:00,0.0,150.0,150.0
2026-08-13 08:00:00,0.0,150.0,150.0
2026-08-13 09:00:00,0.0,150.0,150.0
2026-08-13 10:00:00,0.0,0.0,0.0
2026-08-13 11:00:00,0.0,83.3,83.3
2026-08-13 12:00:00,0.0,150.0,150.0
2026-08-13 13:00:00,0.0,150.0,150.0
2026-08-13 14:00:00,0.0,143.3,143.3
2026-08-13 15:00:00,0.0,55.0,55.0
2026-08-13 16:00:00,0.0,150.0,150.0
2026-08-13 17:00:00,0.0,150.0,150.0
2026-08-13 18:00:00,0.0,150.0,150.0
2026-08-13 19:00:00,0.0,16.7,16.7
2026-08-13 20:00:00,0.0,0.0,0.0
2026-08-13 21:00:00,0.0,150.0,150.0
2026-08-13 22:00:00,0.0,150.0,150.0
2026-08-13 23:00:00,0.0,150.0,150.0
2026-08-14 00:00:00,0.0,150.0,150.0
2026-08-14 01:00:00,0.0,146.7,146.7
2026-08-14 02:00:00,0.0,120.0,120.0
2026-08-14 03:00:00,0.0,95.0,95.0
2026-08-14 04:00:00,0.0,101.7,101.7
2026-08-14 05:00:00,0.0,150.0,150.0
2026-08-14 06:00:00,0.0,13.3,13.3
2026-08-14 07:00:00,0.0,150.0,150.0
2026-08-14 08:00:00,0.0,78.3,78.3
2026-08-14 09:00:00,0.0,146.7,146.7
2026-08-14 10:00:00,0.0,108.3,108.3
2026-08-14 11:00:00,0.0,31.7,31.7
2026-08-14 12:00:00,0.0,105.0,105.0
2026-08-14 13:00:00,0.0,150.0,150.0
2026-08-14 14:00:00,0.0,150.0,150.0
2026-08-14 15:00:00,0.0,150.0,150.0
2026-08-14 16:00:00,0.0,150.0,150.0
2026-08-14 17:00:00,0.0,150.0,150.0
2026-08-14 18:00:00,0.0,50.0,50.0
2026-08-14 19:00:00,0.0,150.0,150.0
2026-08-14 20:00:00,0.0,148.3,148.3
2026-08-14 21:00:00,0.0,36.7,36.7
2026-08-14 22:00:00,0.0,105.0,105.0
2026-08-14 23:00:00,0.0,150.0,150.0
2026-08-15 00:00:00,0.0,150.0,150.0
2026-08-15 01:00:00,0.0,90.0,90.0
2026-08-15 02:00:00,0.0,8.3,8.3
2026-08-15 03:00:00,0.0,81.7,81.7
2026-08-15 04:00:00,0.0,150.0,150.0
2026-08-15 05:00:00,0.0,150.0,150.0
2026-08-15 06:00:00,0.0,150.0,150.0
2026-08-15 07:00:00,0.0,150.0,150.0
2026-08-15 08:00:00,0.0,150.0,150.0
2026-08-15 09:00:00,0.0,80.0,80.0
2026-08-15 10:00:00,0.0,150.0,150.0
2026-08-15 11:00:00,0.0,66.7,66.7
2026-08-15 12:00:00,0.0,150.0,150.0
2026-08-15 13:00:00,0.0,150.0,150.0
2026-08-15 14:00:00,0.0,93.3,93.3
2026-08-15 15:00:00,0.0,150.0,150.0
2026-08-15 16:00:00,0.0,150.0,150.0
2026-08-15 17:00:00,0.0,150.0,150.0
2026-08-15 18:00:00,0.0,150.0,150.0
2026-08-15 19:00:00,0.0,55.0,55.0
2026-08-15 20:00:00,0.0,150.0,150.0
2026-08-15 21:00:00,0.0,150.0,150.0
2026-08-15 22:00:00,0.0,150.0,150.0
2026-08-15 23:00:00,0.0,150.0,150.0
2026-08-16 00:00:00,0.0,101.7,101.7
2026-08-16 01:00:00,0.0,143.3,143.3
2026-08-16 02:00:00,0.0,128.3,128.3
2026-08-16 03:00:00,0.0,61.7,61.7
2026-08-16 04:00:00,0.0,150.0,150.0
2026-08-16 05:00:00,0.0,150.0,150.0
2026-08-16 06:00:00,0.0,146.7,146.7
2026-08-16 07:00:00,0.0,43.3,43.3
2026-08-16 08:00:00,0.0,150.0,150.0
2026-08-16 09:00:00,0.0,86.7,86.7
2026-08-16 10:00:00,0.0,150.0,150.0
2026-08-16 11:00:00,0.0,0.0,0.0
2026-08-16 12:00:00,0.0,150.0,150.0
2026-08-16 13:00:00,0.0,80.0,80.0
2026-08-16 14:00:00,0.0,150.0,150.0
2026-08-16 15:00:00,0.0,150.0,150.0
2026-08-16 16:00:00,0.0,150.0,150.0
2026-08-16 17:00:00,0.0,150.0,150.0
2026-08-16 18:00:00,0.0,150.0,150.0
2026-08-16 19:00:00,0.0,150.0,150.0
2026-08-16 20:00:00,0.0,0.0,0.0
2026-08-16 21:00:00,0.0,150.0,150.0
2026-08-16 22:00:00,0.0,126.7,126.7
2026-08-16 23:00:00,0.0,150.0,150.0
2026-08-17 00:00:00,0.0,150.0,150.0
2026-08-17 01:00:00,0.0,0.0,0.0
2026-08-17 02:00:00,0.0,13.3,13.3
2026-08-17 03:00:00,0.0,150.0,150.0
2026-08-17 04:00:00,0.0,135.0,135.0
2026-08-17 05:00:00,0.0,126.7,126.7
2026-08-17 06:00:00,0.0,150.0,150.0
2026-08-17 07:00:00,0.0,150.0,150.0
2026-08-17 08:00:00,0.0,150.0,150.0
2026-08-17 09:00:00,0.0,101.7,101.7
2026-08-17 10:00:00,0.0,71.7,71.7
2026-08-17 11:00:00,0.0,150.0,150.0
2026-08-17 12:00:00,0.0,50.0,50.0
2026-08-17 13:00:00,0.0,150.0,150.0
2026-08-17 14:00:00,0.0,150.0,150.0
2026-08-17 15:00:00,0.0,130.0,130.0
2026-08-17 16:00:00,0.0,91.7,91.7
2026-08-17 17:00:00,0.0,150.0,150.0
2026-08-17 18:00:00,0.0,150.0,150.0
2026-08-17 19:00:00,0.0,6.7,6.7
2026-08-17 20:00:00,0.0,150.0,150.0
2026-08-17 21:00:00,0.0,13.3,13.3
2026-08-17 22:00:00,0.0,108.3,108.3
2026-08-17 23:00:00,0.0,150.0,150.0
2026-08-18 00:00:00,0.0,150.0,150.0
2026-08-18 01:00:00,0.0,56.7,56.7
2026-08-18 02:00:00,0.0,71.7,71.7
2026-08-18 03:00:00,0.0,150.0,150.0
2026-08-18 04:00:00,0.0,108.3,108.3
2026-08-18 05:00:00,0.0,10.0,10.0
2026-08-18 06:00:00,0.0,150.0,150.0
2026-08-18 07:00:00,0.0,140.0,140.0
2026-08-18 08:00:00,0.0,85.0,85.0
2026-08-18 09:00:00,0.0,136.7,136.7
2026-08-18 10:00:00,0.0,120.0,120.0
2026-08-18 11:00:00,0.0,108.3,108.3
2026-08-18 12:00:00,0.0,150.0,150.0
2026-08-18 13:00:00,0.0,85.0,85.0
2026-08-18 14:00:00,0.0,138.3,138.3
2026-08-18 15:00:00,0.0,150.0,150.0
2026-08-18 16:00:00,0.0,25.0,25.0
2026-08-18 17:00:00,0.0,55.0,55.0
2026-08-18 18:00:00,0.0,120.0,120.0
2026-08-18 19:00:00,0.0,96.7,96.7
2026-08-18 20:00:00,0.0,138.3,138.3
2026-08-18 21:00:00,0.0,146.7,146.7
2026-08-18 22:00:00,0.0,150.0,150.0
2026-08-18 23:00:00,0.0,0.0,0.0
2026-08-19 00:00:00,0.0,150.0,150.0
2026-08-19 01:00:00,0.0,130.0,130.0
2026-08-19 02:00:00,0.0,120.0,120.0
2026-08-19 03:00:00,0.0,150.0,150.0
2026-08-19 04:00:00,0.0,123.3,123.3
2026-08-19 05:00:00,0.0,150.0,150.0
2026-08-19 06:00:00,0.0,150.0,150.0
2026-08-19 07:00:00,0.0,73.3,73.3
2026-08-19 08:00:00,0.0,150.0,150.0
2026-08-19 09:00:00,0.0,150.0,150.0
2026-08-19 10:00:00,0.0,66.7,66.7
2026-08-19 11:00:00,0.0,150.0,150.0
2026-08-19 12:00:00,0.0,150.0,150.0
2026-08-19 13:00:00,0.0,150.0,150.0
2026-08-19 14:00:00,0.0,126.7,126.7
2026-08-19 15:00:00,0.0,121.7,121.7
2026-08-19 16:00:00,0.0,0.0,0.0
2026-08-19 17:00:00,0.0,150.0,150.0
2026-08-19 18:00:00,0.0,78.3,78.3
2026-08-19 19:00:00,0.0,118.3,118.3
2026-08-19 20:00:00,0.0,150.0,150.0
2026-08-19 21:00:00,0.0,146.7,146.7
2026-08-19 22:00:00,0.0,81.7,81.7
2026-08-19 23:00:00,0.0,15.0,15.0
2026-08-20 00:00:00,0.0,150.0,150.0
2026-08-20 01:00:00,0.0,125.0,125.0
2026-08-20 02:00:00,0.0,150.0,150.0
2026-08-20 03:00:00,0.0,68.3,68.3
2026-08-20 04:00:00,0.0,150.0,150.0
2026-08-20 05:00:00,0.0,150.0,150.0
2026-08-20 06:00:00,0.0,150.0,150.0
2026-08-20 07:00:00,0.0,73.3,73.3
2026-08-20 08:00:00,0.0,80.0,80.0
2026-08-20 09:00:00,0.0,150.0,150.0
2026-08-20 10:00:00,0.0,150.0,150.0
2026-08-20 11:00:00,0.0,145.0,145.0
2026-08-20 12:00:00,0.0,150.0,150.0
2026-08-20 13:00:00,0.0,141.7,141.7
2026-08-20 14:00:00,0.0,93.3,93.3
2026-08-20 15:00:00,0.0,150.0,150.0
2026-08-20 16:00:00,0.0,91.7,91.7
2026-08-20 17:00:00,0.0,95.0,95.0
2026-08-20 18:00:00,0.0,150.0,150.0
2026-08-20 19:00:00,0.0,150.0,150.0
2026-08-20 20:00:00,0.0,121.7,121.7
2026-08-20 21:00:00,0.0,126.7,126.7
2026-08-20 22:00:00,0.0,45.0,45.0
2026-08-20 23:00:00,0.0,150.0,150.0
2026-08-21 00:00:00,0.0,150.0,150.0
2026-08-21 01:00:00,0.0,73.3,73.3
2026-08-21 02:00:00,0.0,0.0,0.0
2026-08-21 03:00:00,0.0,128.3,128.3
2026-08-21 04:00:00,0.0,100.0,100.0
2026-08-21 05:00:00,0.0,98.3,98.3
2026-08-21 06:00:00,0.0,150.0,150.0
2026-08-21 07:00:00,0.0,28.3,28.3
2026-08-21 08:00:00,0.0,150.0,150.0
2026-08-21 09:00:00,0.0,150.0,150.0
2026-08-21 10:00:00,0.0,150.0,150.0
2026-08-21 11:00:00,0.0,93.3,93.3
2026-08-21 12:00:00,0.0,108.3,108.3
2026-08-21 13:00:00,0.0,150.0,150.0
2026-08-21 14:00:00,0.0,150.0,150.0
2026-08-21 15:00:00,0.0,53.3,53.3
2026-08-21 16:00:00,0.0,56.7,56.7
2026-08-21 17:00:00,0.0,86.7,86.7
2026-08-21 18:00:00,0.0,125.0,125.0
2026-08-21 19:00:00,0.0,150.0,150.0
2026-08-21 20:00:00,0.0,150.0,150.0
2026-08-21 21:00:00,0.0,93.3,93.3
2026-08-21 22:00:00,0.0,106.7,106.7
2026-08-21 23:00:00,0.0,150.0,150.0
2026-08-22 00:00:00,0.0,150.0,150.0
2026-08-22 01:00:00,0.0,60.0,60.0
2026-08-22 02:00:00,0.0,0.0,0.0
2026-08-22 03:00:00,0.0,86.7,86.7
2026-08-22 04:00:00,0.0,150.0,150.0
2026-08-22 05:00:00,0.0,150.0,150.0
2026-08-22 06:00:00,0.0,150.0,150.0
2026-08-22 07:00:00,0.0,76.7,76.7
2026-08-22 08:00:00,0.0,150.0,150.0
2026-08-22 09:00:00,0.0,71.7,71.7
2026-08-22 10:00:00,0.0,150.0,150.0
2026-08-22 11:00:00,0.0,141.7,141.7
2026-08-22 12:00:00,0.0,146.7,146.7
2026-08-22 13:00:00,0.0,150.0,150.0
2026-08-22 14:00:00,0.0,150.0,150.0
2026-08-22 15:00:00,0.0,40.0,40.0
2026-08-22 16:00:00,0.0,150.0,150.0
2026-08-22 17:00:00,0.0,150.0,150.0
2026-08-22 18:00:00,0.0,150.0,150.0
2026-08-22 19:00:00,0.0,150.0,150.0
2026-08-22 20:00:00,0.0,150.0,150.0
2026-08-22 21:00:00,0.0,150.0,150.0
2026-08-22 22:00:00,0.0,150.0,150.0
2026-08-22 23:00:00,0.0,150.0,150.0
2026-08-23 00:00:00,0.0,100.0,100.0
2026-08-23 01:00:00,0.0,0.0,0.0
2026-08-23 02:00:00,0.0,136.7,136.7
2026-08-23 03:00:00,0.0,111.7,111.7
2026-08-23 04:00:00,0.0,120.0,120.0
2026-08-23 05:00:00,0.0,150.0,150.0
2026-08-23 06:00:00,0.0,125.0,125.0
2026-08-23 07:00:00,0.0,150.0,150.0
2026-08-23 08:00:00,0.0,118.3,118.3
2026-08-23 09:00:00,0.0,0.0,0.0
2026-08-23 10:00:00,0.0,150.0,150.0
2026-08-23 11:00:00,0.0,150.0,150.0
2026-08-23 12:00:00,0.0,51.7,51.7
2026-08-23 13:00:00,0.0,150.0,150.0
2026-08-23 14:00:00,0.0,150.0,150.0
2026-08-23 15:00:00,0.0,150.0,150.0
2026-08-23 16:00:00,0.0,43.3,43.3
2026-08-23 17:00:00,0.0,150.0,150.0
2026-08-23 18:00:00,0.0,146.7,146.7
2026-08-23 19:00:00,0.0,150.0,150.0
2026-08-23 20:00:00,0.0,150.0,150.0
2026-08-23 21:00:00,0.0,150.0,150.0
2026-08-23 22:00:00,0.0,128.3,128.3
2026-08-23 23:00:00,0.0,150.0,150.0
2026-08-24 00:00:00,0.0,150.0,150.0
2026-08-24 01:00:00,0.0,135.0,135.0
2026-08-24 02:00:00,0.0,150.0,150.0
2026-08-24 03:00:00,0.0,36.7,36.7
2026-08-24 04:00:00,0.0,136.7,136.7
2026-08-24 05:00:00,0.0,138.3,138.3
2026-08-24 06:00:00,0.0,150.0,150.0
2026-08-24 07:00:00,0.0,150.0,150.0
2026-08-24 08:00:00,0.0,28.3,28.3
2026-08-24 09:00:00,0.0,150.0,150.0
2026-08-24 10:00:00,0.0,138.3,138.3
2026-08-24 11:00:00,0.0,150.0,150.0
2026-08-24 12:00:00,0.0,150.0,150.0
2026-08-24 13:00:00,0.0,150.0,150.0
2026-08-24 14:00:00,0.0,0.0,0.0
2026-08-24 15:00:00,0.0,150.0,150.0
2026-08-24 16:00:00,0.0,150.0,150.0
2026-08-24 17:00:00,0.0,150.0,150.0
2026-08-24 18:00:00,0.0,150.0,150.0
2026-08-24 19:00:00,0.0,150.0,150.0
2026-08-24 20:00:00,0.0,150.0,150.0
2026-08-24 21:00:00,0.0,98.3,98.3
2026-08-24 22:00:00,0.0,128.3,128.3
2026-08-24 23:00:00,0.0,150.0,150.0
2026-08-25 00:00:00,0.0,150.0,150.0
2026-08-25 01:00:00,0.0,130.0,130.0
2026-08-25 02:00:00,0.0,150.0,150.0
2026-08-25 03:00:00,0.0,136.7,136.7
2026-08-25 04:00:00,0.0,56.7,56.7
2026-08-25 05:00:00,0.0,150.0,150.0
2026-08-25 06:00:00,0.0,150.0,150.0
2026-08-25 07:00:00,0.0,56.7,56.7
2026-08-25 08:00:00,0.0,135.0,135.0
2026-08-25 09:00:00,0.0,0.0,0.0
2026-08-25 10:00:00,0.0,150.0,150.0
2026-08-25 11:00:00,0.0,41.7,41.7
2026-08-25 12:00:00,0.0,150.0,150.0
2026-08-25 13:00:00,0.0,143.3,143.3
2026-08-25 14:00:00,0.0,150.0,150.0
2026-08-25 15:00:00,0.0,83.3,83.3
2026-08-25 16:00:00,0.0,150.0,150.0
2026-08-25 17:00:00,0.0,150.0,150.0
2026-08-25 18:00:00,0.0,150.0,150.0
2026-08-25 19:00:00,0.0,3.3,3.3
2026-08-25 20:00:00,0.0,98.3,98.3
2026-08-25 21:00:00,0.0,115.0,115.0
2026-08-25 22:00:00,0.0,150.0,150.0
2026-08-25 23:00:00,0.0,8.3,8.3
2026-08-26 00:00:00,0.0,150.0,150.0
2026-08-26 01:00:00,0.0,150.0,150.0
2026-08-26 02:00:00,0.0,23.3,23.3
2026-08-26 03:00:00,0.0,150.0,150.0
2026-08-26 04:00:00,0.0,150.0,150.0
2026-08-26 05:00:00,0.0,150.0,150.0
2026-08-26 06:00:00,0.0,0.0,0.0
2026-08-26 07:00:00,0.0,40.0,40.0
2026-08-26 08:00:00,0.0,150.0,150.0
2026-08-26 09:00:00,0.0,60.0,60.0
2026-08-26 10:00:00,0.0,150.0,150.0
2026-08-26 11:00:00,0.0,150.0,150.0
2026-08-26 12:00:00,0.0,53.3,53.3
2026-08-26 13:00:00,0.0,150.0,150.0
2026-08-26 14:00:00,0.0,73.3,73.3
2026-08-26 15:00:00,0.0,95.0,95.0
2026-08-26 16:00:00,0.0,150.0,150.0
2026-08-26 17:00:00,0.0,0.0,0.0
2026-08-26 18:00:00,0.0,140.0,140.0
2026-08-26 19:00:00,0.0,150.0,150.0
2026-08-26 20:00:00,0.0,126.7,126.7
2026-08-26 21:00:00,0.0,150.0,150.0
2026-08-26 22:00:00,0.0,110.0,110.0
2026-08-26 23:00:00,0.0,150.0,150.0
2026-08-27 00:00:00,0.0,150.0,150.0
2026-08-27 01:00:00,0.0,101.7,101.7
2026-08-27 02:00:00,0.0,150.0,150.0
2026-08-27 03:00:00,0.0,121.7,121.7
2026-08-27 04:00:00,0.0,150.0,150.0
2026-08-27 05:00:00,0.0,46.7,46.7
2026-08-27 06:00:00,0.0,138.3,138.3
2026-08-27 07:00:00,0.0,78.3,78.3
2026-08-27 08:00:00,0.0,150.0,150.0
2026-08-27 09:00:00,0.0,150.0,150.0
2026-08-27 10:00:00,0.0,68.3,68.3
2026-08-27 11:00:00,0.0,55.0,55.0
2026-08-27 12:00:00,0.0,150.0,150.0
2026-08-27 13:00:00,0.0,150.0,150.0
2026-08-27 14:00:00,0.0,150.0,150.0
2026-08-27 15:00:00,0.0,116.7,116.7
2026-08-27 16:00:00,0.0,150.0,150.0
2026-08-27 17:00:00,0.0,150.0,150.0
2026-08-27 18:00:00,0.0,86.7,86.7
2026-08-27 19:00:00,0.0,150.0,150.0
2026-08-27 20:00:00,0.0,150.0,150.0
2026-08-27 21:00:00,0.0,123.3,123.3
2026-08-27 22:00:00,0.0,148.3,148.3
2026-08-27 23:00:00,0.0,150.0,150.0
2026-08-28 00:00:00,0.0,150.0,150.0
2026-08-28 01:00:00,0.0,150.0,150.0
2026-08-28 02:00:00,0.0,150.0,150.0
2026-08-28 03:00:00,0.0,150.0,150.0
2026-08-28 04:00:00,0.0,150.0,150.0
2026-08-28 05:00:00,0.0,143.3,143.3
2026-08-28 06:00:00,0.0,41.7,41.7
2026-08-28 07:00:00,0.0,26.7,26.7
2026-08-28 08:00:00,0.0,98.3,98.3
2026-08-28 09:00:00,0.0,90.0,90.0
2026-08-28 10:00:00,0.0,150.0,150.0
2026-08-28 11:00:00,0.0,150.0,150.0
2026-08-28 12:00:00,0.0,13.3,13.3
2026-08-28 13:00:00,0.0,43.3,43.3
2026-08-28 14:00:00,0.0,150.0,150.0
2026-08-28 15:00:00,0.0,81.7,81.7
2026-08-28 16:00:00,0.0,16.7,16.7
2026-08-28 17:00:00,0.0,101.7,101.7
2026-08-28 18:00:00,0.0,150.0,150.0
2026-08-28 19:00:00,0.0,150.0,150.0
2026-08-28 20:00:00,0.0,0.0,0.0
2026-08-28 21:00:00,0.0,116.7,116.7
2026-08-28 22:00:00,0.0,148.3,148.3
2026-08-28 23:00:00,0.0,73.3,73.3
2026-08-29 00:00:00,0.0,150.0,150.0
2026-08-29 01:00:00,0.0,150.0,150.0
2026-08-29 02:00:00,0.0,0.0,0.0
2026-08-29 03:00:00,0.0,90.0,90.0
2026-08-29 04:00:00,0.0,150.0,150.0
2026-08-29 05:00:00,2.0,98.3,100.3
2026-08-29 06:00:00,2.9,150.0,152.9
2026-08-29 07:00:00,2.6,105.0,107.6
2026-08-29 08:00:00,3.2,150.0,153.2
2026-08-29 09:00:00,2.6,150.0,152.6
2026-08-29 10:00:00,2.6,0.0,2.6
2026-08-29 11:00:00,2.3,150.0,152.3
2026-08-29 12:00:00,3.4,150.0,153.4
2026-08-29 13:00:00,3.5,40.0,43.5
2026-08-29 14:00:00,2.7,125.0,127.7
2026-08-29 15:00:00,3.1,150.0,153.1
2026-08-29 16:00:00,2.5,21.7,24.2
2026-08-29 17:00:00,1.6,148.3,149.9
2026-08-29 18:00:00,2.7,150.0,152.7
2026-08-29 19:00:00,3.9,38.3,42.2
2026-08-29 20:00:00,2.8,150.0,152.8
2026-08-29 21:00:00,1.6,150.0,151.6
2026-08-29 22:00:00,0.0,150.0,150.0
2026-08-29 23:00:00,0.0,150.0,150.0
2026-08-30 00:00:00,0.0,150.0,150.0
2026-08-30 01:00:00,0.0,150.0,150.0
2026-08-30 02:00:00,0.0,150.0,150.0
2026-08-30 03:00:00,0.0,11.7,11.7
2026-08-30 04:00:00,0.0,93.3,93.3
2026-08-30 05:00:00,4.4,150.0,154.4
2026-08-30 06:00:00,3.7,150.0,153.7
2026-08-30 07:00:00,2.7,150.0,152.7
2026-08-30 08:00:00,3.4,150.0,153.4
2026-08-30 09:00:00,3.5,150.0,153.5
2026-08-30 10:00:00,3.0,150.0,153.0
2026-08-30 11:00:00,2.8,125.0,127.8
2026-08-30 12:00:00,1.8,150.0,151.8
2026-08-30 13:00:00,2.1,65.0,67.1
2026-08-30 14:00:00,3.4,150.0,153.4
2026-08-30 15:00:00,3.7,65.0,68.7
2026-08-30 16:00:00,3.6,150.0,153.6
2026-08-30 17:00:00,1.5,150.0,151.5
2026-08-30 18:00:00,4.4,150.0,154.4
2026-08-30 19:00:00,2.1,135.0,137.1
2026-08-30 20:00:00,2.4,150.0,152.4
2026-08-30 21:00:00,2.7,150.0,152.7
2026-08-30 22:00:00,0.0,100.0,100.0
2026-08-30 23:00:00,0.0,76.7,76.7
2026-08-31 00:00:00,0.0,116.7,116.7
2026-08-31 01:00:00,0.0,150.0,150.0
2026-08-31 02:00:00,0.0,150.0,150.0
2026-08-31 03:00:00,0.0,150.0,150.0
2026-08-31 04:00:00,0.0,150.0,150.0
2026-08-31 05:00:00,3.1,115.0,118.1
2026-08-31 06:00:00,4.0,20.0,24.0
2026-08-31 07:00:00,2.1,150.0,152.1
2026-08-31 08:00:00,3.1,150.0,153.1
2026-08-31 09:00:00,2.6,150.0,152.6
2026-08-31 10:00:00,1.1,150.0,151.1
2026-08-31 11:00:00,3.4,45.0,48.4
2026-08-31 12:00:00,4.2,150.0,154.2
2026-08-31 13:00:00,1.8,150.0,151.8
2026-08-31 14:00:00,3.4,126.7,130.1
2026-08-31 15:00:00,3.9,118.3,122.2
2026-08-31 16:00:00,2.1,145.0,147.1
2026-08-31 17:00:00,1.7,95.0,96.7
2026-08-31 18:00:00,3.3,145.0,148.3
2026-08-31 19:00:00,2.6,150.0,152.6
2026-08-31 20:00:00,1.3,150.0,151.3
2026-08-31 21:00:00,2.4,116.7,119.1
2026-08-31 22:00:00,0.0,150.0,150.0
2026-08-31 23:00:00,0.0,150.0,150.0
2026-09-01 00:00:00,0.0,150.0,150.0
2026-09-01 01:00:00,0.0,81.7,81.7
2026-09-01 02:00:00,0.0,115.0,115.0
2026-09-01 03:00:00,0.0,138.3,138.3
2026-09-01 04:00:00,0.0,116.7,116.7
2026-09-01 05:00:00,3.3,150.0,153.3
2026-09-01 06:00:00,2.1,150.0,152.1
2026-09-01 07:00:00,3.0,150.0,153.0
2026-09-01 08:00:00,3.2,138.3,141.5
2026-09-01 09:00:00,4.3,140.0,144.3
2026-09-01 10:00:00,3.2,106.7,109.9
2026-09-01 11:00:00,4.3,150.0,154.3
2026-09-01 12:00:00,2.2,150.0,152.2
2026-09-01 13:00:00,1.7,150.0,151.7
2026-09-01 14:00:00,2.3,80.0,82.3
2026-09-01 15:00:00,3.1,150.0,153.1
2026-09-01 16:00:00,4.4,123.3,127.7
2026-09-01 17:00:00,1.6,18.3,19.9
2026-09-01 18:00:00,4.4,128.3,132.7
2026-09-01 19:00:00,3.0,70.0,73.0
2026-09-01 20:00:00,3.2,150.0,153.2
2026-09-01 21:00:00,2.9,0.0,2.9
2026-09-01 22:00:00,0.0,68.3,68.3
2026-09-01 23:00:00,0.0,83.3,83.3
2026-09-02 00:00:00,0.0,125.0,125.0
2026-09-02 01:00:00,0.0,0.0,0.0
2026-09-02 02:00:00,0.0,150.0,150.0
2026-09-02 03:00:00,0.0,150.0,150.0
2026-09-02 04:00:00,0.0,150.0,150.0
2026-09-02 05:00:00,3.7,111.7,115.4
2026-09-02 06:00:00,3.1,150.0,153.1
2026-09-02 07:00:00,2.3,150.0,152.3
2026-09-02 08:00:00,2.8,51.7,54.5
2026-09-02 09:00:00,3.8,15.0,18.8
2026-09-02 10:00:00,3.0,150.0,153.0
2026-09-02 11:00:00,2.4,6.7,9.1
2026-09-02 12:00:00,2.4,150.0,152.4
2026-09-02 13:00:00,1.4,150.0,151.4
2026-09-02 14:00:00,2.6,150.0,152.6
2026-09-02 15:00:00,2.8,66.7,69.5
2026-09-02 16:00:00,3.2,150.0,153.2
2026-09-02 17:00:00,1.3,150.0,151.3
2026-09-02 18:00:00,2.8,20.0,22.8
2026-09-02 19:00:00,2.3,58.3,60.6
2026-09-02 20:00:00,2.7,150.0,152.7
2026-09-02 21:00:00,1.8,150.0,151.8
2026-09-02 22:00:00,0.0,150.0,150.0
2026-09-02 23:00:00,0.0,150.0,150.0
2026-09-03 00:00:00,0.0,150.0,150.0
2026-09-03 01:00:00,0.0,118.3,118.3
2026-09-03 02:00:00,0.0,150.0,150.0
2026-09-03 03:00:00,0.0,150.0,150.0
2026-09-03 04:00:00,0.0,123.3,123.3
2026-09-03 05:00:00,2.4,150.0,152.4
2026-09-03 06:00:00,2.9,28.3,31.2
2026-09-03 07:00:00,3.5,150.0,153.5
2026-09-03 08:00:00,3.3,150.0,153.3
2026-09-03 09:00:00,1.9,150.0,151.9
2026-09-03 10:00:00,3.5,96.7,100.2
2026-09-03 11:00:00,3.1,150.0,153.1
2026-09-03 12:00:00,3.6,63.3,66.9
2026-09-03 13:00:00,3.6,113.3,116.9
2026-09-03 14:00:00,2.9,150.0,152.9
2026-09-03 15:00:00,2.9,150.0,152.9
2026-09-03 16:00:00,3.2,150.0,153.2
2026-09-03 17:00:00,2.2,150.0,152.2
2026-09-03 18:00:00,2.0,150.0,152.0
2026-09-03 19:00:00,2.0,150.0,152.0
2026-09-03 20:00:00,2.9,35.0,37.9
2026-09-03 21:00:00,3.2,116.7,119.9
2026-09-03 22:00:00,0.0,108.3,108.3
2026-09-03 23:00:00,0.0,150.0,150.0
2026-09-04 00:00:00,0.0,88.3,88.3
2026-09-04 01:00:00,0.0,150.0,150.0
2026-09-04 02:00:00,0.0,0.0,0.0
2026-09-04 03:00:00,0.0,0.0,0.0
2026-09-04 04:00:00,0.0,150.0,150.0
2026-09-04 05:00:00,2.5,48.3,50.8
2026-09-04 06:00:00,2.7,150.0,152.7
2026-09-04 07:00:00,2.5,106.7,109.2
2026-09-04 08:00:00,3.6,53.3,56.9
2026-09-04 09:00:00,3.5,150.0,153.5
2026-09-04 10:00:00,2.3,121.7,124.0
2026-09-04 11:00:00,4.3,150.0,154.3
2026-09-04 12:00:00,3.1,23.3,26.4
2026-09-04 13:00:00,2.6,136.7,139.3
2026-09-04 14:00:00,2.5,86.7,89.2
2026-09-04 15:00:00,3.0,93.3,96.3
2026-09-04 16:00:00,2.7,143.3,146.0
2026-09-04 17:00:00,3.3,0.0,3.3
2026-09-04 18:00:00,2.5,150.0,152.5
2026-09-04 19:00:00,3.4,150.0,153.4
2026-09-04 20:00:00,3.9,133.3,137.2
2026-09-04 21:00:00,3.0,150.0,153.0
2026-09-04 22:00:00,0.0,150.0,150.0
2026-09-04 23:00:00,0.0,150.0,150.0
2026-09-05 00:00:00,0.0,131.7,131.7
2026-09-05 01:00:00,0.0,86.7,86.7
2026-09-05 02:00:00,0.0,150.0,150.0
2026-09-05 03:00:00,0.0,150.0,150.0
2026-09-05 04:00:00,0.0,150.0,150.0
2026-09-05 05:00:00,4.3,38.3,42.6
2026-09-05 06:00:00,3.8,150.0,153.8
2026-09-05 07:00:00,3.1,150.0,153.1
2026-09-05 08:00:00,4.8,150.0,154.8
2026-09-05 09:00:00,3.9,148.3,152.2
2026-09-05 10:00:00,3.3,150.0,153.3
2026-09-05 11:00:00,3.1,150.0,153.1
2026-09-05 12:00:00,4.3,100.0,104.3
2026-09-05 13:00:00,3.0,116.7,119.7
2026-09-05 14:00:00,2.9,150.0,152.9
2026-09-05 15:00:00,2.8,133.3,136.1
2026-09-05 16:00:00,3.2,150.0,153.2
2026-09-05 17:00:00,3.0,150.0,153.0
2026-09-05 18:00:00,2.7,36.7,39.4
2026-09-05 19:00:00,3.9,150.0,153.9
2026-09-05 20:00:00,4.6,150.0,154.6
2026-09-05 21:00:00,3.0,150.0,153.0
2026-09-05 22:00:00,0.0,150.0,150.0
2026-09-05 23:00:00,0.0,135.0,135.0
2026-09-06 00:00:00,0.0,18.3,18.3
2026-09-06 01:00:00,0.0,150.0,150.0
2026-09-06 02:00:00,0.0,98.3,98.3
2026-09-06 03:00:00,0.0,150.0,150.0
2026-09-06 04:00:00,0.0,150.0,150.0
2026-09-06 05:00:00,4.0,150.0,154.0
2026-09-06 06:00:00,4.2,150.0,154.2
2026-09-06 07:00:00,2.9,150.0,152.9
2026-09-06 08:00:00,3.4,150.0,153.4
2026-09-06 09:00:00,2.7,143.3,146.0
2026-09-06 10:00:00,3.1,146.7,149.8
2026-09-06 11:00:00,4.1,150.0,154.1
2026-09-06 12:00:00,1.9,150.0,151.9
2026-09-06 13:00:00,3.0,130.0,133.0
2026-09-06 14:00:00,3.5,13.3,16.8
2026-09-06 15:00:00,3.2,150.0,153.2
2026-09-06 16:00:00,2.6,60.0,62.6
2026-09-06 17:00:00,3.3,150.0,153.3
2026-09-06 18:00:00,3.2,150.0,153.2
2026-09-06 19:00:00,4.9,98.3,103.2
2026-09-06 20:00:00,3.1,111.7,114.8
2026-09-06 21:00:00,3.7,95.0,98.7
2026-09-06 22:00:00,0.0,150.0,150.0
2026-09-06 23:00:00,0.0,55.0,55.0
2026-09-07 00:00:00,0.0,140.0,140.0
2026-09-07 01:00:00,0.0,150.0,150.0
2026-09-07 02:00:00,0.0,150.0,150.0
2026-09-07 03:00:00,0.0,90.0,90.0
2026-09-07 04:00:00,0.0,95.0,95.0
2026-09-07 05:00:00,3.6,150.0,153.6
2026-09-07 06:00:00,2.0,150.0,152.0
2026-09-07 07:00:00,2.8,150.0,152.8
2026-09-07 08:00:00,2.5,150.0,152.5
2026-09-07 09:00:00,3.1,150.0,153.1
2026-09-07 10:00:00,4.3,150.0,154.3
2026-09-07 11:00:00,1.2,150.0,151.2
2026-09-07 12:00:00,3.0,150.0,153.0
2026-09-07 13:00:00,4.2,150.0,154.2
2026-09-07 14:00:00,3.3,150.0,153.3
2026-09-07 15:00:00,2.6,43.3,45.9
2026-09-07 16:00:00,2.8,150.0,152.8
2026-09-07 17:00:00,3.6,150.0,153.6
2026-09-07 18:00:00,2.5,81.7,84.2
2026-09-07 19:00:00,2.4,150.0,152.4
2026-09-07 20:00:00,3.0,0.0,3.0
2026-09-07 21:00:00,3.8,140.0,143.8
2026-09-07 22:00:00,0.0,150.0,150.0
2026-09-07 23:00:00,0.0,83.3,83.3
2026-09-08 00:00:00,0.0,58.3,58.3
2026-09-08 01:00:00,0.0,146.7,146.7
2026-09-08 02:00:00,0.0,131.7,131.7
2026-09-08 03:00:00,0.0,131.7,131.7
2026-09-08 04:00:00,0.0,86.7,86.7
2026-09-08 05:00:00,3.1,143.3,146.4
2026-09-08 06:00:00,3.4,150.0,153.4
2026-09-08 07:00:00,2.6,105.0,107.6
2026-09-08 08:00:00,2.4,116.7,119.1
2026-09-08 09:00:00,2.0,150.0,152.0
2026-09-08 10:00:00,3.4,150.0,153.4
2026-09-08 11:00:00,2.9,150.0,152.9
2026-09-08 12:00:00,1.8,150.0,151.8
2026-09-08 13:00:00,2.6,150.0,152.6
2026-09-08 14:00:00,3.3,0.0,3.3
2026-09-08 15:00:00,2.7,76.7,79.4
2026-09-08 16:00:00,4.3,70.0,74.3
2026-09-08 17:00:00,1.6,95.0,96.6
2026-09-08 18:00:00,3.2,150.0,153.2
2026-09-08 19:00:00,3.8,150.0,153.8
2026-09-08 20:00:00,3.7,110.0,113.7
2026-09-08 21:00:00,3.6,90.0,93.6
2026-09-08 22:00:00,0.0,116.7,116.7
2026-09-08 23:00:00,0.0,98.3,98.3
2026-09-09 00:00:00,0.0,73.3,73.3
2026-09-09 01:00:00,0.0,126.7,126.7
2026-09-09 02:00:00,0.0,130.0,130.0
2026-09-09 03:00:00,0.0,150.0,150.0
2026-09-09 04:00:00,0.0,150.0,150.0
2026-09-09 05:00:00,3.5,98.3,101.8
2026-09-09 06:00:00,3.9,150.0,153.9
2026-09-09 07:00:00,2.6,111.7,114.3
2026-09-09 08:00:00,2.5,0.0,2.5
2026-09-09 09:00:00,1.8,150.0,151.8
2026-09-09 10:00:00,2.0,150.0,152.0
2026-09-09 11:00:00,3.7,150.0,153.7
2026-09-09 12:00:00,3.1,103.3,106.4
2026-09-09 13:00:00,2.9,150.0,152.9
2026-09-09 14:00:00,1.8,150.0,151.8
2026-09-09 15:00:00,2.6,150.0,152.6
2026-09-09 16:00:00,3.6,150.0,153.6
2026-09-09 17:00:00,3.4,90.0,93.4
2026-09-09 18:00:00,3.7,150.0,153.7
2026-09-09 19:00:00,2.7,150.0,152.7
2026-09-09 20:00:00,2.7,150.0,152.7
2026-09-09 21:00:00,2.8,65.0,67.8
2026-09-09 22:00:00,0.0,45.0,45.0
2026-09-09 23:00:00,0.0,76.7,76.7
2026-09-10 00:00:00,0.0,150.0,150.0
2026-09-10 01:00:00,0.0,53.3,53.3
2026-09-10 02:00:00,0.0,135.0,135.0
2026-09-10 03:00:00,0.0,150.0,150.0
2026-09-10 04:00:00,0.0,150.0,150.0
2026-09-10 05:00:00,4.0,150.0,154.0
2026-09-10 06:00:00,3.1,150.0,153.1
2026-09-10 07:00:00,2.3,150.0,152.3
2026-09-10 08:00:00,2.4,28.3,30.7
2026-09-10 09:00:00,3.4,150.0,153.4
2026-09-10 10:00:00,1.7,150.0,151.7
2026-09-10 11:00:00,3.3,150.0,153.3
2026-09-10 12:00:00,2.9,88.3,91.2
2026-09-10 13:00:00,3.0,150.0,153.0
2026-09-10 14:00:00,3.2,26.7,29.9
2026-09-10 15:00:00,2.9,150.0,152.9
2026-09-10 16:00:00,2.2,150.0,152.2
2026-09-10 17:00:00,3.4,150.0,153.4
2026-09-10 18:00:00,1.5,46.7,48.2
2026-09-10 19:00:00,3.4,150.0,153.4
2026-09-10 20:00:00,4.7,40.0,44.7
2026-09-10 21:00:00,2.6,150.0,152.6
2026-09-10 22:00:00,0.0,23.3,23.3
2026-09-10 23:00:00,0.0,148.3,148.3
2026-09-11 00:00:00,0.0,113.3,113.3
2026-09-11 01:00:00,0.0,150.0,150.0
2026-09-11 02:00:00,0.0,103.3,103.3
2026-09-11 03:00:00,0.0,150.0,150.0
2026-09-11 04:00:00,0.0,120.0,120.0
2026-09-11 05:00:00,2.8,105.0,107.8
2026-09-11 06:00:00,4.1,105.0,109.1
2026-09-11 07:00:00,2.3,150.0,152.3
2026-09-11 08:00:00,2.1,150.0,152.1
2026-09-11 09:00:00,4.3,50.0,54.3
2026-09-11 10:00:00,3.5,150.0,153.5
2026-09-11 11:00:00,2.9,150.0,152.9
2026-09-11 12:00:00,2.3,150.0,152.3
2026-09-11 13:00:00,3.5,121.7,125.2
2026-09-11 14:00:00,2.4,128.3,130.7
2026-09-11 15:00:00,3.4,140.0,143.4
2026-09-11 16:00:00,2.7,150.0,152.7
2026-09-11 17:00:00,3.0,100.0,103.0
2026-09-11 18:00:00,3.4,73.3,76.7
2026-09-11 19:00:00,3.7,150.0,153.7
2026-09-11 20:00:00,3.1,150.0,153.1
2026-09-11 21:00:00,3.8,145.0,148.8
2026-09-11 22:00:00,0.0,141.7,141.7
2026-09-11 23:00:00,0.0,101.7,101.7
2026-09-12 00:00:00,0.0,150.0,150.0
2026-09-12 01:00:00,0.0,150.0,150.0
2026-09-12 02:00:00,0.0,150.0,150.0
2026-09-12 03:00:00,0.0,131.7,131.7
2026-09-12 04:00:00,0.0,150.0,150.0
2026-09-12 05:00:00,4.5,150.0,154.5
2026-09-12 06:00:00,3.2,150.0,153.2
2026-09-12 07:00:00,4.0,0.0,4.0
2026-09-12 08:00:00,3.0,150.0,153.0
2026-09-12 09:00:00,1.7,150.0,151.7
2026-09-12 10:00:00,3.0,150.0,153.0
2026-09-12 11:00:00,1.9,0.0,1.9
2026-09-12 12:00:00,3.3,150.0,153.3
2026-09-12 13:00:00,2.4,146.7,149.1
2026-09-12 14:00:00,2.1,110.0,112.1
2026-09-12 15:00:00,4.7,150.0,154.7
2026-09-12 16:00:00,4.0,121.7,125.7
2026-09-12 17:00:00,3.1,10.0,13.1
2026-09-12 18:00:00,3.1,81.7,84.8
2026-09-12 19:00:00,2.8,56.7,59.5
2026-09-12 20:00:00,1.6,96.7,98.3
2026-09-12 21:00:00,1.5,150.0,151.5
2026-09-12 22:00:00,0.0,150.0,150.0
2026-09-12 23:00:00,0.0,150.0,150.0
2026-09-13 00:00:00,0.0,150.0,150.0
2026-09-13 01:00:00,0.0,108.3,108.3
2026-09-13 02:00:00,0.0,150.0,150.0
2026-09-13 03:00:00,0.0,150.0,150.0
2026-09-13 04:00:00,0.0,146.7,146.7
2026-09-13 05:00:00,3.2,150.0,153.2
2026-09-13 06:00:00,3.5,150.0,153.5
2026-09-13 07:00:00,2.9,150.0,152.9
2026-09-13 08:00:00,3.4,150.0,153.4
2026-09-13 09:00:00,2.9,136.7,139.6
2026-09-13 10:00:00,2.5,23.3,25.8
2026-09-13 11:00:00,3.1,150.0,153.1
2026-09-13 12:00:00,2.1,73.3,75.4
2026-09-13 13:00:00,3.7,108.3,112.0
2026-09-13 14:00:00,2.7,150.0,152.7
2026-09-13 15:00:00,2.3,150.0,152.3
2026-09-13 16:00:00,2.6,8.3,10.9
2026-09-13 17:00:00,3.3,70.0,73.3
2026-09-13 18:00:00,4.0,150.0,154.0
2026-09-13 19:00:00,3.0,141.7,144.7
2026-09-13 20:00:00,2.8,98.3,101.1
2026-09-13 21:00:00,1.9,150.0,151.9
2026-09-13 22:00:00,0.0,86.7,86.7
2026-09-13 23:00:00,0.0,150.0,150.0
2026-09-14 00:00:00,0.0,120.0,120.0
2026-09-14 01:00:00,0.0,150.0,150.0
2026-09-14 02:00:00,0.0,150.0,150.0
2026-09-14 03:00:00,0.0,125.0,125.0
2026-09-14 04:00:00,0.0,150.0,150.0
2026-09-14 05:00:00,2.8,76.7,79.5
2026-09-14 06:00:00,2.8,68.3,71.1
2026-09-14 07:00:00,3.2,113.3,116.5
2026-09-14 08:00:00,2.6,121.7,124.3
2026-09-14 09:00:00,3.4,130.0,133.4
2026-09-14 10:00:00,3.8,76.7,80.5
2026-09-14 11:00:00,3.7,50.0,53.7
2026-09-14 12:00:00,3.2,38.3,41.5
2026-09-14 13:00:00,3.9,150.0,153.9
2026-09-14 14:00:00,2.8,123.3,126.1
2026-09-14 15:00:00,1.8,0.0,1.8
2026-09-14 16:00:00,2.5,46.7,49.2
2026-09-14 17:00:00,2.5,150.0,152.5
2026-09-14 18:00:00,2.1,70.0,72.1
2026-09-14 19:00:00,3.2,60.0,63.2
2026-09-14 20:00:00,3.7,150.0,153.7
2026-09-14 21:00:00,4.8,150.0,154.8
2026-09-14 22:00:00,0.0,68.3,68.3
2026-09-14 23:00:00,0.0,150.0,150.0
2026-09-15 00:00:00,0.0,50.0,50.0
2026-09-15 01:00:00,0.0,150.0,150.0
2026-09-15 02:00:00,0.0,150.0,150.0
2026-09-15 03:00:00,0.0,150.0,150.0
2026-09-15 04:00:00,0.0,150.0,150.0
2026-09-15 05:00:00,2.7,0.0,2.7
2026-09-15 06:00:00,3.5,150.0,153.5
2026-09-15 07:00:00,2.4,150.0,152.4
2026-09-15 08:00:00,3.0,150.0,153.0
2026-09-15 09:00:00,4.1,150.0,154.1
2026-09-15 10:00:00,2.9,108.3,111.2
2026-09-15 11:00:00,1.8,50.0,51.8
2026-09-15 12:00:00,3.7,55.0,58.7
2026-09-15 13:00:00,3.4,66.7,70.1
2026-09-15 14:00:00,2.3,150.0,152.3
2026-09-15 15:00:00,3.9,108.3,112.2
2026-09-15 16:00:00,3.2,98.3,101.5
2026-09-15 17:00:00,1.4,1.7,3.1
2026-09-15 18:00:00,2.0,116.7,118.7
2026-09-15 19:00:00,2.3,31.7,34.0
2026-09-15 20:00:00,4.1,93.3,97.4
2026-09-15 21:00:00,2.7,138.3,141.0
2026-09-15 22:00:00,0.0,138.3,138.3
2026-09-15 23:00:00,0.0,150.0,150.0
2026-09-16 00:00:00,0.0,25.0,25.0
2026-09-16 01:00:00,0.0,150.0,150.0
2026-09-16 02:00:00,0.0,118.3,118.3
2026-09-16 03:00:00,0.0,85.0,85.0
2026-09-16 04:00:00,0.0,55.0,55.0
2026-09-16 05:00:00,2.7,150.0,152.7
2026-09-16 06:00:00,3.9,150.0,153.9
2026-09-16 07:00:00,4.2,150.0,154.2
2026-09-16 08:00:00,3.6,86.7,90.3
2026-09-16 09:00:00,1.9,150.0,151.9
2026-09-16 10:00:00,3.0,150.0,153.0
2026-09-16 11:00:00,2.8,150.0,152.8
2026-09-16 12:00:00,2.4,0.0,2.4
2026-09-16 13:00:00,3.5,150.0,153.5
2026-09-16 14:00:00,2.2,43.3,45.5
2026-09-16 15:00:00,2.4,41.7,44.1
2026-09-16 16:00:00,3.3,90.0,93.3
2026-09-16 17:00:00,2.2,150.0,152.2
2026-09-16 18:00:00,2.1,150.0,152.1
2026-09-16 19:00:00,2.4,111.7,114.1
2026-09-16 20:00:00,2.4,110.0,112.4
2026-09-16 21:00:00,2.8,150.0,152.8
2026-09-16 22:00:00,0.0,150.0,150.0
2026-09-16 23:00:00,0.0,150.0,150.0
2026-09-17 00:00:00,0.0,140.0,140.0
2026-09-17 01:00:00,0.0,73.3,73.3
2026-09-17 02:00:00,0.0,118.3,118.3
2026-09-17 03:00:00,0.0,130.0,130.0
2026-09-17 04:00:00,0.0,150.0,150.0
2026-09-17 05:00:00,2.8,105.0,107.8
2026-09-17 06:00:00,2.3,131.7,134.0
2026-09-17 07:00:00,3.0,95.0,98.0
2026-09-17 08:00:00,3.3,150.0,153.3
2026-09-17 09:00:00,2.3,60.0,62.3
2026-09-17 10:00:00,1.6,150.0,151.6
2026-09-17 11:00:00,2.1,98.3,100.4
2026-09-17 12:00:00,3.0,150.0,153.0
2026-09-17 13:00:00,3.7,150.0,153.7
2026-09-17 14:00:00,4.1,150.0,154.1
2026-09-17 15:00:00,2.3,150.0,152.3
2026-09-17 16:00:00,4.0,150.0,154.0
2026-09-17 17:00:00,2.2,150.0,152.2
2026-09-17 18:00:00,1.9,65.0,66.9
2026-09-17 19:00:00,2.2,65.0,67.2
2026-09-17 20:00:00,3.0,31.7,34.7
2026-09-17 21:00:00,3.3,150.0,153.3
2026-09-17 22:00:00,0.0,145.0,145.0
2026-09-17 23:00:00,0.0,93.3,93.3
2026-09-18 00:00:00,0.0,121.7,121.7
2026-09-18 01:00:00,0.0,136.7,136.7
2026-09-18 02:00:00,0.0,150.0,150.0
2026-09-18 03:00:00,0.0,0.0,0.0
2026-09-18 04:00:00,0.0,0.0,0.0
2026-09-18 05:00:00,2.1,150.0,152.1
2026-09-18 06:00:00,2.2,146.7,148.9
2026-09-18 07:00:00,4.3,6.7,11.0
2026-09-18 08:00:00,3.3,150.0,153.3
2026-09-18 09:00:00,3.4,70.0,73.4
2026-09-18 10:00:00,3.7,150.0,153.7
2026-09-18 11:00:00,3.2,0.0,3.2
2026-09-18 12:00:00,4.5,111.7,116.2
2026-09-18 13:00:00,1.6,150.0,151.6
2026-09-18 14:00:00,2.1,81.7,83.8
2026-09-18 15:00:00,3.0,150.0,153.0
2026-09-18 16:00:00,3.2,150.0,153.2
2026-09-18 17:00:00,1.8,150.0,151.8
2026-09-18 18:00:00,2.4,150.0,152.4
2026-09-18 19:00:00,3.7,115.0,118.7
2026-09-18 20:00:00,2.4,150.0,152.4
2026-09-18 21:00:00,3.3,150.0,153.3
2026-09-18 22:00:00,0.0,150.0,150.0
2026-09-18 23:00:00,0.0,25.0,25.0
2026-09-19 00:00:00,0.0,150.0,150.0
2026-09-19 01:00:00,0.0,138.3,138.3
2026-09-19 02:00:00,0.0,150.0,150.0
2026-09-19 03:00:00,0.0,150.0,150.0
2026-09-19 04:00:00,0.0,150.0,150.0
2026-09-19 05:00:00,4.1,0.0,4.1
2026-09-19 06:00:00,1.2,150.0,151.2
2026-09-19 07:00:00,1.7,150.0,151.7
2026-09-19 08:00:00,2.0,13.3,15.3
2026-09-19 09:00:00,3.2,150.0,153.2
2026-09-19 10:00:00,3.4,150.0,153.4
2026-09-19 11:00:00,1.9,70.0,71.9
2026-09-19 12:00:00,3.1,133.3,136.4
2026-09-19 13:00:00,3.7,138.3,142.0
2026-09-19 14:00:00,4.1,85.0,89.1
2026-09-19 15:00:00,2.7,150.0,152.7
2026-09-19 16:00:00,3.2,150.0,153.2
2026-09-19 17:00:00,2.6,150.0,152.6
2026-09-19 18:00:00,3.6,145.0,148.6
2026-09-19 19:00:00,4.4,150.0,154.4
2026-09-19 20:00:00,3.5,150.0,153.5
2026-09-19 21:00:00,3.2,150.0,153.2
2026-09-19 22:00:00,0.0,150.0,150.0
2026-09-19 23:00:00,0.0,76.7,76.7
2026-09-20 00:00:00,0.0,150.0,150.0
2026-09-20 01:00:00,0.0,26.7,26.7
2026-09-20 02:00:00,0.0,150.0,150.0
2026-09-20 03:00:00,0.0,80.0,80.0
2026-09-20 04:00:00,0.0,38.3,38.3
2026-09-20 05:00:00,3.4,150.0,153.4
2026-09-20 06:00:00,2.0,38.3,40.3
2026-09-20 07:00:00,3.1,0.0,3.1
2026-09-20 08:00:00,2.6,150.0,152.6
2026-09-20 09:00:00,3.3,150.0,153.3
2026-09-20 10:00:00,2.2,140.0,142.2
2026-09-20 11:00:00,2.5,83.3,85.8
2026-09-20 12:00:00,3.2,150.0,153.2
2026-09-20 13:00:00,2.4,150.0,152.4
2026-09-20 14:00:00,2.3,150.0,152.3
2026-09-20 15:00:00,2.6,83.3,85.9
2026-09-20 16:00:00,2.5,111.7,114.2
2026-09-20 17:00:00,3.3,150.0,153.3
2026-09-20 18:00:00,2.4,143.3,145.7
2026-09-20 19:00:00,2.5,60.0,62.5
2026-09-20 20:00:00,3.6,98.3,101.9
2026-09-20 21:00:00,3.3,73.3,76.6
2026-09-20 22:00:00,0.0,150.0,150.0
2026-09-20 23:00:00,0.0,150.0,150.0
2026-09-21 00:00:00,0.0,150.0,150.0
2026-09-21 01:00:00,0.0,150.0,150.0
2026-09-21 02:00:00,0.0,101.7,101.7
2026-09-21 03:00:00,0.0,45.0,45.0
2026-09-21 04:00:00,0.0,75.0,75.0
2026-09-21 05:00:00,3.5,28.3,31.8
2026-09-21 06:00:00,2.5,25.0,27.5
2026-09-21 07:00:00,1.8,113.3,115.1
2026-09-21 08:00:00,2.9,91.7,94.6
2026-09-21 09:00:00,2.3,148.3,150.6
2026-09-21 10:00:00,3.5,150.0,153.5
2026-09-21 11:00:00,3.3,150.0,153.3
2026-09-21 12:00:00,2.6,150.0,152.6
2026-09-21 13:00:00,3.4,150.0,153.4
2026-09-21 14:00:00,2.0,116.7,118.7
2026-09-21 15:00:00,1.5,150.0,151.5
2026-09-21 16:00:00,3.6,100.0,103.6
2026-09-21 17:00:00,1.8,150.0,151.8
2026-09-21 18:00:00,3.5,73.3,76.8
2026-09-21 19:00:00,3.0,93.3,96.3
2026-09-21 20:00:00,1.9,150.0,151.9
2026-09-21 21:00:00,1.4,150.0,151.4
2026-09-21 22:00:00,0.0,150.0,150.0
2026-09-21 23:00:00,0.0,150.0,150.0
2026-09-22 00:00:00,0.0,150.0,150.0
2026-09-22 01:00:00,0.0,150.0,150.0
2026-09-22 02:00:00,0.0,121.7,121.7
2026-09-22 03:00:00,0.0,150.0,150.0
2026-09-22 04:00:00,0.0,70.0,70.0
2026-09-22 05:00:00,3.2,111.7,114.9
2026-09-22 06:00:00,2.2,138.3,140.5
2026-09-22 07:00:00,2.8,143.3,146.1
2026-09-22 08:00:00,3.4,136.7,140.1
2026-09-22 09:00:00,3.1,150.0,153.1
2026-09-22 10:00:00,3.9,98.3,102.2
2026-09-22 11:00:00,4.0,111.7,115.7
2026-09-22 12:00:00,2.6,0.0,2.6
2026-09-22 13:00:00,2.9,150.0,152.9
2026-09-22 14:00:00,2.5,41.7,44.2
2026-09-22 15:00:00,3.0,150.0,153.0
2026-09-22 16:00:00,2.8,150.0,152.8
2026-09-22 17:00:00,2.3,126.7,129.0
2026-09-22 18:00:00,3.7,150.0,153.7
2026-09-22 19:00:00,3.1,85.0,88.1
2026-09-22 20:00:00,3.2,131.7,134.9
2026-09-22 21:00:00,2.1,150.0,152.1
2026-09-22 22:00:00,0.0,150.0,150.0
2026-09-22 23:00:00,0.0,138.3,138.3
2026-09-23 00:00:00,0.0,135.0,135.0
2026-09-23 01:00:00,0.0,150.0,150.0
2026-09-23 02:00:00,0.0,150.0,150.0
2026-09-23 03:00:00,0.0,150.0,150.0
2026-09-23 04:00:00,0.0,146.7,146.7
2026-09-23 05:00:00,2.1,76.7,78.8
2026-09-23 06:00:00,2.5,150.0,152.5
2026-09-23 07:00:00,2.5,123.3,125.8
2026-09-23 08:00:00,2.0,150.0,152.0
2026-09-23 09:00:00,2.7,150.0,152.7
2026-09-23 10:00:00,2.2,31.7,33.9
2026-09-23 11:00:00,2.6,108.3,110.9
2026-09-23 12:00:00,2.8,150.0,152.8
2026-09-23 13:00:00,4.9,51.7,56.6
2026-09-23 14:00:00,3.5,150.0,153.5
2026-09-23 15:00:00,4.0,125.0,129.0
2026-09-23 16:00:00,1.3,150.0,151.3
2026-09-23 17:00:00,1.6,90.0,91.6
2026-09-23 18:00:00,3.0,121.7,124.7
2026-09-23 19:00:00,4.3,110.0,114.3
2026-09-23 20:00:00,2.5,150.0,152.5
2026-09-23 21:00:00,4.1,150.0,154.1
2026-09-23 22:00:00,0.0,150.0,150.0
2026-09-23 23:00:00,0.0,150.0,150.0
2026-09-24 00:00:00,0.0,136.7,136.7
2026-09-24 01:00:00,0.0,71.7,71.7
2026-09-24 02:00:00,0.0,150.0,150.0
2026-09-24 03:00:00,0.0,85.0,85.0
2026-09-24 04:00:00,0.0,150.0,150.0
2026-09-24 05:00:00,3.8,150.0,153.8
2026-09-24 06:00:00,4.7,150.0,154.7
2026-09-24 07:00:00,3.1,150.0,153.1
2026-09-24 08:00:00,2.8,125.0,127.8
2026-09-24 09:00:00,2.4,98.3,100.7
2026-09-24 10:00:00,4.0,150.0,154.0
2026-09-24 11:00:00,3.5,150.0,153.5
2026-09-24 12:00:00,3.3,150.0,153.3
2026-09-24 13:00:00,3.9,86.7,90.6
2026-09-24 14:00:00,2.8,65.0,67.8
2026-09-24 15:00:00,1.2,83.3,84.5
2026-09-24 16:00:00,2.7,8.3,11.0
2026-09-24 17:00:00,2.7,150.0,152.7
2026-09-24 18:00:00,4.5,150.0,154.5
2026-09-24 19:00:00,2.7,150.0,152.7
2026-09-24 20:00:00,4.4,150.0,154.4
2026-09-24 21:00:00,2.2,85.0,87.2
2026-09-24 22:00:00,0.0,131.7,131.7
2026-09-24 23:00:00,0.0,150.0,150.0
2026-09-25 00:00:00,0.0,113.3,113.3
2026-09-25 01:00:00,0.0,150.0,150.0
2026-09-25 02:00:00,0.0,150.0,150.0
2026-09-25 03:00:00,0.0,111.7,111.7
2026-09-25 04:00:00,0.0,150.0,150.0
2026-09-25 05:00:00,2.5,150.0,152.5
2026-09-25 06:00:00,4.8,148.3,153.1
2026-09-25 07:00:00,3.4,150.0,153.4
2026-09-25 08:00:00,3.0,150.0,153.0
2026-09-25 09:00:00,3.9,41.7,45.6
2026-09-25 10:00:00,3.0,25.0,28.0
2026-09-25 11:00:00,3.3,150.0,153.3
2026-09-25 12:00:00,2.4,140.0,142.4
2026-09-25 13:00:00,3.6,150.0,153.6
2026-09-25 14:00:00,4.1,73.3,77.4
2026-09-25 15:00:00,3.4,150.0,153.4
2026-09-25 16:00:00,3.7,108.3,112.0
2026-09-25 17:00:00,2.2,150.0,152.2
2026-09-25 18:00:00,2.3,140.0,142.3
2026-09-25 19:00:00,2.3,150.0,152.3
2026-09-25 20:00:00,4.2,121.7,125.9
2026-09-25 21:00:00,3.2,150.0,153.2
2026-09-25 22:00:00,0.0,150.0,150.0
2026-09-25 23:00:00,0.0,150.0,150.0
2026-09-26 00:00:00,0.0,130.0,130.0
2026-09-26 01:00:00,0.0,150.0,150.0
2026-09-26 02:00:00,0.0,150.0,150.0
2026-09-26 03:00:00,0.0,105.0,105.0
2026-09-26 04:00:00,0.0,123.3,123.3
2026-09-26 05:00:00,2.3,150.0,152.3
2026-09-26 06:00:00,3.7,150.0,153.7
2026-09-26 07:00:00,3.3,150.0,153.3
2026-09-26 08:00:00,3.0,130.0,133.0
2026-09-26 09:00:00,3.0,150.0,153.0
2026-09-26 10:00:00,3.4,51.7,55.1
2026-09-26 11:00:00,2.9,110.0,112.9
2026-09-26 12:00:00,2.7,150.0,152.7
2026-09-26 13:00:00,3.0,150.0,153.0
2026-09-26 14:00:00,3.3,135.0,138.3
2026-09-26 15:00:00,3.4,78.3,81.7
2026-09-26 16:00:00,2.8,61.7,64.5
2026-09-26 17:00:00,3.1,26.7,29.8
2026-09-26 18:00:00,2.1,110.0,112.1
2026-09-26 19:00:00,3.2,66.7,69.9
2026-09-26 20:00:00,2.9,150.0,152.9
2026-09-26 21:00:00,3.6,150.0,153.6
2026-09-26 22:00:00,0.0,108.3,108.3
2026-09-26 23:00:00,0.0,150.0,150.0
2026-09-27 00:00:00,0.0,88.3,88.3
2026-09-27 01:00:00,0.0,55.0,55.0
2026-09-27 02:00:00,0.0,123.3,123.3
2026-09-27 03:00:00,0.0,150.0,150.0
2026-09-27 04:00:00,0.0,150.0,150.0
2026-09-27 05:00:00,3.4,131.7,135.1
2026-09-27 06:00:00,4.0,150.0,154.0
2026-09-27 07:00:00,3.9,81.7,85.6
2026-09-27 08:00:00,3.5,66.7,70.2
2026-09-27 09:00:00,2.6,150.0,152.6
2026-09-27 10:00:00,2.8,81.7,84.5
2026-09-27 11:00:00,3.8,118.3,122.1
2026-09-27 12:00:00,4.6,95.0,99.6
2026-09-27 13:00:00,3.3,150.0,153.3
2026-09-27 14:00:00,3.6,150.0,153.6
2026-09-27 15:00:00,2.7,150.0,152.7
2026-09-27 16:00:00,3.9,150.0,153.9
2026-09-27 17:00:00,2.0,133.3,135.3
2026-09-27 18:00:00,3.4,128.3,131.7
2026-09-27 19:00:00,3.0,105.0,108.0
2026-09-27 20:00:00,3.5,145.0,148.5
2026-09-27 21:00:00,2.8,25.0,27.8
2026-09-27 22:00:00,0.0,108.3,108.3
2026-09-27 23:00:00,0.0,150.0,150.0
2026-09-28 00:00:00,0.0,101.7,101.7
2026-09-28 01:00:00,0.0,150.0,150.0
2026-09-28 02:00:00,0.0,150.0,150.0
2026-09-28 03:00:00,0.0,83.3,83.3
2026-09-28 04:00:00,0.0,0.0,0.0
2026-09-28 05:00:00,2.9,138.3,141.2
2026-09-28 06:00:00,3.1,138.3,141.4
2026-09-28 07:00:00,3.8,90.0,93.8
2026-09-28 08:00:00,3.2,76.7,79.9
2026-09-28 09:00:00,2.6,150.0,152.6
2026-09-28 10:00:00,3.7,150.0,153.7
2026-09-28 11:00:00,2.6,120.0,122.6
2026-09-28 12:00:00,4.2,150.0,154.2
2026-09-28 13:00:00,3.0,150.0,153.0
2026-09-28 14:00:00,1.7,130.0,131.7
2026-09-28 15:00:00,2.9,150.0,152.9
2026-09-28 16:00:00,2.7,88.3,91.0
2026-09-28 17:00:00,2.0,150.0,152.0
2026-09-28 18:00:00,3.8,150.0,153.8
2026-09-28 19:00:00,2.2,150.0,152.2
2026-09-28 20:00:00,2.7,118.3,121.0
2026-09-28 21:00:00,2.0,25.0,27.0
2026-09-28 22:00:00,0.0,150.0,150.0
2026-09-28 23:00:00,0.0,150.0,150.0
2026-09-29 00:00:00,0.0,81.7,81.7
2026-09-29 01:00:00,0.0,100.0,100.0
2026-09-29 02:00:00,0.0,40.0,40.0
2026-09-29 03:00:00,0.0,150.0,150.0
2026-09-29 04:00:00,0.0,73.3,73.3
2026-09-29 05:00:00,3.2,18.3,21.5
2026-09-29 06:00:00,2.1,150.0,152.1
2026-09-29 07:00:00,3.3,65.0,68.3
2026-09-29 08:00:00,3.3,90.0,93.3
2026-09-29 09:00:00,3.4,100.0,103.4
2026-09-29 10:00:00,3.2,150.0,153.2
2026-09-29 11:00:00,2.9,103.3,106.2
2026-09-29 12:00:00,3.8,8.3,12.1
2026-09-29 13:00:00,3.2,150.0,153.2
2026-09-29 14:00:00,4.0,83.3,87.3
2026-09-29 15:00:00,3.8,150.0,153.8
2026-09-29 16:00:00,4.1,80.0,84.1
2026-09-29 17:00:00,3.5,150.0,153.5
2026-09-29 18:00:00,2.3,100.0,102.3
2026-09-29 19:00:00,3.0,133.3,136.3
2026-09-29 20:00:00,3.0,150.0,153.0
2026-09-29 21:00:00,2.0,150.0,152.0
2026-09-29 22:00:00,0.0,150.0,150.0
2026-09-29 23:00:00,0.0,150.0,150.0
2026-09-30 00:00:00,0.0,150.0,150.0
2026-09-30 01:00:00,0.0,150.0,150.0
2026-09-30 02:00:00,0.0,126.7,126.7
2026-09-30 03:00:00,0.0,150.0,150.0
2026-09-30 04:00:00,0.0,150.0,150.0
2026-09-30 05:00:00,2.2,150.0,152.2
2026-09-30 06:00:00,2.9,61.7,64.6
2026-09-30 07:00:00,1.8,83.3,85.1
2026-09-30 08:00:00,2.2,98.3,100.5
2026-09-30 09:00:00,2.0,150.0,152.0
2026-09-30 10:00:00,2.2,150.0,152.2
2026-09-30 11:00:00,3.5,150.0,153.5
2026-09-30 12:00:00,2.6,0.0,2.6
2026-09-30 13:00:00,1.2,150.0,151.2
2026-09-30 14:00:00,4.0,150.0,154.0
2026-09-30 15:00:00,3.7,30.0,33.7
2026-09-30 16:00:00,2.7,150.0,152.7
2026-09-30 17:00:00,3.7,150.0,153.7
2026-09-30 18:00:00,1.7,63.3,65.0
2026-09-30 19:00:00,1.7,150.0,151.7
2026-09-30 20:00:00,2.2,70.0,72.2
2026-09-30 21:00:00,1.6,150.0,151.6
2026-09-30 22:00:00,0.0,0.0,0.0
2026-09-30 23:00:00,0.0,88.3,88.3
2026-10-01 00:00:00,0.0,108.3,108.3
2026-10-01 01:00:00,0.0,131.7,131.7
2026-10-01 02:00:00,0.0,150.0,150.0
2026-10-01 03:00:00,0.0,150.0,150.0
2026-10-01 04:00:00,0.0,140.0,140.0
2026-10-01 05:00:00,1.8,141.7,143.5
2026-10-01 06:00:00,4.0,150.0,154.0
2026-10-01 07:00:00,3.5,100.0,103.5
2026-10-01 08:00:00,2.0,0.0,2.0
2026-10-01 09:00:00,2.7,78.3,81.0
2026-10-01 10:00:00,2.3,93.3,95.6
2026-10-01 11:00:00,4.0,150.0,154.0
2026-10-01 12:00:00,2.1,80.0,82.1
2026-10-01 13:00:00,2.7,150.0,152.7
2026-10-01 14:00:00,1.7,150.0,151.7
2026-10-01 15:00:00,3.5,105.0,108.5
2026-10-01 16:00:00,1.1,63.3,64.4
2026-10-01 17:00:00,1.7,150.0,151.7
2026-10-01 18:00:00,3.2,118.3,121.5
2026-10-01 19:00:00,4.3,150.0,154.3
2026-10-01 20:00:00,1.9,150.0,151.9
2026-10-01 21:00:00,1.8,150.0,151.8
2026-10-01 22:00:00,0.0,30.0,30.0
2026-10-01 23:00:00,0.0,26.7,26.7
2026-10-02 00:00:00,0.0,150.0,150.0
2026-10-02 01:00:00,0.0,150.0,150.0
2026-10-02 02:00:00,0.0,150.0,150.0
2026-10-02 03:00:00,0.0,121.7,121.7
2026-10-02 04:00:00,0.0,111.7,111.7
2026-10-02 05:00:00,3.7,133.3,137.0
2026-10-02 06:00:00,2.3,75.0,77.3
2026-10-02 07:00:00,2.5,121.7,124.2
2026-10-02 08:00:00,1.1,145.0,146.1
2026-10-02 09:00:00,2.2,150.0,152.2
2026-10-02 10:00:00,3.6,101.7,105.3
2026-10-02 11:00:00,2.7,150.0,152.7
2026-10-02 12:00:00,3.4,60.0,63.4
2026-10-02 13:00:00,1.9,150.0,151.9
2026-10-02 14:00:00,2.7,150.0,152.7
2026-10-02 15:00:00,3.1,106.7,109.8
2026-10-02 16:00:00,2.6,150.0,152.6
2026-10-02 17:00:00,2.8,55.0,57.8
2026-10-02 18:00:00,3.1,86.7,89.8
2026-10-02 19:00:00,3.6,150.0,153.6
2026-10-02 20:00:00,3.0,33.3,36.3
2026-10-02 21:00:00,2.6,123.3,125.9
2026-10-02 22:00:00,0.0,43.3,43.3
2026-10-02 23:00:00,0.0,85.0,85.0
2026-10-03 00:00:00,0.0,35.0,35.0
2026-10-03 01:00:00,0.0,131.7,131.7
2026-10-03 02:00:00,0.0,150.0,150.0
2026-10-03 03:00:00,0.0,145.0,145.0
2026-10-03 04:00:00,0.0,150.0,150.0
2026-10-03 05:00:00,3.4,150.0,153.4
2026-10-03 06:00:00,2.6,0.0,2.6
2026-10-03 07:00:00,2.7,36.7,39.4
2026-10-03 08:00:00,2.7,150.0,152.7
2026-10-03 09:00:00,2.7,150.0,152.7
2026-10-03 10:00:00,4.0,35.0,39.0
2026-10-03 11:00:00,3.4,126.7,130.1
2026-10-03 12:00:00,2.5,13.3,15.8
2026-10-03 13:00:00,2.4,146.7,149.1
2026-10-03 14:00:00,2.7,150.0,152.7
2026-10-03 15:00:00,2.1,150.0,152.1
2026-10-03 16:00:00,4.3,150.0,154.3
2026-10-03 17:00:00,3.3,86.7,90.0
2026-10-03 18:00:00,2.2,150.0,152.2
2026-10-03 19:00:00,2.9,150.0,152.9
2026-10-03 20:00:00,4.9,83.3,88.2
2026-10-03 21:00:00,3.6,150.0,153.6
2026-10-03 22:00:00,0.0,150.0,150.0
2026-10-03 23:00:00,0.0,140.0,140.0
2026-10-04 00:00:00,0.0,150.0,150.0
2026-10-04 01:00:00,0.0,150.0,150.0
2026-10-04 02:00:00,0.0,150.0,150.0
2026-10-04 03:00:00,0.0,150.0,150.0
2026-10-04 04:00:00,0.0,150.0,150.0
2026-10-04 05:00:00,2.6,150.0,152.6
2026-10-04 06:00:00,2.0,150.0,152.0
2026-10-04 07:00:00,2.5,101.7,104.2
2026-10-04 08:00:00,3.9,150.0,153.9
2026-10-04 09:00:00,4.0,23.3,27.3
2026-10-04 10:00:00,2.9,125.0,127.9
2026-10-04 11:00:00,2.9,150.0,152.9
2026-10-04 12:00:00,3.9,150.0,153.9
2026-10-04 13:00:00,3.5,20.0,23.5
2026-10-04 14:00:00,2.3,145.0,147.3
2026-10-04 15:00:00,2.7,50.0,52.7
2026-10-04 16:00:00,2.7,150.0,152.7
2026-10-04 17:00:00,2.6,0.0,2.6
2026-10-04 18:00:00,2.1,86.7,88.8
2026-10-04 19:00:00,4.1,53.3,57.4
2026-10-04 20:00:00,4.0,116.7,120.7
2026-10-04 21:00:00,2.6,46.7,49.3
2026-10-04 22:00:00,0.0,45.0,45.0
2026-10-04 23:00:00,0.0,141.7,141.7
2026-10-05 00:00:00,0.0,136.7,136.7
2026-10-05 01:00:00,0.0,150.0,150.0
2026-10-05 02:00:00,0.0,133.3,133.3
2026-10-05 03:00:00,0.0,150.0,150.0
2026-10-05 04:00:00,0.0,100.0,100.0
2026-10-05 05:00:00,3.3,150.0,153.3
2026-10-05 06:00:00,2.1,40.0,42.1
2026-10-05 07:00:00,2.3,150.0,152.3
2026-10-05 08:00:00,3.4,150.0,153.4
2026-10-05 09:00:00,3.7,63.3,67.0
2026-10-05 10:00:00,2.9,150.0,152.9
2026-10-05 11:00:00,3.0,150.0,153.0
2026-10-05 12:00:00,2.7,11.7,14.4
2026-10-05 13:00:00,3.4,150.0,153.4
2026-10-05 14:00:00,1.8,150.0,151.8
2026-10-05 15:00:00,2.7,150.0,152.7
2026-10-05 16:00:00,1.4,150.0,151.4
2026-10-05 17:00:00,2.2,130.0,132.2
2026-10-05 18:00:00,3.0,93.3,96.3
2026-10-05 19:00:00,1.8,58.3,60.1
2026-10-05 20:00:00,3.7,150.0,153.7
2026-10-05 21:00:00,3.1,150.0,153.1
2026-10-05 22:00:00,0.0,96.7,96.7
2026-10-05 23:00:00,0.0,46.7,46.7
2026-10-06 00:00:00,0.0,150.0,150.0
2026-10-06 01:00:00,0.0,150.0,150.0
2026-10-06 02:00:00,0.0,150.0,150.0
2026-10-06 03:00:00,0.0,145.0,145.0
2026-10-06 04:00:00,0.0,150.0,150.0
2026-10-06 05:00:00,2.3,150.0,152.3
2026-10-06 06:00:00,3.9,150.0,153.9
2026-10-06 07:00:00,3.9,0.0,3.9
2026-10-06 08:00:00,3.1,45.0,48.1
2026-10-06 09:00:00,4.2,150.0,154.2
2026-10-06 10:00:00,3.2,150.0,153.2
2026-10-06 11:00:00,3.0,38.3,41.3
2026-10-06 12:00:00,1.2,81.7,82.9
2026-10-06 13:00:00,3.4,150.0,153.4
2026-10-06 14:00:00,3.7,150.0,153.7
2026-10-06 15:00:00,2.1,23.3,25.4
2026-10-06 16:00:00,1.8,0.0,1.8
2026-10-06 17:00:00,3.0,120.0,123.0
2026-10-06 18:00:00,3.0,76.7,79.7
2026-10-06 19:00:00,3.0,128.3,131.3
2026-10-06 20:00:00,4.2,150.0,154.2
2026-10-06 21:00:00,1.1,150.0,151.1
2026-10-06 22:00:00,0.0,150.0,150.0
2026-10-06 23:00:00,0.0,150.0,150.0
2026-10-07 00:00:00,0.0,150.0,150.0
2026-10-07 01:00:00,0.0,150.0,150.0
2026-10-07 02:00:00,0.0,0.0,0.0
2026-10-07 03:00:00,0.0,143.3,143.3
2026-10-07 04:00:00,0.0,150.0,150.0
2026-10-07 05:00:00,3.7,55.0,58.7
2026-10-07 06:00:00,2.8,150.0,152.8
2026-10-07 07:00:00,1.6,150.0,151.6
2026-10-07 08:00:00,2.9,73.3,76.2
2026-10-07 09:00:00,2.7,150.0,152.7
2026-10-07 10:00:00,3.4,81.7,85.1
2026-10-07 11:00:00,3.4,150.0,153.4
2026-10-07 12:00:00,3.6,150.0,153.6
2026-10-07 13:00:00,2.8,150.0,152.8
2026-10-07 14:00:00,3.1,150.0,153.1
2026-10-07 15:00:00,3.6,108.3,111.9
2026-10-07 16:00:00,2.5,23.3,25.8
2026-10-07 17:00:00,4.3,113.3,117.6
2026-10-07 18:00:00,3.3,21.7,25.0
2026-10-07 19:00:00,2.9,150.0,152.9
2026-10-07 20:00:00,2.3,150.0,152.3
2026-10-07 21:00:00,4.1,150.0,154.1
2026-10-07 22:00:00,0.0,103.3,103.3
2026-10-07 23:00:00,0.0,150.0,150.0
2026-10-08 00:00:00,0.0,138.3,138.3
2026-10-08 01:00:00,0.0,135.0,135.0
2026-10-08 02:00:00,0.0,85.0,85.0
2026-10-08 03:00:00,0.0,150.0,150.0
2026-10-08 04:00:00,0.0,150.0,150.0
2026-10-08 05:00:00,2.4,150.0,152.4
2026-10-08 06:00:00,3.6,150.0,153.6
2026-10-08 07:00:00,3.5,150.0,153.5
2026-10-08 08:00:00,2.9,150.0,152.9
2026-10-08 09:00:00,3.6,51.7,55.3
2026-10-08 10:00:00,2.3,150.0,152.3
2026-10-08 11:00:00,2.9,150.0,152.9
2026-10-08 12:00:00,2.4,38.3,40.7
2026-10-08 13:00:00,4.2,55.0,59.2
2026-10-08 14:00:00,3.8,150.0,153.8
2026-10-08 15:00:00,2.6,48.3,50.9
2026-10-08 16:00:00,2.6,1.7,4.3
2026-10-08 17:00:00,3.2,0.0,3.2
2026-10-08 18:00:00,2.9,56.7,59.6
2026-10-08 19:00:00,3.4,150.0,153.4
2026-10-08 20:00:00,3.0,38.3,41.3
2026-10-08 21:00:00,2.1,68.3,70.4
2026-10-08 22:00:00,0.0,123.3,123.3
2026-10-08 23:00:00,0.0,115.0,115.0
2026-10-09 00:00:00,0.0,150.0,150.0
2026-10-09 01:00:00,0.0,150.0,150.0
2026-10-09 02:00:00,0.0,146.7,146.7
2026-10-09 03:00:00,0.0,150.0,150.0
2026-10-09 04:00:00,0.0,150.0,150.0
2026-10-09 05:00:00,3.1,150.0,153.1
2026-10-09 06:00:00,4.1,126.7,130.8
2026-10-09 07:00:00,2.7,61.7,64.4
2026-10-09 08:00:00,3.8,150.0,153.8
2026-10-09 09:00:00,3.8,146.7,150.5
2026-10-09 10:00:00,3.9,150.0,153.9
2026-10-09 11:00:00,1.6,150.0,151.6
2026-10-09 12:00:00,2.9,150.0,152.9
2026-10-09 13:00:00,3.1,150.0,153.1
2026-10-09 14:00:00,3.2,116.7,119.9
2026-10-09 15:00:00,3.3,150.0,153.3
2026-10-09 16:00:00,2.6,145.0,147.6
2026-10-09 17:00:00,3.2,40.0,43.2
2026-10-09 18:00:00,3.2,125.0,128.2
2026-10-09 19:00:00,2.8,66.7,69.5
2026-10-09 20:00:00,2.9,21.7,24.6
2026-10-09 21:00:00,2.0,150.0,152.0
2026-10-09 22:00:00,0.0,150.0,150.0
2026-10-09 23:00:00,0.0,93.3,93.3
2026-10-10 00:00:00,0.0,150.0,150.0
2026-10-10 01:00:00,0.0,83.3,83.3
2026-10-10 02:00:00,0.0,0.0,0.0
2026-10-10 03:00:00,0.0,111.7,111.7
2026-10-10 04:00:00,0.0,83.3,83.3
2026-10-10 05:00:00,2.1,150.0,152.1
2026-10-10 06:00:00,3.3,150.0,153.3
2026-10-10 07:00:00,2.7,113.3,116.0
2026-10-10 08:00:00,3.1,136.7,139.8
2026-10-10 09:00:00,3.3,150.0,153.3
2026-10-10 10:00:00,2.7,43.3,46.0
2026-10-10 11:00:00,3.7,148.3,152.0
2026-10-10 12:00:00,4.3,150.0,154.3
2026-10-10 13:00:00,2.4,111.7,114.1
2026-10-10 14:00:00,2.9,150.0,152.9
2026-10-10 15:00:00,2.5,150.0,152.5
2026-10-10 16:00:00,3.6,150.0,153.6
2026-10-10 17:00:00,3.8,60.0,63.8
2026-10-10 18:00:00,3.7,0.0,3.7
2026-10-10 19:00:00,3.1,150.0,153.1
2026-10-10 20:00:00,2.9,58.3,61.2
2026-10-10 21:00:00,3.4,150.0,153.4
2026-10-10 22:00:00,0.0,101.7,101.7
2026-10-10 23:00:00,0.0,113.3,113.3
2026-10-11 00:00:00,0.0,98.3,98.3
2026-10-11 01:00:00,0.0,150.0,150.0
2026-10-11 02:00:00,0.0,150.0,150.0
2026-10-11 03:00:00,0.0,116.7,116.7
2026-10-11 04:00:00,0.0,150.0,150.0
2026-10-11 05:00:00,1.8,115.0,116.8
2026-10-11 06:00:00,3.8,150.0,153.8
2026-10-11 07:00:00,3.0,150.0,153.0
2026-10-11 08:00:00,2.2,93.3,95.5
2026-10-11 09:00:00,2.9,95.0,97.9
2026-10-11 10:00:00,4.2,150.0,154.2
2026-10-11 11:00:00,3.5,150.0,153.5
2026-10-11 12:00:00,2.4,38.3,40.7
2026-10-11 13:00:00,1.1,150.0,151.1
2026-10-11 14:00:00,2.8,0.0,2.8
2026-10-11 15:00:00,4.3,150.0,154.3
2026-10-11 16:00:00,2.7,0.0,2.7
2026-10-11 17:00:00,2.6,50.0,52.6
2026-10-11 18:00:00,4.5,150.0,154.5
2026-10-11 19:00:00,1.2,0.0,1.2
2026-10-11 20:00:00,3.4,150.0,153.4
2026-10-11 21:00:00,1.2,150.0,151.2
2026-10-11 22:00:00,0.0,150.0,150.0
2026-10-11 23:00:00,0.0,83.3,83.3
2026-10-12 00:00:00,0.0,150.0,150.0
2026-10-12 01:00:00,0.0,36.7,36.7
2026-10-12 02:00:00,0.0,150.0,150.0
2026-10-12 03:00:00,0.0,90.0,90.0
2026-10-12 04:00:00,0.0,58.3,58.3
2026-10-12 05:00:00,2.4,150.0,152.4
2026-10-12 06:00:00,4.8,83.3,88.1
2026-10-12 07:00:00,2.6,150.0,152.6
2026-10-12 08:00:00,3.6,150.0,153.6
2026-10-12 09:00:00,2.2,26.7,28.9
2026-10-12 10:00:00,4.6,40.0,44.6
2026-10-12 11:00:00,2.9,43.3,46.2
2026-10-12 12:00:00,3.8,150.0,153.8
2026-10-12 13:00:00,3.3,150.0,153.3
2026-10-12 14:00:00,3.8,150.0,153.8
2026-10-12 15:00:00,3.0,100.0,103.0
2026-10-12 16:00:00,2.2,100.0,102.2
2026-10-12 17:00:00,1.8,138.3,140.1
2026-10-12 18:00:00,1.9,150.0,151.9
2026-10-12 19:00:00,3.4,0.0,3.4
2026-10-12 20:00:00,3.6,150.0,153.6
2026-10-12 21:00:00,2.5,55.0,57.5
2026-10-12 22:00:00,0.0,150.0,150.0
2026-10-12 23:00:00,0.0,150.0,150.0
2026-10-13 00:00:00,0.0,116.7,116.7
2026-10-13 01:00:00,0.0,73.3,73.3
2026-10-13 02:00:00,0.0,115.0,115.0
2026-10-13 03:00:00,0.0,115.0,115.0
2026-10-13 04:00:00,0.0,111.7,111.7
2026-10-13 05:00:00,2.3,91.7,94.0
2026-10-13 06:00:00,2.5,43.3,45.8
2026-10-13 07:00:00,3.1,150.0,153.1
2026-10-13 08:00:00,2.8,150.0,152.8
2026-10-13 09:00:00,3.7,103.3,107.0
2026-10-13 10:00:00,3.6,150.0,153.6
2026-10-13 11:00:00,3.0,150.0,153.0
2026-10-13 12:00:00,1.8,150.0,151.8
2026-10-13 13:00:00,3.2,123.3,126.5
2026-10-13 14:00:00,3.6,150.0,153.6
2026-10-13 15:00:00,2.0,150.0,152.0
2026-10-13 16:00:00,2.1,80.0,82.1
2026-10-13 17:00:00,3.4,150.0,153.4
2026-10-13 18:00:00,3.6,130.0,133.6
2026-10-13 19:00:00,4.0,150.0,154.0
2026-10-13 20:00:00,1.9,115.0,116.9
2026-10-13 21:00:00,3.3,120.0,123.3
2026-10-13 22:00:00,0.0,150.0,150.0
2026-10-13 23:00:00,0.0,150.0,150.0
2026-10-14 00:00:00,0.0,110.0,110.0
2026-10-14 01:00:00,0.0,150.0,150.0
2026-10-14 02:00:00,0.0,150.0,150.0
2026-10-14 03:00:00,0.0,75.0,75.0
2026-10-14 04:00:00,0.0,78.3,78.3
2026-10-14 05:00:00,3.0,150.0,153.0
2026-10-14 06:00:00,3.3,126.7,130.0
2026-10-14 07:00:00,3.1,150.0,153.1
2026-10-14 08:00:00,2.0,150.0,152.0
2026-10-14 09:00:00,3.1,150.0,153.1
2026-10-14 10:00:00,4.2,150.0,154.2
2026-10-14 11:00:00,3.0,150.0,153.0
2026-10-14 12:00:00,3.8,51.7,55.5
2026-10-14 13:00:00,3.6,113.3,116.9
2026-10-14 14:00:00,2.0,150.0,152.0
2026-10-14 15:00:00,3.4,61.7,65.1
2026-10-14 16:00:00,3.1,150.0,153.1
2026-10-14 17:00:00,2.8,150.0,152.8
2026-10-14 18:00:00,3.0,150.0,153.0
2026-10-14 19:00:00,3.2,150.0,153.2
2026-10-14 20:00:00,3.4,150.0,153.4
2026-10-14 21:00:00,2.8,150.0,152.8
2026-10-14 22:00:00,0.0,36.7,36.7
2026-10-14 23:00:00,0.0,150.0,150.0
2026-10-15 00:00:00,0.0,75.0,75.0
2026-10-15 01:00:00,0.0,150.0,150.0
2026-10-15 02:00:00,0.0,0.0,0.0
2026-10-15 03:00:00,0.0,150.0,150.0
2026-10-15 04:00:00,0.0,85.0,85.0
2026-10-15 05:00:00,3.6,150.0,153.6
2026-10-15 06:00:00,3.6,150.0,153.6
2026-10-15 07:00:00,3.7,150.0,153.7
2026-10-15 08:00:00,3.6,150.0,153.6
2026-10-15 09:00:00,3.0,150.0,153.0
2026-10-15 10:00:00,1.8,5.0,6.8
2026-10-15 11:00:00,2.6,150.0,152.6
2026-10-15 12:00:00,2.2,123.3,125.5
2026-10-15 13:00:00,2.8,85.0,87.8
2026-10-15 14:00:00,1.9,150.0,151.9
2026-10-15 15:00:00,2.5,150.0,152.5
2026-10-15 16:00:00,3.1,60.0,63.1
2026-10-15 17:00:00,4.0,136.7,140.7
2026-10-15 18:00:00,1.4,80.0,81.4
2026-10-15 19:00:00,2.6,146.7,149.3
2026-10-15 20:00:00,3.5,150.0,153.5
2026-10-15 21:00:00,2.8,0.0,2.8
2026-10-15 22:00:00,0.0,150.0,150.0
2026-10-15 23:00:00,0.0,115.0,115.0
2026-10-16 00:00:00,0.0,36.7,36.7
2026-10-16 01:00:00,0.0,150.0,150.0
2026-10-16 02:00:00,0.0,121.7,121.7
2026-10-16 03:00:00,0.0,113.3,113.3
2026-10-16 04:00:00,0.0,150.0,150.0
2026-10-16 05:00:00,3.3,130.0,133.3
2026-10-16 06:00:00,2.8,150.0,152.8
2026-10-16 07:00:00,3.0,81.7,84.7
2026-10-16 08:00:00,5.5,108.3,113.8
2026-10-16 09:00:00,2.9,88.3,91.2
2026-10-16 10:00:00,3.9,150.0,153.9
2026-10-16 11:00:00,2.1,85.0,87.1
2026-10-16 12:00:00,3.6,150.0,153.6
2026-10-16 13:00:00,3.9,133.3,137.2
2026-10-16 14:00:00,3.7,36.7,40.4
2026-10-16 15:00:00,2.0,150.0,152.0
2026-10-16 16:00:00,3.2,101.7,104.9
2026-10-16 17:00:00,2.9,81.7,84.6
2026-10-16 18:00:00,1.5,48.3,49.8
2026-10-16 19:00:00,2.8,150.0,152.8
2026-10-16 20:00:00,2.0,131.7,133.7
2026-10-16 21:00:00,3.8,150.0,153.8
2026-10-16 22:00:00,0.0,21.7,21.7
2026-10-16 23:00:00,0.0,150.0,150.0
2026-10-17 00:00:00,0.0,150.0,150.0
2026-10-17 01:00:00,0.0,55.0,55.0
2026-10-17 02:00:00,0.0,123.3,123.3
2026-10-17 03:00:00,0.0,150.0,150.0
2026-10-17 04:00:00,0.0,150.0,150.0
2026-10-17 05:00:00,3.9,0.0,3.9
2026-10-17 06:00:00,3.5,10.0,13.5
2026-10-17 07:00:00,2.7,135.0,137.7
2026-10-17 08:00:00,2.9,150.0,152.9
2026-10-17 09:00:00,3.4,70.0,73.4
2026-10-17 10:00:00,2.9,150.0,152.9
2026-10-17 11:00:00,2.5,150.0,152.5
2026-10-17 12:00:00,3.0,33.3,36.3
2026-10-17 13:00:00,3.0,150.0,153.0
2026-10-17 14:00:00,3.0,150.0,153.0
2026-10-17 15:00:00,4.3,150.0,154.3
2026-10-17 16:00:00,2.5,150.0,152.5
2026-10-17 17:00:00,3.2,150.0,153.2
2026-10-17 18:00:00,3.9,150.0,153.9
2026-10-17 19:00:00,1.8,18.3,20.1
2026-10-17 20:00:00,1.5,150.0,151.5
2026-10-17 21:00:00,3.1,83.3,86.4
2026-10-17 22:00:00,0.0,150.0,150.0
2026-10-17 23:00:00,0.0,150.0,150.0
2026-10-18 00:00:00,0.0,45.0,45.0
2026-10-18 01:00:00,0.0,150.0,150.0
2026-10-18 02:00:00,0.0,150.0,150.0
2026-10-18 03:00:00,0.0,106.7,106.7
2026-10-18 04:00:00,0.0,0.0,0.0
2026-10-18 05:00:00,2.2,0.0,2.2
2026-10-18 06:00:00,4.2,110.0,114.2
2026-10-18 07:00:00,3.1,150.0,153.1
2026-10-18 08:00:00,4.0,120.0,124.0
2026-10-18 09:00:00,2.9,133.3,136.2
2026-10-18 10:00:00,2.3,61.7,64.0
2026-10-18 11:00:00,3.0,78.3,81.3
2026-10-18 12:00:00,3.4,150.0,153.4
2026-10-18 13:00:00,2.6,150.0,152.6
2026-10-18 14:00:00,1.8,150.0,151.8
2026-10-18 15:00:00,1.8,150.0,151.8
2026-10-18 16:00:00,2.5,150.0,152.5
2026-10-18 17:00:00,2.5,150.0,152.5
2026-10-18 18:00:00,3.6,150.0,153.6
2026-10-18 19:00:00,2.4,150.0,152.4
2026-10-18 20:00:00,2.6,131.7,134.3
2026-10-18 21:00:00,3.4,40.0,43.4
2026-10-18 22:00:00,0.0,140.0,140.0
2026-10-18 23:00:00,0.0,141.7,141.7
2026-10-19 00:00:00,0.0,116.7,116.7
2026-10-19 01:00:00,0.0,150.0,150.0
2026-10-19 02:00:00,0.0,150.0,150.0
2026-10-19 03:00:00,0.0,150.0,150.0
2026-10-19 04:00:00,0.0,150.0,150.0
2026-10-19 05:00:00,3.6,123.3,126.9
2026-10-19 06:00:00,3.4,106.7,110.1
2026-10-19 07:00:00,3.7,150.0,153.7
2026-10-19 08:00:00,2.9,150.0,152.9
2026-10-19 09:00:00,2.6,121.7,124.3
2026-10-19 10:00:00,2.1,150.0,152.1
2026-10-19 11:00:00,2.1,150.0,152.1
2026-10-19 12:00:00,2.4,23.3,25.7
2026-10-19 13:00:00,3.1,150.0,153.1
2026-10-19 14:00:00,4.0,150.0,154.0
2026-10-19 15:00:00,3.4,150.0,153.4
2026-10-19 16:00:00,2.9,130.0,132.9
2026-10-19 17:00:00,4.5,150.0,154.5
2026-10-19 18:00:00,2.3,140.0,142.3
2026-10-19 19:00:00,3.5,150.0,153.5
2026-10-19 20:00:00,3.3,150.0,153.3
2026-10-19 21:00:00,3.2,150.0,153.2
2026-10-19 22:00:00,0.0,125.0,125.0
2026-10-19 23:00:00,0.0,150.0,150.0
2026-10-20 00:00:00,0.0,150.0,150.0
2026-10-20 01:00:00,0.0,63.3,63.3
2026-10-20 02:00:00,0.0,0.0,0.0
2026-10-20 03:00:00,0.0,76.7,76.7
2026-10-20 04:00:00,0.0,81.7,81.7
2026-10-20 05:00:00,4.0,150.0,154.0
2026-10-20 06:00:00,3.9,11.7,15.6
2026-10-20 07:00:00,3.3,80.0,83.3
2026-10-20 08:00:00,3.1,150.0,153.1
2026-10-20 09:00:00,2.8,150.0,152.8
2026-10-20 10:00:00,4.2,150.0,154.2
2026-10-20 11:00:00,3.3,150.0,153.3
2026-10-20 12:00:00,2.4,150.0,152.4
2026-10-20 13:00:00,3.5,150.0,153.5
2026-10-20 14:00:00,4.5,113.3,117.8
2026-10-20 15:00:00,2.3,80.0,82.3
2026-10-20 16:00:00,3.1,150.0,153.1
2026-10-20 17:00:00,2.6,110.0,112.6
2026-10-20 18:00:00,4.6,116.7,121.3
2026-10-20 19:00:00,3.4,150.0,153.4
2026-10-20 20:00:00,4.0,45.0,49.0
2026-10-20 21:00:00,2.6,150.0,152.6
2026-10-20 22:00:00,0.0,150.0,150.0
2026-10-20 23:00:00,0.0,150.0,150.0
2026-10-21 00:00:00,0.0,150.0,150.0
2026-10-21 01:00:00,0.0,150.0,150.0
2026-10-21 02:00:00,0.0,150.0,150.0
2026-10-21 03:00:00,0.0,150.0,150.0
2026-10-21 04:00:00,0.0,150.0,150.0
2026-10-21 05:00:00,3.9,91.7,95.6
2026-10-21 06:00:00,3.2,150.0,153.2
2026-10-21 07:00:00,1.9,150.0,151.9
2026-10-21 08:00:00,3.3,150.0,153.3
2026-10-21 09:00:00,2.4,150.0,152.4
2026-10-21 10:00:00,2.3,150.0,152.3
2026-10-21 11:00:00,2.6,33.3,35.9
2026-10-21 12:00:00,4.1,55.0,59.1
2026-10-21 13:00:00,3.3,150.0,153.3
2026-10-21 14:00:00,3.5,96.7,100.2
2026-10-21 15:00:00,3.5,110.0,113.5
2026-10-21 16:00:00,2.6,150.0,152.6
2026-10-21 17:00:00,3.1,150.0,153.1
2026-10-21 18:00:00,2.4,150.0,152.4
2026-10-21 19:00:00,3.5,150.0,153.5
2026-10-21 20:00:00,2.5,85.0,87.5
2026-10-21 21:00:00,3.5,150.0,153.5
2026-10-21 22:00:00,0.0,108.3,108.3
2026-10-21 23:00:00,0.0,150.0,150.0
2026-10-22 00:00:00,0.0,150.0,150.0
2026-10-22 01:00:00,0.0,150.0,150.0
2026-10-22 02:00:00,0.0,150.0,150.0
2026-10-22 03:00:00,0.0,150.0,150.0
2026-10-22 04:00:00,0.0,125.0,125.0
2026-10-22 05:00:00,2.1,135.0,137.1
2026-10-22 06:00:00,2.7,125.0,127.7
2026-10-22 07:00:00,2.8,150.0,152.8
2026-10-22 08:00:00,2.9,106.7,109.6
2026-10-22 09:00:00,3.1,135.0,138.1
2026-10-22 10:00:00,3.0,35.0,38.0
2026-10-22 11:00:00,3.8,123.3,127.1
2026-10-22 12:00:00,2.3,86.7,89.0
2026-10-22 13:00:00,2.9,98.3,101.2
2026-10-22 14:00:00,3.6,150.0,153.6
2026-10-22 15:00:00,3.4,150.0,153.4
2026-10-22 16:00:00,2.1,13.3,15.4
2026-10-22 17:00:00,2.7,150.0,152.7
2026-10-22 18:00:00,2.9,150.0,152.9
2026-10-22 19:00:00,1.4,150.0,151.4
2026-10-22 20:00:00,2.5,106.7,109.2
2026-10-22 21:00:00,3.2,150.0,153.2
2026-10-22 22:00:00,0.0,150.0,150.0
2026-10-22 23:00:00,0.0,150.0,150.0
2026-10-23 00:00:00,0.0,95.0,95.0
2026-10-23 01:00:00,0.0,150.0,150.0
2026-10-23 02:00:00,0.0,150.0,150.0
2026-10-23 03:00:00,0.0,0.0,0.0
2026-10-23 04:00:00,0.0,150.0,150.0
2026-10-23 05:00:00,3.1,120.0,123.1
2026-10-23 06:00:00,4.1,150.0,154.1
2026-10-23 07:00:00,1.8,150.0,151.8
2026-10-23 08:00:00,4.2,90.0,94.2
2026-10-23 09:00:00,2.9,150.0,152.9
2026-10-23 10:00:00,3.4,150.0,153.4
2026-10-23 11:00:00,2.3,100.0,102.3
2026-10-23 12:00:00,3.5,120.0,123.5
2026-10-23 13:00:00,2.1,150.0,152.1
2026-10-23 14:00:00,3.4,150.0,153.4
2026-10-23 15:00:00,3.0,128.3,131.3
2026-10-23 16:00:00,3.9,150.0,153.9
2026-10-23 17:00:00,3.5,120.0,123.5
2026-10-23 18:00:00,2.8,106.7,109.5
2026-10-23 19:00:00,3.2,150.0,153.2
2026-10-23 20:00:00,3.2,130.0,133.2
2026-10-23 21:00:00,3.4,150.0,153.4
2026-10-23 22:00:00,0.0,150.0,150.0
2026-10-23 23:00:00,0.0,43.3,43.3
2026-10-24 00:00:00,0.0,131.7,131.7
2026-10-24 01:00:00,0.0,150.0,150.0
2026-10-24 02:00:00,0.0,115.0,115.0
2026-10-24 03:00:00,0.0,150.0,150.0
2026-10-24 04:00:00,0.0,150.0,150.0
2026-10-24 05:00:00,3.0,141.7,144.7
2026-10-24 06:00:00,3.2,150.0,153.2
2026-10-24 07:00:00,2.4,150.0,152.4
2026-10-24 08:00:00,3.3,60.0,63.3
2026-10-24 09:00:00,4.3,71.7,76.0
2026-10-24 10:00:00,3.3,150.0,153.3
2026-10-24 11:00:00,2.2,150.0,152.2
2026-10-24 12:00:00,3.0,58.3,61.3
2026-10-24 13:00:00,1.6,150.0,151.6
2026-10-24 14:00:00,2.3,76.7,79.0
2026-10-24 15:00:00,2.8,150.0,152.8
2026-10-24 16:00:00,3.5,150.0,153.5
2026-10-24 17:00:00,2.3,86.7,89.0
2026-10-24 18:00:00,4.2,46.7,50.9
2026-10-24 19:00:00,4.0,138.3,142.3
2026-10-24 20:00:00,2.6,38.3,40.9
2026-10-24 21:00:00,2.1,150.0,152.1
2026-10-24 22:00:00,0.0,150.0,150.0
2026-10-24 23:00:00,0.0,150.0,150.0
2026-10-25 00:00:00,0.0,81.7,81.7
2026-10-25 01:00:00,0.0,150.0,150.0
2026-10-25 02:00:00,0.0,113.3,113.3
2026-10-25 03:00:00,0.0,150.0,150.0
2026-10-25 04:00:00,0.0,150.0,150.0
2026-10-25 05:00:00,2.3,150.0,152.3
2026-10-25 06:00:00,0.6,121.7,122.3
2026-10-25 07:00:00,3.6,150.0,153.6
2026-10-25 08:00:00,3.7,150.0,153.7
2026-10-25 09:00:00,2.4,150.0,152.4
2026-10-25 10:00:00,2.6,96.7,99.3
2026-10-25 11:00:00,2.6,120.0,122.6
2026-10-25 12:00:00,2.6,150.0,152.6
2026-10-25 13:00:00,3.5,0.0,3.5
2026-10-25 14:00:00,2.3,25.0,27.3
2026-10-25 15:00:00,2.6,150.0,152.6
2026-10-25 16:00:00,3.3,115.0,118.3
2026-10-25 17:00:00,4.9,150.0,154.9
2026-10-25 18:00:00,3.8,131.7,135.5
2026-10-25 19:00:00,2.6,71.7,74.3
2026-10-25 20:00:00,3.0,150.0,153.0
2026-10-25 21:00:00,3.7,150.0,153.7
2026-10-25 22:00:00,0.0,150.0,150.0
2026-10-25 23:00:00,0.0,115.0,115.0
2026-10-26 00:00:00,0.0,148.3,148.3
2026-10-26 01:00:00,0.0,150.0,150.0
2026-10-26 02:00:00,0.0,26.7,26.7
2026-10-26 03:00:00,0.0,60.0,60.0
2026-10-26 04:00:00,0.0,101.7,101.7
2026-10-26 05:00:00,2.8,150.0,152.8
2026-10-26 06:00:00,3.2,150.0,153.2
2026-10-26 07:00:00,3.2,55.0,58.2
2026-10-26 08:00:00,3.2,150.0,153.2
2026-10-26 09:00:00,2.5,45.0,47.5
2026-10-26 10:00:00,3.1,113.3,116.4
2026-10-26 11:00:00,3.7,93.3,97.0
2026-10-26 12:00:00,2.7,150.0,152.7
2026-10-26 13:00:00,3.5,150.0,153.5
2026-10-26 14:00:00,1.3,138.3,139.6
2026-10-26 15:00:00,2.6,61.7,64.3
2026-10-26 16:00:00,3.8,126.7,130.5
2026-10-26 17:00:00,2.5,0.0,2.5
2026-10-26 18:00:00,2.7,150.0,152.7
2026-10-26 19:00:00,3.7,150.0,153.7
2026-10-26 20:00:00,3.9,150.0,153.9
2026-10-26 21:00:00,3.3,150.0,153.3
2026-10-26 22:00:00,0.0,150.0,150.0
2026-10-26 23:00:00,0.0,150.0,150.0
2026-10-27 00:00:00,0.0,150.0,150.0
2026-10-27 01:00:00,0.0,150.0,150.0
2026-10-27 02:00:00,0.0,150.0,150.0
2026-10-27 03:00:00,0.0,16.7,16.7
2026-10-27 04:00:00,0.0,150.0,150.0
2026-10-27 05:00:00,5.0,150.0,155.0
2026-10-27 06:00:00,2.1,146.7,148.8
2026-10-27 07:00:00,2.3,88.3,90.6
2026-10-27 08:00:00,2.1,150.0,152.1
2026-10-27 09:00:00,2.7,21.7,24.4
2026-10-27 10:00:00,3.7,141.7,145.4
2026-10-27 11:00:00,3.0,0.0,3.0
2026-10-27 12:00:00,2.3,0.0,2.3
2026-10-27 13:00:00,2.2,150.0,152.2
2026-10-27 14:00:00,2.9,111.7,114.6
2026-10-27 15:00:00,2.7,48.3,51.0
2026-10-27 16:00:00,2.8,138.3,141.1
2026-10-27 17:00:00,2.8,58.3,61.1
2026-10-27 18:00:00,4.4,21.7,26.1
2026-10-27 19:00:00,3.8,0.0,3.8
2026-10-27 20:00:00,2.8,150.0,152.8
2026-10-27 21:00:00,3.5,150.0,153.5
2026-10-27 22:00:00,0.0,140.0,140.0
2026-10-27 23:00:00,0.0,68.3,68.3
2026-10-28 00:00:00,0.0,98.3,98.3
2026-10-28 01:00:00,0.0,150.0,150.0
2026-10-28 02:00:00,0.0,150.0,150.0
2026-10-28 03:00:00,0.0,68.3,68.3
2026-10-28 04:00:00,0.0,56.7,56.7
2026-10-28 05:00:00,3.1,150.0,153.1
2026-10-28 06:00:00,3.2,111.7,114.9
2026-10-28 07:00:00,2.4,150.0,152.4
2026-10-28 08:00:00,3.1,83.3,86.4
2026-10-28 09:00:00,1.7,40.0,41.7
2026-10-28 10:00:00,1.6,93.3,94.9
2026-10-28 11:00:00,2.5,148.3,150.8
2026-10-28 12:00:00,2.9,105.0,107.9
2026-10-28 13:00:00,3.5,65.0,68.5
2026-10-28 14:00:00,2.4,150.0,152.4
2026-10-28 15:00:00,2.9,75.0,77.9
2026-10-28 16:00:00,2.9,120.0,122.9
2026-10-28 17:00:00,1.9,150.0,151.9
2026-10-28 18:00:00,3.2,150.0,153.2
2026-10-28 19:00:00,3.0,150.0,153.0
2026-10-28 20:00:00,4.0,150.0,154.0
2026-10-28 21:00:00,1.8,136.7,138.5
2026-10-28 22:00:00,0.0,0.0,0.0
2026-10-28 23:00:00,0.0,53.3,53.3
2026-10-29 00:00:00,0.0,145.0,145.0
2026-10-29 01:00:00,0.0,28.3,28.3
2026-10-29 02:00:00,0.0,150.0,150.0
2026-10-29 03:00:00,0.0,150.0,150.0
2026-10-29 04:00:00,0.0,70.0,70.0
2026-10-29 05:00:00,3.8,150.0,153.8
2026-10-29 06:00:00,3.2,96.7,99.9
2026-10-29 07:00:00,2.1,150.0,152.1
2026-10-29 08:00:00,3.7,150.0,153.7
2026-10-29 09:00:00,2.9,66.7,69.6
2026-10-29 10:00:00,2.7,10.0,12.7
2026-10-29 11:00:00,3.7,135.0,138.7
2026-10-29 12:00:00,4.1,150.0,154.1
2026-10-29 13:00:00,3.8,150.0,153.8
2026-10-29 14:00:00,3.2,150.0,153.2
2026-10-29 15:00:00,2.7,150.0,152.7
2026-10-29 16:00:00,3.1,150.0,153.1
2026-10-29 17:00:00,1.3,90.0,91.3
2026-10-29 18:00:00,3.9,150.0,153.9
2026-10-29 19:00:00,2.1,93.3,95.4
2026-10-29 20:00:00,3.0,81.7,84.7
2026-10-29 21:00:00,4.3,0.0,4.3
2026-10-29 22:00:00,0.0,150.0,150.0
2026-10-29 23:00:00,0.0,0.0,0.0
2026-10-30 00:00:00,0.0,66.7,66.7
2026-10-30 01:00:00,0.0,96.7,96.7
2026-10-30 02:00:00,0.0,150.0,150.0
2026-10-30 03:00:00,0.0,83.3,83.3
2026-10-30 04:00:00,0.0,150.0,150.0
2026-10-30 05:00:00,3.0,11.7,14.7
2026-10-30 06:00:00,2.9,85.0,87.9
2026-10-30 07:00:00,2.2,150.0,152.2
2026-10-30 08:00:00,4.5,150.0,154.5
2026-10-30 09:00:00,2.2,113.3,115.5
2026-10-30 10:00:00,2.3,150.0,152.3
2026-10-30 11:00:00,1.4,85.0,86.4
2026-10-30 12:00:00,3.7,0.0,3.7
2026-10-30 13:00:00,4.3,150.0,154.3
2026-10-30 14:00:00,3.4,150.0,153.4
2026-10-30 15:00:00,3.6,150.0,153.6
2026-10-30 16:00:00,4.8,150.0,154.8
2026-10-30 17:00:00,1.1,98.3,99.4
2026-10-30 18:00:00,2.5,8.3,10.8
2026-10-30 19:00:00,2.4,150.0,152.4
2026-10-30 20:00:00,3.7,128.3,132.0
2026-10-30 21:00:00,3.8,128.3,132.1
2026-10-30 22:00:00,0.0,150.0,150.0
2026-10-30 23:00:00,0.0,150.0,150.0
2026-10-31 00:00:00,0.0,150.0,150.0
2026-10-31 01:00:00,0.0,115.0,115.0
2026-10-31 02:00:00,0.0,136.7,136.7
2026-10-31 03:00:00,0.0,121.7,121.7
2026-10-31 04:00:00,0.0,110.0,110.0
2026-10-31 05:00:00,4.0,150.0,154.0
2026-10-31 06:00:00,2.6,58.3,60.9
2026-10-31 07:00:00,2.6,150.0,152.6
2026-10-31 08:00:00,2.3,150.0,152.3
2026-10-31 09:00:00,2.6,140.0,142.6
2026-10-31 10:00:00,3.0,101.7,104.7
2026-10-31 11:00:00,2.9,150.0,152.9
2026-10-31 12:00:00,3.4,150.0,153.4
2026-10-31 13:00:00,2.3,150.0,152.3
2026-10-31 14:00:00,2.7,73.3,76.0
2026-10-31 15:00:00,4.3,150.0,154.3
2026-10-31 16:00:00,3.3,150.0,153.3
2026-10-31 17:00:00,1.7,150.0,151.7
2026-10-31 18:00:00,2.4,81.7,84.1
2026-10-31 19:00:00,3.7,150.0,153.7
2026-10-31 20:00:00,2.9,65.0,67.9
2026-10-31 21:00:00,3.1,6.7,9.8
2026-10-31 22:00:00,0.0,138.3,138.3
2026-10-31 23:00:00,0.0,150.0,150.0
2026-11-01 00:00:00,0.0,0.0,0.0
2026-11-01 01:00:00,0.0,116.7,116.7
2026-11-01 02:00:00,0.0,128.3,128.3
2026-11-01 03:00:00,0.0,120.0,120.0
2026-11-01 04:00:00,0.0,150.0,150.0
2026-11-01 05:00:00,3.9,150.0,153.9
2026-11-01 06:00:00,3.4,150.0,153.4
2026-11-01 07:00:00,3.0,110.0,113.0
2026-11-01 08:00:00,2.7,150.0,152.7
2026-11-01 09:00:00,3.4,55.0,58.4
2026-11-01 10:00:00,3.5,150.0,153.5
2026-11-01 11:00:00,1.8,150.0,151.8
2026-11-01 12:00:00,4.1,150.0,154.1
2026-11-01 13:00:00,2.8,150.0,152.8
2026-11-01 14:00:00,2.5,80.0,82.5
2026-11-01 15:00:00,3.0,51.7,54.7
2026-11-01 16:00:00,1.6,75.0,76.6
2026-11-01 17:00:00,2.0,45.0,47.0
2026-11-01 18:00:00,1.9,133.3,135.2
2026-11-01 19:00:00,4.0,150.0,154.0
2026-11-01 20:00:00,3.2,150.0,153.2
2026-11-01 21:00:00,3.6,30.0,33.6
2026-11-01 22:00:00,0.0,150.0,150.0
2026-11-01 23:00:00,0.0,150.0,150.0
2026-11-02 00:00:00,0.0,150.0,150.0
2026-11-02 01:00:00,0.0,103.3,103.3
2026-11-02 02:00:00,0.0,133.3,133.3
2026-11-02 03:00:00,0.0,150.0,150.0
2026-11-02 04:00:00,0.0,25.0,25.0
2026-11-02 05:00:00,3.3,140.0,143.3
2026-11-02 06:00:00,3.6,150.0,153.6
2026-11-02 07:00:00,3.0,150.0,153.0
2026-11-02 08:00:00,1.9,0.0,1.9
2026-11-02 09:00:00,3.1,100.0,103.1
2026-11-02 10:00:00,2.5,135.0,137.5
2026-11-02 11:00:00,2.4,150.0,152.4
2026-11-02 12:00:00,3.2,150.0,153.2
2026-11-02 13:00:00,3.6,150.0,153.6
2026-11-02 14:00:00,2.2,150.0,152.2
2026-11-02 15:00:00,2.3,150.0,152.3
2026-11-02 16:00:00,2.4,126.7,129.1
2026-11-02 17:00:00,3.7,63.3,67.0
2026-11-02 18:00:00,2.3,18.3,20.6
2026-11-02 19:00:00,4.1,130.0,134.1
2026-11-02 20:00:00,2.6,120.0,122.6
2026-11-02 21:00:00,1.5,0.0,1.5
2026-11-02 22:00:00,0.0,150.0,150.0
2026-11-02 23:00:00,0.0,66.7,66.7
2026-11-03 00:00:00,0.0,150.0,150.0
2026-11-03 01:00:00,0.0,150.0,150.0
2026-11-03 02:00:00,0.0,75.0,75.0
2026-11-03 03:00:00,0.0,106.7,106.7
2026-11-03 04:00:00,0.0,150.0,150.0
2026-11-03 05:00:00,3.7,145.0,148.7
2026-11-03 06:00:00,2.6,150.0,152.6
2026-11-03 07:00:00,3.9,150.0,153.9
2026-11-03 08:00:00,3.2,138.3,141.5
2026-11-03 09:00:00,2.8,95.0,97.8
2026-11-03 10:00:00,3.1,150.0,153.1
2026-11-03 11:00:00,2.7,91.7,94.4
2026-11-03 12:00:00,2.2,60.0,62.2
2026-11-03 13:00:00,3.1,150.0,153.1
2026-11-03 14:00:00,2.7,58.3,61.0
2026-11-03 15:00:00,1.6,150.0,151.6
2026-11-03 16:00:00,3.4,150.0,153.4
2026-11-03 17:00:00,1.8,61.7,63.5
2026-11-03 18:00:00,3.8,138.3,142.1
2026-11-03 19:00:00,3.7,135.0,138.7
2026-11-03 20:00:00,2.1,93.3,95.4
2026-11-03 21:00:00,2.2,136.7,138.9
2026-11-03 22:00:00,0.0,100.0,100.0
2026-11-03 23:00:00,0.0,71.7,71.7
2026-11-04 00:00:00,0.0,50.0,50.0
2026-11-04 01:00:00,0.0,150.0,150.0
2026-11-04 02:00:00,0.0,150.0,150.0
2026-11-04 03:00:00,0.0,150.0,150.0
2026-11-04 04:00:00,0.0,150.0,150.0
2026-11-04 05:00:00,3.6,130.0,133.6
2026-11-04 06:00:00,2.5,90.0,92.5
2026-11-04 07:00:00,1.9,150.0,151.9
2026-11-04 08:00:00,4.0,110.0,114.0
2026-11-04 09:00:00,3.2,135.0,138.2
2026-11-04 10:00:00,3.6,133.3,136.9
2026-11-04 11:00:00,1.5,68.3,69.8
2026-11-04 12:00:00,3.2,113.3,116.5
2026-11-04 13:00:00,3.4,81.7,85.1
2026-11-04 14:00:00,5.4,86.7,92.1
2026-11-04 15:00:00,3.0,146.7,149.7
2026-11-04 16:00:00,3.2,0.0,3.2
2026-11-04 17:00:00,2.2,150.0,152.2
2026-11-04 18:00:00,3.5,150.0,153.5
2026-11-04 19:00:00,2.5,150.0,152.5
2026-11-04 20:00:00,3.6,0.0,3.6
2026-11-04 21:00:00,2.8,0.0,2.8
2026-11-04 22:00:00,0.0,26.7,26.7
2026-11-04 23:00:00,0.0,0.0,0.0
2026-11-05 00:00:00,0.0,150.0,150.0
2026-11-05 01:00:00,0.0,101.7,101.7
2026-11-05 02:00:00,0.0,125.0,125.0
2026-11-05 03:00:00,0.0,150.0,150.0
2026-11-05 04:00:00,0.0,150.0,150.0
2026-11-05 05:00:00,2.3,150.0,152.3
2026-11-05 06:00:00,4.0,150.0,154.0
2026-11-05 07:00:00,2.9,150.0,152.9
2026-11-05 08:00:00,3.3,58.3,61.6
2026-11-05 09:00:00,3.4,116.7,120.1
2026-11-05 10:00:00,3.7,150.0,153.7
2026-11-05 11:00:00,2.9,150.0,152.9
2026-11-05 12:00:00,3.2,150.0,153.2
2026-11-05 13:00:00,3.4,146.7,150.1
2026-11-05 14:00:00,3.4,150.0,153.4
2026-11-05 15:00:00,3.0,148.3,151.3
2026-11-05 16:00:00,1.7,150.0,151.7
2026-11-05 17:00:00,2.2,123.3,125.5
2026-11-05 18:00:00,4.2,150.0,154.2
2026-11-05 19:00:00,2.7,73.3,76.0
2026-11-05 20:00:00,3.0,150.0,153.0
2026-11-05 21:00:00,4.2,150.0,154.2
2026-11-05 22:00:00,0.0,150.0,150.0
2026-11-05 23:00:00,0.0,150.0,150.0
2026-11-06 00:00:00,0.0,110.0,110.0
2026-11-06 01:00:00,0.0,108.3,108.3
2026-11-06 02:00:00,0.0,116.7,116.7
2026-11-06 03:00:00,0.0,108.3,108.3
2026-11-06 04:00:00,0.0,68.3,68.3
2026-11-06 05:00:00,3.4,113.3,116.7
2026-11-06 06:00:00,1.4,150.0,151.4
2026-11-06 07:00:00,3.4,150.0,153.4
2026-11-06 08:00:00,2.9,108.3,111.2
2026-11-06 09:00:00,2.3,65.0,67.3
2026-11-06 10:00:00,3.8,116.7,120.5
2026-11-06 11:00:00,2.6,150.0,152.6
2026-11-06 12:00:00,3.1,150.0,153.1
2026-11-06 13:00:00,3.5,150.0,153.5
2026-11-06 14:00:00,4.0,150.0,154.0
2026-11-06 15:00:00,4.0,146.7,150.7
2026-11-06 16:00:00,3.2,66.7,69.9
2026-11-06 17:00:00,3.0,150.0,153.0
2026-11-06 18:00:00,3.7,150.0,153.7
2026-11-06 19:00:00,2.0,73.3,75.3
2026-11-06 20:00:00,3.1,138.3,141.4
2026-11-06 21:00:00,2.6,150.0,152.6
2026-11-06 22:00:00,0.0,150.0,150.0
2026-11-06 23:00:00,0.0,150.0,150.0
2026-11-07 00:00:00,0.0,150.0,150.0
2026-11-07 01:00:00,0.0,91.7,91.7
2026-11-07 02:00:00,0.0,150.0,150.0
2026-11-07 03:00:00,0.0,150.0,150.0
2026-11-07 04:00:00,0.0,43.3,43.3
2026-11-07 05:00:00,2.6,150.0,152.6
2026-11-07 06:00:00,3.0,103.3,106.3
2026-11-07 07:00:00,3.9,145.0,148.9
2026-11-07 08:00:00,1.4,150.0,151.4
2026-11-07 09:00:00,3.4,150.0,153.4
2026-11-07 10:00:00,2.4,26.7,29.1
2026-11-07 11:00:00,3.1,90.0,93.1
2026-11-07 12:00:00,3.2,150.0,153.2
2026-11-07 13:00:00,2.2,43.3,45.5
2026-11-07 14:00:00,3.3,150.0,153.3
2026-11-07 15:00:00,4.5,140.0,144.5
2026-11-07 16:00:00,3.3,150.0,153.3
2026-11-07 17:00:00,2.3,150.0,152.3
2026-11-07 18:00:00,3.7,150.0,153.7
2026-11-07 19:00:00,4.4,150.0,154.4
2026-11-07 20:00:00,2.1,150.0,152.1
2026-11-07 21:00:00,4.4,150.0,154.4
2026-11-07 22:00:00,0.0,150.0,150.0
2026-11-07 23:00:00,0.0,35.0,35.0
2026-11-08 00:00:00,0.0,133.3,133.3
2026-11-08 01:00:00,0.0,150.0,150.0
2026-11-08 02:00:00,0.0,150.0,150.0
2026-11-08 03:00:00,0.0,150.0,150.0
2026-11-08 04:00:00,0.0,0.0,0.0
2026-11-08 05:00:00,2.4,150.0,152.4
2026-11-08 06:00:00,4.3,38.3,42.6
2026-11-08 07:00:00,3.2,150.0,153.2
2026-11-08 08:00:00,3.7,150.0,153.7
2026-11-08 09:00:00,2.0,116.7,118.7
2026-11-08 10:00:00,2.1,110.0,112.1
2026-11-08 11:00:00,1.7,150.0,151.7
2026-11-08 12:00:00,2.3,26.7,29.0
2026-11-08 13:00:00,2.7,150.0,152.7
2026-11-08 14:00:00,3.7,150.0,153.7
2026-11-08 15:00:00,3.8,103.3,107.1
2026-11-08 16:00:00,2.1,150.0,152.1
2026-11-08 17:00:00,2.9,150.0,152.9
2026-11-08 18:00:00,2.9,150.0,152.9
2026-11-08 19:00:00,2.4,150.0,152.4
2026-11-08 20:00:00,3.7,95.0,98.7
2026-11-08 21:00:00,2.5,150.0,152.5
2026-11-08 22:00:00,0.0,75.0,75.0
2026-11-08 23:00:00,0.0,150.0,150.0
2026-11-09 00:00:00,0.0,150.0,150.0
2026-11-09 01:00:00,0.0,133.3,133.3
2026-11-09 02:00:00,0.0,126.7,126.7
2026-11-09 03:00:00,0.0,150.0,150.0
2026-11-09 04:00:00,0.0,150.0,150.0
2026-11-09 05:00:00,2.9,140.0,142.9
2026-11-09 06:00:00,2.6,150.0,152.6
2026-11-09 07:00:00,2.3,131.7,134.0
2026-11-09 08:00:00,3.8,150.0,153.8
2026-11-09 09:00:00,3.0,150.0,153.0
2026-11-09 10:00:00,2.7,150.0,152.7
2026-11-09 11:00:00,4.9,150.0,154.9
2026-11-09 12:00:00,2.8,150.0,152.8
2026-11-09 13:00:00,2.9,150.0,152.9
2026-11-09 14:00:00,3.2,150.0,153.2
2026-11-09 15:00:00,3.1,33.3,36.4
2026-11-09 16:00:00,3.0,150.0,153.0
2026-11-09 17:00:00,3.0,150.0,153.0
2026-11-09 18:00:00,3.9,150.0,153.9
2026-11-09 19:00:00,2.2,120.0,122.2
2026-11-09 20:00:00,3.7,148.3,152.0
2026-11-09 21:00:00,2.7,150.0,152.7
2026-11-09 22:00:00,0.0,76.7,76.7
2026-11-09 23:00:00,0.0,91.7,91.7
2026-11-10 00:00:00,0.0,150.0,150.0
2026-11-10 01:00:00,0.0,150.0,150.0
2026-11-10 02:00:00,0.0,146.7,146.7
2026-11-10 03:00:00,0.0,150.0,150.0
2026-11-10 04:00:00,0.0,150.0,150.0
2026-11-10 05:00:00,3.4,146.7,150.1
2026-11-10 06:00:00,2.4,140.0,142.4
2026-11-10 07:00:00,4.0,0.0,4.0
2026-11-10 08:00:00,2.9,113.3,116.2
2026-11-10 09:00:00,3.7,88.3,92.0
2026-11-10 10:00:00,3.0,0.0,3.0
2026-11-10 11:00:00,3.0,150.0,153.0
2026-11-10 12:00:00,3.1,150.0,153.1
2026-11-10 13:00:00,3.4,16.7,20.1
2026-11-10 14:00:00,1.8,150.0,151.8
2026-11-10 15:00:00,1.9,150.0,151.9
2026-11-10 16:00:00,3.0,96.7,99.7
2026-11-10 17:00:00,3.4,78.3,81.7
2026-11-10 18:00:00,3.6,150.0,153.6
2026-11-10 19:00:00,5.2,150.0,155.2
2026-11-10 20:00:00,3.2,138.3,141.5
2026-11-10 21:00:00,3.4,0.0,3.4
2026-11-10 22:00:00,0.0,121.7,121.7
2026-11-10 23:00:00,0.0,150.0,150.0
2026-11-11 00:00:00,0.0,150.0,150.0
2026-11-11 01:00:00,0.0,85.0,85.0
2026-11-11 02:00:00,0.0,55.0,55.0
2026-11-11 03:00:00,0.0,131.7,131.7
2026-11-11 04:00:00,0.0,143.3,143.3
2026-11-11 05:00:00,2.5,101.7,104.2
2026-11-11 06:00:00,2.6,140.0,142.6
2026-11-11 07:00:00,2.6,150.0,152.6
2026-11-11 08:00:00,3.5,40.0,43.5
2026-11-11 09:00:00,3.4,33.3,36.7
2026-11-11 10:00:00,4.3,116.7,121.0
2026-11-11 11:00:00,2.7,150.0,152.7
2026-11-11 12:00:00,2.6,150.0,152.6
2026-11-11 13:00:00,3.7,138.3,142.0
2026-11-11 14:00:00,2.0,26.7,28.7
2026-11-11 15:00:00,2.2,150.0,152.2
2026-11-11 16:00:00,3.1,11.7,14.8
2026-11-11 17:00:00,3.4,133.3,136.7
2026-11-11 18:00:00,2.2,61.7,63.9
2026-11-11 19:00:00,2.3,61.7,64.0
2026-11-11 20:00:00,3.2,51.7,54.9
2026-11-11 21:00:00,2.2,65.0,67.2
2026-11-11 22:00:00,0.0,101.7,101.7
2026-11-11 23:00:00,0.0,145.0,145.0
2026-11-12 00:00:00,0.0,66.7,66.7
2026-11-12 01:00:00,0.0,128.3,128.3
2026-11-12 02:00:00,0.0,150.0,150.0
2026-11-12 03:00:00,0.0,150.0,150.0
2026-11-12 04:00:00,0.0,131.7,131.7
2026-11-12 05:00:00,2.9,150.0,152.9
2026-11-12 06:00:00,3.9,131.7,135.6
2026-11-12 07:00:00,2.9,150.0,152.9
2026-11-12 08:00:00,1.1,96.7,97.8
2026-11-12 09:00:00,3.9,150.0,153.9
2026-11-12 10:00:00,3.5,113.3,116.8
2026-11-12 11:00:00,3.6,150.0,153.6
2026-11-12 12:00:00,3.8,150.0,153.8
2026-11-12 13:00:00,2.9,71.7,74.6
2026-11-12 14:00:00,3.2,150.0,153.2
2026-11-12 15:00:00,2.7,150.0,152.7
2026-11-12 16:00:00,3.3,150.0,153.3
2026-11-12 17:00:00,2.1,150.0,152.1
2026-11-12 18:00:00,2.0,63.3,65.3
2026-11-12 19:00:00,2.9,106.7,109.6
2026-11-12 20:00:00,2.2,148.3,150.5
2026-11-12 21:00:00,3.8,150.0,153.8
2026-11-12 22:00:00,0.0,108.3,108.3
2026-11-12 23:00:00,0.0,150.0,150.0
2026-11-13 00:00:00,0.0,36.7,36.7
2026-11-13 01:00:00,0.0,150.0,150.0
2026-11-13 02:00:00,0.0,150.0,150.0
2026-11-13 03:00:00,0.0,0.0,0.0
2026-11-13 04:00:00,0.0,150.0,150.0
2026-11-13 05:00:00,3.2,91.7,94.9
2026-11-13 06:00:00,4.0,100.0,104.0
2026-11-13 07:00:00,3.1,150.0,153.1
2026-11-13 08:00:00,3.2,135.0,138.2
2026-11-13 09:00:00,2.2,150.0,152.2
2026-11-13 10:00:00,2.3,150.0,152.3
2026-11-13 11:00:00,3.3,150.0,153.3
2026-11-13 12:00:00,2.3,150.0,152.3
2026-11-13 13:00:00,2.8,136.7,139.5
2026-11-13 14:00:00,2.6,58.3,60.9
2026-11-13 15:00:00,3.7,150.0,153.7
2026-11-13 16:00:00,2.6,150.0,152.6
2026-11-13 17:00:00,2.5,150.0,152.5
2026-11-13 18:00:00,2.2,150.0,152.2
2026-11-13 19:00:00,2.3,150.0,152.3
2026-11-13 20:00:00,1.7,0.0,1.7
2026-11-13 21:00:00,2.7,150.0,152.7
2026-11-13 22:00:00,0.0,38.3,38.3
2026-11-13 23:00:00,0.0,150.0,150.0
2026-11-14 00:00:00,0.0,150.0,150.0
2026-11-14 01:00:00,0.0,150.0,150.0
2026-11-14 02:00:00,0.0,131.7,131.7
2026-11-14 03:00:00,0.0,16.7,16.7
2026-11-14 04:00:00,0.0,150.0,150.0
2026-11-14 05:00:00,1.6,133.3,134.9
2026-11-14 06:00:00,3.0,101.7,104.7
2026-11-14 07:00:00,3.6,150.0,153.6
2026-11-14 08:00:00,4.5,120.0,124.5
2026-11-14 09:00:00,3.8,150.0,153.8
2026-11-14 10:00:00,2.6,150.0,152.6
2026-11-14 11:00:00,3.0,71.7,74.7
2026-11-14 12:00:00,1.7,150.0,151.7
2026-11-14 13:00:00,3.4,146.7,150.1
2026-11-14 14:00:00,3.1,95.0,98.1
2026-11-14 15:00:00,1.7,36.7,38.4
2026-11-14 16:00:00,3.6,60.0,63.6
2026-11-14 17:00:00,2.4,150.0,152.4
2026-11-14 18:00:00,3.1,28.3,31.4
2026-11-14 19:00:00,2.9,150.0,152.9
2026-11-14 20:00:00,2.4,150.0,152.4
2026-11-14 21:00:00,1.9,150.0,151.9
2026-11-14 22:00:00,0.0,90.0,90.0
2026-11-14 23:00:00,0.0,38.3,38.3
2026-11-15 00:00:00,0.0,145.0,145.0
2026-11-15 01:00:00,0.0,150.0,150.0
2026-11-15 02:00:00,0.0,70.0,70.0
2026-11-15 03:00:00,0.0,150.0,150.0
2026-11-15 04:00:00,0.0,150.0,150.0
2026-11-15 05:00:00,2.4,0.0,2.4
2026-11-15 06:00:00,3.9,63.3,67.2
2026-11-15 07:00:00,3.8,75.0,78.8
2026-11-15 08:00:00,5.2,150.0,155.2
2026-11-15 09:00:00,4.0,25.0,29.0
2026-11-15 10:00:00,3.0,150.0,153.0
2026-11-15 11:00:00,1.9,0.0,1.9
2026-11-15 12:00:00,2.2,150.0,152.2
2026-11-15 13:00:00,1.8,0.0,1.8
2026-11-15 14:00:00,2.5,150.0,152.5
2026-11-15 15:00:00,3.0,135.0,138.0
2026-11-15 16:00:00,3.8,150.0,153.8
2026-11-15 17:00:00,3.2,150.0,153.2
2026-11-15 18:00:00,3.9,150.0,153.9
2026-11-15 19:00:00,3.5,35.0,38.5
2026-11-15 20:00:00,3.7,73.3,77.0
2026-11-15 21:00:00,3.2,150.0,153.2
2026-11-15 22:00:00,0.0,150.0,150.0
2026-11-15 23:00:00,0.0,100.0,100.0
2026-11-16 00:00:00,0.0,150.0,150.0
2026-11-16 01:00:00,0.0,150.0,150.0
2026-11-16 02:00:00,0.0,150.0,150.0
2026-11-16 03:00:00,0.0,150.0,150.0
2026-11-16 04:00:00,0.0,33.3,33.3
2026-11-16 05:00:00,0.6,130.0,130.6
2026-11-16 06:00:00,3.0,150.0,153.0
2026-11-16 07:00:00,2.1,78.3,80.4
2026-11-16 08:00:00,3.3,143.3,146.6
2026-11-16 09:00:00,3.2,130.0,133.2
2026-11-16 10:00:00,3.5,68.3,71.8
2026-11-16 11:00:00,1.9,150.0,151.9
2026-11-16 12:00:00,3.5,35.0,38.5
2026-11-16 13:00:00,3.3,150.0,153.3
2026-11-16 14:00:00,2.6,150.0,152.6
2026-11-16 15:00:00,4.1,150.0,154.1
2026-11-16 16:00:00,2.7,28.3,31.0
2026-11-16 17:00:00,2.9,110.0,112.9
2026-11-16 18:00:00,3.8,56.7,60.5
2026-11-16 19:00:00,1.6,3.3,4.9
2026-11-16 20:00:00,4.5,150.0,154.5
2026-11-16 21:00:00,3.6,83.3,86.9
2026-11-16 22:00:00,0.0,26.7,26.7
2026-11-16 23:00:00,0.0,150.0,150.0
2026-11-17 00:00:00,0.0,150.0,150.0
2026-11-17 01:00:00,0.0,91.7,91.7
2026-11-17 02:00:00,0.0,150.0,150.0
2026-11-17 03:00:00,0.0,150.0,150.0
2026-11-17 04:00:00,0.0,65.0,65.0
2026-11-17 05:00:00,3.0,113.3,116.3
2026-11-17 06:00:00,3.0,150.0,153.0
2026-11-17 07:00:00,2.6,150.0,152.6
2026-11-17 08:00:00,3.9,150.0,153.9
2026-11-17 09:00:00,2.9,150.0,152.9
2026-11-17 10:00:00,4.2,121.7,125.9
2026-11-17 11:00:00,3.0,150.0,153.0
2026-11-17 12:00:00,3.5,150.0,153.5
2026-11-17 13:00:00,2.1,150.0,152.1
2026-11-17 14:00:00,3.4,150.0,153.4
2026-11-17 15:00:00,3.7,45.0,48.7
2026-11-17 16:00:00,2.3,150.0,152.3
2026-11-17 17:00:00,2.8,48.3,51.1
2026-11-17 18:00:00,2.8,150.0,152.8
2026-11-17 19:00:00,3.9,101.7,105.6
2026-11-17 20:00:00,2.5,150.0,152.5
2026-11-17 21:00:00,2.6,83.3,85.9
2026-11-17 22:00:00,0.0,43.3,43.3
2026-11-17 23:00:00,0.0,150.0,150.0
2026-11-18 00:00:00,0.0,131.7,131.7
2026-11-18 01:00:00,0.0,150.0,150.0
2026-11-18 02:00:00,0.0,150.0,150.0
2026-11-18 03:00:00,0.0,116.7,116.7
2026-11-18 04:00:00,0.0,61.7,61.7
2026-11-18 05:00:00,3.5,70.0,73.5
2026-11-18 06:00:00,2.7,145.0,147.7
2026-11-18 07:00:00,3.8,150.0,153.8
2026-11-18 08:00:00,2.9,150.0,152.9
2026-11-18 09:00:00,3.2,150.0,153.2
2026-11-18 10:00:00,3.3,150.0,153.3
2026-11-18 11:00:00,2.7,100.0,102.7
2026-11-18 12:00:00,3.4,150.0,153.4
2026-11-18 13:00:00,5.0,150.0,155.0
2026-11-18 14:00:00,3.3,150.0,153.3
2026-11-18 15:00:00,3.1,78.3,81.4
2026-11-18 16:00:00,3.5,150.0,153.5
2026-11-18 17:00:00,3.8,121.7,125.5
2026-11-18 18:00:00,2.7,98.3,101.0
2026-11-18 19:00:00,3.1,120.0,123.1
2026-11-18 20:00:00,4.2,150.0,154.2
2026-11-18 21:00:00,2.0,56.7,58.7
2026-11-18 22:00:00,0.0,136.7,136.7
2026-11-18 23:00:00,0.0,150.0,150.0
2026-11-19 00:00:00,0.0,150.0,150.0
2026-11-19 01:00:00,0.0,150.0,150.0
2026-11-19 02:00:00,0.0,150.0,150.0
2026-11-19 03:00:00,0.0,103.3,103.3
2026-11-19 04:00:00,0.0,150.0,150.0
2026-11-19 05:00:00,3.1,70.0,73.1
2026-11-19 06:00:00,3.3,78.3,81.6
2026-11-19 07:00:00,4.4,130.0,134.4
2026-11-19 08:00:00,3.2,150.0,153.2
2026-11-19 09:00:00,3.6,35.0,38.6
2026-11-19 10:00:00,3.0,88.3,91.3
2026-11-19 11:00:00,3.6,150.0,153.6
2026-11-19 12:00:00,3.1,115.0,118.1
2026-11-19 13:00:00,3.4,150.0,153.4
2026-11-19 14:00:00,3.3,31.7,35.0
2026-11-19 15:00:00,3.3,150.0,153.3
2026-11-19 16:00:00,3.3,150.0,153.3
2026-11-19 17:00:00,4.0,150.0,154.0
2026-11-19 18:00:00,3.3,48.3,51.6
2026-11-19 19:00:00,4.8,150.0,154.8
2026-11-19 20:00:00,3.0,150.0,153.0
2026-11-19 21:00:00,2.8,150.0,152.8
2026-11-19 22:00:00,0.0,70.0,70.0
2026-11-19 23:00:00,0.0,28.3,28.3
2026-11-20 00:00:00,0.0,98.3,98.3
2026-11-20 01:00:00,0.0,150.0,150.0
2026-11-20 02:00:00,0.0,65.0,65.0
2026-11-20 03:00:00,0.0,150.0,150.0
2026-11-20 04:00:00,0.0,0.0,0.0
2026-11-20 05:00:00,2.0,60.0,62.0
2026-11-20 06:00:00,3.3,150.0,153.3
2026-11-20 07:00:00,3.6,150.0,153.6
2026-11-20 08:00:00,2.9,150.0,152.9
2026-11-20 09:00:00,2.2,146.7,148.9
2026-11-20 10:00:00,2.3,145.0,147.3
2026-11-20 11:00:00,4.0,150.0,154.0
2026-11-20 12:00:00,2.9,150.0,152.9
2026-11-20 13:00:00,2.3,148.3,150.6
2026-11-20 14:00:00,2.0,0.0,2.0
2026-11-20 15:00:00,2.8,150.0,152.8
2026-11-20 16:00:00,1.3,91.7,93.0
2026-11-20 17:00:00,4.0,150.0,154.0
2026-11-20 18:00:00,2.3,150.0,152.3
2026-11-20 19:00:00,3.7,28.3,32.0
2026-11-20 20:00:00,2.8,80.0,82.8
2026-11-20 21:00:00,2.8,150.0,152.8
2026-11-20 22:00:00,0.0,150.0,150.0
2026-11-20 23:00:00,0.0,150.0,150.0
2026-11-21 00:00:00,0.0,150.0,150.0
2026-11-21 01:00:00,0.0,150.0,150.0
2026-11-21 02:00:00,0.0,86.7,86.7
2026-11-21 03:00:00,0.0,136.7,136.7
2026-11-21 04:00:00,0.0,150.0,150.0
2026-11-21 05:00:00,3.1,141.7,144.8
2026-11-21 06:00:00,3.7,150.0,153.7
2026-11-21 07:00:00,4.0,150.0,154.0
2026-11-21 08:00:00,2.2,121.7,123.9
2026-11-21 09:00:00,2.9,150.0,152.9
2026-11-21 10:00:00,4.9,0.0,4.9
2026-11-21 11:00:00,2.9,90.0,92.9
2026-11-21 12:00:00,2.5,98.3,100.8
2026-11-21 13:00:00,3.0,150.0,153.0
2026-11-21 14:00:00,4.2,63.3,67.5
2026-11-21 15:00:00,3.6,150.0,153.6
2026-11-21 16:00:00,2.6,150.0,152.6
2026-11-21 17:00:00,2.2,150.0,152.2
2026-11-21 18:00:00,2.1,85.0,87.1
2026-11-21 19:00:00,3.4,150.0,153.4
2026-11-21 20:00:00,3.6,150.0,153.6
2026-11-21 21:00:00,3.6,55.0,58.6
2026-11-21 22:00:00,0.0,123.3,123.3
2026-11-21 23:00:00,0.0,150.0,150.0
2026-11-22 00:00:00,0.0,50.0,50.0
2026-11-22 01:00:00,0.0,150.0,150.0
2026-11-22 02:00:00,0.0,81.7,81.7
2026-11-22 03:00:00,0.0,150.0,150.0
2026-11-22 04:00:00,0.0,150.0,150.0
2026-11-22 05:00:00,3.3,10.0,13.3
2026-11-22 06:00:00,2.5,150.0,152.5
2026-11-22 07:00:00,2.6,150.0,152.6
2026-11-22 08:00:00,3.8,150.0,153.8
2026-11-22 09:00:00,3.5,150.0,153.5
2026-11-22 10:00:00,1.1,150.0,151.1
2026-11-22 11:00:00,4.1,148.3,152.4
2026-11-22 12:00:00,3.4,145.0,148.4
2026-11-22 13:00:00,3.0,61.7,64.7
2026-11-22 14:00:00,1.5,33.3,34.8
2026-11-22 15:00:00,2.6,140.0,142.6
2026-11-22 16:00:00,3.8,150.0,153.8
2026-11-22 17:00:00,2.5,98.3,100.8
2026-11-22 18:00:00,2.7,91.7,94.4
2026-11-22 19:00:00,2.5,73.3,75.8
2026-11-22 20:00:00,2.3,73.3,75.6
2026-11-22 21:00:00,3.3,73.3,76.6
2026-11-22 22:00:00,0.0,126.7,126.7
2026-11-22 23:00:00,0.0,150.0,150.0
2026-11-23 00:00:00,0.0,150.0,150.0
2026-11-23 01:00:00,0.0,150.0,150.0
2026-11-23 02:00:00,0.0,150.0,150.0
2026-11-23 03:00:00,0.0,150.0,150.0
2026-11-23 04:00:00,0.0,111.7,111.7
2026-11-23 05:00:00,2.6,150.0,152.6
2026-11-23 06:00:00,3.8,150.0,153.8
2026-11-23 07:00:00,2.9,150.0,152.9
2026-11-23 08:00:00,3.3,150.0,153.3
2026-11-23 09:00:00,3.1,150.0,153.1
2026-11-23 10:00:00,4.4,18.3,22.7
2026-11-23 11:00:00,3.4,150.0,153.4
2026-11-23 12:00:00,1.5,78.3,79.8
2026-11-23 13:00:00,4.2,0.0,4.2
2026-11-23 14:00:00,2.8,131.7,134.5
2026-11-23 15:00:00,3.3,141.7,145.0
2026-11-23 16:00:00,1.8,150.0,151.8
2026-11-23 17:00:00,3.2,96.7,99.9
2026-11-23 18:00:00,0.9,150.0,150.9
2026-11-23 19:00:00,2.6,90.0,92.6
2026-11-23 20:00:00,3.0,150.0,153.0
2026-11-23 21:00:00,3.7,13.3,17.0
2026-11-23 22:00:00,0.0,150.0,150.0
2026-11-23 23:00:00,0.0,0.0,0.0
2026-11-24 00:00:00,0.0,150.0,150.0
2026-11-24 01:00:00,0.0,150.0,150.0
2026-11-24 02:00:00,0.0,150.0,150.0
2026-11-24 03:00:00,0.0,150.0,150.0
2026-11-24 04:00:00,0.0,150.0,150.0
2026-11-24 05:00:00,1.6,46.7,48.3
2026-11-24 06:00:00,3.0,150.0,153.0
2026-11-24 07:00:00,3.8,131.7,135.5
2026-11-24 08:00:00,3.2,91.7,94.9
2026-11-24 09:00:00,4.0,150.0,154.0
2026-11-24 10:00:00,4.5,150.0,154.5
2026-11-24 11:00:00,3.2,150.0,153.2
2026-11-24 12:00:00,3.4,150.0,153.4
2026-11-24 13:00:00,2.0,121.7,123.7
2026-11-24 14:00:00,3.7,60.0,63.7
2026-11-24 15:00:00,2.4,150.0,152.4
2026-11-24 16:00:00,2.7,125.0,127.7
2026-11-24 17:00:00,4.4,150.0,154.4
2026-11-24 18:00:00,2.9,85.0,87.9
2026-11-24 19:00:00,3.8,148.3,152.1
2026-11-24 20:00:00,3.1,0.0,3.1
2026-11-24 21:00:00,1.6,150.0,151.6
2026-11-24 22:00:00,0.0,148.3,148.3
2026-11-24 23:00:00,0.0,136.7,136.7
2026-11-25 00:00:00,0.0,18.3,18.3
2026-11-25 01:00:00,0.0,150.0,150.0
2026-11-25 02:00:00,0.0,91.7,91.7
2026-11-25 03:00:00,0.0,150.0,150.0
2026-11-25 04:00:00,0.0,150.0,150.0
2026-11-25 05:00:00,3.6,150.0,153.6
2026-11-25 06:00:00,3.1,40.0,43.1
2026-11-25 07:00:00,4.2,0.0,4.2
2026-11-25 08:00:00,2.6,116.7,119.3
2026-11-25 09:00:00,4.3,128.3,132.6
2026-11-25 10:00:00,2.2,65.0,67.2
2026-11-25 11:00:00,3.0,141.7,144.7
2026-11-25 12:00:00,4.0,126.7,130.7
2026-11-25 13:00:00,2.9,150.0,152.9
2026-11-25 14:00:00,2.0,150.0,152.0
2026-11-25 15:00:00,2.1,150.0,152.1
2026-11-25 16:00:00,3.6,150.0,153.6
2026-11-25 17:00:00,3.3,150.0,153.3
2026-11-25 18:00:00,2.3,130.0,132.3
2026-11-25 19:00:00,4.4,95.0,99.4
2026-11-25 20:00:00,3.1,150.0,153.1
2026-11-25 21:00:00,2.9,126.7,129.6
2026-11-25 22:00:00,0.0,150.0,150.0
2026-11-25 23:00:00,0.0,150.0,150.0
2026-11-26 00:00:00,0.0,0.0,0.0
2026-11-26 01:00:00,0.0,136.7,136.7
2026-11-26 02:00:00,0.0,118.3,118.3
2026-11-26 03:00:00,0.0,48.3,48.3
2026-11-26 04:00:00,0.0,150.0,150.0
2026-11-26 05:00:00,3.5,150.0,153.5
2026-11-26 06:00:00,4.0,150.0,154.0
2026-11-26 07:00:00,1.4,80.0,81.4
2026-11-26 08:00:00,3.7,128.3,132.0
2026-11-26 09:00:00,3.1,36.7,39.8
2026-11-26 10:00:00,1.6,150.0,151.6
2026-11-26 11:00:00,4.2,123.3,127.5
2026-11-26 12:00:00,4.4,150.0,154.4
2026-11-26 13:00:00,3.4,80.0,83.4
2026-11-26 14:00:00,4.6,150.0,154.6
2026-11-26 15:00:00,3.2,150.0,153.2
2026-11-26 16:00:00,2.1,93.3,95.4
2026-11-26 17:00:00,3.2,150.0,153.2
2026-11-26 18:00:00,2.8,150.0,152.8
2026-11-26 19:00:00,3.0,150.0,153.0
2026-11-26 20:00:00,3.2,103.3,106.5
2026-11-26 21:00:00,2.5,118.3,120.8
2026-11-26 22:00:00,0.0,121.7,121.7
2026-11-26 23:00:00,0.0,150.0,150.0
2026-11-27 00:00:00,0.0,150.0,150.0
2026-11-27 01:00:00,0.0,85.0,85.0
2026-11-27 02:00:00,0.0,88.3,88.3
2026-11-27 03:00:00,0.0,60.0,60.0
2026-11-27 04:00:00,0.0,38.3,38.3
2026-11-27 05:00:00,3.6,150.0,153.6
2026-11-27 06:00:00,3.1,136.7,139.8
2026-11-27 07:00:00,2.8,133.3,136.1
2026-11-27 08:00:00,3.2,115.0,118.2
2026-11-27 09:00:00,2.3,105.0,107.3
2026-11-27 10:00:00,3.7,88.3,92.0
2026-11-27 11:00:00,3.5,126.7,130.2
2026-11-27 12:00:00,1.8,123.3,125.1
2026-11-27 13:00:00,2.4,150.0,152.4
2026-11-27 14:00:00,2.2,123.3,125.5
2026-11-27 15:00:00,2.3,150.0,152.3
2026-11-27 16:00:00,2.1,125.0,127.1
2026-11-27 17:00:00,3.8,150.0,153.8
2026-11-27 18:00:00,2.1,80.0,82.1
2026-11-27 19:00:00,2.5,60.0,62.5
2026-11-27 20:00:00,1.9,0.0,1.9
2026-11-27 21:00:00,1.8,0.0,1.8
2026-11-27 22:00:00,0.0,48.3,48.3
2026-11-27 23:00:00,0.0,140.0,140.0
2026-11-28 00:00:00,0.0,150.0,150.0
2026-11-28 01:00:00,0.0,80.0,80.0
2026-11-28 02:00:00,0.0,53.3,53.3
2026-11-28 03:00:00,0.0,150.0,150.0
2026-11-28 04:00:00,0.0,0.0,0.0
2026-11-28 05:00:00,3.1,150.0,153.1
2026-11-28 06:00:00,2.6,150.0,152.6
2026-11-28 07:00:00,4.1,148.3,152.4
2026-11-28 08:00:00,4.2,150.0,154.2
2026-11-28 09:00:00,4.5,150.0,154.5
2026-11-28 10:00:00,2.1,150.0,152.1
2026-11-28 11:00:00,2.3,150.0,152.3
2026-11-28 12:00:00,3.3,101.7,105.0
2026-11-28 13:00:00,2.8,150.0,152.8
2026-11-28 14:00:00,2.2,150.0,152.2
2026-11-28 15:00:00,3.2,68.3,71.5
2026-11-28 16:00:00,2.2,40.0,42.2
2026-11-28 17:00:00,4.2,150.0,154.2
2026-11-28 18:00:00,2.6,150.0,152.6
2026-11-28 19:00:00,2.8,68.3,71.1
2026-11-28 20:00:00,3.5,150.0,153.5
2026-11-28 21:00:00,2.9,103.3,106.2
2026-11-28 22:00:00,0.0,150.0,150.0
2026-11-28 23:00:00,0.0,150.0,150.0
2026-11-29 00:00:00,0.0,150.0,150.0
2026-11-29 01:00:00,0.0,86.7,86.7
2026-11-29 02:00:00,0.0,150.0,150.0
2026-11-29 03:00:00,0.0,150.0,150.0
2026-11-29 04:00:00,0.0,30.0,30.0
2026-11-29 05:00:00,1.4,150.0,151.4
2026-11-29 06:00:00,2.6,150.0,152.6
2026-11-29 07:00:00,3.6,150.0,153.6
2026-11-29 08:00:00,3.3,21.7,25.0
2026-11-29 09:00:00,3.3,85.0,88.3
2026-11-29 10:00:00,3.3,150.0,153.3
2026-11-29 11:00:00,3.4,95.0,98.4
2026-11-29 12:00:00,4.1,86.7,90.8
2026-11-29 13:00:00,2.0,150.0,152.0
2026-11-29 14:00:00,3.2,0.0,3.2
2026-11-29 15:00:00,3.5,150.0,153.5
2026-11-29 16:00:00,3.8,150.0,153.8
2026-11-29 17:00:00,2.2,150.0,152.2
2026-11-29 18:00:00,2.5,0.0,2.5
2026-11-29 19:00:00,4.6,150.0,154.6
2026-11-29 20:00:00,3.8,90.0,93.8
2026-11-29 21:00:00,3.6,81.7,85.3
2026-11-29 22:00:00,0.0,0.0,0.0
2026-11-29 23:00:00,0.0,150.0,150.0
2026-11-30 00:00:00,0.0,0.0,0.0
2026-11-30 01:00:00,0.0,150.0,150.0
2026-11-30 02:00:00,0.0,118.3,118.3
2026-11-30 03:00:00,0.0,150.0,150.0
2026-11-30 04:00:00,0.0,100.0,100.0
2026-11-30 05:00:00,3.4,150.0,153.4
2026-11-30 06:00:00,3.9,76.7,80.6
2026-11-30 07:00:00,3.2,150.0,153.2
2026-11-30 08:00:00,2.8,150.0,152.8
2026-11-30 09:00:00,3.0,145.0,148.0
2026-11-30 10:00:00,3.3,110.0,113.3
2026-11-30 11:00:00,2.4,150.0,152.4
2026-11-30 12:00:00,2.6,136.7,139.3
2026-11-30 13:00:00,3.4,0.0,3.4
2026-11-30 14:00:00,1.3,11.7,13.0
2026-11-30 15:00:00,3.2,150.0,153.2
2026-11-30 16:00:00,4.2,145.0,149.2
2026-11-30 17:00:00,2.4,51.7,54.1
2026-11-30 18:00:00,3.1,145.0,148.1
2026-11-30 19:00:00,1.9,150.0,151.9
2026-11-30 20:00:00,2.8,150.0,152.8
2026-11-30 21:00:00,3.1,150.0,153.1
2026-11-30 22:00:00,0.0,150.0,150.0
2026-11-30 23:00:00,0.0,150.0,150.0
2026-12-01 00:00:00,0.0,0.0,0.0
2026-12-01 01:00:00,0.0,0.0,0.0
2026-12-01 02:00:00,0.0,150.0,150.0
2026-12-01 03:00:00,0.0,75.0,75.0
2026-12-01 04:00:00,0.0,150.0,150.0
2026-12-01 05:00:00,4.2,120.0,124.2
2026-12-01 06:00:00,3.0,150.0,153.0
2026-12-01 07:00:00,3.5,106.7,110.2
2026-12-01 08:00:00,3.3,80.0,83.3
2026-12-01 09:00:00,3.3,150.0,153.3
2026-12-01 10:00:00,1.8,50.0,51.8
2026-12-01 11:00:00,3.0,0.0,3.0
2026-12-01 12:00:00,4.5,150.0,154.5
2026-12-01 13:00:00,2.3,118.3,120.6
2026-12-01 14:00:00,3.9,0.0,3.9
2026-12-01 15:00:00,2.1,35.0,37.1
2026-12-01 16:00:00,2.9,150.0,152.9
2026-12-01 17:00:00,3.3,18.3,21.6
2026-12-01 18:00:00,1.8,41.7,43.5
2026-12-01 19:00:00,2.2,10.0,12.2
2026-12-01 20:00:00,3.5,150.0,153.5
2026-12-01 21:00:00,2.2,23.3,25.5
2026-12-01 22:00:00,0.0,141.7,141.7
2026-12-01 23:00:00,0.0,150.0,150.0
2026-12-02 00:00:00,0.0,73.3,73.3
2026-12-02 01:00:00,0.0,30.0,30.0
2026-12-02 02:00:00,0.0,150.0,150.0
2026-12-02 03:00:00,0.0,150.0,150.0
2026-12-02 04:00:00,0.0,150.0,150.0
2026-12-02 05:00:00,3.1,121.7,124.8
2026-12-02 06:00:00,3.1,150.0,153.1
2026-12-02 07:00:00,2.5,20.0,22.5
2026-12-02 08:00:00,3.1,43.3,46.4
2026-12-02 09:00:00,3.0,150.0,153.0
2026-12-02 10:00:00,3.1,66.7,69.8
2026-12-02 11:00:00,2.9,150.0,152.9
2026-12-02 12:00:00,2.5,143.3,145.8
2026-12-02 13:00:00,1.8,133.3,135.1
2026-12-02 14:00:00,3.0,150.0,153.0
2026-12-02 15:00:00,3.0,51.7,54.7
2026-12-02 16:00:00,2.8,0.0,2.8
2026-12-02 17:00:00,2.5,150.0,152.5
2026-12-02 18:00:00,2.8,0.0,2.8
2026-12-02 19:00:00,2.5,150.0,152.5
2026-12-02 20:00:00,3.0,150.0,153.0
2026-12-02 21:00:00,3.1,150.0,153.1
2026-12-02 22:00:00,0.0,150.0,150.0
2026-12-02 23:00:00,0.0,20.0,20.0
2026-12-03 00:00:00,0.0,145.0,145.0
2026-12-03 01:00:00,0.0,150.0,150.0
2026-12-03 02:00:00,0.0,143.3,143.3
2026-12-03 03:00:00,0.0,73.3,73.3
2026-12-03 04:00:00,0.0,140.0,140.0
2026-12-03 05:00:00,2.7,93.3,96.0
2026-12-03 06:00:00,4.1,150.0,154.1
2026-12-03 07:00:00,4.1,105.0,109.1
2026-12-03 08:00:00,2.3,36.7,39.0
2026-12-03 09:00:00,5.0,116.7,121.7
2026-12-03 10:00:00,2.4,150.0,152.4
2026-12-03 11:00:00,3.4,43.3,46.7
2026-12-03 12:00:00,2.5,150.0,152.5
2026-12-03 13:00:00,3.2,113.3,116.5
2026-12-03 14:00:00,2.1,150.0,152.1
2026-12-03 15:00:00,3.9,141.7,145.6
2026-12-03 16:00:00,3.7,150.0,153.7
2026-12-03 17:00:00,2.6,150.0,152.6
2026-12-03 18:00:00,2.5,140.0,142.5
2026-12-03 19:00:00,2.1,150.0,152.1
2026-12-03 20:00:00,3.0,51.7,54.7
2026-12-03 21:00:00,2.8,1.7,4.5
2026-12-03 22:00:00,0.0,68.3,68.3
2026-12-03 23:00:00,0.0,150.0,150.0
2026-12-04 00:00:00,0.0,150.0,150.0
2026-12-04 01:00:00,0.0,128.3,128.3
2026-12-04 02:00:00,0.0,150.0,150.0
2026-12-04 03:00:00,0.0,20.0,20.0
2026-12-04 04:00:00,0.0,96.7,96.7
2026-12-04 05:00:00,3.4,105.0,108.4
2026-12-04 06:00:00,3.2,150.0,153.2
2026-12-04 07:00:00,3.7,70.0,73.7
2026-12-04 08:00:00,3.4,150.0,153.4
2026-12-04 09:00:00,3.8,135.0,138.8
2026-12-04 10:00:00,2.8,148.3,151.1
2026-12-04 11:00:00,2.9,150.0,152.9
2026-12-04 12:00:00,2.2,83.3,85.5
2026-12-04 13:00:00,2.6,150.0,152.6
2026-12-04 14:00:00,2.3,150.0,152.3
2026-12-04 15:00:00,3.6,0.0,3.6
2026-12-04 16:00:00,1.8,26.7,28.5
2026-12-04 17:00:00,3.5,150.0,153.5
2026-12-04 18:00:00,1.4,150.0,151.4
2026-12-04 19:00:00,2.3,51.7,54.0
2026-12-04 20:00:00,2.3,73.3,75.6
2026-12-04 21:00:00,2.6,123.3,125.9
2026-12-04 22:00:00,0.0,145.0,145.0
2026-12-04 23:00:00,0.0,150.0,150.0
2026-12-05 00:00:00,0.0,150.0,150.0
2026-12-05 01:00:00,0.0,0.0,0.0
2026-12-05 02:00:00,0.0,150.0,150.0
2026-12-05 03:00:00,0.0,20.0,20.0
2026-12-05 04:00:00,0.0,116.7,116.7
2026-12-05 05:00:00,2.7,118.3,121.0
2026-12-05 06:00:00,2.9,30.0,32.9
2026-12-05 07:00:00,2.4,150.0,152.4
2026-12-05 08:00:00,3.3,16.7,20.0
2026-12-05 09:00:00,2.7,60.0,62.7
2026-12-05 10:00:00,3.6,131.7,135.3
2026-12-05 11:00:00,4.1,150.0,154.1
2026-12-05 12:00:00,2.8,76.7,79.5
2026-12-05 13:00:00,3.2,150.0,153.2
2026-12-05 14:00:00,2.6,83.3,85.9
2026-12-05 15:00:00,2.1,150.0,152.1
2026-12-05 16:00:00,2.7,150.0,152.7
2026-12-05 17:00:00,2.5,150.0,152.5
2026-12-05 18:00:00,4.0,10.0,14.0
2026-12-05 19:00:00,3.3,146.7,150.0
2026-12-05 20:00:00,2.7,150.0,152.7
2026-12-05 21:00:00,3.0,93.3,96.3
2026-12-05 22:00:00,0.0,150.0,150.0
2026-12-05 23:00:00,0.0,150.0,150.0
2026-12-06 00:00:00,0.0,150.0,150.0
2026-12-06 01:00:00,0.0,135.0,135.0
2026-12-06 02:00:00,0.0,150.0,150.0
2026-12-06 03:00:00,0.0,0.0,0.0
2026-12-06 04:00:00,0.0,61.7,61.7
2026-12-06 05:00:00,3.1,150.0,153.1
2026-12-06 06:00:00,2.1,60.0,62.1
2026-12-06 07:00:00,2.4,150.0,152.4
2026-12-06 08:00:00,4.0,150.0,154.0
2026-12-06 09:00:00,3.3,70.0,73.3
2026-12-06 10:00:00,4.0,150.0,154.0
2026-12-06 11:00:00,1.7,105.0,106.7
2026-12-06 12:00:00,2.4,150.0,152.4
2026-12-06 13:00:00,3.3,118.3,121.6
2026-12-06 14:00:00,4.0,28.3,32.3
2026-12-06 15:00:00,3.1,150.0,153.1
2026-12-06 16:00:00,2.6,150.0,152.6
2026-12-06 17:00:00,2.1,60.0,62.1
2026-12-06 18:00:00,3.0,150.0,153.0
2026-12-06 19:00:00,1.4,150.0,151.4
2026-12-06 20:00:00,2.2,150.0,152.2
2026-12-06 21:00:00,3.1,150.0,153.1
2026-12-06 22:00:00,0.0,85.0,85.0
2026-12-06 23:00:00,0.0,150.0,150.0
2026-12-07 00:00:00,0.0,150.0,150.0
2026-12-07 01:00:00,0.0,70.0,70.0
2026-12-07 02:00:00,0.0,80.0,80.0
2026-12-07 03:00:00,0.0,115.0,115.0
2026-12-07 04:00:00,0.0,140.0,140.0
2026-12-07 05:00:00,2.6,150.0,152.6
2026-12-07 06:00:00,4.1,150.0,154.1
2026-12-07 07:00:00,1.4,0.0,1.4
2026-12-07 08:00:00,3.3,150.0,153.3
2026-12-07 09:00:00,2.7,56.7,59.4
2026-12-07 10:00:00,3.2,150.0,153.2
2026-12-07 11:00:00,3.0,150.0,153.0
2026-12-07 12:00:00,4.1,150.0,154.1
2026-12-07 13:00:00,4.0,136.7,140.7
2026-12-07 14:00:00,3.1,150.0,153.1
2026-12-07 15:00:00,2.8,150.0,152.8
2026-12-07 16:00:00,3.2,150.0,153.2
2026-12-07 17:00:00,2.7,123.3,126.0
2026-12-07 18:00:00,3.4,150.0,153.4
2026-12-07 19:00:00,2.9,0.0,2.9
2026-12-07 20:00:00,3.6,121.7,125.3
2026-12-07 21:00:00,3.3,146.7,150.0
2026-12-07 22:00:00,0.0,150.0,150.0
2026-12-07 23:00:00,0.0,150.0,150.0
2026-12-08 00:00:00,0.0,86.7,86.7
2026-12-08 01:00:00,0.0,150.0,150.0
2026-12-08 02:00:00,0.0,135.0,135.0
2026-12-08 03:00:00,0.0,150.0,150.0
2026-12-08 04:00:00,0.0,25.0,25.0
2026-12-08 05:00:00,1.9,150.0,151.9
2026-12-08 06:00:00,3.3,150.0,153.3
2026-12-08 07:00:00,5.3,20.0,25.3
2026-12-08 08:00:00,2.8,150.0,152.8
2026-12-08 09:00:00,3.8,75.0,78.8
2026-12-08 10:00:00,3.1,150.0,153.1
2026-12-08 11:00:00,1.9,150.0,151.9
2026-12-08 12:00:00,2.0,150.0,152.0
2026-12-08 13:00:00,1.0,150.0,151.0
2026-12-08 14:00:00,2.6,150.0,152.6
2026-12-08 15:00:00,3.1,110.0,113.1
2026-12-08 16:00:00,3.3,150.0,153.3
2026-12-08 17:00:00,2.9,150.0,152.9
2026-12-08 18:00:00,1.6,150.0,151.6
2026-12-08 19:00:00,2.7,150.0,152.7
2026-12-08 20:00:00,2.2,150.0,152.2
2026-12-08 21:00:00,3.2,150.0,153.2
2026-12-08 22:00:00,0.0,138.3,138.3
2026-12-08 23:00:00,0.0,81.7,81.7
2026-12-09 00:00:00,0.0,0.0,0.0
2026-12-09 01:00:00,0.0,88.3,88.3
2026-12-09 02:00:00,0.0,5.0,5.0
2026-12-09 03:00:00,0.0,0.0,0.0
2026-12-09 04:00:00,0.0,138.3,138.3
2026-12-09 05:00:00,3.5,150.0,153.5
2026-12-09 06:00:00,3.2,88.3,91.5
2026-12-09 07:00:00,3.4,5.0,8.4
2026-12-09 08:00:00,3.6,111.7,115.3
2026-12-09 09:00:00,2.5,90.0,92.5
2026-12-09 10:00:00,2.7,111.7,114.4
2026-12-09 11:00:00,3.4,150.0,153.4
2026-12-09 12:00:00,2.6,121.7,124.3
2026-12-09 13:00:00,2.4,150.0,152.4
2026-12-09 14:00:00,3.0,85.0,88.0
2026-12-09 15:00:00,2.6,116.7,119.3
2026-12-09 16:00:00,2.9,150.0,152.9
2026-12-09 17:00:00,3.0,96.7,99.7
2026-12-09 18:00:00,3.1,150.0,153.1
2026-12-09 19:00:00,2.2,140.0,142.2
2026-12-09 20:00:00,3.0,35.0,38.0
2026-12-09 21:00:00,3.4,111.7,115.1
2026-12-09 22:00:00,0.0,100.0,100.0
2026-12-09 23:00:00,0.0,150.0,150.0
2026-12-10 00:00:00,0.0,86.7,86.7
2026-12-10 01:00:00,0.0,10.0,10.0
2026-12-10 02:00:00,0.0,150.0,150.0
2026-12-10 03:00:00,0.0,150.0,150.0
2026-12-10 04:00:00,0.0,150.0,150.0
2026-12-10 05:00:00,2.9,150.0,152.9
2026-12-10 06:00:00,4.2,0.0,4.2
2026-12-10 07:00:00,3.4,150.0,153.4
2026-12-10 08:00:00,2.9,150.0,152.9
2026-12-10 09:00:00,3.2,130.0,133.2
2026-12-10 10:00:00,2.7,150.0,152.7
2026-12-10 11:00:00,2.9,150.0,152.9
2026-12-10 12:00:00,2.1,55.0,57.1
2026-12-10 13:00:00,3.4,150.0,153.4
2026-12-10 14:00:00,3.6,81.7,85.3
2026-12-10 15:00:00,2.5,150.0,152.5
2026-12-10 16:00:00,4.2,150.0,154.2
2026-12-10 17:00:00,2.6,101.7,104.3
2026-12-10 18:00:00,2.2,150.0,152.2
2026-12-10 19:00:00,2.5,150.0,152.5
2026-12-10 20:00:00,2.6,150.0,152.6
2026-12-10 21:00:00,3.5,150.0,153.5
2026-12-10 22:00:00,0.0,150.0,150.0
2026-12-10 23:00:00,0.0,116.7,116.7
2026-12-11 00:00:00,0.0,13.3,13.3
2026-12-11 01:00:00,0.0,150.0,150.0
2026-12-11 02:00:00,0.0,150.0,150.0
2026-12-11 03:00:00,0.0,150.0,150.0
2026-12-11 04:00:00,0.0,150.0,150.0
2026-12-11 05:00:00,2.9,145.0,147.9
2026-12-11 06:00:00,3.4,150.0,153.4
2026-12-11 07:00:00,3.3,150.0,153.3
2026-12-11 08:00:00,3.3,150.0,153.3
2026-12-11 09:00:00,3.9,150.0,153.9
2026-12-11 10:00:00,2.1,98.3,100.4
2026-12-11 11:00:00,2.5,150.0,152.5
2026-12-11 12:00:00,3.7,75.0,78.7
2026-12-11 13:00:00,4.5,150.0,154.5
2026-12-11 14:00:00,3.2,150.0,153.2
2026-12-11 15:00:00,2.8,120.0,122.8
2026-12-11 16:00:00,1.1,40.0,41.1
2026-12-11 17:00:00,3.0,103.3,106.3
2026-12-11 18:00:00,4.6,150.0,154.6
2026-12-11 19:00:00,2.1,150.0,152.1
2026-12-11 20:00:00,3.5,150.0,153.5
2026-12-11 21:00:00,3.0,0.0,3.0
2026-12-11 22:00:00,0.0,101.7,101.7
2026-12-11 23:00:00,0.0,148.3,148.3
2026-12-12 00:00:00,0.0,150.0,150.0
2026-12-12 01:00:00,0.0,143.3,143.3
2026-12-12 02:00:00,0.0,150.0,150.0
2026-12-12 03:00:00,0.0,150.0,150.0
2026-12-12 04:00:00,0.0,118.3,118.3
2026-12-12 05:00:00,4.7,150.0,154.7
2026-12-12 06:00:00,2.0,150.0,152.0
2026-12-12 07:00:00,1.3,123.3,124.6
2026-12-12 08:00:00,3.3,108.3,111.6
2026-12-12 09:00:00,3.7,150.0,153.7
2026-12-12 10:00:00,3.8,150.0,153.8
2026-12-12 11:00:00,3.8,8.3,12.1
2026-12-12 12:00:00,2.4,111.7,114.1
2026-12-12 13:00:00,2.8,0.0,2.8
2026-12-12 14:00:00,1.6,140.0,141.6
2026-12-12 15:00:00,3.6,150.0,153.6
2026-12-12 16:00:00,3.5,118.3,121.8
2026-12-12 17:00:00,4.1,90.0,94.1
2026-12-12 18:00:00,3.1,150.0,153.1
2026-12-12 19:00:00,4.0,51.7,55.7
2026-12-12 20:00:00,3.8,21.7,25.5
2026-12-12 21:00:00,3.9,121.7,125.6
2026-12-12 22:00:00,0.0,110.0,110.0
2026-12-12 23:00:00,0.0,150.0,150.0
2026-12-13 00:00:00,0.0,150.0,150.0
2026-12-13 01:00:00,0.0,111.7,111.7
2026-12-13 02:00:00,0.0,150.0,150.0
2026-12-13 03:00:00,0.0,43.3,43.3
2026-12-13 04:00:00,0.0,135.0,135.0
2026-12-13 05:00:00,4.2,145.0,149.2
2026-12-13 06:00:00,3.0,150.0,153.0
2026-12-13 07:00:00,2.5,150.0,152.5
2026-12-13 08:00:00,3.2,81.7,84.9
2026-12-13 09:00:00,2.5,146.7,149.2
2026-12-13 10:00:00,2.5,75.0,77.5
2026-12-13 11:00:00,3.5,150.0,153.5
2026-12-13 12:00:00,3.7,150.0,153.7
2026-12-13 13:00:00,3.4,150.0,153.4
2026-12-13 14:00:00,4.0,143.3,147.3
2026-12-13 15:00:00,4.3,150.0,154.3
2026-12-13 16:00:00,2.7,150.0,152.7
2026-12-13 17:00:00,1.7,150.0,151.7
2026-12-13 18:00:00,2.4,150.0,152.4
2026-12-13 19:00:00,3.7,31.7,35.4
2026-12-13 20:00:00,2.8,150.0,152.8
2026-12-13 21:00:00,3.3,150.0,153.3
2026-12-13 22:00:00,0.0,125.0,125.0
2026-12-13 23:00:00,0.0,138.3,138.3
2026-12-14 00:00:00,0.0,150.0,150.0
2026-12-14 01:00:00,0.0,150.0,150.0
2026-12-14 02:00:00,0.0,150.0,150.0
2026-12-14 03:00:00,0.0,150.0,150.0
2026-12-14 04:00:00,0.0,150.0,150.0
2026-12-14 05:00:00,3.4,143.3,146.7
2026-12-14 06:00:00,2.6,150.0,152.6
2026-12-14 07:00:00,4.1,150.0,154.1
2026-12-14 08:00:00,2.4,150.0,152.4
2026-12-14 09:00:00,2.6,150.0,152.6
2026-12-14 10:00:00,4.0,146.7,150.7
2026-12-14 11:00:00,3.6,121.7,125.3
2026-12-14 12:00:00,3.4,150.0,153.4
2026-12-14 13:00:00,2.2,0.0,2.2
2026-12-14 14:00:00,4.1,131.7,135.8
2026-12-14 15:00:00,4.2,150.0,154.2
2026-12-14 16:00:00,2.7,150.0,152.7
2026-12-14 17:00:00,2.6,150.0,152.6
2026-12-14 18:00:00,2.2,150.0,152.2
2026-12-14 19:00:00,3.0,150.0,153.0
2026-12-14 20:00:00,3.5,51.7,55.2
2026-12-14 21:00:00,2.5,150.0,152.5
2026-12-14 22:00:00,0.0,150.0,150.0
2026-12-14 23:00:00,0.0,150.0,150.0
2026-12-15 00:00:00,0.0,150.0,150.0
2026-12-15 01:00:00,0.0,126.7,126.7
2026-12-15 02:00:00,0.0,150.0,150.0
2026-12-15 03:00:00,0.0,150.0,150.0
2026-12-15 04:00:00,0.0,120.0,120.0
2026-12-15 05:00:00,5.0,145.0,150.0
2026-12-15 06:00:00,2.5,116.7,119.2
2026-12-15 07:00:00,3.3,150.0,153.3
2026-12-15 08:00:00,2.2,118.3,120.5
2026-12-15 09:00:00,2.8,61.7,64.5
2026-12-15 10:00:00,3.1,150.0,153.1
2026-12-15 11:00:00,3.0,80.0,83.0
2026-12-15 12:00:00,3.2,23.3,26.5
2026-12-15 13:00:00,2.3,113.3,115.6
2026-12-15 14:00:00,2.7,150.0,152.7
2026-12-15 15:00:00,2.5,125.0,127.5
2026-12-15 16:00:00,2.7,10.0,12.7
2026-12-15 17:00:00,2.5,150.0,152.5
2026-12-15 18:00:00,2.5,150.0,152.5
2026-12-15 19:00:00,2.0,113.3,115.3
2026-12-15 20:00:00,2.9,150.0,152.9
2026-12-15 21:00:00,2.8,35.0,37.8
2026-12-15 22:00:00,0.0,140.0,140.0
2026-12-15 23:00:00,0.0,65.0,65.0
2026-12-16 00:00:00,0.0,150.0,150.0
2026-12-16 01:00:00,0.0,150.0,150.0
2026-12-16 02:00:00,0.0,88.3,88.3
2026-12-16 03:00:00,0.0,150.0,150.0
2026-12-16 04:00:00,0.0,0.0,0.0
2026-12-16 05:00:00,4.2,150.0,154.2
2026-12-16 06:00:00,2.1,150.0,152.1
2026-12-16 07:00:00,3.2,130.0,133.2
2026-12-16 08:00:00,3.4,128.3,131.7
2026-12-16 09:00:00,2.9,53.3,56.2
2026-12-16 10:00:00,1.9,75.0,76.9
2026-12-16 11:00:00,3.5,150.0,153.5
2026-12-16 12:00:00,3.1,78.3,81.4
2026-12-16 13:00:00,3.5,150.0,153.5
2026-12-16 14:00:00,4.1,150.0,154.1
2026-12-16 15:00:00,2.0,150.0,152.0
2026-12-16 16:00:00,3.4,150.0,153.4
2026-12-16 17:00:00,1.9,150.0,151.9
2026-12-16 18:00:00,3.1,36.7,39.8
2026-12-16 19:00:00,2.8,150.0,152.8
2026-12-16 20:00:00,4.1,150.0,154.1
2026-12-16 21:00:00,3.4,0.0,3.4
2026-12-16 22:00:00,0.0,150.0,150.0
2026-12-16 23:00:00,0.0,133.3,133.3
2026-12-17 00:00:00,0.0,150.0,150.0
2026-12-17 01:00:00,0.0,150.0,150.0
2026-12-17 02:00:00,0.0,136.7,136.7
2026-12-17 03:00:00,0.0,150.0,150.0
2026-12-17 04:00:00,0.0,140.0,140.0
2026-12-17 05:00:00,2.5,8.3,10.8
2026-12-17 06:00:00,3.4,150.0,153.4
2026-12-17 07:00:00,1.8,150.0,151.8
2026-12-17 08:00:00,2.2,150.0,152.2
2026-12-17 09:00:00,3.6,150.0,153.6
2026-12-17 10:00:00,2.5,150.0,152.5
2026-12-17 11:00:00,1.6,81.7,83.3
2026-12-17 12:00:00,3.4,150.0,153.4
2026-12-17 13:00:00,2.2,75.0,77.2
2026-12-17 14:00:00,1.4,88.3,89.7
2026-12-17 15:00:00,2.4,105.0,107.4
2026-12-17 16:00:00,2.7,115.0,117.7
2026-12-17 17:00:00,3.0,0.0,3.0
2026-12-17 18:00:00,2.3,150.0,152.3
2026-12-17 19:00:00,2.8,150.0,152.8
2026-12-17 20:00:00,4.1,150.0,154.1
2026-12-17 21:00:00,3.0,3.3,6.3
2026-12-17 22:00:00,0.0,150.0,150.0
2026-12-17 23:00:00,0.0,121.7,121.7
2026-12-18 00:00:00,0.0,38.3,38.3
2026-12-18 01:00:00,0.0,150.0,150.0
2026-12-18 02:00:00,0.0,150.0,150.0
2026-12-18 03:00:00,0.0,58.3,58.3
2026-12-18 04:00:00,0.0,150.0,150.0
2026-12-18 05:00:00,4.1,150.0,154.1
2026-12-18 06:00:00,3.3,101.7,105.0
2026-12-18 07:00:00,3.0,65.0,68.0
2026-12-18 08:00:00,2.6,65.0,67.6
2026-12-18 09:00:00,3.5,150.0,153.5
2026-12-18 10:00:00,3.5,43.3,46.8
2026-12-18 11:00:00,3.7,150.0,153.7
2026-12-18 12:00:00,2.7,20.0,22.7
2026-12-18 13:00:00,3.6,145.0,148.6
2026-12-18 14:00:00,3.2,150.0,153.2
2026-12-18 15:00:00,2.1,110.0,112.1
2026-12-18 16:00:00,3.0,150.0,153.0
2026-12-18 17:00:00,2.7,150.0,152.7
2026-12-18 18:00:00,3.7,150.0,153.7
2026-12-18 19:00:00,2.3,150.0,152.3
2026-12-18 20:00:00,2.8,150.0,152.8
2026-12-18 21:00:00,2.6,150.0,152.6
2026-12-18 22:00:00,0.0,150.0,150.0
2026-12-18 23:00:00,0.0,150.0,150.0
2026-12-19 00:00:00,0.0,70.0,70.0
2026-12-19 01:00:00,0.0,125.0,125.0
2026-12-19 02:00:00,0.0,150.0,150.0
2026-12-19 03:00:00,0.0,78.3,78.3
2026-12-19 04:00:00,0.0,150.0,150.0
2026-12-19 05:00:00,5.0,71.7,76.7
2026-12-19 06:00:00,2.3,131.7,134.0
2026-12-19 07:00:00,1.4,150.0,151.4
2026-12-19 08:00:00,2.4,80.0,82.4
2026-12-19 09:00:00,2.2,76.7,78.9
2026-12-19 10:00:00,3.1,10.0,13.1
2026-12-19 11:00:00,3.1,150.0,153.1
2026-12-19 12:00:00,3.4,150.0,153.4
2026-12-19 13:00:00,3.2,150.0,153.2
2026-12-19 14:00:00,2.7,68.3,71.0
2026-12-19 15:00:00,3.7,150.0,153.7
2026-12-19 16:00:00,3.3,150.0,153.3
2026-12-19 17:00:00,1.8,150.0,151.8
2026-12-19 18:00:00,3.2,140.0,143.2
2026-12-19 19:00:00,5.1,150.0,155.1
2026-12-19 20:00:00,3.0,150.0,153.0
2026-12-19 21:00:00,1.9,150.0,151.9
2026-12-19 22:00:00,0.0,150.0,150.0
2026-12-19 23:00:00,0.0,150.0,150.0
2026-12-20 00:00:00,0.0,150.0,150.0
2026-12-20 01:00:00,0.0,68.3,68.3
2026-12-20 02:00:00,0.0,150.0,150.0
2026-12-20 03:00:00,0.0,150.0,150.0
2026-12-20 04:00:00,0.0,145.0,145.0
2026-12-20 05:00:00,2.7,150.0,152.7
2026-12-20 06:00:00,3.5,150.0,153.5
2026-12-20 07:00:00,4.2,113.3,117.5
2026-12-20 08:00:00,1.6,51.7,53.3
2026-12-20 09:00:00,3.5,150.0,153.5
2026-12-20 10:00:00,4.4,130.0,134.4
2026-12-20 11:00:00,1.6,118.3,119.9
2026-12-20 12:00:00,2.7,150.0,152.7
2026-12-20 13:00:00,3.4,150.0,153.4
2026-12-20 14:00:00,3.4,113.3,116.7
2026-12-20 15:00:00,2.3,150.0,152.3
2026-12-20 16:00:00,3.4,71.7,75.1
2026-12-20 17:00:00,1.7,128.3,130.0
2026-12-20 18:00:00,3.8,150.0,153.8
2026-12-20 19:00:00,2.9,88.3,91.2
2026-12-20 20:00:00,2.6,0.0,2.6
2026-12-20 21:00:00,3.9,100.0,103.9
2026-12-20 22:00:00,0.0,150.0,150.0
2026-12-20 23:00:00,0.0,150.0,150.0
2026-12-21 00:00:00,0.0,150.0,150.0
2026-12-21 01:00:00,0.0,150.0,150.0
2026-12-21 02:00:00,0.0,95.0,95.0
2026-12-21 03:00:00,0.0,150.0,150.0
2026-12-21 04:00:00,0.0,53.3,53.3
2026-12-21 05:00:00,2.6,73.3,75.9
2026-12-21 06:00:00,3.1,150.0,153.1
2026-12-21 07:00:00,3.7,150.0,153.7
2026-12-21 08:00:00,4.6,41.7,46.3
2026-12-21 09:00:00,2.4,60.0,62.4
2026-12-21 10:00:00,2.1,30.0,32.1
2026-12-21 11:00:00,2.6,150.0,152.6
2026-12-21 12:00:00,3.1,150.0,153.1
2026-12-21 13:00:00,2.3,0.0,2.3
2026-12-21 14:00:00,3.0,150.0,153.0
2026-12-21 15:00:00,3.8,150.0,153.8
2026-12-21 16:00:00,3.5,46.7,50.2
2026-12-21 17:00:00,3.6,150.0,153.6
2026-12-21 18:00:00,3.2,150.0,153.2
2026-12-21 19:00:00,3.6,150.0,153.6
2026-12-21 20:00:00,3.5,150.0,153.5
2026-12-21 21:00:00,2.9,150.0,152.9
2026-12-21 22:00:00,0.0,150.0,150.0
2026-12-21 23:00:00,0.0,150.0,150.0
2026-12-22 00:00:00,0.0,150.0,150.0
2026-12-22 01:00:00,0.0,150.0,150.0
2026-12-22 02:00:00,0.0,108.3,108.3
2026-12-22 03:00:00,0.0,60.0,60.0
2026-12-22 04:00:00,0.0,150.0,150.0
2026-12-22 05:00:00,3.4,88.3,91.7
2026-12-22 06:00:00,3.8,48.3,52.1
2026-12-22 07:00:00,2.7,78.3,81.0
2026-12-22 08:00:00,1.9,150.0,151.9
2026-12-22 09:00:00,4.0,150.0,154.0
2026-12-22 10:00:00,2.6,135.0,137.6
2026-12-22 11:00:00,2.4,86.7,89.1
2026-12-22 12:00:00,2.9,131.7,134.6
2026-12-22 13:00:00,3.7,150.0,153.7
2026-12-22 14:00:00,1.4,150.0,151.4
2026-12-22 15:00:00,4.8,150.0,154.8
2026-12-22 16:00:00,3.0,150.0,153.0
2026-12-22 17:00:00,2.6,71.7,74.3
2026-12-22 18:00:00,2.8,86.7,89.5
2026-12-22 19:00:00,2.3,0.0,2.3
2026-12-22 20:00:00,2.7,150.0,152.7
2026-12-22 21:00:00,3.1,150.0,153.1
2026-12-22 22:00:00,0.0,150.0,150.0
2026-12-22 23:00:00,0.0,50.0,50.0
2026-12-23 00:00:00,0.0,150.0,150.0
2026-12-23 01:00:00,0.0,0.0,0.0
2026-12-23 02:00:00,0.0,150.0,150.0
2026-12-23 03:00:00,0.0,150.0,150.0
2026-12-23 04:00:00,0.0,36.7,36.7
2026-12-23 05:00:00,3.3,150.0,153.3
2026-12-23 06:00:00,3.3,136.7,140.0
2026-12-23 07:00:00,3.9,150.0,153.9
2026-12-23 08:00:00,2.1,150.0,152.1
2026-12-23 09:00:00,4.3,141.7,146.0
2026-12-23 10:00:00,0.7,46.7,47.4
2026-12-23 11:00:00,3.9,0.0,3.9
2026-12-23 12:00:00,3.6,150.0,153.6
2026-12-23 13:00:00,3.0,150.0,153.0
2026-12-23 14:00:00,2.8,150.0,152.8
2026-12-23 15:00:00,3.3,150.0,153.3
2026-12-23 16:00:00,2.4,83.3,85.7
2026-12-23 17:00:00,3.0,128.3,131.3
2026-12-23 18:00:00,2.7,120.0,122.7
2026-12-23 19:00:00,3.3,150.0,153.3
2026-12-23 20:00:00,3.3,150.0,153.3
2026-12-23 21:00:00,2.6,3.3,5.9
2026-12-23 22:00:00,0.0,100.0,100.0
2026-12-23 23:00:00,0.0,150.0,150.0
2026-12-24 00:00:00,0.0,150.0,150.0
2026-12-24 01:00:00,0.0,150.0,150.0
2026-12-24 02:00:00,0.0,106.7,106.7
2026-12-24 03:00:00,0.0,80.0,80.0
2026-12-24 04:00:00,0.0,150.0,150.0
2026-12-24 05:00:00,3.2,61.7,64.9
2026-12-24 06:00:00,3.1,145.0,148.1
2026-12-24 07:00:00,3.3,150.0,153.3
2026-12-24 08:00:00,2.5,150.0,152.5
2026-12-24 09:00:00,3.3,150.0,153.3
2026-12-24 10:00:00,3.4,150.0,153.4
2026-12-24 11:00:00,1.5,13.3,14.8
2026-12-24 12:00:00,3.6,150.0,153.6
2026-12-24 13:00:00,3.1,150.0,153.1
2026-12-24 14:00:00,2.1,150.0,152.1
2026-12-24 15:00:00,3.5,55.0,58.5
2026-12-24 16:00:00,2.3,120.0,122.3
2026-12-24 17:00:00,3.5,65.0,68.5
2026-12-24 18:00:00,3.6,150.0,153.6
2026-12-24 19:00:00,3.1,150.0,153.1
2026-12-24 20:00:00,1.2,150.0,151.2
2026-12-24 21:00:00,2.3,115.0,117.3
2026-12-24 22:00:00,0.0,90.0,90.0
2026-12-24 23:00:00,0.0,150.0,150.0
2026-12-25 00:00:00,0.0,56.7,56.7
2026-12-25 01:00:00,0.0,113.3,113.3
2026-12-25 02:00:00,0.0,150.0,150.0
2026-12-25 03:00:00,0.0,150.0,150.0
2026-12-25 04:00:00,0.0,150.0,150.0
2026-12-25 05:00:00,3.6,150.0,153.6
2026-12-25 06:00:00,2.1,150.0,152.1
2026-12-25 07:00:00,2.4,150.0,152.4
2026-12-25 08:00:00,1.5,150.0,151.5
2026-12-25 09:00:00,2.7,121.7,124.4
2026-12-25 10:00:00,2.4,80.0,82.4
2026-12-25 11:00:00,3.4,150.0,153.4
2026-12-25 12:00:00,3.1,0.0,3.1
2026-12-25 13:00:00,2.2,116.7,118.9
2026-12-25 14:00:00,3.9,26.7,30.6
2026-12-25 15:00:00,1.7,150.0,151.7
2026-12-25 16:00:00,4.2,150.0,154.2
2026-12-25 17:00:00,2.8,150.0,152.8
2026-12-25 18:00:00,2.3,126.7,129.0
2026-12-25 19:00:00,3.2,106.7,109.9
2026-12-25 20:00:00,3.5,150.0,153.5
2026-12-25 21:00:00,3.3,150.0,153.3
2026-12-25 22:00:00,0.0,150.0,150.0
2026-12-25 23:00:00,0.0,28.3,28.3
2026-12-26 00:00:00,0.0,86.7,86.7
2026-12-26 01:00:00,0.0,150.0,150.0
2026-12-26 02:00:00,0.0,150.0,150.0
2026-12-26 03:00:00,0.0,150.0,150.0
2026-12-26 04:00:00,0.0,28.3,28.3
2026-12-26 05:00:00,3.4,150.0,153.4
2026-12-26 06:00:00,4.4,103.3,107.7
2026-12-26 07:00:00,3.0,150.0,153.0
2026-12-26 08:00:00,2.3,95.0,97.3
2026-12-26 09:00:00,3.0,70.0,73.0
2026-12-26 10:00:00,3.8,150.0,153.8
2026-12-26 11:00:00,2.6,150.0,152.6
2026-12-26 12:00:00,2.8,150.0,152.8
2026-12-26 13:00:00,3.7,150.0,153.7
2026-12-26 14:00:00,3.0,150.0,153.0
2026-12-26 15:00:00,2.9,150.0,152.9
2026-12-26 16:00:00,5.0,143.3,148.3
2026-12-26 17:00:00,3.6,3.3,6.9
2026-12-26 18:00:00,2.7,1.7,4.4
2026-12-26 19:00:00,1.3,150.0,151.3
2026-12-26 20:00:00,3.1,96.7,99.8
2026-12-26 21:00:00,2.1,0.0,2.1
2026-12-26 22:00:00,0.0,150.0,150.0
2026-12-26 23:00:00,0.0,95.0,95.0
2026-12-27 00:00:00,0.0,150.0,150.0
2026-12-27 01:00:00,0.0,50.0,50.0
2026-12-27 02:00:00,0.0,65.0,65.0
2026-12-27 03:00:00,0.0,150.0,150.0
2026-12-27 04:00:00,0.0,150.0,150.0
2026-12-27 05:00:00,2.3,150.0,152.3
2026-12-27 06:00:00,2.8,128.3,131.1
2026-12-27 07:00:00,4.0,150.0,154.0
2026-12-27 08:00:00,2.4,41.7,44.1
2026-12-27 09:00:00,4.4,150.0,154.4
2026-12-27 10:00:00,3.2,150.0,153.2
2026-12-27 11:00:00,3.0,150.0,153.0
2026-12-27 12:00:00,1.0,78.3,79.3
2026-12-27 13:00:00,4.2,150.0,154.2
2026-12-27 14:00:00,1.9,150.0,151.9
2026-12-27 15:00:00,3.4,150.0,153.4
2026-12-27 16:00:00,3.4,136.7,140.1
2026-12-27 17:00:00,3.3,121.7,125.0
2026-12-27 18:00:00,4.0,150.0,154.0
2026-12-27 19:00:00,3.2,130.0,133.2
2026-12-27 20:00:00,2.6,150.0,152.6
2026-12-27 21:00:00,2.5,150.0,152.5
2026-12-27 22:00:00,0.0,135.0,135.0
2026-12-27 23:00:00,0.0,120.0,120.0
2026-12-28 00:00:00,0.0,55.0,55.0
2026-12-28 01:00:00,0.0,58.3,58.3
2026-12-28 02:00:00,0.0,128.3,128.3
2026-12-28 03:00:00,0.0,91.7,91.7
2026-12-28 04:00:00,0.0,0.0,0.0
2026-12-28 05:00:00,2.0,128.3,130.3
2026-12-28 06:00:00,3.4,150.0,153.4
2026-12-28 07:00:00,4.0,98.3,102.3
2026-12-28 08:00:00,3.0,150.0,153.0
2026-12-28 09:00:00,3.1,30.0,33.1
2026-12-28 10:00:00,3.5,150.0,153.5
2026-12-28 11:00:00,0.9,150.0,150.9
2026-12-28 12:00:00,2.5,10.0,12.5
2026-12-28 13:00:00,2.5,150.0,152.5
2026-12-28 14:00:00,2.8,66.7,69.5
2026-12-28 15:00:00,2.5,150.0,152.5
2026-12-28 16:00:00,2.2,0.0,2.2
2026-12-28 17:00:00,3.3,106.7,110.0
2026-12-28 18:00:00,2.2,150.0,152.2
2026-12-28 19:00:00,2.5,113.3,115.8
2026-12-28 20:00:00,3.2,150.0,153.2
2026-12-28 21:00:00,4.1,138.3,142.4
2026-12-28 22:00:00,0.0,150.0,150.0
2026-12-28 23:00:00,0.0,118.3,118.3
2026-12-29 00:00:00,0.0,70.0,70.0
2026-12-29 01:00:00,0.0,150.0,150.0
2026-12-29 02:00:00,0.0,50.0,50.0
2026-12-29 03:00:00,0.0,150.0,150.0
2026-12-29 04:00:00,0.0,150.0,150.0
2026-12-29 05:00:00,3.5,140.0,143.5
2026-12-29 06:00:00,2.5,150.0,152.5
2026-12-29 07:00:00,3.5,105.0,108.5
2026-12-29 08:00:00,5.1,135.0,140.1
2026-12-29 09:00:00,3.0,150.0,153.0
2026-12-29 10:00:00,1.6,91.7,93.3
2026-12-29 11:00:00,3.6,150.0,153.6
2026-12-29 12:00:00,3.9,111.7,115.6
2026-12-29 13:00:00,3.4,150.0,153.4
2026-12-29 14:00:00,1.7,150.0,151.7
2026-12-29 15:00:00,2.7,150.0,152.7
2026-12-29 16:00:00,3.1,150.0,153.1
2026-12-29 17:00:00,3.1,150.0,153.1
2026-12-29 18:00:00,4.5,150.0,154.5
2026-12-29 19:00:00,3.2,150.0,153.2
2026-12-29 20:00:00,1.0,150.0,151.0
2026-12-29 21:00:00,3.5,150.0,153.5
2026-12-29 22:00:00,0.0,130.0,130.0
2026-12-29 23:00:00,0.0,150.0,150.0
2026-12-30 00:00:00,0.0,150.0,150.0
2026-12-30 01:00:00,0.0,115.0,115.0
2026-12-30 02:00:00,0.0,150.0,150.0
2026-12-30 03:00:00,0.0,83.3,83.3
2026-12-30 04:00:00,0.0,126.7,126.7
2026-12-30 05:00:00,3.0,150.0,153.0
2026-12-30 06:00:00,3.6,126.7,130.3
2026-12-30 07:00:00,2.6,55.0,57.6
2026-12-30 08:00:00,3.8,150.0,153.8
2026-12-30 09:00:00,2.3,143.3,145.6
2026-12-30 10:00:00,3.1,150.0,153.1
2026-12-30 11:00:00,3.7,76.7,80.4
2026-12-30 12:00:00,3.6,150.0,153.6
2026-12-30 13:00:00,4.3,150.0,154.3
2026-12-30 14:00:00,2.6,150.0,152.6
2026-12-30 15:00:00,2.6,140.0,142.6
2026-12-30 16:00:00,3.6,25.0,28.6
2026-12-30 17:00:00,2.5,36.7,39.2
2026-12-30 18:00:00,1.3,150.0,151.3
2026-12-30 19:00:00,2.4,150.0,152.4
2026-12-30 20:00:00,2.1,150.0,152.1
2026-12-30 21:00:00,3.9,146.7,150.6
2026-12-30 22:00:00,0.0,91.7,91.7
2026-12-30 23:00:00,0.0,141.7,141.7
2026-12-31 00:00:00,0.0,150.0,150.0
2026-12-31 01:00:00,0.0,150.0,150.0
2026-12-31 02:00:00,0.0,150.0,150.0
2026-12-31 03:00:00,0.0,150.0,150.0
2026-12-31 04:00:00,0.0,150.0,150.0
2026-12-31 05:00:00,3.4,138.3,141.7
2026-12-31 06:00:00,4.3,108.3,112.6
2026-12-31 07:00:00,2.7,83.3,86.0
2026-12-31 08:00:00,2.8,95.0,97.8
2026-12-31 09:00:00,1.5,150.0,151.5
2026-12-31 10:00:00,1.5,16.7,18.2
2026-12-31 11:00:00,2.7,150.0,152.7
2026-12-31 12:00:00,2.1,150.0,152.1
2026-12-31 13:00:00,4.8,150.0,154.8
2026-12-31 14:00:00,2.8,121.7,124.5
2026-12-31 15:00:00,2.2,150.0,152.2
2026-12-31 16:00:00,2.2,150.0,152.2
2026-12-31 17:00:00,2.5,128.3,130.8
2026-12-31 18:00:00,3.2,150.0,153.2
2026-12-31 19:00:00,2.3,150.0,152.3
2026-12-31 20:00:00,3.1,150.0,153.1
2026-12-31 21:00:00,2.2,133.3,135.5
2026-12-31 22:00:00,0.0,150.0,150.0
2026-12-31 23:00:00,0.0,93.3,93.3
2027-01-01 00:00:00,0.0,150.0,150.0
2027-01-01 01:00:00,0.0,150.0,150.0
2027-01-01 02:00:00,0.0,150.0,150.0
2027-01-01 03:00:00,0.0,150.0,150.0
2027-01-01 04:00:00,0.0,1.7,1.7
2027-01-01 05:00:00,2.2,133.3,135.5
2027-01-01 06:00:00,2.7,0.0,2.7
2027-01-01 07:00:00,1.6,150.0,151.6
2027-01-01 08:00:00,2.5,150.0,152.5
2027-01-01 09:00:00,3.8,85.0,88.8
2027-01-01 10:00:00,3.0,105.0,108.0
2027-01-01 11:00:00,4.1,76.7,80.8
2027-01-01 12:00:00,3.8,75.0,78.8
2027-01-01 13:00:00,1.7,83.3,85.0
2027-01-01 14:00:00,3.0,150.0,153.0
2027-01-01 15:00:00,2.8,116.7,119.5
2027-01-01 16:00:00,3.3,0.0,3.3
2027-01-01 17:00:00,4.3,150.0,154.3
2027-01-01 18:00:00,2.9,150.0,152.9
2027-01-01 19:00:00,3.0,121.7,124.7
2027-01-01 20:00:00,3.1,150.0,153.1
2027-01-01 21:00:00,2.9,73.3,76.2
2027-01-01 22:00:00,0.0,150.0,150.0
2027-01-01 23:00:00,0.0,150.0,150.0
2027-01-02 00:00:00,0.0,128.3,128.3
2027-01-02 01:00:00,0.0,150.0,150.0
2027-01-02 02:00:00,0.0,150.0,150.0
2027-01-02 03:00:00,0.0,150.0,150.0
2027-01-02 04:00:00,0.0,150.0,150.0
2027-01-02 05:00:00,2.7,150.0,152.7
2027-01-02 06:00:00,4.0,150.0,154.0
2027-01-02 07:00:00,2.9,135.0,137.9
2027-01-02 08:00:00,3.1,150.0,153.1
2027-01-02 09:00:00,2.2,150.0,152.2
2027-01-02 10:00:00,2.7,101.7,104.4
2027-01-02 11:00:00,2.3,150.0,152.3
2027-01-02 12:00:00,2.7,148.3,151.0
2027-01-02 13:00:00,2.9,150.0,152.9
2027-01-02 14:00:00,2.0,108.3,110.3
2027-01-02 15:00:00,3.0,150.0,153.0
2027-01-02 16:00:00,5.0,150.0,155.0
2027-01-02 17:00:00,2.3,150.0,152.3
2027-01-02 18:00:00,2.1,56.7,58.8
2027-01-02 19:00:00,3.5,150.0,153.5
2027-01-02 20:00:00,2.7,150.0,152.7
2027-01-02 21:00:00,3.7,150.0,153.7
2027-01-02 22:00:00,0.0,111.7,111.7
2027-01-02 23:00:00,0.0,103.3,103.3
2027-01-03 00:00:00,0.0,150.0,150.0
2027-01-03 01:00:00,0.0,150.0,150.0
2027-01-03 02:00:00,0.0,150.0,150.0
2027-01-03 03:00:00,0.0,50.0,50.0
2027-01-03 04:00:00,0.0,150.0,150.0
2027-01-03 05:00:00,2.7,118.3,121.0
2027-01-03 06:00:00,2.3,150.0,152.3
2027-01-03 07:00:00,3.9,150.0,153.9
2027-01-03 08:00:00,3.8,150.0,153.8
2027-01-03 09:00:00,2.6,150.0,152.6
2027-01-03 10:00:00,2.0,101.7,103.7
2027-01-03 11:00:00,3.1,150.0,153.1
2027-01-03 12:00:00,2.4,150.0,152.4
2027-01-03 13:00:00,2.6,150.0,152.6
2027-01-03 14:00:00,2.9,95.0,97.9
2027-01-03 15:00:00,1.3,35.0,36.3
2027-01-03 16:00:00,2.0,150.0,152.0
2027-01-03 17:00:00,2.1,98.3,100.4
2027-01-03 18:00:00,2.1,150.0,152.1
2027-01-03 19:00:00,4.4,150.0,154.4
2027-01-03 20:00:00,3.2,150.0,153.2
2027-01-03 21:00:00,3.4,46.7,50.1
2027-01-03 22:00:00,0.0,150.0,150.0
2027-01-03 23:00:00,0.0,150.0,150.0
2027-01-04 00:00:00,0.0,150.0,150.0
2027-01-04 01:00:00,0.0,86.7,86.7
2027-01-04 02:00:00,0.0,150.0,150.0
2027-01-04 03:00:00,0.0,123.3,123.3
2027-01-04 04:00:00,0.0,0.0,0.0
2027-01-04 05:00:00,2.3,150.0,152.3
2027-01-04 06:00:00,2.9,138.3,141.2
2027-01-04 07:00:00,2.7,150.0,152.7
2027-01-04 08:00:00,2.7,131.7,134.4
2027-01-04 09:00:00,2.5,41.7,44.2
2027-01-04 10:00:00,2.7,40.0,42.7
2027-01-04 11:00:00,4.1,133.3,137.4
2027-01-04 12:00:00,3.5,101.7,105.2
2027-01-04 13:00:00,1.8,150.0,151.8
2027-01-04 14:00:00,3.8,93.3,97.1
2027-01-04 15:00:00,2.9,150.0,152.9
2027-01-04 16:00:00,2.3,105.0,107.3
2027-01-04 17:00:00,3.1,150.0,153.1
2027-01-04 18:00:00,2.6,85.0,87.6
2027-01-04 19:00:00,2.7,140.0,142.7
2027-01-04 20:00:00,3.7,150.0,153.7
2027-01-04 21:00:00,3.6,56.7,60.3
2027-01-04 22:00:00,0.0,85.0,85.0
2027-01-04 23:00:00,0.0,58.3,58.3
2027-01-05 00:00:00,0.0,150.0,150.0
2027-01-05 01:00:00,0.0,143.3,143.3
2027-01-05 02:00:00,0.0,95.0,95.0
2027-01-05 03:00:00,0.0,150.0,150.0
2027-01-05 04:00:00,0.0,78.3,78.3
2027-01-05 05:00:00,2.4,106.7,109.1
2027-01-05 06:00:00,3.7,85.0,88.7
2027-01-05 07:00:00,3.1,103.3,106.4
2027-01-05 08:00:00,3.2,108.3,111.5
2027-01-05 09:00:00,3.7,150.0,153.7
2027-01-05 10:00:00,2.5,150.0,152.5
2027-01-05 11:00:00,2.6,50.0,52.6
2027-01-05 12:00:00,3.4,8.3,11.7
2027-01-05 13:00:00,2.6,0.0,2.6
2027-01-05 14:00:00,1.9,150.0,151.9
2027-01-05 15:00:00,3.0,98.3,101.3
2027-01-05 16:00:00,2.9,108.3,111.2
2027-01-05 17:00:00,3.9,150.0,153.9
2027-01-05 18:00:00,3.1,101.7,104.8
2027-01-05 19:00:00,3.1,150.0,153.1
2027-01-05 20:00:00,2.7,3.3,6.0
2027-01-05 21:00:00,3.2,150.0,153.2
2027-01-05 22:00:00,0.0,120.0,120.0
2027-01-05 23:00:00,0.0,113.3,113.3
2027-01-06 00:00:00,0.0,136.7,136.7
2027-01-06 01:00:00,0.0,150.0,150.0
2027-01-06 02:00:00,0.0,38.3,38.3
2027-01-06 03:00:00,0.0,150.0,150.0
2027-01-06 04:00:00,0.0,150.0,150.0
2027-01-06 05:00:00,3.5,105.0,108.5
2027-01-06 06:00:00,3.4,91.7,95.1
2027-01-06 07:00:00,3.2,15.0,18.2
2027-01-06 08:00:00,4.0,115.0,119.0
2027-01-06 09:00:00,2.5,150.0,152.5
2027-01-06 10:00:00,2.3,145.0,147.3
2027-01-06 11:00:00,2.6,138.3,140.9
2027-01-06 12:00:00,3.0,150.0,153.0
2027-01-06 13:00:00,1.1,150.0,151.1
2027-01-06 14:00:00,3.0,150.0,153.0
2027-01-06 15:00:00,3.6,150.0,153.6
2027-01-06 16:00:00,4.2,150.0,154.2
2027-01-06 17:00:00,3.5,150.0,153.5
2027-01-06 18:00:00,2.3,150.0,152.3
2027-01-06 19:00:00,2.9,150.0,152.9
2027-01-06 20:00:00,2.7,150.0,152.7
2027-01-06 21:00:00,2.2,150.0,152.2
2027-01-06 22:00:00,0.0,150.0,150.0
2027-01-06 23:00:00,0.0,106.7,106.7
2027-01-07 00:00:00,0.0,135.0,135.0
2027-01-07 01:00:00,0.0,150.0,150.0
2027-01-07 02:00:00,0.0,60.0,60.0
2027-01-07 03:00:00,0.0,150.0,150.0
2027-01-07 04:00:00,0.0,150.0,150.0
2027-01-07 05:00:00,3.0,105.0,108.0
2027-01-07 06:00:00,2.0,150.0,152.0
2027-01-07 07:00:00,2.1,150.0,152.1
2027-01-07 08:00:00,3.2,150.0,153.2
2027-01-07 09:00:00,2.1,150.0,152.1
2027-01-07 10:00:00,3.4,150.0,153.4
2027-01-07 11:00:00,4.4,110.0,114.4
2027-01-07 12:00:00,3.5,150.0,153.5
2027-01-07 13:00:00,2.4,83.3,85.7
2027-01-07 14:00:00,3.5,105.0,108.5
2027-01-07 15:00:00,2.3,150.0,152.3
2027-01-07 16:00:00,3.6,150.0,153.6
2027-01-07 17:00:00,3.4,150.0,153.4
2027-01-07 18:00:00,2.8,150.0,152.8
2027-01-07 19:00:00,3.2,150.0,153.2
2027-01-07 20:00:00,2.6,150.0,152.6
2027-01-07 21:00:00,2.9,116.7,119.6
2027-01-07 22:00:00,0.0,0.0,0.0
2027-01-07 23:00:00,0.0,0.0,0.0
2027-01-08 00:00:00,0.0,150.0,150.0
2027-01-08 01:00:00,0.0,135.0,135.0
2027-01-08 02:00:00,0.0,75.0,75.0
2027-01-08 03:00:00,0.0,96.7,96.7
2027-01-08 04:00:00,0.0,116.7,116.7
2027-01-08 05:00:00,2.9,120.0,122.9
2027-01-08 06:00:00,2.9,150.0,152.9
2027-01-08 07:00:00,2.2,100.0,102.2
2027-01-08 08:00:00,3.5,118.3,121.8
2027-01-08 09:00:00,3.1,150.0,153.1
2027-01-08 10:00:00,4.5,150.0,154.5
2027-01-08 11:00:00,2.9,46.7,49.6
2027-01-08 12:00:00,4.2,76.7,80.9
2027-01-08 13:00:00,2.5,150.0,152.5
2027-01-08 14:00:00,3.6,146.7,150.3
2027-01-08 15:00:00,2.7,93.3,96.0
2027-01-08 16:00:00,2.7,111.7,114.4
2027-01-08 17:00:00,1.4,38.3,39.7
2027-01-08 18:00:00,1.3,136.7,138.0
2027-01-08 19:00:00,5.0,113.3,118.3
2027-01-08 20:00:00,3.7,96.7,100.4
2027-01-08 21:00:00,2.5,138.3,140.8
2027-01-08 22:00:00,0.0,138.3,138.3
2027-01-08 23:00:00,0.0,150.0,150.0
2027-01-09 00:00:00,0.0,150.0,150.0
2027-01-09 01:00:00,0.0,150.0,150.0
2027-01-09 02:00:00,0.0,21.7,21.7
2027-01-09 03:00:00,0.0,33.3,33.3
2027-01-09 04:00:00,0.0,150.0,150.0
2027-01-09 05:00:00,2.3,150.0,152.3
2027-01-09 06:00:00,1.3,133.3,134.6
2027-01-09 07:00:00,2.1,148.3,150.4
2027-01-09 08:00:00,1.3,150.0,151.3
2027-01-09 09:00:00,3.4,150.0,153.4
2027-01-09 10:00:00,2.1,150.0,152.1
2027-01-09 11:00:00,3.1,150.0,153.1
2027-01-09 12:00:00,3.0,150.0,153.0
2027-01-09 13:00:00,2.4,150.0,152.4
2027-01-09 14:00:00,2.7,150.0,152.7
2027-01-09 15:00:00,2.9,150.0,152.9
2027-01-09 16:00:00,3.4,88.3,91.7
2027-01-09 17:00:00,1.2,150.0,151.2
2027-01-09 18:00:00,2.0,150.0,152.0
2027-01-09 19:00:00,4.2,138.3,142.5
2027-01-09 20:00:00,3.5,38.3,41.8
2027-01-09 21:00:00,4.1,141.7,145.8
2027-01-09 22:00:00,0.0,150.0,150.0
2027-01-09 23:00:00,0.0,131.7,131.7
2027-01-10 00:00:00,0.0,96.7,96.7
2027-01-10 01:00:00,0.0,150.0,150.0
2027-01-10 02:00:00,0.0,150.0,150.0
2027-01-10 03:00:00,0.0,150.0,150.0
2027-01-10 04:00:00,0.0,98.3,98.3
2027-01-10 05:00:00,2.5,136.7,139.2
2027-01-10 06:00:00,3.2,150.0,153.2
2027-01-10 07:00:00,1.4,150.0,151.4
2027-01-10 08:00:00,2.2,0.0,2.2
2027-01-10 09:00:00,2.6,150.0,152.6
2027-01-10 10:00:00,2.7,145.0,147.7
2027-01-10 11:00:00,2.6,150.0,152.6
2027-01-10 12:00:00,2.8,65.0,67.8
2027-01-10 13:00:00,1.7,88.3,90.0
2027-01-10 14:00:00,3.4,45.0,48.4
2027-01-10 15:00:00,2.3,150.0,152.3
2027-01-10 16:00:00,3.1,148.3,151.4
2027-01-10 17:00:00,2.9,140.0,142.9
2027-01-10 18:00:00,3.0,150.0,153.0
2027-01-10 19:00:00,3.5,150.0,153.5
2027-01-10 20:00:00,3.8,150.0,153.8
2027-01-10 21:00:00,3.5,150.0,153.5
2027-01-10 22:00:00,0.0,78.3,78.3
2027-01-10 23:00:00,0.0,146.7,146.7
2027-01-11 00:00:00,0.0,30.0,30.0
2027-01-11 01:00:00,0.0,150.0,150.0
2027-01-11 02:00:00,0.0,0.0,0.0
2027-01-11 03:00:00,0.0,150.0,150.0
2027-01-11 04:00:00,0.0,0.0,0.0
2027-01-11 05:00:00,2.9,150.0,152.9
2027-01-11 06:00:00,2.0,150.0,152.0
2027-01-11 07:00:00,2.3,150.0,152.3
2027-01-11 08:00:00,2.7,138.3,141.0
2027-01-11 09:00:00,3.0,150.0,153.0
2027-01-11 10:00:00,3.5,150.0,153.5
2027-01-11 11:00:00,2.4,56.7,59.1
2027-01-11 12:00:00,3.2,150.0,153.2
2027-01-11 13:00:00,3.2,150.0,153.2
2027-01-11 14:00:00,2.4,150.0,152.4
2027-01-11 15:00:00,3.0,150.0,153.0
2027-01-11 16:00:00,3.1,51.7,54.8
2027-01-11 17:00:00,3.8,150.0,153.8
2027-01-11 18:00:00,3.6,150.0,153.6
2027-01-11 19:00:00,2.9,141.7,144.6
2027-01-11 20:00:00,3.2,61.7,64.9
2027-01-11 21:00:00,4.6,56.7,61.3
2027-01-11 22:00:00,0.0,100.0,100.0
2027-01-11 23:00:00,0.0,63.3,63.3
2027-01-12 00:00:00,0.0,48.3,48.3
2027-01-12 01:00:00,0.0,116.7,116.7
2027-01-12 02:00:00,0.0,106.7,106.7
2027-01-12 03:00:00,0.0,150.0,150.0
2027-01-12 04:00:00,0.0,56.7,56.7
2027-01-12 05:00:00,2.8,113.3,116.1
2027-01-12 06:00:00,3.9,150.0,153.9
2027-01-12 07:00:00,2.9,143.3,146.2
2027-01-12 08:00:00,2.2,150.0,152.2
2027-01-12 09:00:00,3.0,150.0,153.0
2027-01-12 10:00:00,4.1,86.7,90.8
2027-01-12 11:00:00,3.2,150.0,153.2
2027-01-12 12:00:00,2.8,150.0,152.8
2027-01-12 13:00:00,2.8,126.7,129.5
2027-01-12 14:00:00,2.6,150.0,152.6
2027-01-12 15:00:00,3.3,150.0,153.3
2027-01-12 16:00:00,2.9,150.0,152.9
2027-01-12 17:00:00,2.3,150.0,152.3
2027-01-12 18:00:00,3.1,150.0,153.1
2027-01-12 19:00:00,3.4,150.0,153.4
2027-01-12 20:00:00,2.2,110.0,112.2
2027-01-12 21:00:00,2.0,150.0,152.0
2027-01-12 22:00:00,0.0,150.0,150.0
2027-01-12 23:00:00,0.0,120.0,120.0
2027-01-13 00:00:00,0.0,130.0,130.0
2027-01-13 01:00:00,0.0,150.0,150.0
2027-01-13 02:00:00,0.0,40.0,40.0
2027-01-13 03:00:00,0.0,150.0,150.0
2027-01-13 04:00:00,0.0,150.0,150.0
2027-01-13 05:00:00,2.5,150.0,152.5
2027-01-13 06:00:00,3.5,150.0,153.5
2027-01-13 07:00:00,2.9,150.0,152.9
2027-01-13 08:00:00,2.7,1.7,4.4
2027-01-13 09:00:00,3.4,0.0,3.4
2027-01-13 10:00:00,2.8,150.0,152.8
2027-01-13 11:00:00,2.6,21.7,24.3
2027-01-13 12:00:00,3.8,150.0,153.8
2027-01-13 13:00:00,3.4,100.0,103.4
2027-01-13 14:00:00,3.0,70.0,73.0
2027-01-13 15:00:00,2.6,136.7,139.3
2027-01-13 16:00:00,2.7,150.0,152.7
2027-01-13 17:00:00,1.9,150.0,151.9
2027-01-13 18:00:00,2.5,150.0,152.5
2027-01-13 19:00:00,2.6,150.0,152.6
2027-01-13 20:00:00,3.5,150.0,153.5
2027-01-13 21:00:00,1.6,150.0,151.6
2027-01-13 22:00:00,0.0,150.0,150.0
2027-01-13 23:00:00,0.0,53.3,53.3
2027-01-14 00:00:00,0.0,150.0,150.0
2027-01-14 01:00:00,0.0,150.0,150.0
2027-01-14 02:00:00,0.0,150.0,150.0
2027-01-14 03:00:00,0.0,96.7,96.7
2027-01-14 04:00:00,0.0,135.0,135.0
2027-01-14 05:00:00,2.1,150.0,152.1
2027-01-14 06:00:00,4.2,111.7,115.9
2027-01-14 07:00:00,2.8,150.0,152.8
2027-01-14 08:00:00,1.8,11.7,13.5
2027-01-14 09:00:00,1.7,101.7,103.4
2027-01-14 10:00:00,2.4,150.0,152.4
2027-01-14 11:00:00,1.7,150.0,151.7
2027-01-14 12:00:00,2.4,146.7,149.1
2027-01-14 13:00:00,1.9,150.0,151.9
2027-01-14 14:00:00,2.0,150.0,152.0
2027-01-14 15:00:00,2.7,150.0,152.7
2027-01-14 16:00:00,2.2,41.7,43.9
2027-01-14 17:00:00,4.5,125.0,129.5
2027-01-14 18:00:00,2.2,150.0,152.2
2027-01-14 19:00:00,3.0,150.0,153.0
2027-01-14 20:00:00,3.5,150.0,153.5
2027-01-14 21:00:00,2.8,26.7,29.5
2027-01-14 22:00:00,0.0,145.0,145.0
2027-01-14 23:00:00,0.0,86.7,86.7
2027-01-15 00:00:00,0.0,150.0,150.0
2027-01-15 01:00:00,0.0,103.3,103.3
2027-01-15 02:00:00,0.0,150.0,150.0
2027-01-15 03:00:00,0.0,150.0,150.0
2027-01-15 04:00:00,0.0,90.0,90.0
2027-01-15 05:00:00,2.6,150.0,152.6
2027-01-15 06:00:00,1.6,150.0,151.6
2027-01-15 07:00:00,2.9,150.0,152.9
2027-01-15 08:00:00,3.9,150.0,153.9
2027-01-15 09:00:00,3.5,138.3,141.8
2027-01-15 10:00:00,3.1,0.0,3.1
2027-01-15 11:00:00,2.6,63.3,65.9
2027-01-15 12:00:00,3.5,150.0,153.5
2027-01-15 13:00:00,2.3,150.0,152.3
2027-01-15 14:00:00,2.9,0.0,2.9
2027-01-15 15:00:00,2.6,150.0,152.6
2027-01-15 16:00:00,4.0,145.0,149.0
2027-01-15 17:00:00,2.9,140.0,142.9
2027-01-15 18:00:00,2.9,11.7,14.6
2027-01-15 19:00:00,2.1,150.0,152.1
2027-01-15 20:00:00,2.3,0.0,2.3
2027-01-15 21:00:00,2.1,150.0,152.1
2027-01-15 22:00:00,0.0,140.0,140.0
2027-01-15 23:00:00,0.0,150.0,150.0
2027-01-16 00:00:00,0.0,150.0,150.0
2027-01-16 01:00:00,0.0,150.0,150.0
2027-01-16 02:00:00,0.0,150.0,150.0
2027-01-16 03:00:00,0.0,83.3,83.3
2027-01-16 04:00:00,0.0,150.0,150.0
2027-01-16 05:00:00,3.0,125.0,128.0
2027-01-16 06:00:00,3.0,150.0,153.0
2027-01-16 07:00:00,2.7,105.0,107.7
2027-01-16 08:00:00,2.3,150.0,152.3
2027-01-16 09:00:00,2.2,33.3,35.5
2027-01-16 10:00:00,2.4,138.3,140.7
2027-01-16 11:00:00,2.4,128.3,130.7
2027-01-16 12:00:00,5.1,150.0,155.1
2027-01-16 13:00:00,3.4,150.0,153.4
2027-01-16 14:00:00,4.6,150.0,154.6
2027-01-16 15:00:00,2.6,126.7,129.3
2027-01-16 16:00:00,2.4,150.0,152.4
2027-01-16 17:00:00,2.5,150.0,152.5
2027-01-16 18:00:00,2.8,150.0,152.8
2027-01-16 19:00:00,2.1,150.0,152.1
2027-01-16 20:00:00,3.2,150.0,153.2
2027-01-16 21:00:00,2.7,150.0,152.7
2027-01-16 22:00:00,0.0,150.0,150.0
2027-01-16 23:00:00,0.0,0.0,0.0
2027-01-17 00:00:00,0.0,148.3,148.3
2027-01-17 01:00:00,0.0,145.0,145.0
2027-01-17 02:00:00,0.0,75.0,75.0
2027-01-17 03:00:00,0.0,100.0,100.0
2027-01-17 04:00:00,0.0,150.0,150.0
2027-01-17 05:00:00,2.4,128.3,130.7
2027-01-17 06:00:00,2.3,150.0,152.3
2027-01-17 07:00:00,2.9,101.7,104.6
2027-01-17 08:00:00,1.9,150.0,151.9
2027-01-17 09:00:00,2.6,150.0,152.6
2027-01-17 10:00:00,2.5,150.0,152.5
2027-01-17 11:00:00,3.6,0.0,3.6
2027-01-17 12:00:00,3.2,61.7,64.9
2027-01-17 13:00:00,2.8,150.0,152.8
2027-01-17 14:00:00,3.1,91.7,94.8
2027-01-17 15:00:00,4.0,53.3,57.3
2027-01-17 16:00:00,3.4,150.0,153.4
2027-01-17 17:00:00,4.4,95.0,99.4
2027-01-17 18:00:00,2.3,55.0,57.3
2027-01-17 19:00:00,2.1,55.0,57.1
2027-01-17 20:00:00,2.5,150.0,152.5
2027-01-17 21:00:00,2.5,150.0,152.5
2027-01-17 22:00:00,0.0,150.0,150.0
2027-01-17 23:00:00,0.0,143.3,143.3
2027-01-18 00:00:00,0.0,150.0,150.0
2027-01-18 01:00:00,0.0,150.0,150.0
2027-01-18 02:00:00,0.0,150.0,150.0
2027-01-18 03:00:00,0.0,150.0,150.0
2027-01-18 04:00:00,0.0,150.0,150.0
2027-01-18 05:00:00,3.8,43.3,47.1
2027-01-18 06:00:00,2.5,81.7,84.2
2027-01-18 07:00:00,1.9,108.3,110.2
2027-01-18 08:00:00,2.5,113.3,115.8
2027-01-18 09:00:00,3.1,150.0,153.1
2027-01-18 10:00:00,4.4,103.3,107.7
2027-01-18 11:00:00,2.2,145.0,147.2
2027-01-18 12:00:00,3.6,113.3,116.9
2027-01-18 13:00:00,2.1,68.3,70.4
2027-01-18 14:00:00,3.4,150.0,153.4
2027-01-18 15:00:00,2.7,150.0,152.7
2027-01-18 16:00:00,4.0,150.0,154.0
2027-01-18 17:00:00,2.1,150.0,152.1
2027-01-18 18:00:00,2.4,150.0,152.4
2027-01-18 19:00:00,1.8,78.3,80.1
2027-01-18 20:00:00,3.5,16.7,20.2
2027-01-18 21:00:00,3.0,83.3,86.3
2027-01-18 22:00:00,0.0,150.0,150.0
2027-01-18 23:00:00,0.0,58.3,58.3
2027-01-19 00:00:00,0.0,145.0,145.0
2027-01-19 01:00:00,0.0,113.3,113.3
2027-01-19 02:00:00,0.0,65.0,65.0
2027-01-19 03:00:00,0.0,150.0,150.0
2027-01-19 04:00:00,0.0,6.7,6.7
2027-01-19 05:00:00,2.2,126.7,128.9
2027-01-19 06:00:00,2.7,0.0,2.7
2027-01-19 07:00:00,2.7,140.0,142.7
2027-01-19 08:00:00,3.9,150.0,153.9
2027-01-19 09:00:00,2.9,150.0,152.9
2027-01-19 10:00:00,3.4,0.0,3.4
2027-01-19 11:00:00,2.5,90.0,92.5
2027-01-19 12:00:00,3.0,150.0,153.0
2027-01-19 13:00:00,4.0,35.0,39.0
2027-01-19 14:00:00,2.8,121.7,124.5
2027-01-19 15:00:00,2.3,81.7,84.0
2027-01-19 16:00:00,2.2,58.3,60.5
2027-01-19 17:00:00,2.6,150.0,152.6
2027-01-19 18:00:00,2.6,150.0,152.6
2027-01-19 19:00:00,2.4,150.0,152.4
2027-01-19 20:00:00,2.8,150.0,152.8
2027-01-19 21:00:00,3.3,103.3,106.6
2027-01-19 22:00:00,0.0,150.0,150.0
2027-01-19 23:00:00,0.0,116.7,116.7
2027-01-20 00:00:00,0.0,150.0,150.0
2027-01-20 01:00:00,0.0,150.0,150.0
2027-01-20 02:00:00,0.0,80.0,80.0
2027-01-20 03:00:00,0.0,3.3,3.3
2027-01-20 04:00:00,0.0,150.0,150.0
2027-01-20 05:00:00,3.9,0.0,3.9
2027-01-20 06:00:00,3.7,150.0,153.7
2027-01-20 07:00:00,4.7,60.0,64.7
2027-01-20 08:00:00,2.5,83.3,85.8
2027-01-20 09:00:00,2.3,66.7,69.0
2027-01-20 10:00:00,4.1,150.0,154.1
2027-01-20 11:00:00,3.0,45.0,48.0
2027-01-20 12:00:00,4.5,150.0,154.5
2027-01-20 13:00:00,1.6,56.7,58.3
2027-01-20 14:00:00,2.2,150.0,152.2
2027-01-20 15:00:00,2.0,130.0,132.0
2027-01-20 16:00:00,2.4,150.0,152.4
2027-01-20 17:00:00,3.3,150.0,153.3
2027-01-20 18:00:00,3.5,150.0,153.5
2027-01-20 19:00:00,3.7,148.3,152.0
2027-01-20 20:00:00,2.9,0.0,2.9
2027-01-20 21:00:00,2.7,58.3,61.0
2027-01-20 22:00:00,0.0,91.7,91.7
2027-01-20 23:00:00,0.0,150.0,150.0
2027-01-21 00:00:00,0.0,111.7,111.7
2027-01-21 01:00:00,0.0,36.7,36.7
2027-01-21 02:00:00,0.0,96.7,96.7
2027-01-21 03:00:00,0.0,150.0,150.0
2027-01-21 04:00:00,0.0,150.0,150.0
2027-01-21 05:00:00,2.0,98.3,100.3
2027-01-21 06:00:00,3.1,10.0,13.1
2027-01-21 07:00:00,2.6,150.0,152.6
2027-01-21 08:00:00,3.9,150.0,153.9
2027-01-21 09:00:00,3.4,116.7,120.1
2027-01-21 10:00:00,3.2,150.0,153.2
2027-01-21 11:00:00,2.2,143.3,145.5
2027-01-21 12:00:00,3.7,126.7,130.4
2027-01-21 13:00:00,2.7,150.0,152.7
2027-01-21 14:00:00,3.5,150.0,153.5
2027-01-21 15:00:00,1.8,8.3,10.1
2027-01-21 16:00:00,3.6,141.7,145.3
2027-01-21 17:00:00,3.1,126.7,129.8
2027-01-21 18:00:00,2.6,150.0,152.6
2027-01-21 19:00:00,1.7,146.7,148.4
2027-01-21 20:00:00,2.8,48.3,51.1
2027-01-21 21:00:00,2.7,145.0,147.7
2027-01-21 22:00:00,0.0,150.0,150.0
2027-01-21 23:00:00,0.0,81.7,81.7
2027-01-22 00:00:00,0.0,150.0,150.0
2027-01-22 01:00:00,0.0,150.0,150.0
2027-01-22 02:00:00,0.0,16.7,16.7
2027-01-22 03:00:00,0.0,63.3,63.3
2027-01-22 04:00:00,0.0,150.0,150.0
2027-01-22 05:00:00,3.3,150.0,153.3
2027-01-22 06:00:00,3.0,50.0,53.0
2027-01-22 07:00:00,3.5,150.0,153.5
2027-01-22 08:00:00,4.0,73.3,77.3
2027-01-22 09:00:00,1.8,121.7,123.5
2027-01-22 10:00:00,1.3,150.0,151.3
2027-01-22 11:00:00,1.5,150.0,151.5
2027-01-22 12:00:00,2.9,150.0,152.9
2027-01-22 13:00:00,2.3,0.0,2.3
2027-01-22 14:00:00,3.3,26.7,30.0
2027-01-22 15:00:00,3.2,150.0,153.2
2027-01-22 16:00:00,2.8,150.0,152.8
2027-01-22 17:00:00,3.5,121.7,125.2
2027-01-22 18:00:00,3.5,150.0,153.5
2027-01-22 19:00:00,4.1,150.0,154.1
2027-01-22 20:00:00,1.6,141.7,143.3
2027-01-22 21:00:00,1.9,56.7,58.6
2027-01-22 22:00:00,0.0,78.3,78.3
2027-01-22 23:00:00,0.0,20.0,20.0
2027-01-23 00:00:00,0.0,150.0,150.0
2027-01-23 01:00:00,0.0,150.0,150.0
2027-01-23 02:00:00,0.0,31.7,31.7
2027-01-23 03:00:00,0.0,150.0,150.0
2027-01-23 04:00:00,0.0,150.0,150.0
2027-01-23 05:00:00,3.3,40.0,43.3
2027-01-23 06:00:00,3.5,150.0,153.5
2027-01-23 07:00:00,3.1,150.0,153.1
2027-01-23 08:00:00,2.5,150.0,152.5
2027-01-23 09:00:00,2.5,108.3,110.8
2027-01-23 10:00:00,3.3,15.0,18.3
2027-01-23 11:00:00,2.7,88.3,91.0
2027-01-23 12:00:00,2.9,150.0,152.9
2027-01-23 13:00:00,3.7,126.7,130.4
2027-01-23 14:00:00,2.8,150.0,152.8
2027-01-23 15:00:00,2.9,150.0,152.9
2027-01-23 16:00:00,3.2,78.3,81.5
2027-01-23 17:00:00,2.5,13.3,15.8
2027-01-23 18:00:00,2.0,30.0,32.0
2027-01-23 19:00:00,3.0,150.0,153.0
2027-01-23 20:00:00,2.4,150.0,152.4
2027-01-23 21:00:00,3.8,150.0,153.8
2027-01-23 22:00:00,0.0,150.0,150.0
2027-01-23 23:00:00,0.0,145.0,145.0
2027-01-24 00:00:00,0.0,118.3,118.3
2027-01-24 01:00:00,0.0,150.0,150.0
2027-01-24 02:00:00,0.0,130.0,130.0
2027-01-24 03:00:00,0.0,150.0,150.0
2027-01-24 04:00:00,0.0,35.0,35.0
2027-01-24 05:00:00,3.5,131.7,135.2
2027-01-24 06:00:00,2.4,150.0,152.4
2027-01-24 07:00:00,3.3,150.0,153.3
2027-01-24 08:00:00,3.1,41.7,44.8
2027-01-24 09:00:00,2.6,150.0,152.6
2027-01-24 10:00:00,3.9,126.7,130.6
2027-01-24 11:00:00,3.2,43.3,46.5
2027-01-24 12:00:00,1.7,121.7,123.4
2027-01-24 13:00:00,3.6,150.0,153.6
2027-01-24 14:00:00,2.8,150.0,152.8
2027-01-24 15:00:00,3.0,126.7,129.7
2027-01-24 16:00:00,3.2,100.0,103.2
2027-01-24 17:00:00,3.0,150.0,153.0
2027-01-24 18:00:00,2.8,150.0,152.8
2027-01-24 19:00:00,3.2,75.0,78.2
2027-01-24 20:00:00,2.5,0.0,2.5
2027-01-24 21:00:00,3.7,20.0,23.7
2027-01-24 22:00:00,0.0,121.7,121.7
2027-01-24 23:00:00,0.0,150.0,150.0
2027-01-25 00:00:00,0.0,150.0,150.0
2027-01-25 01:00:00,0.0,58.3,58.3
2027-01-25 02:00:00,0.0,150.0,150.0
2027-01-25 03:00:00,0.0,150.0,150.0
2027-01-25 04:00:00,0.0,116.7,116.7
2027-01-25 05:00:00,2.2,150.0,152.2
2027-01-25 06:00:00,3.6,91.7,95.3
2027-01-25 07:00:00,1.5,0.0,1.5
2027-01-25 08:00:00,3.8,150.0,153.8
2027-01-25 09:00:00,3.2,150.0,153.2
2027-01-25 10:00:00,3.0,111.7,114.7
2027-01-25 11:00:00,2.5,150.0,152.5
2027-01-25 12:00:00,3.2,81.7,84.9
2027-01-25 13:00:00,3.9,150.0,153.9
2027-01-25 14:00:00,3.2,56.7,59.9
2027-01-25 15:00:00,3.5,83.3,86.8
2027-01-25 16:00:00,1.9,123.3,125.2
2027-01-25 17:00:00,2.4,150.0,152.4
2027-01-25 18:00:00,4.5,150.0,154.5
2027-01-25 19:00:00,3.3,145.0,148.3
2027-01-25 20:00:00,4.9,126.7,131.6
2027-01-25 21:00:00,3.5,91.7,95.2
2027-01-25 22:00:00,0.0,150.0,150.0
2027-01-25 23:00:00,0.0,150.0,150.0
2027-01-26 00:00:00,0.0,150.0,150.0
2027-01-26 01:00:00,0.0,0.0,0.0
2027-01-26 02:00:00,0.0,86.7,86.7
2027-01-26 03:00:00,0.0,150.0,150.0
2027-01-26 04:00:00,0.0,150.0,150.0
2027-01-26 05:00:00,2.9,150.0,152.9
2027-01-26 06:00:00,3.6,150.0,153.6
2027-01-26 07:00:00,3.0,150.0,153.0
2027-01-26 08:00:00,2.6,15.0,17.6
2027-01-26 09:00:00,2.9,95.0,97.9
2027-01-26 10:00:00,2.9,58.3,61.2
2027-01-26 11:00:00,3.6,13.3,16.9
2027-01-26 12:00:00,3.5,150.0,153.5
2027-01-26 13:00:00,1.9,0.0,1.9
2027-01-26 14:00:00,2.2,150.0,152.2
2027-01-26 15:00:00,2.0,123.3,125.3
2027-01-26 16:00:00,2.3,150.0,152.3
2027-01-26 17:00:00,3.9,150.0,153.9
2027-01-26 18:00:00,3.0,150.0,153.0
2027-01-26 19:00:00,3.4,150.0,153.4
2027-01-26 20:00:00,2.6,150.0,152.6
2027-01-26 21:00:00,3.0,65.0,68.0
2027-01-26 22:00:00,0.0,46.7,46.7
2027-01-26 23:00:00,0.0,150.0,150.0
2027-01-27 00:00:00,0.0,150.0,150.0
2027-01-27 01:00:00,0.0,150.0,150.0
2027-01-27 02:00:00,0.0,150.0,150.0
2027-01-27 03:00:00,0.0,150.0,150.0
2027-01-27 04:00:00,0.0,16.7,16.7
2027-01-27 05:00:00,2.6,11.7,14.3
2027-01-27 06:00:00,2.8,81.7,84.5
2027-01-27 07:00:00,1.5,0.0,1.5
2027-01-27 08:00:00,1.7,150.0,151.7
2027-01-27 09:00:00,3.2,150.0,153.2
2027-01-27 10:00:00,3.4,65.0,68.4
2027-01-27 11:00:00,3.2,75.0,78.2
2027-01-27 12:00:00,3.0,115.0,118.0
2027-01-27 13:00:00,2.7,76.7,79.4
2027-01-27 14:00:00,2.4,150.0,152.4
2027-01-27 15:00:00,3.2,96.7,99.9
2027-01-27 16:00:00,4.1,80.0,84.1
2027-01-27 17:00:00,2.4,150.0,152.4
2027-01-27 18:00:00,2.8,150.0,152.8
2027-01-27 19:00:00,3.1,46.7,49.8
2027-01-27 20:00:00,3.6,150.0,153.6
2027-01-27 21:00:00,3.1,100.0,103.1
2027-01-27 22:00:00,0.0,13.3,13.3
2027-01-27 23:00:00,0.0,96.7,96.7
2027-01-28 00:00:00,0.0,150.0,150.0
2027-01-28 01:00:00,0.0,65.0,65.0
2027-01-28 02:00:00,0.0,150.0,150.0
2027-01-28 03:00:00,0.0,150.0,150.0
2027-01-28 04:00:00,0.0,150.0,150.0
2027-01-28 05:00:00,3.3,150.0,153.3
2027-01-28 06:00:00,3.7,150.0,153.7
2027-01-28 07:00:00,2.5,150.0,152.5
2027-01-28 08:00:00,3.1,150.0,153.1
2027-01-28 09:00:00,2.6,41.7,44.3
2027-01-28 10:00:00,1.8,0.0,1.8
2027-01-28 11:00:00,3.8,40.0,43.8
2027-01-28 12:00:00,1.9,150.0,151.9
2027-01-28 13:00:00,3.3,88.3,91.6
2027-01-28 14:00:00,3.4,91.7,95.1
2027-01-28 15:00:00,2.7,28.3,31.0
2027-01-28 16:00:00,2.8,150.0,152.8
2027-01-28 17:00:00,1.5,150.0,151.5
2027-01-28 18:00:00,3.9,150.0,153.9
2027-01-28 19:00:00,3.0,0.0,3.0
2027-01-28 20:00:00,2.5,0.0,2.5
2027-01-28 21:00:00,2.9,136.7,139.6
2027-01-28 22:00:00,0.0,138.3,138.3
2027-01-28 23:00:00,0.0,88.3,88.3
2027-01-29 00:00:00,0.0,150.0,150.0
2027-01-29 01:00:00,0.0,136.7,136.7
2027-01-29 02:00:00,0.0,150.0,150.0
2027-01-29 03:00:00,0.0,118.3,118.3
2027-01-29 04:00:00,0.0,150.0,150.0
2027-01-29 05:00:00,2.4,150.0,152.4
2027-01-29 06:00:00,2.6,150.0,152.6
2027-01-29 07:00:00,3.3,73.3,76.6
2027-01-29 08:00:00,3.5,106.7,110.2
2027-01-29 09:00:00,3.0,133.3,136.3
2027-01-29 10:00:00,1.4,150.0,151.4
2027-01-29 11:00:00,2.9,135.0,137.9
2027-01-29 12:00:00,2.8,150.0,152.8
2027-01-29 13:00:00,3.8,150.0,153.8
2027-01-29 14:00:00,3.5,0.0,3.5
2027-01-29 15:00:00,4.5,75.0,79.5
2027-01-29 16:00:00,2.3,80.0,82.3
2027-01-29 17:00:00,2.0,130.0,132.0
2027-01-29 18:00:00,1.3,65.0,66.3
2027-01-29 19:00:00,2.4,150.0,152.4
2027-01-29 20:00:00,2.1,146.7,148.8
2027-01-29 21:00:00,3.1,108.3,111.4
2027-01-29 22:00:00,0.0,150.0,150.0
2027-01-29 23:00:00,0.0,108.3,108.3
2027-01-30 00:00:00,0.0,20.0,20.0
2027-01-30 01:00:00,0.0,150.0,150.0
2027-01-30 02:00:00,0.0,150.0,150.0
2027-01-30 03:00:00,0.0,98.3,98.3
2027-01-30 04:00:00,0.0,150.0,150.0
2027-01-30 05:00:00,4.1,91.7,95.8
2027-01-30 06:00:00,2.6,150.0,152.6
2027-01-30 07:00:00,2.9,150.0,152.9
2027-01-30 08:00:00,2.9,138.3,141.2
2027-01-30 09:00:00,3.5,8.3,11.8
2027-01-30 10:00:00,1.7,138.3,140.0
2027-01-30 11:00:00,3.1,150.0,153.1
2027-01-30 12:00:00,3.9,150.0,153.9
2027-01-30 13:00:00,3.7,65.0,68.7
2027-01-30 14:00:00,3.9,150.0,153.9
2027-01-30 15:00:00,1.9,150.0,151.9
2027-01-30 16:00:00,2.8,150.0,152.8
2027-01-30 17:00:00,4.4,150.0,154.4
2027-01-30 18:00:00,3.0,0.0,3.0
2027-01-30 19:00:00,4.1,150.0,154.1
2027-01-30 20:00:00,4.3,150.0,154.3
2027-01-30 21:00:00,2.6,101.7,104.3
2027-01-30 22:00:00,0.0,108.3,108.3
2027-01-30 23:00:00,0.0,128.3,128.3
2027-01-31 00:00:00,0.0,108.3,108.3
2027-01-31 01:00:00,0.0,150.0,150.0
2027-01-31 02:00:00,0.0,135.0,135.0
2027-01-31 03:00:00,0.0,121.7,121.7
2027-01-31 04:00:00,0.0,150.0,150.0
2027-01-31 05:00:00,3.4,86.7,90.1
2027-01-31 06:00:00,2.7,111.7,114.4
2027-01-31 07:00:00,3.0,55.0,58.0
2027-01-31 08:00:00,1.5,106.7,108.2
2027-01-31 09:00:00,2.6,130.0,132.6
2027-01-31 10:00:00,3.0,121.7,124.7
2027-01-31 11:00:00,3.0,110.0,113.0
2027-01-31 12:00:00,3.2,113.3,116.5
2027-01-31 13:00:00,2.8,150.0,152.8
2027-01-31 14:00:00,3.3,81.7,85.0
2027-01-31 15:00:00,2.6,150.0,152.6
2027-01-31 16:00:00,3.0,55.0,58.0
2027-01-31 17:00:00,2.5,36.7,39.2
2027-01-31 18:00:00,2.6,150.0,152.6
2027-01-31 19:00:00,4.3,0.0,4.3
2027-01-31 20:00:00,2.4,91.7,94.1
2027-01-31 21:00:00,2.3,150.0,152.3
2027-01-31 22:00:00,0.0,143.3,143.3
2027-01-31 23:00:00,0.0,150.0,150.0
2027-02-01 00:00:00,0.0,95.0,95.0
2027-02-01 01:00:00,0.0,150.0,150.0
2027-02-01 02:00:00,0.0,150.0,150.0
2027-02-01 03:00:00,0.0,0.0,0.0
2027-02-01 04:00:00,0.0,101.7,101.7
2027-02-01 05:00:00,2.4,135.0,137.4
2027-02-01 06:00:00,1.8,150.0,151.8
2027-02-01 07:00:00,4.1,150.0,154.1
2027-02-01 08:00:00,3.9,115.0,118.9
2027-02-01 09:00:00,4.8,123.3,128.1
2027-02-01 10:00:00,3.9,150.0,153.9
2027-02-01 11:00:00,4.0,150.0,154.0
2027-02-01 12:00:00,3.2,58.3,61.5
2027-02-01 13:00:00,2.9,150.0,152.9
2027-02-01 14:00:00,2.1,140.0,142.1
2027-02-01 15:00:00,4.0,100.0,104.0
2027-02-01 16:00:00,3.1,150.0,153.1
2027-02-01 17:00:00,3.0,150.0,153.0
2027-02-01 18:00:00,2.1,100.0,102.1
2027-02-01 19:00:00,2.7,150.0,152.7
2027-02-01 20:00:00,3.0,150.0,153.0
2027-02-01 21:00:00,2.5,30.0,32.5
2027-02-01 22:00:00,0.0,150.0,150.0
2027-02-01 23:00:00,0.0,56.7,56.7
2027-02-02 00:00:00,0.0,150.0,150.0
2027-02-02 01:00:00,0.0,150.0,150.0
2027-02-02 02:00:00,0.0,68.3,68.3
2027-02-02 03:00:00,0.0,76.7,76.7
2027-02-02 04:00:00,0.0,73.3,73.3
2027-02-02 05:00:00,2.9,150.0,152.9
2027-02-02 06:00:00,2.7,103.3,106.0
2027-02-02 07:00:00,3.6,150.0,153.6
2027-02-02 08:00:00,1.7,58.3,60.0
2027-02-02 09:00:00,2.0,150.0,152.0
2027-02-02 10:00:00,3.6,123.3,126.9
2027-02-02 11:00:00,4.0,150.0,154.0
2027-02-02 12:00:00,3.1,66.7,69.8
2027-02-02 13:00:00,4.0,150.0,154.0
2027-02-02 14:00:00,4.9,150.0,154.9
2027-02-02 15:00:00,2.7,150.0,152.7
2027-02-02 16:00:00,3.7,0.0,3.7
2027-02-02 17:00:00,2.2,133.3,135.5
2027-02-02 18:00:00,3.1,0.0,3.1
2027-02-02 19:00:00,3.0,150.0,153.0
2027-02-02 20:00:00,3.2,70.0,73.2
2027-02-02 21:00:00,1.9,150.0,151.9
2027-02-02 22:00:00,0.0,41.7,41.7
2027-02-02 23:00:00,0.0,150.0,150.0
2027-02-03 00:00:00,0.0,150.0,150.0
2027-02-03 01:00:00,0.0,150.0,150.0
2027-02-03 02:00:00,0.0,86.7,86.7
2027-02-03 03:00:00,0.0,150.0,150.0
2027-02-03 04:00:00,0.0,130.0,130.0
2027-02-03 05:00:00,2.7,150.0,152.7
2027-02-03 06:00:00,3.8,146.7,150.5
2027-02-03 07:00:00,1.2,138.3,139.5
2027-02-03 08:00:00,3.6,43.3,46.9
2027-02-03 09:00:00,3.6,13.3,16.9
2027-02-03 10:00:00,2.9,61.7,64.6
2027-02-03 11:00:00,2.6,135.0,137.6
2027-02-03 12:00:00,3.4,150.0,153.4
2027-02-03 13:00:00,3.1,150.0,153.1
2027-02-03 14:00:00,4.3,146.7,151.0
2027-02-03 15:00:00,4.8,150.0,154.8
2027-02-03 16:00:00,2.9,0.0,2.9
2027-02-03 17:00:00,3.5,141.7,145.2
2027-02-03 18:00:00,3.6,150.0,153.6
2027-02-03 19:00:00,2.7,150.0,152.7
2027-02-03 20:00:00,3.5,150.0,153.5
2027-02-03 21:00:00,3.5,98.3,101.8
2027-02-03 22:00:00,0.0,150.0,150.0
2027-02-03 23:00:00,0.0,85.0,85.0
2027-02-04 00:00:00,0.0,148.3,148.3
2027-02-04 01:00:00,0.0,141.7,141.7
2027-02-04 02:00:00,0.0,18.3,18.3
2027-02-04 03:00:00,0.0,41.7,41.7
2027-02-04 04:00:00,0.0,135.0,135.0
2027-02-04 05:00:00,3.5,150.0,153.5
2027-02-04 06:00:00,2.5,150.0,152.5
2027-02-04 07:00:00,2.6,150.0,152.6
2027-02-04 08:00:00,4.7,150.0,154.7
2027-02-04 09:00:00,4.2,55.0,59.2
2027-02-04 10:00:00,2.4,150.0,152.4
2027-02-04 11:00:00,3.4,101.7,105.1
2027-02-04 12:00:00,2.3,150.0,152.3
2027-02-04 13:00:00,2.3,150.0,152.3
2027-02-04 14:00:00,2.8,150.0,152.8
2027-02-04 15:00:00,2.3,150.0,152.3
2027-02-04 16:00:00,4.1,126.7,130.8
2027-02-04 17:00:00,1.9,150.0,151.9
2027-02-04 18:00:00,2.7,150.0,152.7
2027-02-04 19:00:00,3.4,150.0,153.4
2027-02-04 20:00:00,3.0,150.0,153.0
2027-02-04 21:00:00,4.4,150.0,154.4
2027-02-04 22:00:00,0.0,96.7,96.7
2027-02-04 23:00:00,0.0,150.0,150.0
2027-02-05 00:00:00,0.0,150.0,150.0
2027-02-05 01:00:00,0.0,150.0,150.0
2027-02-05 02:00:00,0.0,150.0,150.0
2027-02-05 03:00:00,0.0,0.0,0.0
2027-02-05 04:00:00,0.0,150.0,150.0
2027-02-05 05:00:00,4.3,150.0,154.3
2027-02-05 06:00:00,1.8,115.0,116.8
2027-02-05 07:00:00,3.2,118.3,121.5
2027-02-05 08:00:00,3.3,150.0,153.3
2027-02-05 09:00:00,2.6,68.3,70.9
2027-02-05 10:00:00,3.8,130.0,133.8
2027-02-05 11:00:00,2.9,150.0,152.9
2027-02-05 12:00:00,3.2,138.3,141.5
2027-02-05 13:00:00,2.7,58.3,61.0
2027-02-05 14:00:00,3.0,150.0,153.0
2027-02-05 15:00:00,2.1,125.0,127.1
2027-02-05 16:00:00,1.9,150.0,151.9
2027-02-05 17:00:00,2.8,150.0,152.8
2027-02-05 18:00:00,2.6,110.0,112.6
2027-02-05 19:00:00,2.6,150.0,152.6
2027-02-05 20:00:00,2.9,91.7,94.6
2027-02-05 21:00:00,2.2,150.0,152.2
2027-02-05 22:00:00,0.0,150.0,150.0
2027-02-05 23:00:00,0.0,150.0,150.0
2027-02-06 00:00:00,0.0,78.3,78.3
2027-02-06 01:00:00,0.0,150.0,150.0
2027-02-06 02:00:00,0.0,150.0,150.0
2027-02-06 03:00:00,0.0,143.3,143.3
2027-02-06 04:00:00,0.0,150.0,150.0
2027-02-06 05:00:00,2.7,150.0,152.7
2027-02-06 06:00:00,2.4,81.7,84.1
2027-02-06 07:00:00,3.7,150.0,153.7
2027-02-06 08:00:00,2.6,26.7,29.3
2027-02-06 09:00:00,3.0,150.0,153.0
2027-02-06 10:00:00,3.3,150.0,153.3
2027-02-06 11:00:00,2.8,150.0,152.8
2027-02-06 12:00:00,2.8,146.7,149.5
2027-02-06 13:00:00,2.9,150.0,152.9
2027-02-06 14:00:00,1.9,0.0,1.9
2027-02-06 15:00:00,4.1,150.0,154.1
2027-02-06 16:00:00,3.0,68.3,71.3
2027-02-06 17:00:00,4.3,150.0,154.3
2027-02-06 18:00:00,3.3,28.3,31.6
2027-02-06 19:00:00,2.7,55.0,57.7
2027-02-06 20:00:00,3.4,150.0,153.4
2027-02-06 21:00:00,2.8,150.0,152.8
2027-02-06 22:00:00,0.0,150.0,150.0
2027-02-06 23:00:00,0.0,86.7,86.7
2027-02-07 00:00:00,0.0,150.0,150.0
2027-02-07 01:00:00,0.0,36.7,36.7
2027-02-07 02:00:00,0.0,65.0,65.0
2027-02-07 03:00:00,0.0,40.0,40.0
2027-02-07 04:00:00,0.0,150.0,150.0
2027-02-07 05:00:00,2.2,150.0,152.2
2027-02-07 06:00:00,3.6,85.0,88.6
2027-02-07 07:00:00,1.9,150.0,151.9
2027-02-07 08:00:00,2.1,150.0,152.1
2027-02-07 09:00:00,2.8,140.0,142.8
2027-02-07 10:00:00,3.7,63.3,67.0
2027-02-07 11:00:00,2.2,150.0,152.2
2027-02-07 12:00:00,3.0,121.7,124.7
2027-02-07 13:00:00,2.3,150.0,152.3
2027-02-07 14:00:00,2.8,150.0,152.8
2027-02-07 15:00:00,2.8,150.0,152.8
2027-02-07 16:00:00,3.8,65.0,68.8
2027-02-07 17:00:00,3.5,150.0,153.5
2027-02-07 18:00:00,3.8,103.3,107.1
2027-02-07 19:00:00,3.8,150.0,153.8
2027-02-07 20:00:00,4.9,68.3,73.2
2027-02-07 21:00:00,1.5,150.0,151.5
2027-02-07 22:00:00,0.0,83.3,83.3
2027-02-07 23:00:00,0.0,138.3,138.3
2027-02-08 00:00:00,0.0,150.0,150.0
2027-02-08 01:00:00,0.0,86.7,86.7
2027-02-08 02:00:00,0.0,150.0,150.0
2027-02-08 03:00:00,0.0,150.0,150.0
2027-02-08 04:00:00,0.0,106.7,106.7
2027-02-08 05:00:00,3.6,103.3,106.9
2027-02-08 06:00:00,3.9,55.0,58.9
2027-02-08 07:00:00,3.1,150.0,153.1
2027-02-08 08:00:00,3.9,150.0,153.9
2027-02-08 09:00:00,2.2,118.3,120.5
2027-02-08 10:00:00,3.6,91.7,95.3
2027-02-08 11:00:00,2.2,150.0,152.2
2027-02-08 12:00:00,3.0,150.0,153.0
2027-02-08 13:00:00,3.1,150.0,153.1
2027-02-08 14:00:00,4.2,150.0,154.2
2027-02-08 15:00:00,2.6,105.0,107.6
2027-02-08 16:00:00,4.0,150.0,154.0
2027-02-08 17:00:00,3.0,150.0,153.0
2027-02-08 18:00:00,2.4,150.0,152.4
2027-02-08 19:00:00,2.5,38.3,40.8
2027-02-08 20:00:00,2.8,43.3,46.1
2027-02-08 21:00:00,3.3,150.0,153.3
2027-02-08 22:00:00,0.0,113.3,113.3
2027-02-08 23:00:00,0.0,150.0,150.0
2027-02-09 00:00:00,0.0,120.0,120.0
2027-02-09 01:00:00,0.0,83.3,83.3
2027-02-09 02:00:00,0.0,150.0,150.0
2027-02-09 03:00:00,0.0,78.3,78.3
2027-02-09 04:00:00,0.0,48.3,48.3
2027-02-09 05:00:00,2.5,116.7,119.2
2027-02-09 06:00:00,3.3,150.0,153.3
2027-02-09 07:00:00,3.0,100.0,103.0
2027-02-09 08:00:00,2.3,128.3,130.6
2027-02-09 09:00:00,4.1,128.3,132.4
2027-02-09 10:00:00,3.2,31.7,34.9
2027-02-09 11:00:00,2.9,73.3,76.2
2027-02-09 12:00:00,3.0,150.0,153.0
2027-02-09 13:00:00,3.7,66.7,70.4
2027-02-09 14:00:00,1.9,121.7,123.6
2027-02-09 15:00:00,3.9,150.0,153.9
2027-02-09 16:00:00,2.5,150.0,152.5
2027-02-09 17:00:00,2.9,150.0,152.9
2027-02-09 18:00:00,2.3,150.0,152.3
2027-02-09 19:00:00,3.0,126.7,129.7
2027-02-09 20:00:00,2.9,40.0,42.9
2027-02-09 21:00:00,3.7,0.0,3.7
2027-02-09 22:00:00,0.0,38.3,38.3
2027-02-09 23:00:00,0.0,150.0,150.0
2027-02-10 00:00:00,0.0,66.7,66.7
2027-02-10 01:00:00,0.0,145.0,145.0
2027-02-10 02:00:00,0.0,150.0,150.0
2027-02-10 03:00:00,0.0,150.0,150.0
2027-02-10 04:00:00,0.0,150.0,150.0
2027-02-10 05:00:00,3.0,150.0,153.0
2027-02-10 06:00:00,3.7,58.3,62.0
2027-02-10 07:00:00,3.7,78.3,82.0
2027-02-10 08:00:00,2.5,75.0,77.5
2027-02-10 09:00:00,2.7,150.0,152.7
2027-02-10 10:00:00,2.7,110.0,112.7
2027-02-10 11:00:00,2.7,150.0,152.7
2027-02-10 12:00:00,2.8,150.0,152.8
2027-02-10 13:00:00,2.6,150.0,152.6
2027-02-10 14:00:00,3.7,136.7,140.4
2027-02-10 15:00:00,4.3,150.0,154.3
2027-02-10 16:00:00,3.9,150.0,153.9
2027-02-10 17:00:00,1.7,150.0,151.7
2027-02-10 18:00:00,3.4,150.0,153.4
2027-02-10 19:00:00,2.2,28.3,30.5
2027-02-10 20:00:00,3.3,150.0,153.3
2027-02-10 21:00:00,3.3,76.7,80.0
2027-02-10 22:00:00,0.0,150.0,150.0
2027-02-10 23:00:00,0.0,136.7,136.7
2027-02-11 00:00:00,0.0,11.7,11.7
2027-02-11 01:00:00,0.0,0.0,0.0
2027-02-11 02:00:00,0.0,150.0,150.0
2027-02-11 03:00:00,0.0,118.3,118.3
2027-02-11 04:00:00,0.0,150.0,150.0
2027-02-11 05:00:00,3.7,150.0,153.7
2027-02-11 06:00:00,2.6,150.0,152.6
2027-02-11 07:00:00,3.7,150.0,153.7
2027-02-11 08:00:00,3.8,150.0,153.8
2027-02-11 09:00:00,2.4,13.3,15.7
2027-02-11 10:00:00,2.8,150.0,152.8
2027-02-11 11:00:00,2.7,111.7,114.4
2027-02-11 12:00:00,4.3,21.7,26.0
2027-02-11 13:00:00,3.2,150.0,153.2
2027-02-11 14:00:00,2.6,150.0,152.6
2027-02-11 15:00:00,3.5,130.0,133.5
2027-02-11 16:00:00,3.7,150.0,153.7
2027-02-11 17:00:00,4.3,150.0,154.3
2027-02-11 18:00:00,2.8,150.0,152.8
2027-02-11 19:00:00,3.7,138.3,142.0
2027-02-11 20:00:00,3.7,150.0,153.7
2027-02-11 21:00:00,3.8,150.0,153.8
2027-02-11 22:00:00,0.0,75.0,75.0
2027-02-11 23:00:00,0.0,150.0,150.0
2027-02-12 00:00:00,0.0,90.0,90.0
2027-02-12 01:00:00,0.0,140.0,140.0
2027-02-12 02:00:00,0.0,105.0,105.0
2027-02-12 03:00:00,0.0,150.0,150.0
2027-02-12 04:00:00,0.0,150.0,150.0
2027-02-12 05:00:00,3.1,150.0,153.1
2027-02-12 06:00:00,1.4,85.0,86.4
2027-02-12 07:00:00,3.1,81.7,84.8
2027-02-12 08:00:00,2.7,150.0,152.7
2027-02-12 09:00:00,3.5,75.0,78.5
2027-02-12 10:00:00,2.1,150.0,152.1
2027-02-12 11:00:00,4.1,150.0,154.1
2027-02-12 12:00:00,3.1,0.0,3.1
2027-02-12 13:00:00,2.4,86.7,89.1
2027-02-12 14:00:00,3.2,0.0,3.2
2027-02-12 15:00:00,4.1,150.0,154.1
2027-02-12 16:00:00,3.3,150.0,153.3
2027-02-12 17:00:00,4.3,150.0,154.3
2027-02-12 18:00:00,5.1,131.7,136.8
2027-02-12 19:00:00,3.9,71.7,75.6
2027-02-12 20:00:00,2.6,150.0,152.6
2027-02-12 21:00:00,3.7,150.0,153.7
2027-02-12 22:00:00,0.0,150.0,150.0
2027-02-12 23:00:00,0.0,150.0,150.0
2027-02-13 00:00:00,0.0,150.0,150.0
2027-02-13 01:00:00,0.0,70.0,70.0
2027-02-13 02:00:00,0.0,150.0,150.0
2027-02-13 03:00:00,0.0,150.0,150.0
2027-02-13 04:00:00,0.0,101.7,101.7
2027-02-13 05:00:00,3.0,150.0,153.0
2027-02-13 06:00:00,1.8,146.7,148.5
2027-02-13 07:00:00,4.1,141.7,145.8
2027-02-13 08:00:00,2.7,150.0,152.7
2027-02-13 09:00:00,3.6,133.3,136.9
2027-02-13 10:00:00,2.4,150.0,152.4
2027-02-13 11:00:00,2.7,150.0,152.7
2027-02-13 12:00:00,2.1,88.3,90.4
2027-02-13 13:00:00,2.7,105.0,107.7
2027-02-13 14:00:00,3.2,150.0,153.2
2027-02-13 15:00:00,2.7,110.0,112.7
2027-02-13 16:00:00,4.1,150.0,154.1
2027-02-13 17:00:00,4.2,86.7,90.9
2027-02-13 18:00:00,2.6,150.0,152.6
2027-02-13 19:00:00,2.7,88.3,91.0
2027-02-13 20:00:00,3.1,150.0,153.1
2027-02-13 21:00:00,3.0,76.7,79.7
2027-02-13 22:00:00,0.0,150.0,150.0
2027-02-13 23:00:00,0.0,70.0,70.0
2027-02-14 00:00:00,0.0,108.3,108.3
2027-02-14 01:00:00,0.0,71.7,71.7
2027-02-14 02:00:00,0.0,150.0,150.0
2027-02-14 03:00:00,0.0,70.0,70.0
2027-02-14 04:00:00,0.0,150.0,150.0
2027-02-14 05:00:00,3.1,138.3,141.4
2027-02-14 06:00:00,2.6,150.0,152.6
2027-02-14 07:00:00,4.1,150.0,154.1
2027-02-14 08:00:00,3.0,150.0,153.0
2027-02-14 09:00:00,2.9,150.0,152.9
2027-02-14 10:00:00,2.9,150.0,152.9
2027-02-14 11:00:00,3.8,150.0,153.8
2027-02-14 12:00:00,2.7,150.0,152.7
2027-02-14 13:00:00,3.9,150.0,153.9
2027-02-14 14:00:00,2.4,150.0,152.4
2027-02-14 15:00:00,3.1,150.0,153.1
2027-02-14 16:00:00,2.4,35.0,37.4
2027-02-14 17:00:00,4.2,150.0,154.2
2027-02-14 18:00:00,4.0,150.0,154.0
2027-02-14 19:00:00,2.5,150.0,152.5
2027-02-14 20:00:00,3.3,150.0,153.3
2027-02-14 21:00:00,2.5,133.3,135.8
2027-02-14 22:00:00,0.0,111.7,111.7
2027-02-14 23:00:00,0.0,143.3,143.3
2027-02-15 00:00:00,0.0,148.3,148.3
2027-02-15 01:00:00,0.0,150.0,150.0
2027-02-15 02:00:00,0.0,88.3,88.3
2027-02-15 03:00:00,0.0,140.0,140.0
2027-02-15 04:00:00,0.0,150.0,150.0
2027-02-15 05:00:00,2.7,103.3,106.0
2027-02-15 06:00:00,2.9,150.0,152.9
2027-02-15 07:00:00,2.9,93.3,96.2
2027-02-15 08:00:00,1.8,118.3,120.1
2027-02-15 09:00:00,3.5,126.7,130.2
2027-02-15 10:00:00,1.9,131.7,133.6
2027-02-15 11:00:00,3.9,150.0,153.9
2027-02-15 12:00:00,2.4,150.0,152.4
2027-02-15 13:00:00,2.7,28.3,31.0
2027-02-15 14:00:00,2.1,150.0,152.1
2027-02-15 15:00:00,2.6,150.0,152.6
2027-02-15 16:00:00,3.1,150.0,153.1
2027-02-15 17:00:00,1.8,150.0,151.8
2027-02-15 18:00:00,3.0,150.0,153.0
2027-02-15 19:00:00,3.1,150.0,153.1
2027-02-15 20:00:00,2.5,150.0,152.5
2027-02-15 21:00:00,2.3,148.3,150.6
2027-02-15 22:00:00,0.0,150.0,150.0
2027-02-15 23:00:00,0.0,150.0,150.0
2027-02-16 00:00:00,0.0,83.3,83.3
2027-02-16 01:00:00,0.0,86.7,86.7
2027-02-16 02:00:00,0.0,150.0,150.0
2027-02-16 03:00:00,0.0,51.7,51.7
2027-02-16 04:00:00,0.0,26.7,26.7
2027-02-16 05:00:00,2.8,150.0,152.8
2027-02-16 06:00:00,2.7,150.0,152.7
2027-02-16 07:00:00,1.7,76.7,78.4
2027-02-16 08:00:00,3.6,150.0,153.6
2027-02-16 09:00:00,4.7,150.0,154.7
2027-02-16 10:00:00,3.6,21.7,25.3
2027-02-16 11:00:00,2.8,33.3,36.1
2027-02-16 12:00:00,3.4,150.0,153.4
2027-02-16 13:00:00,4.6,150.0,154.6
2027-02-16 14:00:00,2.7,150.0,152.7
2027-02-16 15:00:00,4.7,150.0,154.7
2027-02-16 16:00:00,2.0,18.3,20.3
2027-02-16 17:00:00,2.7,150.0,152.7
2027-02-16 18:00:00,3.6,150.0,153.6
2027-02-16 19:00:00,3.3,150.0,153.3
2027-02-16 20:00:00,1.9,150.0,151.9
2027-02-16 21:00:00,2.3,0.0,2.3
2027-02-16 22:00:00,0.0,150.0,150.0
2027-02-16 23:00:00,0.0,126.7,126.7
2027-02-17 00:00:00,0.0,68.3,68.3
2027-02-17 01:00:00,0.0,11.7,11.7
2027-02-17 02:00:00,0.0,36.7,36.7
2027-02-17 03:00:00,0.0,150.0,150.0
2027-02-17 04:00:00,0.0,51.7,51.7
2027-02-17 05:00:00,3.2,150.0,153.2
2027-02-17 06:00:00,2.9,38.3,41.2
2027-02-17 07:00:00,2.6,150.0,152.6
2027-02-17 08:00:00,2.2,15.0,17.2
2027-02-17 09:00:00,3.6,150.0,153.6
2027-02-17 10:00:00,2.0,150.0,152.0
2027-02-17 11:00:00,2.8,150.0,152.8
2027-02-17 12:00:00,2.5,150.0,152.5
2027-02-17 13:00:00,1.9,150.0,151.9
2027-02-17 14:00:00,4.2,150.0,154.2
2027-02-17 15:00:00,2.6,0.0,2.6
2027-02-17 16:00:00,2.9,150.0,152.9
2027-02-17 17:00:00,2.8,150.0,152.8
2027-02-17 18:00:00,2.3,70.0,72.3
2027-02-17 19:00:00,3.0,150.0,153.0
2027-02-17 20:00:00,1.6,88.3,89.9
2027-02-17 21:00:00,3.2,26.7,29.9
2027-02-17 22:00:00,0.0,150.0,150.0
2027-02-17 23:00:00,0.0,150.0,150.0
2027-02-18 00:00:00,0.0,130.0,130.0
2027-02-18 01:00:00,0.0,150.0,150.0
2027-02-18 02:00:00,0.0,150.0,150.0
2027-02-18 03:00:00,0.0,138.3,138.3
2027-02-18 04:00:00,0.0,76.7,76.7
2027-02-18 05:00:00,1.7,61.7,63.4
2027-02-18 06:00:00,2.8,143.3,146.1
2027-02-18 07:00:00,4.1,35.0,39.1
2027-02-18 08:00:00,3.0,150.0,153.0
2027-02-18 09:00:00,3.4,150.0,153.4
2027-02-18 10:00:00,2.8,98.3,101.1
2027-02-18 11:00:00,2.5,65.0,67.5
2027-02-18 12:00:00,3.1,111.7,114.8
2027-02-18 13:00:00,2.4,13.3,15.7
2027-02-18 14:00:00,2.2,133.3,135.5
2027-02-18 15:00:00,3.1,150.0,153.1
2027-02-18 16:00:00,2.8,111.7,114.5
2027-02-18 17:00:00,3.0,115.0,118.0
2027-02-18 18:00:00,3.7,76.7,80.4
2027-02-18 19:00:00,2.4,135.0,137.4
2027-02-18 20:00:00,2.1,150.0,152.1
2027-02-18 21:00:00,3.5,148.3,151.8
2027-02-18 22:00:00,0.0,88.3,88.3
2027-02-18 23:00:00,0.0,150.0,150.0
2027-02-19 00:00:00,0.0,105.0,105.0
2027-02-19 01:00:00,0.0,68.3,68.3
2027-02-19 02:00:00,0.0,108.3,108.3
2027-02-19 03:00:00,0.0,150.0,150.0
2027-02-19 04:00:00,0.0,150.0,150.0
2027-02-19 05:00:00,3.7,150.0,153.7
2027-02-19 06:00:00,2.4,150.0,152.4
2027-02-19 07:00:00,2.7,108.3,111.0
2027-02-19 08:00:00,2.0,150.0,152.0
2027-02-19 09:00:00,2.0,81.7,83.7
2027-02-19 10:00:00,2.9,150.0,152.9
2027-02-19 11:00:00,3.3,150.0,153.3
2027-02-19 12:00:00,3.0,0.0,3.0
2027-02-19 13:00:00,2.5,150.0,152.5
2027-02-19 14:00:00,2.5,66.7,69.2
2027-02-19 15:00:00,2.6,150.0,152.6
2027-02-19 16:00:00,4.0,150.0,154.0
2027-02-19 17:00:00,3.2,150.0,153.2
2027-02-19 18:00:00,3.0,150.0,153.0
2027-02-19 19:00:00,3.5,150.0,153.5
2027-02-19 20:00:00,2.9,150.0,152.9
2027-02-19 21:00:00,2.7,150.0,152.7
2027-02-19 22:00:00,0.0,150.0,150.0
2027-02-19 23:00:00,0.0,108.3,108.3
2027-02-20 00:00:00,0.0,150.0,150.0
2027-02-20 01:00:00,0.0,0.0,0.0
2027-02-20 02:00:00,0.0,55.0,55.0
2027-02-20 03:00:00,0.0,63.3,63.3
2027-02-20 04:00:00,0.0,145.0,145.0
2027-02-20 05:00:00,4.0,150.0,154.0
2027-02-20 06:00:00,3.0,121.7,124.7
2027-02-20 07:00:00,3.7,140.0,143.7
2027-02-20 08:00:00,2.0,113.3,115.3
2027-02-20 09:00:00,4.0,150.0,154.0
2027-02-20 10:00:00,4.2,150.0,154.2
2027-02-20 11:00:00,4.1,150.0,154.1
2027-02-20 12:00:00,3.6,145.0,148.6
2027-02-20 13:00:00,2.8,150.0,152.8
2027-02-20 14:00:00,2.6,83.3,85.9
2027-02-20 15:00:00,3.0,150.0,153.0
2027-02-20 16:00:00,2.3,140.0,142.3
2027-02-20 17:00:00,3.7,150.0,153.7
2027-02-20 18:00:00,3.3,65.0,68.3
2027-02-20 19:00:00,3.0,98.3,101.3
2027-02-20 20:00:00,2.7,88.3,91.0
2027-02-20 21:00:00,3.5,150.0,153.5
2027-02-20 22:00:00,0.0,150.0,150.0
2027-02-20 23:00:00,0.0,150.0,150.0
2027-02-21 00:00:00,0.0,150.0,150.0
2027-02-21 01:00:00,0.0,98.3,98.3
2027-02-21 02:00:00,0.0,150.0,150.0
2027-02-21 03:00:00,0.0,150.0,150.0
2027-02-21 04:00:00,0.0,150.0,150.0
2027-02-21 05:00:00,1.8,148.3,150.1
2027-02-21 06:00:00,3.8,150.0,153.8
2027-02-21 07:00:00,4.7,150.0,154.7
2027-02-21 08:00:00,3.5,150.0,153.5
2027-02-21 09:00:00,2.8,150.0,152.8
2027-02-21 10:00:00,2.3,150.0,152.3
2027-02-21 11:00:00,3.7,125.0,128.7
2027-02-21 12:00:00,3.5,16.7,20.2
2027-02-21 13:00:00,4.0,55.0,59.0
2027-02-21 14:00:00,3.9,150.0,153.9
2027-02-21 15:00:00,4.7,150.0,154.7
2027-02-21 16:00:00,2.8,80.0,82.8
2027-02-21 17:00:00,3.0,150.0,153.0
2027-02-21 18:00:00,3.0,113.3,116.3
2027-02-21 19:00:00,2.2,85.0,87.2
2027-02-21 20:00:00,3.1,150.0,153.1
2027-02-21 21:00:00,3.2,81.7,84.9
2027-02-21 22:00:00,0.0,150.0,150.0
2027-02-21 23:00:00,0.0,150.0,150.0
2027-02-22 00:00:00,0.0,150.0,150.0
2027-02-22 01:00:00,0.0,150.0,150.0
2027-02-22 02:00:00,0.0,150.0,150.0
2027-02-22 03:00:00,0.0,150.0,150.0
2027-02-22 04:00:00,0.0,150.0,150.0
2027-02-22 05:00:00,2.8,83.3,86.1
2027-02-22 06:00:00,1.3,0.0,1.3
2027-02-22 07:00:00,2.2,150.0,152.2
2027-02-22 08:00:00,1.9,25.0,26.9
2027-02-22 09:00:00,1.7,150.0,151.7
2027-02-22 10:00:00,4.1,150.0,154.1
2027-02-22 11:00:00,2.3,150.0,152.3
2027-02-22 12:00:00,2.9,141.7,144.6
2027-02-22 13:00:00,4.2,150.0,154.2
2027-02-22 14:00:00,3.6,150.0,153.6
2027-02-22 15:00:00,2.8,150.0,152.8
2027-02-22 16:00:00,3.9,130.0,133.9
2027-02-22 17:00:00,2.7,150.0,152.7
2027-02-22 18:00:00,2.2,48.3,50.5
2027-02-22 19:00:00,2.1,150.0,152.1
2027-02-22 20:00:00,4.4,150.0,154.4
2027-02-22 21:00:00,3.8,150.0,153.8
2027-02-22 22:00:00,0.0,150.0,150.0
2027-02-22 23:00:00,0.0,150.0,150.0
2027-02-23 00:00:00,0.0,43.3,43.3
2027-02-23 01:00:00,0.0,108.3,108.3
2027-02-23 02:00:00,0.0,96.7,96.7
2027-02-23 03:00:00,0.0,150.0,150.0
2027-02-23 04:00:00,0.0,150.0,150.0
2027-02-23 05:00:00,4.0,150.0,154.0
2027-02-23 06:00:00,3.2,150.0,153.2
2027-02-23 07:00:00,2.0,128.3,130.3
2027-02-23 08:00:00,2.9,150.0,152.9
2027-02-23 09:00:00,3.2,106.7,109.9
2027-02-23 10:00:00,2.9,86.7,89.6
2027-02-23 11:00:00,4.3,71.7,76.0
2027-02-23 12:00:00,2.7,0.0,2.7
2027-02-23 13:00:00,1.9,150.0,151.9
2027-02-23 14:00:00,3.5,150.0,153.5
2027-02-23 15:00:00,3.5,33.3,36.8
2027-02-23 16:00:00,3.5,150.0,153.5
2027-02-23 17:00:00,3.6,150.0,153.6
2027-02-23 18:00:00,4.2,150.0,154.2
2027-02-23 19:00:00,3.4,148.3,151.7
2027-02-23 20:00:00,2.3,150.0,152.3
2027-02-23 21:00:00,2.8,150.0,152.8
2027-02-23 22:00:00,0.0,148.3,148.3
2027-02-23 23:00:00,0.0,150.0,150.0
2027-02-24 00:00:00,0.0,93.3,93.3
2027-02-24 01:00:00,0.0,90.0,90.0
2027-02-24 02:00:00,0.0,150.0,150.0
2027-02-24 03:00:00,0.0,150.0,150.0
2027-02-24 04:00:00,0.0,150.0,150.0
2027-02-24 05:00:00,3.8,150.0,153.8
2027-02-24 06:00:00,1.8,150.0,151.8
2027-02-24 07:00:00,3.1,150.0,153.1
2027-02-24 08:00:00,3.5,150.0,153.5
2027-02-24 09:00:00,2.7,150.0,152.7
2027-02-24 10:00:00,3.6,150.0,153.6
2027-02-24 11:00:00,3.7,150.0,153.7
2027-02-24 12:00:00,3.1,150.0,153.1
2027-02-24 13:00:00,4.1,150.0,154.1
2027-02-24 14:00:00,3.0,150.0,153.0
2027-02-24 15:00:00,2.5,108.3,110.8
2027-02-24 16:00:00,0.8,20.0,20.8
2027-02-24 17:00:00,4.3,150.0,154.3
2027-02-24 18:00:00,3.3,150.0,153.3
2027-02-24 19:00:00,3.4,35.0,38.4
2027-02-24 20:00:00,2.9,150.0,152.9
2027-02-24 21:00:00,3.1,150.0,153.1
2027-02-24 22:00:00,0.0,63.3,63.3
2027-02-24 23:00:00,0.0,126.7,126.7
2027-02-25 00:00:00,0.0,110.0,110.0
2027-02-25 01:00:00,0.0,150.0,150.0
2027-02-25 02:00:00,0.0,150.0,150.0
2027-02-25 03:00:00,0.0,150.0,150.0
2027-02-25 04:00:00,0.0,41.7,41.7
2027-02-25 05:00:00,3.2,123.3,126.5
2027-02-25 06:00:00,3.1,150.0,153.1
2027-02-25 07:00:00,3.6,150.0,153.6
2027-02-25 08:00:00,2.7,0.0,2.7
2027-02-25 09:00:00,3.3,150.0,153.3
2027-02-25 10:00:00,2.4,78.3,80.7
2027-02-25 11:00:00,2.9,16.7,19.6
2027-02-25 12:00:00,2.9,150.0,152.9
2027-02-25 13:00:00,4.5,150.0,154.5
2027-02-25 14:00:00,3.3,105.0,108.3
2027-02-25 15:00:00,2.7,136.7,139.4
2027-02-25 16:00:00,3.8,28.3,32.1
2027-02-25 17:00:00,3.6,150.0,153.6
2027-02-25 18:00:00,2.6,150.0,152.6
2027-02-25 19:00:00,3.9,123.3,127.2
2027-02-25 20:00:00,3.2,150.0,153.2
2027-02-25 21:00:00,2.0,150.0,152.0
2027-02-25 22:00:00,0.0,150.0,150.0
2027-02-25 23:00:00,0.0,60.0,60.0
2027-02-26 00:00:00,0.0,70.0,70.0
2027-02-26 01:00:00,0.0,150.0,150.0
2027-02-26 02:00:00,0.0,91.7,91.7
2027-02-26 03:00:00,0.0,150.0,150.0
2027-02-26 04:00:00,0.0,150.0,150.0
2027-02-26 05:00:00,2.5,0.0,2.5
2027-02-26 06:00:00,4.1,150.0,154.1
2027-02-26 07:00:00,3.2,113.3,116.5
2027-02-26 08:00:00,3.1,80.0,83.1
2027-02-26 09:00:00,3.1,150.0,153.1
2027-02-26 10:00:00,3.6,0.0,3.6
2027-02-26 11:00:00,3.1,150.0,153.1
2027-02-26 12:00:00,2.8,141.7,144.5
2027-02-26 13:00:00,2.9,150.0,152.9
2027-02-26 14:00:00,3.2,150.0,153.2
2027-02-26 15:00:00,2.0,150.0,152.0
2027-02-26 16:00:00,2.9,150.0,152.9
2027-02-26 17:00:00,1.7,150.0,151.7
2027-02-26 18:00:00,3.5,91.7,95.2
2027-02-26 19:00:00,3.0,0.0,3.0
2027-02-26 20:00:00,1.9,125.0,126.9
2027-02-26 21:00:00,4.3,121.7,126.0
2027-02-26 22:00:00,0.0,145.0,145.0
2027-02-26 23:00:00,0.0,88.3,88.3
2027-02-27 00:00:00,0.0,93.3,93.3
2027-02-27 01:00:00,0.0,150.0,150.0
2027-02-27 02:00:00,0.0,150.0,150.0
2027-02-27 03:00:00,0.0,33.3,33.3
2027-02-27 04:00:00,0.0,150.0,150.0
2027-02-27 05:00:00,1.8,150.0,151.8
2027-02-27 06:00:00,2.1,85.0,87.1
2027-02-27 07:00:00,3.9,150.0,153.9
2027-02-27 08:00:00,2.2,70.0,72.2
2027-02-27 09:00:00,2.7,150.0,152.7
2027-02-27 10:00:00,3.3,70.0,73.3
2027-02-27 11:00:00,2.6,150.0,152.6
2027-02-27 12:00:00,2.9,150.0,152.9
2027-02-27 13:00:00,4.4,118.3,122.7
2027-02-27 14:00:00,3.3,150.0,153.3
2027-02-27 15:00:00,2.8,13.3,16.1
2027-02-27 16:00:00,3.8,145.0,148.8
2027-02-27 17:00:00,1.5,148.3,149.8
2027-02-27 18:00:00,3.6,103.3,106.9
2027-02-27 19:00:00,4.1,150.0,154.1
2027-02-27 20:00:00,3.2,150.0,153.2
2027-02-27 21:00:00,2.3,96.7,99.0
2027-02-27 22:00:00,0.0,0.0,0.0
2027-02-27 23:00:00,0.0,150.0,150.0
2027-02-28 00:00:00,0.0,98.3,98.3
2027-02-28 01:00:00,0.0,150.0,150.0
2027-02-28 02:00:00,0.0,150.0,150.0
2027-02-28 03:00:00,0.0,150.0,150.0
2027-02-28 04:00:00,0.0,150.0,150.0
2027-02-28 05:00:00,2.4,150.0,152.4
2027-02-28 06:00:00,2.0,65.0,67.0
2027-02-28 07:00:00,2.4,150.0,152.4
2027-02-28 08:00:00,3.9,48.3,52.2
2027-02-28 09:00:00,3.5,121.7,125.2
2027-02-28 10:00:00,3.7,150.0,153.7
2027-02-28 11:00:00,3.5,86.7,90.2
2027-02-28 12:00:00,2.0,0.0,2.0
2027-02-28 13:00:00,2.5,150.0,152.5
2027-02-28 14:00:00,2.4,141.7,144.1
2027-02-28 15:00:00,3.7,113.3,117.0
2027-02-28 16:00:00,2.6,136.7,139.3
2027-02-28 17:00:00,3.4,150.0,153.4
2027-02-28 18:00:00,2.8,150.0,152.8
2027-02-28 19:00:00,2.8,141.7,144.5
2027-02-28 20:00:00,2.3,150.0,152.3
2027-02-28 21:00:00,3.1,150.0,153.1
2027-02-28 22:00:00,0.0,0.0,0.0
2027-02-28 23:00:00,0.0,41.7,41.7
2027-03-01 00:00:00,0.0,106.7,106.7
2027-03-01 01:00:00,0.0,150.0,150.0
2027-03-01 02:00:00,0.0,136.7,136.7
2027-03-01 03:00:00,0.0,143.3,143.3
2027-03-01 04:00:00,0.0,150.0,150.0
2027-03-01 05:00:00,4.0,150.0,154.0
2027-03-01 06:00:00,2.9,150.0,152.9
2027-03-01 07:00:00,2.3,150.0,152.3
2027-03-01 08:00:00,2.9,0.0,2.9
2027-03-01 09:00:00,3.5,136.7,140.2
2027-03-01 10:00:00,2.8,41.7,44.5
2027-03-01 11:00:00,2.5,150.0,152.5
2027-03-01 12:00:00,3.0,150.0,153.0
2027-03-01 13:00:00,2.3,123.3,125.6
2027-03-01 14:00:00,3.9,41.7,45.6
2027-03-01 15:00:00,3.7,83.3,87.0
2027-03-01 16:00:00,1.6,150.0,151.6
2027-03-01 17:00:00,3.7,115.0,118.7
2027-03-01 18:00:00,1.8,113.3,115.1
2027-03-01 19:00:00,3.1,150.0,153.1
2027-03-01 20:00:00,2.5,150.0,152.5
2027-03-01 21:00:00,2.8,150.0,152.8
2027-03-01 22:00:00,0.0,150.0,150.0
2027-03-01 23:00:00,0.0,146.7,146.7
2027-03-02 00:00:00,0.0,61.7,61.7
2027-03-02 01:00:00,0.0,15.0,15.0
2027-03-02 02:00:00,0.0,0.0,0.0
2027-03-02 03:00:00,0.0,150.0,150.0
2027-03-02 04:00:00,0.0,150.0,150.0
2027-03-02 05:00:00,2.5,133.3,135.8
2027-03-02 06:00:00,4.6,0.0,4.6
2027-03-02 07:00:00,3.3,150.0,153.3
2027-03-02 08:00:00,4.9,150.0,154.9
2027-03-02 09:00:00,2.6,0.0,2.6
2027-03-02 10:00:00,3.8,123.3,127.1
2027-03-02 11:00:00,3.1,150.0,153.1
2027-03-02 12:00:00,3.6,150.0,153.6
2027-03-02 13:00:00,2.9,150.0,152.9
2027-03-02 14:00:00,2.1,150.0,152.1
2027-03-02 15:00:00,2.7,73.3,76.0
2027-03-02 16:00:00,3.4,150.0,153.4
2027-03-02 17:00:00,2.0,150.0,152.0
2027-03-02 18:00:00,1.5,150.0,151.5
2027-03-02 19:00:00,2.9,0.0,2.9
2027-03-02 20:00:00,2.4,150.0,152.4
2027-03-02 21:00:00,3.3,96.7,100.0
2027-03-02 22:00:00,0.0,150.0,150.0
2027-03-02 23:00:00,0.0,150.0,150.0
2027-03-03 00:00:00,0.0,150.0,150.0
2027-03-03 01:00:00,0.0,150.0,150.0
2027-03-03 02:00:00,0.0,150.0,150.0
2027-03-03 03:00:00,0.0,103.3,103.3
2027-03-03 04:00:00,0.0,78.3,78.3
2027-03-03 05:00:00,2.9,150.0,152.9
2027-03-03 06:00:00,2.9,150.0,152.9
2027-03-03 07:00:00,1.7,150.0,151.7
2027-03-03 08:00:00,2.6,68.3,70.9
2027-03-03 09:00:00,3.0,150.0,153.0
2027-03-03 10:00:00,1.7,150.0,151.7
2027-03-03 11:00:00,3.6,45.0,48.6
2027-03-03 12:00:00,3.4,150.0,153.4
2027-03-03 13:00:00,2.8,150.0,152.8
2027-03-03 14:00:00,3.2,110.0,113.2
2027-03-03 15:00:00,1.6,51.7,53.3
2027-03-03 16:00:00,2.9,150.0,152.9
2027-03-03 17:00:00,2.8,150.0,152.8
2027-03-03 18:00:00,2.0,150.0,152.0
2027-03-03 19:00:00,3.2,150.0,153.2
2027-03-03 20:00:00,3.5,150.0,153.5
2027-03-03 21:00:00,3.1,131.7,134.8
2027-03-03 22:00:00,0.0,150.0,150.0
2027-03-03 23:00:00,0.0,150.0,150.0
2027-03-04 00:00:00,0.0,150.0,150.0
2027-03-04 01:00:00,0.0,0.0,0.0
2027-03-04 02:00:00,0.0,150.0,150.0
2027-03-04 03:00:00,0.0,150.0,150.0
2027-03-04 04:00:00,0.0,131.7,131.7
2027-03-04 05:00:00,3.4,81.7,85.1
2027-03-04 06:00:00,2.6,150.0,152.6
2027-03-04 07:00:00,3.7,150.0,153.7
2027-03-04 08:00:00,2.9,150.0,152.9
2027-03-04 09:00:00,2.5,28.3,30.8
2027-03-04 10:00:00,3.3,35.0,38.3
2027-03-04 11:00:00,4.1,0.0,4.1
2027-03-04 12:00:00,1.4,10.0,11.4
2027-03-04 13:00:00,2.8,150.0,152.8
2027-03-04 14:00:00,3.4,130.0,133.4
2027-03-04 15:00:00,2.6,5.0,7.6
2027-03-04 16:00:00,3.6,150.0,153.6
2027-03-04 17:00:00,4.7,150.0,154.7
2027-03-04 18:00:00,3.9,66.7,70.6
2027-03-04 19:00:00,3.0,91.7,94.7
2027-03-04 20:00:00,3.3,150.0,153.3
2027-03-04 21:00:00,2.8,78.3,81.1
2027-03-04 22:00:00,0.0,105.0,105.0
2027-03-04 23:00:00,0.0,150.0,150.0
2027-03-05 00:00:00,0.0,150.0,150.0
2027-03-05 01:00:00,0.0,150.0,150.0
2027-03-05 02:00:00,0.0,150.0,150.0
2027-03-05 03:00:00,0.0,138.3,138.3
2027-03-05 04:00:00,0.0,76.7,76.7
2027-03-05 05:00:00,2.2,150.0,152.2
2027-03-05 06:00:00,2.8,150.0,152.8
2027-03-05 07:00:00,2.4,150.0,152.4
2027-03-05 08:00:00,2.1,0.0,2.1
2027-03-05 09:00:00,3.2,145.0,148.2
2027-03-05 10:00:00,3.3,68.3,71.6
2027-03-05 11:00:00,3.5,150.0,153.5
2027-03-05 12:00:00,2.4,150.0,152.4
2027-03-05 13:00:00,2.6,118.3,120.9
2027-03-05 14:00:00,4.4,150.0,154.4
2027-03-05 15:00:00,2.7,143.3,146.0
2027-03-05 16:00:00,2.4,150.0,152.4
2027-03-05 17:00:00,3.0,150.0,153.0
2027-03-05 18:00:00,2.2,150.0,152.2
2027-03-05 19:00:00,1.5,150.0,151.5
2027-03-05 20:00:00,2.6,61.7,64.3
2027-03-05 21:00:00,3.0,150.0,153.0
2027-03-05 22:00:00,0.0,135.0,135.0
2027-03-05 23:00:00,0.0,150.0,150.0
2027-03-06 00:00:00,0.0,50.0,50.0
2027-03-06 01:00:00,0.0,26.7,26.7
2027-03-06 02:00:00,0.0,120.0,120.0
2027-03-06 03:00:00,0.0,113.3,113.3
2027-03-06 04:00:00,0.0,133.3,133.3
2027-03-06 05:00:00,2.5,150.0,152.5
2027-03-06 06:00:00,2.5,150.0,152.5
2027-03-06 07:00:00,3.3,63.3,66.6
2027-03-06 08:00:00,3.0,70.0,73.0
2027-03-06 09:00:00,2.7,10.0,12.7
2027-03-06 10:00:00,2.9,150.0,152.9
2027-03-06 11:00:00,3.1,15.0,18.1
2027-03-06 12:00:00,2.7,150.0,152.7
2027-03-06 13:00:00,2.5,150.0,152.5
2027-03-06 14:00:00,3.2,108.3,111.5
2027-03-06 15:00:00,3.5,150.0,153.5
2027-03-06 16:00:00,2.5,110.0,112.5
2027-03-06 17:00:00,3.2,150.0,153.2
2027-03-06 18:00:00,4.4,150.0,154.4
2027-03-06 19:00:00,3.3,150.0,153.3
2027-03-06 20:00:00,4.1,70.0,74.1
2027-03-06 21:00:00,3.6,35.0,38.6
2027-03-06 22:00:00,0.0,150.0,150.0
2027-03-06 23:00:00,0.0,73.3,73.3
2027-03-07 00:00:00,0.0,150.0,150.0
2027-03-07 01:00:00,0.0,38.3,38.3
2027-03-07 02:00:00,0.0,150.0,150.0
2027-03-07 03:00:00,0.0,111.7,111.7
2027-03-07 04:00:00,0.0,128.3,128.3
2027-03-07 05:00:00,3.3,111.7,115.0
2027-03-07 06:00:00,3.2,150.0,153.2
2027-03-07 07:00:00,3.0,66.7,69.7
2027-03-07 08:00:00,3.3,150.0,153.3
2027-03-07 09:00:00,2.2,150.0,152.2
2027-03-07 10:00:00,1.9,145.0,146.9
2027-03-07 11:00:00,4.9,45.0,49.9
2027-03-07 12:00:00,3.1,81.7,84.8
2027-03-07 13:00:00,3.6,110.0,113.6
2027-03-07 14:00:00,2.9,131.7,134.6
2027-03-07 15:00:00,3.8,150.0,153.8
2027-03-07 16:00:00,3.6,53.3,56.9
2027-03-07 17:00:00,2.9,150.0,152.9
2027-03-07 18:00:00,1.9,136.7,138.6
2027-03-07 19:00:00,2.8,91.7,94.5
2027-03-07 20:00:00,2.9,150.0,152.9
2027-03-07 21:00:00,3.5,150.0,153.5
2027-03-07 22:00:00,0.0,150.0,150.0
2027-03-07 23:00:00,0.0,146.7,146.7
2027-03-08 00:00:00,0.0,150.0,150.0
2027-03-08 01:00:00,0.0,150.0,150.0
2027-03-08 02:00:00,0.0,150.0,150.0
2027-03-08 03:00:00,0.0,0.0,0.0
2027-03-08 04:00:00,0.0,133.3,133.3
2027-03-08 05:00:00,2.4,150.0,152.4
2027-03-08 06:00:00,2.2,150.0,152.2
2027-03-08 07:00:00,2.7,101.7,104.4
2027-03-08 08:00:00,3.4,101.7,105.1
2027-03-08 09:00:00,2.5,40.0,42.5
2027-03-08 10:00:00,2.1,150.0,152.1
2027-03-08 11:00:00,2.0,0.0,2.0
2027-03-08 12:00:00,3.0,150.0,153.0
2027-03-08 13:00:00,1.3,150.0,151.3
2027-03-08 14:00:00,3.1,110.0,113.1
2027-03-08 15:00:00,2.0,65.0,67.0
2027-03-08 16:00:00,3.9,106.7,110.6
2027-03-08 17:00:00,3.9,0.0,3.9
2027-03-08 18:00:00,2.3,150.0,152.3
2027-03-08 19:00:00,3.2,110.0,113.2
2027-03-08 20:00:00,2.6,90.0,92.6
2027-03-08 21:00:00,3.6,150.0,153.6
2027-03-08 22:00:00,0.0,150.0,150.0
2027-03-08 23:00:00,0.0,150.0,150.0
2027-03-09 00:00:00,0.0,66.7,66.7
2027-03-09 01:00:00,0.0,150.0,150.0
2027-03-09 02:00:00,0.0,131.7,131.7
2027-03-09 03:00:00,0.0,150.0,150.0
2027-03-09 04:00:00,0.0,91.7,91.7
2027-03-09 05:00:00,1.8,0.0,1.8
2027-03-09 06:00:00,2.5,71.7,74.2
2027-03-09 07:00:00,3.0,150.0,153.0
2027-03-09 08:00:00,3.1,150.0,153.1
2027-03-09 09:00:00,4.2,103.3,107.5
2027-03-09 10:00:00,2.8,135.0,137.8
2027-03-09 11:00:00,3.2,81.7,84.9
2027-03-09 12:00:00,2.6,110.0,112.6
2027-03-09 13:00:00,2.8,150.0,152.8
2027-03-09 14:00:00,5.2,150.0,155.2
2027-03-09 15:00:00,3.4,50.0,53.4
2027-03-09 16:00:00,2.7,135.0,137.7
2027-03-09 17:00:00,3.0,150.0,153.0
2027-03-09 18:00:00,2.1,150.0,152.1
2027-03-09 19:00:00,3.2,150.0,153.2
2027-03-09 20:00:00,3.6,143.3,146.9
2027-03-09 21:00:00,1.9,118.3,120.2
2027-03-09 22:00:00,0.0,140.0,140.0
2027-03-09 23:00:00,0.0,63.3,63.3
2027-03-10 00:00:00,0.0,1.7,1.7
2027-03-10 01:00:00,0.0,116.7,116.7
2027-03-10 02:00:00,0.0,95.0,95.0
2027-03-10 03:00:00,0.0,53.3,53.3
2027-03-10 04:00:00,0.0,150.0,150.0
2027-03-10 05:00:00,2.6,0.0,2.6
2027-03-10 06:00:00,3.9,150.0,153.9
2027-03-10 07:00:00,3.8,150.0,153.8
2027-03-10 08:00:00,3.0,150.0,153.0
2027-03-10 09:00:00,2.8,148.3,151.1
2027-03-10 10:00:00,1.6,31.7,33.3
2027-03-10 11:00:00,4.4,150.0,154.4
2027-03-10 12:00:00,2.2,150.0,152.2
2027-03-10 13:00:00,2.8,0.0,2.8
2027-03-10 14:00:00,2.7,83.3,86.0
2027-03-10 15:00:00,2.8,150.0,152.8
2027-03-10 16:00:00,3.1,111.7,114.8
2027-03-10 17:00:00,2.6,150.0,152.6
2027-03-10 18:00:00,2.6,43.3,45.9
2027-03-10 19:00:00,2.9,128.3,131.2
2027-03-10 20:00:00,3.0,138.3,141.3
2027-03-10 21:00:00,4.1,40.0,44.1
2027-03-10 22:00:00,0.0,128.3,128.3
2027-03-10 23:00:00,0.0,145.0,145.0
2027-03-11 00:00:00,0.0,150.0,150.0
2027-03-11 01:00:00,0.0,150.0,150.0
2027-03-11 02:00:00,0.0,150.0,150.0
2027-03-11 03:00:00,0.0,0.0,0.0
2027-03-11 04:00:00,0.0,150.0,150.0
2027-03-11 05:00:00,3.3,150.0,153.3
2027-03-11 06:00:00,4.4,150.0,154.4
2027-03-11 07:00:00,2.8,150.0,152.8
2027-03-11 08:00:00,3.2,150.0,153.2
2027-03-11 09:00:00,3.6,150.0,153.6
2027-03-11 10:00:00,2.7,106.7,109.4
2027-03-11 11:00:00,2.6,150.0,152.6
2027-03-11 12:00:00,4.0,150.0,154.0
2027-03-11 13:00:00,2.2,91.7,93.9
2027-03-11 14:00:00,2.7,53.3,56.0
2027-03-11 15:00:00,3.7,113.3,117.0
2027-03-11 16:00:00,2.8,70.0,72.8
2027-03-11 17:00:00,3.2,83.3,86.5
2027-03-11 18:00:00,3.1,116.7,119.8
2027-03-11 19:00:00,2.5,110.0,112.5
2027-03-11 20:00:00,3.1,150.0,153.1
2027-03-11 21:00:00,2.9,88.3,91.2
2027-03-11 22:00:00,0.0,21.7,21.7
2027-03-11 23:00:00,0.0,146.7,146.7
2027-03-12 00:00:00,0.0,116.7,116.7
2027-03-12 01:00:00,0.0,90.0,90.0
2027-03-12 02:00:00,0.0,150.0,150.0
2027-03-12 03:00:00,0.0,150.0,150.0
2027-03-12 04:00:00,0.0,108.3,108.3
2027-03-12 05:00:00,3.4,150.0,153.4
2027-03-12 06:00:00,2.6,150.0,152.6
2027-03-12 07:00:00,3.1,150.0,153.1
2027-03-12 08:00:00,3.4,140.0,143.4
2027-03-12 09:00:00,2.8,150.0,152.8
2027-03-12 10:00:00,2.1,150.0,152.1
2027-03-12 11:00:00,4.5,150.0,154.5
2027-03-12 12:00:00,3.5,86.7,90.2
2027-03-12 13:00:00,2.3,150.0,152.3
2027-03-12 14:00:00,2.4,150.0,152.4
2027-03-12 15:00:00,3.1,20.0,23.1
2027-03-12 16:00:00,2.2,150.0,152.2
2027-03-12 17:00:00,3.6,125.0,128.6
2027-03-12 18:00:00,3.7,68.3,72.0
2027-03-12 19:00:00,3.3,150.0,153.3
2027-03-12 20:00:00,2.5,150.0,152.5
2027-03-12 21:00:00,3.3,60.0,63.3
2027-03-12 22:00:00,0.0,0.0,0.0
2027-03-12 23:00:00,0.0,95.0,95.0
2027-03-13 00:00:00,0.0,150.0,150.0
2027-03-13 01:00:00,0.0,150.0,150.0
2027-03-13 02:00:00,0.0,150.0,150.0
2027-03-13 03:00:00,0.0,90.0,90.0
2027-03-13 04:00:00,0.0,88.3,88.3
2027-03-13 05:00:00,3.9,150.0,153.9
2027-03-13 06:00:00,3.3,116.7,120.0
2027-03-13 07:00:00,2.5,150.0,152.5
2027-03-13 08:00:00,2.6,51.7,54.3
2027-03-13 09:00:00,2.6,130.0,132.6
2027-03-13 10:00:00,3.7,150.0,153.7
2027-03-13 11:00:00,2.3,150.0,152.3
2027-03-13 12:00:00,2.2,136.7,138.9
2027-03-13 13:00:00,2.3,75.0,77.3
2027-03-13 14:00:00,3.4,0.0,3.4
2027-03-13 15:00:00,2.5,150.0,152.5
2027-03-13 16:00:00,2.9,61.7,64.6
2027-03-13 17:00:00,2.7,150.0,152.7
2027-03-13 18:00:00,3.4,150.0,153.4
2027-03-13 19:00:00,3.6,0.0,3.6
2027-03-13 20:00:00,2.5,150.0,152.5
2027-03-13 21:00:00,2.7,121.7,124.4
2027-03-13 22:00:00,0.0,150.0,150.0
2027-03-13 23:00:00,0.0,150.0,150.0
2027-03-14 00:00:00,0.0,6.7,6.7
2027-03-14 01:00:00,0.0,150.0,150.0
2027-03-14 02:00:00,0.0,150.0,150.0
2027-03-14 03:00:00,0.0,80.0,80.0
2027-03-14 04:00:00,0.0,150.0,150.0
2027-03-14 05:00:00,3.7,150.0,153.7
2027-03-14 06:00:00,3.8,150.0,153.8
2027-03-14 07:00:00,2.4,150.0,152.4
2027-03-14 08:00:00,3.5,150.0,153.5
2027-03-14 09:00:00,1.9,133.3,135.2
2027-03-14 10:00:00,2.1,115.0,117.1
2027-03-14 11:00:00,4.7,90.0,94.7
2027-03-14 12:00:00,2.1,150.0,152.1
2027-03-14 13:00:00,3.5,135.0,138.5
2027-03-14 14:00:00,2.7,51.7,54.4
2027-03-14 15:00:00,2.9,150.0,152.9
2027-03-14 16:00:00,2.7,126.7,129.4
2027-03-14 17:00:00,3.4,150.0,153.4
2027-03-14 18:00:00,2.5,150.0,152.5
2027-03-14 19:00:00,4.6,48.3,52.9
2027-03-14 20:00:00,2.0,150.0,152.0
2027-03-14 21:00:00,3.4,150.0,153.4
2027-03-14 22:00:00,0.0,133.3,133.3
2027-03-14 23:00:00,0.0,150.0,150.0
2027-03-15 00:00:00,0.0,150.0,150.0
2027-03-15 01:00:00,0.0,150.0,150.0
2027-03-15 02:00:00,0.0,150.0,150.0
2027-03-15 03:00:00,0.0,150.0,150.0
2027-03-15 04:00:00,0.0,150.0,150.0
2027-03-15 05:00:00,2.8,21.7,24.5
2027-03-15 06:00:00,2.8,150.0,152.8
2027-03-15 07:00:00,2.3,115.0,117.3
2027-03-15 08:00:00,4.2,61.7,65.9
2027-03-15 09:00:00,2.8,91.7,94.5
2027-03-15 10:00:00,3.0,150.0,153.0
2027-03-15 11:00:00,2.0,96.7,98.7
2027-03-15 12:00:00,3.8,103.3,107.1
2027-03-15 13:00:00,3.2,150.0,153.2
2027-03-15 14:00:00,4.2,150.0,154.2
2027-03-15 15:00:00,3.3,45.0,48.3
2027-03-15 16:00:00,2.1,150.0,152.1
2027-03-15 17:00:00,4.8,150.0,154.8
2027-03-15 18:00:00,2.6,150.0,152.6
2027-03-15 19:00:00,3.0,103.3,106.3
2027-03-15 20:00:00,2.4,150.0,152.4
2027-03-15 21:00:00,3.4,150.0,153.4
2027-03-15 22:00:00,0.0,150.0,150.0
2027-03-15 23:00:00,0.0,150.0,150.0
2027-03-16 00:00:00,0.0,150.0,150.0
2027-03-16 01:00:00,0.0,150.0,150.0
2027-03-16 02:00:00,0.0,41.7,41.7
2027-03-16 03:00:00,0.0,125.0,125.0
2027-03-16 04:00:00,0.0,65.0,65.0
2027-03-16 05:00:00,3.3,96.7,100.0
2027-03-16 06:00:00,2.8,113.3,116.1
2027-03-16 07:00:00,2.5,75.0,77.5
2027-03-16 08:00:00,1.4,150.0,151.4
2027-03-16 09:00:00,2.9,116.7,119.6
2027-03-16 10:00:00,2.8,150.0,152.8
2027-03-16 11:00:00,2.9,150.0,152.9
2027-03-16 12:00:00,2.7,90.0,92.7
2027-03-16 13:00:00,2.4,150.0,152.4
2027-03-16 14:00:00,2.5,150.0,152.5
2027-03-16 15:00:00,3.2,80.0,83.2
2027-03-16 16:00:00,0.7,150.0,150.7
2027-03-16 17:00:00,2.7,150.0,152.7
2027-03-16 18:00:00,2.3,113.3,115.6
2027-03-16 19:00:00,1.3,0.0,1.3
2027-03-16 20:00:00,2.7,5.0,7.7
2027-03-16 21:00:00,4.7,150.0,154.7
2027-03-16 22:00:00,0.0,115.0,115.0
2027-03-16 23:00:00,0.0,51.7,51.7
2027-03-17 00:00:00,0.0,150.0,150.0
2027-03-17 01:00:00,0.0,38.3,38.3
2027-03-17 02:00:00,0.0,100.0,100.0
2027-03-17 03:00:00,0.0,113.3,113.3
2027-03-17 04:00:00,0.0,131.7,131.7
2027-03-17 05:00:00,2.7,148.3,151.0
2027-03-17 06:00:00,3.4,150.0,153.4
2027-03-17 07:00:00,3.3,150.0,153.3
2027-03-17 08:00:00,4.1,123.3,127.4
2027-03-17 09:00:00,3.7,150.0,153.7
2027-03-17 10:00:00,4.5,150.0,154.5
2027-03-17 11:00:00,2.7,150.0,152.7
2027-03-17 12:00:00,2.8,128.3,131.1
2027-03-17 13:00:00,2.6,150.0,152.6
2027-03-17 14:00:00,4.1,33.3,37.4
2027-03-17 15:00:00,3.8,150.0,153.8
2027-03-17 16:00:00,2.9,150.0,152.9
2027-03-17 17:00:00,2.5,150.0,152.5
2027-03-17 18:00:00,4.0,150.0,154.0
2027-03-17 19:00:00,4.7,23.3,28.0
2027-03-17 20:00:00,4.3,150.0,154.3
2027-03-17 21:00:00,2.5,85.0,87.5
2027-03-17 22:00:00,0.0,150.0,150.0
2027-03-17 23:00:00,0.0,0.0,0.0
2027-03-18 00:00:00,0.0,138.3,138.3
2027-03-18 01:00:00,0.0,150.0,150.0
2027-03-18 02:00:00,0.0,116.7,116.7
2027-03-18 03:00:00,0.0,150.0,150.0
2027-03-18 04:00:00,0.0,138.3,138.3
2027-03-18 05:00:00,3.4,65.0,68.4
2027-03-18 06:00:00,2.6,150.0,152.6
2027-03-18 07:00:00,4.1,81.7,85.8
2027-03-18 08:00:00,4.2,86.7,90.9
2027-03-18 09:00:00,3.4,123.3,126.7
2027-03-18 10:00:00,3.1,95.0,98.1
2027-03-18 11:00:00,3.0,145.0,148.0
2027-03-18 12:00:00,2.4,133.3,135.7
2027-03-18 13:00:00,3.8,53.3,57.1
2027-03-18 14:00:00,2.0,88.3,90.3
2027-03-18 15:00:00,2.2,150.0,152.2
2027-03-18 16:00:00,3.9,116.7,120.6
2027-03-18 17:00:00,2.4,150.0,152.4
2027-03-18 18:00:00,3.6,35.0,38.6
2027-03-18 19:00:00,3.2,150.0,153.2
2027-03-18 20:00:00,3.3,150.0,153.3
2027-03-18 21:00:00,4.1,150.0,154.1
2027-03-18 22:00:00,0.0,123.3,123.3
2027-03-18 23:00:00,0.0,150.0,150.0
2027-03-19 00:00:00,0.0,10.0,10.0
2027-03-19 01:00:00,0.0,150.0,150.0
2027-03-19 02:00:00,0.0,150.0,150.0
2027-03-19 03:00:00,0.0,81.7,81.7
2027-03-19 04:00:00,0.0,150.0,150.0
2027-03-19 05:00:00,2.4,81.7,84.1
2027-03-19 06:00:00,3.0,150.0,153.0
2027-03-19 07:00:00,2.4,150.0,152.4
2027-03-19 08:00:00,3.5,0.0,3.5
2027-03-19 09:00:00,2.5,150.0,152.5
2027-03-19 10:00:00,3.1,150.0,153.1
2027-03-19 11:00:00,3.4,115.0,118.4
2027-03-19 12:00:00,3.9,150.0,153.9
2027-03-19 13:00:00,2.5,150.0,152.5
2027-03-19 14:00:00,4.4,81.7,86.1
2027-03-19 15:00:00,3.9,150.0,153.9
2027-03-19 16:00:00,2.2,150.0,152.2
2027-03-19 17:00:00,2.9,150.0,152.9
2027-03-19 18:00:00,2.2,93.3,95.5
2027-03-19 19:00:00,2.7,0.0,2.7
2027-03-19 20:00:00,3.9,78.3,82.2
2027-03-19 21:00:00,2.2,150.0,152.2
2027-03-19 22:00:00,0.0,150.0,150.0
2027-03-19 23:00:00,0.0,150.0,150.0
2027-03-20 00:00:00,0.0,150.0,150.0
2027-03-20 01:00:00,0.0,150.0,150.0
2027-03-20 02:00:00,0.0,131.7,131.7
2027-03-20 03:00:00,0.0,50.0,50.0
2027-03-20 04:00:00,0.0,150.0,150.0
2027-03-20 05:00:00,3.0,55.0,58.0
2027-03-20 06:00:00,2.9,150.0,152.9
2027-03-20 07:00:00,3.7,83.3,87.0
2027-03-20 08:00:00,3.1,150.0,153.1
2027-03-20 09:00:00,2.8,150.0,152.8
2027-03-20 10:00:00,3.2,150.0,153.2
2027-03-20 11:00:00,2.1,100.0,102.1
2027-03-20 12:00:00,3.5,150.0,153.5
2027-03-20 13:00:00,3.2,150.0,153.2
2027-03-20 14:00:00,2.3,150.0,152.3
2027-03-20 15:00:00,2.2,150.0,152.2
2027-03-20 16:00:00,3.4,150.0,153.4
2027-03-20 17:00:00,4.3,150.0,154.3
2027-03-20 18:00:00,2.5,150.0,152.5
2027-03-20 19:00:00,3.9,150.0,153.9
2027-03-20 20:00:00,2.8,95.0,97.8
2027-03-20 21:00:00,3.9,33.3,37.2
2027-03-20 22:00:00,0.0,150.0,150.0
2027-03-20 23:00:00,0.0,150.0,150.0
2027-03-21 00:00:00,0.0,150.0,150.0
2027-03-21 01:00:00,0.0,78.3,78.3
2027-03-21 02:00:00,0.0,21.7,21.7
2027-03-21 03:00:00,0.0,145.0,145.0
2027-03-21 04:00:00,0.0,100.0,100.0
2027-03-21 05:00:00,2.7,150.0,152.7
2027-03-21 06:00:00,2.0,150.0,152.0
2027-03-21 07:00:00,5.3,93.3,98.6
2027-03-21 08:00:00,3.2,150.0,153.2
2027-03-21 09:00:00,3.7,76.7,80.4
2027-03-21 10:00:00,2.4,105.0,107.4
2027-03-21 11:00:00,3.4,110.0,113.4
2027-03-21 12:00:00,1.4,150.0,151.4
2027-03-21 13:00:00,3.7,98.3,102.0
2027-03-21 14:00:00,3.8,60.0,63.8
2027-03-21 15:00:00,2.5,71.7,74.2
2027-03-21 16:00:00,3.3,138.3,141.6
2027-03-21 17:00:00,2.8,150.0,152.8
2027-03-21 18:00:00,3.8,0.0,3.8
2027-03-21 19:00:00,2.7,143.3,146.0
2027-03-21 20:00:00,3.2,150.0,153.2
2027-03-21 21:00:00,2.6,150.0,152.6
2027-03-21 22:00:00,0.0,65.0,65.0
2027-03-21 23:00:00,0.0,150.0,150.0
2027-03-22 00:00:00,0.0,150.0,150.0
2027-03-22 01:00:00,0.0,0.0,0.0
2027-03-22 02:00:00,0.0,150.0,150.0
2027-03-22 03:00:00,0.0,96.7,96.7
2027-03-22 04:00:00,0.0,150.0,150.0
2027-03-22 05:00:00,2.9,26.7,29.6
2027-03-22 06:00:00,2.2,36.7,38.9
2027-03-22 07:00:00,3.9,0.0,3.9
2027-03-22 08:00:00,2.4,143.3,145.7
2027-03-22 09:00:00,2.6,150.0,152.6
2027-03-22 10:00:00,3.8,150.0,153.8
2027-03-22 11:00:00,3.8,150.0,153.8
2027-03-22 12:00:00,3.9,50.0,53.9
2027-03-22 13:00:00,1.7,128.3,130.0
2027-03-22 14:00:00,3.2,130.0,133.2
2027-03-22 15:00:00,3.7,106.7,110.4
2027-03-22 16:00:00,3.3,150.0,153.3
2027-03-22 17:00:00,3.0,150.0,153.0
2027-03-22 18:00:00,3.1,150.0,153.1
2027-03-22 19:00:00,2.6,150.0,152.6
2027-03-22 20:00:00,3.5,150.0,153.5
2027-03-22 21:00:00,3.0,85.0,88.0
2027-03-22 22:00:00,0.0,150.0,150.0
2027-03-22 23:00:00,0.0,86.7,86.7
2027-03-23 00:00:00,0.0,88.3,88.3
2027-03-23 01:00:00,0.0,150.0,150.0
2027-03-23 02:00:00,0.0,150.0,150.0
2027-03-23 03:00:00,0.0,100.0,100.0
2027-03-23 04:00:00,0.0,150.0,150.0
2027-03-23 05:00:00,3.1,150.0,153.1
2027-03-23 06:00:00,2.9,150.0,152.9
2027-03-23 07:00:00,3.4,101.7,105.1
2027-03-23 08:00:00,2.9,150.0,152.9
2027-03-23 09:00:00,1.6,143.3,144.9
2027-03-23 10:00:00,3.1,90.0,93.1
2027-03-23 11:00:00,2.9,85.0,87.9
2027-03-23 12:00:00,5.7,75.0,80.7
2027-03-23 13:00:00,2.6,150.0,152.6
2027-03-23 14:00:00,3.4,150.0,153.4
2027-03-23 15:00:00,3.3,96.7,100.0
2027-03-23 16:00:00,3.6,150.0,153.6
2027-03-23 17:00:00,3.0,0.0,3.0
2027-03-23 18:00:00,3.4,90.0,93.4
2027-03-23 19:00:00,3.4,0.0,3.4
2027-03-23 20:00:00,3.2,150.0,153.2
2027-03-23 21:00:00,3.9,81.7,85.6
2027-03-23 22:00:00,0.0,93.3,93.3
2027-03-23 23:00:00,0.0,125.0,125.0
2027-03-24 00:00:00,0.0,38.3,38.3
2027-03-24 01:00:00,0.0,16.7,16.7
2027-03-24 02:00:00,0.0,91.7,91.7
2027-03-24 03:00:00,0.0,0.0,0.0
2027-03-24 04:00:00,0.0,53.3,53.3
2027-03-24 05:00:00,5.2,150.0,155.2
2027-03-24 06:00:00,3.0,116.7,119.7
2027-03-24 07:00:00,2.8,150.0,152.8
2027-03-24 08:00:00,2.0,88.3,90.3
2027-03-24 09:00:00,2.8,68.3,71.1
2027-03-24 10:00:00,3.3,150.0,153.3
2027-03-24 11:00:00,2.7,150.0,152.7
2027-03-24 12:00:00,4.3,46.7,51.0
2027-03-24 13:00:00,2.8,150.0,152.8
2027-03-24 14:00:00,2.8,0.0,2.8
2027-03-24 15:00:00,2.4,150.0,152.4
2027-03-24 16:00:00,2.9,136.7,139.6
2027-03-24 17:00:00,2.6,1.7,4.3
2027-03-24 18:00:00,3.1,0.0,3.1
2027-03-24 19:00:00,5.1,150.0,155.1
2027-03-24 20:00:00,2.7,150.0,152.7
2027-03-24 21:00:00,3.4,150.0,153.4
2027-03-24 22:00:00,0.0,35.0,35.0
2027-03-24 23:00:00,0.0,150.0,150.0
2027-03-25 00:00:00,0.0,148.3,148.3
2027-03-25 01:00:00,0.0,75.0,75.0
2027-03-25 02:00:00,0.0,150.0,150.0
2027-03-25 03:00:00,0.0,150.0,150.0
2027-03-25 04:00:00,0.0,56.7,56.7
2027-03-25 05:00:00,3.6,3.3,6.9
2027-03-25 06:00:00,5.0,150.0,155.0
2027-03-25 07:00:00,2.9,150.0,152.9
2027-03-25 08:00:00,3.1,150.0,153.1
2027-03-25 09:00:00,1.2,138.3,139.5
2027-03-25 10:00:00,2.9,38.3,41.2
2027-03-25 11:00:00,3.0,150.0,153.0
2027-03-25 12:00:00,2.9,13.3,16.2
2027-03-25 13:00:00,2.7,150.0,152.7
2027-03-25 14:00:00,3.1,115.0,118.1
2027-03-25 15:00:00,2.8,138.3,141.1
2027-03-25 16:00:00,3.2,150.0,153.2
2027-03-25 17:00:00,2.7,150.0,152.7
2027-03-25 18:00:00,3.6,18.3,21.9
2027-03-25 19:00:00,3.9,78.3,82.2
2027-03-25 20:00:00,1.4,150.0,151.4
2027-03-25 21:00:00,3.0,150.0,153.0
2027-03-25 22:00:00,0.0,150.0,150.0
2027-03-25 23:00:00,0.0,150.0,150.0
2027-03-26 00:00:00,0.0,150.0,150.0
2027-03-26 01:00:00,0.0,150.0,150.0
2027-03-26 02:00:00,0.0,150.0,150.0
2027-03-26 03:00:00,0.0,146.7,146.7
2027-03-26 04:00:00,0.0,81.7,81.7
2027-03-26 05:00:00,2.6,150.0,152.6
2027-03-26 06:00:00,3.8,150.0,153.8
2027-03-26 07:00:00,3.7,103.3,107.0
2027-03-26 08:00:00,3.9,91.7,95.6
2027-03-26 09:00:00,2.6,150.0,152.6
2027-03-26 10:00:00,3.9,150.0,153.9
2027-03-26 11:00:00,3.9,143.3,147.2
2027-03-26 12:00:00,2.7,138.3,141.0
2027-03-26 13:00:00,2.5,150.0,152.5
2027-03-26 14:00:00,2.7,133.3,136.0
2027-03-26 15:00:00,1.9,150.0,151.9
2027-03-26 16:00:00,3.4,66.7,70.1
2027-03-26 17:00:00,3.5,150.0,153.5
2027-03-26 18:00:00,3.1,150.0,153.1
2027-03-26 19:00:00,2.4,23.3,25.7
2027-03-26 20:00:00,1.6,90.0,91.6
2027-03-26 21:00:00,2.6,150.0,152.6
2027-03-26 22:00:00,0.0,150.0,150.0
2027-03-26 23:00:00,0.0,71.7,71.7
2027-03-27 00:00:00,0.0,150.0,150.0
2027-03-27 01:00:00,0.0,150.0,150.0
2027-03-27 02:00:00,0.0,150.0,150.0
2027-03-27 03:00:00,0.0,135.0,135.0
2027-03-27 04:00:00,0.0,150.0,150.0
2027-03-27 05:00:00,2.0,10.0,12.0
2027-03-27 06:00:00,0.6,150.0,150.6
2027-03-27 07:00:00,3.3,150.0,153.3
2027-03-27 08:00:00,3.3,16.7,20.0
2027-03-27 09:00:00,2.2,150.0,152.2
2027-03-27 10:00:00,2.8,150.0,152.8
2027-03-27 11:00:00,2.1,150.0,152.1
2027-03-27 12:00:00,2.6,150.0,152.6
2027-03-27 13:00:00,2.8,150.0,152.8
2027-03-27 14:00:00,4.0,150.0,154.0
2027-03-27 15:00:00,3.1,150.0,153.1
2027-03-27 16:00:00,4.6,150.0,154.6
2027-03-27 17:00:00,3.6,150.0,153.6
2027-03-27 18:00:00,2.5,83.3,85.8
2027-03-27 19:00:00,2.4,150.0,152.4
2027-03-27 20:00:00,3.8,150.0,153.8
2027-03-27 21:00:00,2.9,150.0,152.9
2027-03-27 22:00:00,0.0,138.3,138.3
2027-03-27 23:00:00,0.0,150.0,150.0
2027-03-28 00:00:00,0.0,25.0,25.0
2027-03-28 01:00:00,0.0,0.0,0.0
2027-03-28 02:00:00,0.0,68.3,68.3
2027-03-28 03:00:00,0.0,81.7,81.7
2027-03-28 04:00:00,0.0,150.0,150.0
2027-03-28 05:00:00,3.7,150.0,153.7
2027-03-28 06:00:00,2.8,36.7,39.5
2027-03-28 07:00:00,2.3,150.0,152.3
2027-03-28 08:00:00,4.2,150.0,154.2
2027-03-28 09:00:00,3.0,150.0,153.0
2027-03-28 10:00:00,3.2,150.0,153.2
2027-03-28 11:00:00,2.9,38.3,41.2
2027-03-28 12:00:00,1.9,150.0,151.9
2027-03-28 13:00:00,2.8,123.3,126.1
2027-03-28 14:00:00,3.0,150.0,153.0
2027-03-28 15:00:00,4.1,150.0,154.1
2027-03-28 16:00:00,3.3,75.0,78.3
2027-03-28 17:00:00,3.6,96.7,100.3
2027-03-28 18:00:00,2.3,138.3,140.6
2027-03-28 19:00:00,3.2,43.3,46.5
2027-03-28 20:00:00,2.4,150.0,152.4
2027-03-28 21:00:00,1.8,0.0,1.8
2027-03-28 22:00:00,0.0,150.0,150.0
2027-03-28 23:00:00,0.0,150.0,150.0
2027-03-29 00:00:00,0.0,43.3,43.3
2027-03-29 01:00:00,0.0,150.0,150.0
2027-03-29 02:00:00,0.0,150.0,150.0
2027-03-29 03:00:00,0.0,150.0,150.0
2027-03-29 04:00:00,0.0,150.0,150.0
2027-03-29 05:00:00,3.2,118.3,121.5
2027-03-29 06:00:00,3.1,150.0,153.1
2027-03-29 07:00:00,1.3,150.0,151.3
2027-03-29 08:00:00,3.6,41.7,45.3
2027-03-29 09:00:00,2.7,150.0,152.7
2027-03-29 10:00:00,1.9,150.0,151.9
2027-03-29 11:00:00,2.6,68.3,70.9
2027-03-29 12:00:00,2.8,150.0,152.8
2027-03-29 13:00:00,4.5,121.7,126.2
2027-03-29 14:00:00,2.7,150.0,152.7
2027-03-29 15:00:00,2.9,150.0,152.9
2027-03-29 16:00:00,2.7,150.0,152.7
2027-03-29 17:00:00,2.5,101.7,104.2
2027-03-29 18:00:00,3.0,150.0,153.0
2027-03-29 19:00:00,3.3,66.7,70.0
2027-03-29 20:00:00,2.9,0.0,2.9
2027-03-29 21:00:00,2.1,131.7,133.8
2027-03-29 22:00:00,0.0,150.0,150.0
2027-03-29 23:00:00,0.0,150.0,150.0
2027-03-30 00:00:00,0.0,150.0,150.0
2027-03-30 01:00:00,0.0,8.3,8.3
2027-03-30 02:00:00,0.0,150.0,150.0
2027-03-30 03:00:00,0.0,150.0,150.0
2027-03-30 04:00:00,0.0,150.0,150.0
2027-03-30 05:00:00,2.7,81.7,84.4
2027-03-30 06:00:00,3.3,118.3,121.6
2027-03-30 07:00:00,3.9,121.7,125.6
2027-03-30 08:00:00,2.6,18.3,20.9
2027-03-30 09:00:00,4.5,135.0,139.5
2027-03-30 10:00:00,2.7,150.0,152.7
2027-03-30 11:00:00,1.7,90.0,91.7
2027-03-30 12:00:00,2.9,116.7,119.6
2027-03-30 13:00:00,2.8,83.3,86.1
2027-03-30 14:00:00,2.8,150.0,152.8
2027-03-30 15:00:00,2.3,150.0,152.3
2027-03-30 16:00:00,3.6,121.7,125.3
2027-03-30 17:00:00,2.2,150.0,152.2
2027-03-30 18:00:00,2.6,125.0,127.6
2027-03-30 19:00:00,5.2,118.3,123.5
2027-03-30 20:00:00,2.5,128.3,130.8
2027-03-30 21:00:00,3.2,143.3,146.5
2027-03-30 22:00:00,0.0,150.0,150.0
2027-03-30 23:00:00,0.0,150.0,150.0
2027-03-31 00:00:00,0.0,110.0,110.0
2027-03-31 01:00:00,0.0,131.7,131.7
2027-03-31 02:00:00,0.0,0.0,0.0
2027-03-31 03:00:00,0.0,150.0,150.0
2027-03-31 04:00:00,0.0,150.0,150.0
2027-03-31 05:00:00,4.1,41.7,45.8
2027-03-31 06:00:00,2.2,78.3,80.5
2027-03-31 07:00:00,2.2,88.3,90.5
2027-03-31 08:00:00,3.5,150.0,153.5
2027-03-31 09:00:00,2.6,150.0,152.6
2027-03-31 10:00:00,3.2,75.0,78.2
2027-03-31 11:00:00,3.5,108.3,111.8
2027-03-31 12:00:00,2.2,150.0,152.2
2027-03-31 13:00:00,2.9,38.3,41.2
2027-03-31 14:00:00,4.1,150.0,154.1
2027-03-31 15:00:00,4.0,130.0,134.0
2027-03-31 16:00:00,3.0,150.0,153.0
2027-03-31 17:00:00,4.2,150.0,154.2
2027-03-31 18:00:00,4.2,118.3,122.5
2027-03-31 19:00:00,3.6,31.7,35.3
2027-03-31 20:00:00,3.1,150.0,153.1
2027-03-31 21:00:00,2.2,73.3,75.5
2027-03-31 22:00:00,0.0,85.0,85.0
2027-03-31 23:00:00,0.0,150.0,150.0
2027-04-01 00:00:00,0.0,150.0,150.0
2027-04-01 01:00:00,0.0,150.0,150.0
2027-04-01 02:00:00,0.0,150.0,150.0
2027-04-01 03:00:00,0.0,150.0,150.0
2027-04-01 04:00:00,0.0,150.0,150.0
2027-04-01 05:00:00,4.2,40.0,44.2
2027-04-01 06:00:00,3.0,98.3,101.3
2027-04-01 07:00:00,3.1,150.0,153.1
2027-04-01 08:00:00,3.5,78.3,81.8
2027-04-01 09:00:00,3.2,150.0,153.2
2027-04-01 10:00:00,3.0,150.0,153.0
2027-04-01 11:00:00,2.4,150.0,152.4
2027-04-01 12:00:00,3.9,150.0,153.9
2027-04-01 13:00:00,2.4,48.3,50.7
2027-04-01 14:00:00,3.0,150.0,153.0
2027-04-01 15:00:00,2.2,91.7,93.9
2027-04-01 16:00:00,3.8,115.0,118.8
2027-04-01 17:00:00,3.2,150.0,153.2
2027-04-01 18:00:00,3.8,150.0,153.8
2027-04-01 19:00:00,2.7,150.0,152.7
2027-04-01 20:00:00,2.5,150.0,152.5
2027-04-01 21:00:00,3.5,150.0,153.5
2027-04-01 22:00:00,0.0,150.0,150.0
2027-04-01 23:00:00,0.0,150.0,150.0
2027-04-02 00:00:00,0.0,70.0,70.0
2027-04-02 01:00:00,0.0,81.7,81.7
2027-04-02 02:00:00,0.0,150.0,150.0
2027-04-02 03:00:00,0.0,148.3,148.3
2027-04-02 04:00:00,0.0,3.3,3.3
2027-04-02 05:00:00,4.6,150.0,154.6
2027-04-02 06:00:00,3.3,150.0,153.3
2027-04-02 07:00:00,3.1,150.0,153.1
2027-04-02 08:00:00,3.9,148.3,152.2
2027-04-02 09:00:00,2.9,150.0,152.9
2027-04-02 10:00:00,2.0,16.7,18.7
2027-04-02 11:00:00,2.7,150.0,152.7
2027-04-02 12:00:00,2.2,150.0,152.2
2027-04-02 13:00:00,4.0,63.3,67.3
2027-04-02 14:00:00,3.2,150.0,153.2
2027-04-02 15:00:00,3.4,140.0,143.4
2027-04-02 16:00:00,3.1,121.7,124.8
2027-04-02 17:00:00,2.1,150.0,152.1
2027-04-02 18:00:00,4.1,150.0,154.1
2027-04-02 19:00:00,2.8,48.3,51.1
2027-04-02 20:00:00,2.4,145.0,147.4
2027-04-02 21:00:00,2.7,150.0,152.7
2027-04-02 22:00:00,0.0,150.0,150.0
2027-04-02 23:00:00,0.0,21.7,21.7
2027-04-03 00:00:00,0.0,86.7,86.7
2027-04-03 01:00:00,0.0,150.0,150.0
2027-04-03 02:00:00,0.0,150.0,150.0
2027-04-03 03:00:00,0.0,0.0,0.0
2027-04-03 04:00:00,0.0,150.0,150.0
2027-04-03 05:00:00,4.2,66.7,70.9
2027-04-03 06:00:00,4.0,41.7,45.7
2027-04-03 07:00:00,2.7,150.0,152.7
2027-04-03 08:00:00,3.5,71.7,75.2
2027-04-03 09:00:00,3.0,150.0,153.0
2027-04-03 10:00:00,4.0,150.0,154.0
2027-04-03 11:00:00,2.5,150.0,152.5
2027-04-03 12:00:00,2.2,150.0,152.2
2027-04-03 13:00:00,3.8,150.0,153.8
2027-04-03 14:00:00,3.0,150.0,153.0
2027-04-03 15:00:00,2.1,83.3,85.4
2027-04-03 16:00:00,2.5,78.3,80.8
2027-04-03 17:00:00,3.3,150.0,153.3
2027-04-03 18:00:00,3.9,150.0,153.9
2027-04-03 19:00:00,3.7,145.0,148.7
2027-04-03 20:00:00,4.5,130.0,134.5
2027-04-03 21:00:00,2.6,98.3,100.9
2027-04-03 22:00:00,0.0,118.3,118.3
2027-04-03 23:00:00,0.0,150.0,150.0
2027-04-04 00:00:00,0.0,95.0,95.0
2027-04-04 01:00:00,0.0,28.3,28.3
2027-04-04 02:00:00,0.0,106.7,106.7
2027-04-04 03:00:00,0.0,150.0,150.0
2027-04-04 04:00:00,0.0,78.3,78.3
2027-04-04 05:00:00,2.6,130.0,132.6
2027-04-04 06:00:00,3.1,88.3,91.4
2027-04-04 07:00:00,3.1,150.0,153.1
2027-04-04 08:00:00,2.5,138.3,140.8
2027-04-04 09:00:00,3.9,0.0,3.9
2027-04-04 10:00:00,2.1,150.0,152.1
2027-04-04 11:00:00,3.7,150.0,153.7
2027-04-04 12:00:00,4.2,60.0,64.2
2027-04-04 13:00:00,2.8,75.0,77.8
2027-04-04 14:00:00,4.3,26.7,31.0
2027-04-04 15:00:00,3.0,136.7,139.7
2027-04-04 16:00:00,3.3,150.0,153.3
2027-04-04 17:00:00,3.9,150.0,153.9
2027-04-04 18:00:00,3.9,150.0,153.9
2027-04-04 19:00:00,3.0,150.0,153.0
2027-04-04 20:00:00,2.8,143.3,146.1
2027-04-04 21:00:00,2.7,150.0,152.7
2027-04-04 22:00:00,0.0,150.0,150.0
2027-04-04 23:00:00,0.0,150.0,150.0
2027-04-05 00:00:00,0.0,90.0,90.0
2027-04-05 01:00:00,0.0,136.7,136.7
2027-04-05 02:00:00,0.0,150.0,150.0
2027-04-05 03:00:00,0.0,85.0,85.0
2027-04-05 04:00:00,0.0,113.3,113.3
2027-04-05 05:00:00,2.7,150.0,152.7
2027-04-05 06:00:00,3.9,150.0,153.9
2027-04-05 07:00:00,2.7,150.0,152.7
2027-04-05 08:00:00,2.1,88.3,90.4
2027-04-05 09:00:00,3.8,150.0,153.8
2027-04-05 10:00:00,3.5,143.3,146.8
2027-04-05 11:00:00,2.3,150.0,152.3
2027-04-05 12:00:00,4.4,150.0,154.4
2027-04-05 13:00:00,3.6,150.0,153.6
2027-04-05 14:00:00,4.2,150.0,154.2
2027-04-05 15:00:00,2.5,70.0,72.5
2027-04-05 16:00:00,3.2,88.3,91.5
2027-04-05 17:00:00,4.6,150.0,154.6
2027-04-05 18:00:00,3.8,150.0,153.8
2027-04-05 19:00:00,4.3,105.0,109.3
2027-04-05 20:00:00,2.5,150.0,152.5
2027-04-05 21:00:00,1.3,96.7,98.0
2027-04-05 22:00:00,0.0,150.0,150.0
2027-04-05 23:00:00,0.0,138.3,138.3
2027-04-06 00:00:00,0.0,81.7,81.7
2027-04-06 01:00:00,0.0,95.0,95.0
2027-04-06 02:00:00,0.0,76.7,76.7
2027-04-06 03:00:00,0.0,150.0,150.0
2027-04-06 04:00:00,0.0,115.0,115.0
2027-04-06 05:00:00,3.1,150.0,153.1
2027-04-06 06:00:00,2.8,150.0,152.8
2027-04-06 07:00:00,2.9,76.7,79.6
2027-04-06 08:00:00,3.1,143.3,146.4
2027-04-06 09:00:00,2.0,131.7,133.7
2027-04-06 10:00:00,1.8,120.0,121.8
2027-04-06 11:00:00,2.7,100.0,102.7
2027-04-06 12:00:00,4.3,150.0,154.3
2027-04-06 13:00:00,3.5,16.7,20.2
2027-04-06 14:00:00,3.1,123.3,126.4
2027-04-06 15:00:00,4.5,0.0,4.5
2027-04-06 16:00:00,3.0,48.3,51.3
2027-04-06 17:00:00,2.9,150.0,152.9
2027-04-06 18:00:00,3.5,0.0,3.5
2027-04-06 19:00:00,2.3,145.0,147.3
2027-04-06 20:00:00,4.0,63.3,67.3
2027-04-06 21:00:00,3.8,150.0,153.8
2027-04-06 22:00:00,0.0,120.0,120.0
2027-04-06 23:00:00,0.0,150.0,150.0
2027-04-07 00:00:00,0.0,150.0,150.0
2027-04-07 01:00:00,0.0,150.0,150.0
2027-04-07 02:00:00,0.0,150.0,150.0
2027-04-07 03:00:00,0.0,150.0,150.0
2027-04-07 04:00:00,0.0,0.0,0.0
2027-04-07 05:00:00,3.2,150.0,153.2
2027-04-07 06:00:00,4.4,138.3,142.7
2027-04-07 07:00:00,3.4,150.0,153.4
2027-04-07 08:00:00,2.7,150.0,152.7
2027-04-07 09:00:00,3.2,100.0,103.2
2027-04-07 10:00:00,3.3,150.0,153.3
2027-04-07 11:00:00,2.1,150.0,152.1
2027-04-07 12:00:00,3.1,123.3,126.4
2027-04-07 13:00:00,4.2,150.0,154.2
2027-04-07 14:00:00,3.1,150.0,153.1
2027-04-07 15:00:00,1.1,150.0,151.1
2027-04-07 16:00:00,1.7,130.0,131.7
2027-04-07 17:00:00,2.6,150.0,152.6
2027-04-07 18:00:00,3.3,0.0,3.3
2027-04-07 19:00:00,4.6,150.0,154.6
2027-04-07 20:00:00,3.3,86.7,90.0
2027-04-07 21:00:00,2.7,150.0,152.7
2027-04-07 22:00:00,0.0,150.0,150.0
2027-04-07 23:00:00,0.0,100.0,100.0
2027-04-08 00:00:00,0.0,150.0,150.0
2027-04-08 01:00:00,0.0,150.0,150.0
2027-04-08 02:00:00,0.0,138.3,138.3
2027-04-08 03:00:00,0.0,0.0,0.0
2027-04-08 04:00:00,0.0,150.0,150.0
2027-04-08 05:00:00,3.4,150.0,153.4
2027-04-08 06:00:00,2.6,150.0,152.6
2027-04-08 07:00:00,3.3,146.7,150.0
2027-04-08 08:00:00,2.6,78.3,80.9
2027-04-08 09:00:00,2.2,28.3,30.5
2027-04-08 10:00:00,3.9,150.0,153.9
2027-04-08 11:00:00,3.1,150.0,153.1
2027-04-08 12:00:00,2.3,110.0,112.3
2027-04-08 13:00:00,3.2,118.3,121.5
2027-04-08 14:00:00,5.3,101.7,107.0
2027-04-08 15:00:00,4.4,150.0,154.4
2027-04-08 16:00:00,2.5,150.0,152.5
2027-04-08 17:00:00,1.8,98.3,100.1
2027-04-08 18:00:00,2.7,150.0,152.7
2027-04-08 19:00:00,1.7,3.3,5.0
2027-04-08 20:00:00,2.4,150.0,152.4
2027-04-08 21:00:00,2.9,0.0,2.9
2027-04-08 22:00:00,0.0,150.0,150.0
2027-04-08 23:00:00,0.0,150.0,150.0
2027-04-09 00:00:00,0.0,135.0,135.0
2027-04-09 01:00:00,0.0,150.0,150.0
2027-04-09 02:00:00,0.0,150.0,150.0
2027-04-09 03:00:00,0.0,150.0,150.0
2027-04-09 04:00:00,0.0,78.3,78.3
2027-04-09 05:00:00,2.8,56.7,59.5
2027-04-09 06:00:00,2.7,141.7,144.4
2027-04-09 07:00:00,3.6,150.0,153.6
2027-04-09 08:00:00,3.1,150.0,153.1
2027-04-09 09:00:00,4.0,55.0,59.0
2027-04-09 10:00:00,1.9,150.0,151.9
2027-04-09 11:00:00,2.5,150.0,152.5
2027-04-09 12:00:00,2.2,150.0,152.2
2027-04-09 13:00:00,2.8,150.0,152.8
2027-04-09 14:00:00,3.9,150.0,153.9
2027-04-09 15:00:00,4.8,150.0,154.8
2027-04-09 16:00:00,3.4,118.3,121.7
2027-04-09 17:00:00,3.6,126.7,130.3
2027-04-09 18:00:00,1.8,150.0,151.8
2027-04-09 19:00:00,3.5,125.0,128.5
2027-04-09 20:00:00,3.2,60.0,63.2
2027-04-09 21:00:00,2.8,80.0,82.8
2027-04-09 22:00:00,0.0,110.0,110.0
2027-04-09 23:00:00,0.0,58.3,58.3
2027-04-10 00:00:00,0.0,150.0,150.0
2027-04-10 01:00:00,0.0,150.0,150.0
2027-04-10 02:00:00,0.0,150.0,150.0
2027-04-10 03:00:00,0.0,45.0,45.0
2027-04-10 04:00:00,0.0,150.0,150.0
2027-04-10 05:00:00,3.9,150.0,153.9
2027-04-10 06:00:00,3.0,113.3,116.3
2027-04-10 07:00:00,2.4,88.3,90.7
2027-04-10 08:00:00,2.6,116.7,119.3
2027-04-10 09:00:00,3.4,138.3,141.7
2027-04-10 10:00:00,4.2,150.0,154.2
2027-04-10 11:00:00,2.1,150.0,152.1
2027-04-10 12:00:00,3.4,143.3,146.7
2027-04-10 13:00:00,3.1,150.0,153.1
2027-04-10 14:00:00,3.0,150.0,153.0
2027-04-10 15:00:00,3.2,20.0,23.2
2027-04-10 16:00:00,2.7,150.0,152.7
2027-04-10 17:00:00,1.7,150.0,151.7
2027-04-10 18:00:00,4.2,150.0,154.2
2027-04-10 19:00:00,2.5,55.0,57.5
2027-04-10 20:00:00,3.5,41.7,45.2
2027-04-10 21:00:00,3.3,95.0,98.3
2027-04-10 22:00:00,0.0,150.0,150.0
2027-04-10 23:00:00,0.0,150.0,150.0
2027-04-11 00:00:00,0.0,150.0,150.0
2027-04-11 01:00:00,0.0,6.7,6.7
2027-04-11 02:00:00,0.0,50.0,50.0
2027-04-11 03:00:00,0.0,150.0,150.0
2027-04-11 04:00:00,0.0,0.0,0.0
2027-04-11 05:00:00,3.2,150.0,153.2
2027-04-11 06:00:00,3.2,25.0,28.2
2027-04-11 07:00:00,2.3,126.7,129.0
2027-04-11 08:00:00,3.8,23.3,27.1
2027-04-11 09:00:00,3.2,73.3,76.5
2027-04-11 10:00:00,3.0,150.0,153.0
2027-04-11 11:00:00,2.9,146.7,149.6
2027-04-11 12:00:00,1.7,150.0,151.7
2027-04-11 13:00:00,2.1,150.0,152.1
2027-04-11 14:00:00,2.6,141.7,144.3
2027-04-11 15:00:00,3.3,150.0,153.3
2027-04-11 16:00:00,2.9,150.0,152.9
2027-04-11 17:00:00,2.1,150.0,152.1
2027-04-11 18:00:00,2.6,0.0,2.6
2027-04-11 19:00:00,3.9,51.7,55.6
2027-04-11 20:00:00,2.1,150.0,152.1
2027-04-11 21:00:00,3.4,150.0,153.4
2027-04-11 22:00:00,0.0,0.0,0.0
2027-04-11 23:00:00,0.0,150.0,150.0
2027-04-12 00:00:00,0.0,150.0,150.0
2027-04-12 01:00:00,0.0,51.7,51.7
2027-04-12 02:00:00,0.0,61.7,61.7
2027-04-12 03:00:00,0.0,61.7,61.7
2027-04-12 04:00:00,0.0,90.0,90.0
2027-04-12 05:00:00,3.0,150.0,153.0
2027-04-12 06:00:00,2.7,130.0,132.7
2027-04-12 07:00:00,2.6,150.0,152.6
2027-04-12 08:00:00,2.7,150.0,152.7
2027-04-12 09:00:00,2.4,120.0,122.4
2027-04-12 10:00:00,3.4,150.0,153.4
2027-04-12 11:00:00,3.9,141.7,145.6
2027-04-12 12:00:00,3.4,150.0,153.4
2027-04-12 13:00:00,3.4,150.0,153.4
2027-04-12 14:00:00,3.7,150.0,153.7
2027-04-12 15:00:00,3.1,0.0,3.1
2027-04-12 16:00:00,3.7,0.0,3.7
2027-04-12 17:00:00,2.8,150.0,152.8
2027-04-12 18:00:00,3.1,150.0,153.1
2027-04-12 19:00:00,4.1,150.0,154.1
2027-04-12 20:00:00,2.4,150.0,152.4
2027-04-12 21:00:00,3.0,150.0,153.0
2027-04-12 22:00:00,0.0,135.0,135.0
2027-04-12 23:00:00,0.0,150.0,150.0
2027-04-13 00:00:00,0.0,150.0,150.0
2027-04-13 01:00:00,0.0,43.3,43.3
2027-04-13 02:00:00,0.0,150.0,150.0
2027-04-13 03:00:00,0.0,150.0,150.0
2027-04-13 04:00:00,0.0,146.7,146.7
2027-04-13 05:00:00,2.5,150.0,152.5
2027-04-13 06:00:00,3.8,150.0,153.8
2027-04-13 07:00:00,2.2,111.7,113.9
2027-04-13 08:00:00,2.0,150.0,152.0
2027-04-13 09:00:00,1.9,150.0,151.9
2027-04-13 10:00:00,1.9,150.0,151.9
2027-04-13 11:00:00,4.1,150.0,154.1
2027-04-13 12:00:00,2.3,15.0,17.3
2027-04-13 13:00:00,2.8,150.0,152.8
2027-04-13 14:00:00,2.4,150.0,152.4
2027-04-13 15:00:00,2.1,146.7,148.8
2027-04-13 16:00:00,2.7,150.0,152.7
2027-04-13 17:00:00,4.8,101.7,106.5
2027-04-13 18:00:00,2.8,148.3,151.1
2027-04-13 19:00:00,2.4,125.0,127.4
2027-04-13 20:00:00,3.6,150.0,153.6
2027-04-13 21:00:00,2.3,150.0,152.3
2027-04-13 22:00:00,0.0,60.0,60.0
2027-04-13 23:00:00,0.0,78.3,78.3
2027-04-14 00:00:00,0.0,150.0,150.0
2027-04-14 01:00:00,0.0,113.3,113.3
2027-04-14 02:00:00,0.0,133.3,133.3
2027-04-14 03:00:00,0.0,150.0,150.0
2027-04-14 04:00:00,0.0,133.3,133.3
2027-04-14 05:00:00,2.8,150.0,152.8
2027-04-14 06:00:00,2.0,150.0,152.0
2027-04-14 07:00:00,2.2,148.3,150.5
2027-04-14 08:00:00,2.8,150.0,152.8
2027-04-14 09:00:00,3.3,150.0,153.3
2027-04-14 10:00:00,3.9,30.0,33.9
2027-04-14 11:00:00,1.8,80.0,81.8
2027-04-14 12:00:00,3.3,73.3,76.6
2027-04-14 13:00:00,2.9,150.0,152.9
2027-04-14 14:00:00,1.5,86.7,88.2
2027-04-14 15:00:00,3.4,95.0,98.4
2027-04-14 16:00:00,3.6,150.0,153.6
2027-04-14 17:00:00,2.1,150.0,152.1
2027-04-14 18:00:00,4.1,0.0,4.1
2027-04-14 19:00:00,3.6,80.0,83.6
2027-04-14 20:00:00,2.3,85.0,87.3
2027-04-14 21:00:00,3.0,83.3,86.3
2027-04-14 22:00:00,0.0,103.3,103.3
2027-04-14 23:00:00,0.0,0.0,0.0
2027-04-15 00:00:00,0.0,150.0,150.0
2027-04-15 01:00:00,0.0,150.0,150.0
2027-04-15 02:00:00,0.0,71.7,71.7
2027-04-15 03:00:00,0.0,150.0,150.0
2027-04-15 04:00:00,0.0,150.0,150.0
2027-04-15 05:00:00,3.5,150.0,153.5
2027-04-15 06:00:00,3.1,150.0,153.1
2027-04-15 07:00:00,1.7,150.0,151.7
2027-04-15 08:00:00,2.5,0.0,2.5
2027-04-15 09:00:00,2.9,150.0,152.9
2027-04-15 10:00:00,3.0,43.3,46.3
2027-04-15 11:00:00,3.8,103.3,107.1
2027-04-15 12:00:00,3.4,123.3,126.7
2027-04-15 13:00:00,2.9,150.0,152.9
2027-04-15 14:00:00,1.8,150.0,151.8
2027-04-15 15:00:00,2.9,150.0,152.9
2027-04-15 16:00:00,3.5,150.0,153.5
2027-04-15 17:00:00,3.2,150.0,153.2
2027-04-15 18:00:00,1.4,0.0,1.4
2027-04-15 19:00:00,3.0,150.0,153.0
2027-04-15 20:00:00,1.8,150.0,151.8
2027-04-15 21:00:00,2.1,96.7,98.8
2027-04-15 22:00:00,0.0,150.0,150.0
2027-04-15 23:00:00,0.0,20.0,20.0
2027-04-16 00:00:00,0.0,150.0,150.0
2027-04-16 01:00:00,0.0,83.3,83.3
2027-04-16 02:00:00,0.0,10.0,10.0
2027-04-16 03:00:00,0.0,83.3,83.3
2027-04-16 04:00:00,0.0,150.0,150.0
2027-04-16 05:00:00,1.8,150.0,151.8
2027-04-16 06:00:00,3.1,25.0,28.1
2027-04-16 07:00:00,2.9,53.3,56.2
2027-04-16 08:00:00,3.7,150.0,153.7
2027-04-16 09:00:00,2.8,108.3,111.1
2027-04-16 10:00:00,2.8,138.3,141.1
2027-04-16 11:00:00,4.1,141.7,145.8
2027-04-16 12:00:00,2.2,63.3,65.5
2027-04-16 13:00:00,3.5,150.0,153.5
2027-04-16 14:00:00,3.0,110.0,113.0
2027-04-16 15:00:00,1.8,123.3,125.1
2027-04-16 16:00:00,2.6,81.7,84.3
2027-04-16 17:00:00,2.4,53.3,55.7
2027-04-16 18:00:00,2.0,0.0,2.0
2027-04-16 19:00:00,3.1,21.7,24.8
2027-04-16 20:00:00,2.6,30.0,32.6
2027-04-16 21:00:00,3.6,131.7,135.3
2027-04-16 22:00:00,0.0,65.0,65.0
2027-04-16 23:00:00,0.0,150.0,150.0
2027-04-17 00:00:00,0.0,93.3,93.3
2027-04-17 01:00:00,0.0,150.0,150.0
2027-04-17 02:00:00,0.0,28.3,28.3
2027-04-17 03:00:00,0.0,53.3,53.3
2027-04-17 04:00:00,0.0,150.0,150.0
2027-04-17 05:00:00,3.4,150.0,153.4
2027-04-17 06:00:00,2.9,50.0,52.9
2027-04-17 07:00:00,2.9,145.0,147.9
2027-04-17 08:00:00,1.4,61.7,63.1
2027-04-17 09:00:00,3.0,150.0,153.0
2027-04-17 10:00:00,3.2,150.0,153.2
2027-04-17 11:00:00,3.8,150.0,153.8
2027-04-17 12:00:00,4.5,150.0,154.5
2027-04-17 13:00:00,2.7,130.0,132.7
2027-04-17 14:00:00,2.4,150.0,152.4
2027-04-17 15:00:00,4.0,121.7,125.7
2027-04-17 16:00:00,2.3,46.7,49.0
2027-04-17 17:00:00,3.8,150.0,153.8
2027-04-17 18:00:00,3.0,150.0,153.0
2027-04-17 19:00:00,2.0,150.0,152.0
2027-04-17 20:00:00,2.3,106.7,109.0
2027-04-17 21:00:00,2.4,150.0,152.4
2027-04-17 22:00:00,0.0,150.0,150.0
2027-04-17 23:00:00,0.0,150.0,150.0
2027-04-18 00:00:00,0.0,150.0,150.0
2027-04-18 01:00:00,0.0,150.0,150.0
2027-04-18 02:00:00,0.0,88.3,88.3
2027-04-18 03:00:00,0.0,150.0,150.0
2027-04-18 04:00:00,0.0,150.0,150.0
2027-04-18 05:00:00,2.3,150.0,152.3
2027-04-18 06:00:00,2.5,150.0,152.5
2027-04-18 07:00:00,2.7,150.0,152.7
2027-04-18 08:00:00,2.5,61.7,64.2
2027-04-18 09:00:00,3.9,150.0,153.9
2027-04-18 10:00:00,3.0,86.7,89.7
2027-04-18 11:00:00,3.1,150.0,153.1
2027-04-18 12:00:00,4.1,150.0,154.1
2027-04-18 13:00:00,5.0,150.0,155.0
2027-04-18 14:00:00,3.7,150.0,153.7
2027-04-18 15:00:00,4.2,125.0,129.2
2027-04-18 16:00:00,1.6,35.0,36.6
2027-04-18 17:00:00,3.1,150.0,153.1
2027-04-18 18:00:00,3.3,66.7,70.0
2027-04-18 19:00:00,2.9,0.0,2.9
2027-04-18 20:00:00,3.8,86.7,90.5
2027-04-18 21:00:00,2.5,126.7,129.2
2027-04-18 22:00:00,0.0,150.0,150.0
2027-04-18 23:00:00,0.0,150.0,150.0
2027-04-19 00:00:00,0.0,70.0,70.0
2027-04-19 01:00:00,0.0,150.0,150.0
2027-04-19 02:00:00,0.0,121.7,121.7
2027-04-19 03:00:00,0.0,131.7,131.7
2027-04-19 04:00:00,0.0,150.0,150.0
2027-04-19 05:00:00,4.0,150.0,154.0
2027-04-19 06:00:00,2.7,5.0,7.7
2027-04-19 07:00:00,4.5,113.3,117.8
2027-04-19 08:00:00,1.1,150.0,151.1
2027-04-19 09:00:00,1.9,150.0,151.9
2027-04-19 10:00:00,4.2,70.0,74.2
2027-04-19 11:00:00,2.4,90.0,92.4
2027-04-19 12:00:00,3.0,70.0,73.0
2027-04-19 13:00:00,2.9,150.0,152.9
2027-04-19 14:00:00,3.3,11.7,15.0
2027-04-19 15:00:00,3.3,130.0,133.3
2027-04-19 16:00:00,4.9,140.0,144.9
2027-04-19 17:00:00,3.0,150.0,153.0
2027-04-19 18:00:00,3.9,106.7,110.6
2027-04-19 19:00:00,4.2,111.7,115.9
2027-04-19 20:00:00,2.9,150.0,152.9
2027-04-19 21:00:00,3.1,13.3,16.4
2027-04-19 22:00:00,0.0,28.3,28.3
2027-04-19 23:00:00,0.0,25.0,25.0
2027-04-20 00:00:00,0.0,150.0,150.0
2027-04-20 01:00:00,0.0,23.3,23.3
2027-04-20 02:00:00,0.0,146.7,146.7
2027-04-20 03:00:00,0.0,150.0,150.0
2027-04-20 04:00:00,0.0,150.0,150.0
2027-04-20 05:00:00,3.8,146.7,150.5
2027-04-20 06:00:00,3.3,145.0,148.3
2027-04-20 07:00:00,3.6,150.0,153.6
2027-04-20 08:00:00,3.1,25.0,28.1
2027-04-20 09:00:00,4.0,150.0,154.0
2027-04-20 10:00:00,4.5,150.0,154.5
2027-04-20 11:00:00,3.1,0.0,3.1
2027-04-20 12:00:00,3.3,150.0,153.3
2027-04-20 13:00:00,3.1,120.0,123.1
2027-04-20 14:00:00,0.9,150.0,150.9
2027-04-20 15:00:00,2.8,150.0,152.8
2027-04-20 16:00:00,3.8,150.0,153.8
2027-04-20 17:00:00,2.0,150.0,152.0
2027-04-20 18:00:00,4.1,150.0,154.1
2027-04-20 19:00:00,3.2,78.3,81.5
2027-04-20 20:00:00,3.4,126.7,130.1
2027-04-20 21:00:00,3.6,15.0,18.6
2027-04-20 22:00:00,0.0,150.0,150.0
2027-04-20 23:00:00,0.0,120.0,120.0
2027-04-21 00:00:00,0.0,150.0,150.0
2027-04-21 01:00:00,0.0,150.0,150.0
2027-04-21 02:00:00,0.0,150.0,150.0
2027-04-21 03:00:00,0.0,150.0,150.0
2027-04-21 04:00:00,0.0,80.0,80.0
2027-04-21 05:00:00,2.3,146.7,149.0
2027-04-21 06:00:00,3.2,150.0,153.2
2027-04-21 07:00:00,4.5,126.7,131.2
2027-04-21 08:00:00,3.4,121.7,125.1
2027-04-21 09:00:00,3.9,150.0,153.9
2027-04-21 10:00:00,2.9,150.0,152.9
2027-04-21 11:00:00,2.4,150.0,152.4
2027-04-21 12:00:00,2.7,150.0,152.7
2027-04-21 13:00:00,3.5,118.3,121.8
2027-04-21 14:00:00,2.6,28.3,30.9
2027-04-21 15:00:00,3.9,150.0,153.9
2027-04-21 16:00:00,3.2,125.0,128.2
2027-04-21 17:00:00,3.6,150.0,153.6
2027-04-21 18:00:00,3.1,133.3,136.4
2027-04-21 19:00:00,2.5,103.3,105.8
2027-04-21 20:00:00,3.5,83.3,86.8
2027-04-21 21:00:00,2.1,61.7,63.8
2027-04-21 22:00:00,0.0,150.0,150.0
2027-04-21 23:00:00,0.0,120.0,120.0
2027-04-22 00:00:00,0.0,150.0,150.0
2027-04-22 01:00:00,0.0,150.0,150.0
2027-04-22 02:00:00,0.0,150.0,150.0
2027-04-22 03:00:00,0.0,150.0,150.0
2027-04-22 04:00:00,0.0,50.0,50.0
2027-04-22 05:00:00,3.1,150.0,153.1
2027-04-22 06:00:00,1.4,150.0,151.4
2027-04-22 07:00:00,2.5,65.0,67.5
2027-04-22 08:00:00,4.0,150.0,154.0
2027-04-22 09:00:00,3.9,150.0,153.9
2027-04-22 10:00:00,4.1,68.3,72.4
2027-04-22 11:00:00,3.3,0.0,3.3
2027-04-22 12:00:00,3.2,51.7,54.9
2027-04-22 13:00:00,2.6,45.0,47.6
2027-04-22 14:00:00,2.4,108.3,110.7
2027-04-22 15:00:00,2.8,70.0,72.8
2027-04-22 16:00:00,2.8,113.3,116.1
2027-04-22 17:00:00,3.3,1.7,5.0
2027-04-22 18:00:00,3.1,136.7,139.8
2027-04-22 19:00:00,2.6,5.0,7.6
2027-04-22 20:00:00,2.5,150.0,152.5
2027-04-22 21:00:00,2.1,48.3,50.4
2027-04-22 22:00:00,0.0,150.0,150.0
2027-04-22 23:00:00,0.0,53.3,53.3
2027-04-23 00:00:00,0.0,143.3,143.3
2027-04-23 01:00:00,0.0,95.0,95.0
2027-04-23 02:00:00,0.0,150.0,150.0
2027-04-23 03:00:00,0.0,150.0,150.0
2027-04-23 04:00:00,0.0,150.0,150.0
2027-04-23 05:00:00,4.3,40.0,44.3
2027-04-23 06:00:00,3.7,53.3,57.0
2027-04-23 07:00:00,2.7,61.7,64.4
2027-04-23 08:00:00,3.3,150.0,153.3
2027-04-23 09:00:00,2.6,150.0,152.6
2027-04-23 10:00:00,3.1,36.7,39.8
2027-04-23 11:00:00,2.7,150.0,152.7
2027-04-23 12:00:00,3.1,150.0,153.1
2027-04-23 13:00:00,3.1,150.0,153.1
2027-04-23 14:00:00,2.9,150.0,152.9
2027-04-23 15:00:00,2.5,150.0,152.5
2027-04-23 16:00:00,3.1,73.3,76.4
2027-04-23 17:00:00,3.7,116.7,120.4
2027-04-23 18:00:00,2.5,150.0,152.5
2027-04-23 19:00:00,1.7,105.0,106.7
2027-04-23 20:00:00,3.4,0.0,3.4
2027-04-23 21:00:00,2.2,150.0,152.2
2027-04-23 22:00:00,0.0,150.0,150.0
2027-04-23 23:00:00,0.0,150.0,150.0
2027-04-24 00:00:00,0.0,0.0,0.0
2027-04-24 01:00:00,0.0,120.0,120.0
2027-04-24 02:00:00,0.0,83.3,83.3
2027-04-24 03:00:00,0.0,150.0,150.0
2027-04-24 04:00:00,0.0,0.0,0.0
2027-04-24 05:00:00,3.2,150.0,153.2
2027-04-24 06:00:00,4.1,150.0,154.1
2027-04-24 07:00:00,2.9,100.0,102.9
2027-04-24 08:00:00,3.3,140.0,143.3
2027-04-24 09:00:00,2.9,150.0,152.9
2027-04-24 10:00:00,3.7,150.0,153.7
2027-04-24 11:00:00,1.9,126.7,128.6
2027-04-24 12:00:00,3.5,41.7,45.2
2027-04-24 13:00:00,2.6,150.0,152.6
2027-04-24 14:00:00,3.4,150.0,153.4
2027-04-24 15:00:00,2.8,11.7,14.5
2027-04-24 16:00:00,2.7,150.0,152.7
2027-04-24 17:00:00,2.9,150.0,152.9
2027-04-24 18:00:00,3.1,123.3,126.4
2027-04-24 19:00:00,2.8,150.0,152.8
2027-04-24 20:00:00,3.0,150.0,153.0
2027-04-24 21:00:00,4.1,150.0,154.1
2027-04-24 22:00:00,0.0,150.0,150.0
2027-04-24 23:00:00,0.0,61.7,61.7
2027-04-25 00:00:00,0.0,150.0,150.0
2027-04-25 01:00:00,0.0,140.0,140.0
2027-04-25 02:00:00,0.0,133.3,133.3
2027-04-25 03:00:00,0.0,150.0,150.0
2027-04-25 04:00:00,0.0,43.3,43.3
2027-04-25 05:00:00,3.4,150.0,153.4
2027-04-25 06:00:00,2.1,150.0,152.1
2027-04-25 07:00:00,3.0,150.0,153.0
2027-04-25 08:00:00,3.8,150.0,153.8
2027-04-25 09:00:00,1.9,150.0,151.9
2027-04-25 10:00:00,2.7,136.7,139.4
2027-04-25 11:00:00,1.0,146.7,147.7
2027-04-25 12:00:00,2.5,148.3,150.8
2027-04-25 13:00:00,1.7,73.3,75.0
2027-04-25 14:00:00,5.2,150.0,155.2
2027-04-25 15:00:00,3.0,150.0,153.0
2027-04-25 16:00:00,3.7,16.7,20.4
2027-04-25 17:00:00,2.9,71.7,74.6
2027-04-25 18:00:00,2.8,138.3,141.1
2027-04-25 19:00:00,3.8,150.0,153.8
2027-04-25 20:00:00,5.5,150.0,155.5
2027-04-25 21:00:00,2.4,70.0,72.4
2027-04-25 22:00:00,0.0,150.0,150.0
2027-04-25 23:00:00,0.0,56.7,56.7
2027-04-26 00:00:00,0.0,150.0,150.0
2027-04-26 01:00:00,0.0,150.0,150.0
2027-04-26 02:00:00,0.0,150.0,150.0
2027-04-26 03:00:00,0.0,61.7,61.7
2027-04-26 04:00:00,0.0,150.0,150.0
2027-04-26 05:00:00,3.4,150.0,153.4
2027-04-26 06:00:00,4.4,135.0,139.4
2027-04-26 07:00:00,3.4,150.0,153.4
2027-04-26 08:00:00,2.7,65.0,67.7
2027-04-26 09:00:00,4.0,115.0,119.0
2027-04-26 10:00:00,2.7,150.0,152.7
2027-04-26 11:00:00,3.8,135.0,138.8
2027-04-26 12:00:00,2.3,143.3,145.6
2027-04-26 13:00:00,4.1,121.7,125.8
2027-04-26 14:00:00,2.5,5.0,7.5
2027-04-26 15:00:00,2.7,150.0,152.7
2027-04-26 16:00:00,3.1,150.0,153.1
2027-04-26 17:00:00,1.6,68.3,69.9
2027-04-26 18:00:00,2.9,150.0,152.9
2027-04-26 19:00:00,3.0,103.3,106.3
2027-04-26 20:00:00,3.9,150.0,153.9
2027-04-26 21:00:00,2.7,150.0,152.7
2027-04-26 22:00:00,0.0,120.0,120.0
2027-04-26 23:00:00,0.0,18.3,18.3
2027-04-27 00:00:00,0.0,103.3,103.3
2027-04-27 01:00:00,0.0,46.7,46.7
2027-04-27 02:00:00,0.0,150.0,150.0
2027-04-27 03:00:00,0.0,116.7,116.7
2027-04-27 04:00:00,0.0,96.7,96.7
2027-04-27 05:00:00,4.6,150.0,154.6
2027-04-27 06:00:00,4.3,150.0,154.3
2027-04-27 07:00:00,2.8,48.3,51.1
2027-04-27 08:00:00,4.4,126.7,131.1
2027-04-27 09:00:00,3.8,26.7,30.5
2027-04-27 10:00:00,3.3,150.0,153.3
2027-04-27 11:00:00,2.8,120.0,122.8
2027-04-27 12:00:00,2.7,110.0,112.7
2027-04-27 13:00:00,2.5,150.0,152.5
2027-04-27 14:00:00,3.1,150.0,153.1
2027-04-27 15:00:00,3.0,150.0,153.0
2027-04-27 16:00:00,0.8,150.0,150.8
2027-04-27 17:00:00,3.6,150.0,153.6
2027-04-27 18:00:00,1.3,30.0,31.3
2027-04-27 19:00:00,1.9,95.0,96.9
2027-04-27 20:00:00,2.7,138.3,141.0
2027-04-27 21:00:00,3.4,150.0,153.4
2027-04-27 22:00:00,0.0,140.0,140.0
2027-04-27 23:00:00,0.0,150.0,150.0
2027-04-28 00:00:00,0.0,150.0,150.0
2027-04-28 01:00:00,0.0,145.0,145.0
2027-04-28 02:00:00,0.0,71.7,71.7
2027-04-28 03:00:00,0.0,150.0,150.0
2027-04-28 04:00:00,0.0,80.0,80.0
2027-04-28 05:00:00,3.2,150.0,153.2
2027-04-28 06:00:00,2.7,150.0,152.7
2027-04-28 07:00:00,4.0,123.3,127.3
2027-04-28 08:00:00,3.6,150.0,153.6
2027-04-28 09:00:00,3.4,136.7,140.1
2027-04-28 10:00:00,2.9,150.0,152.9
2027-04-28 11:00:00,3.9,150.0,153.9
2027-04-28 12:00:00,2.6,108.3,110.9
2027-04-28 13:00:00,2.7,123.3,126.0
2027-04-28 14:00:00,2.5,150.0,152.5
2027-04-28 15:00:00,3.7,115.0,118.7
2027-04-28 16:00:00,3.2,16.7,19.9
2027-04-28 17:00:00,3.2,101.7,104.9
2027-04-28 18:00:00,3.3,70.0,73.3
2027-04-28 19:00:00,2.3,150.0,152.3
2027-04-28 20:00:00,2.7,83.3,86.0
2027-04-28 21:00:00,2.8,150.0,152.8
2027-04-28 22:00:00,0.0,145.0,145.0
2027-04-28 23:00:00,0.0,145.0,145.0
2027-04-29 00:00:00,0.0,60.0,60.0
2027-04-29 01:00:00,0.0,88.3,88.3
2027-04-29 02:00:00,0.0,88.3,88.3
2027-04-29 03:00:00,0.0,150.0,150.0
2027-04-29 04:00:00,0.0,66.7,66.7
2027-04-29 05:00:00,2.1,123.3,125.4
2027-04-29 06:00:00,2.4,111.7,114.1
2027-04-29 07:00:00,3.8,150.0,153.8
2027-04-29 08:00:00,0.8,25.0,25.8
2027-04-29 09:00:00,4.3,81.7,86.0
2027-04-29 10:00:00,4.2,145.0,149.2
2027-04-29 11:00:00,2.5,106.7,109.2
2027-04-29 12:00:00,2.6,150.0,152.6
2027-04-29 13:00:00,3.5,80.0,83.5
2027-04-29 14:00:00,3.0,140.0,143.0
2027-04-29 15:00:00,4.0,120.0,124.0
2027-04-29 16:00:00,3.0,150.0,153.0
2027-04-29 17:00:00,4.0,150.0,154.0
2027-04-29 18:00:00,2.6,150.0,152.6
2027-04-29 19:00:00,3.5,110.0,113.5
2027-04-29 20:00:00,3.8,63.3,67.1
2027-04-29 21:00:00,3.0,150.0,153.0
2027-04-29 22:00:00,0.0,150.0,150.0
2027-04-29 23:00:00,0.0,115.0,115.0
2027-04-30 00:00:00,0.0,35.0,35.0
2027-04-30 01:00:00,0.0,150.0,150.0
2027-04-30 02:00:00,0.0,100.0,100.0
2027-04-30 03:00:00,0.0,148.3,148.3
2027-04-30 04:00:00,0.0,136.7,136.7
2027-04-30 05:00:00,0.0,131.7,131.7
2027-04-30 06:00:00,0.0,100.0,100.0
2027-04-30 07:00:00,0.0,150.0,150.0
2027-04-30 08:00:00,0.0,135.0,135.0
2027-04-30 09:00:00,0.0,106.7,106.7
2027-04-30 10:00:00,0.0,100.0,100.0
2027-04-30 11:00:00,0.0,150.0,150.0
2027-04-30 12:00:00,0.0,150.0,150.0
2027-04-30 13:00:00,0.0,33.3,33.3
2027-04-30 14:00:00,0.0,0.0,0.0
2027-04-30 15:00:00,0.0,150.0,150.0
2027-04-30 16:00:00,0.0,108.3,108.3
2027-04-30 17:00:00,0.0,150.0,150.0
2027-04-30 18:00:00,0.0,75.0,75.0
2027-04-30 19:00:00,0.0,110.0,110.0
2027-04-30 20:00:00,0.0,150.0,150.0
2027-04-30 21:00:00,0.0,150.0,150.0
2027-04-30 22:00:00,0.0,95.0,95.0
2027-04-30 23:00:00,0.0,150.0,150.0
2027-05-01 00:00:00,0.0,58.3,58.3
2027-05-01 01:00:00,0.0,105.0,105.0
2027-05-01 02:00:00,0.0,150.0,150.0
2027-05-01 03:00:00,0.0,150.0,150.0
2027-05-01 04:00:00,0.0,140.0,140.0
2027-05-01 05:00:00,0.0,150.0,150.0
2027-05-01 06:00:00,0.0,93.3,93.3
2027-05-01 07:00:00,0.0,13.3,13.3
2027-05-01 08:00:00,0.0,150.0,150.0
2027-05-01 09:00:00,0.0,150.0,150.0
2027-05-01 10:00:00,0.0,150.0,150.0
2027-05-01 11:00:00,0.0,0.0,0.0
2027-05-01 12:00:00,0.0,113.3,113.3
2027-05-01 13:00:00,0.0,125.0,125.0
2027-05-01 14:00:00,0.0,150.0,150.0
2027-05-01 15:00:00,0.0,150.0,150.0
2027-05-01 16:00:00,0.0,28.3,28.3
2027-05-01 17:00:00,0.0,150.0,150.0
2027-05-01 18:00:00,0.0,150.0,150.0
2027-05-01 19:00:00,0.0,141.7,141.7
2027-05-01 20:00:00,0.0,101.7,101.7
2027-05-01 21:00:00,0.0,0.0,0.0
2027-05-01 22:00:00,0.0,150.0,150.0
2027-05-01 23:00:00,0.0,126.7,126.7
2027-05-02 00:00:00,0.0,150.0,150.0
2027-05-02 01:00:00,0.0,93.3,93.3
2027-05-02 02:00:00,0.0,101.7,101.7
2027-05-02 03:00:00,0.0,138.3,138.3
2027-05-02 04:00:00,0.0,123.3,123.3
2027-05-02 05:00:00,0.0,15.0,15.0
2027-05-02 06:00:00,0.0,150.0,150.0
2027-05-02 07:00:00,0.0,150.0,150.0
2027-05-02 08:00:00,0.0,3.3,3.3
2027-05-02 09:00:00,0.0,60.0,60.0
2027-05-02 10:00:00,0.0,150.0,150.0
2027-05-02 11:00:00,0.0,0.0,0.0
2027-05-02 12:00:00,0.0,121.7,121.7
2027-05-02 13:00:00,0.0,150.0,150.0
2027-05-02 14:00:00,0.0,150.0,150.0
2027-05-02 15:00:00,0.0,36.7,36.7
2027-05-02 16:00:00,0.0,150.0,150.0
2027-05-02 17:00:00,0.0,1.7,1.7
2027-05-02 18:00:00,0.0,150.0,150.0
2027-05-02 19:00:00,0.0,150.0,150.0
2027-05-02 20:00:00,0.0,91.7,91.7
2027-05-02 21:00:00,0.0,150.0,150.0
2027-05-02 22:00:00,0.0,135.0,135.0
2027-05-02 23:00:00,0.0,141.7,141.7
2027-05-03 00:00:00,0.0,150.0,150.0
2027-05-03 01:00:00,0.0,41.7,41.7
2027-05-03 02:00:00,0.0,150.0,150.0
2027-05-03 03:00:00,0.0,0.0,0.0
2027-05-03 04:00:00,0.0,150.0,150.0
2027-05-03 05:00:00,0.0,150.0,150.0
2027-05-03 06:00:00,0.0,53.3,53.3
2027-05-03 07:00:00,0.0,115.0,115.0
2027-05-03 08:00:00,0.0,150.0,150.0
2027-05-03 09:00:00,0.0,145.0,145.0
2027-05-03 10:00:00,0.0,140.0,140.0
2027-05-03 11:00:00,0.0,0.0,0.0
2027-05-03 12:00:00,0.0,150.0,150.0
2027-05-03 13:00:00,0.0,118.3,118.3
2027-05-03 14:00:00,0.0,36.7,36.7
2027-05-03 15:00:00,0.0,150.0,150.0
2027-05-03 16:00:00,0.0,113.3,113.3
2027-05-03 17:00:00,0.0,150.0,150.0
2027-05-03 18:00:00,0.0,136.7,136.7
2027-05-03 19:00:00,0.0,150.0,150.0
2027-05-03 20:00:00,0.0,150.0,150.0
2027-05-03 21:00:00,0.0,91.7,91.7
2027-05-03 22:00:00,0.0,140.0,140.0
2027-05-03 23:00:00,0.0,150.0,150.0
2027-05-04 00:00:00,0.0,150.0,150.0
2027-05-04 01:00:00,0.0,150.0,150.0
2027-05-04 02:00:00,0.0,86.7,86.7
2027-05-04 03:00:00,0.0,150.0,150.0
2027-05-04 04:00:00,0.0,131.7,131.7
2027-05-04 05:00:00,0.0,150.0,150.0
2027-05-04 06:00:00,0.0,150.0,150.0
2027-05-04 07:00:00,0.0,150.0,150.0
2027-05-04 08:00:00,0.0,131.7,131.7
2027-05-04 09:00:00,0.0,150.0,150.0
2027-05-04 10:00:00,0.0,150.0,150.0
2027-05-04 11:00:00,0.0,150.0,150.0
2027-05-04 12:00:00,0.0,16.7,16.7
2027-05-04 13:00:00,0.0,150.0,150.0
2027-05-04 14:00:00,0.0,120.0,120.0
2027-05-04 15:00:00,0.0,150.0,150.0
2027-05-04 16:00:00,0.0,106.7,106.7
2027-05-04 17:00:00,0.0,150.0,150.0
2027-05-04 18:00:00,0.0,110.0,110.0
2027-05-04 19:00:00,0.0,0.0,0.0
2027-05-04 20:00:00,0.0,60.0,60.0
2027-05-04 21:00:00,0.0,150.0,150.0
2027-05-04 22:00:00,0.0,150.0,150.0
2027-05-04 23:00:00,0.0,150.0,150.0
2027-05-05 00:00:00,0.0,150.0,150.0
2027-05-05 01:00:00,0.0,150.0,150.0
2027-05-05 02:00:00,0.0,83.3,83.3
2027-05-05 03:00:00,0.0,150.0,150.0
2027-05-05 04:00:00,0.0,93.3,93.3
2027-05-05 05:00:00,0.0,150.0,150.0
2027-05-05 06:00:00,0.0,150.0,150.0
2027-05-05 07:00:00,0.0,25.0,25.0
2027-05-05 08:00:00,0.0,150.0,150.0
2027-05-05 09:00:00,0.0,150.0,150.0
2027-05-05 10:00:00,0.0,150.0,150.0
2027-05-05 11:00:00,0.0,150.0,150.0
2027-05-05 12:00:00,0.0,150.0,150.0
2027-05-05 13:00:00,0.0,125.0,125.0
2027-05-05 14:00:00,0.0,105.0,105.0
2027-05-05 15:00:00,0.0,150.0,150.0
2027-05-05 16:00:00,0.0,150.0,150.0
2027-05-05 17:00:00,0.0,33.3,33.3
2027-05-05 18:00:00,0.0,150.0,150.0
2027-05-05 19:00:00,0.0,150.0,150.0
2027-05-05 20:00:00,0.0,86.7,86.7
2027-05-05 21:00:00,0.0,56.7,56.7
2027-05-05 22:00:00,0.0,150.0,150.0
2027-05-05 23:00:00,0.0,53.3,53.3
2027-05-06 00:00:00,0.0,150.0,150.0
2027-05-06 01:00:00,0.0,150.0,150.0
2027-05-06 02:00:00,0.0,53.3,53.3
2027-05-06 03:00:00,0.0,150.0,150.0
2027-05-06 04:00:00,0.0,140.0,140.0
2027-05-06 05:00:00,0.0,150.0,150.0
2027-05-06 06:00:00,0.0,150.0,150.0
2027-05-06 07:00:00,0.0,0.0,0.0
2027-05-06 08:00:00,0.0,121.7,121.7
2027-05-06 09:00:00,0.0,68.3,68.3
2027-05-06 10:00:00,0.0,138.3,138.3
2027-05-06 11:00:00,0.0,150.0,150.0
2027-05-06 12:00:00,0.0,21.7,21.7
2027-05-06 13:00:00,0.0,150.0,150.0
2027-05-06 14:00:00,0.0,93.3,93.3
2027-05-06 15:00:00,0.0,65.0,65.0
2027-05-06 16:00:00,0.0,150.0,150.0
2027-05-06 17:00:00,0.0,88.3,88.3
2027-05-06 18:00:00,0.0,83.3,83.3
2027-05-06 19:00:00,0.0,133.3,133.3
2027-05-06 20:00:00,0.0,150.0,150.0
2027-05-06 21:00:00,0.0,8.3,8.3
2027-05-06 22:00:00,0.0,128.3,128.3
2027-05-06 23:00:00,0.0,0.0,0.0
2027-05-07 00:00:00,0.0,136.7,136.7
2027-05-07 01:00:00,0.0,43.3,43.3
2027-05-07 02:00:00,0.0,150.0,150.0
2027-05-07 03:00:00,0.0,138.3,138.3
2027-05-07 04:00:00,0.0,53.3,53.3
2027-05-07 05:00:00,0.0,68.3,68.3
2027-05-07 06:00:00,0.0,150.0,150.0
2027-05-07 07:00:00,0.0,108.3,108.3
2027-05-07 08:00:00,0.0,35.0,35.0
2027-05-07 09:00:00,0.0,150.0,150.0
2027-05-07 10:00:00,0.0,91.7,91.7
2027-05-07 11:00:00,0.0,81.7,81.7
2027-05-07 12:00:00,0.0,150.0,150.0
2027-05-07 13:00:00,0.0,116.7,116.7
2027-05-07 14:00:00,0.0,150.0,150.0
2027-05-07 15:00:00,0.0,16.7,16.7
2027-05-07 16:00:00,0.0,105.0,105.0
2027-05-07 17:00:00,0.0,150.0,150.0
2027-05-07 18:00:00,0.0,145.0,145.0
2027-05-07 19:00:00,0.0,150.0,150.0
2027-05-07 20:00:00,0.0,150.0,150.0
2027-05-07 21:00:00,0.0,63.3,63.3
2027-05-07 22:00:00,0.0,38.3,38.3
2027-05-07 23:00:00,0.0,110.0,110.0
2027-05-08 00:00:00,0.0,90.0,90.0
2027-05-08 01:00:00,0.0,45.0,45.0
2027-05-08 02:00:00,0.0,116.7,116.7
2027-05-08 03:00:00,0.0,150.0,150.0
2027-05-08 04:00:00,0.0,138.3,138.3
2027-05-08 05:00:00,0.0,150.0,150.0
2027-05-08 06:00:00,0.0,150.0,150.0
2027-05-08 07:00:00,0.0,150.0,150.0
2027-05-08 08:00:00,0.0,65.0,65.0
2027-05-08 09:00:00,0.0,95.0,95.0
2027-05-08 10:00:00,0.0,60.0,60.0
2027-05-08 11:00:00,0.0,133.3,133.3
2027-05-08 12:00:00,0.0,11.7,11.7
2027-05-08 13:00:00,0.0,31.7,31.7
2027-05-08 14:00:00,0.0,150.0,150.0
2027-05-08 15:00:00,0.0,150.0,150.0
2027-05-08 16:00:00,0.0,150.0,150.0
2027-05-08 17:00:00,0.0,131.7,131.7
2027-05-08 18:00:00,0.0,150.0,150.0
2027-05-08 19:00:00,0.0,150.0,150.0
2027-05-08 20:00:00,0.0,150.0,150.0
2027-05-08 21:00:00,0.0,150.0,150.0
2027-05-08 22:00:00,0.0,150.0,150.0
2027-05-08 23:00:00,0.0,86.7,86.7
2027-05-09 00:00:00,0.0,33.3,33.3
2027-05-09 01:00:00,0.0,150.0,150.0
2027-05-09 02:00:00,0.0,113.3,113.3
2027-05-09 03:00:00,0.0,150.0,150.0
2027-05-09 04:00:00,0.0,150.0,150.0
2027-05-09 05:00:00,0.0,150.0,150.0
2027-05-09 06:00:00,0.0,96.7,96.7
2027-05-09 07:00:00,0.0,103.3,103.3
2027-05-09 08:00:00,0.0,113.3,113.3
2027-05-09 09:00:00,0.0,150.0,150.0
2027-05-09 10:00:00,0.0,150.0,150.0
2027-05-09 11:00:00,0.0,150.0,150.0
2027-05-09 12:00:00,0.0,150.0,150.0
2027-05-09 13:00:00,0.0,18.3,18.3
2027-05-09 14:00:00,0.0,150.0,150.0
2027-05-09 15:00:00,0.0,110.0,110.0
2027-05-09 16:00:00,0.0,150.0,150.0
2027-05-09 17:00:00,0.0,116.7,116.7
2027-05-09 18:00:00,0.0,150.0,150.0
2027-05-09 19:00:00,0.0,121.7,121.7
2027-05-09 20:00:00,0.0,150.0,150.0
2027-05-09 21:00:00,0.0,143.3,143.3
2027-05-09 22:00:00,0.0,6.7,6.7
2027-05-09 23:00:00,0.0,150.0,150.0
2027-05-10 00:00:00,0.0,150.0,150.0
2027-05-10 01:00:00,0.0,51.7,51.7
2027-05-10 02:00:00,0.0,120.0,120.0
2027-05-10 03:00:00,0.0,61.7,61.7
2027-05-10 04:00:00,0.0,86.7,86.7
2027-05-10 05:00:00,0.0,106.7,106.7
2027-05-10 06:00:00,0.0,88.3,88.3
2027-05-10 07:00:00,0.0,65.0,65.0
2027-05-10 08:00:00,0.0,150.0,150.0
2027-05-10 09:00:00,0.0,150.0,150.0
2027-05-10 10:00:00,0.0,126.7,126.7
2027-05-10 11:00:00,0.0,150.0,150.0
2027-05-10 12:00:00,0.0,150.0,150.0
2027-05-10 13:00:00,0.0,150.0,150.0
2027-05-10 14:00:00,0.0,150.0,150.0
2027-05-10 15:00:00,0.0,150.0,150.0
2027-05-10 16:00:00,0.0,150.0,150.0
2027-05-10 17:00:00,0.0,118.3,118.3
2027-05-10 18:00:00,0.0,150.0,150.0
2027-05-10 19:00:00,0.0,56.7,56.7
2027-05-10 20:00:00,0.0,148.3,148.3
2027-05-10 21:00:00,0.0,16.7,16.7
2027-05-10 22:00:00,0.0,150.0,150.0
2027-05-10 23:00:00,0.0,0.0,0.0
2027-05-11 00:00:00,0.0,150.0,150.0
2027-05-11 01:00:00,0.0,35.0,35.0
2027-05-11 02:00:00,0.0,0.0,0.0
2027-05-11 03:00:00,0.0,15.0,15.0
2027-05-11 04:00:00,0.0,150.0,150.0
2027-05-11 05:00:00,0.0,0.0,0.0
2027-05-11 06:00:00,0.0,150.0,150.0
2027-05-11 07:00:00,0.0,0.0,0.0
2027-05-11 08:00:00,0.0,150.0,150.0
2027-05-11 09:00:00,0.0,45.0,45.0
2027-05-11 10:00:00,0.0,116.7,116.7
2027-05-11 11:00:00,0.0,125.0,125.0
2027-05-11 12:00:00,0.0,16.7,16.7
2027-05-11 13:00:00,0.0,150.0,150.0
2027-05-11 14:00:00,0.0,111.7,111.7
2027-05-11 15:00:00,0.0,106.7,106.7
2027-05-11 16:00:00,0.0,150.0,150.0
2027-05-11 17:00:00,0.0,136.7,136.7
2027-05-11 18:00:00,0.0,150.0,150.0
2027-05-11 19:00:00,0.0,128.3,128.3
2027-05-11 20:00:00,0.0,150.0,150.0
2027-05-11 21:00:00,0.0,108.3,108.3
2027-05-11 22:00:00,0.0,66.7,66.7
2027-05-11 23:00:00,0.0,150.0,150.0
2027-05-12 00:00:00,0.0,135.0,135.0
2027-05-12 01:00:00,0.0,111.7,111.7
2027-05-12 02:00:00,0.0,150.0,150.0
2027-05-12 03:00:00,0.0,150.0,150.0
2027-05-12 04:00:00,0.0,150.0,150.0
2027-05-12 05:00:00,0.0,150.0,150.0
2027-05-12 06:00:00,0.0,141.7,141.7
2027-05-12 07:00:00,0.0,150.0,150.0
2027-05-12 08:00:00,0.0,56.7,56.7
2027-05-12 09:00:00,0.0,150.0,150.0
2027-05-12 10:00:00,0.0,143.3,143.3
2027-05-12 11:00:00,0.0,150.0,150.0
2027-05-12 12:00:00,0.0,150.0,150.0
2027-05-12 13:00:00,0.0,93.3,93.3
2027-05-12 14:00:00,0.0,91.7,91.7
2027-05-12 15:00:00,0.0,150.0,150.0
2027-05-12 16:00:00,0.0,103.3,103.3
2027-05-12 17:00:00,0.0,21.7,21.7
2027-05-12 18:00:00,0.0,21.7,21.7
2027-05-12 19:00:00,0.0,25.0,25.0
2027-05-12 20:00:00,0.0,0.0,0.0
2027-05-12 21:00:00,0.0,0.0,0.0
2027-05-12 22:00:00,0.0,45.0,45.0
2027-05-12 23:00:00,0.0,128.3,128.3
2027-05-13 00:00:00,0.0,150.0,150.0
2027-05-13 01:00:00,0.0,81.7,81.7
2027-05-13 02:00:00,0.0,128.3,128.3
2027-05-13 03:00:00,0.0,150.0,150.0
2027-05-13 04:00:00,0.0,128.3,128.3
2027-05-13 05:00:00,0.0,118.3,118.3
2027-05-13 06:00:00,0.0,10.0,10.0
2027-05-13 07:00:00,0.0,150.0,150.0
2027-05-13 08:00:00,0.0,150.0,150.0
2027-05-13 09:00:00,0.0,120.0,120.0
2027-05-13 10:00:00,0.0,150.0,150.0
2027-05-13 11:00:00,0.0,150.0,150.0
2027-05-13 12:00:00,0.0,108.3,108.3
2027-05-13 13:00:00,0.0,150.0,150.0
2027-05-13 14:00:00,0.0,150.0,150.0
2027-05-13 15:00:00,0.0,98.3,98.3
2027-05-13 16:00:00,0.0,150.0,150.0
2027-05-13 17:00:00,0.0,150.0,150.0
2027-05-13 18:00:00,0.0,150.0,150.0
2027-05-13 19:00:00,0.0,18.3,18.3
2027-05-13 20:00:00,0.0,150.0,150.0
2027-05-13 21:00:00,0.0,85.0,85.0
2027-05-13 22:00:00,0.0,150.0,150.0
2027-05-13 23:00:00,0.0,53.3,53.3
2027-05-14 00:00:00,0.0,150.0,150.0
2027-05-14 01:00:00,0.0,150.0,150.0
2027-05-14 02:00:00,0.0,150.0,150.0
2027-05-14 03:00:00,0.0,20.0,20.0
2027-05-14 04:00:00,0.0,23.3,23.3
2027-05-14 05:00:00,0.0,150.0,150.0
2027-05-14 06:00:00,0.0,71.7,71.7
2027-05-14 07:00:00,0.0,96.7,96.7
2027-05-14 08:00:00,0.0,150.0,150.0
2027-05-14 09:00:00,0.0,150.0,150.0
2027-05-14 10:00:00,0.0,150.0,150.0
2027-05-14 11:00:00,0.0,150.0,150.0
2027-05-14 12:00:00,0.0,150.0,150.0
2027-05-14 13:00:00,0.0,95.0,95.0
2027-05-14 14:00:00,0.0,150.0,150.0
2027-05-14 15:00:00,0.0,150.0,150.0
2027-05-14 16:00:00,0.0,150.0,150.0
2027-05-14 17:00:00,0.0,150.0,150.0
2027-05-14 18:00:00,0.0,3.3,3.3
2027-05-14 19:00:00,0.0,150.0,150.0
2027-05-14 20:00:00,0.0,100.0,100.0
2027-05-14 21:00:00,0.0,150.0,150.0
2027-05-14 22:00:00,0.0,110.0,110.0
2027-05-14 23:00:00,0.0,73.3,73.3
2027-05-15 00:00:00,0.0,98.3,98.3
2027-05-15 01:00:00,0.0,16.7,16.7
2027-05-15 02:00:00,0.0,85.0,85.0
2027-05-15 03:00:00,0.0,150.0,150.0
2027-05-15 04:00:00,0.0,150.0,150.0
2027-05-15 05:00:00,0.0,0.0,0.0
2027-05-15 06:00:00,0.0,103.3,103.3
2027-05-15 07:00:00,0.0,116.7,116.7
2027-05-15 08:00:00,0.0,83.3,83.3
2027-05-15 09:00:00,0.0,76.7,76.7
2027-05-15 10:00:00,0.0,96.7,96.7
2027-05-15 11:00:00,0.0,150.0,150.0
2027-05-15 12:00:00,0.0,150.0,150.0
2027-05-15 13:00:00,0.0,150.0,150.0
2027-05-15 14:00:00,0.0,150.0,150.0
2027-05-15 15:00:00,0.0,150.0,150.0
2027-05-15 16:00:00,0.0,150.0,150.0
2027-05-15 17:00:00,0.0,150.0,150.0
2027-05-15 18:00:00,0.0,101.7,101.7
2027-05-15 19:00:00,0.0,150.0,150.0
2027-05-15 20:00:00,0.0,145.0,145.0
2027-05-15 21:00:00,0.0,150.0,150.0
2027-05-15 22:00:00,0.0,75.0,75.0
2027-05-15 23:00:00,0.0,150.0,150.0
2027-05-16 00:00:00,0.0,150.0,150.0
2027-05-16 01:00:00,0.0,25.0,25.0
2027-05-16 02:00:00,0.0,0.0,0.0
2027-05-16 03:00:00,0.0,121.7,121.7
2027-05-16 04:00:00,0.0,150.0,150.0
2027-05-16 05:00:00,0.0,150.0,150.0
2027-05-16 06:00:00,0.0,83.3,83.3
2027-05-16 07:00:00,0.0,121.7,121.7
2027-05-16 08:00:00,0.0,150.0,150.0
2027-05-16 09:00:00,0.0,150.0,150.0
2027-05-16 10:00:00,0.0,118.3,118.3
2027-05-16 11:00:00,0.0,90.0,90.0
2027-05-16 12:00:00,0.0,150.0,150.0
2027-05-16 13:00:00,0.0,55.0,55.0
2027-05-16 14:00:00,0.0,150.0,150.0
2027-05-16 15:00:00,0.0,70.0,70.0
2027-05-16 16:00:00,0.0,133.3,133.3
2027-05-16 17:00:00,0.0,150.0,150.0
2027-05-16 18:00:00,0.0,45.0,45.0
2027-05-16 19:00:00,0.0,150.0,150.0
2027-05-16 20:00:00,0.0,100.0,100.0
2027-05-16 21:00:00,0.0,150.0,150.0
2027-05-16 22:00:00,0.0,28.3,28.3
2027-05-16 23:00:00,0.0,101.7,101.7
2027-05-17 00:00:00,0.0,28.3,28.3
2027-05-17 01:00:00,0.0,150.0,150.0
2027-05-17 02:00:00,0.0,150.0,150.0
2027-05-17 03:00:00,0.0,121.7,121.7
2027-05-17 04:00:00,0.0,45.0,45.0
2027-05-17 05:00:00,0.0,40.0,40.0
2027-05-17 06:00:00,0.0,150.0,150.0
2027-05-17 07:00:00,0.0,0.0,0.0
2027-05-17 08:00:00,0.0,150.0,150.0
2027-05-17 09:00:00,0.0,150.0,150.0
2027-05-17 10:00:00,0.0,20.0,20.0
2027-05-17 11:00:00,0.0,103.3,103.3
2027-05-17 12:00:00,0.0,150.0,150.0
2027-05-17 13:00:00,0.0,128.3,128.3
2027-05-17 14:00:00,0.0,150.0,150.0
2027-05-17 15:00:00,0.0,150.0,150.0
2027-05-17 16:00:00,0.0,133.3,133.3
2027-05-17 17:00:00,0.0,0.0,0.0
2027-05-17 18:00:00,0.0,0.0,0.0
2027-05-17 19:00:00,0.0,11.7,11.7
2027-05-17 20:00:00,0.0,118.3,118.3
2027-05-17 21:00:00,0.0,150.0,150.0
2027-05-17 22:00:00,0.0,150.0,150.0
2027-05-17 23:00:00,0.0,95.0,95.0
2027-05-18 00:00:00,0.0,150.0,150.0
2027-05-18 01:00:00,0.0,150.0,150.0
2027-05-18 02:00:00,0.0,150.0,150.0
2027-05-18 03:00:00,0.0,95.0,95.0
2027-05-18 04:00:00,0.0,150.0,150.0
2027-05-18 05:00:00,0.0,91.7,91.7
2027-05-18 06:00:00,0.0,93.3,93.3
2027-05-18 07:00:00,0.0,150.0,150.0
2027-05-18 08:00:00,0.0,60.0,60.0
2027-05-18 09:00:00,0.0,101.7,101.7
2027-05-18 10:00:00,0.0,33.3,33.3
2027-05-18 11:00:00,0.0,143.3,143.3
2027-05-18 12:00:00,0.0,150.0,150.0
2027-05-18 13:00:00,0.0,150.0,150.0
2027-05-18 14:00:00,0.0,150.0,150.0
2027-05-18 15:00:00,0.0,150.0,150.0
2027-05-18 16:00:00,0.0,150.0,150.0
2027-05-18 17:00:00,0.0,150.0,150.0
2027-05-18 18:00:00,0.0,0.0,0.0
2027-05-18 19:00:00,0.0,150.0,150.0
2027-05-18 20:00:00,0.0,150.0,150.0
2027-05-18 21:00:00,0.0,61.7,61.7
2027-05-18 22:00:00,0.0,78.3,78.3
2027-05-18 23:00:00,0.0,150.0,150.0
2027-05-19 00:00:00,0.0,10.0,10.0
2027-05-19 01:00:00,0.0,108.3,108.3
2027-05-19 02:00:00,0.0,148.3,148.3
2027-05-19 03:00:00,0.0,150.0,150.0
2027-05-19 04:00:00,0.0,105.0,105.0
2027-05-19 05:00:00,0.0,150.0,150.0
2027-05-19 06:00:00,0.0,150.0,150.0
2027-05-19 07:00:00,0.0,60.0,60.0
2027-05-19 08:00:00,0.0,150.0,150.0
2027-05-19 09:00:00,0.0,108.3,108.3
2027-05-19 10:00:00,0.0,56.7,56.7
2027-05-19 11:00:00,0.0,150.0,150.0
2027-05-19 12:00:00,0.0,141.7,141.7
2027-05-19 13:00:00,0.0,0.0,0.0
2027-05-19 14:00:00,0.0,150.0,150.0
2027-05-19 15:00:00,0.0,150.0,150.0
2027-05-19 16:00:00,0.0,150.0,150.0
2027-05-19 17:00:00,0.0,118.3,118.3
2027-05-19 18:00:00,0.0,150.0,150.0
2027-05-19 19:00:00,0.0,120.0,120.0
2027-05-19 20:00:00,0.0,150.0,150.0
2027-05-19 21:00:00,0.0,150.0,150.0
2027-05-19 22:00:00,0.0,150.0,150.0
2027-05-19 23:00:00,0.0,150.0,150.0
2027-05-20 00:00:00,0.0,150.0,150.0
2027-05-20 01:00:00,0.0,58.3,58.3
2027-05-20 02:00:00,0.0,125.0,125.0
2027-05-20 03:00:00,0.0,146.7,146.7
2027-05-20 04:00:00,0.0,150.0,150.0
2027-05-20 05:00:00,0.0,150.0,150.0
2027-05-20 06:00:00,0.0,150.0,150.0
2027-05-20 07:00:00,0.0,123.3,123.3
2027-05-20 08:00:00,0.0,150.0,150.0
2027-05-20 09:00:00,0.0,150.0,150.0
2027-05-20 10:00:00,0.0,96.7,96.7
2027-05-20 11:00:00,0.0,131.7,131.7
2027-05-20 12:00:00,0.0,150.0,150.0
2027-05-20 13:00:00,0.0,0.0,0.0
2027-05-20 14:00:00,0.0,150.0,150.0
2027-05-20 15:00:00,0.0,150.0,150.0
2027-05-20 16:00:00,0.0,150.0,150.0
2027-05-20 17:00:00,0.0,150.0,150.0
2027-05-20 18:00:00,0.0,106.7,106.7
2027-05-20 19:00:00,0.0,150.0,150.0
2027-05-20 20:00:00,0.0,91.7,91.7
2027-05-20 21:00:00,0.0,150.0,150.0
2027-05-20 22:00:00,0.0,78.3,78.3
2027-05-20 23:00:00,0.0,150.0,150.0
2027-05-21 00:00:00,0.0,96.7,96.7
2027-05-21 01:00:00,0.0,150.0,150.0
2027-05-21 02:00:00,0.0,150.0,150.0
2027-05-21 03:00:00,0.0,150.0,150.0
2027-05-21 04:00:00,0.0,150.0,150.0
2027-05-21 05:00:00,0.0,150.0,150.0
2027-05-21 06:00:00,0.0,71.7,71.7
2027-05-21 07:00:00,0.0,95.0,95.0
2027-05-21 08:00:00,0.0,150.0,150.0
2027-05-21 09:00:00,0.0,148.3,148.3
2027-05-21 10:00:00,0.0,48.3,48.3
2027-05-21 11:00:00,0.0,150.0,150.0
2027-05-21 12:00:00,0.0,91.7,91.7
2027-05-21 13:00:00,0.0,150.0,150.0
2027-05-21 14:00:00,0.0,63.3,63.3
2027-05-21 15:00:00,0.0,121.7,121.7
2027-05-21 16:00:00,0.0,150.0,150.0
2027-05-21 17:00:00,0.0,121.7,121.7
2027-05-21 18:00:00,0.0,150.0,150.0
2027-05-21 19:00:00,0.0,150.0,150.0
2027-05-21 20:00:00,0.0,80.0,80.0
2027-05-21 21:00:00,0.0,148.3,148.3
2027-05-21 22:00:00,0.0,150.0,150.0
2027-05-21 23:00:00,0.0,95.0,95.0
2027-05-22 00:00:00,0.0,150.0,150.0
2027-05-22 01:00:00,0.0,115.0,115.0
2027-05-22 02:00:00,0.0,150.0,150.0
2027-05-22 03:00:00,0.0,150.0,150.0
2027-05-22 04:00:00,0.0,100.0,100.0
2027-05-22 05:00:00,0.0,150.0,150.0
2027-05-22 06:00:00,0.0,81.7,81.7
2027-05-22 07:00:00,0.0,0.0,0.0
2027-05-22 08:00:00,0.0,150.0,150.0
2027-05-22 09:00:00,0.0,110.0,110.0
2027-05-22 10:00:00,0.0,150.0,150.0
2027-05-22 11:00:00,0.0,98.3,98.3
2027-05-22 12:00:00,0.0,150.0,150.0
2027-05-22 13:00:00,0.0,75.0,75.0
2027-05-22 14:00:00,0.0,88.3,88.3
2027-05-22 15:00:00,0.0,0.0,0.0
2027-05-22 16:00:00,0.0,0.0,0.0
2027-05-22 17:00:00,0.0,73.3,73.3
2027-05-22 18:00:00,0.0,71.7,71.7
2027-05-22 19:00:00,0.0,150.0,150.0
2027-05-22 20:00:00,0.0,0.0,0.0
2027-05-22 21:00:00,0.0,150.0,150.0
2027-05-22 22:00:00,0.0,111.7,111.7
2027-05-22 23:00:00,0.0,150.0,150.0
2027-05-23 00:00:00,0.0,150.0,150.0
2027-05-23 01:00:00,0.0,143.3,143.3
2027-05-23 02:00:00,0.0,150.0,150.0
2027-05-23 03:00:00,0.0,0.0,0.0
2027-05-23 04:00:00,0.0,150.0,150.0
2027-05-23 05:00:00,0.0,1.7,1.7
2027-05-23 06:00:00,0.0,145.0,145.0
2027-05-23 07:00:00,0.0,150.0,150.0
2027-05-23 08:00:00,0.0,148.3,148.3
2027-05-23 09:00:00,0.0,150.0,150.0
2027-05-23 10:00:00,0.0,78.3,78.3
2027-05-23 11:00:00,0.0,150.0,150.0
2027-05-23 12:00:00,0.0,138.3,138.3
2027-05-23 13:00:00,0.0,150.0,150.0
2027-05-23 14:00:00,0.0,70.0,70.0
2027-05-23 15:00:00,0.0,148.3,148.3
2027-05-23 16:00:00,0.0,105.0,105.0
2027-05-23 17:00:00,0.0,150.0,150.0
2027-05-23 18:00:00,0.0,83.3,83.3
2027-05-23 19:00:00,0.0,120.0,120.0
2027-05-23 20:00:00,0.0,150.0,150.0
2027-05-23 21:00:00,0.0,111.7,111.7
2027-05-23 22:00:00,0.0,150.0,150.0
2027-05-23 23:00:00,0.0,51.7,51.7
2027-05-24 00:00:00,0.0,150.0,150.0
2027-05-24 01:00:00,0.0,150.0,150.0
2027-05-24 02:00:00,0.0,150.0,150.0
2027-05-24 03:00:00,0.0,150.0,150.0
2027-05-24 04:00:00,0.0,150.0,150.0
2027-05-24 05:00:00,0.0,150.0,150.0
2027-05-24 06:00:00,0.0,150.0,150.0
2027-05-24 07:00:00,0.0,53.3,53.3
2027-05-24 08:00:00,0.0,150.0,150.0
2027-05-24 09:00:00,0.0,98.3,98.3
2027-05-24 10:00:00,0.0,101.7,101.7
2027-05-24 11:00:00,0.0,0.0,0.0
2027-05-24 12:00:00,0.0,150.0,150.0
2027-05-24 13:00:00,0.0,150.0,150.0
2027-05-24 14:00:00,0.0,103.3,103.3
2027-05-24 15:00:00,0.0,126.7,126.7
2027-05-24 16:00:00,0.0,60.0,60.0
2027-05-24 17:00:00,0.0,150.0,150.0
2027-05-24 18:00:00,0.0,150.0,150.0
2027-05-24 19:00:00,0.0,140.0,140.0
2027-05-24 20:00:00,0.0,0.0,0.0
2027-05-24 21:00:00,0.0,150.0,150.0
2027-05-24 22:00:00,0.0,150.0,150.0
2027-05-24 23:00:00,0.0,0.0,0.0
2027-05-25 00:00:00,0.0,13.3,13.3
2027-05-25 01:00:00,0.0,150.0,150.0
2027-05-25 02:00:00,0.0,150.0,150.0
2027-05-25 03:00:00,0.0,131.7,131.7
2027-05-25 04:00:00,0.0,150.0,150.0
2027-05-25 05:00:00,0.0,150.0,150.0
2027-05-25 06:00:00,0.0,150.0,150.0
2027-05-25 07:00:00,0.0,75.0,75.0
2027-05-25 08:00:00,0.0,128.3,128.3
2027-05-25 09:00:00,0.0,150.0,150.0
2027-05-25 10:00:00,0.0,150.0,150.0
2027-05-25 11:00:00,0.0,150.0,150.0
2027-05-25 12:00:00,0.0,96.7,96.7
2027-05-25 13:00:00,0.0,150.0,150.0
2027-05-25 14:00:00,0.0,60.0,60.0
2027-05-25 15:00:00,0.0,150.0,150.0
2027-05-25 16:00:00,0.0,86.7,86.7
2027-05-25 17:00:00,0.0,150.0,150.0
2027-05-25 18:00:00,0.0,106.7,106.7
2027-05-25 19:00:00,0.0,131.7,131.7
2027-05-25 20:00:00,0.0,150.0,150.0
2027-05-25 21:00:00,0.0,150.0,150.0
2027-05-25 22:00:00,0.0,55.0,55.0
2027-05-25 23:00:00,0.0,150.0,150.0
2027-05-26 00:00:00,0.0,133.3,133.3
2027-05-26 01:00:00,0.0,150.0,150.0
2027-05-26 02:00:00,0.0,0.0,0.0
2027-05-26 03:00:00,0.0,115.0,115.0
2027-05-26 04:00:00,0.0,150.0,150.0
2027-05-26 05:00:00,0.0,150.0,150.0
2027-05-26 06:00:00,0.0,150.0,150.0
2027-05-26 07:00:00,0.0,58.3,58.3
2027-05-26 08:00:00,0.0,150.0,150.0
2027-05-26 09:00:00,0.0,28.3,28.3
2027-05-26 10:00:00,0.0,116.7,116.7
2027-05-26 11:00:00,0.0,150.0,150.0
2027-05-26 12:00:00,0.0,150.0,150.0
2027-05-26 13:00:00,0.0,55.0,55.0
2027-05-26 14:00:00,0.0,41.7,41.7
2027-05-26 15:00:00,0.0,150.0,150.0
2027-05-26 16:00:00,0.0,150.0,150.0
2027-05-26 17:00:00,0.0,80.0,80.0
2027-05-26 18:00:00,0.0,150.0,150.0
2027-05-26 19:00:00,0.0,150.0,150.0
2027-05-26 20:00:00,0.0,113.3,113.3
2027-05-26 21:00:00,0.0,150.0,150.0
2027-05-26 22:00:00,0.0,150.0,150.0
2027-05-26 23:00:00,0.0,56.7,56.7
2027-05-27 00:00:00,0.0,150.0,150.0
2027-05-27 01:00:00,0.0,150.0,150.0
2027-05-27 02:00:00,0.0,78.3,78.3
2027-05-27 03:00:00,0.0,43.3,43.3
2027-05-27 04:00:00,0.0,70.0,70.0
2027-05-27 05:00:00,0.0,141.7,141.7
2027-05-27 06:00:00,0.0,150.0,150.0
2027-05-27 07:00:00,0.0,150.0,150.0
2027-05-27 08:00:00,0.0,0.0,0.0
2027-05-27 09:00:00,0.0,103.3,103.3
2027-05-27 10:00:00,0.0,121.7,121.7
2027-05-27 11:00:00,0.0,20.0,20.0
2027-05-27 12:00:00,0.0,53.3,53.3
2027-05-27 13:00:00,0.0,128.3,128.3
2027-05-27 14:00:00,0.0,150.0,150.0
2027-05-27 15:00:00,0.0,138.3,138.3
2027-05-27 16:00:00,0.0,68.3,68.3
2027-05-27 17:00:00,0.0,150.0,150.0
2027-05-27 18:00:00,0.0,150.0,150.0
2027-05-27 19:00:00,0.0,135.0,135.0
2027-05-27 20:00:00,0.0,150.0,150.0
2027-05-27 21:00:00,0.0,111.7,111.7
2027-05-27 22:00:00,0.0,150.0,150.0
2027-05-27 23:00:00,0.0,46.7,46.7
2027-05-28 00:00:00,0.0,126.7,126.7
2027-05-28 01:00:00,0.0,55.0,55.0
2027-05-28 02:00:00,0.0,80.0,80.0
2027-05-28 03:00:00,0.0,28.3,28.3
2027-05-28 04:00:00,0.0,118.3,118.3
2027-05-28 05:00:00,0.0,150.0,150.0
2027-05-28 06:00:00,0.0,0.0,0.0
2027-05-28 07:00:00,0.0,150.0,150.0
2027-05-28 08:00:00,0.0,150.0,150.0
2027-05-28 09:00:00,0.0,150.0,150.0
2027-05-28 10:00:00,0.0,150.0,150.0
2027-05-28 11:00:00,0.0,35.0,35.0
2027-05-28 12:00:00,0.0,150.0,150.0
2027-05-28 13:00:00,0.0,150.0,150.0
2027-05-28 14:00:00,0.0,6.7,6.7
2027-05-28 15:00:00,0.0,46.7,46.7
2027-05-28 16:00:00,0.0,35.0,35.0
2027-05-28 17:00:00,0.0,98.3,98.3
2027-05-28 18:00:00,0.0,150.0,150.0
2027-05-28 19:00:00,0.0,40.0,40.0
2027-05-28 20:00:00,0.0,85.0,85.0
2027-05-28 21:00:00,0.0,125.0,125.0
2027-05-28 22:00:00,0.0,125.0,125.0
2027-05-28 23:00:00,0.0,133.3,133.3
2027-05-29 00:00:00,0.0,150.0,150.0
2027-05-29 01:00:00,0.0,150.0,150.0
2027-05-29 02:00:00,0.0,150.0,150.0
2027-05-29 03:00:00,0.0,106.7,106.7
2027-05-29 04:00:00,0.0,58.3,58.3
2027-05-29 05:00:00,0.0,25.0,25.0
2027-05-29 06:00:00,0.0,150.0,150.0
2027-05-29 07:00:00,0.0,150.0,150.0
2027-05-29 08:00:00,0.0,76.7,76.7
2027-05-29 09:00:00,0.0,150.0,150.0
2027-05-29 10:00:00,0.0,20.0,20.0
2027-05-29 11:00:00,0.0,85.0,85.0
2027-05-29 12:00:00,0.0,150.0,150.0
2027-05-29 13:00:00,0.0,150.0,150.0
2027-05-29 14:00:00,0.0,150.0,150.0
2027-05-29 15:00:00,0.0,18.3,18.3
2027-05-29 16:00:00,0.0,65.0,65.0
2027-05-29 17:00:00,0.0,150.0,150.0
2027-05-29 18:00:00,0.0,150.0,150.0
2027-05-29 19:00:00,0.0,51.7,51.7
2027-05-29 20:00:00,0.0,150.0,150.0
2027-05-29 21:00:00,0.0,150.0,150.0
2027-05-29 22:00:00,0.0,133.3,133.3
2027-05-29 23:00:00,0.0,150.0,150.0
2027-05-30 00:00:00,0.0,55.0,55.0
2027-05-30 01:00:00,0.0,136.7,136.7
2027-05-30 02:00:00,0.0,150.0,150.0
2027-05-30 03:00:00,0.0,128.3,128.3
2027-05-30 04:00:00,0.0,75.0,75.0
2027-05-30 05:00:00,0.0,150.0,150.0
2027-05-30 06:00:00,0.0,150.0,150.0
2027-05-30 07:00:00,0.0,150.0,150.0
2027-05-30 08:00:00,0.0,150.0,150.0
2027-05-30 09:00:00,0.0,48.3,48.3
2027-05-30 10:00:00,0.0,150.0,150.0
2027-05-30 11:00:00,0.0,150.0,150.0
2027-05-30 12:00:00,0.0,150.0,150.0
2027-05-30 13:00:00,0.0,143.3,143.3
2027-05-30 14:00:00,0.0,105.0,105.0
2027-05-30 15:00:00,0.0,123.3,123.3
2027-05-30 16:00:00,0.0,150.0,150.0
2027-05-30 17:00:00,0.0,96.7,96.7
2027-05-30 18:00:00,0.0,3.3,3.3
2027-05-30 19:00:00,0.0,150.0,150.0
2027-05-30 20:00:00,0.0,95.0,95.0
2027-05-30 21:00:00,0.0,141.7,141.7
2027-05-30 22:00:00,0.0,110.0,110.0
2027-05-30 23:00:00,0.0,141.7,141.7
2027-05-31 00:00:00,0.0,150.0,150.0
2027-05-31 01:00:00,0.0,150.0,150.0
2027-05-31 02:00:00,0.0,150.0,150.0
2027-05-31 03:00:00,0.0,150.0,150.0
2027-05-31 04:00:00,0.0,150.0,150.0
2027-05-31 05:00:00,0.0,150.0,150.0
2027-05-31 06:00:00,0.0,150.0,150.0
2027-05-31 07:00:00,0.0,85.0,85.0
2027-05-31 08:00:00,0.0,150.0,150.0
2027-05-31 09:00:00,0.0,150.0,150.0
2027-05-31 10:00:00,0.0,45.0,45.0
2027-05-31 11:00:00,0.0,150.0,150.0
2027-05-31 12:00:00,0.0,20.0,20.0
2027-05-31 13:00:00,0.0,60.0,60.0
2027-05-31 14:00:00,0.0,81.7,81.7
2027-05-31 15:00:00,0.0,130.0,130.0
2027-05-31 16:00:00,0.0,36.7,36.7
2027-05-31 17:00:00,0.0,150.0,150.0
2027-05-31 18:00:00,0.0,150.0,150.0
2027-05-31 19:00:00,0.0,150.0,150.0
2027-05-31 20:00:00,0.0,150.0,150.0
2027-05-31 21:00:00,0.0,150.0,150.0
2027-05-31 22:00:00,0.0,91.7,91.7
2027-05-31 23:00:00,0.0,150.0,150.0
2027-06-01 00:00:00,0.0,3.3,3.3
2027-06-01 01:00:00,0.0,103.3,103.3
2027-06-01 02:00:00,0.0,150.0,150.0
2027-06-01 03:00:00,0.0,150.0,150.0
2027-06-01 04:00:00,0.0,150.0,150.0
2027-06-01 05:00:00,0.0,150.0,150.0
2027-06-01 06:00:00,0.0,28.3,28.3
2027-06-01 07:00:00,0.0,150.0,150.0
2027-06-01 08:00:00,0.0,93.3,93.3
2027-06-01 09:00:00,0.0,143.3,143.3
2027-06-01 10:00:00,0.0,113.3,113.3
2027-06-01 11:00:00,0.0,66.7,66.7
2027-06-01 12:00:00,0.0,150.0,150.0
2027-06-01 13:00:00,0.0,150.0,150.0
2027-06-01 14:00:00,0.0,148.3,148.3
2027-06-01 15:00:00,0.0,150.0,150.0
2027-06-01 16:00:00,0.0,150.0,150.0
2027-06-01 17:00:00,0.0,150.0,150.0
2027-06-01 18:00:00,0.0,150.0,150.0
2027-06-01 19:00:00,0.0,141.7,141.7
2027-06-01 20:00:00,0.0,150.0,150.0
2027-06-01 21:00:00,0.0,150.0,150.0
2027-06-01 22:00:00,0.0,98.3,98.3
2027-06-01 23:00:00,0.0,125.0,125.0
2027-06-02 00:00:00,0.0,51.7,51.7
2027-06-02 01:00:00,0.0,150.0,150.0
2027-06-02 02:00:00,0.0,150.0,150.0
2027-06-02 03:00:00,0.0,66.7,66.7
2027-06-02 04:00:00,0.0,150.0,150.0
2027-06-02 05:00:00,0.0,150.0,150.0
2027-06-02 06:00:00,0.0,150.0,150.0
2027-06-02 07:00:00,0.0,150.0,150.0
2027-06-02 08:00:00,0.0,143.3,143.3
2027-06-02 09:00:00,0.0,56.7,56.7
2027-06-02 10:00:00,0.0,25.0,25.0
2027-06-02 11:00:00,0.0,101.7,101.7
2027-06-02 12:00:00,0.0,106.7,106.7
2027-06-02 13:00:00,0.0,143.3,143.3
2027-06-02 14:00:00,0.0,16.7,16.7
2027-06-02 15:00:00,0.0,103.3,103.3
2027-06-02 16:00:00,0.0,150.0,150.0
2027-06-02 17:00:00,0.0,0.0,0.0
2027-06-02 18:00:00,0.0,150.0,150.0
2027-06-02 19:00:00,0.0,150.0,150.0
2027-06-02 20:00:00,0.0,38.3,38.3
2027-06-02 21:00:00,0.0,88.3,88.3
2027-06-02 22:00:00,0.0,8.3,8.3
2027-06-02 23:00:00,0.0,150.0,150.0
2027-06-03 00:00:00,0.0,30.0,30.0
2027-06-03 01:00:00,0.0,150.0,150.0
2027-06-03 02:00:00,0.0,150.0,150.0
2027-06-03 03:00:00,0.0,41.7,41.7
2027-06-03 04:00:00,0.0,140.0,140.0
2027-06-03 05:00:00,0.0,96.7,96.7
2027-06-03 06:00:00,0.0,53.3,53.3
2027-06-03 07:00:00,0.0,150.0,150.0
2027-06-03 08:00:00,0.0,23.3,23.3
2027-06-03 09:00:00,0.0,103.3,103.3
2027-06-03 10:00:00,0.0,0.0,0.0
2027-06-03 11:00:00,0.0,150.0,150.0
2027-06-03 12:00:00,0.0,150.0,150.0
2027-06-03 13:00:00,0.0,150.0,150.0
2027-06-03 14:00:00,0.0,150.0,150.0
2027-06-03 15:00:00,0.0,150.0,150.0
2027-06-03 16:00:00,0.0,150.0,150.0
2027-06-03 17:00:00,0.0,0.0,0.0
2027-06-03 18:00:00,0.0,138.3,138.3
2027-06-03 19:00:00,0.0,150.0,150.0
2027-06-03 20:00:00,0.0,81.7,81.7
2027-06-03 21:00:00,0.0,16.7,16.7
2027-06-03 22:00:00,0.0,150.0,150.0
2027-06-03 23:00:00,0.0,150.0,150.0
2027-06-04 00:00:00,0.0,150.0,150.0
2027-06-04 01:00:00,0.0,150.0,150.0
2027-06-04 02:00:00,0.0,65.0,65.0
2027-06-04 03:00:00,0.0,150.0,150.0
2027-06-04 04:00:00,0.0,150.0,150.0
2027-06-04 05:00:00,0.0,86.7,86.7
2027-06-04 06:00:00,0.0,105.0,105.0
2027-06-04 07:00:00,0.0,101.7,101.7
2027-06-04 08:00:00,0.0,150.0,150.0
2027-06-04 09:00:00,0.0,150.0,150.0
2027-06-04 10:00:00,0.0,136.7,136.7
2027-06-04 11:00:00,0.0,150.0,150.0
2027-06-04 12:00:00,0.0,150.0,150.0
2027-06-04 13:00:00,0.0,131.7,131.7
2027-06-04 14:00:00,0.0,0.0,0.0
2027-06-04 15:00:00,0.0,150.0,150.0
2027-06-04 16:00:00,0.0,150.0,150.0
2027-06-04 17:00:00,0.0,150.0,150.0
2027-06-04 18:00:00,0.0,150.0,150.0
2027-06-04 19:00:00,0.0,150.0,150.0
2027-06-04 20:00:00,0.0,100.0,100.0
2027-06-04 21:00:00,0.0,150.0,150.0
2027-06-04 22:00:00,0.0,150.0,150.0
2027-06-04 23:00:00,0.0,150.0,150.0
2027-06-05 00:00:00,0.0,28.3,28.3
2027-06-05 01:00:00,0.0,150.0,150.0
2027-06-05 02:00:00,0.0,150.0,150.0
2027-06-05 03:00:00,0.0,150.0,150.0
2027-06-05 04:00:00,0.0,150.0,150.0
2027-06-05 05:00:00,0.0,150.0,150.0
2027-06-05 06:00:00,0.0,11.7,11.7
2027-06-05 07:00:00,0.0,150.0,150.0
2027-06-05 08:00:00,0.0,150.0,150.0
2027-06-05 09:00:00,0.0,150.0,150.0
2027-06-05 10:00:00,0.0,150.0,150.0
2027-06-05 11:00:00,0.0,73.3,73.3
2027-06-05 12:00:00,0.0,150.0,150.0
2027-06-05 13:00:00,0.0,150.0,150.0
2027-06-05 14:00:00,0.0,30.0,30.0
2027-06-05 15:00:00,0.0,150.0,150.0
2027-06-05 16:00:00,0.0,133.3,133.3
2027-06-05 17:00:00,0.0,150.0,150.0
2027-06-05 18:00:00,0.0,150.0,150.0
2027-06-05 19:00:00,0.0,70.0,70.0
2027-06-05 20:00:00,0.0,150.0,150.0
2027-06-05 21:00:00,0.0,18.3,18.3
2027-06-05 22:00:00,0.0,58.3,58.3
2027-06-05 23:00:00,0.0,121.7,121.7
2027-06-06 00:00:00,0.0,150.0,150.0
2027-06-06 01:00:00,0.0,150.0,150.0
2027-06-06 02:00:00,0.0,145.0,145.0
2027-06-06 03:00:00,0.0,150.0,150.0
2027-06-06 04:00:00,0.0,131.7,131.7
2027-06-06 05:00:00,0.0,111.7,111.7
2027-06-06 06:00:00,0.0,58.3,58.3
2027-06-06 07:00:00,0.0,150.0,150.0
2027-06-06 08:00:00,0.0,105.0,105.0
2027-06-06 09:00:00,0.0,150.0,150.0
2027-06-06 10:00:00,0.0,76.7,76.7
2027-06-06 11:00:00,0.0,70.0,70.0
2027-06-06 12:00:00,0.0,118.3,118.3
2027-06-06 13:00:00,0.0,80.0,80.0
2027-06-06 14:00:00,0.0,130.0,130.0
2027-06-06 15:00:00,0.0,150.0,150.0
2027-06-06 16:00:00,0.0,125.0,125.0
2027-06-06 17:00:00,0.0,150.0,150.0
2027-06-06 18:00:00,0.0,150.0,150.0
2027-06-06 19:00:00,0.0,150.0,150.0
2027-06-06 20:00:00,0.0,150.0,150.0
2027-06-06 21:00:00,0.0,150.0,150.0
2027-06-06 22:00:00,0.0,105.0,105.0
2027-06-06 23:00:00,0.0,98.3,98.3
2027-06-07 00:00:00,0.0,138.3,138.3
2027-06-07 01:00:00,0.0,116.7,116.7
2027-06-07 02:00:00,0.0,118.3,118.3
2027-06-07 03:00:00,0.0,141.7,141.7
2027-06-07 04:00:00,0.0,76.7,76.7
2027-06-07 05:00:00,0.0,96.7,96.7
2027-06-07 06:00:00,0.0,150.0,150.0
2027-06-07 07:00:00,0.0,0.0,0.0
2027-06-07 08:00:00,0.0,150.0,150.0
2027-06-07 09:00:00,0.0,58.3,58.3
2027-06-07 10:00:00,0.0,141.7,141.7
2027-06-07 11:00:00,0.0,150.0,150.0
2027-06-07 12:00:00,0.0,135.0,135.0
2027-06-07 13:00:00,0.0,150.0,150.0
2027-06-07 14:00:00,0.0,98.3,98.3
2027-06-07 15:00:00,0.0,141.7,141.7
2027-06-07 16:00:00,0.0,78.3,78.3
2027-06-07 17:00:00,0.0,0.0,0.0
2027-06-07 18:00:00,0.0,150.0,150.0
2027-06-07 19:00:00,0.0,150.0,150.0
2027-06-07 20:00:00,0.0,96.7,96.7
2027-06-07 21:00:00,0.0,111.7,111.7
2027-06-07 22:00:00,0.0,150.0,150.0
2027-06-07 23:00:00,0.0,53.3,53.3
2027-06-08 00:00:00,0.0,83.3,83.3
2027-06-08 01:00:00,0.0,86.7,86.7
2027-06-08 02:00:00,0.0,55.0,55.0
2027-06-08 03:00:00,0.0,123.3,123.3
2027-06-08 04:00:00,0.0,150.0,150.0
2027-06-08 05:00:00,0.0,83.3,83.3
2027-06-08 06:00:00,0.0,75.0,75.0
2027-06-08 07:00:00,0.0,150.0,150.0
2027-06-08 08:00:00,0.0,95.0,95.0
2027-06-08 09:00:00,0.0,150.0,150.0
2027-06-08 10:00:00,0.0,150.0,150.0
2027-06-08 11:00:00,0.0,150.0,150.0
2027-06-08 12:00:00,0.0,150.0,150.0
2027-06-08 13:00:00,0.0,63.3,63.3
2027-06-08 14:00:00,0.0,150.0,150.0
2027-06-08 15:00:00,0.0,86.7,86.7
2027-06-08 16:00:00,0.0,0.0,0.0
2027-06-08 17:00:00,0.0,71.7,71.7
2027-06-08 18:00:00,0.0,150.0,150.0
2027-06-08 19:00:00,0.0,150.0,150.0
2027-06-08 20:00:00,0.0,150.0,150.0
2027-06-08 21:00:00,0.0,150.0,150.0
2027-06-08 22:00:00,0.0,90.0,90.0
2027-06-08 23:00:00,0.0,90.0,90.0
2027-06-09 00:00:00,0.0,150.0,150.0
2027-06-09 01:00:00,0.0,150.0,150.0
2027-06-09 02:00:00,0.0,143.3,143.3
2027-06-09 03:00:00,0.0,150.0,150.0
2027-06-09 04:00:00,0.0,150.0,150.0
2027-06-09 05:00:00,0.0,23.3,23.3
2027-06-09 06:00:00,0.0,130.0,130.0
2027-06-09 07:00:00,0.0,150.0,150.0
2027-06-09 08:00:00,0.0,105.0,105.0
2027-06-09 09:00:00,0.0,150.0,150.0
2027-06-09 10:00:00,0.0,115.0,115.0
2027-06-09 11:00:00,0.0,116.7,116.7
2027-06-09 12:00:00,0.0,105.0,105.0
2027-06-09 13:00:00,0.0,110.0,110.0
2027-06-09 14:00:00,0.0,108.3,108.3
2027-06-09 15:00:00,0.0,150.0,150.0
2027-06-09 16:00:00,0.0,61.7,61.7
2027-06-09 17:00:00,0.0,146.7,146.7
2027-06-09 18:00:00,0.0,56.7,56.7
2027-06-09 19:00:00,0.0,150.0,150.0
2027-06-09 20:00:00,0.0,76.7,76.7
2027-06-09 21:00:00,0.0,128.3,128.3
2027-06-09 22:00:00,0.0,75.0,75.0
2027-06-09 23:00:00,0.0,111.7,111.7
2027-06-10 00:00:00,0.0,123.3,123.3
2027-06-10 01:00:00,0.0,148.3,148.3
2027-06-10 02:00:00,0.0,91.7,91.7
2027-06-10 03:00:00,0.0,11.7,11.7
2027-06-10 04:00:00,0.0,150.0,150.0
2027-06-10 05:00:00,0.0,150.0,150.0
2027-06-10 06:00:00,0.0,150.0,150.0
2027-06-10 07:00:00,0.0,150.0,150.0
2027-06-10 08:00:00,0.0,125.0,125.0
2027-06-10 09:00:00,0.0,150.0,150.0
2027-06-10 10:00:00,0.0,150.0,150.0
2027-06-10 11:00:00,0.0,150.0,150.0
2027-06-10 12:00:00,0.0,121.7,121.7
2027-06-10 13:00:00,0.0,150.0,150.0
2027-06-10 14:00:00,0.0,150.0,150.0
2027-06-10 15:00:00,0.0,131.7,131.7
2027-06-10 16:00:00,0.0,21.7,21.7
2027-06-10 17:00:00,0.0,145.0,145.0
2027-06-10 18:00:00,0.0,150.0,150.0
2027-06-10 19:00:00,0.0,150.0,150.0
2027-06-10 20:00:00,0.0,36.7,36.7
2027-06-10 21:00:00,0.0,150.0,150.0
2027-06-10 22:00:00,0.0,0.0,0.0
2027-06-10 23:00:00,0.0,131.7,131.7
2027-06-11 00:00:00,0.0,150.0,150.0
2027-06-11 01:00:00,0.0,108.3,108.3
2027-06-11 02:00:00,0.0,126.7,126.7
2027-06-11 03:00:00,0.0,150.0,150.0
2027-06-11 04:00:00,0.0,90.0,90.0
2027-06-11 05:00:00,0.0,135.0,135.0
2027-06-11 06:00:00,0.0,148.3,148.3
2027-06-11 07:00:00,0.0,136.7,136.7
2027-06-11 08:00:00,0.0,150.0,150.0
2027-06-11 09:00:00,0.0,150.0,150.0
2027-06-11 10:00:00,0.0,75.0,75.0
2027-06-11 11:00:00,0.0,150.0,150.0
2027-06-11 12:00:00,0.0,150.0,150.0
2027-06-11 13:00:00,0.0,150.0,150.0
2027-06-11 14:00:00,0.0,0.0,0.0
2027-06-11 15:00:00,0.0,125.0,125.0
2027-06-11 16:00:00,0.0,0.0,0.0
2027-06-11 17:00:00,0.0,150.0,150.0
2027-06-11 18:00:00,0.0,150.0,150.0
2027-06-11 19:00:00,0.0,140.0,140.0
2027-06-11 20:00:00,0.0,150.0,150.0
2027-06-11 21:00:00,0.0,150.0,150.0
2027-06-11 22:00:00,0.0,63.3,63.3
2027-06-11 23:00:00,0.0,0.0,0.0
2027-06-12 00:00:00,0.0,85.0,85.0
2027-06-12 01:00:00,0.0,101.7,101.7
2027-06-12 02:00:00,0.0,75.0,75.0
2027-06-12 03:00:00,0.0,150.0,150.0
2027-06-12 04:00:00,0.0,150.0,150.0
2027-06-12 05:00:00,0.0,150.0,150.0
2027-06-12 06:00:00,0.0,78.3,78.3
2027-06-12 07:00:00,0.0,150.0,150.0
2027-06-12 08:00:00,0.0,150.0,150.0
2027-06-12 09:00:00,0.0,150.0,150.0
2027-06-12 10:00:00,0.0,128.3,128.3
2027-06-12 11:00:00,0.0,143.3,143.3
2027-06-12 12:00:00,0.0,150.0,150.0
2027-06-12 13:00:00,0.0,150.0,150.0
2027-06-12 14:00:00,0.0,150.0,150.0
2027-06-12 15:00:00,0.0,150.0,150.0
2027-06-12 16:00:00,0.0,73.3,73.3
2027-06-12 17:00:00,0.0,3.3,3.3
2027-06-12 18:00:00,0.0,150.0,150.0
2027-06-12 19:00:00,0.0,150.0,150.0
2027-06-12 20:00:00,0.0,150.0,150.0
2027-06-12 21:00:00,0.0,46.7,46.7
2027-06-12 22:00:00,0.0,140.0,140.0
2027-06-12 23:00:00,0.0,65.0,65.0
2027-06-13 00:00:00,0.0,113.3,113.3
2027-06-13 01:00:00,0.0,150.0,150.0
2027-06-13 02:00:00,0.0,150.0,150.0
2027-06-13 03:00:00,0.0,140.0,140.0
2027-06-13 04:00:00,0.0,111.7,111.7
2027-06-13 05:00:00,0.0,150.0,150.0
2027-06-13 06:00:00,0.0,150.0,150.0
2027-06-13 07:00:00,0.0,150.0,150.0
2027-06-13 08:00:00,0.0,150.0,150.0
2027-06-13 09:00:00,0.0,0.0,0.0
2027-06-13 10:00:00,0.0,150.0,150.0
2027-06-13 11:00:00,0.0,6.7,6.7
2027-06-13 12:00:00,0.0,0.0,0.0
2027-06-13 13:00:00,0.0,150.0,150.0
2027-06-13 14:00:00,0.0,150.0,150.0
2027-06-13 15:00:00,0.0,140.0,140.0
2027-06-13 16:00:00,0.0,131.7,131.7
2027-06-13 17:00:00,0.0,150.0,150.0
2027-06-13 18:00:00,0.0,150.0,150.0
2027-06-13 19:00:00,0.0,150.0,150.0
2027-06-13 20:00:00,0.0,150.0,150.0
2027-06-13 21:00:00,0.0,20.0,20.0
2027-06-13 22:00:00,0.0,68.3,68.3
2027-06-13 23:00:00,0.0,20.0,20.0
2027-06-14 00:00:00,0.0,150.0,150.0
2027-06-14 01:00:00,0.0,81.7,81.7
2027-06-14 02:00:00,0.0,123.3,123.3
2027-06-14 03:00:00,0.0,150.0,150.0
2027-06-14 04:00:00,0.0,126.7,126.7
2027-06-14 05:00:00,0.0,150.0,150.0
2027-06-14 06:00:00,0.0,150.0,150.0
2027-06-14 07:00:00,0.0,130.0,130.0
2027-06-14 08:00:00,0.0,126.7,126.7
2027-06-14 09:00:00,0.0,150.0,150.0
2027-06-14 10:00:00,0.0,150.0,150.0
2027-06-14 11:00:00,0.0,150.0,150.0
2027-06-14 12:00:00,0.0,150.0,150.0
2027-06-14 13:00:00,0.0,150.0,150.0
2027-06-14 14:00:00,0.0,150.0,150.0
2027-06-14 15:00:00,0.0,150.0,150.0
2027-06-14 16:00:00,0.0,60.0,60.0
2027-06-14 17:00:00,0.0,96.7,96.7
2027-06-14 18:00:00,0.0,150.0,150.0
2027-06-14 19:00:00,0.0,150.0,150.0
2027-06-14 20:00:00,0.0,111.7,111.7
2027-06-14 21:00:00,0.0,150.0,150.0
2027-06-14 22:00:00,0.0,150.0,150.0
2027-06-14 23:00:00,0.0,46.7,46.7
2027-06-15 00:00:00,0.0,150.0,150.0
2027-06-15 01:00:00,0.0,150.0,150.0
2027-06-15 02:00:00,0.0,118.3,118.3
2027-06-15 03:00:00,0.0,11.7,11.7
2027-06-15 04:00:00,0.0,131.7,131.7
2027-06-15 05:00:00,0.0,0.0,0.0
2027-06-15 06:00:00,0.0,61.7,61.7
2027-06-15 07:00:00,0.0,106.7,106.7
2027-06-15 08:00:00,0.0,0.0,0.0
2027-06-15 09:00:00,0.0,150.0,150.0
2027-06-15 10:00:00,0.0,150.0,150.0
2027-06-15 11:00:00,0.0,150.0,150.0
2027-06-15 12:00:00,0.0,150.0,150.0
2027-06-15 13:00:00,0.0,150.0,150.0
2027-06-15 14:00:00,0.0,150.0,150.0
2027-06-15 15:00:00,0.0,150.0,150.0
2027-06-15 16:00:00,0.0,150.0,150.0
2027-06-15 17:00:00,0.0,150.0,150.0
2027-06-15 18:00:00,0.0,0.0,0.0
2027-06-15 19:00:00,0.0,150.0,150.0
2027-06-15 20:00:00,0.0,150.0,150.0
2027-06-15 21:00:00,0.0,150.0,150.0
2027-06-15 22:00:00,0.0,150.0,150.0
2027-06-15 23:00:00,0.0,150.0,150.0
2027-06-16 00:00:00,0.0,0.0,0.0
2027-06-16 01:00:00,0.0,150.0,150.0
2027-06-16 02:00:00,0.0,150.0,150.0
2027-06-16 03:00:00,0.0,110.0,110.0
2027-06-16 04:00:00,0.0,150.0,150.0
2027-06-16 05:00:00,0.0,150.0,150.0
2027-06-16 06:00:00,0.0,150.0,150.0
2027-06-16 07:00:00,0.0,150.0,150.0
2027-06-16 08:00:00,0.0,150.0,150.0
2027-06-16 09:00:00,0.0,150.0,150.0
2027-06-16 10:00:00,0.0,150.0,150.0
2027-06-16 11:00:00,0.0,150.0,150.0
2027-06-16 12:00:00,0.0,150.0,150.0
2027-06-16 13:00:00,0.0,110.0,110.0
2027-06-16 14:00:00,0.0,150.0,150.0
2027-06-16 15:00:00,0.0,150.0,150.0
2027-06-16 16:00:00,0.0,150.0,150.0
2027-06-16 17:00:00,0.0,121.7,121.7
2027-06-16 18:00:00,0.0,150.0,150.0
2027-06-16 19:00:00,0.0,105.0,105.0
2027-06-16 20:00:00,0.0,150.0,150.0
2027-06-16 21:00:00,0.0,78.3,78.3
2027-06-16 22:00:00,0.0,150.0,150.0
2027-06-16 23:00:00,0.0,150.0,150.0
2027-06-17 00:00:00,0.0,93.3,93.3
2027-06-17 01:00:00,0.0,150.0,150.0
2027-06-17 02:00:00,0.0,150.0,150.0
2027-06-17 03:00:00,0.0,40.0,40.0
2027-06-17 04:00:00,0.0,73.3,73.3
2027-06-17 05:00:00,0.0,150.0,150.0
2027-06-17 06:00:00,0.0,86.7,86.7
2027-06-17 07:00:00,0.0,0.0,0.0
2027-06-17 08:00:00,0.0,150.0,150.0
2027-06-17 09:00:00,0.0,150.0,150.0
2027-06-17 10:00:00,0.0,150.0,150.0
2027-06-17 11:00:00,0.0,150.0,150.0
2027-06-17 12:00:00,0.0,133.3,133.3
2027-06-17 13:00:00,0.0,150.0,150.0
2027-06-17 14:00:00,0.0,150.0,150.0
2027-06-17 15:00:00,0.0,150.0,150.0
2027-06-17 16:00:00,0.0,150.0,150.0
2027-06-17 17:00:00,0.0,150.0,150.0
2027-06-17 18:00:00,0.0,0.0,0.0
2027-06-17 19:00:00,0.0,150.0,150.0
2027-06-17 20:00:00,0.0,150.0,150.0
2027-06-17 21:00:00,0.0,150.0,150.0
2027-06-17 22:00:00,0.0,150.0,150.0
2027-06-17 23:00:00,0.0,88.3,88.3
2027-06-18 00:00:00,0.0,0.0,0.0
2027-06-18 01:00:00,0.0,150.0,150.0
2027-06-18 02:00:00,0.0,150.0,150.0
2027-06-18 03:00:00,0.0,150.0,150.0
2027-06-18 04:00:00,0.0,150.0,150.0
2027-06-18 05:00:00,0.0,0.0,0.0
2027-06-18 06:00:00,0.0,61.7,61.7
2027-06-18 07:00:00,0.0,0.0,0.0
2027-06-18 08:00:00,0.0,38.3,38.3
2027-06-18 09:00:00,0.0,150.0,150.0
2027-06-18 10:00:00,0.0,138.3,138.3
2027-06-18 11:00:00,0.0,150.0,150.0
2027-06-18 12:00:00,0.0,150.0,150.0
2027-06-18 13:00:00,0.0,150.0,150.0
2027-06-18 14:00:00,0.0,45.0,45.0
2027-06-18 15:00:00,0.0,150.0,150.0
2027-06-18 16:00:00,0.0,128.3,128.3
2027-06-18 17:00:00,0.0,146.7,146.7
2027-06-18 18:00:00,0.0,103.3,103.3
2027-06-18 19:00:00,0.0,150.0,150.0
2027-06-18 20:00:00,0.0,48.3,48.3
2027-06-18 21:00:00,0.0,150.0,150.0
2027-06-18 22:00:00,0.0,150.0,150.0
2027-06-18 23:00:00,0.0,150.0,150.0
2027-06-19 00:00:00,0.0,150.0,150.0
2027-06-19 01:00:00,0.0,150.0,150.0
2027-06-19 02:00:00,0.0,150.0,150.0
2027-06-19 03:00:00,0.0,46.7,46.7
2027-06-19 04:00:00,0.0,108.3,108.3
2027-06-19 05:00:00,0.0,150.0,150.0
2027-06-19 06:00:00,0.0,101.7,101.7
2027-06-19 07:00:00,0.0,85.0,85.0
2027-06-19 08:00:00,0.0,110.0,110.0
2027-06-19 09:00:00,0.0,150.0,150.0
2027-06-19 10:00:00,0.0,150.0,150.0
2027-06-19 11:00:00,0.0,75.0,75.0
2027-06-19 12:00:00,0.0,121.7,121.7
2027-06-19 13:00:00,0.0,150.0,150.0
2027-06-19 14:00:00,0.0,150.0,150.0
2027-06-19 15:00:00,0.0,150.0,150.0
2027-06-19 16:00:00,0.0,123.3,123.3
2027-06-19 17:00:00,0.0,150.0,150.0
2027-06-19 18:00:00,0.0,93.3,93.3
2027-06-19 19:00:00,0.0,41.7,41.7
2027-06-19 20:00:00,0.0,150.0,150.0
2027-06-19 21:00:00,0.0,150.0,150.0
2027-06-19 22:00:00,0.0,150.0,150.0
2027-06-19 23:00:00,0.0,150.0,150.0
2027-06-20 00:00:00,0.0,65.0,65.0
2027-06-20 01:00:00,0.0,150.0,150.0
2027-06-20 02:00:00,0.0,150.0,150.0
2027-06-20 03:00:00,0.0,150.0,150.0
2027-06-20 04:00:00,0.0,150.0,150.0
2027-06-20 05:00:00,0.0,83.3,83.3
2027-06-20 06:00:00,0.0,136.7,136.7
2027-06-20 07:00:00,0.0,150.0,150.0
2027-06-20 08:00:00,0.0,81.7,81.7
2027-06-20 09:00:00,0.0,150.0,150.0
2027-06-20 10:00:00,0.0,120.0,120.0
2027-06-20 11:00:00,0.0,81.7,81.7
2027-06-20 12:00:00,0.0,15.0,15.0
2027-06-20 13:00:00,0.0,150.0,150.0
2027-06-20 14:00:00,0.0,150.0,150.0
2027-06-20 15:00:00,0.0,150.0,150.0
2027-06-20 16:00:00,0.0,150.0,150.0
2027-06-20 17:00:00,0.0,150.0,150.0
2027-06-20 18:00:00,0.0,131.7,131.7
2027-06-20 19:00:00,0.0,150.0,150.0
2027-06-20 20:00:00,0.0,103.3,103.3
2027-06-20 21:00:00,0.0,150.0,150.0
2027-06-20 22:00:00,0.0,125.0,125.0
2027-06-20 23:00:00,0.0,61.7,61.7
2027-06-21 00:00:00,0.0,143.3,143.3
2027-06-21 01:00:00,0.0,150.0,150.0
2027-06-21 02:00:00,0.0,150.0,150.0
2027-06-21 03:00:00,0.0,150.0,150.0
2027-06-21 04:00:00,0.0,115.0,115.0
2027-06-21 05:00:00,0.0,135.0,135.0
2027-06-21 06:00:00,0.0,150.0,150.0
2027-06-21 07:00:00,0.0,150.0,150.0
2027-06-21 08:00:00,0.0,148.3,148.3
2027-06-21 09:00:00,0.0,150.0,150.0
2027-06-21 10:00:00,0.0,150.0,150.0
2027-06-21 11:00:00,0.0,18.3,18.3
2027-06-21 12:00:00,0.0,150.0,150.0
2027-06-21 13:00:00,0.0,150.0,150.0
2027-06-21 14:00:00,0.0,150.0,150.0
2027-06-21 15:00:00,0.0,150.0,150.0
2027-06-21 16:00:00,0.0,150.0,150.0
2027-06-21 17:00:00,0.0,135.0,135.0
2027-06-21 18:00:00,0.0,150.0,150.0
2027-06-21 19:00:00,0.0,150.0,150.0
2027-06-21 20:00:00,0.0,135.0,135.0
2027-06-21 21:00:00,0.0,150.0,150.0
2027-06-21 22:00:00,0.0,21.7,21.7
2027-06-21 23:00:00,0.0,150.0,150.0
2027-06-22 00:00:00,0.0,131.7,131.7
2027-06-22 01:00:00,0.0,75.0,75.0
2027-06-22 02:00:00,0.0,150.0,150.0
2027-06-22 03:00:00,0.0,78.3,78.3
2027-06-22 04:00:00,0.0,96.7,96.7
2027-06-22 05:00:00,0.0,83.3,83.3
2027-06-22 06:00:00,0.0,150.0,150.0
2027-06-22 07:00:00,0.0,43.3,43.3
2027-06-22 08:00:00,0.0,150.0,150.0
2027-06-22 09:00:00,0.0,150.0,150.0
2027-06-22 10:00:00,0.0,150.0,150.0
2027-06-22 11:00:00,0.0,116.7,116.7
2027-06-22 12:00:00,0.0,150.0,150.0
2027-06-22 13:00:00,0.0,61.7,61.7
2027-06-22 14:00:00,0.0,41.7,41.7
2027-06-22 15:00:00,0.0,150.0,150.0
2027-06-22 16:00:00,0.0,150.0,150.0
2027-06-22 17:00:00,0.0,18.3,18.3
2027-06-22 18:00:00,0.0,150.0,150.0
2027-06-22 19:00:00,0.0,150.0,150.0
2027-06-22 20:00:00,0.0,126.7,126.7
2027-06-22 21:00:00,0.0,63.3,63.3
2027-06-22 22:00:00,0.0,150.0,150.0
2027-06-22 23:00:00,0.0,146.7,146.7
2027-06-23 00:00:00,0.0,0.0,0.0
2027-06-23 01:00:00,0.0,150.0,150.0
2027-06-23 02:00:00,0.0,150.0,150.0
2027-06-23 03:00:00,0.0,150.0,150.0
2027-06-23 04:00:00,0.0,150.0,150.0
2027-06-23 05:00:00,0.0,150.0,150.0
2027-06-23 06:00:00,0.0,150.0,150.0
2027-06-23 07:00:00,0.0,63.3,63.3
2027-06-23 08:00:00,0.0,100.0,100.0
2027-06-23 09:00:00,0.0,150.0,150.0
2027-06-23 10:00:00,0.0,115.0,115.0
2027-06-23 11:00:00,0.0,150.0,150.0
2027-06-23 12:00:00,0.0,106.7,106.7
2027-06-23 13:00:00,0.0,150.0,150.0
2027-06-23 14:00:00,0.0,146.7,146.7
2027-06-23 15:00:00,0.0,150.0,150.0
2027-06-23 16:00:00,0.0,98.3,98.3
2027-06-23 17:00:00,0.0,146.7,146.7
2027-06-23 18:00:00,0.0,100.0,100.0
2027-06-23 19:00:00,0.0,115.0,115.0
2027-06-23 20:00:00,0.0,150.0,150.0
2027-06-23 21:00:00,0.0,150.0,150.0
2027-06-23 22:00:00,0.0,150.0,150.0
2027-06-23 23:00:00,0.0,150.0,150.0
2027-06-24 00:00:00,0.0,105.0,105.0
2027-06-24 01:00:00,0.0,150.0,150.0
2027-06-24 02:00:00,0.0,150.0,150.0
2027-06-24 03:00:00,0.0,150.0,150.0
2027-06-24 04:00:00,0.0,150.0,150.0
2027-06-24 05:00:00,0.0,121.7,121.7
2027-06-24 06:00:00,0.0,150.0,150.0
2027-06-24 07:00:00,0.0,115.0,115.0
2027-06-24 08:00:00,0.0,111.7,111.7
2027-06-24 09:00:00,0.0,150.0,150.0
2027-06-24 10:00:00,0.0,115.0,115.0
2027-06-24 11:00:00,0.0,150.0,150.0
2027-06-24 12:00:00,0.0,150.0,150.0
2027-06-24 13:00:00,0.0,150.0,150.0
2027-06-24 14:00:00,0.0,150.0,150.0
2027-06-24 15:00:00,0.0,150.0,150.0
2027-06-24 16:00:00,0.0,150.0,150.0
2027-06-24 17:00:00,0.0,145.0,145.0
2027-06-24 18:00:00,0.0,76.7,76.7
2027-06-24 19:00:00,0.0,150.0,150.0
2027-06-24 20:00:00,0.0,146.7,146.7
2027-06-24 21:00:00,0.0,136.7,136.7
2027-06-24 22:00:00,0.0,150.0,150.0
2027-06-24 23:00:00,0.0,90.0,90.0
2027-06-25 00:00:00,0.0,93.3,93.3
2027-06-25 01:00:00,0.0,150.0,150.0
2027-06-25 02:00:00,0.0,133.3,133.3
2027-06-25 03:00:00,0.0,1.7,1.7
2027-06-25 04:00:00,0.0,81.7,81.7
2027-06-25 05:00:00,0.0,150.0,150.0
2027-06-25 06:00:00,0.0,141.7,141.7
2027-06-25 07:00:00,0.0,0.0,0.0
2027-06-25 08:00:00,0.0,80.0,80.0
2027-06-25 09:00:00,0.0,150.0,150.0
2027-06-25 10:00:00,0.0,43.3,43.3
2027-06-25 11:00:00,0.0,150.0,150.0
2027-06-25 12:00:00,0.0,141.7,141.7
2027-06-25 13:00:00,0.0,125.0,125.0
2027-06-25 14:00:00,0.0,150.0,150.0
2027-06-25 15:00:00,0.0,150.0,150.0
2027-06-25 16:00:00,0.0,150.0,150.0
2027-06-25 17:00:00,0.0,136.7,136.7
2027-06-25 18:00:00,0.0,15.0,15.0
2027-06-25 19:00:00,0.0,120.0,120.0
2027-06-25 20:00:00,0.0,75.0,75.0
2027-06-25 21:00:00,0.0,150.0,150.0
2027-06-25 22:00:00,0.0,95.0,95.0
2027-06-25 23:00:00,0.0,150.0,150.0
2027-06-26 00:00:00,0.0,150.0,150.0
2027-06-26 01:00:00,0.0,150.0,150.0
2027-06-26 02:00:00,0.0,150.0,150.0
2027-06-26 03:00:00,0.0,0.0,0.0
2027-06-26 04:00:00,0.0,150.0,150.0
2027-06-26 05:00:00,0.0,116.7,116.7
2027-06-26 06:00:00,0.0,150.0,150.0
2027-06-26 07:00:00,0.0,133.3,133.3
2027-06-26 08:00:00,0.0,56.7,56.7
2027-06-26 09:00:00,0.0,150.0,150.0
2027-06-26 10:00:00,0.0,0.0,0.0
2027-06-26 11:00:00,0.0,150.0,150.0
2027-06-26 12:00:00,0.0,135.0,135.0
2027-06-26 13:00:00,0.0,150.0,150.0
2027-06-26 14:00:00,0.0,16.7,16.7
2027-06-26 15:00:00,0.0,150.0,150.0
2027-06-26 16:00:00,0.0,150.0,150.0
2027-06-26 17:00:00,0.0,71.7,71.7
2027-06-26 18:00:00,0.0,123.3,123.3
2027-06-26 19:00:00,0.0,150.0,150.0
2027-06-26 20:00:00,0.0,115.0,115.0
2027-06-26 21:00:00,0.0,150.0,150.0
2027-06-26 22:00:00,0.0,123.3,123.3
2027-06-26 23:00:00,0.0,81.7,81.7
2027-06-27 00:00:00,0.0,150.0,150.0
2027-06-27 01:00:00,0.0,0.0,0.0
2027-06-27 02:00:00,0.0,103.3,103.3
2027-06-27 03:00:00,0.0,150.0,150.0
2027-06-27 04:00:00,0.0,0.0,0.0
2027-06-27 05:00:00,0.0,90.0,90.0
2027-06-27 06:00:00,0.0,150.0,150.0
2027-06-27 07:00:00,0.0,150.0,150.0
2027-06-27 08:00:00,0.0,61.7,61.7
2027-06-27 09:00:00,0.0,150.0,150.0
2027-06-27 10:00:00,0.0,150.0,150.0
2027-06-27 11:00:00,0.0,145.0,145.0
2027-06-27 12:00:00,0.0,81.7,81.7
2027-06-27 13:00:00,0.0,145.0,145.0
2027-06-27 14:00:00,0.0,116.7,116.7
2027-06-27 15:00:00,0.0,101.7,101.7
2027-06-27 16:00:00,0.0,93.3,93.3
2027-06-27 17:00:00,0.0,150.0,150.0
2027-06-27 18:00:00,0.0,43.3,43.3
2027-06-27 19:00:00,0.0,150.0,150.0
2027-06-27 20:00:00,0.0,150.0,150.0
2027-06-27 21:00:00,0.0,150.0,150.0
2027-06-27 22:00:00,0.0,150.0,150.0
2027-06-27 23:00:00,0.0,150.0,150.0
2027-06-28 00:00:00,0.0,150.0,150.0
2027-06-28 01:00:00,0.0,150.0,150.0
2027-06-28 02:00:00,0.0,150.0,150.0
2027-06-28 03:00:00,0.0,126.7,126.7
2027-06-28 04:00:00,0.0,150.0,150.0
2027-06-28 05:00:00,0.0,150.0,150.0
2027-06-28 06:00:00,0.0,135.0,135.0
2027-06-28 07:00:00,0.0,140.0,140.0
2027-06-28 08:00:00,0.0,103.3,103.3
2027-06-28 09:00:00,0.0,43.3,43.3
2027-06-28 10:00:00,0.0,150.0,150.0
2027-06-28 11:00:00,0.0,150.0,150.0
2027-06-28 12:00:00,0.0,150.0,150.0
2027-06-28 13:00:00,0.0,150.0,150.0
2027-06-28 14:00:00,0.0,150.0,150.0
2027-06-28 15:00:00,0.0,96.7,96.7
2027-06-28 16:00:00,0.0,150.0,150.0
2027-06-28 17:00:00,0.0,150.0,150.0
2027-06-28 18:00:00,0.0,118.3,118.3
2027-06-28 19:00:00,0.0,130.0,130.0
2027-06-28 20:00:00,0.0,150.0,150.0
2027-06-28 21:00:00,0.0,150.0,150.0
2027-06-28 22:00:00,0.0,150.0,150.0
2027-06-28 23:00:00,0.0,150.0,150.0
2027-06-29 00:00:00,0.0,150.0,150.0
2027-06-29 01:00:00,0.0,150.0,150.0
2027-06-29 02:00:00,0.0,150.0,150.0
2027-06-29 03:00:00,0.0,95.0,95.0
2027-06-29 04:00:00,0.0,150.0,150.0
2027-06-29 05:00:00,0.0,35.0,35.0
2027-06-29 06:00:00,0.0,125.0,125.0
2027-06-29 07:00:00,0.0,121.7,121.7
2027-06-29 08:00:00,0.0,45.0,45.0
2027-06-29 09:00:00,0.0,150.0,150.0
2027-06-29 10:00:00,0.0,150.0,150.0
2027-06-29 11:00:00,0.0,150.0,150.0
2027-06-29 12:00:00,0.0,150.0,150.0
2027-06-29 13:00:00,0.0,81.7,81.7
2027-06-29 14:00:00,0.0,150.0,150.0
2027-06-29 15:00:00,0.0,150.0,150.0
2027-06-29 16:00:00,0.0,150.0,150.0
2027-06-29 17:00:00,0.0,65.0,65.0
2027-06-29 18:00:00,0.0,150.0,150.0
2027-06-29 19:00:00,0.0,58.3,58.3
2027-06-29 20:00:00,0.0,150.0,150.0
2027-06-29 21:00:00,0.0,53.3,53.3
2027-06-29 22:00:00,0.0,150.0,150.0
2027-06-29 23:00:00,0.0,150.0,150.0
2027-06-30 00:00:00,0.0,108.3,108.3
2027-06-30 01:00:00,0.0,115.0,115.0
2027-06-30 02:00:00,0.0,150.0,150.0
2027-06-30 03:00:00,0.0,111.7,111.7
2027-06-30 04:00:00,0.0,150.0,150.0
2027-06-30 05:00:00,0.0,23.3,23.3
2027-06-30 06:00:00,0.0,150.0,150.0
2027-06-30 07:00:00,0.0,150.0,150.0
2027-06-30 08:00:00,0.0,65.0,65.0
2027-06-30 09:00:00,0.0,16.7,16.7
2027-06-30 10:00:00,0.0,150.0,150.0
2027-06-30 11:00:00,0.0,71.7,71.7
2027-06-30 12:00:00,0.0,126.7,126.7
2027-06-30 13:00:00,0.0,30.0,30.0
2027-06-30 14:00:00,0.0,140.0,140.0
2027-06-30 15:00:00,0.0,150.0,150.0
2027-06-30 16:00:00,0.0,150.0,150.0
2027-06-30 17:00:00,0.0,150.0,150.0
2027-06-30 18:00:00,0.0,90.0,90.0
2027-06-30 19:00:00,0.0,150.0,150.0
2027-06-30 20:00:00,0.0,150.0,150.0
2027-06-30 21:00:00,0.0,150.0,150.0
2027-06-30 22:00:00,0.0,150.0,150.0
2027-06-30 23:00:00,0.0,150.0,150.0
2027-07-01 00:00:00,0.0,150.0,150.0
2027-07-01 01:00:00,0.0,126.7,126.7
2027-07-01 02:00:00,0.0,150.0,150.0
2027-07-01 03:00:00,0.0,73.3,73.3
2027-07-01 04:00:00,0.0,8.3,8.3
2027-07-01 05:00:00,0.0,83.3,83.3
2027-07-01 06:00:00,0.0,118.3,118.3
2027-07-01 07:00:00,0.0,0.0,0.0
2027-07-01 08:00:00,0.0,150.0,150.0
2027-07-01 09:00:00,0.0,150.0,150.0
2027-07-01 10:00:00,0.0,150.0,150.0
2027-07-01 11:00:00,0.0,61.7,61.7
2027-07-01 12:00:00,0.0,8.3,8.3
2027-07-01 13:00:00,0.0,150.0,150.0
2027-07-01 14:00:00,0.0,28.3,28.3
2027-07-01 15:00:00,0.0,88.3,88.3
2027-07-01 16:00:00,0.0,40.0,40.0
2027-07-01 17:00:00,0.0,150.0,150.0
2027-07-01 18:00:00,0.0,136.7,136.7
2027-07-01 19:00:00,0.0,150.0,150.0
2027-07-01 20:00:00,0.0,150.0,150.0
2027-07-01 21:00:00,0.0,150.0,150.0
2027-07-01 22:00:00,0.0,150.0,150.0
2027-07-01 23:00:00,0.0,150.0,150.0
2027-07-02 00:00:00,0.0,150.0,150.0
2027-07-02 01:00:00,0.0,150.0,150.0
2027-07-02 02:00:00,0.0,150.0,150.0
2027-07-02 03:00:00,0.0,150.0,150.0
2027-07-02 04:00:00,0.0,150.0,150.0
2027-07-02 05:00:00,0.0,150.0,150.0
2027-07-02 06:00:00,0.0,150.0,150.0
2027-07-02 07:00:00,0.0,150.0,150.0
2027-07-02 08:00:00,0.0,150.0,150.0
2027-07-02 09:00:00,0.0,150.0,150.0
2027-07-02 10:00:00,0.0,26.7,26.7
2027-07-02 11:00:00,0.0,150.0,150.0
2027-07-02 12:00:00,0.0,150.0,150.0
2027-07-02 13:00:00,0.0,150.0,150.0
2027-07-02 14:00:00,0.0,116.7,116.7
2027-07-02 15:00:00,0.0,148.3,148.3
2027-07-02 16:00:00,0.0,150.0,150.0
2027-07-02 17:00:00,0.0,146.7,146.7
2027-07-02 18:00:00,0.0,41.7,41.7
2027-07-02 19:00:00,0.0,150.0,150.0
2027-07-02 20:00:00,0.0,150.0,150.0
2027-07-02 21:00:00,0.0,95.0,95.0
2027-07-02 22:00:00,0.0,135.0,135.0
2027-07-02 23:00:00,0.0,150.0,150.0
2027-07-03 00:00:00,0.0,146.7,146.7
2027-07-03 01:00:00,0.0,150.0,150.0
2027-07-03 02:00:00,0.0,111.7,111.7
2027-07-03 03:00:00,0.0,43.3,43.3
2027-07-03 04:00:00,0.0,150.0,150.0
2027-07-03 05:00:00,0.0,150.0,150.0
2027-07-03 06:00:00,0.0,150.0,150.0
2027-07-03 07:00:00,0.0,133.3,133.3
2027-07-03 08:00:00,0.0,118.3,118.3
2027-07-03 09:00:00,0.0,150.0,150.0
2027-07-03 10:00:00,0.0,150.0,150.0
2027-07-03 11:00:00,0.0,73.3,73.3
2027-07-03 12:00:00,0.0,136.7,136.7
2027-07-03 13:00:00,0.0,150.0,150.0
2027-07-03 14:00:00,0.0,150.0,150.0
2027-07-03 15:00:00,0.0,1.7,1.7
2027-07-03 16:00:00,0.0,150.0,150.0
2027-07-03 17:00:00,0.0,78.3,78.3
2027-07-03 18:00:00,0.0,76.7,76.7
2027-07-03 19:00:00,0.0,150.0,150.0
2027-07-03 20:00:00,0.0,150.0,150.0
2027-07-03 21:00:00,0.0,0.0,0.0
2027-07-03 22:00:00,0.0,150.0,150.0
2027-07-03 23:00:00,0.0,150.0,150.0
2027-07-04 00:00:00,0.0,150.0,150.0
2027-07-04 01:00:00,0.0,33.3,33.3
2027-07-04 02:00:00,0.0,68.3,68.3
2027-07-04 03:00:00,0.0,96.7,96.7
2027-07-04 04:00:00,0.0,100.0,100.0
2027-07-04 05:00:00,0.0,96.7,96.7
2027-07-04 06:00:00,0.0,85.0,85.0
2027-07-04 07:00:00,0.0,150.0,150.0
2027-07-04 08:00:00,0.0,118.3,118.3
2027-07-04 09:00:00,0.0,121.7,121.7
2027-07-04 10:00:00,0.0,23.3,23.3
2027-07-04 11:00:00,0.0,150.0,150.0
2027-07-04 12:00:00,0.0,55.0,55.0
2027-07-04 13:00:00,0.0,111.7,111.7
2027-07-04 14:00:00,0.0,96.7,96.7
2027-07-04 15:00:00,0.0,150.0,150.0
2027-07-04 16:00:00,0.0,140.0,140.0
2027-07-04 17:00:00,0.0,145.0,145.0
2027-07-04 18:00:00,0.0,150.0,150.0
2027-07-04 19:00:00,0.0,80.0,80.0
2027-07-04 20:00:00,0.0,0.0,0.0
2027-07-04 21:00:00,0.0,150.0,150.0
2027-07-04 22:00:00,0.0,150.0,150.0
2027-07-04 23:00:00,0.0,58.3,58.3
2027-07-05 00:00:00,0.0,150.0,150.0
2027-07-05 01:00:00,0.0,141.7,141.7
2027-07-05 02:00:00,0.0,136.7,136.7
2027-07-05 03:00:00,0.0,133.3,133.3
2027-07-05 04:00:00,0.0,150.0,150.0
2027-07-05 05:00:00,0.0,150.0,150.0
2027-07-05 06:00:00,0.0,150.0,150.0
2027-07-05 07:00:00,0.0,83.3,83.3
2027-07-05 08:00:00,0.0,150.0,150.0
2027-07-05 09:00:00,0.0,150.0,150.0
2027-07-05 10:00:00,0.0,150.0,150.0
2027-07-05 11:00:00,0.0,150.0,150.0
2027-07-05 12:00:00,0.0,80.0,80.0
2027-07-05 13:00:00,0.0,100.0,100.0
2027-07-05 14:00:00,0.0,70.0,70.0
2027-07-05 15:00:00,0.0,61.7,61.7
2027-07-05 16:00:00,0.0,0.0,0.0
2027-07-05 17:00:00,0.0,35.0,35.0
2027-07-05 18:00:00,0.0,103.3,103.3
2027-07-05 19:00:00,0.0,0.0,0.0
2027-07-05 20:00:00,0.0,0.0,0.0
2027-07-05 21:00:00,0.0,100.0,100.0
2027-07-05 22:00:00,0.0,86.7,86.7
2027-07-05 23:00:00,0.0,130.0,130.0
2027-07-06 00:00:00,0.0,143.3,143.3
2027-07-06 01:00:00,0.0,150.0,150.0
2027-07-06 02:00:00,0.0,115.0,115.0
2027-07-06 03:00:00,0.0,150.0,150.0
2027-07-06 04:00:00,0.0,150.0,150.0
2027-07-06 05:00:00,0.0,70.0,70.0
2027-07-06 06:00:00,0.0,150.0,150.0
2027-07-06 07:00:00,0.0,150.0,150.0
2027-07-06 08:00:00,0.0,150.0,150.0
2027-07-06 09:00:00,0.0,125.0,125.0
2027-07-06 10:00:00,0.0,66.7,66.7
2027-07-06 11:00:00,0.0,35.0,35.0
2027-07-06 12:00:00,0.0,150.0,150.0
2027-07-06 13:00:00,0.0,140.0,140.0
2027-07-06 14:00:00,0.0,51.7,51.7
2027-07-06 15:00:00,0.0,71.7,71.7
2027-07-06 16:00:00,0.0,150.0,150.0
2027-07-06 17:00:00,0.0,150.0,150.0
2027-07-06 18:00:00,0.0,56.7,56.7
2027-07-06 19:00:00,0.0,143.3,143.3
2027-07-06 20:00:00,0.0,150.0,150.0
2027-07-06 21:00:00,0.0,150.0,150.0
2027-07-06 22:00:00,0.0,150.0,150.0
2027-07-06 23:00:00,0.0,150.0,150.0
2027-07-07 00:00:00,0.0,123.3,123.3
2027-07-07 01:00:00,0.0,150.0,150.0
2027-07-07 02:00:00,0.0,150.0,150.0
2027-07-07 03:00:00,0.0,40.0,40.0
2027-07-07 04:00:00,0.0,11.7,11.7
2027-07-07 05:00:00,0.0,150.0,150.0
2027-07-07 06:00:00,0.0,150.0,150.0
2027-07-07 07:00:00,0.0,106.7,106.7
2027-07-07 08:00:00,0.0,98.3,98.3
2027-07-07 09:00:00,0.0,136.7,136.7
2027-07-07 10:00:00,0.0,150.0,150.0
2027-07-07 11:00:00,0.0,86.7,86.7
2027-07-07 12:00:00,0.0,150.0,150.0
2027-07-07 13:00:00,0.0,40.0,40.0
2027-07-07 14:00:00,0.0,150.0,150.0
2027-07-07 15:00:00,0.0,150.0,150.0
2027-07-07 16:00:00,0.0,56.7,56.7
2027-07-07 17:00:00,0.0,75.0,75.0
2027-07-07 18:00:00,0.0,150.0,150.0
2027-07-07 19:00:00,0.0,150.0,150.0
2027-07-07 20:00:00,0.0,80.0,80.0
2027-07-07 21:00:00,0.0,80.0,80.0
2027-07-07 22:00:00,0.0,133.3,133.3
2027-07-07 23:00:00,0.0,23.3,23.3
2027-07-08 00:00:00,0.0,98.3,98.3
2027-07-08 01:00:00,0.0,150.0,150.0
2027-07-08 02:00:00,0.0,55.0,55.0
2027-07-08 03:00:00,0.0,150.0,150.0
2027-07-08 04:00:00,0.0,75.0,75.0
2027-07-08 05:00:00,0.0,0.0,0.0
2027-07-08 06:00:00,0.0,150.0,150.0
2027-07-08 07:00:00,0.0,135.0,135.0
2027-07-08 08:00:00,0.0,150.0,150.0
2027-07-08 09:00:00,0.0,150.0,150.0
2027-07-08 10:00:00,0.0,90.0,90.0
2027-07-08 11:00:00,0.0,150.0,150.0
2027-07-08 12:00:00,0.0,105.0,105.0
2027-07-08 13:00:00,0.0,150.0,150.0
2027-07-08 14:00:00,0.0,150.0,150.0
2027-07-08 15:00:00,0.0,0.0,0.0
2027-07-08 16:00:00,0.0,113.3,113.3
2027-07-08 17:00:00,0.0,146.7,146.7
2027-07-08 18:00:00,0.0,150.0,150.0
2027-07-08 19:00:00,0.0,118.3,118.3
2027-07-08 20:00:00,0.0,150.0,150.0
2027-07-08 21:00:00,0.0,150.0,150.0
2027-07-08 22:00:00,0.0,56.7,56.7
2027-07-08 23:00:00,0.0,150.0,150.0
2027-07-09 00:00:00,0.0,120.0,120.0
2027-07-09 01:00:00,0.0,150.0,150.0
2027-07-09 02:00:00,0.0,35.0,35.0
2027-07-09 03:00:00,0.0,150.0,150.0
2027-07-09 04:00:00,0.0,150.0,150.0
2027-07-09 05:00:00,0.0,98.3,98.3
2027-07-09 06:00:00,0.0,150.0,150.0
2027-07-09 07:00:00,0.0,110.0,110.0
2027-07-09 08:00:00,0.0,133.3,133.3
2027-07-09 09:00:00,0.0,150.0,150.0
2027-07-09 10:00:00,0.0,150.0,150.0
2027-07-09 11:00:00,0.0,150.0,150.0
2027-07-09 12:00:00,0.0,150.0,150.0
2027-07-09 13:00:00,0.0,150.0,150.0
2027-07-09 14:00:00,0.0,150.0,150.0
2027-07-09 15:00:00,0.0,50.0,50.0
2027-07-09 16:00:00,0.0,3.3,3.3
2027-07-09 17:00:00,0.0,150.0,150.0
2027-07-09 18:00:00,0.0,50.0,50.0
2027-07-09 19:00:00,0.0,105.0,105.0
2027-07-09 20:00:00,0.0,118.3,118.3
2027-07-09 21:00:00,0.0,150.0,150.0
2027-07-09 22:00:00,0.0,115.0,115.0
2027-07-09 23:00:00,0.0,150.0,150.0
2027-07-10 00:00:00,0.0,58.3,58.3
2027-07-10 01:00:00,0.0,150.0,150.0
2027-07-10 02:00:00,0.0,0.0,0.0
2027-07-10 03:00:00,0.0,150.0,150.0
2027-07-10 04:00:00,0.0,28.3,28.3
2027-07-10 05:00:00,0.0,150.0,150.0
2027-07-10 06:00:00,0.0,150.0,150.0
2027-07-10 07:00:00,0.0,46.7,46.7
2027-07-10 08:00:00,0.0,0.0,0.0
2027-07-10 09:00:00,0.0,150.0,150.0
2027-07-10 10:00:00,0.0,150.0,150.0
2027-07-10 11:00:00,0.0,86.7,86.7
2027-07-10 12:00:00,0.0,121.7,121.7
2027-07-10 13:00:00,0.0,141.7,141.7
2027-07-10 14:00:00,0.0,0.0,0.0
2027-07-10 15:00:00,0.0,21.7,21.7
2027-07-10 16:00:00,0.0,150.0,150.0
2027-07-10 17:00:00,0.0,0.0,0.0
2027-07-10 18:00:00,0.0,150.0,150.0
2027-07-10 19:00:00,0.0,140.0,140.0
2027-07-10 20:00:00,0.0,150.0,150.0
2027-07-10 21:00:00,0.0,150.0,150.0
2027-07-10 22:00:00,0.0,150.0,150.0
2027-07-10 23:00:00,0.0,150.0,150.0
2027-07-11 00:00:00,0.0,98.3,98.3
2027-07-11 01:00:00,0.0,90.0,90.0
2027-07-11 02:00:00,0.0,150.0,150.0
2027-07-11 03:00:00,0.0,26.7,26.7
2027-07-11 04:00:00,0.0,135.0,135.0
2027-07-11 05:00:00,0.0,150.0,150.0
2027-07-11 06:00:00,0.0,150.0,150.0
2027-07-11 07:00:00,0.0,45.0,45.0
2027-07-11 08:00:00,0.0,150.0,150.0
2027-07-11 09:00:00,0.0,150.0,150.0
2027-07-11 10:00:00,0.0,150.0,150.0
2027-07-11 11:00:00,0.0,150.0,150.0
2027-07-11 12:00:00,0.0,150.0,150.0
2027-07-11 13:00:00,0.0,150.0,150.0
2027-07-11 14:00:00,0.0,80.0,80.0
2027-07-11 15:00:00,0.0,120.0,120.0
2027-07-11 16:00:00,0.0,150.0,150.0
2027-07-11 17:00:00,0.0,0.0,0.0
2027-07-11 18:00:00,0.0,70.0,70.0
2027-07-11 19:00:00,0.0,150.0,150.0
2027-07-11 20:00:00,0.0,150.0,150.0
2027-07-11 21:00:00,0.0,150.0,150.0
2027-07-11 22:00:00,0.0,150.0,150.0
2027-07-11 23:00:00,0.0,150.0,150.0
2027-07-12 00:00:00,0.0,150.0,150.0
2027-07-12 01:00:00,0.0,51.7,51.7
2027-07-12 02:00:00,0.0,66.7,66.7
2027-07-12 03:00:00,0.0,150.0,150.0
2027-07-12 04:00:00,0.0,150.0,150.0
2027-07-12 05:00:00,0.0,150.0,150.0
2027-07-12 06:00:00,0.0,121.7,121.7
2027-07-12 07:00:00,0.0,105.0,105.0
2027-07-12 08:00:00,0.0,121.7,121.7
2027-07-12 09:00:00,0.0,0.0,0.0
2027-07-12 10:00:00,0.0,150.0,150.0
2027-07-12 11:00:00,0.0,150.0,150.0
2027-07-12 12:00:00,0.0,1.7,1.7
2027-07-12 13:00:00,0.0,150.0,150.0
2027-07-12 14:00:00,0.0,13.3,13.3
2027-07-12 15:00:00,0.0,50.0,50.0
2027-07-12 16:00:00,0.0,148.3,148.3
2027-07-12 17:00:00,0.0,20.0,20.0
2027-07-12 18:00:00,0.0,150.0,150.0
2027-07-12 19:00:00,0.0,103.3,103.3
2027-07-12 20:00:00,0.0,150.0,150.0
2027-07-12 21:00:00,0.0,150.0,150.0
2027-07-12 22:00:00,0.0,56.7,56.7
2027-07-12 23:00:00,0.0,50.0,50.0
2027-07-13 00:00:00,0.0,150.0,150.0
2027-07-13 01:00:00,0.0,68.3,68.3
2027-07-13 02:00:00,0.0,150.0,150.0
2027-07-13 03:00:00,0.0,98.3,98.3
2027-07-13 04:00:00,0.0,150.0,150.0
2027-07-13 05:00:00,0.0,150.0,150.0
2027-07-13 06:00:00,0.0,150.0,150.0
2027-07-13 07:00:00,0.0,150.0,150.0
2027-07-13 08:00:00,0.0,150.0,150.0
2027-07-13 09:00:00,0.0,150.0,150.0
2027-07-13 10:00:00,0.0,150.0,150.0
2027-07-13 11:00:00,0.0,150.0,150.0
2027-07-13 12:00:00,0.0,96.7,96.7
2027-07-13 13:00:00,0.0,80.0,80.0
2027-07-13 14:00:00,0.0,91.7,91.7
2027-07-13 15:00:00,0.0,150.0,150.0
2027-07-13 16:00:00,0.0,150.0,150.0
2027-07-13 17:00:00,0.0,150.0,150.0
2027-07-13 18:00:00,0.0,130.0,130.0
2027-07-13 19:00:00,0.0,96.7,96.7
2027-07-13 20:00:00,0.0,150.0,150.0
2027-07-13 21:00:00,0.0,150.0,150.0
2027-07-13 22:00:00,0.0,90.0,90.0
2027-07-13 23:00:00,0.0,150.0,150.0
2027-07-14 00:00:00,0.0,150.0,150.0
2027-07-14 01:00:00,0.0,150.0,150.0
2027-07-14 02:00:00,0.0,81.7,81.7
2027-07-14 03:00:00,0.0,150.0,150.0
2027-07-14 04:00:00,0.0,93.3,93.3
2027-07-14 05:00:00,0.0,143.3,143.3
2027-07-14 06:00:00,0.0,150.0,150.0
2027-07-14 07:00:00,0.0,150.0,150.0
2027-07-14 08:00:00,0.0,98.3,98.3
2027-07-14 09:00:00,0.0,150.0,150.0
2027-07-14 10:00:00,0.0,96.7,96.7
2027-07-14 11:00:00,0.0,150.0,150.0
2027-07-14 12:00:00,0.0,0.0,0.0
2027-07-14 13:00:00,0.0,150.0,150.0
2027-07-14 14:00:00,0.0,60.0,60.0
2027-07-14 15:00:00,0.0,63.3,63.3
2027-07-14 16:00:00,0.0,98.3,98.3
2027-07-14 17:00:00,0.0,0.0,0.0
2027-07-14 18:00:00,0.0,0.0,0.0
2027-07-14 19:00:00,0.0,100.0,100.0
2027-07-14 20:00:00,0.0,150.0,150.0
2027-07-14 21:00:00,0.0,150.0,150.0
2027-07-14 22:00:00,0.0,150.0,150.0
2027-07-14 23:00:00,0.0,118.3,118.3
2027-07-15 00:00:00,0.0,86.7,86.7
2027-07-15 01:00:00,0.0,86.7,86.7
2027-07-15 02:00:00,0.0,150.0,150.0
2027-07-15 03:00:00,0.0,150.0,150.0
2027-07-15 04:00:00,0.0,150.0,150.0
2027-07-15 05:00:00,0.0,150.0,150.0
2027-07-15 06:00:00,0.0,150.0,150.0
2027-07-15 07:00:00,0.0,33.3,33.3
2027-07-15 08:00:00,0.0,66.7,66.7
2027-07-15 09:00:00,0.0,150.0,150.0
2027-07-15 10:00:00,0.0,150.0,150.0
2027-07-15 11:00:00,0.0,71.7,71.7
2027-07-15 12:00:00,0.0,146.7,146.7
2027-07-15 13:00:00,0.0,150.0,150.0
2027-07-15 14:00:00,0.0,150.0,150.0
2027-07-15 15:00:00,0.0,73.3,73.3
2027-07-15 16:00:00,0.0,63.3,63.3
2027-07-15 17:00:00,0.0,150.0,150.0
2027-07-15 18:00:00,0.0,150.0,150.0
2027-07-15 19:00:00,0.0,150.0,150.0
2027-07-15 20:00:00,0.0,150.0,150.0
2027-07-15 21:00:00,0.0,150.0,150.0
2027-07-15 22:00:00,0.0,133.3,133.3
2027-07-15 23:00:00,0.0,101.7,101.7
2027-07-16 00:00:00,0.0,150.0,150.0
2027-07-16 01:00:00,0.0,150.0,150.0
2027-07-16 02:00:00,0.0,118.3,118.3
2027-07-16 03:00:00,0.0,150.0,150.0
2027-07-16 04:00:00,0.0,150.0,150.0
2027-07-16 05:00:00,0.0,150.0,150.0
2027-07-16 06:00:00,0.0,150.0,150.0
2027-07-16 07:00:00,0.0,128.3,128.3
2027-07-16 08:00:00,0.0,26.7,26.7
2027-07-16 09:00:00,0.0,105.0,105.0
2027-07-16 10:00:00,0.0,116.7,116.7
2027-07-16 11:00:00,0.0,65.0,65.0
2027-07-16 12:00:00,0.0,90.0,90.0
2027-07-16 13:00:00,0.0,145.0,145.0
2027-07-16 14:00:00,0.0,136.7,136.7
2027-07-16 15:00:00,0.0,95.0,95.0
2027-07-16 16:00:00,0.0,150.0,150.0
2027-07-16 17:00:00,0.0,150.0,150.0
2027-07-16 18:00:00,0.0,150.0,150.0
2027-07-16 19:00:00,0.0,150.0,150.0
2027-07-16 20:00:00,0.0,150.0,150.0
2027-07-16 21:00:00,0.0,150.0,150.0
2027-07-16 22:00:00,0.0,136.7,136.7
2027-07-16 23:00:00,0.0,140.0,140.0
2027-07-17 00:00:00,0.0,150.0,150.0
2027-07-17 01:00:00,0.0,150.0,150.0
2027-07-17 02:00:00,0.0,150.0,150.0
2027-07-17 03:00:00,0.0,138.3,138.3
2027-07-17 04:00:00,0.0,65.0,65.0
2027-07-17 05:00:00,0.0,150.0,150.0
2027-07-17 06:00:00,0.0,93.3,93.3
2027-07-17 07:00:00,0.0,108.3,108.3
2027-07-17 08:00:00,0.0,76.7,76.7
2027-07-17 09:00:00,0.0,140.0,140.0
2027-07-17 10:00:00,0.0,113.3,113.3
2027-07-17 11:00:00,0.0,150.0,150.0
2027-07-17 12:00:00,0.0,85.0,85.0
2027-07-17 13:00:00,0.0,150.0,150.0
2027-07-17 14:00:00,0.0,150.0,150.0
2027-07-17 15:00:00,0.0,91.7,91.7
2027-07-17 16:00:00,0.0,150.0,150.0
2027-07-17 17:00:00,0.0,150.0,150.0
2027-07-17 18:00:00,0.0,33.3,33.3
2027-07-17 19:00:00,0.0,148.3,148.3
2027-07-17 20:00:00,0.0,150.0,150.0
2027-07-17 21:00:00,0.0,150.0,150.0
2027-07-17 22:00:00,0.0,120.0,120.0
2027-07-17 23:00:00,0.0,150.0,150.0
2027-07-18 00:00:00,0.0,150.0,150.0
2027-07-18 01:00:00,0.0,55.0,55.0
2027-07-18 02:00:00,0.0,150.0,150.0
2027-07-18 03:00:00,0.0,6.7,6.7
2027-07-18 04:00:00,0.0,150.0,150.0
2027-07-18 05:00:00,0.0,150.0,150.0
2027-07-18 06:00:00,0.0,56.7,56.7
2027-07-18 07:00:00,0.0,150.0,150.0
2027-07-18 08:00:00,0.0,150.0,150.0
2027-07-18 09:00:00,0.0,36.7,36.7
2027-07-18 10:00:00,0.0,136.7,136.7
2027-07-18 11:00:00,0.0,110.0,110.0
2027-07-18 12:00:00,0.0,150.0,150.0
2027-07-18 13:00:00,0.0,150.0,150.0
2027-07-18 14:00:00,0.0,150.0,150.0
2027-07-18 15:00:00,0.0,150.0,150.0
2027-07-18 16:00:00,0.0,150.0,150.0
2027-07-18 17:00:00,0.0,85.0,85.0
2027-07-18 18:00:00,0.0,150.0,150.0
2027-07-18 19:00:00,0.0,141.7,141.7
2027-07-18 20:00:00,0.0,81.7,81.7
2027-07-18 21:00:00,0.0,150.0,150.0
2027-07-18 22:00:00,0.0,150.0,150.0
2027-07-18 23:00:00,0.0,150.0,150.0
2027-07-19 00:00:00,0.0,150.0,150.0
2027-07-19 01:00:00,0.0,105.0,105.0
2027-07-19 02:00:00,0.0,150.0,150.0
2027-07-19 03:00:00,0.0,108.3,108.3
2027-07-19 04:00:00,0.0,150.0,150.0
2027-07-19 05:00:00,0.0,46.7,46.7
2027-07-19 06:00:00,0.0,150.0,150.0
2027-07-19 07:00:00,0.0,0.0,0.0
2027-07-19 08:00:00,0.0,130.0,130.0
2027-07-19 09:00:00,0.0,150.0,150.0
2027-07-19 10:00:00,0.0,101.7,101.7
2027-07-19 11:00:00,0.0,150.0,150.0
2027-07-19 12:00:00,0.0,145.0,145.0
2027-07-19 13:00:00,0.0,125.0,125.0
2027-07-19 14:00:00,0.0,96.7,96.7
2027-07-19 15:00:00,0.0,150.0,150.0
2027-07-19 16:00:00,0.0,150.0,150.0
2027-07-19 17:00:00,0.0,150.0,150.0
2027-07-19 18:00:00,0.0,150.0,150.0
2027-07-19 19:00:00,0.0,135.0,135.0
2027-07-19 20:00:00,0.0,150.0,150.0
2027-07-19 21:00:00,0.0,150.0,150.0
2027-07-19 22:00:00,0.0,128.3,128.3
2027-07-19 23:00:00,0.0,150.0,150.0
2027-07-20 00:00:00,0.0,145.0,145.0
2027-07-20 01:00:00,0.0,150.0,150.0
2027-07-20 02:00:00,0.0,143.3,143.3
2027-07-20 03:00:00,0.0,40.0,40.0
2027-07-20 04:00:00,0.0,150.0,150.0
2027-07-20 05:00:00,0.0,45.0,45.0
2027-07-20 06:00:00,0.0,130.0,130.0
2027-07-20 07:00:00,0.0,55.0,55.0
2027-07-20 08:00:00,0.0,150.0,150.0
2027-07-20 09:00:00,0.0,150.0,150.0
2027-07-20 10:00:00,0.0,150.0,150.0
2027-07-20 11:00:00,0.0,150.0,150.0
2027-07-20 12:00:00,0.0,65.0,65.0
2027-07-20 13:00:00,0.0,150.0,150.0
2027-07-20 14:00:00,0.0,31.7,31.7
2027-07-20 15:00:00,0.0,108.3,108.3
2027-07-20 16:00:00,0.0,150.0,150.0
2027-07-20 17:00:00,0.0,150.0,150.0
2027-07-20 18:00:00,0.0,111.7,111.7
2027-07-20 19:00:00,0.0,140.0,140.0
2027-07-20 20:00:00,0.0,136.7,136.7
2027-07-20 21:00:00,0.0,73.3,73.3
2027-07-20 22:00:00,0.0,150.0,150.0
2027-07-20 23:00:00,0.0,150.0,150.0
2027-07-21 00:00:00,0.0,103.3,103.3
2027-07-21 01:00:00,0.0,71.7,71.7
2027-07-21 02:00:00,0.0,100.0,100.0
2027-07-21 03:00:00,0.0,150.0,150.0
2027-07-21 04:00:00,0.0,15.0,15.0
2027-07-21 05:00:00,0.0,150.0,150.0
2027-07-21 06:00:00,0.0,150.0,150.0
2027-07-21 07:00:00,0.0,96.7,96.7
2027-07-21 08:00:00,0.0,150.0,150.0
2027-07-21 09:00:00,0.0,150.0,150.0
2027-07-21 10:00:00,0.0,150.0,150.0
2027-07-21 11:00:00,0.0,150.0,150.0
2027-07-21 12:00:00,0.0,150.0,150.0
2027-07-21 13:00:00,0.0,150.0,150.0
2027-07-21 14:00:00,0.0,105.0,105.0
2027-07-21 15:00:00,0.0,106.7,106.7
2027-07-21 16:00:00,0.0,150.0,150.0
2027-07-21 17:00:00,0.0,70.0,70.0
2027-07-21 18:00:00,0.0,150.0,150.0
2027-07-21 19:00:00,0.0,150.0,150.0
2027-07-21 20:00:00,0.0,150.0,150.0
2027-07-21 21:00:00,0.0,150.0,150.0
2027-07-21 22:00:00,0.0,150.0,150.0
2027-07-21 23:00:00,0.0,23.3,23.3
2027-07-22 00:00:00,0.0,150.0,150.0
2027-07-22 01:00:00,0.0,118.3,118.3
2027-07-22 02:00:00,0.0,150.0,150.0
2027-07-22 03:00:00,0.0,71.7,71.7
2027-07-22 04:00:00,0.0,150.0,150.0
2027-07-22 05:00:00,0.0,0.0,0.0
2027-07-22 06:00:00,0.0,51.7,51.7
2027-07-22 07:00:00,0.0,145.0,145.0
2027-07-22 08:00:00,0.0,150.0,150.0
2027-07-22 09:00:00,0.0,150.0,150.0
2027-07-22 10:00:00,0.0,150.0,150.0
2027-07-22 11:00:00,0.0,133.3,133.3
2027-07-22 12:00:00,0.0,150.0,150.0
2027-07-22 13:00:00,0.0,20.0,20.0
2027-07-22 14:00:00,0.0,120.0,120.0
2027-07-22 15:00:00,0.0,150.0,150.0
2027-07-22 16:00:00,0.0,150.0,150.0
2027-07-22 17:00:00,0.0,150.0,150.0
2027-07-22 18:00:00,0.0,55.0,55.0
2027-07-22 19:00:00,0.0,143.3,143.3
2027-07-22 20:00:00,0.0,23.3,23.3
2027-07-22 21:00:00,0.0,150.0,150.0
2027-07-22 22:00:00,0.0,83.3,83.3
2027-07-22 23:00:00,0.0,46.7,46.7
2027-07-23 00:00:00,0.0,150.0,150.0
2027-07-23 01:00:00,0.0,70.0,70.0
2027-07-23 02:00:00,0.0,150.0,150.0
2027-07-23 03:00:00,0.0,143.3,143.3
2027-07-23 04:00:00,0.0,150.0,150.0
2027-07-23 05:00:00,0.0,131.7,131.7
2027-07-23 06:00:00,0.0,150.0,150.0
2027-07-23 07:00:00,0.0,150.0,150.0
2027-07-23 08:00:00,0.0,35.0,35.0
2027-07-23 09:00:00,0.0,150.0,150.0
2027-07-23 10:00:00,0.0,150.0,150.0
2027-07-23 11:00:00,0.0,150.0,150.0
2027-07-23 12:00:00,0.0,133.3,133.3
2027-07-23 13:00:00,0.0,100.0,100.0
2027-07-23 14:00:00,0.0,150.0,150.0
2027-07-23 15:00:00,0.0,150.0,150.0
2027-07-23 16:00:00,0.0,123.3,123.3
2027-07-23 17:00:00,0.0,150.0,150.0
2027-07-23 18:00:00,0.0,150.0,150.0
2027-07-23 19:00:00,0.0,150.0,150.0
2027-07-23 20:00:00,0.0,150.0,150.0
2027-07-23 21:00:00,0.0,150.0,150.0
2027-07-23 22:00:00,0.0,146.7,146.7
2027-07-23 23:00:00,0.0,150.0,150.0
2027-07-24 00:00:00,0.0,123.3,123.3
2027-07-24 01:00:00,0.0,86.7,86.7
2027-07-24 02:00:00,0.0,91.7,91.7
2027-07-24 03:00:00,0.0,150.0,150.0
2027-07-24 04:00:00,0.0,150.0,150.0
2027-07-24 05:00:00,0.0,150.0,150.0
2027-07-24 06:00:00,0.0,150.0,150.0
2027-07-24 07:00:00,0.0,150.0,150.0
2027-07-24 08:00:00,0.0,150.0,150.0
2027-07-24 09:00:00,0.0,150.0,150.0
2027-07-24 10:00:00,0.0,150.0,150.0
2027-07-24 11:00:00,0.0,150.0,150.0
2027-07-24 12:00:00,0.0,150.0,150.0
2027-07-24 13:00:00,0.0,116.7,116.7
2027-07-24 14:00:00,0.0,146.7,146.7
2027-07-24 15:00:00,0.0,66.7,66.7
2027-07-24 16:00:00,0.0,100.0,100.0
2027-07-24 17:00:00,0.0,91.7,91.7
2027-07-24 18:00:00,0.0,106.7,106.7
2027-07-24 19:00:00,0.0,128.3,128.3
2027-07-24 20:00:00,0.0,150.0,150.0
2027-07-24 21:00:00,0.0,150.0,150.0
2027-07-24 22:00:00,0.0,150.0,150.0
2027-07-24 23:00:00,0.0,150.0,150.0
2027-07-25 00:00:00,0.0,45.0,45.0
2027-07-25 01:00:00,0.0,150.0,150.0
2027-07-25 02:00:00,0.0,141.7,141.7
2027-07-25 03:00:00,0.0,60.0,60.0
2027-07-25 04:00:00,0.0,76.7,76.7
2027-07-25 05:00:00,0.0,150.0,150.0
2027-07-25 06:00:00,0.0,138.3,138.3
2027-07-25 07:00:00,0.0,106.7,106.7
2027-07-25 08:00:00,0.0,88.3,88.3
2027-07-25 09:00:00,0.0,150.0,150.0
2027-07-25 10:00:00,0.0,126.7,126.7
2027-07-25 11:00:00,0.0,55.0,55.0
2027-07-25 12:00:00,0.0,101.7,101.7
2027-07-25 13:00:00,0.0,115.0,115.0
2027-07-25 14:00:00,0.0,16.7,16.7
2027-07-25 15:00:00,0.0,140.0,140.0
2027-07-25 16:00:00,0.0,118.3,118.3
2027-07-25 17:00:00,0.0,103.3,103.3
2027-07-25 18:00:00,0.0,113.3,113.3
2027-07-25 19:00:00,0.0,68.3,68.3
2027-07-25 20:00:00,0.0,0.0,0.0
2027-07-25 21:00:00,0.0,95.0,95.0
2027-07-25 22:00:00,0.0,150.0,150.0
2027-07-25 23:00:00,0.0,51.7,51.7
2027-07-26 00:00:00,0.0,105.0,105.0
2027-07-26 01:00:00,0.0,150.0,150.0
2027-07-26 02:00:00,0.0,150.0,150.0
2027-07-26 03:00:00,0.0,150.0,150.0
2027-07-26 04:00:00,0.0,133.3,133.3
2027-07-26 05:00:00,0.0,150.0,150.0
2027-07-26 06:00:00,0.0,150.0,150.0
2027-07-26 07:00:00,0.0,136.7,136.7
2027-07-26 08:00:00,0.0,58.3,58.3
2027-07-26 09:00:00,0.0,150.0,150.0
2027-07-26 10:00:00,0.0,0.0,0.0
2027-07-26 11:00:00,0.0,150.0,150.0
2027-07-26 12:00:00,0.0,150.0,150.0
2027-07-26 13:00:00,0.0,150.0,150.0
2027-07-26 14:00:00,0.0,150.0,150.0
2027-07-26 15:00:00,0.0,0.0,0.0
2027-07-26 16:00:00,0.0,150.0,150.0
2027-07-26 17:00:00,0.0,150.0,150.0
2027-07-26 18:00:00,0.0,150.0,150.0
2027-07-26 19:00:00,0.0,83.3,83.3
2027-07-26 20:00:00,0.0,150.0,150.0
2027-07-26 21:00:00,0.0,93.3,93.3
2027-07-26 22:00:00,0.0,136.7,136.7
2027-07-26 23:00:00,0.0,25.0,25.0
2027-07-27 00:00:00,0.0,133.3,133.3
2027-07-27 01:00:00,0.0,0.0,0.0
2027-07-27 02:00:00,0.0,150.0,150.0
2027-07-27 03:00:00,0.0,150.0,150.0
2027-07-27 04:00:00,0.0,0.0,0.0
2027-07-27 05:00:00,0.0,150.0,150.0
2027-07-27 06:00:00,0.0,33.3,33.3
2027-07-27 07:00:00,0.0,150.0,150.0
2027-07-27 08:00:00,0.0,91.7,91.7
2027-07-27 09:00:00,0.0,88.3,88.3
2027-07-27 10:00:00,0.0,110.0,110.0
2027-07-27 11:00:00,0.0,116.7,116.7
2027-07-27 12:00:00,0.0,150.0,150.0
2027-07-27 13:00:00,0.0,136.7,136.7
2027-07-27 14:00:00,0.0,150.0,150.0
2027-07-27 15:00:00,0.0,150.0,150.0
2027-07-27 16:00:00,0.0,150.0,150.0
2027-07-27 17:00:00,0.0,48.3,48.3
2027-07-27 18:00:00,0.0,150.0,150.0
2027-07-27 19:00:00,0.0,150.0,150.0
2027-07-27 20:00:00,0.0,150.0,150.0
2027-07-27 21:00:00,0.0,150.0,150.0
2027-07-27 22:00:00,0.0,26.7,26.7
2027-07-27 23:00:00,0.0,150.0,150.0
2027-07-28 00:00:00,0.0,61.7,61.7
2027-07-28 01:00:00,0.0,150.0,150.0
2027-07-28 02:00:00,0.0,150.0,150.0
2027-07-28 03:00:00,0.0,150.0,150.0
2027-07-28 04:00:00,0.0,150.0,150.0
2027-07-28 05:00:00,0.0,150.0,150.0
2027-07-28 06:00:00,0.0,150.0,150.0
2027-07-28 07:00:00,0.0,68.3,68.3
2027-07-28 08:00:00,0.0,150.0,150.0
2027-07-28 09:00:00,0.0,150.0,150.0
2027-07-28 10:00:00,0.0,150.0,150.0
2027-07-28 11:00:00,0.0,93.3,93.3
2027-07-28 12:00:00,0.0,150.0,150.0
2027-07-28 13:00:00,0.0,150.0,150.0
2027-07-28 14:00:00,0.0,150.0,150.0
2027-07-28 15:00:00,0.0,150.0,150.0
2027-07-28 16:00:00,0.0,150.0,150.0
2027-07-28 17:00:00,0.0,85.0,85.0
2027-07-28 18:00:00,0.0,150.0,150.0
2027-07-28 19:00:00,0.0,146.7,146.7
2027-07-28 20:00:00,0.0,150.0,150.0
2027-07-28 21:00:00,0.0,66.7,66.7
2027-07-28 22:00:00,0.0,140.0,140.0
2027-07-28 23:00:00,0.0,133.3,133.3
2027-07-29 00:00:00,0.0,145.0,145.0
2027-07-29 01:00:00,0.0,150.0,150.0
2027-07-29 02:00:00,0.0,150.0,150.0
2027-07-29 03:00:00,0.0,150.0,150.0
2027-07-29 04:00:00,0.0,150.0,150.0
2027-07-29 05:00:00,0.0,150.0,150.0
2027-07-29 06:00:00,0.0,86.7,86.7
2027-07-29 07:00:00,0.0,146.7,146.7
2027-07-29 08:00:00,0.0,58.3,58.3
2027-07-29 09:00:00,0.0,135.0,135.0
2027-07-29 10:00:00,0.0,150.0,150.0
2027-07-29 11:00:00,0.0,43.3,43.3
2027-07-29 12:00:00,0.0,85.0,85.0
2027-07-29 13:00:00,0.0,150.0,150.0
2027-07-29 14:00:00,0.0,150.0,150.0
2027-07-29 15:00:00,0.0,150.0,150.0
2027-07-29 16:00:00,0.0,150.0,150.0
2027-07-29 17:00:00,0.0,150.0,150.0
2027-07-29 18:00:00,0.0,45.0,45.0
2027-07-29 19:00:00,0.0,16.7,16.7
2027-07-29 20:00:00,0.0,150.0,150.0
2027-07-29 21:00:00,0.0,141.7,141.7
2027-07-29 22:00:00,0.0,71.7,71.7
2027-07-29 23:00:00,0.0,138.3,138.3
2027-07-30 00:00:00,0.0,113.3,113.3
2027-07-30 01:00:00,0.0,0.0,0.0
2027-07-30 02:00:00,0.0,150.0,150.0
2027-07-30 03:00:00,0.0,150.0,150.0
2027-07-30 04:00:00,0.0,150.0,150.0
2027-07-30 05:00:00,0.0,150.0,150.0
2027-07-30 06:00:00,0.0,60.0,60.0
2027-07-30 07:00:00,0.0,101.7,101.7
2027-07-30 08:00:00,0.0,150.0,150.0
2027-07-30 09:00:00,0.0,26.7,26.7
2027-07-30 10:00:00,0.0,150.0,150.0
2027-07-30 11:00:00,0.0,150.0,150.0
2027-07-30 12:00:00,0.0,150.0,150.0
2027-07-30 13:00:00,0.0,150.0,150.0
2027-07-30 14:00:00,0.0,150.0,150.0
2027-07-30 15:00:00,0.0,58.3,58.3
2027-07-30 16:00:00,0.0,105.0,105.0
2027-07-30 17:00:00,0.0,150.0,150.0
2027-07-30 18:00:00,0.0,150.0,150.0
2027-07-30 19:00:00,0.0,136.7,136.7
2027-07-30 20:00:00,0.0,86.7,86.7
2027-07-30 21:00:00,0.0,150.0,150.0
2027-07-30 22:00:00,0.0,140.0,140.0
2027-07-30 23:00:00,0.0,0.0,0.0
2027-07-31 00:00:00,0.0,58.3,58.3
2027-07-31 01:00:00,0.0,150.0,150.0
2027-07-31 02:00:00,0.0,150.0,150.0
2027-07-31 03:00:00,0.0,95.0,95.0
2027-07-31 04:00:00,0.0,90.0,90.0
2027-07-31 05:00:00,0.0,150.0,150.0
2027-07-31 06:00:00,0.0,86.7,86.7
2027-07-31 07:00:00,0.0,131.7,131.7
2027-07-31 08:00:00,0.0,38.3,38.3
2027-07-31 09:00:00,0.0,150.0,150.0
2027-07-31 10:00:00,0.0,150.0,150.0
2027-07-31 11:00:00,0.0,145.0,145.0
2027-07-31 12:00:00,0.0,80.0,80.0
2027-07-31 13:00:00,0.0,143.3,143.3
2027-07-31 14:00:00,0.0,150.0,150.0
2027-07-31 15:00:00,0.0,0.0,0.0
2027-07-31 16:00:00,0.0,150.0,150.0
2027-07-31 17:00:00,0.0,150.0,150.0
2027-07-31 18:00:00,0.0,150.0,150.0
2027-07-31 19:00:00,0.0,150.0,150.0
2027-07-31 20:00:00,0.0,13.3,13.3
2027-07-31 21:00:00,0.0,150.0,150.0
2027-07-31 22:00:00,0.0,150.0,150.0
2027-07-31 23:00:00,0.0,150.0,150.0
2027-08-01 00:00:00,0.0,150.0,150.0
2027-08-01 01:00:00,0.0,0.0,0.0
2027-08-01 02:00:00,0.0,150.0,150.0
2027-08-01 03:00:00,0.0,65.0,65.0
2027-08-01 04:00:00,0.0,0.0,0.0
2027-08-01 05:00:00,0.0,111.7,111.7
2027-08-01 06:00:00,0.0,150.0,150.0
2027-08-01 07:00:00,0.0,150.0,150.0
2027-08-01 08:00:00,0.0,150.0,150.0
2027-08-01 09:00:00,0.0,88.3,88.3
2027-08-01 10:00:00,0.0,86.7,86.7
2027-08-01 11:00:00,0.0,150.0,150.0
2027-08-01 12:00:00,0.0,76.7,76.7
2027-08-01 13:00:00,0.0,95.0,95.0
2027-08-01 14:00:00,0.0,150.0,150.0
2027-08-01 15:00:00,0.0,80.0,80.0
2027-08-01 16:00:00,0.0,81.7,81.7
2027-08-01 17:00:00,0.0,126.7,126.7
2027-08-01 18:00:00,0.0,150.0,150.0
2027-08-01 19:00:00,0.0,150.0,150.0
2027-08-01 20:00:00,0.0,150.0,150.0
2027-08-01 21:00:00,0.0,150.0,150.0
2027-08-01 22:00:00,0.0,150.0,150.0
2027-08-01 23:00:00,0.0,150.0,150.0
2027-08-02 00:00:00,0.0,150.0,150.0
2027-08-02 01:00:00,0.0,150.0,150.0
2027-08-02 02:00:00,0.0,8.3,8.3
2027-08-02 03:00:00,0.0,150.0,150.0
2027-08-02 04:00:00,0.0,150.0,150.0
2027-08-02 05:00:00,0.0,56.7,56.7
2027-08-02 06:00:00,0.0,66.7,66.7
2027-08-02 07:00:00,0.0,150.0,150.0
2027-08-02 08:00:00,0.0,46.7,46.7
2027-08-02 09:00:00,0.0,150.0,150.0
2027-08-02 10:00:00,0.0,150.0,150.0
2027-08-02 11:00:00,0.0,150.0,150.0
2027-08-02 12:00:00,0.0,98.3,98.3
2027-08-02 13:00:00,0.0,0.0,0.0
2027-08-02 14:00:00,0.0,150.0,150.0
2027-08-02 15:00:00,0.0,150.0,150.0
2027-08-02 16:00:00,0.0,150.0,150.0
2027-08-02 17:00:00,0.0,91.7,91.7
2027-08-02 18:00:00,0.0,133.3,133.3
2027-08-02 19:00:00,0.0,48.3,48.3
2027-08-02 20:00:00,0.0,0.0,0.0
2027-08-02 21:00:00,0.0,23.3,23.3
2027-08-02 22:00:00,0.0,118.3,118.3
2027-08-02 23:00:00,0.0,90.0,90.0
2027-08-03 00:00:00,0.0,150.0,150.0
2027-08-03 01:00:00,0.0,150.0,150.0
2027-08-03 02:00:00,0.0,150.0,150.0
2027-08-03 03:00:00,0.0,150.0,150.0
2027-08-03 04:00:00,0.0,66.7,66.7
2027-08-03 05:00:00,0.0,103.3,103.3
2027-08-03 06:00:00,0.0,55.0,55.0
2027-08-03 07:00:00,0.0,145.0,145.0
2027-08-03 08:00:00,0.0,146.7,146.7
2027-08-03 09:00:00,0.0,136.7,136.7
2027-08-03 10:00:00,0.0,150.0,150.0
2027-08-03 11:00:00,0.0,150.0,150.0
2027-08-03 12:00:00,0.0,141.7,141.7
2027-08-03 13:00:00,0.0,141.7,141.7
2027-08-03 14:00:00,0.0,150.0,150.0
2027-08-03 15:00:00,0.0,150.0,150.0
2027-08-03 16:00:00,0.0,115.0,115.0
2027-08-03 17:00:00,0.0,150.0,150.0
2027-08-03 18:00:00,0.0,138.3,138.3
2027-08-03 19:00:00,0.0,68.3,68.3
2027-08-03 20:00:00,0.0,30.0,30.0
2027-08-03 21:00:00,0.0,0.0,0.0
2027-08-03 22:00:00,0.0,140.0,140.0
2027-08-03 23:00:00,0.0,150.0,150.0
2027-08-04 00:00:00,0.0,150.0,150.0
2027-08-04 01:00:00,0.0,141.7,141.7
2027-08-04 02:00:00,0.0,150.0,150.0
2027-08-04 03:00:00,0.0,148.3,148.3
2027-08-04 04:00:00,0.0,150.0,150.0
2027-08-04 05:00:00,0.0,91.7,91.7
2027-08-04 06:00:00,0.0,150.0,150.0
2027-08-04 07:00:00,0.0,150.0,150.0
2027-08-04 08:00:00,0.0,0.0,0.0
2027-08-04 09:00:00,0.0,150.0,150.0
2027-08-04 10:00:00,0.0,51.7,51.7
2027-08-04 11:00:00,0.0,150.0,150.0
2027-08-04 12:00:00,0.0,128.3,128.3
2027-08-04 13:00:00,0.0,150.0,150.0
2027-08-04 14:00:00,0.0,150.0,150.0
2027-08-04 15:00:00,0.0,141.7,141.7
2027-08-04 16:00:00,0.0,150.0,150.0
2027-08-04 17:00:00,0.0,75.0,75.0
2027-08-04 18:00:00,0.0,150.0,150.0
2027-08-04 19:00:00,0.0,100.0,100.0
2027-08-04 20:00:00,0.0,96.7,96.7
2027-08-04 21:00:00,0.0,150.0,150.0
2027-08-04 22:00:00,0.0,150.0,150.0
2027-08-04 23:00:00,0.0,108.3,108.3
2027-08-05 00:00:00,0.0,150.0,150.0
2027-08-05 01:00:00,0.0,150.0,150.0
2027-08-05 02:00:00,0.0,68.3,68.3
2027-08-05 03:00:00,0.0,150.0,150.0
2027-08-05 04:00:00,0.0,150.0,150.0
2027-08-05 05:00:00,0.0,125.0,125.0
2027-08-05 06:00:00,0.0,150.0,150.0
2027-08-05 07:00:00,0.0,150.0,150.0
2027-08-05 08:00:00,0.0,33.3,33.3
2027-08-05 09:00:00,0.0,150.0,150.0
2027-08-05 10:00:00,0.0,150.0,150.0
2027-08-05 11:00:00,0.0,120.0,120.0
2027-08-05 12:00:00,0.0,85.0,85.0
2027-08-05 13:00:00,0.0,116.7,116.7
2027-08-05 14:00:00,0.0,150.0,150.0
2027-08-05 15:00:00,0.0,150.0,150.0
2027-08-05 16:00:00,0.0,91.7,91.7
2027-08-05 17:00:00,0.0,78.3,78.3
2027-08-05 18:00:00,0.0,140.0,140.0
2027-08-05 19:00:00,0.0,150.0,150.0
2027-08-05 20:00:00,0.0,150.0,150.0
2027-08-05 21:00:00,0.0,150.0,150.0
2027-08-05 22:00:00,0.0,150.0,150.0
2027-08-05 23:00:00,0.0,63.3,63.3
2027-08-06 00:00:00,0.0,150.0,150.0
2027-08-06 01:00:00,0.0,101.7,101.7
2027-08-06 02:00:00,0.0,150.0,150.0
2027-08-06 03:00:00,0.0,41.7,41.7
2027-08-06 04:00:00,0.0,150.0,150.0
2027-08-06 05:00:00,0.0,150.0,150.0
2027-08-06 06:00:00,0.0,0.0,0.0
2027-08-06 07:00:00,0.0,150.0,150.0
2027-08-06 08:00:00,0.0,150.0,150.0
2027-08-06 09:00:00,0.0,150.0,150.0
2027-08-06 10:00:00,0.0,71.7,71.7
2027-08-06 11:00:00,0.0,3.3,3.3
2027-08-06 12:00:00,0.0,150.0,150.0
2027-08-06 13:00:00,0.0,150.0,150.0
2027-08-06 14:00:00,0.0,150.0,150.0
2027-08-06 15:00:00,0.0,90.0,90.0
2027-08-06 16:00:00,0.0,116.7,116.7
2027-08-06 17:00:00,0.0,150.0,150.0
2027-08-06 18:00:00,0.0,136.7,136.7
2027-08-06 19:00:00,0.0,150.0,150.0
2027-08-06 20:00:00,0.0,150.0,150.0
2027-08-06 21:00:00,0.0,150.0,150.0
2027-08-06 22:00:00,0.0,150.0,150.0
2027-08-06 23:00:00,0.0,60.0,60.0
2027-08-07 00:00:00,0.0,75.0,75.0
2027-08-07 01:00:00,0.0,40.0,40.0
2027-08-07 02:00:00,0.0,150.0,150.0
2027-08-07 03:00:00,0.0,0.0,0.0
2027-08-07 04:00:00,0.0,81.7,81.7
2027-08-07 05:00:00,0.0,50.0,50.0
2027-08-07 06:00:00,0.0,150.0,150.0
2027-08-07 07:00:00,0.0,150.0,150.0
2027-08-07 08:00:00,0.0,150.0,150.0
2027-08-07 09:00:00,0.0,21.7,21.7
2027-08-07 10:00:00,0.0,150.0,150.0
2027-08-07 11:00:00,0.0,150.0,150.0
2027-08-07 12:00:00,0.0,150.0,150.0
2027-08-07 13:00:00,0.0,128.3,128.3
2027-08-07 14:00:00,0.0,53.3,53.3
2027-08-07 15:00:00,0.0,100.0,100.0
2027-08-07 16:00:00,0.0,150.0,150.0
2027-08-07 17:00:00,0.0,150.0,150.0
2027-08-07 18:00:00,0.0,20.0,20.0
2027-08-07 19:00:00,0.0,150.0,150.0
2027-08-07 20:00:00,0.0,85.0,85.0
2027-08-07 21:00:00,0.0,150.0,150.0
2027-08-07 22:00:00,0.0,0.0,0.0
2027-08-07 23:00:00,0.0,150.0,150.0
2027-08-08 00:00:00,0.0,150.0,150.0
2027-08-08 01:00:00,0.0,125.0,125.0
2027-08-08 02:00:00,0.0,150.0,150.0
2027-08-08 03:00:00,0.0,90.0,90.0
2027-08-08 04:00:00,0.0,150.0,150.0
2027-08-08 05:00:00,0.0,150.0,150.0
2027-08-08 06:00:00,0.0,150.0,150.0
2027-08-08 07:00:00,0.0,150.0,150.0
2027-08-08 08:00:00,0.0,106.7,106.7
2027-08-08 09:00:00,0.0,53.3,53.3
2027-08-08 10:00:00,0.0,150.0,150.0
2027-08-08 11:00:00,0.0,150.0,150.0
2027-08-08 12:00:00,0.0,150.0,150.0
2027-08-08 13:00:00,0.0,125.0,125.0
2027-08-08 14:00:00,0.0,150.0,150.0
2027-08-08 15:00:00,0.0,150.0,150.0
2027-08-08 16:00:00,0.0,36.7,36.7
2027-08-08 17:00:00,0.0,150.0,150.0
2027-08-08 18:00:00,0.0,90.0,90.0
2027-08-08 19:00:00,0.0,150.0,150.0
2027-08-08 20:00:00,0.0,121.7,121.7
2027-08-08 21:00:00,0.0,150.0,150.0
2027-08-08 22:00:00,0.0,150.0,150.0
2027-08-08 23:00:00,0.0,150.0,150.0
2027-08-09 00:00:00,0.0,108.3,108.3
2027-08-09 01:00:00,0.0,150.0,150.0
2027-08-09 02:00:00,0.0,150.0,150.0
2027-08-09 03:00:00,0.0,123.3,123.3
2027-08-09 04:00:00,0.0,150.0,150.0
2027-08-09 05:00:00,0.0,146.7,146.7
2027-08-09 06:00:00,0.0,31.7,31.7
2027-08-09 07:00:00,0.0,126.7,126.7
2027-08-09 08:00:00,0.0,150.0,150.0
2027-08-09 09:00:00,0.0,28.3,28.3
2027-08-09 10:00:00,0.0,150.0,150.0
2027-08-09 11:00:00,0.0,150.0,150.0
2027-08-09 12:00:00,0.0,150.0,150.0
2027-08-09 13:00:00,0.0,8.3,8.3
2027-08-09 14:00:00,0.0,96.7,96.7
2027-08-09 15:00:00,0.0,0.0,0.0
2027-08-09 16:00:00,0.0,21.7,21.7
2027-08-09 17:00:00,0.0,55.0,55.0
2027-08-09 18:00:00,0.0,131.7,131.7
2027-08-09 19:00:00,0.0,150.0,150.0
2027-08-09 20:00:00,0.0,150.0,150.0
2027-08-09 21:00:00,0.0,150.0,150.0
2027-08-09 22:00:00,0.0,125.0,125.0
2027-08-09 23:00:00,0.0,30.0,30.0
2027-08-10 00:00:00,0.0,13.3,13.3
2027-08-10 01:00:00,0.0,150.0,150.0
2027-08-10 02:00:00,0.0,118.3,118.3
2027-08-10 03:00:00,0.0,150.0,150.0
2027-08-10 04:00:00,0.0,150.0,150.0
2027-08-10 05:00:00,0.0,150.0,150.0
2027-08-10 06:00:00,0.0,93.3,93.3
2027-08-10 07:00:00,0.0,118.3,118.3
2027-08-10 08:00:00,0.0,150.0,150.0
2027-08-10 09:00:00,0.0,141.7,141.7
2027-08-10 10:00:00,0.0,150.0,150.0
2027-08-10 11:00:00,0.0,38.3,38.3
2027-08-10 12:00:00,0.0,150.0,150.0
2027-08-10 13:00:00,0.0,0.0,0.0
2027-08-10 14:00:00,0.0,56.7,56.7
2027-08-10 15:00:00,0.0,120.0,120.0
2027-08-10 16:00:00,0.0,148.3,148.3
2027-08-10 17:00:00,0.0,56.7,56.7
2027-08-10 18:00:00,0.0,150.0,150.0
2027-08-10 19:00:00,0.0,150.0,150.0
2027-08-10 20:00:00,0.0,85.0,85.0
2027-08-10 21:00:00,0.0,75.0,75.0
2027-08-10 22:00:00,0.0,150.0,150.0
2027-08-10 23:00:00,0.0,113.3,113.3
2027-08-11 00:00:00,0.0,26.7,26.7
2027-08-11 01:00:00,0.0,126.7,126.7
2027-08-11 02:00:00,0.0,150.0,150.0
2027-08-11 03:00:00,0.0,150.0,150.0
2027-08-11 04:00:00,0.0,150.0,150.0
2027-08-11 05:00:00,0.0,150.0,150.0
2027-08-11 06:00:00,0.0,150.0,150.0
2027-08-11 07:00:00,0.0,150.0,150.0
2027-08-11 08:00:00,0.0,150.0,150.0
2027-08-11 09:00:00,0.0,141.7,141.7
2027-08-11 10:00:00,0.0,90.0,90.0
2027-08-11 11:00:00,0.0,36.7,36.7
2027-08-11 12:00:00,0.0,130.0,130.0
2027-08-11 13:00:00,0.0,150.0,150.0
2027-08-11 14:00:00,0.0,40.0,40.0
2027-08-11 15:00:00,0.0,150.0,150.0
2027-08-11 16:00:00,0.0,0.0,0.0
2027-08-11 17:00:00,0.0,61.7,61.7
2027-08-11 18:00:00,0.0,150.0,150.0
2027-08-11 19:00:00,0.0,113.3,113.3
2027-08-11 20:00:00,0.0,45.0,45.0
2027-08-11 21:00:00,0.0,150.0,150.0
2027-08-11 22:00:00,0.0,128.3,128.3
2027-08-11 23:00:00,0.0,150.0,150.0
2027-08-12 00:00:00,0.0,125.0,125.0
2027-08-12 01:00:00,0.0,0.0,0.0
2027-08-12 02:00:00,0.0,150.0,150.0
2027-08-12 03:00:00,0.0,40.0,40.0
2027-08-12 04:00:00,0.0,88.3,88.3
2027-08-12 05:00:00,0.0,150.0,150.0
2027-08-12 06:00:00,0.0,106.7,106.7
2027-08-12 07:00:00,0.0,121.7,121.7
2027-08-12 08:00:00,0.0,0.0,0.0
2027-08-12 09:00:00,0.0,150.0,150.0
2027-08-12 10:00:00,0.0,145.0,145.0
2027-08-12 11:00:00,0.0,150.0,150.0
2027-08-12 12:00:00,0.0,150.0,150.0
2027-08-12 13:00:00,0.0,133.3,133.3
2027-08-12 14:00:00,0.0,150.0,150.0
2027-08-12 15:00:00,0.0,150.0,150.0
2027-08-12 16:00:00,0.0,150.0,150.0
2027-08-12 17:00:00,0.0,126.7,126.7
2027-08-12 18:00:00,0.0,150.0,150.0
2027-08-12 19:00:00,0.0,150.0,150.0
2027-08-12 20:00:00,0.0,150.0,150.0
2027-08-12 21:00:00,0.0,143.3,143.3
2027-08-12 22:00:00,0.0,146.7,146.7
2027-08-12 23:00:00,0.0,133.3,133.3
2027-08-13 00:00:00,0.0,55.0,55.0
2027-08-13 01:00:00,0.0,150.0,150.0
2027-08-13 02:00:00,0.0,75.0,75.0
2027-08-13 03:00:00,0.0,148.3,148.3
2027-08-13 04:00:00,0.0,35.0,35.0
2027-08-13 05:00:00,0.0,131.7,131.7
2027-08-13 06:00:00,0.0,150.0,150.0
2027-08-13 07:00:00,0.0,123.3,123.3
2027-08-13 08:00:00,0.0,120.0,120.0
2027-08-13 09:00:00,0.0,150.0,150.0
2027-08-13 10:00:00,0.0,150.0,150.0
2027-08-13 11:00:00,0.0,150.0,150.0
2027-08-13 12:00:00,0.0,0.0,0.0
2027-08-13 13:00:00,0.0,148.3,148.3
2027-08-13 14:00:00,0.0,86.7,86.7
2027-08-13 15:00:00,0.0,150.0,150.0
2027-08-13 16:00:00,0.0,150.0,150.0
2027-08-13 17:00:00,0.0,150.0,150.0
2027-08-13 18:00:00,0.0,150.0,150.0
2027-08-13 19:00:00,0.0,150.0,150.0
2027-08-13 20:00:00,0.0,150.0,150.0
2027-08-13 21:00:00,0.0,150.0,150.0
2027-08-13 22:00:00,0.0,148.3,148.3
2027-08-13 23:00:00,0.0,71.7,71.7
2027-08-14 00:00:00,0.0,150.0,150.0
2027-08-14 01:00:00,0.0,101.7,101.7
2027-08-14 02:00:00,0.0,150.0,150.0
2027-08-14 03:00:00,0.0,53.3,53.3
2027-08-14 04:00:00,0.0,150.0,150.0
2027-08-14 05:00:00,0.0,60.0,60.0
2027-08-14 06:00:00,0.0,118.3,118.3
2027-08-14 07:00:00,0.0,150.0,150.0
2027-08-14 08:00:00,0.0,150.0,150.0
2027-08-14 09:00:00,0.0,150.0,150.0
2027-08-14 10:00:00,0.0,5.0,5.0
2027-08-14 11:00:00,0.0,100.0,100.0
2027-08-14 12:00:00,0.0,131.7,131.7
2027-08-14 13:00:00,0.0,150.0,150.0
2027-08-14 14:00:00,0.0,123.3,123.3
2027-08-14 15:00:00,0.0,150.0,150.0
2027-08-14 16:00:00,0.0,150.0,150.0
2027-08-14 17:00:00,0.0,150.0,150.0
2027-08-14 18:00:00,0.0,150.0,150.0
2027-08-14 19:00:00,0.0,150.0,150.0
2027-08-14 20:00:00,0.0,150.0,150.0
2027-08-14 21:00:00,0.0,150.0,150.0
2027-08-14 22:00:00,0.0,150.0,150.0
2027-08-14 23:00:00,0.0,80.0,80.0
2027-08-15 00:00:00,0.0,61.7,61.7
2027-08-15 01:00:00,0.0,135.0,135.0
2027-08-15 02:00:00,0.0,150.0,150.0
2027-08-15 03:00:00,0.0,33.3,33.3
2027-08-15 04:00:00,0.0,150.0,150.0
2027-08-15 05:00:00,0.0,125.0,125.0
2027-08-15 06:00:00,0.0,125.0,125.0
2027-08-15 07:00:00,0.0,150.0,150.0
2027-08-15 08:00:00,0.0,150.0,150.0
2027-08-15 09:00:00,0.0,126.7,126.7
2027-08-15 10:00:00,0.0,150.0,150.0
2027-08-15 11:00:00,0.0,150.0,150.0
2027-08-15 12:00:00,0.0,150.0,150.0
2027-08-15 13:00:00,0.0,150.0,150.0
2027-08-15 14:00:00,0.0,150.0,150.0
2027-08-15 15:00:00,0.0,150.0,150.0
2027-08-15 16:00:00,0.0,150.0,150.0
2027-08-15 17:00:00,0.0,0.0,0.0
2027-08-15 18:00:00,0.0,0.0,0.0
2027-08-15 19:00:00,0.0,58.3,58.3
2027-08-15 20:00:00,0.0,75.0,75.0
2027-08-15 21:00:00,0.0,150.0,150.0
2027-08-15 22:00:00,0.0,150.0,150.0
2027-08-15 23:00:00,0.0,150.0,150.0
2027-08-16 00:00:00,0.0,3.3,3.3
2027-08-16 01:00:00,0.0,80.0,80.0
2027-08-16 02:00:00,0.0,85.0,85.0
2027-08-16 03:00:00,0.0,46.7,46.7
2027-08-16 04:00:00,0.0,150.0,150.0
2027-08-16 05:00:00,0.0,70.0,70.0
2027-08-16 06:00:00,0.0,150.0,150.0
2027-08-16 07:00:00,0.0,150.0,150.0
2027-08-16 08:00:00,0.0,135.0,135.0
2027-08-16 09:00:00,0.0,106.7,106.7
2027-08-16 10:00:00,0.0,150.0,150.0
2027-08-16 11:00:00,0.0,150.0,150.0
2027-08-16 12:00:00,0.0,150.0,150.0
2027-08-16 13:00:00,0.0,128.3,128.3
2027-08-16 14:00:00,0.0,8.3,8.3
2027-08-16 15:00:00,0.0,68.3,68.3
2027-08-16 16:00:00,0.0,86.7,86.7
2027-08-16 17:00:00,0.0,150.0,150.0
2027-08-16 18:00:00,0.0,150.0,150.0
2027-08-16 19:00:00,0.0,150.0,150.0
2027-08-16 20:00:00,0.0,0.0,0.0
2027-08-16 21:00:00,0.0,150.0,150.0
2027-08-16 22:00:00,0.0,150.0,150.0
2027-08-16 23:00:00,0.0,150.0,150.0
2027-08-17 00:00:00,0.0,78.3,78.3
2027-08-17 01:00:00,0.0,150.0,150.0
2027-08-17 02:00:00,0.0,150.0,150.0
2027-08-17 03:00:00,0.0,150.0,150.0
2027-08-17 04:00:00,0.0,126.7,126.7
2027-08-17 05:00:00,0.0,150.0,150.0
2027-08-17 06:00:00,0.0,126.7,126.7
2027-08-17 07:00:00,0.0,150.0,150.0
2027-08-17 08:00:00,0.0,0.0,0.0
2027-08-17 09:00:00,0.0,90.0,90.0
2027-08-17 10:00:00,0.0,150.0,150.0
2027-08-17 11:00:00,0.0,150.0,150.0
2027-08-17 12:00:00,0.0,150.0,150.0
2027-08-17 13:00:00,0.0,150.0,150.0
2027-08-17 14:00:00,0.0,150.0,150.0
2027-08-17 15:00:00,0.0,150.0,150.0
2027-08-17 16:00:00,0.0,66.7,66.7
2027-08-17 17:00:00,0.0,150.0,150.0
2027-08-17 18:00:00,0.0,150.0,150.0
2027-08-17 19:00:00,0.0,150.0,150.0
2027-08-17 20:00:00,0.0,0.0,0.0
2027-08-17 21:00:00,0.0,150.0,150.0
2027-08-17 22:00:00,0.0,150.0,150.0
2027-08-17 23:00:00,0.0,130.0,130.0
2027-08-18 00:00:00,0.0,115.0,115.0
2027-08-18 01:00:00,0.0,150.0,150.0
2027-08-18 02:00:00,0.0,135.0,135.0
2027-08-18 03:00:00,0.0,150.0,150.0
2027-08-18 04:00:00,0.0,150.0,150.0
2027-08-18 05:00:00,0.0,86.7,86.7
2027-08-18 06:00:00,0.0,110.0,110.0
2027-08-18 07:00:00,0.0,150.0,150.0
2027-08-18 08:00:00,0.0,150.0,150.0
2027-08-18 09:00:00,0.0,150.0,150.0
2027-08-18 10:00:00,0.0,150.0,150.0
2027-08-18 11:00:00,0.0,150.0,150.0
2027-08-18 12:00:00,0.0,150.0,150.0
2027-08-18 13:00:00,0.0,150.0,150.0
2027-08-18 14:00:00,0.0,130.0,130.0
2027-08-18 15:00:00,0.0,81.7,81.7
2027-08-18 16:00:00,0.0,150.0,150.0
2027-08-18 17:00:00,0.0,150.0,150.0
2027-08-18 18:00:00,0.0,108.3,108.3
2027-08-18 19:00:00,0.0,75.0,75.0
2027-08-18 20:00:00,0.0,80.0,80.0
2027-08-18 21:00:00,0.0,150.0,150.0
2027-08-18 22:00:00,0.0,150.0,150.0
2027-08-18 23:00:00,0.0,150.0,150.0
2027-08-19 00:00:00,0.0,146.7,146.7
2027-08-19 01:00:00,0.0,131.7,131.7
2027-08-19 02:00:00,0.0,150.0,150.0
2027-08-19 03:00:00,0.0,150.0,150.0
2027-08-19 04:00:00,0.0,150.0,150.0
2027-08-19 05:00:00,0.0,61.7,61.7
2027-08-19 06:00:00,0.0,150.0,150.0
2027-08-19 07:00:00,0.0,75.0,75.0
2027-08-19 08:00:00,0.0,128.3,128.3
2027-08-19 09:00:00,0.0,150.0,150.0
2027-08-19 10:00:00,0.0,150.0,150.0
2027-08-19 11:00:00,0.0,150.0,150.0
2027-08-19 12:00:00,0.0,150.0,150.0
2027-08-19 13:00:00,0.0,41.7,41.7
2027-08-19 14:00:00,0.0,0.0,0.0
2027-08-19 15:00:00,0.0,21.7,21.7
2027-08-19 16:00:00,0.0,105.0,105.0
2027-08-19 17:00:00,0.0,0.0,0.0
2027-08-19 18:00:00,0.0,40.0,40.0
2027-08-19 19:00:00,0.0,150.0,150.0
2027-08-19 20:00:00,0.0,150.0,150.0
2027-08-19 21:00:00,0.0,150.0,150.0
2027-08-19 22:00:00,0.0,150.0,150.0
2027-08-19 23:00:00,0.0,95.0,95.0
2027-08-20 00:00:00,0.0,150.0,150.0
2027-08-20 01:00:00,0.0,150.0,150.0
2027-08-20 02:00:00,0.0,150.0,150.0
2027-08-20 03:00:00,0.0,150.0,150.0
2027-08-20 04:00:00,0.0,150.0,150.0
2027-08-20 05:00:00,0.0,150.0,150.0
2027-08-20 06:00:00,0.0,150.0,150.0
2027-08-20 07:00:00,0.0,58.3,58.3
2027-08-20 08:00:00,0.0,150.0,150.0
2027-08-20 09:00:00,0.0,150.0,150.0
2027-08-20 10:00:00,0.0,63.3,63.3
2027-08-20 11:00:00,0.0,146.7,146.7
2027-08-20 12:00:00,0.0,86.7,86.7
2027-08-20 13:00:00,0.0,150.0,150.0
2027-08-20 14:00:00,0.0,106.7,106.7
2027-08-20 15:00:00,0.0,150.0,150.0
2027-08-20 16:00:00,0.0,65.0,65.0
2027-08-20 17:00:00,0.0,150.0,150.0
2027-08-20 18:00:00,0.0,100.0,100.0
2027-08-20 19:00:00,0.0,111.7,111.7
2027-08-20 20:00:00,0.0,83.3,83.3
2027-08-20 21:00:00,0.0,150.0,150.0
2027-08-20 22:00:00,0.0,55.0,55.0
2027-08-20 23:00:00,0.0,101.7,101.7
2027-08-21 00:00:00,0.0,150.0,150.0
2027-08-21 01:00:00,0.0,150.0,150.0
2027-08-21 02:00:00,0.0,150.0,150.0
2027-08-21 03:00:00,0.0,150.0,150.0
2027-08-21 04:00:00,0.0,0.0,0.0
2027-08-21 05:00:00,0.0,75.0,75.0
2027-08-21 06:00:00,0.0,150.0,150.0
2027-08-21 07:00:00,0.0,150.0,150.0
2027-08-21 08:00:00,0.0,70.0,70.0
2027-08-21 09:00:00,0.0,111.7,111.7
2027-08-21 10:00:00,0.0,150.0,150.0
2027-08-21 11:00:00,0.0,150.0,150.0
2027-08-21 12:00:00,0.0,150.0,150.0
2027-08-21 13:00:00,0.0,125.0,125.0
2027-08-21 14:00:00,0.0,150.0,150.0
2027-08-21 15:00:00,0.0,108.3,108.3
2027-08-21 16:00:00,0.0,150.0,150.0
2027-08-21 17:00:00,0.0,91.7,91.7
2027-08-21 18:00:00,0.0,76.7,76.7
2027-08-21 19:00:00,0.0,85.0,85.0
2027-08-21 20:00:00,0.0,150.0,150.0
2027-08-21 21:00:00,0.0,68.3,68.3
2027-08-21 22:00:00,0.0,150.0,150.0
2027-08-21 23:00:00,0.0,125.0,125.0
2027-08-22 00:00:00,0.0,105.0,105.0
2027-08-22 01:00:00,0.0,0.0,0.0
2027-08-22 02:00:00,0.0,150.0,150.0
2027-08-22 03:00:00,0.0,150.0,150.0
2027-08-22 04:00:00,0.0,150.0,150.0
2027-08-22 05:00:00,0.0,93.3,93.3
2027-08-22 06:00:00,0.0,43.3,43.3
2027-08-22 07:00:00,0.0,53.3,53.3
2027-08-22 08:00:00,0.0,150.0,150.0
2027-08-22 09:00:00,0.0,106.7,106.7
2027-08-22 10:00:00,0.0,150.0,150.0
2027-08-22 11:00:00,0.0,150.0,150.0
2027-08-22 12:00:00,0.0,125.0,125.0
2027-08-22 13:00:00,0.0,150.0,150.0
2027-08-22 14:00:00,0.0,150.0,150.0
2027-08-22 15:00:00,0.0,150.0,150.0
2027-08-22 16:00:00,0.0,150.0,150.0
2027-08-22 17:00:00,0.0,60.0,60.0
2027-08-22 18:00:00,0.0,96.7,96.7
2027-08-22 19:00:00,0.0,150.0,150.0
2027-08-22 20:00:00,0.0,0.0,0.0
2027-08-22 21:00:00,0.0,90.0,90.0
2027-08-22 22:00:00,0.0,91.7,91.7
2027-08-22 23:00:00,0.0,150.0,150.0
2027-08-23 00:00:00,0.0,150.0,150.0
2027-08-23 01:00:00,0.0,150.0,150.0
2027-08-23 02:00:00,0.0,150.0,150.0
2027-08-23 03:00:00,0.0,83.3,83.3
2027-08-23 04:00:00,0.0,88.3,88.3
2027-08-23 05:00:00,0.0,145.0,145.0
2027-08-23 06:00:00,0.0,150.0,150.0
2027-08-23 07:00:00,0.0,105.0,105.0
2027-08-23 08:00:00,0.0,148.3,148.3
2027-08-23 09:00:00,0.0,150.0,150.0
2027-08-23 10:00:00,0.0,150.0,150.0
2027-08-23 11:00:00,0.0,113.3,113.3
2027-08-23 12:00:00,0.0,150.0,150.0
2027-08-23 13:00:00,0.0,138.3,138.3
2027-08-23 14:00:00,0.0,150.0,150.0
2027-08-23 15:00:00,0.0,125.0,125.0
2027-08-23 16:00:00,0.0,50.0,50.0
2027-08-23 17:00:00,0.0,150.0,150.0
2027-08-23 18:00:00,0.0,136.7,136.7
2027-08-23 19:00:00,0.0,80.0,80.0
2027-08-23 20:00:00,0.0,35.0,35.0
2027-08-23 21:00:00,0.0,150.0,150.0
2027-08-23 22:00:00,0.0,115.0,115.0
2027-08-23 23:00:00,0.0,150.0,150.0
2027-08-24 00:00:00,0.0,130.0,130.0
2027-08-24 01:00:00,0.0,123.3,123.3
2027-08-24 02:00:00,0.0,103.3,103.3
2027-08-24 03:00:00,0.0,0.0,0.0
2027-08-24 04:00:00,0.0,148.3,148.3
2027-08-24 05:00:00,0.0,55.0,55.0
2027-08-24 06:00:00,0.0,81.7,81.7
2027-08-24 07:00:00,0.0,76.7,76.7
2027-08-24 08:00:00,0.0,150.0,150.0
2027-08-24 09:00:00,0.0,150.0,150.0
2027-08-24 10:00:00,0.0,125.0,125.0
2027-08-24 11:00:00,0.0,150.0,150.0
2027-08-24 12:00:00,0.0,0.0,0.0
2027-08-24 13:00:00,0.0,150.0,150.0
2027-08-24 14:00:00,0.0,90.0,90.0
2027-08-24 15:00:00,0.0,150.0,150.0
2027-08-24 16:00:00,0.0,150.0,150.0
2027-08-24 17:00:00,0.0,150.0,150.0
2027-08-24 18:00:00,0.0,105.0,105.0
2027-08-24 19:00:00,0.0,0.0,0.0
2027-08-24 20:00:00,0.0,150.0,150.0
2027-08-24 21:00:00,0.0,150.0,150.0
2027-08-24 22:00:00,0.0,150.0,150.0
2027-08-24 23:00:00,0.0,56.7,56.7
2027-08-25 00:00:00,0.0,150.0,150.0
2027-08-25 01:00:00,0.0,83.3,83.3
2027-08-25 02:00:00,0.0,30.0,30.0
2027-08-25 03:00:00,0.0,150.0,150.0
2027-08-25 04:00:00,0.0,150.0,150.0
2027-08-25 05:00:00,0.0,113.3,113.3
2027-08-25 06:00:00,0.0,138.3,138.3
2027-08-25 07:00:00,0.0,113.3,113.3
2027-08-25 08:00:00,0.0,150.0,150.0
2027-08-25 09:00:00,0.0,150.0,150.0
2027-08-25 10:00:00,0.0,150.0,150.0
2027-08-25 11:00:00,0.0,115.0,115.0
2027-08-25 12:00:00,0.0,150.0,150.0
2027-08-25 13:00:00,0.0,148.3,148.3
2027-08-25 14:00:00,0.0,150.0,150.0
2027-08-25 15:00:00,0.0,0.0,0.0
2027-08-25 16:00:00,0.0,135.0,135.0
2027-08-25 17:00:00,0.0,150.0,150.0
2027-08-25 18:00:00,0.0,150.0,150.0
2027-08-25 19:00:00,0.0,95.0,95.0
2027-08-25 20:00:00,0.0,150.0,150.0
2027-08-25 21:00:00,0.0,101.7,101.7
2027-08-25 22:00:00,0.0,150.0,150.0
2027-08-25 23:00:00,0.0,111.7,111.7
2027-08-26 00:00:00,0.0,150.0,150.0
2027-08-26 01:00:00,0.0,131.7,131.7
2027-08-26 02:00:00,0.0,11.7,11.7
2027-08-26 03:00:00,0.0,150.0,150.0
2027-08-26 04:00:00,0.0,150.0,150.0
2027-08-26 05:00:00,0.0,0.0,0.0
2027-08-26 06:00:00,0.0,150.0,150.0
2027-08-26 07:00:00,0.0,0.0,0.0
2027-08-26 08:00:00,0.0,150.0,150.0
2027-08-26 09:00:00,0.0,100.0,100.0
2027-08-26 10:00:00,0.0,150.0,150.0
2027-08-26 11:00:00,0.0,140.0,140.0
2027-08-26 12:00:00,0.0,150.0,150.0
2027-08-26 13:00:00,0.0,150.0,150.0
2027-08-26 14:00:00,0.0,71.7,71.7
2027-08-26 15:00:00,0.0,76.7,76.7
2027-08-26 16:00:00,0.0,30.0,30.0
2027-08-26 17:00:00,0.0,150.0,150.0
2027-08-26 18:00:00,0.0,108.3,108.3
2027-08-26 19:00:00,0.0,150.0,150.0
2027-08-26 20:00:00,0.0,115.0,115.0
2027-08-26 21:00:00,0.0,120.0,120.0
2027-08-26 22:00:00,0.0,80.0,80.0
2027-08-26 23:00:00,0.0,150.0,150.0
2027-08-27 00:00:00,0.0,150.0,150.0
2027-08-27 01:00:00,0.0,0.0,0.0
2027-08-27 02:00:00,0.0,0.0,0.0
2027-08-27 03:00:00,0.0,150.0,150.0
2027-08-27 04:00:00,0.0,90.0,90.0
2027-08-27 05:00:00,0.0,15.0,15.0
2027-08-27 06:00:00,0.0,150.0,150.0
2027-08-27 07:00:00,0.0,85.0,85.0
2027-08-27 08:00:00,0.0,150.0,150.0
2027-08-27 09:00:00,0.0,113.3,113.3
2027-08-27 10:00:00,0.0,150.0,150.0
2027-08-27 11:00:00,0.0,143.3,143.3
2027-08-27 12:00:00,0.0,0.0,0.0
2027-08-27 13:00:00,0.0,0.0,0.0
2027-08-27 14:00:00,0.0,150.0,150.0
2027-08-27 15:00:00,0.0,116.7,116.7
2027-08-27 16:00:00,0.0,150.0,150.0
2027-08-27 17:00:00,0.0,150.0,150.0
2027-08-27 18:00:00,0.0,145.0,145.0
2027-08-27 19:00:00,0.0,150.0,150.0
2027-08-27 20:00:00,0.0,103.3,103.3
2027-08-27 21:00:00,0.0,150.0,150.0
2027-08-27 22:00:00,0.0,150.0,150.0
2027-08-27 23:00:00,0.0,96.7,96.7
2027-08-28 00:00:00,0.0,13.3,13.3
2027-08-28 01:00:00,0.0,81.7,81.7
2027-08-28 02:00:00,0.0,150.0,150.0
2027-08-28 03:00:00,0.0,150.0,150.0
2027-08-28 04:00:00,0.0,150.0,150.0
2027-08-28 05:00:00,0.0,101.7,101.7
2027-08-28 06:00:00,0.0,150.0,150.0
2027-08-28 07:00:00,0.0,150.0,150.0
2027-08-28 08:00:00,0.0,125.0,125.0
2027-08-28 09:00:00,0.0,150.0,150.0
2027-08-28 10:00:00,0.0,150.0,150.0
2027-08-28 11:00:00,0.0,150.0,150.0
2027-08-28 12:00:00,0.0,1.7,1.7
2027-08-28 13:00:00,0.0,150.0,150.0
2027-08-28 14:00:00,0.0,90.0,90.0
2027-08-28 15:00:00,0.0,110.0,110.0
2027-08-28 16:00:00,0.0,0.0,0.0
2027-08-28 17:00:00,0.0,93.3,93.3
2027-08-28 18:00:00,0.0,128.3,128.3
2027-08-28 19:00:00,0.0,150.0,150.0
2027-08-28 20:00:00,0.0,150.0,150.0
2027-08-28 21:00:00,0.0,150.0,150.0
2027-08-28 22:00:00,0.0,150.0,150.0
2027-08-28 23:00:00,0.0,150.0,150.0
2027-08-29 00:00:00,0.0,110.0,110.0
2027-08-29 01:00:00,0.0,150.0,150.0
2027-08-29 02:00:00,0.0,150.0,150.0
2027-08-29 03:00:00,0.0,46.7,46.7
2027-08-29 04:00:00,0.0,150.0,150.0
2027-08-29 05:00:00,3.2,53.3,56.5
2027-08-29 06:00:00,3.5,48.3,51.8
2027-08-29 07:00:00,2.4,150.0,152.4
2027-08-29 08:00:00,1.8,136.7,138.5
2027-08-29 09:00:00,3.2,150.0,153.2
2027-08-29 10:00:00,3.2,111.7,114.9
2027-08-29 11:00:00,3.2,150.0,153.2
2027-08-29 12:00:00,3.5,121.7,125.2
2027-08-29 13:00:00,2.6,150.0,152.6
2027-08-29 14:00:00,3.0,150.0,153.0
2027-08-29 15:00:00,3.1,88.3,91.4
2027-08-29 16:00:00,2.1,150.0,152.1
2027-08-29 17:00:00,3.1,90.0,93.1
2027-08-29 18:00:00,3.5,150.0,153.5
2027-08-29 19:00:00,2.3,30.0,32.3
2027-08-29 20:00:00,3.6,136.7,140.3
2027-08-29 21:00:00,2.4,150.0,152.4
2027-08-29 22:00:00,0.0,0.0,0.0
2027-08-29 23:00:00,0.0,150.0,150.0
2027-08-30 00:00:00,0.0,103.3,103.3
2027-08-30 01:00:00,0.0,93.3,93.3
2027-08-30 02:00:00,0.0,0.0,0.0
2027-08-30 03:00:00,0.0,150.0,150.0
2027-08-30 04:00:00,0.0,18.3,18.3
2027-08-30 05:00:00,3.2,150.0,153.2
2027-08-30 06:00:00,2.2,150.0,152.2
2027-08-30 07:00:00,2.2,80.0,82.2
2027-08-30 08:00:00,2.1,150.0,152.1
2027-08-30 09:00:00,3.5,150.0,153.5
2027-08-30 10:00:00,3.3,150.0,153.3
2027-08-30 11:00:00,3.5,28.3,31.8
2027-08-30 12:00:00,3.5,136.7,140.2
2027-08-30 13:00:00,3.1,150.0,153.1
2027-08-30 14:00:00,3.6,150.0,153.6
2027-08-30 15:00:00,2.0,33.3,35.3
2027-08-30 16:00:00,2.6,140.0,142.6
2027-08-30 17:00:00,2.3,76.7,79.0
2027-08-30 18:00:00,3.9,150.0,153.9
2027-08-30 19:00:00,4.1,150.0,154.1
2027-08-30 20:00:00,3.1,150.0,153.1
2027-08-30 21:00:00,3.8,150.0,153.8
2027-08-30 22:00:00,0.0,150.0,150.0
2027-08-30 23:00:00,0.0,150.0,150.0
2027-08-31 00:00:00,0.0,150.0,150.0
2027-08-31 01:00:00,0.0,150.0,150.0
2027-08-31 02:00:00,0.0,150.0,150.0
2027-08-31 03:00:00,0.0,148.3,148.3
2027-08-31 04:00:00,0.0,136.7,136.7
2027-08-31 05:00:00,3.9,150.0,153.9
2027-08-31 06:00:00,2.5,150.0,152.5
2027-08-31 07:00:00,3.4,85.0,88.4
2027-08-31 08:00:00,2.2,150.0,152.2
2027-08-31 09:00:00,1.4,130.0,131.4
2027-08-31 10:00:00,4.2,150.0,154.2
2027-08-31 11:00:00,3.7,50.0,53.7
2027-08-31 12:00:00,2.7,150.0,152.7
2027-08-31 13:00:00,2.6,150.0,152.6
2027-08-31 14:00:00,2.1,83.3,85.4
2027-08-31 15:00:00,1.9,81.7,83.6
2027-08-31 16:00:00,2.0,81.7,83.7
2027-08-31 17:00:00,4.0,150.0,154.0
2027-08-31 18:00:00,3.0,135.0,138.0
2027-08-31 19:00:00,4.3,116.7,121.0
2027-08-31 20:00:00,3.1,150.0,153.1
2027-08-31 21:00:00,3.2,150.0,153.2
2027-08-31 22:00:00,0.0,150.0,150.0
2027-08-31 23:00:00,0.0,150.0,150.0
2027-09-01 00:00:00,0.0,16.7,16.7
2027-09-01 01:00:00,0.0,90.0,90.0
2027-09-01 02:00:00,0.0,100.0,100.0
2027-09-01 03:00:00,0.0,150.0,150.0
2027-09-01 04:00:00,0.0,90.0,90.0
2027-09-01 05:00:00,2.1,150.0,152.1
2027-09-01 06:00:00,2.4,15.0,17.4
2027-09-01 07:00:00,2.9,120.0,122.9
2027-09-01 08:00:00,4.1,150.0,154.1
2027-09-01 09:00:00,3.5,28.3,31.8
2027-09-01 10:00:00,2.4,118.3,120.7
2027-09-01 11:00:00,2.8,80.0,82.8
2027-09-01 12:00:00,3.3,150.0,153.3
2027-09-01 13:00:00,4.3,150.0,154.3
2027-09-01 14:00:00,4.4,150.0,154.4
2027-09-01 15:00:00,3.6,150.0,153.6
2027-09-01 16:00:00,2.6,113.3,115.9
2027-09-01 17:00:00,2.5,150.0,152.5
2027-09-01 18:00:00,1.6,150.0,151.6
2027-09-01 19:00:00,2.9,150.0,152.9
2027-09-01 20:00:00,2.2,150.0,152.2
2027-09-01 21:00:00,2.9,150.0,152.9
2027-09-01 22:00:00,0.0,88.3,88.3
2027-09-01 23:00:00,0.0,16.7,16.7
2027-09-02 00:00:00,0.0,145.0,145.0
2027-09-02 01:00:00,0.0,150.0,150.0
2027-09-02 02:00:00,0.0,145.0,145.0
2027-09-02 03:00:00,0.0,138.3,138.3
2027-09-02 04:00:00,0.0,71.7,71.7
2027-09-02 05:00:00,2.2,48.3,50.5
2027-09-02 06:00:00,4.8,130.0,134.8
2027-09-02 07:00:00,4.8,125.0,129.8
2027-09-02 08:00:00,2.7,120.0,122.7
2027-09-02 09:00:00,4.7,123.3,128.0
2027-09-02 10:00:00,1.6,150.0,151.6
2027-09-02 11:00:00,2.8,150.0,152.8
2027-09-02 12:00:00,1.7,36.7,38.4
2027-09-02 13:00:00,3.2,150.0,153.2
2027-09-02 14:00:00,2.6,148.3,150.9
2027-09-02 15:00:00,2.5,150.0,152.5
2027-09-02 16:00:00,4.1,50.0,54.1
2027-09-02 17:00:00,3.3,150.0,153.3
2027-09-02 18:00:00,3.7,121.7,125.4
2027-09-02 19:00:00,3.0,86.7,89.7
2027-09-02 20:00:00,4.3,150.0,154.3
2027-09-02 21:00:00,3.6,40.0,43.6
2027-09-02 22:00:00,0.0,138.3,138.3
2027-09-02 23:00:00,0.0,150.0,150.0
2027-09-03 00:00:00,0.0,0.0,0.0
2027-09-03 01:00:00,0.0,150.0,150.0
2027-09-03 02:00:00,0.0,150.0,150.0
2027-09-03 03:00:00,0.0,63.3,63.3
2027-09-03 04:00:00,0.0,150.0,150.0
2027-09-03 05:00:00,4.1,150.0,154.1
2027-09-03 06:00:00,2.6,150.0,152.6
2027-09-03 07:00:00,3.3,150.0,153.3
2027-09-03 08:00:00,3.0,150.0,153.0
2027-09-03 09:00:00,3.6,150.0,153.6
2027-09-03 10:00:00,3.5,150.0,153.5
2027-09-03 11:00:00,3.7,150.0,153.7
2027-09-03 12:00:00,3.5,146.7,150.2
2027-09-03 13:00:00,2.2,150.0,152.2
2027-09-03 14:00:00,2.9,65.0,67.9
2027-09-03 15:00:00,2.4,110.0,112.4
2027-09-03 16:00:00,2.2,146.7,148.9
2027-09-03 17:00:00,3.7,150.0,153.7
2027-09-03 18:00:00,3.2,50.0,53.2
2027-09-03 19:00:00,3.1,110.0,113.1
2027-09-03 20:00:00,3.1,150.0,153.1
2027-09-03 21:00:00,2.4,150.0,152.4
2027-09-03 22:00:00,0.0,13.3,13.3
2027-09-03 23:00:00,0.0,115.0,115.0
2027-09-04 00:00:00,0.0,53.3,53.3
2027-09-04 01:00:00,0.0,86.7,86.7
2027-09-04 02:00:00,0.0,150.0,150.0
2027-09-04 03:00:00,0.0,150.0,150.0
2027-09-04 04:00:00,0.0,106.7,106.7
2027-09-04 05:00:00,2.8,98.3,101.1
2027-09-04 06:00:00,2.5,150.0,152.5
2027-09-04 07:00:00,3.0,0.0,3.0
2027-09-04 08:00:00,4.1,81.7,85.8
2027-09-04 09:00:00,1.8,150.0,151.8
2027-09-04 10:00:00,3.9,58.3,62.2
2027-09-04 11:00:00,2.4,150.0,152.4
2027-09-04 12:00:00,2.8,145.0,147.8
2027-09-04 13:00:00,0.4,138.3,138.7
2027-09-04 14:00:00,1.7,126.7,128.4
2027-09-04 15:00:00,2.5,123.3,125.8
2027-09-04 16:00:00,2.4,150.0,152.4
2027-09-04 17:00:00,2.5,55.0,57.5
2027-09-04 18:00:00,3.5,150.0,153.5
2027-09-04 19:00:00,4.1,141.7,145.8
2027-09-04 20:00:00,3.1,150.0,153.1
2027-09-04 21:00:00,3.4,0.0,3.4
2027-09-04 22:00:00,0.0,150.0,150.0
2027-09-04 23:00:00,0.0,100.0,100.0
2027-09-05 00:00:00,0.0,150.0,150.0
2027-09-05 01:00:00,0.0,150.0,150.0
2027-09-05 02:00:00,0.0,101.7,101.7
2027-09-05 03:00:00,0.0,150.0,150.0
2027-09-05 04:00:00,0.0,150.0,150.0
2027-09-05 05:00:00,2.8,20.0,22.8
2027-09-05 06:00:00,1.5,150.0,151.5
2027-09-05 07:00:00,4.5,65.0,69.5
2027-09-05 08:00:00,2.9,150.0,152.9
2027-09-05 09:00:00,3.4,0.0,3.4
2027-09-05 10:00:00,3.7,18.3,22.0
2027-09-05 11:00:00,2.8,150.0,152.8
2027-09-05 12:00:00,2.5,150.0,152.5
2027-09-05 13:00:00,3.2,150.0,153.2
2027-09-05 14:00:00,3.9,0.0,3.9
2027-09-05 15:00:00,3.0,0.0,3.0
2027-09-05 16:00:00,2.4,150.0,152.4
2027-09-05 17:00:00,3.8,150.0,153.8
2027-09-05 18:00:00,1.2,6.7,7.9
2027-09-05 19:00:00,4.1,150.0,154.1
2027-09-05 20:00:00,4.2,150.0,154.2
2027-09-05 21:00:00,3.6,88.3,91.9
2027-09-05 22:00:00,0.0,98.3,98.3
2027-09-05 23:00:00,0.0,5.0,5.0
2027-09-06 00:00:00,0.0,150.0,150.0
2027-09-06 01:00:00,0.0,85.0,85.0
2027-09-06 02:00:00,0.0,150.0,150.0
2027-09-06 03:00:00,0.0,60.0,60.0
2027-09-06 04:00:00,0.0,56.7,56.7
2027-09-06 05:00:00,3.2,150.0,153.2
2027-09-06 06:00:00,3.1,150.0,153.1
2027-09-06 07:00:00,4.1,150.0,154.1
2027-09-06 08:00:00,3.0,118.3,121.3
2027-09-06 09:00:00,3.5,31.7,35.2
2027-09-06 10:00:00,3.3,148.3,151.6
2027-09-06 11:00:00,2.9,150.0,152.9
2027-09-06 12:00:00,3.9,150.0,153.9
2027-09-06 13:00:00,3.9,30.0,33.9
2027-09-06 14:00:00,2.6,1.7,4.3
2027-09-06 15:00:00,4.2,150.0,154.2
2027-09-06 16:00:00,2.3,131.7,134.0
2027-09-06 17:00:00,3.0,150.0,153.0
2027-09-06 18:00:00,3.8,121.7,125.5
2027-09-06 19:00:00,3.2,136.7,139.9
2027-09-06 20:00:00,3.1,66.7,69.8
2027-09-06 21:00:00,2.8,150.0,152.8
2027-09-06 22:00:00,0.0,0.0,0.0
2027-09-06 23:00:00,0.0,25.0,25.0
2027-09-07 00:00:00,0.0,150.0,150.0
2027-09-07 01:00:00,0.0,100.0,100.0
2027-09-07 02:00:00,0.0,150.0,150.0
2027-09-07 03:00:00,0.0,96.7,96.7
2027-09-07 04:00:00,0.0,118.3,118.3
2027-09-07 05:00:00,1.9,150.0,151.9
2027-09-07 06:00:00,3.2,150.0,153.2
2027-09-07 07:00:00,3.4,150.0,153.4
2027-09-07 08:00:00,2.9,101.7,104.6
2027-09-07 09:00:00,3.4,0.0,3.4
2027-09-07 10:00:00,1.6,150.0,151.6
2027-09-07 11:00:00,2.6,78.3,80.9
2027-09-07 12:00:00,3.2,150.0,153.2
2027-09-07 13:00:00,2.9,150.0,152.9
2027-09-07 14:00:00,4.1,66.7,70.8
2027-09-07 15:00:00,2.0,148.3,150.3
2027-09-07 16:00:00,3.1,30.0,33.1
2027-09-07 17:00:00,3.4,101.7,105.1
2027-09-07 18:00:00,1.9,150.0,151.9
2027-09-07 19:00:00,3.6,150.0,153.6
2027-09-07 20:00:00,3.0,150.0,153.0
2027-09-07 21:00:00,3.6,95.0,98.6
2027-09-07 22:00:00,0.0,131.7,131.7
2027-09-07 23:00:00,0.0,150.0,150.0
2027-09-08 00:00:00,0.0,150.0,150.0
2027-09-08 01:00:00,0.0,150.0,150.0
2027-09-08 02:00:00,0.0,83.3,83.3
2027-09-08 03:00:00,0.0,136.7,136.7
2027-09-08 04:00:00,0.0,121.7,121.7
2027-09-08 05:00:00,3.0,26.7,29.7
2027-09-08 06:00:00,3.2,130.0,133.2
2027-09-08 07:00:00,2.1,120.0,122.1
2027-09-08 08:00:00,4.0,36.7,40.7
2027-09-08 09:00:00,2.5,150.0,152.5
2027-09-08 10:00:00,3.0,150.0,153.0
2027-09-08 11:00:00,4.6,150.0,154.6
2027-09-08 12:00:00,2.7,150.0,152.7
2027-09-08 13:00:00,3.4,126.7,130.1
2027-09-08 14:00:00,3.5,150.0,153.5
2027-09-08 15:00:00,3.3,150.0,153.3
2027-09-08 16:00:00,4.7,125.0,129.7
2027-09-08 17:00:00,3.4,145.0,148.4
2027-09-08 18:00:00,3.4,48.3,51.7
2027-09-08 19:00:00,1.3,100.0,101.3
2027-09-08 20:00:00,1.4,66.7,68.1
2027-09-08 21:00:00,0.9,140.0,140.9
2027-09-08 22:00:00,0.0,150.0,150.0
2027-09-08 23:00:00,0.0,150.0,150.0
2027-09-09 00:00:00,0.0,150.0,150.0
2027-09-09 01:00:00,0.0,80.0,80.0
2027-09-09 02:00:00,0.0,66.7,66.7
2027-09-09 03:00:00,0.0,146.7,146.7
2027-09-09 04:00:00,0.0,118.3,118.3
2027-09-09 05:00:00,1.8,150.0,151.8
2027-09-09 06:00:00,3.4,0.0,3.4
2027-09-09 07:00:00,2.9,93.3,96.2
2027-09-09 08:00:00,3.1,150.0,153.1
2027-09-09 09:00:00,3.4,123.3,126.7
2027-09-09 10:00:00,2.7,46.7,49.4
2027-09-09 11:00:00,3.1,150.0,153.1
2027-09-09 12:00:00,2.5,150.0,152.5
2027-09-09 13:00:00,2.2,150.0,152.2
2027-09-09 14:00:00,4.0,36.7,40.7
2027-09-09 15:00:00,2.2,8.3,10.5
2027-09-09 16:00:00,2.1,150.0,152.1
2027-09-09 17:00:00,3.6,150.0,153.6
2027-09-09 18:00:00,2.9,35.0,37.9
2027-09-09 19:00:00,3.1,150.0,153.1
2027-09-09 20:00:00,2.1,150.0,152.1
2027-09-09 21:00:00,2.2,150.0,152.2
2027-09-09 22:00:00,0.0,150.0,150.0
2027-09-09 23:00:00,0.0,150.0,150.0
2027-09-10 00:00:00,0.0,150.0,150.0
2027-09-10 01:00:00,0.0,86.7,86.7
2027-09-10 02:00:00,0.0,48.3,48.3
2027-09-10 03:00:00,0.0,150.0,150.0
2027-09-10 04:00:00,0.0,141.7,141.7
2027-09-10 05:00:00,3.5,150.0,153.5
2027-09-10 06:00:00,4.3,150.0,154.3
2027-09-10 07:00:00,3.4,71.7,75.1
2027-09-10 08:00:00,3.2,150.0,153.2
2027-09-10 09:00:00,4.2,150.0,154.2
2027-09-10 10:00:00,2.6,150.0,152.6
2027-09-10 11:00:00,4.5,38.3,42.8
2027-09-10 12:00:00,3.4,150.0,153.4
2027-09-10 13:00:00,2.9,150.0,152.9
2027-09-10 14:00:00,2.9,150.0,152.9
2027-09-10 15:00:00,2.0,150.0,152.0
2027-09-10 16:00:00,3.4,141.7,145.1
2027-09-10 17:00:00,3.2,150.0,153.2
2027-09-10 18:00:00,3.5,150.0,153.5
2027-09-10 19:00:00,3.7,135.0,138.7
2027-09-10 20:00:00,4.3,121.7,126.0
2027-09-10 21:00:00,2.0,106.7,108.7
2027-09-10 22:00:00,0.0,150.0,150.0
2027-09-10 23:00:00,0.0,150.0,150.0
2027-09-11 00:00:00,0.0,103.3,103.3
2027-09-11 01:00:00,0.0,150.0,150.0
2027-09-11 02:00:00,0.0,73.3,73.3
2027-09-11 03:00:00,0.0,138.3,138.3
2027-09-11 04:00:00,0.0,150.0,150.0
2027-09-11 05:00:00,2.2,150.0,152.2
2027-09-11 06:00:00,3.3,140.0,143.3
2027-09-11 07:00:00,2.9,150.0,152.9
2027-09-11 08:00:00,3.2,150.0,153.2
2027-09-11 09:00:00,3.9,150.0,153.9
2027-09-11 10:00:00,3.6,111.7,115.3
2027-09-11 11:00:00,2.8,150.0,152.8
2027-09-11 12:00:00,2.8,150.0,152.8
2027-09-11 13:00:00,3.1,150.0,153.1
2027-09-11 14:00:00,2.4,150.0,152.4
2027-09-11 15:00:00,3.5,150.0,153.5
2027-09-11 16:00:00,2.3,150.0,152.3
2027-09-11 17:00:00,2.1,45.0,47.1
2027-09-11 18:00:00,1.8,111.7,113.5
2027-09-11 19:00:00,1.2,150.0,151.2
2027-09-11 20:00:00,2.9,150.0,152.9
2027-09-11 21:00:00,2.8,150.0,152.8
2027-09-11 22:00:00,0.0,136.7,136.7
2027-09-11 23:00:00,0.0,85.0,85.0
2027-09-12 00:00:00,0.0,113.3,113.3
2027-09-12 01:00:00,0.0,150.0,150.0
2027-09-12 02:00:00,0.0,150.0,150.0
2027-09-12 03:00:00,0.0,150.0,150.0
2027-09-12 04:00:00,0.0,111.7,111.7
2027-09-12 05:00:00,3.7,1.7,5.4
2027-09-12 06:00:00,2.3,150.0,152.3
2027-09-12 07:00:00,2.6,150.0,152.6
2027-09-12 08:00:00,3.5,150.0,153.5
2027-09-12 09:00:00,4.3,150.0,154.3
2027-09-12 10:00:00,3.3,150.0,153.3
2027-09-12 11:00:00,4.2,111.7,115.9
2027-09-12 12:00:00,2.2,150.0,152.2
2027-09-12 13:00:00,3.2,150.0,153.2
2027-09-12 14:00:00,2.5,93.3,95.8
2027-09-12 15:00:00,2.8,150.0,152.8
2027-09-12 16:00:00,2.3,95.0,97.3
2027-09-12 17:00:00,2.7,150.0,152.7
2027-09-12 18:00:00,3.0,150.0,153.0
2027-09-12 19:00:00,3.1,150.0,153.1
2027-09-12 20:00:00,1.4,150.0,151.4
2027-09-12 21:00:00,3.3,128.3,131.6
2027-09-12 22:00:00,0.0,45.0,45.0
2027-09-12 23:00:00,0.0,150.0,150.0
2027-09-13 00:00:00,0.0,110.0,110.0
2027-09-13 01:00:00,0.0,150.0,150.0
2027-09-13 02:00:00,0.0,1.7,1.7
2027-09-13 03:00:00,0.0,150.0,150.0
2027-09-13 04:00:00,0.0,150.0,150.0
2027-09-13 05:00:00,3.3,51.7,55.0
2027-09-13 06:00:00,2.8,150.0,152.8
2027-09-13 07:00:00,2.7,150.0,152.7
2027-09-13 08:00:00,3.8,150.0,153.8
2027-09-13 09:00:00,4.2,115.0,119.2
2027-09-13 10:00:00,2.9,150.0,152.9
2027-09-13 11:00:00,3.8,108.3,112.1
2027-09-13 12:00:00,2.4,150.0,152.4
2027-09-13 13:00:00,3.8,150.0,153.8
2027-09-13 14:00:00,2.7,118.3,121.0
2027-09-13 15:00:00,3.1,150.0,153.1
2027-09-13 16:00:00,2.8,88.3,91.1
2027-09-13 17:00:00,3.1,121.7,124.8
2027-09-13 18:00:00,2.9,150.0,152.9
2027-09-13 19:00:00,3.1,141.7,144.8
2027-09-13 20:00:00,2.1,126.7,128.8
2027-09-13 21:00:00,2.5,23.3,25.8
2027-09-13 22:00:00,0.0,150.0,150.0
2027-09-13 23:00:00,0.0,0.0,0.0
2027-09-14 00:00:00,0.0,0.0,0.0
2027-09-14 01:00:00,0.0,150.0,150.0
2027-09-14 02:00:00,0.0,150.0,150.0
2027-09-14 03:00:00,0.0,150.0,150.0
2027-09-14 04:00:00,0.0,150.0,150.0
2027-09-14 05:00:00,2.7,136.7,139.4
2027-09-14 06:00:00,3.0,65.0,68.0
2027-09-14 07:00:00,1.9,150.0,151.9
2027-09-14 08:00:00,2.4,138.3,140.7
2027-09-14 09:00:00,2.8,150.0,152.8
2027-09-14 10:00:00,3.5,150.0,153.5
2027-09-14 11:00:00,2.4,150.0,152.4
2027-09-14 12:00:00,3.5,150.0,153.5
2027-09-14 13:00:00,2.1,150.0,152.1
2027-09-14 14:00:00,3.1,86.7,89.8
2027-09-14 15:00:00,3.6,150.0,153.6
2027-09-14 16:00:00,2.5,90.0,92.5
2027-09-14 17:00:00,3.6,0.0,3.6
2027-09-14 18:00:00,3.8,150.0,153.8
2027-09-14 19:00:00,3.6,78.3,81.9
2027-09-14 20:00:00,2.4,150.0,152.4
2027-09-14 21:00:00,2.3,126.7,129.0
2027-09-14 22:00:00,0.0,150.0,150.0
2027-09-14 23:00:00,0.0,150.0,150.0
2027-09-15 00:00:00,0.0,145.0,145.0
2027-09-15 01:00:00,0.0,5.0,5.0
2027-09-15 02:00:00,0.0,123.3,123.3
2027-09-15 03:00:00,0.0,150.0,150.0
2027-09-15 04:00:00,0.0,150.0,150.0
2027-09-15 05:00:00,2.2,150.0,152.2
2027-09-15 06:00:00,3.1,150.0,153.1
2027-09-15 07:00:00,3.9,150.0,153.9
2027-09-15 08:00:00,2.5,150.0,152.5
2027-09-15 09:00:00,3.2,131.7,134.9
2027-09-15 10:00:00,1.6,150.0,151.6
2027-09-15 11:00:00,2.3,85.0,87.3
2027-09-15 12:00:00,3.7,63.3,67.0
2027-09-15 13:00:00,3.6,150.0,153.6
2027-09-15 14:00:00,2.7,150.0,152.7
2027-09-15 15:00:00,2.7,83.3,86.0
2027-09-15 16:00:00,3.1,150.0,153.1
2027-09-15 17:00:00,3.5,0.0,3.5
2027-09-15 18:00:00,3.3,150.0,153.3
2027-09-15 19:00:00,3.8,28.3,32.1
2027-09-15 20:00:00,2.4,141.7,144.1
2027-09-15 21:00:00,3.3,150.0,153.3
2027-09-15 22:00:00,0.0,108.3,108.3
2027-09-15 23:00:00,0.0,150.0,150.0
2027-09-16 00:00:00,0.0,150.0,150.0
2027-09-16 01:00:00,0.0,150.0,150.0
2027-09-16 02:00:00,0.0,136.7,136.7
2027-09-16 03:00:00,0.0,115.0,115.0
2027-09-16 04:00:00,0.0,146.7,146.7
2027-09-16 05:00:00,3.3,31.7,35.0
2027-09-16 06:00:00,4.3,38.3,42.6
2027-09-16 07:00:00,2.1,78.3,80.4
2027-09-16 08:00:00,2.6,125.0,127.6
2027-09-16 09:00:00,3.5,150.0,153.5
2027-09-16 10:00:00,2.1,150.0,152.1
2027-09-16 11:00:00,1.9,120.0,121.9
2027-09-16 12:00:00,1.8,100.0,101.8
2027-09-16 13:00:00,1.7,115.0,116.7
2027-09-16 14:00:00,2.5,0.0,2.5
2027-09-16 15:00:00,2.1,150.0,152.1
2027-09-16 16:00:00,4.3,96.7,101.0
2027-09-16 17:00:00,3.0,75.0,78.0
2027-09-16 18:00:00,2.7,138.3,141.0
2027-09-16 19:00:00,3.5,150.0,153.5
2027-09-16 20:00:00,2.0,150.0,152.0
2027-09-16 21:00:00,3.6,150.0,153.6
2027-09-16 22:00:00,0.0,150.0,150.0
2027-09-16 23:00:00,0.0,150.0,150.0
2027-09-17 00:00:00,0.0,150.0,150.0
2027-09-17 01:00:00,0.0,150.0,150.0
2027-09-17 02:00:00,0.0,68.3,68.3
2027-09-17 03:00:00,0.0,86.7,86.7
2027-09-17 04:00:00,0.0,135.0,135.0
2027-09-17 05:00:00,2.8,106.7,109.5
2027-09-17 06:00:00,3.4,60.0,63.4
2027-09-17 07:00:00,2.2,81.7,83.9
2027-09-17 08:00:00,3.4,85.0,88.4
2027-09-17 09:00:00,3.3,150.0,153.3
2027-09-17 10:00:00,3.6,38.3,41.9
2027-09-17 11:00:00,2.4,150.0,152.4
2027-09-17 12:00:00,3.5,68.3,71.8
2027-09-17 13:00:00,3.0,150.0,153.0
2027-09-17 14:00:00,3.2,150.0,153.2
2027-09-17 15:00:00,2.2,130.0,132.2
2027-09-17 16:00:00,3.9,150.0,153.9
2027-09-17 17:00:00,5.2,150.0,155.2
2027-09-17 18:00:00,1.8,106.7,108.5
2027-09-17 19:00:00,2.5,150.0,152.5
2027-09-17 20:00:00,3.5,98.3,101.8
2027-09-17 21:00:00,3.6,150.0,153.6
2027-09-17 22:00:00,0.0,150.0,150.0
2027-09-17 23:00:00,0.0,138.3,138.3
2027-09-18 00:00:00,0.0,150.0,150.0
2027-09-18 01:00:00,0.0,150.0,150.0
2027-09-18 02:00:00,0.0,101.7,101.7
2027-09-18 03:00:00,0.0,145.0,145.0
2027-09-18 04:00:00,0.0,150.0,150.0
2027-09-18 05:00:00,3.8,150.0,153.8
2027-09-18 06:00:00,2.8,113.3,116.1
2027-09-18 07:00:00,3.7,150.0,153.7
2027-09-18 08:00:00,3.5,0.0,3.5
2027-09-18 09:00:00,2.7,150.0,152.7
2027-09-18 10:00:00,3.1,150.0,153.1
2027-09-18 11:00:00,2.9,123.3,126.2
2027-09-18 12:00:00,3.1,150.0,153.1
2027-09-18 13:00:00,1.6,150.0,151.6
2027-09-18 14:00:00,2.2,150.0,152.2
2027-09-18 15:00:00,2.7,150.0,152.7
2027-09-18 16:00:00,3.3,150.0,153.3
2027-09-18 17:00:00,3.2,0.0,3.2
2027-09-18 18:00:00,2.8,150.0,152.8
2027-09-18 19:00:00,3.2,150.0,153.2
2027-09-18 20:00:00,4.5,150.0,154.5
2027-09-18 21:00:00,3.2,138.3,141.5
2027-09-18 22:00:00,0.0,138.3,138.3
2027-09-18 23:00:00,0.0,63.3,63.3
2027-09-19 00:00:00,0.0,13.3,13.3
2027-09-19 01:00:00,0.0,150.0,150.0
2027-09-19 02:00:00,0.0,111.7,111.7
2027-09-19 03:00:00,0.0,131.7,131.7
2027-09-19 04:00:00,0.0,105.0,105.0
2027-09-19 05:00:00,3.0,150.0,153.0
2027-09-19 06:00:00,3.1,0.0,3.1
2027-09-19 07:00:00,3.5,143.3,146.8
2027-09-19 08:00:00,3.6,150.0,153.6
2027-09-19 09:00:00,3.4,98.3,101.7
2027-09-19 10:00:00,3.6,150.0,153.6
2027-09-19 11:00:00,2.4,150.0,152.4
2027-09-19 12:00:00,3.6,150.0,153.6
2027-09-19 13:00:00,2.4,150.0,152.4
2027-09-19 14:00:00,2.8,145.0,147.8
2027-09-19 15:00:00,3.8,150.0,153.8
2027-09-19 16:00:00,2.0,111.7,113.7
2027-09-19 17:00:00,3.0,86.7,89.7
2027-09-19 18:00:00,3.5,125.0,128.5
2027-09-19 19:00:00,3.6,150.0,153.6
2027-09-19 20:00:00,3.2,105.0,108.2
2027-09-19 21:00:00,3.2,88.3,91.5
2027-09-19 22:00:00,0.0,150.0,150.0
2027-09-19 23:00:00,0.0,81.7,81.7
2027-09-20 00:00:00,0.0,0.0,0.0
2027-09-20 01:00:00,0.0,145.0,145.0
2027-09-20 02:00:00,0.0,150.0,150.0
2027-09-20 03:00:00,0.0,150.0,150.0
2027-09-20 04:00:00,0.0,150.0,150.0
2027-09-20 05:00:00,3.6,101.7,105.3
2027-09-20 06:00:00,3.0,150.0,153.0
2027-09-20 07:00:00,2.3,150.0,152.3
2027-09-20 08:00:00,4.7,40.0,44.7
2027-09-20 09:00:00,3.5,113.3,116.8
2027-09-20 10:00:00,2.9,150.0,152.9
2027-09-20 11:00:00,3.8,93.3,97.1
2027-09-20 12:00:00,3.2,126.7,129.9
2027-09-20 13:00:00,2.8,150.0,152.8
2027-09-20 14:00:00,2.0,150.0,152.0
2027-09-20 15:00:00,2.4,150.0,152.4
2027-09-20 16:00:00,3.1,118.3,121.4
2027-09-20 17:00:00,4.1,150.0,154.1
2027-09-20 18:00:00,3.7,146.7,150.4
2027-09-20 19:00:00,4.3,150.0,154.3
2027-09-20 20:00:00,2.5,150.0,152.5
2027-09-20 21:00:00,1.9,101.7,103.6
2027-09-20 22:00:00,0.0,86.7,86.7
2027-09-20 23:00:00,0.0,123.3,123.3
2027-09-21 00:00:00,0.0,150.0,150.0
2027-09-21 01:00:00,0.0,53.3,53.3
2027-09-21 02:00:00,0.0,150.0,150.0
2027-09-21 03:00:00,0.0,0.0,0.0
2027-09-21 04:00:00,0.0,150.0,150.0
2027-09-21 05:00:00,2.9,141.7,144.6
2027-09-21 06:00:00,3.9,135.0,138.9
2027-09-21 07:00:00,4.1,50.0,54.1
2027-09-21 08:00:00,2.5,125.0,127.5
2027-09-21 09:00:00,3.8,135.0,138.8
2027-09-21 10:00:00,2.4,150.0,152.4
2027-09-21 11:00:00,2.9,115.0,117.9
2027-09-21 12:00:00,2.9,148.3,151.2
2027-09-21 13:00:00,2.2,150.0,152.2
2027-09-21 14:00:00,1.9,25.0,26.9
2027-09-21 15:00:00,2.6,150.0,152.6
2027-09-21 16:00:00,2.5,58.3,60.8
2027-09-21 17:00:00,3.6,150.0,153.6
2027-09-21 18:00:00,1.9,11.7,13.6
2027-09-21 19:00:00,2.7,150.0,152.7
2027-09-21 20:00:00,3.0,76.7,79.7
2027-09-21 21:00:00,2.7,83.3,86.0
2027-09-21 22:00:00,0.0,150.0,150.0
2027-09-21 23:00:00,0.0,148.3,148.3
2027-09-22 00:00:00,0.0,150.0,150.0
2027-09-22 01:00:00,0.0,140.0,140.0
2027-09-22 02:00:00,0.0,0.0,0.0
2027-09-22 03:00:00,0.0,150.0,150.0
2027-09-22 04:00:00,0.0,150.0,150.0
2027-09-22 05:00:00,2.7,150.0,152.7
2027-09-22 06:00:00,2.3,150.0,152.3
2027-09-22 07:00:00,2.9,81.7,84.6
2027-09-22 08:00:00,2.7,150.0,152.7
2027-09-22 09:00:00,3.4,150.0,153.4
2027-09-22 10:00:00,3.0,150.0,153.0
2027-09-22 11:00:00,1.8,150.0,151.8
2027-09-22 12:00:00,2.1,150.0,152.1
2027-09-22 13:00:00,3.4,31.7,35.1
2027-09-22 14:00:00,2.9,150.0,152.9
2027-09-22 15:00:00,2.7,111.7,114.4
2027-09-22 16:00:00,3.1,150.0,153.1
2027-09-22 17:00:00,2.0,150.0,152.0
2027-09-22 18:00:00,2.0,136.7,138.7
2027-09-22 19:00:00,3.7,145.0,148.7
2027-09-22 20:00:00,3.7,46.7,50.4
2027-09-22 21:00:00,2.8,55.0,57.8
2027-09-22 22:00:00,0.0,118.3,118.3
2027-09-22 23:00:00,0.0,56.7,56.7
2027-09-23 00:00:00,0.0,103.3,103.3
2027-09-23 01:00:00,0.0,150.0,150.0
2027-09-23 02:00:00,0.0,43.3,43.3
2027-09-23 03:00:00,0.0,110.0,110.0
2027-09-23 04:00:00,0.0,145.0,145.0
2027-09-23 05:00:00,3.3,150.0,153.3
2027-09-23 06:00:00,3.2,71.7,74.9
2027-09-23 07:00:00,2.3,150.0,152.3
2027-09-23 08:00:00,4.0,110.0,114.0
2027-09-23 09:00:00,3.7,68.3,72.0
2027-09-23 10:00:00,3.7,108.3,112.0
2027-09-23 11:00:00,2.2,150.0,152.2
2027-09-23 12:00:00,4.1,150.0,154.1
2027-09-23 13:00:00,2.2,85.0,87.2
2027-09-23 14:00:00,1.5,106.7,108.2
2027-09-23 15:00:00,3.7,141.7,145.4
2027-09-23 16:00:00,2.8,148.3,151.1
2027-09-23 17:00:00,3.7,96.7,100.4
2027-09-23 18:00:00,3.3,148.3,151.6
2027-09-23 19:00:00,2.0,150.0,152.0
2027-09-23 20:00:00,3.8,150.0,153.8
2027-09-23 21:00:00,4.3,150.0,154.3
2027-09-23 22:00:00,0.0,35.0,35.0
2027-09-23 23:00:00,0.0,150.0,150.0
2027-09-24 00:00:00,0.0,150.0,150.0
2027-09-24 01:00:00,0.0,66.7,66.7
2027-09-24 02:00:00,0.0,150.0,150.0
2027-09-24 03:00:00,0.0,145.0,145.0
2027-09-24 04:00:00,0.0,150.0,150.0
2027-09-24 05:00:00,2.7,0.0,2.7
2027-09-24 06:00:00,1.6,85.0,86.6
2027-09-24 07:00:00,3.9,145.0,148.9
2027-09-24 08:00:00,2.1,75.0,77.1
2027-09-24 09:00:00,3.0,150.0,153.0
2027-09-24 10:00:00,2.4,148.3,150.7
2027-09-24 11:00:00,3.1,83.3,86.4
2027-09-24 12:00:00,3.4,66.7,70.1
2027-09-24 13:00:00,3.0,150.0,153.0
2027-09-24 14:00:00,2.4,148.3,150.7
2027-09-24 15:00:00,3.2,105.0,108.2
2027-09-24 16:00:00,2.4,150.0,152.4
2027-09-24 17:00:00,1.7,43.3,45.0
2027-09-24 18:00:00,3.3,135.0,138.3
2027-09-24 19:00:00,2.7,150.0,152.7
2027-09-24 20:00:00,2.2,1.7,3.9
2027-09-24 21:00:00,3.1,76.7,79.8
2027-09-24 22:00:00,0.0,150.0,150.0
2027-09-24 23:00:00,0.0,150.0,150.0
2027-09-25 00:00:00,0.0,150.0,150.0
2027-09-25 01:00:00,0.0,150.0,150.0
2027-09-25 02:00:00,0.0,150.0,150.0
2027-09-25 03:00:00,0.0,145.0,145.0
2027-09-25 04:00:00,0.0,0.0,0.0
2027-09-25 05:00:00,4.7,123.3,128.0
2027-09-25 06:00:00,4.2,150.0,154.2
2027-09-25 07:00:00,2.7,75.0,77.7
2027-09-25 08:00:00,3.8,150.0,153.8
2027-09-25 09:00:00,1.7,150.0,151.7
2027-09-25 10:00:00,3.7,0.0,3.7
2027-09-25 11:00:00,2.8,150.0,152.8
2027-09-25 12:00:00,2.3,60.0,62.3
2027-09-25 13:00:00,3.2,150.0,153.2
2027-09-25 14:00:00,2.3,150.0,152.3
2027-09-25 15:00:00,1.5,150.0,151.5
2027-09-25 16:00:00,4.1,150.0,154.1
2027-09-25 17:00:00,2.7,85.0,87.7
2027-09-25 18:00:00,2.1,150.0,152.1
2027-09-25 19:00:00,2.4,150.0,152.4
2027-09-25 20:00:00,1.7,50.0,51.7
2027-09-25 21:00:00,3.7,150.0,153.7
2027-09-25 22:00:00,0.0,98.3,98.3
2027-09-25 23:00:00,0.0,113.3,113.3
2027-09-26 00:00:00,0.0,150.0,150.0
2027-09-26 01:00:00,0.0,150.0,150.0
2027-09-26 02:00:00,0.0,150.0,150.0
2027-09-26 03:00:00,0.0,150.0,150.0
2027-09-26 04:00:00,0.0,70.0,70.0
2027-09-26 05:00:00,3.4,150.0,153.4
2027-09-26 06:00:00,2.8,150.0,152.8
2027-09-26 07:00:00,2.8,150.0,152.8
2027-09-26 08:00:00,3.2,150.0,153.2
2027-09-26 09:00:00,2.7,150.0,152.7
2027-09-26 10:00:00,3.4,105.0,108.4
2027-09-26 11:00:00,2.3,150.0,152.3
2027-09-26 12:00:00,1.7,61.7,63.4
2027-09-26 13:00:00,2.3,0.0,2.3
2027-09-26 14:00:00,2.4,83.3,85.7
2027-09-26 15:00:00,3.0,150.0,153.0
2027-09-26 16:00:00,3.9,76.7,80.6
2027-09-26 17:00:00,4.0,150.0,154.0
2027-09-26 18:00:00,3.5,150.0,153.5
2027-09-26 19:00:00,3.9,80.0,83.9
2027-09-26 20:00:00,2.7,150.0,152.7
2027-09-26 21:00:00,2.7,150.0,152.7
2027-09-26 22:00:00,0.0,150.0,150.0
2027-09-26 23:00:00,0.0,150.0,150.0
2027-09-27 00:00:00,0.0,136.7,136.7
2027-09-27 01:00:00,0.0,15.0,15.0
2027-09-27 02:00:00,0.0,0.0,0.0
2027-09-27 03:00:00,0.0,56.7,56.7
2027-09-27 04:00:00,0.0,71.7,71.7
2027-09-27 05:00:00,2.7,150.0,152.7
2027-09-27 06:00:00,3.4,133.3,136.7
2027-09-27 07:00:00,1.5,150.0,151.5
2027-09-27 08:00:00,2.3,40.0,42.3
2027-09-27 09:00:00,2.6,150.0,152.6
2027-09-27 10:00:00,4.3,5.0,9.3
2027-09-27 11:00:00,3.0,150.0,153.0
2027-09-27 12:00:00,3.9,150.0,153.9
2027-09-27 13:00:00,3.8,125.0,128.8
2027-09-27 14:00:00,3.3,150.0,153.3
2027-09-27 15:00:00,3.6,146.7,150.3
2027-09-27 16:00:00,3.4,141.7,145.1
2027-09-27 17:00:00,3.0,150.0,153.0
2027-09-27 18:00:00,3.0,150.0,153.0
2027-09-27 19:00:00,3.6,150.0,153.6
2027-09-27 20:00:00,4.7,150.0,154.7
2027-09-27 21:00:00,3.6,150.0,153.6
2027-09-27 22:00:00,0.0,75.0,75.0
2027-09-27 23:00:00,0.0,105.0,105.0
2027-09-28 00:00:00,0.0,141.7,141.7
2027-09-28 01:00:00,0.0,96.7,96.7
2027-09-28 02:00:00,0.0,150.0,150.0
2027-09-28 03:00:00,0.0,150.0,150.0
2027-09-28 04:00:00,0.0,1.7,1.7
2027-09-28 05:00:00,3.6,76.7,80.3
2027-09-28 06:00:00,3.0,123.3,126.3
2027-09-28 07:00:00,3.2,150.0,153.2
2027-09-28 08:00:00,2.6,140.0,142.6
2027-09-28 09:00:00,3.0,150.0,153.0
2027-09-28 10:00:00,2.0,150.0,152.0
2027-09-28 11:00:00,2.7,150.0,152.7
2027-09-28 12:00:00,3.4,150.0,153.4
2027-09-28 13:00:00,3.4,150.0,153.4
2027-09-28 14:00:00,3.4,150.0,153.4
2027-09-28 15:00:00,2.6,126.7,129.3
2027-09-28 16:00:00,4.0,140.0,144.0
2027-09-28 17:00:00,3.4,0.0,3.4
2027-09-28 18:00:00,3.4,115.0,118.4
2027-09-28 19:00:00,3.2,150.0,153.2
2027-09-28 20:00:00,2.9,58.3,61.2
2027-09-28 21:00:00,3.3,95.0,98.3
2027-09-28 22:00:00,0.0,130.0,130.0
2027-09-28 23:00:00,0.0,150.0,150.0
2027-09-29 00:00:00,0.0,86.7,86.7
2027-09-29 01:00:00,0.0,0.0,0.0
2027-09-29 02:00:00,0.0,61.7,61.7
2027-09-29 03:00:00,0.0,150.0,150.0
2027-09-29 04:00:00,0.0,135.0,135.0
2027-09-29 05:00:00,2.6,150.0,152.6
2027-09-29 06:00:00,3.9,150.0,153.9
2027-09-29 07:00:00,2.9,150.0,152.9
2027-09-29 08:00:00,3.5,150.0,153.5
2027-09-29 09:00:00,4.2,63.3,67.5
2027-09-29 10:00:00,3.6,121.7,125.3
2027-09-29 11:00:00,2.8,150.0,152.8
2027-09-29 12:00:00,3.3,0.0,3.3
2027-09-29 13:00:00,3.7,150.0,153.7
2027-09-29 14:00:00,1.3,73.3,74.6
2027-09-29 15:00:00,2.5,150.0,152.5
2027-09-29 16:00:00,4.0,150.0,154.0
2027-09-29 17:00:00,2.7,150.0,152.7
2027-09-29 18:00:00,4.0,150.0,154.0
2027-09-29 19:00:00,2.8,150.0,152.8
2027-09-29 20:00:00,2.7,55.0,57.7
2027-09-29 21:00:00,3.5,128.3,131.8
2027-09-29 22:00:00,0.0,125.0,125.0
2027-09-29 23:00:00,0.0,88.3,88.3
2027-09-30 00:00:00,0.0,150.0,150.0
2027-09-30 01:00:00,0.0,150.0,150.0
2027-09-30 02:00:00,0.0,150.0,150.0
2027-09-30 03:00:00,0.0,125.0,125.0
2027-09-30 04:00:00,0.0,141.7,141.7
2027-09-30 05:00:00,3.3,150.0,153.3
2027-09-30 06:00:00,2.2,86.7,88.9
2027-09-30 07:00:00,2.3,150.0,152.3
2027-09-30 08:00:00,3.1,150.0,153.1
2027-09-30 09:00:00,2.9,150.0,152.9
2027-09-30 10:00:00,3.3,150.0,153.3
2027-09-30 11:00:00,3.3,71.7,75.0
2027-09-30 12:00:00,4.0,0.0,4.0
2027-09-30 13:00:00,3.3,150.0,153.3
2027-09-30 14:00:00,3.3,135.0,138.3
2027-09-30 15:00:00,3.2,136.7,139.9
2027-09-30 16:00:00,1.2,130.0,131.2
2027-09-30 17:00:00,2.9,148.3,151.2
2027-09-30 18:00:00,1.9,146.7,148.6
2027-09-30 19:00:00,2.5,146.7,149.2
2027-09-30 20:00:00,2.5,150.0,152.5
2027-09-30 21:00:00,2.8,136.7,139.5
2027-09-30 22:00:00,0.0,118.3,118.3
2027-09-30 23:00:00,0.0,150.0,150.0
2027-10-01 00:00:00,0.0,150.0,150.0
2027-10-01 01:00:00,0.0,150.0,150.0
2027-10-01 02:00:00,0.0,150.0,150.0
2027-10-01 03:00:00,0.0,150.0,150.0
2027-10-01 04:00:00,0.0,130.0,130.0
2027-10-01 05:00:00,2.2,38.3,40.5
2027-10-01 06:00:00,3.3,121.7,125.0
2027-10-01 07:00:00,4.0,150.0,154.0
2027-10-01 08:00:00,2.7,150.0,152.7
2027-10-01 09:00:00,3.4,150.0,153.4
2027-10-01 10:00:00,2.7,98.3,101.0
2027-10-01 11:00:00,2.5,150.0,152.5
2027-10-01 12:00:00,3.0,91.7,94.7
2027-10-01 13:00:00,3.0,0.0,3.0
2027-10-01 14:00:00,3.2,150.0,153.2
2027-10-01 15:00:00,2.9,150.0,152.9
2027-10-01 16:00:00,2.7,128.3,131.0
2027-10-01 17:00:00,2.8,48.3,51.1
2027-10-01 18:00:00,3.0,150.0,153.0
2027-10-01 19:00:00,3.4,105.0,108.4
2027-10-01 20:00:00,4.1,121.7,125.8
2027-10-01 21:00:00,2.8,0.0,2.8
2027-10-01 22:00:00,0.0,150.0,150.0
2027-10-01 23:00:00,0.0,0.0,0.0
2027-10-02 00:00:00,0.0,150.0,150.0
2027-10-02 01:00:00,0.0,150.0,150.0
2027-10-02 02:00:00,0.0,150.0,150.0
2027-10-02 03:00:00,0.0,0.0,0.0
2027-10-02 04:00:00,0.0,130.0,130.0
2027-10-02 05:00:00,2.7,20.0,22.7
2027-10-02 06:00:00,2.6,101.7,104.3
2027-10-02 07:00:00,2.9,73.3,76.2
2027-10-02 08:00:00,3.1,150.0,153.1
2027-10-02 09:00:00,2.3,150.0,152.3
2027-10-02 10:00:00,2.9,125.0,127.9
2027-10-02 11:00:00,3.5,150.0,153.5
2027-10-02 12:00:00,4.9,150.0,154.9
2027-10-02 13:00:00,4.2,100.0,104.2
2027-10-02 14:00:00,1.6,145.0,146.6
2027-10-02 15:00:00,2.8,105.0,107.8
2027-10-02 16:00:00,4.9,88.3,93.2
2027-10-02 17:00:00,2.5,75.0,77.5
2027-10-02 18:00:00,1.8,150.0,151.8
2027-10-02 19:00:00,3.2,140.0,143.2
2027-10-02 20:00:00,2.4,30.0,32.4
2027-10-02 21:00:00,1.8,61.7,63.5
2027-10-02 22:00:00,0.0,21.7,21.7
2027-10-02 23:00:00,0.0,150.0,150.0
2027-10-03 00:00:00,0.0,150.0,150.0
2027-10-03 01:00:00,0.0,150.0,150.0
2027-10-03 02:00:00,0.0,30.0,30.0
2027-10-03 03:00:00,0.0,66.7,66.7
2027-10-03 04:00:00,0.0,150.0,150.0
2027-10-03 05:00:00,2.9,126.7,129.6
2027-10-03 06:00:00,2.4,38.3,40.7
2027-10-03 07:00:00,3.3,86.7,90.0
2027-10-03 08:00:00,1.9,150.0,151.9
2027-10-03 09:00:00,3.4,150.0,153.4
2027-10-03 10:00:00,2.8,0.0,2.8
2027-10-03 11:00:00,1.8,100.0,101.8
2027-10-03 12:00:00,4.0,143.3,147.3
2027-10-03 13:00:00,2.3,150.0,152.3
2027-10-03 14:00:00,2.8,136.7,139.5
2027-10-03 15:00:00,3.1,150.0,153.1
2027-10-03 16:00:00,2.9,16.7,19.6
2027-10-03 17:00:00,3.7,131.7,135.4
2027-10-03 18:00:00,4.5,138.3,142.8
2027-10-03 19:00:00,2.6,98.3,100.9
2027-10-03 20:00:00,2.8,138.3,141.1
2027-10-03 21:00:00,2.1,131.7,133.8
2027-10-03 22:00:00,0.0,146.7,146.7
2027-10-03 23:00:00,0.0,143.3,143.3
2027-10-04 00:00:00,0.0,100.0,100.0
2027-10-04 01:00:00,0.0,150.0,150.0
2027-10-04 02:00:00,0.0,150.0,150.0
2027-10-04 03:00:00,0.0,150.0,150.0
2027-10-04 04:00:00,0.0,150.0,150.0
2027-10-04 05:00:00,4.3,125.0,129.3
2027-10-04 06:00:00,1.9,150.0,151.9
2027-10-04 07:00:00,2.7,0.0,2.7
2027-10-04 08:00:00,2.0,150.0,152.0
2027-10-04 09:00:00,3.9,140.0,143.9
2027-10-04 10:00:00,3.6,150.0,153.6
2027-10-04 11:00:00,2.1,150.0,152.1
2027-10-04 12:00:00,3.6,150.0,153.6
2027-10-04 13:00:00,3.4,150.0,153.4
2027-10-04 14:00:00,2.2,113.3,115.5
2027-10-04 15:00:00,3.1,150.0,153.1
2027-10-04 16:00:00,4.4,150.0,154.4
2027-10-04 17:00:00,4.7,150.0,154.7
2027-10-04 18:00:00,2.7,113.3,116.0
2027-10-04 19:00:00,4.0,150.0,154.0
2027-10-04 20:00:00,2.1,145.0,147.1
2027-10-04 21:00:00,4.5,150.0,154.5
2027-10-04 22:00:00,0.0,150.0,150.0
2027-10-04 23:00:00,0.0,150.0,150.0
2027-10-05 00:00:00,0.0,58.3,58.3
2027-10-05 01:00:00,0.0,150.0,150.0
2027-10-05 02:00:00,0.0,150.0,150.0
2027-10-05 03:00:00,0.0,150.0,150.0
2027-10-05 04:00:00,0.0,150.0,150.0
2027-10-05 05:00:00,3.6,150.0,153.6
2027-10-05 06:00:00,3.1,150.0,153.1
2027-10-05 07:00:00,3.3,150.0,153.3
2027-10-05 08:00:00,3.6,51.7,55.3
2027-10-05 09:00:00,3.0,61.7,64.7
2027-10-05 10:00:00,2.0,150.0,152.0
2027-10-05 11:00:00,3.8,128.3,132.1
2027-10-05 12:00:00,2.3,143.3,145.6
2027-10-05 13:00:00,3.1,135.0,138.1
2027-10-05 14:00:00,1.8,150.0,151.8
2027-10-05 15:00:00,2.3,93.3,95.6
2027-10-05 16:00:00,3.8,150.0,153.8
2027-10-05 17:00:00,2.0,121.7,123.7
2027-10-05 18:00:00,3.5,105.0,108.5
2027-10-05 19:00:00,3.4,150.0,153.4
2027-10-05 20:00:00,3.2,150.0,153.2
2027-10-05 21:00:00,2.0,150.0,152.0
2027-10-05 22:00:00,0.0,35.0,35.0
2027-10-05 23:00:00,0.0,150.0,150.0
2027-10-06 00:00:00,0.0,38.3,38.3
2027-10-06 01:00:00,0.0,150.0,150.0
2027-10-06 02:00:00,0.0,73.3,73.3
2027-10-06 03:00:00,0.0,150.0,150.0
2027-10-06 04:00:00,0.0,150.0,150.0
2027-10-06 05:00:00,3.6,146.7,150.3
2027-10-06 06:00:00,2.2,150.0,152.2
2027-10-06 07:00:00,2.3,138.3,140.6
2027-10-06 08:00:00,2.4,150.0,152.4
2027-10-06 09:00:00,2.1,150.0,152.1
2027-10-06 10:00:00,3.8,150.0,153.8
2027-10-06 11:00:00,2.1,26.7,28.8
2027-10-06 12:00:00,2.7,0.0,2.7
2027-10-06 13:00:00,2.6,150.0,152.6
2027-10-06 14:00:00,3.0,150.0,153.0
2027-10-06 15:00:00,2.4,150.0,152.4
2027-10-06 16:00:00,3.9,150.0,153.9
2027-10-06 17:00:00,3.6,150.0,153.6
2027-10-06 18:00:00,3.3,143.3,146.6
2027-10-06 19:00:00,3.5,150.0,153.5
2027-10-06 20:00:00,4.2,150.0,154.2
2027-10-06 21:00:00,2.5,101.7,104.2
2027-10-06 22:00:00,0.0,150.0,150.0
2027-10-06 23:00:00,0.0,48.3,48.3
2027-10-07 00:00:00,0.0,150.0,150.0
2027-10-07 01:00:00,0.0,90.0,90.0
2027-10-07 02:00:00,0.0,131.7,131.7
2027-10-07 03:00:00,0.0,80.0,80.0
2027-10-07 04:00:00,0.0,0.0,0.0
2027-10-07 05:00:00,4.8,150.0,154.8
2027-10-07 06:00:00,2.2,150.0,152.2
2027-10-07 07:00:00,3.0,136.7,139.7
2027-10-07 08:00:00,3.5,150.0,153.5
2027-10-07 09:00:00,2.6,0.0,2.6
2027-10-07 10:00:00,2.5,80.0,82.5
2027-10-07 11:00:00,3.6,0.0,3.6
2027-10-07 12:00:00,3.2,150.0,153.2
2027-10-07 13:00:00,1.6,150.0,151.6
2027-10-07 14:00:00,2.8,150.0,152.8
2027-10-07 15:00:00,3.3,110.0,113.3
2027-10-07 16:00:00,4.3,143.3,147.6
2027-10-07 17:00:00,2.5,150.0,152.5
2027-10-07 18:00:00,3.3,150.0,153.3
2027-10-07 19:00:00,3.0,150.0,153.0
2027-10-07 20:00:00,4.1,30.0,34.1
2027-10-07 21:00:00,4.0,16.7,20.7
2027-10-07 22:00:00,0.0,150.0,150.0
2027-10-07 23:00:00,0.0,150.0,150.0
2027-10-08 00:00:00,0.0,150.0,150.0
2027-10-08 01:00:00,0.0,111.7,111.7
2027-10-08 02:00:00,0.0,16.7,16.7
2027-10-08 03:00:00,0.0,150.0,150.0
2027-10-08 04:00:00,0.0,146.7,146.7
2027-10-08 05:00:00,3.3,78.3,81.6
2027-10-08 06:00:00,2.8,150.0,152.8
2027-10-08 07:00:00,1.9,150.0,151.9
2027-10-08 08:00:00,3.8,150.0,153.8
2027-10-08 09:00:00,3.1,105.0,108.1
2027-10-08 10:00:00,1.5,150.0,151.5
2027-10-08 11:00:00,4.1,98.3,102.4
2027-10-08 12:00:00,2.5,150.0,152.5
2027-10-08 13:00:00,2.9,150.0,152.9
2027-10-08 14:00:00,3.2,103.3,106.5
2027-10-08 15:00:00,3.1,33.3,36.4
2027-10-08 16:00:00,2.9,150.0,152.9
2027-10-08 17:00:00,3.6,18.3,21.9
2027-10-08 18:00:00,3.0,103.3,106.3
2027-10-08 19:00:00,4.4,40.0,44.4
2027-10-08 20:00:00,2.9,28.3,31.2
2027-10-08 21:00:00,2.3,25.0,27.3
2027-10-08 22:00:00,0.0,150.0,150.0
2027-10-08 23:00:00,0.0,103.3,103.3
2027-10-09 00:00:00,0.0,150.0,150.0
2027-10-09 01:00:00,0.0,56.7,56.7
2027-10-09 02:00:00,0.0,106.7,106.7
2027-10-09 03:00:00,0.0,150.0,150.0
2027-10-09 04:00:00,0.0,150.0,150.0
2027-10-09 05:00:00,2.4,150.0,152.4
2027-10-09 06:00:00,2.1,136.7,138.8
2027-10-09 07:00:00,2.4,150.0,152.4
2027-10-09 08:00:00,3.8,105.0,108.8
2027-10-09 09:00:00,3.3,150.0,153.3
2027-10-09 10:00:00,2.7,53.3,56.0
2027-10-09 11:00:00,1.9,35.0,36.9
2027-10-09 12:00:00,3.7,150.0,153.7
2027-10-09 13:00:00,2.6,126.7,129.3
2027-10-09 14:00:00,2.5,150.0,152.5
2027-10-09 15:00:00,3.5,150.0,153.5
2027-10-09 16:00:00,3.2,128.3,131.5
2027-10-09 17:00:00,3.3,68.3,71.6
2027-10-09 18:00:00,2.8,150.0,152.8
2027-10-09 19:00:00,3.1,150.0,153.1
2027-10-09 20:00:00,3.3,150.0,153.3
2027-10-09 21:00:00,2.7,58.3,61.0
2027-10-09 22:00:00,0.0,140.0,140.0
2027-10-09 23:00:00,0.0,51.7,51.7
2027-10-10 00:00:00,0.0,68.3,68.3
2027-10-10 01:00:00,0.0,150.0,150.0
2027-10-10 02:00:00,0.0,150.0,150.0
2027-10-10 03:00:00,0.0,150.0,150.0
2027-10-10 04:00:00,0.0,126.7,126.7
2027-10-10 05:00:00,3.0,150.0,153.0
2027-10-10 06:00:00,3.2,136.7,139.9
2027-10-10 07:00:00,4.1,0.0,4.1
2027-10-10 08:00:00,3.2,40.0,43.2
2027-10-10 09:00:00,2.7,150.0,152.7
2027-10-10 10:00:00,2.7,150.0,152.7
2027-10-10 11:00:00,3.4,150.0,153.4
2027-10-10 12:00:00,4.0,0.0,4.0
2027-10-10 13:00:00,3.8,150.0,153.8
2027-10-10 14:00:00,2.4,141.7,144.1
2027-10-10 15:00:00,1.9,150.0,151.9
2027-10-10 16:00:00,2.5,150.0,152.5
2027-10-10 17:00:00,2.5,50.0,52.5
2027-10-10 18:00:00,3.4,150.0,153.4
2027-10-10 19:00:00,4.8,150.0,154.8
2027-10-10 20:00:00,2.6,121.7,124.3
2027-10-10 21:00:00,2.1,0.0,2.1
2027-10-10 22:00:00,0.0,56.7,56.7
2027-10-10 23:00:00,0.0,150.0,150.0
2027-10-11 00:00:00,0.0,150.0,150.0
2027-10-11 01:00:00,0.0,150.0,150.0
2027-10-11 02:00:00,0.0,150.0,150.0
2027-10-11 03:00:00,0.0,150.0,150.0
2027-10-11 04:00:00,0.0,150.0,150.0
2027-10-11 05:00:00,2.2,73.3,75.5
2027-10-11 06:00:00,3.8,150.0,153.8
2027-10-11 07:00:00,2.6,150.0,152.6
2027-10-11 08:00:00,3.3,150.0,153.3
2027-10-11 09:00:00,2.5,150.0,152.5
2027-10-11 10:00:00,2.4,150.0,152.4
2027-10-11 11:00:00,4.4,95.0,99.4
2027-10-11 12:00:00,3.0,73.3,76.3
2027-10-11 13:00:00,4.4,50.0,54.4
2027-10-11 14:00:00,2.2,150.0,152.2
2027-10-11 15:00:00,2.4,150.0,152.4
2027-10-11 16:00:00,3.0,120.0,123.0
2027-10-11 17:00:00,2.5,150.0,152.5
2027-10-11 18:00:00,2.7,116.7,119.4
2027-10-11 19:00:00,2.7,150.0,152.7
2027-10-11 20:00:00,2.8,93.3,96.1
2027-10-11 21:00:00,2.7,150.0,152.7
2027-10-11 22:00:00,0.0,101.7,101.7
2027-10-11 23:00:00,0.0,28.3,28.3
2027-10-12 00:00:00,0.0,150.0,150.0
2027-10-12 01:00:00,0.0,88.3,88.3
2027-10-12 02:00:00,0.0,150.0,150.0
2027-10-12 03:00:00,0.0,150.0,150.0
2027-10-12 04:00:00,0.0,133.3,133.3
2027-10-12 05:00:00,2.7,0.0,2.7
2027-10-12 06:00:00,4.3,150.0,154.3
2027-10-12 07:00:00,3.8,71.7,75.5
2027-10-12 08:00:00,3.2,36.7,39.9
2027-10-12 09:00:00,3.2,98.3,101.5
2027-10-12 10:00:00,3.4,48.3,51.7
2027-10-12 11:00:00,3.2,96.7,99.9
2027-10-12 12:00:00,1.9,150.0,151.9
2027-10-12 13:00:00,2.2,138.3,140.5
2027-10-12 14:00:00,4.0,150.0,154.0
2027-10-12 15:00:00,3.0,150.0,153.0
2027-10-12 16:00:00,2.8,0.0,2.8
2027-10-12 17:00:00,2.2,150.0,152.2
2027-10-12 18:00:00,3.5,145.0,148.5
2027-10-12 19:00:00,3.0,150.0,153.0
2027-10-12 20:00:00,4.5,150.0,154.5
2027-10-12 21:00:00,1.9,150.0,151.9
2027-10-12 22:00:00,0.0,138.3,138.3
2027-10-12 23:00:00,0.0,150.0,150.0
2027-10-13 00:00:00,0.0,105.0,105.0
2027-10-13 01:00:00,0.0,43.3,43.3
2027-10-13 02:00:00,0.0,150.0,150.0
2027-10-13 03:00:00,0.0,0.0,0.0
2027-10-13 04:00:00,0.0,136.7,136.7
2027-10-13 05:00:00,2.8,150.0,152.8
2027-10-13 06:00:00,3.9,150.0,153.9
2027-10-13 07:00:00,3.5,150.0,153.5
2027-10-13 08:00:00,3.2,110.0,113.2
2027-10-13 09:00:00,3.2,150.0,153.2
2027-10-13 10:00:00,3.9,130.0,133.9
2027-10-13 11:00:00,2.7,150.0,152.7
2027-10-13 12:00:00,3.2,150.0,153.2
2027-10-13 13:00:00,2.2,0.0,2.2
2027-10-13 14:00:00,2.9,113.3,116.2
2027-10-13 15:00:00,3.6,0.0,3.6
2027-10-13 16:00:00,2.9,51.7,54.6
2027-10-13 17:00:00,3.3,110.0,113.3
2027-10-13 18:00:00,2.3,150.0,152.3
2027-10-13 19:00:00,2.7,150.0,152.7
2027-10-13 20:00:00,2.1,150.0,152.1
2027-10-13 21:00:00,2.6,135.0,137.6
2027-10-13 22:00:00,0.0,20.0,20.0
2027-10-13 23:00:00,0.0,150.0,150.0
2027-10-14 00:00:00,0.0,150.0,150.0
2027-10-14 01:00:00,0.0,96.7,96.7
2027-10-14 02:00:00,0.0,13.3,13.3
2027-10-14 03:00:00,0.0,150.0,150.0
2027-10-14 04:00:00,0.0,0.0,0.0
2027-10-14 05:00:00,2.7,78.3,81.0
2027-10-14 06:00:00,2.4,150.0,152.4
2027-10-14 07:00:00,2.9,150.0,152.9
2027-10-14 08:00:00,2.9,150.0,152.9
2027-10-14 09:00:00,3.1,0.0,3.1
2027-10-14 10:00:00,4.2,110.0,114.2
2027-10-14 11:00:00,3.0,93.3,96.3
2027-10-14 12:00:00,3.8,150.0,153.8
2027-10-14 13:00:00,2.5,90.0,92.5
2027-10-14 14:00:00,2.1,150.0,152.1
2027-10-14 15:00:00,3.7,125.0,128.7
2027-10-14 16:00:00,3.2,150.0,153.2
2027-10-14 17:00:00,2.5,150.0,152.5
2027-10-14 18:00:00,4.3,58.3,62.6
2027-10-14 19:00:00,1.8,150.0,151.8
2027-10-14 20:00:00,4.1,98.3,102.4
2027-10-14 21:00:00,1.8,145.0,146.8
2027-10-14 22:00:00,0.0,103.3,103.3
2027-10-14 23:00:00,0.0,15.0,15.0
2027-10-15 00:00:00,0.0,150.0,150.0
2027-10-15 01:00:00,0.0,71.7,71.7
2027-10-15 02:00:00,0.0,150.0,150.0
2027-10-15 03:00:00,0.0,130.0,130.0
2027-10-15 04:00:00,0.0,150.0,150.0
2027-10-15 05:00:00,3.8,48.3,52.1
2027-10-15 06:00:00,3.3,133.3,136.6
2027-10-15 07:00:00,2.7,91.7,94.4
2027-10-15 08:00:00,3.8,150.0,153.8
2027-10-15 09:00:00,4.0,25.0,29.0
2027-10-15 10:00:00,2.9,150.0,152.9
2027-10-15 11:00:00,3.3,111.7,115.0
2027-10-15 12:00:00,2.9,150.0,152.9
2027-10-15 13:00:00,3.9,150.0,153.9
2027-10-15 14:00:00,3.5,110.0,113.5
2027-10-15 15:00:00,3.0,150.0,153.0
2027-10-15 16:00:00,2.0,21.7,23.7
2027-10-15 17:00:00,3.0,91.7,94.7
2027-10-15 18:00:00,2.5,88.3,90.8
2027-10-15 19:00:00,2.9,43.3,46.2
2027-10-15 20:00:00,3.9,150.0,153.9
2027-10-15 21:00:00,2.2,150.0,152.2
2027-10-15 22:00:00,0.0,60.0,60.0
2027-10-15 23:00:00,0.0,150.0,150.0
2027-10-16 00:00:00,0.0,53.3,53.3
2027-10-16 01:00:00,0.0,116.7,116.7
2027-10-16 02:00:00,0.0,150.0,150.0
2027-10-16 03:00:00,0.0,10.0,10.0
2027-10-16 04:00:00,0.0,150.0,150.0
2027-10-16 05:00:00,3.3,150.0,153.3
2027-10-16 06:00:00,3.6,103.3,106.9
2027-10-16 07:00:00,3.0,150.0,153.0
2027-10-16 08:00:00,3.3,150.0,153.3
2027-10-16 09:00:00,3.8,150.0,153.8
2027-10-16 10:00:00,3.3,150.0,153.3
2027-10-16 11:00:00,2.3,150.0,152.3
2027-10-16 12:00:00,2.8,150.0,152.8
2027-10-16 13:00:00,3.8,140.0,143.8
2027-10-16 14:00:00,3.7,150.0,153.7
2027-10-16 15:00:00,3.2,60.0,63.2
2027-10-16 16:00:00,2.2,138.3,140.5
2027-10-16 17:00:00,3.9,56.7,60.6
2027-10-16 18:00:00,3.7,150.0,153.7
2027-10-16 19:00:00,4.2,150.0,154.2
2027-10-16 20:00:00,3.7,50.0,53.7
2027-10-16 21:00:00,3.0,116.7,119.7
2027-10-16 22:00:00,0.0,123.3,123.3
2027-10-16 23:00:00,0.0,128.3,128.3
2027-10-17 00:00:00,0.0,93.3,93.3
2027-10-17 01:00:00,0.0,143.3,143.3
2027-10-17 02:00:00,0.0,128.3,128.3
2027-10-17 03:00:00,0.0,150.0,150.0
2027-10-17 04:00:00,0.0,111.7,111.7
2027-10-17 05:00:00,2.8,150.0,152.8
2027-10-17 06:00:00,3.4,150.0,153.4
2027-10-17 07:00:00,3.6,150.0,153.6
2027-10-17 08:00:00,3.3,150.0,153.3
2027-10-17 09:00:00,2.7,150.0,152.7
2027-10-17 10:00:00,1.7,98.3,100.0
2027-10-17 11:00:00,2.2,150.0,152.2
2027-10-17 12:00:00,3.3,150.0,153.3
2027-10-17 13:00:00,3.9,150.0,153.9
2027-10-17 14:00:00,2.6,150.0,152.6
2027-10-17 15:00:00,2.4,150.0,152.4
2027-10-17 16:00:00,3.2,150.0,153.2
2027-10-17 17:00:00,2.9,150.0,152.9
2027-10-17 18:00:00,2.5,91.7,94.2
2027-10-17 19:00:00,2.9,150.0,152.9
2027-10-17 20:00:00,3.5,150.0,153.5
2027-10-17 21:00:00,2.7,68.3,71.0
2027-10-17 22:00:00,0.0,106.7,106.7
2027-10-17 23:00:00,0.0,98.3,98.3
2027-10-18 00:00:00,0.0,111.7,111.7
2027-10-18 01:00:00,0.0,150.0,150.0
2027-10-18 02:00:00,0.0,63.3,63.3
2027-10-18 03:00:00,0.0,150.0,150.0
2027-10-18 04:00:00,0.0,41.7,41.7
2027-10-18 05:00:00,2.1,128.3,130.4
2027-10-18 06:00:00,2.3,150.0,152.3
2027-10-18 07:00:00,2.5,145.0,147.5
2027-10-18 08:00:00,2.3,150.0,152.3
2027-10-18 09:00:00,3.1,101.7,104.8
2027-10-18 10:00:00,2.9,150.0,152.9
2027-10-18 11:00:00,2.6,115.0,117.6
2027-10-18 12:00:00,2.0,98.3,100.3
2027-10-18 13:00:00,4.4,116.7,121.1
2027-10-18 14:00:00,2.4,140.0,142.4
2027-10-18 15:00:00,3.3,83.3,86.6
2027-10-18 16:00:00,2.5,150.0,152.5
2027-10-18 17:00:00,3.3,150.0,153.3
2027-10-18 18:00:00,4.3,150.0,154.3
2027-10-18 19:00:00,1.6,150.0,151.6
2027-10-18 20:00:00,1.7,150.0,151.7
2027-10-18 21:00:00,2.6,150.0,152.6
2027-10-18 22:00:00,0.0,150.0,150.0
2027-10-18 23:00:00,0.0,150.0,150.0
2027-10-19 00:00:00,0.0,126.7,126.7
2027-10-19 01:00:00,0.0,150.0,150.0
2027-10-19 02:00:00,0.0,143.3,143.3
2027-10-19 03:00:00,0.0,150.0,150.0
2027-10-19 04:00:00,0.0,133.3,133.3
2027-10-19 05:00:00,3.1,150.0,153.1
2027-10-19 06:00:00,4.1,75.0,79.1
2027-10-19 07:00:00,2.8,150.0,152.8
2027-10-19 08:00:00,3.0,71.7,74.7
2027-10-19 09:00:00,3.1,150.0,153.1
2027-10-19 10:00:00,2.2,150.0,152.2
2027-10-19 11:00:00,4.3,113.3,117.6
2027-10-19 12:00:00,3.2,150.0,153.2
2027-10-19 13:00:00,2.9,150.0,152.9
2027-10-19 14:00:00,3.0,150.0,153.0
2027-10-19 15:00:00,2.6,150.0,152.6
2027-10-19 16:00:00,3.5,98.3,101.8
2027-10-19 17:00:00,2.0,150.0,152.0
2027-10-19 18:00:00,4.3,95.0,99.3
2027-10-19 19:00:00,2.4,50.0,52.4
2027-10-19 20:00:00,3.5,93.3,96.8
2027-10-19 21:00:00,2.4,136.7,139.1
2027-10-19 22:00:00,0.0,150.0,150.0
2027-10-19 23:00:00,0.0,150.0,150.0
2027-10-20 00:00:00,0.0,11.7,11.7
2027-10-20 01:00:00,0.0,106.7,106.7
2027-10-20 02:00:00,0.0,150.0,150.0
2027-10-20 03:00:00,0.0,141.7,141.7
2027-10-20 04:00:00,0.0,98.3,98.3
2027-10-20 05:00:00,2.7,150.0,152.7
2027-10-20 06:00:00,2.1,50.0,52.1
2027-10-20 07:00:00,1.7,108.3,110.0
2027-10-20 08:00:00,3.7,128.3,132.0
2027-10-20 09:00:00,4.7,150.0,154.7
2027-10-20 10:00:00,3.0,121.7,124.7
2027-10-20 11:00:00,3.6,150.0,153.6
2027-10-20 12:00:00,3.6,63.3,66.9
2027-10-20 13:00:00,2.1,150.0,152.1
2027-10-20 14:00:00,3.6,78.3,81.9
2027-10-20 15:00:00,3.4,150.0,153.4
2027-10-20 16:00:00,3.1,150.0,153.1
2027-10-20 17:00:00,2.5,83.3,85.8
2027-10-20 18:00:00,3.5,150.0,153.5
2027-10-20 19:00:00,4.0,100.0,104.0
2027-10-20 20:00:00,3.6,128.3,131.9
2027-10-20 21:00:00,4.0,55.0,59.0
2027-10-20 22:00:00,0.0,33.3,33.3
2027-10-20 23:00:00,0.0,150.0,150.0
2027-10-21 00:00:00,0.0,150.0,150.0
2027-10-21 01:00:00,0.0,91.7,91.7
2027-10-21 02:00:00,0.0,150.0,150.0
2027-10-21 03:00:00,0.0,131.7,131.7
2027-10-21 04:00:00,0.0,76.7,76.7
2027-10-21 05:00:00,3.6,125.0,128.6
2027-10-21 06:00:00,2.3,13.3,15.6
2027-10-21 07:00:00,4.1,21.7,25.8
2027-10-21 08:00:00,3.8,76.7,80.5
2027-10-21 09:00:00,3.5,76.7,80.2
2027-10-21 10:00:00,2.6,111.7,114.3
2027-10-21 11:00:00,2.4,150.0,152.4
2027-10-21 12:00:00,3.0,150.0,153.0
2027-10-21 13:00:00,3.2,105.0,108.2
2027-10-21 14:00:00,4.2,150.0,154.2
2027-10-21 15:00:00,3.5,130.0,133.5
2027-10-21 16:00:00,2.6,85.0,87.6
2027-10-21 17:00:00,3.4,45.0,48.4
2027-10-21 18:00:00,1.3,150.0,151.3
2027-10-21 19:00:00,4.8,150.0,154.8
2027-10-21 20:00:00,3.3,150.0,153.3
2027-10-21 21:00:00,3.5,150.0,153.5
2027-10-21 22:00:00,0.0,150.0,150.0
2027-10-21 23:00:00,0.0,150.0,150.0
2027-10-22 00:00:00,0.0,150.0,150.0
2027-10-22 01:00:00,0.0,136.7,136.7
2027-10-22 02:00:00,0.0,105.0,105.0
2027-10-22 03:00:00,0.0,150.0,150.0
2027-10-22 04:00:00,0.0,150.0,150.0
2027-10-22 05:00:00,3.4,150.0,153.4
2027-10-22 06:00:00,2.9,135.0,137.9
2027-10-22 07:00:00,4.1,108.3,112.4
2027-10-22 08:00:00,4.2,150.0,154.2
2027-10-22 09:00:00,2.2,150.0,152.2
2027-10-22 10:00:00,2.5,66.7,69.2
2027-10-22 11:00:00,3.4,150.0,153.4
2027-10-22 12:00:00,4.5,150.0,154.5
2027-10-22 13:00:00,1.4,150.0,151.4
2027-10-22 14:00:00,1.9,150.0,151.9
2027-10-22 15:00:00,2.6,150.0,152.6
2027-10-22 16:00:00,2.9,105.0,107.9
2027-10-22 17:00:00,4.1,115.0,119.1
2027-10-22 18:00:00,1.6,150.0,151.6
2027-10-22 19:00:00,4.0,35.0,39.0
2027-10-22 20:00:00,3.4,150.0,153.4
2027-10-22 21:00:00,3.7,141.7,145.4
2027-10-22 22:00:00,0.0,150.0,150.0
2027-10-22 23:00:00,0.0,150.0,150.0
2027-10-23 00:00:00,0.0,61.7,61.7
2027-10-23 01:00:00,0.0,103.3,103.3
2027-10-23 02:00:00,0.0,128.3,128.3
2027-10-23 03:00:00,0.0,56.7,56.7
2027-10-23 04:00:00,0.0,88.3,88.3
2027-10-23 05:00:00,2.2,150.0,152.2
2027-10-23 06:00:00,1.8,150.0,151.8
2027-10-23 07:00:00,3.1,150.0,153.1
2027-10-23 08:00:00,1.9,86.7,88.6
2027-10-23 09:00:00,3.3,150.0,153.3
2027-10-23 10:00:00,3.4,150.0,153.4
2027-10-23 11:00:00,2.8,11.7,14.5
2027-10-23 12:00:00,2.0,150.0,152.0
2027-10-23 13:00:00,4.2,95.0,99.2
2027-10-23 14:00:00,4.1,150.0,154.1
2027-10-23 15:00:00,4.2,150.0,154.2
2027-10-23 16:00:00,3.8,116.7,120.5
2027-10-23 17:00:00,3.2,101.7,104.9
2027-10-23 18:00:00,1.6,38.3,39.9
2027-10-23 19:00:00,2.9,48.3,51.2
2027-10-23 20:00:00,2.9,150.0,152.9
2027-10-23 21:00:00,2.9,40.0,42.9
2027-10-23 22:00:00,0.0,150.0,150.0
2027-10-23 23:00:00,0.0,150.0,150.0
2027-10-24 00:00:00,0.0,150.0,150.0
2027-10-24 01:00:00,0.0,150.0,150.0
2027-10-24 02:00:00,0.0,66.7,66.7
2027-10-24 03:00:00,0.0,1.7,1.7
2027-10-24 04:00:00,0.0,130.0,130.0
2027-10-24 05:00:00,2.7,150.0,152.7
2027-10-24 06:00:00,3.5,150.0,153.5
2027-10-24 07:00:00,3.8,150.0,153.8
2027-10-24 08:00:00,2.9,58.3,61.2
2027-10-24 09:00:00,3.9,150.0,153.9
2027-10-24 10:00:00,2.4,0.0,2.4
2027-10-24 11:00:00,4.2,13.3,17.5
2027-10-24 12:00:00,2.8,150.0,152.8
2027-10-24 13:00:00,2.7,150.0,152.7
2027-10-24 14:00:00,4.1,110.0,114.1
2027-10-24 15:00:00,2.5,55.0,57.5
2027-10-24 16:00:00,4.4,128.3,132.7
2027-10-24 17:00:00,1.2,138.3,139.5
2027-10-24 18:00:00,4.7,150.0,154.7
2027-10-24 19:00:00,2.5,150.0,152.5
2027-10-24 20:00:00,2.5,83.3,85.8
2027-10-24 21:00:00,2.7,150.0,152.7
2027-10-24 22:00:00,0.0,150.0,150.0
2027-10-24 23:00:00,0.0,76.7,76.7
2027-10-25 00:00:00,0.0,150.0,150.0
2027-10-25 01:00:00,0.0,21.7,21.7
2027-10-25 02:00:00,0.0,150.0,150.0
2027-10-25 03:00:00,0.0,150.0,150.0
2027-10-25 04:00:00,0.0,131.7,131.7
2027-10-25 05:00:00,2.3,136.7,139.0
2027-10-25 06:00:00,3.4,150.0,153.4
2027-10-25 07:00:00,3.9,150.0,153.9
2027-10-25 08:00:00,3.4,116.7,120.1
2027-10-25 09:00:00,1.9,150.0,151.9
2027-10-25 10:00:00,2.5,150.0,152.5
2027-10-25 11:00:00,3.6,150.0,153.6
2027-10-25 12:00:00,3.7,48.3,52.0
2027-10-25 13:00:00,1.7,150.0,151.7
2027-10-25 14:00:00,3.0,150.0,153.0
2027-10-25 15:00:00,3.8,150.0,153.8
2027-10-25 16:00:00,3.5,150.0,153.5
2027-10-25 17:00:00,3.2,0.0,3.2
2027-10-25 18:00:00,2.4,143.3,145.7
2027-10-25 19:00:00,2.5,120.0,122.5
2027-10-25 20:00:00,2.3,0.0,2.3
2027-10-25 21:00:00,1.1,150.0,151.1
2027-10-25 22:00:00,0.0,150.0,150.0
2027-10-25 23:00:00,0.0,0.0,0.0
2027-10-26 00:00:00,0.0,150.0,150.0
2027-10-26 01:00:00,0.0,150.0,150.0
2027-10-26 02:00:00,0.0,150.0,150.0
2027-10-26 03:00:00,0.0,150.0,150.0
2027-10-26 04:00:00,0.0,150.0,150.0
2027-10-26 05:00:00,2.1,150.0,152.1
2027-10-26 06:00:00,1.6,131.7,133.3
2027-10-26 07:00:00,2.2,150.0,152.2
2027-10-26 08:00:00,3.8,150.0,153.8
2027-10-26 09:00:00,2.8,65.0,67.8
2027-10-26 10:00:00,2.1,106.7,108.8
2027-10-26 11:00:00,1.6,150.0,151.6
2027-10-26 12:00:00,4.1,133.3,137.4
2027-10-26 13:00:00,1.7,150.0,151.7
2027-10-26 14:00:00,3.7,108.3,112.0
2027-10-26 15:00:00,3.1,150.0,153.1
2027-10-26 16:00:00,1.8,150.0,151.8
2027-10-26 17:00:00,3.3,150.0,153.3
2027-10-26 18:00:00,2.5,150.0,152.5
2027-10-26 19:00:00,2.5,150.0,152.5
2027-10-26 20:00:00,2.3,73.3,75.6
2027-10-26 21:00:00,2.4,86.7,89.1
2027-10-26 22:00:00,0.0,150.0,150.0
2027-10-26 23:00:00,0.0,150.0,150.0
2027-10-27 00:00:00,0.0,48.3,48.3
2027-10-27 01:00:00,0.0,83.3,83.3
2027-10-27 02:00:00,0.0,150.0,150.0
2027-10-27 03:00:00,0.0,120.0,120.0
2027-10-27 04:00:00,0.0,66.7,66.7
2027-10-27 05:00:00,3.9,71.7,75.6
2027-10-27 06:00:00,3.5,150.0,153.5
2027-10-27 07:00:00,2.5,150.0,152.5
2027-10-27 08:00:00,3.1,150.0,153.1
2027-10-27 09:00:00,3.4,150.0,153.4
2027-10-27 10:00:00,1.9,150.0,151.9
2027-10-27 11:00:00,3.8,150.0,153.8
2027-10-27 12:00:00,2.9,150.0,152.9
2027-10-27 13:00:00,3.3,93.3,96.6
2027-10-27 14:00:00,3.2,150.0,153.2
2027-10-27 15:00:00,2.4,70.0,72.4
2027-10-27 16:00:00,1.3,150.0,151.3
2027-10-27 17:00:00,4.0,5.0,9.0
2027-10-27 18:00:00,2.8,126.7,129.5
2027-10-27 19:00:00,2.9,133.3,136.2
2027-10-27 20:00:00,3.8,118.3,122.1
2027-10-27 21:00:00,3.9,0.0,3.9
2027-10-27 22:00:00,0.0,140.0,140.0
2027-10-27 23:00:00,0.0,21.7,21.7
2027-10-28 00:00:00,0.0,105.0,105.0
2027-10-28 01:00:00,0.0,0.0,0.0
2027-10-28 02:00:00,0.0,146.7,146.7
2027-10-28 03:00:00,0.0,150.0,150.0
2027-10-28 04:00:00,0.0,150.0,150.0
2027-10-28 05:00:00,2.5,150.0,152.5
2027-10-28 06:00:00,3.2,136.7,139.9
2027-10-28 07:00:00,3.4,23.3,26.7
2027-10-28 08:00:00,2.6,150.0,152.6
2027-10-28 09:00:00,3.0,150.0,153.0
2027-10-28 10:00:00,2.8,80.0,82.8
2027-10-28 11:00:00,1.8,150.0,151.8
2027-10-28 12:00:00,2.6,150.0,152.6
2027-10-28 13:00:00,3.2,0.0,3.2
2027-10-28 14:00:00,2.3,51.7,54.0
2027-10-28 15:00:00,3.3,150.0,153.3
2027-10-28 16:00:00,2.7,150.0,152.7
2027-10-28 17:00:00,3.3,121.7,125.0
2027-10-28 18:00:00,2.5,46.7,49.2
2027-10-28 19:00:00,2.7,150.0,152.7
2027-10-28 20:00:00,1.7,116.7,118.4
2027-10-28 21:00:00,3.2,51.7,54.9
2027-10-28 22:00:00,0.0,150.0,150.0
2027-10-28 23:00:00,0.0,150.0,150.0
2027-10-29 00:00:00,0.0,150.0,150.0
2027-10-29 01:00:00,0.0,108.3,108.3
2027-10-29 02:00:00,0.0,108.3,108.3
2027-10-29 03:00:00,0.0,5.0,5.0
2027-10-29 04:00:00,0.0,0.0,0.0
2027-10-29 05:00:00,1.9,150.0,151.9
2027-10-29 06:00:00,4.8,150.0,154.8
2027-10-29 07:00:00,4.1,150.0,154.1
2027-10-29 08:00:00,4.9,150.0,154.9
2027-10-29 09:00:00,3.0,111.7,114.7
2027-10-29 10:00:00,1.6,150.0,151.6
2027-10-29 11:00:00,1.8,145.0,146.8
2027-10-29 12:00:00,3.7,150.0,153.7
2027-10-29 13:00:00,3.8,150.0,153.8
2027-10-29 14:00:00,3.4,150.0,153.4
2027-10-29 15:00:00,2.8,111.7,114.5
2027-10-29 16:00:00,3.1,86.7,89.8
2027-10-29 17:00:00,3.2,150.0,153.2
2027-10-29 18:00:00,2.0,150.0,152.0
2027-10-29 19:00:00,2.5,150.0,152.5
2027-10-29 20:00:00,2.2,150.0,152.2
2027-10-29 21:00:00,3.7,110.0,113.7
2027-10-29 22:00:00,0.0,60.0,60.0
2027-10-29 23:00:00,0.0,150.0,150.0
2027-10-30 00:00:00,0.0,150.0,150.0
2027-10-30 01:00:00,0.0,150.0,150.0
2027-10-30 02:00:00,0.0,48.3,48.3
2027-10-30 03:00:00,0.0,43.3,43.3
2027-10-30 04:00:00,0.0,150.0,150.0
2027-10-30 05:00:00,4.0,150.0,154.0
2027-10-30 06:00:00,2.3,150.0,152.3
2027-10-30 07:00:00,3.9,150.0,153.9
2027-10-30 08:00:00,2.4,123.3,125.7
2027-10-30 09:00:00,2.4,138.3,140.7
2027-10-30 10:00:00,2.9,148.3,151.2
2027-10-30 11:00:00,3.2,150.0,153.2
2027-10-30 12:00:00,2.7,130.0,132.7
2027-10-30 13:00:00,2.4,150.0,152.4
2027-10-30 14:00:00,2.7,150.0,152.7
2027-10-30 15:00:00,3.6,145.0,148.6
2027-10-30 16:00:00,2.7,148.3,151.0
2027-10-30 17:00:00,3.5,150.0,153.5
2027-10-30 18:00:00,1.7,93.3,95.0
2027-10-30 19:00:00,3.3,146.7,150.0
2027-10-30 20:00:00,1.6,86.7,88.3
2027-10-30 21:00:00,2.1,110.0,112.1
2027-10-30 22:00:00,0.0,150.0,150.0
2027-10-30 23:00:00,0.0,98.3,98.3
2027-10-31 00:00:00,0.0,150.0,150.0
2027-10-31 01:00:00,0.0,150.0,150.0
2027-10-31 02:00:00,0.0,110.0,110.0
2027-10-31 03:00:00,0.0,105.0,105.0
2027-10-31 04:00:00,0.0,150.0,150.0
2027-10-31 05:00:00,2.1,150.0,152.1
2027-10-31 06:00:00,2.4,150.0,152.4
2027-10-31 07:00:00,3.1,76.7,79.8
2027-10-31 08:00:00,2.7,33.3,36.0
2027-10-31 09:00:00,3.2,138.3,141.5
2027-10-31 10:00:00,3.6,0.0,3.6
2027-10-31 11:00:00,2.9,70.0,72.9
2027-10-31 12:00:00,3.4,31.7,35.1
2027-10-31 13:00:00,3.7,116.7,120.4
2027-10-31 14:00:00,2.6,0.0,2.6
2027-10-31 15:00:00,3.0,150.0,153.0
2027-10-31 16:00:00,1.9,150.0,151.9
2027-10-31 17:00:00,2.3,43.3,45.6
2027-10-31 18:00:00,1.9,96.7,98.6
2027-10-31 19:00:00,2.4,150.0,152.4
2027-10-31 20:00:00,1.6,146.7,148.3
2027-10-31 21:00:00,1.7,150.0,151.7
2027-10-31 22:00:00,0.0,6.7,6.7
2027-10-31 23:00:00,0.0,150.0,150.0
2027-11-01 00:00:00,0.0,150.0,150.0
2027-11-01 01:00:00,0.0,150.0,150.0
2027-11-01 02:00:00,0.0,150.0,150.0
2027-11-01 03:00:00,0.0,150.0,150.0
2027-11-01 04:00:00,0.0,150.0,150.0
2027-11-01 05:00:00,2.2,95.0,97.2
2027-11-01 06:00:00,2.5,150.0,152.5
2027-11-01 07:00:00,3.3,71.7,75.0
2027-11-01 08:00:00,2.2,150.0,152.2
2027-11-01 09:00:00,3.7,150.0,153.7
2027-11-01 10:00:00,2.7,150.0,152.7
2027-11-01 11:00:00,3.4,150.0,153.4
2027-11-01 12:00:00,4.0,50.0,54.0
2027-11-01 13:00:00,3.3,93.3,96.6
2027-11-01 14:00:00,2.7,150.0,152.7
2027-11-01 15:00:00,2.9,141.7,144.6
2027-11-01 16:00:00,2.7,150.0,152.7
2027-11-01 17:00:00,2.7,150.0,152.7
2027-11-01 18:00:00,3.7,150.0,153.7
2027-11-01 19:00:00,2.7,150.0,152.7
2027-11-01 20:00:00,2.4,71.7,74.1
2027-11-01 21:00:00,2.1,88.3,90.4
2027-11-01 22:00:00,0.0,150.0,150.0
2027-11-01 23:00:00,0.0,150.0,150.0
2027-11-02 00:00:00,0.0,150.0,150.0
2027-11-02 01:00:00,0.0,150.0,150.0
2027-11-02 02:00:00,0.0,150.0,150.0
2027-11-02 03:00:00,0.0,150.0,150.0
2027-11-02 04:00:00,0.0,0.0,0.0
2027-11-02 05:00:00,2.3,150.0,152.3
2027-11-02 06:00:00,2.4,150.0,152.4
2027-11-02 07:00:00,2.4,150.0,152.4
2027-11-02 08:00:00,3.7,150.0,153.7
2027-11-02 09:00:00,3.5,138.3,141.8
2027-11-02 10:00:00,3.8,101.7,105.5
2027-11-02 11:00:00,4.2,70.0,74.2
2027-11-02 12:00:00,2.4,145.0,147.4
2027-11-02 13:00:00,1.5,58.3,59.8
2027-11-02 14:00:00,3.2,150.0,153.2
2027-11-02 15:00:00,2.9,103.3,106.2
2027-11-02 16:00:00,2.4,131.7,134.1
2027-11-02 17:00:00,2.4,150.0,152.4
2027-11-02 18:00:00,4.1,150.0,154.1
2027-11-02 19:00:00,2.9,45.0,47.9
2027-11-02 20:00:00,2.9,108.3,111.2
2027-11-02 21:00:00,2.6,150.0,152.6
2027-11-02 22:00:00,0.0,83.3,83.3
2027-11-02 23:00:00,0.0,150.0,150.0
2027-11-03 00:00:00,0.0,130.0,130.0
2027-11-03 01:00:00,0.0,80.0,80.0
2027-11-03 02:00:00,0.0,133.3,133.3
2027-11-03 03:00:00,0.0,150.0,150.0
2027-11-03 04:00:00,0.0,150.0,150.0
2027-11-03 05:00:00,2.5,136.7,139.2
2027-11-03 06:00:00,2.6,150.0,152.6
2027-11-03 07:00:00,2.2,45.0,47.2
2027-11-03 08:00:00,2.5,150.0,152.5
2027-11-03 09:00:00,3.2,150.0,153.2
2027-11-03 10:00:00,3.0,150.0,153.0
2027-11-03 11:00:00,3.8,150.0,153.8
2027-11-03 12:00:00,2.0,35.0,37.0
2027-11-03 13:00:00,2.1,150.0,152.1
2027-11-03 14:00:00,3.3,150.0,153.3
2027-11-03 15:00:00,1.9,146.7,148.6
2027-11-03 16:00:00,2.8,41.7,44.5
2027-11-03 17:00:00,2.6,150.0,152.6
2027-11-03 18:00:00,2.9,73.3,76.2
2027-11-03 19:00:00,4.0,150.0,154.0
2027-11-03 20:00:00,3.1,45.0,48.1
2027-11-03 21:00:00,3.1,150.0,153.1
2027-11-03 22:00:00,0.0,23.3,23.3
2027-11-03 23:00:00,0.0,48.3,48.3
2027-11-04 00:00:00,0.0,0.0,0.0
2027-11-04 01:00:00,0.0,81.7,81.7
2027-11-04 02:00:00,0.0,150.0,150.0
2027-11-04 03:00:00,0.0,150.0,150.0
2027-11-04 04:00:00,0.0,146.7,146.7
2027-11-04 05:00:00,4.2,58.3,62.5
2027-11-04 06:00:00,3.5,148.3,151.8
2027-11-04 07:00:00,2.7,150.0,152.7
2027-11-04 08:00:00,2.8,111.7,114.5
2027-11-04 09:00:00,3.3,150.0,153.3
2027-11-04 10:00:00,3.2,95.0,98.2
2027-11-04 11:00:00,3.0,106.7,109.7
2027-11-04 12:00:00,3.3,130.0,133.3
2027-11-04 13:00:00,3.0,150.0,153.0
2027-11-04 14:00:00,3.7,150.0,153.7
2027-11-04 15:00:00,2.0,150.0,152.0
2027-11-04 16:00:00,3.0,100.0,103.0
2027-11-04 17:00:00,2.4,150.0,152.4
2027-11-04 18:00:00,3.2,0.0,3.2
2027-11-04 19:00:00,2.9,150.0,152.9
2027-11-04 20:00:00,2.4,138.3,140.7
2027-11-04 21:00:00,2.7,98.3,101.0
2027-11-04 22:00:00,0.0,150.0,150.0
2027-11-04 23:00:00,0.0,150.0,150.0
2027-11-05 00:00:00,0.0,150.0,150.0
2027-11-05 01:00:00,0.0,143.3,143.3
2027-11-05 02:00:00,0.0,150.0,150.0
2027-11-05 03:00:00,0.0,110.0,110.0
2027-11-05 04:00:00,0.0,150.0,150.0
2027-11-05 05:00:00,3.7,150.0,153.7
2027-11-05 06:00:00,2.7,21.7,24.4
2027-11-05 07:00:00,2.9,121.7,124.6
2027-11-05 08:00:00,4.2,130.0,134.2
2027-11-05 09:00:00,2.2,150.0,152.2
2027-11-05 10:00:00,3.0,150.0,153.0
2027-11-05 11:00:00,3.2,150.0,153.2
2027-11-05 12:00:00,3.7,150.0,153.7
2027-11-05 13:00:00,3.2,150.0,153.2
2027-11-05 14:00:00,3.0,0.0,3.0
2027-11-05 15:00:00,2.4,88.3,90.7
2027-11-05 16:00:00,3.3,150.0,153.3
2027-11-05 17:00:00,2.3,45.0,47.3
2027-11-05 18:00:00,3.0,150.0,153.0
2027-11-05 19:00:00,3.7,150.0,153.7
2027-11-05 20:00:00,3.3,150.0,153.3
2027-11-05 21:00:00,1.9,140.0,141.9
2027-11-05 22:00:00,0.0,148.3,148.3
2027-11-05 23:00:00,0.0,136.7,136.7
2027-11-06 00:00:00,0.0,150.0,150.0
2027-11-06 01:00:00,0.0,71.7,71.7
2027-11-06 02:00:00,0.0,0.0,0.0
2027-11-06 03:00:00,0.0,136.7,136.7
2027-11-06 04:00:00,0.0,150.0,150.0
2027-11-06 05:00:00,1.9,145.0,146.9
2027-11-06 06:00:00,3.9,150.0,153.9
2027-11-06 07:00:00,2.8,88.3,91.1
2027-11-06 08:00:00,2.6,88.3,90.9
2027-11-06 09:00:00,2.0,150.0,152.0
2027-11-06 10:00:00,3.3,126.7,130.0
2027-11-06 11:00:00,2.1,150.0,152.1
2027-11-06 12:00:00,3.6,150.0,153.6
2027-11-06 13:00:00,3.2,150.0,153.2
2027-11-06 14:00:00,2.2,150.0,152.2
2027-11-06 15:00:00,1.0,133.3,134.3
2027-11-06 16:00:00,3.0,150.0,153.0
2027-11-06 17:00:00,2.9,150.0,152.9
2027-11-06 18:00:00,3.3,0.0,3.3
2027-11-06 19:00:00,2.9,146.7,149.6
2027-11-06 20:00:00,3.3,111.7,115.0
2027-11-06 21:00:00,2.6,138.3,140.9
2027-11-06 22:00:00,0.0,150.0,150.0
2027-11-06 23:00:00,0.0,150.0,150.0
2027-11-07 00:00:00,0.0,150.0,150.0
2027-11-07 01:00:00,0.0,26.7,26.7
2027-11-07 02:00:00,0.0,51.7,51.7
2027-11-07 03:00:00,0.0,101.7,101.7
2027-11-07 04:00:00,0.0,60.0,60.0
2027-11-07 05:00:00,3.6,150.0,153.6
2027-11-07 06:00:00,3.5,0.0,3.5
2027-11-07 07:00:00,3.6,150.0,153.6
2027-11-07 08:00:00,4.8,85.0,89.8
2027-11-07 09:00:00,3.3,150.0,153.3
2027-11-07 10:00:00,3.8,150.0,153.8
2027-11-07 11:00:00,3.7,150.0,153.7
2027-11-07 12:00:00,3.4,150.0,153.4
2027-11-07 13:00:00,2.5,110.0,112.5
2027-11-07 14:00:00,1.7,150.0,151.7
2027-11-07 15:00:00,3.3,93.3,96.6
2027-11-07 16:00:00,2.0,150.0,152.0
2027-11-07 17:00:00,2.7,16.7,19.4
2027-11-07 18:00:00,3.3,63.3,66.6
2027-11-07 19:00:00,4.1,150.0,154.1
2027-11-07 20:00:00,2.7,150.0,152.7
2027-11-07 21:00:00,2.6,21.7,24.3
2027-11-07 22:00:00,0.0,150.0,150.0
2027-11-07 23:00:00,0.0,130.0,130.0
2027-11-08 00:00:00,0.0,83.3,83.3
2027-11-08 01:00:00,0.0,150.0,150.0
2027-11-08 02:00:00,0.0,41.7,41.7
2027-11-08 03:00:00,0.0,150.0,150.0
2027-11-08 04:00:00,0.0,150.0,150.0
2027-11-08 05:00:00,3.7,121.7,125.4
2027-11-08 06:00:00,3.6,83.3,86.9
2027-11-08 07:00:00,2.2,106.7,108.9
2027-11-08 08:00:00,3.4,90.0,93.4
2027-11-08 09:00:00,3.2,150.0,153.2
2027-11-08 10:00:00,2.6,73.3,75.9
2027-11-08 11:00:00,3.0,150.0,153.0
2027-11-08 12:00:00,2.6,118.3,120.9
2027-11-08 13:00:00,3.3,150.0,153.3
2027-11-08 14:00:00,3.8,150.0,153.8
2027-11-08 15:00:00,2.8,150.0,152.8
2027-11-08 16:00:00,3.9,150.0,153.9
2027-11-08 17:00:00,3.7,150.0,153.7
2027-11-08 18:00:00,4.1,60.0,64.1
2027-11-08 19:00:00,3.9,150.0,153.9
2027-11-08 20:00:00,1.9,150.0,151.9
2027-11-08 21:00:00,3.2,150.0,153.2
2027-11-08 22:00:00,0.0,98.3,98.3
2027-11-08 23:00:00,0.0,150.0,150.0
2027-11-09 00:00:00,0.0,115.0,115.0
2027-11-09 01:00:00,0.0,150.0,150.0
2027-11-09 02:00:00,0.0,150.0,150.0
2027-11-09 03:00:00,0.0,128.3,128.3
2027-11-09 04:00:00,0.0,126.7,126.7
2027-11-09 05:00:00,2.8,150.0,152.8
2027-11-09 06:00:00,2.7,150.0,152.7
2027-11-09 07:00:00,3.4,80.0,83.4
2027-11-09 08:00:00,2.8,56.7,59.5
2027-11-09 09:00:00,2.6,0.0,2.6
2027-11-09 10:00:00,4.5,100.0,104.5
2027-11-09 11:00:00,4.5,150.0,154.5
2027-11-09 12:00:00,3.4,98.3,101.7
2027-11-09 13:00:00,2.7,138.3,141.0
2027-11-09 14:00:00,2.8,150.0,152.8
2027-11-09 15:00:00,2.6,150.0,152.6
2027-11-09 16:00:00,2.1,111.7,113.8
2027-11-09 17:00:00,3.3,78.3,81.6
2027-11-09 18:00:00,3.9,51.7,55.6
2027-11-09 19:00:00,3.7,146.7,150.4
2027-11-09 20:00:00,2.1,150.0,152.1
2027-11-09 21:00:00,2.6,148.3,150.9
2027-11-09 22:00:00,0.0,150.0,150.0
2027-11-09 23:00:00,0.0,150.0,150.0
2027-11-10 00:00:00,0.0,150.0,150.0
2027-11-10 01:00:00,0.0,78.3,78.3
2027-11-10 02:00:00,0.0,43.3,43.3
2027-11-10 03:00:00,0.0,150.0,150.0
2027-11-10 04:00:00,0.0,150.0,150.0
2027-11-10 05:00:00,2.6,86.7,89.3
2027-11-10 06:00:00,2.5,150.0,152.5
2027-11-10 07:00:00,1.7,150.0,151.7
2027-11-10 08:00:00,1.8,150.0,151.8
2027-11-10 09:00:00,2.4,150.0,152.4
2027-11-10 10:00:00,3.4,150.0,153.4
2027-11-10 11:00:00,2.5,150.0,152.5
2027-11-10 12:00:00,2.8,100.0,102.8
2027-11-10 13:00:00,3.8,60.0,63.8
2027-11-10 14:00:00,4.2,150.0,154.2
2027-11-10 15:00:00,2.9,73.3,76.2
2027-11-10 16:00:00,2.5,38.3,40.8
2027-11-10 17:00:00,3.6,150.0,153.6
2027-11-10 18:00:00,4.0,150.0,154.0
2027-11-10 19:00:00,3.6,150.0,153.6
2027-11-10 20:00:00,2.8,0.0,2.8
2027-11-10 21:00:00,3.3,150.0,153.3
2027-11-10 22:00:00,0.0,150.0,150.0
2027-11-10 23:00:00,0.0,150.0,150.0
2027-11-11 00:00:00,0.0,96.7,96.7
2027-11-11 01:00:00,0.0,150.0,150.0
2027-11-11 02:00:00,0.0,95.0,95.0
2027-11-11 03:00:00,0.0,150.0,150.0
2027-11-11 04:00:00,0.0,150.0,150.0
2027-11-11 05:00:00,4.0,73.3,77.3
2027-11-11 06:00:00,2.8,150.0,152.8
2027-11-11 07:00:00,2.0,150.0,152.0
2027-11-11 08:00:00,2.3,110.0,112.3
2027-11-11 09:00:00,4.2,83.3,87.5
2027-11-11 10:00:00,2.7,150.0,152.7
2027-11-11 11:00:00,1.7,150.0,151.7
2027-11-11 12:00:00,3.9,150.0,153.9
2027-11-11 13:00:00,2.9,150.0,152.9
2027-11-11 14:00:00,2.3,150.0,152.3
2027-11-11 15:00:00,3.4,133.3,136.7
2027-11-11 16:00:00,2.9,150.0,152.9
2027-11-11 17:00:00,3.0,60.0,63.0
2027-11-11 18:00:00,4.4,43.3,47.7
2027-11-11 19:00:00,2.4,121.7,124.1
2027-11-11 20:00:00,2.8,150.0,152.8
2027-11-11 21:00:00,2.6,110.0,112.6
2027-11-11 22:00:00,0.0,150.0,150.0
2027-11-11 23:00:00,0.0,150.0,150.0
2027-11-12 00:00:00,0.0,88.3,88.3
2027-11-12 01:00:00,0.0,150.0,150.0
2027-11-12 02:00:00,0.0,76.7,76.7
2027-11-12 03:00:00,0.0,150.0,150.0
2027-11-12 04:00:00,0.0,83.3,83.3
2027-11-12 05:00:00,3.4,0.0,3.4
2027-11-12 06:00:00,3.5,73.3,76.8
2027-11-12 07:00:00,2.2,150.0,152.2
2027-11-12 08:00:00,4.0,100.0,104.0
2027-11-12 09:00:00,3.0,0.0,3.0
2027-11-12 10:00:00,1.8,150.0,151.8
2027-11-12 11:00:00,3.1,150.0,153.1
2027-11-12 12:00:00,2.3,106.7,109.0
2027-11-12 13:00:00,3.0,116.7,119.7
2027-11-12 14:00:00,2.1,150.0,152.1
2027-11-12 15:00:00,2.3,76.7,79.0
2027-11-12 16:00:00,1.6,150.0,151.6
2027-11-12 17:00:00,2.0,73.3,75.3
2027-11-12 18:00:00,3.1,146.7,149.8
2027-11-12 19:00:00,3.7,150.0,153.7
2027-11-12 20:00:00,3.8,150.0,153.8
2027-11-12 21:00:00,3.3,150.0,153.3
2027-11-12 22:00:00,0.0,150.0,150.0
2027-11-12 23:00:00,0.0,150.0,150.0
2027-11-13 00:00:00,0.0,90.0,90.0
2027-11-13 01:00:00,0.0,150.0,150.0
2027-11-13 02:00:00,0.0,150.0,150.0
2027-11-13 03:00:00,0.0,138.3,138.3
2027-11-13 04:00:00,0.0,150.0,150.0
2027-11-13 05:00:00,1.6,66.7,68.3
2027-11-13 06:00:00,2.6,138.3,140.9
2027-11-13 07:00:00,2.7,150.0,152.7
2027-11-13 08:00:00,2.8,150.0,152.8
2027-11-13 09:00:00,2.9,150.0,152.9
2027-11-13 10:00:00,2.8,53.3,56.1
2027-11-13 11:00:00,2.8,136.7,139.5
2027-11-13 12:00:00,2.9,150.0,152.9
2027-11-13 13:00:00,2.8,3.3,6.1
2027-11-13 14:00:00,2.8,35.0,37.8
2027-11-13 15:00:00,0.8,53.3,54.1
2027-11-13 16:00:00,3.9,106.7,110.6
2027-11-13 17:00:00,1.5,150.0,151.5
2027-11-13 18:00:00,2.9,150.0,152.9
2027-11-13 19:00:00,4.1,131.7,135.8
2027-11-13 20:00:00,4.0,71.7,75.7
2027-11-13 21:00:00,3.1,123.3,126.4
2027-11-13 22:00:00,0.0,150.0,150.0
2027-11-13 23:00:00,0.0,140.0,140.0
2027-11-14 00:00:00,0.0,100.0,100.0
2027-11-14 01:00:00,0.0,111.7,111.7
2027-11-14 02:00:00,0.0,88.3,88.3
2027-11-14 03:00:00,0.0,125.0,125.0
2027-11-14 04:00:00,0.0,150.0,150.0
2027-11-14 05:00:00,3.8,13.3,17.1
2027-11-14 06:00:00,3.5,150.0,153.5
2027-11-14 07:00:00,4.0,150.0,154.0
2027-11-14 08:00:00,1.9,103.3,105.2
2027-11-14 09:00:00,2.0,0.0,2.0
2027-11-14 10:00:00,3.9,103.3,107.2
2027-11-14 11:00:00,3.4,50.0,53.4
2027-11-14 12:00:00,3.0,136.7,139.7
2027-11-14 13:00:00,3.2,116.7,119.9
2027-11-14 14:00:00,1.9,91.7,93.6
2027-11-14 15:00:00,2.1,150.0,152.1
2027-11-14 16:00:00,2.5,150.0,152.5
2027-11-14 17:00:00,2.9,150.0,152.9
2027-11-14 18:00:00,2.3,146.7,149.0
2027-11-14 19:00:00,3.0,43.3,46.3
2027-11-14 20:00:00,3.1,150.0,153.1
2027-11-14 21:00:00,4.0,68.3,72.3
2027-11-14 22:00:00,0.0,100.0,100.0
2027-11-14 23:00:00,0.0,86.7,86.7
2027-11-15 00:00:00,0.0,150.0,150.0
2027-11-15 01:00:00,0.0,150.0,150.0
2027-11-15 02:00:00,0.0,150.0,150.0
2027-11-15 03:00:00,0.0,150.0,150.0
2027-11-15 04:00:00,0.0,131.7,131.7
2027-11-15 05:00:00,2.7,38.3,41.0
2027-11-15 06:00:00,3.2,138.3,141.5
2027-11-15 07:00:00,4.7,85.0,89.7
2027-11-15 08:00:00,2.8,73.3,76.1
2027-11-15 09:00:00,2.9,0.0,2.9
2027-11-15 10:00:00,2.5,0.0,2.5
2027-11-15 11:00:00,0.9,150.0,150.9
2027-11-15 12:00:00,3.5,150.0,153.5
2027-11-15 13:00:00,1.9,150.0,151.9
2027-11-15 14:00:00,1.9,128.3,130.2
2027-11-15 15:00:00,2.3,33.3,35.6
2027-11-15 16:00:00,2.2,150.0,152.2
2027-11-15 17:00:00,4.0,150.0,154.0
2027-11-15 18:00:00,2.6,86.7,89.3
2027-11-15 19:00:00,2.4,33.3,35.7
2027-11-15 20:00:00,2.3,55.0,57.3
2027-11-15 21:00:00,3.3,150.0,153.3
2027-11-15 22:00:00,0.0,150.0,150.0
2027-11-15 23:00:00,0.0,111.7,111.7
2027-11-16 00:00:00,0.0,150.0,150.0
2027-11-16 01:00:00,0.0,98.3,98.3
2027-11-16 02:00:00,0.0,150.0,150.0
2027-11-16 03:00:00,0.0,106.7,106.7
2027-11-16 04:00:00,0.0,83.3,83.3
2027-11-16 05:00:00,5.0,150.0,155.0
2027-11-16 06:00:00,4.0,150.0,154.0
2027-11-16 07:00:00,2.0,93.3,95.3
2027-11-16 08:00:00,3.0,110.0,113.0
2027-11-16 09:00:00,4.1,150.0,154.1
2027-11-16 10:00:00,2.8,3.3,6.1
2027-11-16 11:00:00,2.4,150.0,152.4
2027-11-16 12:00:00,3.8,35.0,38.8
2027-11-16 13:00:00,3.7,5.0,8.7
2027-11-16 14:00:00,2.2,76.7,78.9
2027-11-16 15:00:00,3.6,68.3,71.9
2027-11-16 16:00:00,2.7,150.0,152.7
2027-11-16 17:00:00,4.5,146.7,151.2
2027-11-16 18:00:00,3.0,150.0,153.0
2027-11-16 19:00:00,3.6,150.0,153.6
2027-11-16 20:00:00,2.5,138.3,140.8
2027-11-16 21:00:00,2.4,0.0,2.4
2027-11-16 22:00:00,0.0,71.7,71.7
2027-11-16 23:00:00,0.0,150.0,150.0
2027-11-17 00:00:00,0.0,0.0,0.0
2027-11-17 01:00:00,0.0,103.3,103.3
2027-11-17 02:00:00,0.0,150.0,150.0
2027-11-17 03:00:00,0.0,150.0,150.0
2027-11-17 04:00:00,0.0,113.3,113.3
2027-11-17 05:00:00,3.0,130.0,133.0
2027-11-17 06:00:00,3.7,115.0,118.7
2027-11-17 07:00:00,2.7,53.3,56.0
2027-11-17 08:00:00,2.7,150.0,152.7
2027-11-17 09:00:00,3.9,133.3,137.2
2027-11-17 10:00:00,2.1,145.0,147.1
2027-11-17 11:00:00,3.1,110.0,113.1
2027-11-17 12:00:00,1.4,150.0,151.4
2027-11-17 13:00:00,2.6,150.0,152.6
2027-11-17 14:00:00,3.8,31.7,35.5
2027-11-17 15:00:00,2.6,118.3,120.9
2027-11-17 16:00:00,1.8,31.7,33.5
2027-11-17 17:00:00,2.2,58.3,60.5
2027-11-17 18:00:00,2.0,150.0,152.0
2027-11-17 19:00:00,3.0,150.0,153.0
2027-11-17 20:00:00,2.7,150.0,152.7
2027-11-17 21:00:00,2.7,111.7,114.4
2027-11-17 22:00:00,0.0,150.0,150.0
2027-11-17 23:00:00,0.0,150.0,150.0
2027-11-18 00:00:00,0.0,96.7,96.7
2027-11-18 01:00:00,0.0,150.0,150.0
2027-11-18 02:00:00,0.0,8.3,8.3
2027-11-18 03:00:00,0.0,150.0,150.0
2027-11-18 04:00:00,0.0,0.0,0.0
2027-11-18 05:00:00,3.0,66.7,69.7
2027-11-18 06:00:00,3.8,150.0,153.8
2027-11-18 07:00:00,3.9,150.0,153.9
2027-11-18 08:00:00,3.2,150.0,153.2
2027-11-18 09:00:00,3.7,45.0,48.7
2027-11-18 10:00:00,2.2,93.3,95.5
2027-11-18 11:00:00,4.5,150.0,154.5
2027-11-18 12:00:00,3.4,0.0,3.4
2027-11-18 13:00:00,3.6,106.7,110.3
2027-11-18 14:00:00,2.4,150.0,152.4
2027-11-18 15:00:00,4.6,150.0,154.6
2027-11-18 16:00:00,2.0,150.0,152.0
2027-11-18 17:00:00,2.3,150.0,152.3
2027-11-18 18:00:00,1.7,150.0,151.7
2027-11-18 19:00:00,3.7,140.0,143.7
2027-11-18 20:00:00,3.4,150.0,153.4
2027-11-18 21:00:00,2.6,150.0,152.6
2027-11-18 22:00:00,0.0,150.0,150.0
2027-11-18 23:00:00,0.0,0.0,0.0
2027-11-19 00:00:00,0.0,150.0,150.0
2027-11-19 01:00:00,0.0,95.0,95.0
2027-11-19 02:00:00,0.0,41.7,41.7
2027-11-19 03:00:00,0.0,150.0,150.0
2027-11-19 04:00:00,0.0,150.0,150.0
2027-11-19 05:00:00,4.0,55.0,59.0
2027-11-19 06:00:00,2.6,126.7,129.3
2027-11-19 07:00:00,2.7,128.3,131.0
2027-11-19 08:00:00,3.2,30.0,33.2
2027-11-19 09:00:00,2.8,150.0,152.8
2027-11-19 10:00:00,1.7,150.0,151.7
2027-11-19 11:00:00,2.9,150.0,152.9
2027-11-19 12:00:00,2.2,150.0,152.2
2027-11-19 13:00:00,3.9,150.0,153.9
2027-11-19 14:00:00,2.0,150.0,152.0
2027-11-19 15:00:00,4.5,145.0,149.5
2027-11-19 16:00:00,4.4,150.0,154.4
2027-11-19 17:00:00,2.9,8.3,11.2
2027-11-19 18:00:00,4.9,141.7,146.6
2027-11-19 19:00:00,2.6,3.3,5.9
2027-11-19 20:00:00,2.1,60.0,62.1
2027-11-19 21:00:00,0.9,85.0,85.9
2027-11-19 22:00:00,0.0,68.3,68.3
2027-11-19 23:00:00,0.0,0.0,0.0
2027-11-20 00:00:00,0.0,123.3,123.3
2027-11-20 01:00:00,0.0,150.0,150.0
2027-11-20 02:00:00,0.0,150.0,150.0
2027-11-20 03:00:00,0.0,45.0,45.0
2027-11-20 04:00:00,0.0,150.0,150.0
2027-11-20 05:00:00,2.2,120.0,122.2
2027-11-20 06:00:00,2.9,68.3,71.2
2027-11-20 07:00:00,2.8,150.0,152.8
2027-11-20 08:00:00,1.5,150.0,151.5
2027-11-20 09:00:00,2.9,150.0,152.9
2027-11-20 10:00:00,3.9,150.0,153.9
2027-11-20 11:00:00,3.5,115.0,118.5
2027-11-20 12:00:00,3.7,150.0,153.7
2027-11-20 13:00:00,3.3,150.0,153.3
2027-11-20 14:00:00,2.4,21.7,24.1
2027-11-20 15:00:00,1.8,131.7,133.5
2027-11-20 16:00:00,3.0,150.0,153.0
2027-11-20 17:00:00,2.3,150.0,152.3
2027-11-20 18:00:00,3.7,50.0,53.7
2027-11-20 19:00:00,5.0,150.0,155.0
2027-11-20 20:00:00,2.7,150.0,152.7
2027-11-20 21:00:00,3.1,0.0,3.1
2027-11-20 22:00:00,0.0,150.0,150.0
2027-11-20 23:00:00,0.0,150.0,150.0
2027-11-21 00:00:00,0.0,123.3,123.3
2027-11-21 01:00:00,0.0,150.0,150.0
2027-11-21 02:00:00,0.0,150.0,150.0
2027-11-21 03:00:00,0.0,63.3,63.3
2027-11-21 04:00:00,0.0,0.0,0.0
2027-11-21 05:00:00,3.4,150.0,153.4
2027-11-21 06:00:00,2.2,141.7,143.9
2027-11-21 07:00:00,2.8,150.0,152.8
2027-11-21 08:00:00,2.2,116.7,118.9
2027-11-21 09:00:00,2.7,91.7,94.4
2027-11-21 10:00:00,2.6,150.0,152.6
2027-11-21 11:00:00,1.6,128.3,129.9
2027-11-21 12:00:00,2.7,150.0,152.7
2027-11-21 13:00:00,1.4,150.0,151.4
2027-11-21 14:00:00,1.5,148.3,149.8
2027-11-21 15:00:00,4.1,0.0,4.1
2027-11-21 16:00:00,2.2,0.0,2.2
2027-11-21 17:00:00,1.6,150.0,151.6
2027-11-21 18:00:00,3.3,128.3,131.6
2027-11-21 19:00:00,3.6,150.0,153.6
2027-11-21 20:00:00,3.2,75.0,78.2
2027-11-21 21:00:00,1.2,105.0,106.2
2027-11-21 22:00:00,0.0,150.0,150.0
2027-11-21 23:00:00,0.0,150.0,150.0
2027-11-22 00:00:00,0.0,113.3,113.3
2027-11-22 01:00:00,0.0,150.0,150.0
2027-11-22 02:00:00,0.0,150.0,150.0
2027-11-22 03:00:00,0.0,150.0,150.0
2027-11-22 04:00:00,0.0,150.0,150.0
2027-11-22 05:00:00,1.6,150.0,151.6
2027-11-22 06:00:00,3.4,150.0,153.4
2027-11-22 07:00:00,2.3,128.3,130.6
2027-11-22 08:00:00,4.3,15.0,19.3
2027-11-22 09:00:00,3.1,0.0,3.1
2027-11-22 10:00:00,1.6,81.7,83.3
2027-11-22 11:00:00,3.2,150.0,153.2
2027-11-22 12:00:00,3.0,78.3,81.3
2027-11-22 13:00:00,2.0,0.0,2.0
2027-11-22 14:00:00,2.2,150.0,152.2
2027-11-22 15:00:00,2.2,120.0,122.2
2027-11-22 16:00:00,3.1,150.0,153.1
2027-11-22 17:00:00,3.0,150.0,153.0
2027-11-22 18:00:00,2.0,150.0,152.0
2027-11-22 19:00:00,1.4,150.0,151.4
2027-11-22 20:00:00,3.8,150.0,153.8
2027-11-22 21:00:00,2.6,150.0,152.6
2027-11-22 22:00:00,0.0,150.0,150.0
2027-11-22 23:00:00,0.0,88.3,88.3
2027-11-23 00:00:00,0.0,150.0,150.0
2027-11-23 01:00:00,0.0,90.0,90.0
2027-11-23 02:00:00,0.0,150.0,150.0
2027-11-23 03:00:00,0.0,138.3,138.3
2027-11-23 04:00:00,0.0,103.3,103.3
2027-11-23 05:00:00,2.0,91.7,93.7
2027-11-23 06:00:00,3.4,150.0,153.4
2027-11-23 07:00:00,2.8,0.0,2.8
2027-11-23 08:00:00,4.0,108.3,112.3
2027-11-23 09:00:00,2.5,150.0,152.5
2027-11-23 10:00:00,3.2,150.0,153.2
2027-11-23 11:00:00,2.9,131.7,134.6
2027-11-23 12:00:00,3.9,150.0,153.9
2027-11-23 13:00:00,2.9,150.0,152.9
2027-11-23 14:00:00,2.5,111.7,114.2
2027-11-23 15:00:00,3.4,150.0,153.4
2027-11-23 16:00:00,2.8,143.3,146.1
2027-11-23 17:00:00,1.7,65.0,66.7
2027-11-23 18:00:00,2.9,150.0,152.9
2027-11-23 19:00:00,5.1,96.7,101.8
2027-11-23 20:00:00,2.8,150.0,152.8
2027-11-23 21:00:00,2.0,0.0,2.0
2027-11-23 22:00:00,0.0,125.0,125.0
2027-11-23 23:00:00,0.0,150.0,150.0
2027-11-24 00:00:00,0.0,131.7,131.7
2027-11-24 01:00:00,0.0,150.0,150.0
2027-11-24 02:00:00,0.0,150.0,150.0
2027-11-24 03:00:00,0.0,150.0,150.0
2027-11-24 04:00:00,0.0,150.0,150.0
2027-11-24 05:00:00,3.8,25.0,28.8
2027-11-24 06:00:00,2.7,130.0,132.7
2027-11-24 07:00:00,1.8,150.0,151.8
2027-11-24 08:00:00,2.7,143.3,146.0
2027-11-24 09:00:00,2.3,20.0,22.3
2027-11-24 10:00:00,3.2,150.0,153.2
2027-11-24 11:00:00,3.2,150.0,153.2
2027-11-24 12:00:00,2.6,128.3,130.9
2027-11-24 13:00:00,4.2,140.0,144.2
2027-11-24 14:00:00,4.2,150.0,154.2
2027-11-24 15:00:00,2.7,150.0,152.7
2027-11-24 16:00:00,2.3,150.0,152.3
2027-11-24 17:00:00,4.0,150.0,154.0
2027-11-24 18:00:00,3.7,150.0,153.7
2027-11-24 19:00:00,1.8,150.0,151.8
2027-11-24 20:00:00,2.0,150.0,152.0
2027-11-24 21:00:00,2.4,143.3,145.7
2027-11-24 22:00:00,0.0,150.0,150.0
2027-11-24 23:00:00,0.0,101.7,101.7
2027-11-25 00:00:00,0.0,150.0,150.0
2027-11-25 01:00:00,0.0,150.0,150.0
2027-11-25 02:00:00,0.0,120.0,120.0
2027-11-25 03:00:00,0.0,123.3,123.3
2027-11-25 04:00:00,0.0,145.0,145.0
2027-11-25 05:00:00,3.4,51.7,55.1
2027-11-25 06:00:00,3.0,118.3,121.3
2027-11-25 07:00:00,3.8,0.0,3.8
2027-11-25 08:00:00,2.3,11.7,14.0
2027-11-25 09:00:00,2.0,150.0,152.0
2027-11-25 10:00:00,2.9,126.7,129.6
2027-11-25 11:00:00,3.9,123.3,127.2
2027-11-25 12:00:00,2.9,16.7,19.6
2027-11-25 13:00:00,2.7,85.0,87.7
2027-11-25 14:00:00,4.0,126.7,130.7
2027-11-25 15:00:00,2.1,120.0,122.1
2027-11-25 16:00:00,3.1,123.3,126.4
2027-11-25 17:00:00,3.9,95.0,98.9
2027-11-25 18:00:00,2.8,150.0,152.8
2027-11-25 19:00:00,2.5,0.0,2.5
2027-11-25 20:00:00,3.4,0.0,3.4
2027-11-25 21:00:00,2.8,150.0,152.8
2027-11-25 22:00:00,0.0,55.0,55.0
2027-11-25 23:00:00,0.0,150.0,150.0
2027-11-26 00:00:00,0.0,145.0,145.0
2027-11-26 01:00:00,0.0,143.3,143.3
2027-11-26 02:00:00,0.0,125.0,125.0
2027-11-26 03:00:00,0.0,100.0,100.0
2027-11-26 04:00:00,0.0,150.0,150.0
2027-11-26 05:00:00,3.1,150.0,153.1
2027-11-26 06:00:00,3.4,150.0,153.4
2027-11-26 07:00:00,2.0,58.3,60.3
2027-11-26 08:00:00,3.9,150.0,153.9
2027-11-26 09:00:00,2.9,131.7,134.6
2027-11-26 10:00:00,1.5,150.0,151.5
2027-11-26 11:00:00,3.5,148.3,151.8
2027-11-26 12:00:00,3.0,150.0,153.0
2027-11-26 13:00:00,2.7,150.0,152.7
2027-11-26 14:00:00,3.1,88.3,91.4
2027-11-26 15:00:00,1.7,150.0,151.7
2027-11-26 16:00:00,3.2,141.7,144.9
2027-11-26 17:00:00,3.7,26.7,30.4
2027-11-26 18:00:00,2.9,150.0,152.9
2027-11-26 19:00:00,3.5,150.0,153.5
2027-11-26 20:00:00,3.1,98.3,101.4
2027-11-26 21:00:00,2.7,118.3,121.0
2027-11-26 22:00:00,0.0,113.3,113.3
2027-11-26 23:00:00,0.0,95.0,95.0
2027-11-27 00:00:00,0.0,121.7,121.7
2027-11-27 01:00:00,0.0,150.0,150.0
2027-11-27 02:00:00,0.0,150.0,150.0
2027-11-27 03:00:00,0.0,150.0,150.0
2027-11-27 04:00:00,0.0,85.0,85.0
2027-11-27 05:00:00,3.5,56.7,60.2
2027-11-27 06:00:00,2.2,20.0,22.2
2027-11-27 07:00:00,3.3,150.0,153.3
2027-11-27 08:00:00,3.9,150.0,153.9
2027-11-27 09:00:00,4.3,150.0,154.3
2027-11-27 10:00:00,1.8,85.0,86.8
2027-11-27 11:00:00,3.8,150.0,153.8
2027-11-27 12:00:00,3.9,53.3,57.2
2027-11-27 13:00:00,2.9,11.7,14.6
2027-11-27 14:00:00,2.8,150.0,152.8
2027-11-27 15:00:00,3.1,81.7,84.8
2027-11-27 16:00:00,3.9,136.7,140.6
2027-11-27 17:00:00,2.8,150.0,152.8
2027-11-27 18:00:00,4.1,93.3,97.4
2027-11-27 19:00:00,2.4,133.3,135.7
2027-11-27 20:00:00,3.8,115.0,118.8
2027-11-27 21:00:00,2.6,138.3,140.9
2027-11-27 22:00:00,0.0,150.0,150.0
2027-11-27 23:00:00,0.0,150.0,150.0
2027-11-28 00:00:00,0.0,150.0,150.0
2027-11-28 01:00:00,0.0,150.0,150.0
2027-11-28 02:00:00,0.0,150.0,150.0
2027-11-28 03:00:00,0.0,150.0,150.0
2027-11-28 04:00:00,0.0,150.0,150.0
2027-11-28 05:00:00,3.2,145.0,148.2
2027-11-28 06:00:00,3.1,0.0,3.1
2027-11-28 07:00:00,4.2,73.3,77.5
2027-11-28 08:00:00,3.5,61.7,65.2
2027-11-28 09:00:00,3.5,150.0,153.5
2027-11-28 10:00:00,2.9,150.0,152.9
2027-11-28 11:00:00,3.8,140.0,143.8
2027-11-28 12:00:00,4.1,3.3,7.4
2027-11-28 13:00:00,2.8,150.0,152.8
2027-11-28 14:00:00,3.9,106.7,110.6
2027-11-28 15:00:00,3.8,103.3,107.1
2027-11-28 16:00:00,3.9,150.0,153.9
2027-11-28 17:00:00,3.5,50.0,53.5
2027-11-28 18:00:00,4.6,146.7,151.3
2027-11-28 19:00:00,3.1,56.7,59.8
2027-11-28 20:00:00,2.2,136.7,138.9
2027-11-28 21:00:00,1.3,150.0,151.3
2027-11-28 22:00:00,0.0,146.7,146.7
2027-11-28 23:00:00,0.0,150.0,150.0
2027-11-29 00:00:00,0.0,135.0,135.0
2027-11-29 01:00:00,0.0,150.0,150.0
2027-11-29 02:00:00,0.0,150.0,150.0
2027-11-29 03:00:00,0.0,10.0,10.0
2027-11-29 04:00:00,0.0,150.0,150.0
2027-11-29 05:00:00,2.6,146.7,149.3
2027-11-29 06:00:00,4.7,15.0,19.7
2027-11-29 07:00:00,2.9,41.7,44.6
2027-11-29 08:00:00,5.3,150.0,155.3
2027-11-29 09:00:00,3.7,150.0,153.7
2027-11-29 10:00:00,2.9,150.0,152.9
2027-11-29 11:00:00,4.5,0.0,4.5
2027-11-29 12:00:00,3.7,146.7,150.4
2027-11-29 13:00:00,4.4,150.0,154.4
2027-11-29 14:00:00,4.3,150.0,154.3
2027-11-29 15:00:00,1.9,150.0,151.9
2027-11-29 16:00:00,1.7,125.0,126.7
2027-11-29 17:00:00,2.5,105.0,107.5
2027-11-29 18:00:00,2.6,116.7,119.3
2027-11-29 19:00:00,1.8,98.3,100.1
2027-11-29 20:00:00,2.9,150.0,152.9
2027-11-29 21:00:00,1.6,150.0,151.6
2027-11-29 22:00:00,0.0,111.7,111.7
2027-11-29 23:00:00,0.0,81.7,81.7
2027-11-30 00:00:00,0.0,150.0,150.0
2027-11-30 01:00:00,0.0,36.7,36.7
2027-11-30 02:00:00,0.0,150.0,150.0
2027-11-30 03:00:00,0.0,0.0,0.0
2027-11-30 04:00:00,0.0,150.0,150.0
2027-11-30 05:00:00,3.6,56.7,60.3
2027-11-30 06:00:00,3.5,150.0,153.5
2027-11-30 07:00:00,3.4,121.7,125.1
2027-11-30 08:00:00,2.8,150.0,152.8
2027-11-30 09:00:00,2.6,48.3,50.9
2027-11-30 10:00:00,2.7,150.0,152.7
2027-11-30 11:00:00,3.3,150.0,153.3
2027-11-30 12:00:00,2.3,150.0,152.3
2027-11-30 13:00:00,3.4,150.0,153.4
2027-11-30 14:00:00,2.6,116.7,119.3
2027-11-30 15:00:00,3.2,108.3,111.5
2027-11-30 16:00:00,3.6,145.0,148.6
2027-11-30 17:00:00,1.8,150.0,151.8
2027-11-30 18:00:00,3.2,150.0,153.2
2027-11-30 19:00:00,3.9,150.0,153.9
2027-11-30 20:00:00,1.6,150.0,151.6
2027-11-30 21:00:00,3.0,135.0,138.0
2027-11-30 22:00:00,0.0,0.0,0.0
2027-11-30 23:00:00,0.0,91.7,91.7
2027-12-01 00:00:00,0.0,35.0,35.0
2027-12-01 01:00:00,0.0,73.3,73.3
2027-12-01 02:00:00,0.0,105.0,105.0
2027-12-01 03:00:00,0.0,110.0,110.0
2027-12-01 04:00:00,0.0,150.0,150.0
2027-12-01 05:00:00,3.2,121.7,124.9
2027-12-01 06:00:00,1.8,150.0,151.8
2027-12-01 07:00:00,2.3,150.0,152.3
2027-12-01 08:00:00,2.6,150.0,152.6
2027-12-01 09:00:00,2.8,150.0,152.8
2027-12-01 10:00:00,3.2,118.3,121.5
2027-12-01 11:00:00,2.9,150.0,152.9
2027-12-01 12:00:00,3.2,121.7,124.9
2027-12-01 13:00:00,3.9,1.7,5.6
2027-12-01 14:00:00,2.2,150.0,152.2
2027-12-01 15:00:00,3.8,150.0,153.8
2027-12-01 16:00:00,2.4,121.7,124.1
2027-12-01 17:00:00,4.2,150.0,154.2
2027-12-01 18:00:00,2.0,123.3,125.3
2027-12-01 19:00:00,1.7,150.0,151.7
2027-12-01 20:00:00,3.7,111.7,115.4
2027-12-01 21:00:00,4.0,150.0,154.0
2027-12-01 22:00:00,0.0,83.3,83.3
2027-12-01 23:00:00,0.0,150.0,150.0
2027-12-02 00:00:00,0.0,78.3,78.3
2027-12-02 01:00:00,0.0,0.0,0.0
2027-12-02 02:00:00,0.0,116.7,116.7
2027-12-02 03:00:00,0.0,150.0,150.0
2027-12-02 04:00:00,0.0,128.3,128.3
2027-12-02 05:00:00,1.3,8.3,9.6
2027-12-02 06:00:00,3.7,150.0,153.7
2027-12-02 07:00:00,3.2,150.0,153.2
2027-12-02 08:00:00,3.2,150.0,153.2
2027-12-02 09:00:00,3.8,30.0,33.8
2027-12-02 10:00:00,3.2,150.0,153.2
2027-12-02 11:00:00,3.6,150.0,153.6
2027-12-02 12:00:00,3.7,150.0,153.7
2027-12-02 13:00:00,1.9,150.0,151.9
2027-12-02 14:00:00,2.6,85.0,87.6
2027-12-02 15:00:00,2.4,135.0,137.4
2027-12-02 16:00:00,1.9,116.7,118.6
2027-12-02 17:00:00,3.1,150.0,153.1
2027-12-02 18:00:00,3.9,150.0,153.9
2027-12-02 19:00:00,3.2,130.0,133.2
2027-12-02 20:00:00,3.8,150.0,153.8
2027-12-02 21:00:00,2.8,16.7,19.5
2027-12-02 22:00:00,0.0,80.0,80.0
2027-12-02 23:00:00,0.0,150.0,150.0
2027-12-03 00:00:00,0.0,0.0,0.0
2027-12-03 01:00:00,0.0,150.0,150.0
2027-12-03 02:00:00,0.0,150.0,150.0
2027-12-03 03:00:00,0.0,150.0,150.0
2027-12-03 04:00:00,0.0,150.0,150.0
2027-12-03 05:00:00,2.4,150.0,152.4
2027-12-03 06:00:00,2.2,65.0,67.2
2027-12-03 07:00:00,3.2,150.0,153.2
2027-12-03 08:00:00,4.3,130.0,134.3
2027-12-03 09:00:00,1.9,51.7,53.6
2027-12-03 10:00:00,3.7,113.3,117.0
2027-12-03 11:00:00,3.9,141.7,145.6
2027-12-03 12:00:00,2.9,40.0,42.9
2027-12-03 13:00:00,3.9,150.0,153.9
2027-12-03 14:00:00,2.8,150.0,152.8
2027-12-03 15:00:00,2.3,150.0,152.3
2027-12-03 16:00:00,4.2,150.0,154.2
2027-12-03 17:00:00,2.7,88.3,91.0
2027-12-03 18:00:00,3.9,150.0,153.9
2027-12-03 19:00:00,3.7,71.7,75.4
2027-12-03 20:00:00,3.8,56.7,60.5
2027-12-03 21:00:00,2.9,148.3,151.2
2027-12-03 22:00:00,0.0,41.7,41.7
2027-12-03 23:00:00,0.0,150.0,150.0
2027-12-04 00:00:00,0.0,150.0,150.0
2027-12-04 01:00:00,0.0,46.7,46.7
2027-12-04 02:00:00,0.0,150.0,150.0
2027-12-04 03:00:00,0.0,141.7,141.7
2027-12-04 04:00:00,0.0,150.0,150.0
2027-12-04 05:00:00,3.7,150.0,153.7
2027-12-04 06:00:00,2.9,150.0,152.9
2027-12-04 07:00:00,3.8,126.7,130.5
2027-12-04 08:00:00,2.4,105.0,107.4
2027-12-04 09:00:00,4.2,150.0,154.2
2027-12-04 10:00:00,3.2,0.0,3.2
2027-12-04 11:00:00,3.6,150.0,153.6
2027-12-04 12:00:00,2.3,0.0,2.3
2027-12-04 13:00:00,2.8,150.0,152.8
2027-12-04 14:00:00,2.0,150.0,152.0
2027-12-04 15:00:00,3.4,150.0,153.4
2027-12-04 16:00:00,3.5,141.7,145.2
2027-12-04 17:00:00,3.9,150.0,153.9
2027-12-04 18:00:00,3.7,150.0,153.7
2027-12-04 19:00:00,3.3,0.0,3.3
2027-12-04 20:00:00,3.4,150.0,153.4
2027-12-04 21:00:00,1.7,150.0,151.7
2027-12-04 22:00:00,0.0,98.3,98.3
2027-12-04 23:00:00,0.0,73.3,73.3
2027-12-05 00:00:00,0.0,116.7,116.7
2027-12-05 01:00:00,0.0,68.3,68.3
2027-12-05 02:00:00,0.0,0.0,0.0
2027-12-05 03:00:00,0.0,143.3,143.3
2027-12-05 04:00:00,0.0,150.0,150.0
2027-12-05 05:00:00,2.9,33.3,36.2
2027-12-05 06:00:00,1.1,150.0,151.1
2027-12-05 07:00:00,4.4,71.7,76.1
2027-12-05 08:00:00,3.1,63.3,66.4
2027-12-05 09:00:00,2.3,95.0,97.3
2027-12-05 10:00:00,2.3,28.3,30.6
2027-12-05 11:00:00,2.8,130.0,132.8
2027-12-05 12:00:00,2.3,150.0,152.3
2027-12-05 13:00:00,3.0,150.0,153.0
2027-12-05 14:00:00,3.6,150.0,153.6
2027-12-05 15:00:00,3.4,115.0,118.4
2027-12-05 16:00:00,4.8,150.0,154.8
2027-12-05 17:00:00,2.4,150.0,152.4
2027-12-05 18:00:00,3.4,58.3,61.7
2027-12-05 19:00:00,3.6,150.0,153.6
2027-12-05 20:00:00,2.2,150.0,152.2
2027-12-05 21:00:00,2.7,146.7,149.4
2027-12-05 22:00:00,0.0,121.7,121.7
2027-12-05 23:00:00,0.0,75.0,75.0
2027-12-06 00:00:00,0.0,150.0,150.0
2027-12-06 01:00:00,0.0,150.0,150.0
2027-12-06 02:00:00,0.0,150.0,150.0
2027-12-06 03:00:00,0.0,141.7,141.7
2027-12-06 04:00:00,0.0,98.3,98.3
2027-12-06 05:00:00,2.1,150.0,152.1
2027-12-06 06:00:00,2.3,16.7,19.0
2027-12-06 07:00:00,4.0,110.0,114.0
2027-12-06 08:00:00,1.6,60.0,61.6
2027-12-06 09:00:00,2.3,146.7,149.0
2027-12-06 10:00:00,3.9,26.7,30.6
2027-12-06 11:00:00,2.3,150.0,152.3
2027-12-06 12:00:00,4.3,150.0,154.3
2027-12-06 13:00:00,2.9,150.0,152.9
2027-12-06 14:00:00,3.7,111.7,115.4
2027-12-06 15:00:00,2.1,50.0,52.1
2027-12-06 16:00:00,5.1,150.0,155.1
2027-12-06 17:00:00,3.0,150.0,153.0
2027-12-06 18:00:00,3.1,15.0,18.1
2027-12-06 19:00:00,3.1,113.3,116.4
2027-12-06 20:00:00,2.4,150.0,152.4
2027-12-06 21:00:00,3.7,150.0,153.7
2027-12-06 22:00:00,0.0,46.7,46.7
2027-12-06 23:00:00,0.0,75.0,75.0
2027-12-07 00:00:00,0.0,150.0,150.0
2027-12-07 01:00:00,0.0,150.0,150.0
2027-12-07 02:00:00,0.0,150.0,150.0
2027-12-07 03:00:00,0.0,141.7,141.7
2027-12-07 04:00:00,0.0,18.3,18.3
2027-12-07 05:00:00,1.9,0.0,1.9
2027-12-07 06:00:00,3.7,11.7,15.4
2027-12-07 07:00:00,3.1,150.0,153.1
2027-12-07 08:00:00,2.8,91.7,94.5
2027-12-07 09:00:00,3.4,150.0,153.4
2027-12-07 10:00:00,4.5,150.0,154.5
2027-12-07 11:00:00,1.9,116.7,118.6
2027-12-07 12:00:00,2.5,135.0,137.5
2027-12-07 13:00:00,3.3,58.3,61.6
2027-12-07 14:00:00,3.2,118.3,121.5
2027-12-07 15:00:00,2.9,35.0,37.9
2027-12-07 16:00:00,2.2,18.3,20.5
2027-12-07 17:00:00,3.5,0.0,3.5
2027-12-07 18:00:00,2.5,150.0,152.5
2027-12-07 19:00:00,2.6,126.7,129.3
2027-12-07 20:00:00,3.0,150.0,153.0
2027-12-07 21:00:00,2.4,150.0,152.4
2027-12-07 22:00:00,0.0,76.7,76.7
2027-12-07 23:00:00,0.0,150.0,150.0
2027-12-08 00:00:00,0.0,150.0,150.0
2027-12-08 01:00:00,0.0,150.0,150.0
2027-12-08 02:00:00,0.0,128.3,128.3
2027-12-08 03:00:00,0.0,90.0,90.0
2027-12-08 04:00:00,0.0,86.7,86.7
2027-12-08 05:00:00,3.2,150.0,153.2
2027-12-08 06:00:00,3.5,0.0,3.5
2027-12-08 07:00:00,3.8,100.0,103.8
2027-12-08 08:00:00,3.9,115.0,118.9
2027-12-08 09:00:00,2.7,116.7,119.4
2027-12-08 10:00:00,3.7,150.0,153.7
2027-12-08 11:00:00,4.0,150.0,154.0
2027-12-08 12:00:00,3.6,150.0,153.6
2027-12-08 13:00:00,3.9,150.0,153.9
2027-12-08 14:00:00,3.5,150.0,153.5
2027-12-08 15:00:00,3.1,150.0,153.1
2027-12-08 16:00:00,2.8,116.7,119.5
2027-12-08 17:00:00,2.4,150.0,152.4
2027-12-08 18:00:00,3.4,150.0,153.4
2027-12-08 19:00:00,1.7,123.3,125.0
2027-12-08 20:00:00,3.7,150.0,153.7
2027-12-08 21:00:00,2.2,145.0,147.2
2027-12-08 22:00:00,0.0,150.0,150.0
2027-12-08 23:00:00,0.0,83.3,83.3
2027-12-09 00:00:00,0.0,150.0,150.0
2027-12-09 01:00:00,0.0,90.0,90.0
2027-12-09 02:00:00,0.0,150.0,150.0
2027-12-09 03:00:00,0.0,150.0,150.0
2027-12-09 04:00:00,0.0,150.0,150.0
2027-12-09 05:00:00,3.5,150.0,153.5
2027-12-09 06:00:00,3.6,150.0,153.6
2027-12-09 07:00:00,3.4,150.0,153.4
2027-12-09 08:00:00,2.7,150.0,152.7
2027-12-09 09:00:00,4.0,95.0,99.0
2027-12-09 10:00:00,3.6,150.0,153.6
2027-12-09 11:00:00,3.1,60.0,63.1
2027-12-09 12:00:00,2.7,73.3,76.0
2027-12-09 13:00:00,2.4,116.7,119.1
2027-12-09 14:00:00,1.2,91.7,92.9
2027-12-09 15:00:00,2.3,150.0,152.3
2027-12-09 16:00:00,2.6,48.3,50.9
2027-12-09 17:00:00,4.1,150.0,154.1
2027-12-09 18:00:00,3.2,125.0,128.2
2027-12-09 19:00:00,4.2,123.3,127.5
2027-12-09 20:00:00,3.1,150.0,153.1
2027-12-09 21:00:00,4.1,150.0,154.1
2027-12-09 22:00:00,0.0,150.0,150.0
2027-12-09 23:00:00,0.0,150.0,150.0
2027-12-10 00:00:00,0.0,150.0,150.0
2027-12-10 01:00:00,0.0,150.0,150.0
2027-12-10 02:00:00,0.0,116.7,116.7
2027-12-10 03:00:00,0.0,106.7,106.7
2027-12-10 04:00:00,0.0,83.3,83.3
2027-12-10 05:00:00,3.0,150.0,153.0
2027-12-10 06:00:00,3.9,141.7,145.6
2027-12-10 07:00:00,2.6,88.3,90.9
2027-12-10 08:00:00,3.6,131.7,135.3
2027-12-10 09:00:00,2.4,21.7,24.1
2027-12-10 10:00:00,2.3,131.7,134.0
2027-12-10 11:00:00,2.3,0.0,2.3
2027-12-10 12:00:00,3.6,145.0,148.6
2027-12-10 13:00:00,2.5,131.7,134.2
2027-12-10 14:00:00,4.5,103.3,107.8
2027-12-10 15:00:00,3.5,108.3,111.8
2027-12-10 16:00:00,1.9,150.0,151.9
2027-12-10 17:00:00,2.6,150.0,152.6
2027-12-10 18:00:00,2.0,123.3,125.3
2027-12-10 19:00:00,2.0,150.0,152.0
2027-12-10 20:00:00,2.0,18.3,20.3
2027-12-10 21:00:00,4.2,150.0,154.2
2027-12-10 22:00:00,0.0,150.0,150.0
2027-12-10 23:00:00,0.0,150.0,150.0
2027-12-11 00:00:00,0.0,41.7,41.7
2027-12-11 01:00:00,0.0,95.0,95.0
2027-12-11 02:00:00,0.0,93.3,93.3
2027-12-11 03:00:00,0.0,150.0,150.0
2027-12-11 04:00:00,0.0,150.0,150.0
2027-12-11 05:00:00,2.6,11.7,14.3
2027-12-11 06:00:00,3.4,81.7,85.1
2027-12-11 07:00:00,4.0,136.7,140.7
2027-12-11 08:00:00,1.7,145.0,146.7
2027-12-11 09:00:00,3.8,150.0,153.8
2027-12-11 10:00:00,2.5,150.0,152.5
2027-12-11 11:00:00,4.3,131.7,136.0
2027-12-11 12:00:00,3.5,150.0,153.5
2027-12-11 13:00:00,2.6,11.7,14.3
2027-12-11 14:00:00,3.2,150.0,153.2
2027-12-11 15:00:00,3.8,150.0,153.8
2027-12-11 16:00:00,3.4,150.0,153.4
2027-12-11 17:00:00,1.8,150.0,151.8
2027-12-11 18:00:00,1.6,128.3,129.9
2027-12-11 19:00:00,1.6,118.3,119.9
2027-12-11 20:00:00,2.5,78.3,80.8
2027-12-11 21:00:00,2.8,150.0,152.8
2027-12-11 22:00:00,0.0,111.7,111.7
2027-12-11 23:00:00,0.0,43.3,43.3
2027-12-12 00:00:00,0.0,150.0,150.0
2027-12-12 01:00:00,0.0,150.0,150.0
2027-12-12 02:00:00,0.0,150.0,150.0
2027-12-12 03:00:00,0.0,20.0,20.0
2027-12-12 04:00:00,0.0,150.0,150.0
2027-12-12 05:00:00,2.6,88.3,90.9
2027-12-12 06:00:00,3.8,95.0,98.8
2027-12-12 07:00:00,3.4,150.0,153.4
2027-12-12 08:00:00,3.5,150.0,153.5
2027-12-12 09:00:00,3.3,148.3,151.6
2027-12-12 10:00:00,3.2,150.0,153.2
2027-12-12 11:00:00,3.1,141.7,144.8
2027-12-12 12:00:00,2.8,63.3,66.1
2027-12-12 13:00:00,3.2,96.7,99.9
2027-12-12 14:00:00,3.8,126.7,130.5
2027-12-12 15:00:00,1.9,150.0,151.9
2027-12-12 16:00:00,3.4,150.0,153.4
2027-12-12 17:00:00,4.7,150.0,154.7
2027-12-12 18:00:00,4.7,113.3,118.0
2027-12-12 19:00:00,2.4,20.0,22.4
2027-12-12 20:00:00,2.5,0.0,2.5
2027-12-12 21:00:00,2.8,90.0,92.8
2027-12-12 22:00:00,0.0,150.0,150.0
2027-12-12 23:00:00,0.0,0.0,0.0
2027-12-13 00:00:00,0.0,136.7,136.7
2027-12-13 01:00:00,0.0,48.3,48.3
2027-12-13 02:00:00,0.0,126.7,126.7
2027-12-13 03:00:00,0.0,150.0,150.0
2027-12-13 04:00:00,0.0,145.0,145.0
2027-12-13 05:00:00,2.6,71.7,74.3
2027-12-13 06:00:00,4.2,123.3,127.5
2027-12-13 07:00:00,3.7,0.0,3.7
2027-12-13 08:00:00,2.7,51.7,54.4
2027-12-13 09:00:00,3.7,150.0,153.7
2027-12-13 10:00:00,3.1,118.3,121.4
2027-12-13 11:00:00,2.4,150.0,152.4
2027-12-13 12:00:00,2.6,10.0,12.6
2027-12-13 13:00:00,2.2,133.3,135.5
2027-12-13 14:00:00,3.7,0.0,3.7
2027-12-13 15:00:00,3.2,100.0,103.2
2027-12-13 16:00:00,2.7,125.0,127.7
2027-12-13 17:00:00,2.1,105.0,107.1
2027-12-13 18:00:00,2.9,150.0,152.9
2027-12-13 19:00:00,3.9,150.0,153.9
2027-12-13 20:00:00,2.1,110.0,112.1
2027-12-13 21:00:00,3.4,150.0,153.4
2027-12-13 22:00:00,0.0,128.3,128.3
2027-12-13 23:00:00,0.0,150.0,150.0
2027-12-14 00:00:00,0.0,86.7,86.7
2027-12-14 01:00:00,0.0,0.0,0.0
2027-12-14 02:00:00,0.0,115.0,115.0
2027-12-14 03:00:00,0.0,150.0,150.0
2027-12-14 04:00:00,0.0,150.0,150.0
2027-12-14 05:00:00,2.9,150.0,152.9
2027-12-14 06:00:00,2.6,150.0,152.6
2027-12-14 07:00:00,2.3,150.0,152.3
2027-12-14 08:00:00,3.6,150.0,153.6
2027-12-14 09:00:00,2.3,150.0,152.3
2027-12-14 10:00:00,4.1,111.7,115.8
2027-12-14 11:00:00,3.2,150.0,153.2
2027-12-14 12:00:00,2.5,38.3,40.8
2027-12-14 13:00:00,3.3,88.3,91.6
2027-12-14 14:00:00,2.1,150.0,152.1
2027-12-14 15:00:00,3.0,35.0,38.0
2027-12-14 16:00:00,3.5,150.0,153.5
2027-12-14 17:00:00,3.3,80.0,83.3
2027-12-14 18:00:00,3.3,150.0,153.3
2027-12-14 19:00:00,2.9,150.0,152.9
2027-12-14 20:00:00,3.8,150.0,153.8
2027-12-14 21:00:00,1.5,150.0,151.5
2027-12-14 22:00:00,0.0,150.0,150.0
2027-12-14 23:00:00,0.0,68.3,68.3
2027-12-15 00:00:00,0.0,120.0,120.0
2027-12-15 01:00:00,0.0,45.0,45.0
2027-12-15 02:00:00,0.0,150.0,150.0
2027-12-15 03:00:00,0.0,125.0,125.0
2027-12-15 04:00:00,0.0,150.0,150.0
2027-12-15 05:00:00,3.4,150.0,153.4
2027-12-15 06:00:00,3.0,115.0,118.0
2027-12-15 07:00:00,2.8,136.7,139.5
2027-12-15 08:00:00,4.6,58.3,62.9
2027-12-15 09:00:00,2.2,150.0,152.2
2027-12-15 10:00:00,3.6,131.7,135.3
2027-12-15 11:00:00,2.6,150.0,152.6
2027-12-15 12:00:00,3.8,131.7,135.5
2027-12-15 13:00:00,2.5,0.0,2.5
2027-12-15 14:00:00,3.7,150.0,153.7
2027-12-15 15:00:00,2.6,116.7,119.3
2027-12-15 16:00:00,3.0,85.0,88.0
2027-12-15 17:00:00,3.2,150.0,153.2
2027-12-15 18:00:00,2.9,150.0,152.9
2027-12-15 19:00:00,2.0,90.0,92.0
2027-12-15 20:00:00,3.3,150.0,153.3
2027-12-15 21:00:00,2.3,145.0,147.3
2027-12-15 22:00:00,0.0,16.7,16.7
2027-12-15 23:00:00,0.0,115.0,115.0
2027-12-16 00:00:00,0.0,150.0,150.0
2027-12-16 01:00:00,0.0,150.0,150.0
2027-12-16 02:00:00,0.0,145.0,145.0
2027-12-16 03:00:00,0.0,145.0,145.0
2027-12-16 04:00:00,0.0,43.3,43.3
2027-12-16 05:00:00,3.5,150.0,153.5
2027-12-16 06:00:00,3.6,150.0,153.6
2027-12-16 07:00:00,3.9,150.0,153.9
2027-12-16 08:00:00,2.7,131.7,134.4
2027-12-16 09:00:00,3.3,0.0,3.3
2027-12-16 10:00:00,2.1,150.0,152.1
2027-12-16 11:00:00,3.9,150.0,153.9
2027-12-16 12:00:00,0.9,110.0,110.9
2027-12-16 13:00:00,3.4,106.7,110.1
2027-12-16 14:00:00,2.4,143.3,145.7
2027-12-16 15:00:00,3.0,150.0,153.0
2027-12-16 16:00:00,3.8,80.0,83.8
2027-12-16 17:00:00,2.9,128.3,131.2
2027-12-16 18:00:00,4.2,65.0,69.2
2027-12-16 19:00:00,4.1,150.0,154.1
2027-12-16 20:00:00,4.1,15.0,19.1
2027-12-16 21:00:00,3.0,68.3,71.3
2027-12-16 22:00:00,0.0,150.0,150.0
2027-12-16 23:00:00,0.0,150.0,150.0
2027-12-17 00:00:00,0.0,150.0,150.0
2027-12-17 01:00:00,0.0,150.0,150.0
2027-12-17 02:00:00,0.0,116.7,116.7
2027-12-17 03:00:00,0.0,150.0,150.0
2027-12-17 04:00:00,0.0,150.0,150.0
2027-12-17 05:00:00,2.0,0.0,2.0
2027-12-17 06:00:00,3.3,150.0,153.3
2027-12-17 07:00:00,2.7,36.7,39.4
2027-12-17 08:00:00,2.4,150.0,152.4
2027-12-17 09:00:00,2.9,150.0,152.9
2027-12-17 10:00:00,3.4,150.0,153.4
2027-12-17 11:00:00,2.5,98.3,100.8
2027-12-17 12:00:00,3.4,150.0,153.4
2027-12-17 13:00:00,3.5,8.3,11.8
2027-12-17 14:00:00,2.8,145.0,147.8
2027-12-17 15:00:00,2.6,150.0,152.6
2027-12-17 16:00:00,3.1,113.3,116.4
2027-12-17 17:00:00,2.7,98.3,101.0
2027-12-17 18:00:00,3.7,26.7,30.4
2027-12-17 19:00:00,2.5,150.0,152.5
2027-12-17 20:00:00,2.9,150.0,152.9
2027-12-17 21:00:00,3.3,150.0,153.3
2027-12-17 22:00:00,0.0,141.7,141.7
2027-12-17 23:00:00,0.0,150.0,150.0
2027-12-18 00:00:00,0.0,150.0,150.0
2027-12-18 01:00:00,0.0,150.0,150.0
2027-12-18 02:00:00,0.0,150.0,150.0
2027-12-18 03:00:00,0.0,150.0,150.0
2027-12-18 04:00:00,0.0,150.0,150.0
2027-12-18 05:00:00,3.2,150.0,153.2
2027-12-18 06:00:00,4.0,150.0,154.0
2027-12-18 07:00:00,2.3,150.0,152.3
2027-12-18 08:00:00,1.7,136.7,138.4
2027-12-18 09:00:00,1.9,150.0,151.9
2027-12-18 10:00:00,2.7,66.7,69.4
2027-12-18 11:00:00,2.2,150.0,152.2
2027-12-18 12:00:00,2.6,31.7,34.3
2027-12-18 13:00:00,3.3,150.0,153.3
2027-12-18 14:00:00,4.3,150.0,154.3
2027-12-18 15:00:00,2.1,150.0,152.1
2027-12-18 16:00:00,3.5,85.0,88.5
2027-12-18 17:00:00,2.8,115.0,117.8
2027-12-18 18:00:00,2.8,81.7,84.5
2027-12-18 19:00:00,1.8,150.0,151.8
2027-12-18 20:00:00,3.1,150.0,153.1
2027-12-18 21:00:00,3.5,150.0,153.5
2027-12-18 22:00:00,0.0,100.0,100.0
2027-12-18 23:00:00,0.0,150.0,150.0
2027-12-19 00:00:00,0.0,141.7,141.7
2027-12-19 01:00:00,0.0,150.0,150.0
2027-12-19 02:00:00,0.0,20.0,20.0
2027-12-19 03:00:00,0.0,150.0,150.0
2027-12-19 04:00:00,0.0,55.0,55.0
2027-12-19 05:00:00,3.0,150.0,153.0
2027-12-19 06:00:00,2.1,150.0,152.1
2027-12-19 07:00:00,3.2,150.0,153.2
2027-12-19 08:00:00,3.8,150.0,153.8
2027-12-19 09:00:00,4.2,150.0,154.2
2027-12-19 10:00:00,3.1,106.7,109.8
2027-12-19 11:00:00,2.8,150.0,152.8
2027-12-19 12:00:00,4.2,150.0,154.2
2027-12-19 13:00:00,4.2,150.0,154.2
2027-12-19 14:00:00,3.0,113.3,116.3
2027-12-19 15:00:00,3.3,150.0,153.3
2027-12-19 16:00:00,4.3,0.0,4.3
2027-12-19 17:00:00,2.2,71.7,73.9
2027-12-19 18:00:00,1.6,150.0,151.6
2027-12-19 19:00:00,2.9,106.7,109.6
2027-12-19 20:00:00,3.2,150.0,153.2
2027-12-19 21:00:00,3.3,150.0,153.3
2027-12-19 22:00:00,0.0,61.7,61.7
2027-12-19 23:00:00,0.0,90.0,90.0
2027-12-20 00:00:00,0.0,126.7,126.7
2027-12-20 01:00:00,0.0,150.0,150.0
2027-12-20 02:00:00,0.0,150.0,150.0
2027-12-20 03:00:00,0.0,81.7,81.7
2027-12-20 04:00:00,0.0,41.7,41.7
2027-12-20 05:00:00,2.7,150.0,152.7
2027-12-20 06:00:00,2.7,60.0,62.7
2027-12-20 07:00:00,3.0,150.0,153.0
2027-12-20 08:00:00,3.7,150.0,153.7
2027-12-20 09:00:00,3.5,40.0,43.5
2027-12-20 10:00:00,3.4,150.0,153.4
2027-12-20 11:00:00,4.0,150.0,154.0
2027-12-20 12:00:00,2.0,150.0,152.0
2027-12-20 13:00:00,3.3,126.7,130.0
2027-12-20 14:00:00,2.8,66.7,69.5
2027-12-20 15:00:00,3.3,148.3,151.6
2027-12-20 16:00:00,3.0,116.7,119.7
2027-12-20 17:00:00,3.2,150.0,153.2
2027-12-20 18:00:00,4.0,150.0,154.0
2027-12-20 19:00:00,2.4,150.0,152.4
2027-12-20 20:00:00,2.6,95.0,97.6
2027-12-20 21:00:00,4.0,150.0,154.0
2027-12-20 22:00:00,0.0,146.7,146.7
2027-12-20 23:00:00,0.0,150.0,150.0
2027-12-21 00:00:00,0.0,150.0,150.0
2027-12-21 01:00:00,0.0,106.7,106.7
2027-12-21 02:00:00,0.0,150.0,150.0
2027-12-21 03:00:00,0.0,150.0,150.0
2027-12-21 04:00:00,0.0,116.7,116.7
2027-12-21 05:00:00,2.3,133.3,135.6
2027-12-21 06:00:00,3.2,136.7,139.9
2027-12-21 07:00:00,3.0,150.0,153.0
2027-12-21 08:00:00,2.5,150.0,152.5
2027-12-21 09:00:00,2.2,150.0,152.2
2027-12-21 10:00:00,3.3,43.3,46.6
2027-12-21 11:00:00,2.3,148.3,150.6
2027-12-21 12:00:00,2.7,113.3,116.0
2027-12-21 13:00:00,1.9,18.3,20.2
2027-12-21 14:00:00,3.2,118.3,121.5
2027-12-21 15:00:00,2.8,150.0,152.8
2027-12-21 16:00:00,4.9,150.0,154.9
2027-12-21 17:00:00,3.0,150.0,153.0
2027-12-21 18:00:00,3.3,0.0,3.3
2027-12-21 19:00:00,3.2,150.0,153.2
2027-12-21 20:00:00,2.7,141.7,144.4
2027-12-21 21:00:00,3.4,125.0,128.4
2027-12-21 22:00:00,0.0,138.3,138.3
2027-12-21 23:00:00,0.0,118.3,118.3
2027-12-22 00:00:00,0.0,86.7,86.7
2027-12-22 01:00:00,0.0,58.3,58.3
2027-12-22 02:00:00,0.0,131.7,131.7
2027-12-22 03:00:00,0.0,150.0,150.0
2027-12-22 04:00:00,0.0,86.7,86.7
2027-12-22 05:00:00,3.8,150.0,153.8
2027-12-22 06:00:00,1.9,95.0,96.9
2027-12-22 07:00:00,2.6,0.0,2.6
2027-12-22 08:00:00,2.6,35.0,37.6
2027-12-22 09:00:00,3.1,133.3,136.4
2027-12-22 10:00:00,3.8,145.0,148.8
2027-12-22 11:00:00,2.6,0.0,2.6
2027-12-22 12:00:00,2.4,150.0,152.4
2027-12-22 13:00:00,2.5,150.0,152.5
2027-12-22 14:00:00,4.3,145.0,149.3
2027-12-22 15:00:00,3.7,150.0,153.7
2027-12-22 16:00:00,2.6,61.7,64.3
2027-12-22 17:00:00,2.3,0.0,2.3
2027-12-22 18:00:00,2.1,150.0,152.1
2027-12-22 19:00:00,2.2,60.0,62.2
2027-12-22 20:00:00,2.8,150.0,152.8
2027-12-22 21:00:00,2.7,150.0,152.7
2027-12-22 22:00:00,0.0,150.0,150.0
2027-12-22 23:00:00,0.0,150.0,150.0
2027-12-23 00:00:00,0.0,81.7,81.7
2027-12-23 01:00:00,0.0,53.3,53.3
2027-12-23 02:00:00,0.0,10.0,10.0
2027-12-23 03:00:00,0.0,76.7,76.7
2027-12-23 04:00:00,0.0,150.0,150.0
2027-12-23 05:00:00,4.0,65.0,69.0
2027-12-23 06:00:00,2.1,150.0,152.1
2027-12-23 07:00:00,4.9,150.0,154.9
2027-12-23 08:00:00,3.1,150.0,153.1
2027-12-23 09:00:00,1.7,98.3,100.0
2027-12-23 10:00:00,2.7,150.0,152.7
2027-12-23 11:00:00,3.3,150.0,153.3
2027-12-23 12:00:00,3.8,141.7,145.5
2027-12-23 13:00:00,2.7,0.0,2.7
2027-12-23 14:00:00,2.3,60.0,62.3
2027-12-23 15:00:00,1.9,150.0,151.9
2027-12-23 16:00:00,3.3,150.0,153.3
2027-12-23 17:00:00,1.7,125.0,126.7
2027-12-23 18:00:00,4.2,30.0,34.2
2027-12-23 19:00:00,3.0,150.0,153.0
2027-12-23 20:00:00,3.2,0.0,3.2
2027-12-23 21:00:00,3.3,150.0,153.3
2027-12-23 22:00:00,0.0,135.0,135.0
2027-12-23 23:00:00,0.0,150.0,150.0
2027-12-24 00:00:00,0.0,103.3,103.3
2027-12-24 01:00:00,0.0,150.0,150.0
2027-12-24 02:00:00,0.0,150.0,150.0
2027-12-24 03:00:00,0.0,150.0,150.0
2027-12-24 04:00:00,0.0,150.0,150.0
2027-12-24 05:00:00,2.7,150.0,152.7
2027-12-24 06:00:00,2.8,150.0,152.8
2027-12-24 07:00:00,4.0,150.0,154.0
2027-12-24 08:00:00,3.0,130.0,133.0
2027-12-24 09:00:00,2.3,68.3,70.6
2027-12-24 10:00:00,3.7,150.0,153.7
2027-12-24 11:00:00,3.1,121.7,124.8
2027-12-24 12:00:00,3.4,111.7,115.1
2027-12-24 13:00:00,3.1,83.3,86.4
2027-12-24 14:00:00,2.8,150.0,152.8
2027-12-24 15:00:00,1.8,150.0,151.8
2027-12-24 16:00:00,2.3,150.0,152.3
2027-12-24 17:00:00,1.3,150.0,151.3
2027-12-24 18:00:00,1.1,150.0,151.1
2027-12-24 19:00:00,2.5,58.3,60.8
2027-12-24 20:00:00,3.3,135.0,138.3
2027-12-24 21:00:00,2.0,150.0,152.0
2027-12-24 22:00:00,0.0,116.7,116.7
2027-12-24 23:00:00,0.0,125.0,125.0
2027-12-25 00:00:00,0.0,150.0,150.0
2027-12-25 01:00:00,0.0,115.0,115.0
2027-12-25 02:00:00,0.0,103.3,103.3
2027-12-25 03:00:00,0.0,108.3,108.3
2027-12-25 04:00:00,0.0,105.0,105.0
2027-12-25 05:00:00,4.6,0.0,4.6
2027-12-25 06:00:00,1.1,90.0,91.1
2027-12-25 07:00:00,2.7,150.0,152.7
2027-12-25 08:00:00,1.9,70.0,71.9
2027-12-25 09:00:00,3.1,150.0,153.1
2027-12-25 10:00:00,2.8,150.0,152.8
2027-12-25 11:00:00,1.9,150.0,151.9
2027-12-25 12:00:00,1.8,150.0,151.8
2027-12-25 13:00:00,3.5,150.0,153.5
2027-12-25 14:00:00,4.2,150.0,154.2
2027-12-25 15:00:00,4.1,150.0,154.1
2027-12-25 16:00:00,3.7,150.0,153.7
2027-12-25 17:00:00,3.7,76.7,80.4
2027-12-25 18:00:00,2.7,90.0,92.7
2027-12-25 19:00:00,3.0,150.0,153.0
2027-12-25 20:00:00,2.8,86.7,89.5
2027-12-25 21:00:00,3.2,90.0,93.2
2027-12-25 22:00:00,0.0,150.0,150.0
2027-12-25 23:00:00,0.0,150.0,150.0
2027-12-26 00:00:00,0.0,150.0,150.0
2027-12-26 01:00:00,0.0,150.0,150.0
2027-12-26 02:00:00,0.0,150.0,150.0
2027-12-26 03:00:00,0.0,98.3,98.3
2027-12-26 04:00:00,0.0,76.7,76.7
2027-12-26 05:00:00,3.2,150.0,153.2
2027-12-26 06:00:00,2.0,150.0,152.0
2027-12-26 07:00:00,3.9,150.0,153.9
2027-12-26 08:00:00,2.6,150.0,152.6
2027-12-26 09:00:00,1.6,108.3,109.9
2027-12-26 10:00:00,2.8,118.3,121.1
2027-12-26 11:00:00,2.1,150.0,152.1
2027-12-26 12:00:00,3.0,103.3,106.3
2027-12-26 13:00:00,3.8,131.7,135.5
2027-12-26 14:00:00,2.2,150.0,152.2
2027-12-26 15:00:00,4.3,150.0,154.3
2027-12-26 16:00:00,3.3,71.7,75.0
2027-12-26 17:00:00,4.0,103.3,107.3
2027-12-26 18:00:00,2.3,150.0,152.3
2027-12-26 19:00:00,3.4,150.0,153.4
2027-12-26 20:00:00,2.4,150.0,152.4
2027-12-26 21:00:00,3.2,150.0,153.2
2027-12-26 22:00:00,0.0,80.0,80.0
2027-12-26 23:00:00,0.0,146.7,146.7
2027-12-27 00:00:00,0.0,141.7,141.7
2027-12-27 01:00:00,0.0,150.0,150.0
2027-12-27 02:00:00,0.0,150.0,150.0
2027-12-27 03:00:00,0.0,150.0,150.0
2027-12-27 04:00:00,0.0,73.3,73.3
2027-12-27 05:00:00,2.7,91.7,94.4
2027-12-27 06:00:00,4.1,150.0,154.1
2027-12-27 07:00:00,3.4,150.0,153.4
2027-12-27 08:00:00,2.1,63.3,65.4
2027-12-27 09:00:00,3.3,150.0,153.3
2027-12-27 10:00:00,2.9,150.0,152.9
2027-12-27 11:00:00,3.8,6.7,10.5
2027-12-27 12:00:00,1.9,150.0,151.9
2027-12-27 13:00:00,2.4,150.0,152.4
2027-12-27 14:00:00,4.3,150.0,154.3
2027-12-27 15:00:00,4.0,150.0,154.0
2027-12-27 16:00:00,3.5,150.0,153.5
2027-12-27 17:00:00,2.7,150.0,152.7
2027-12-27 18:00:00,4.1,150.0,154.1
2027-12-27 19:00:00,3.0,150.0,153.0
2027-12-27 20:00:00,2.0,76.7,78.7
2027-12-27 21:00:00,2.3,150.0,152.3
2027-12-27 22:00:00,0.0,108.3,108.3
2027-12-27 23:00:00,0.0,0.0,0.0
2027-12-28 00:00:00,0.0,150.0,150.0
2027-12-28 01:00:00,0.0,150.0,150.0
2027-12-28 02:00:00,0.0,150.0,150.0
2027-12-28 03:00:00,0.0,40.0,40.0
2027-12-28 04:00:00,0.0,0.0,0.0
2027-12-28 05:00:00,3.9,150.0,153.9
2027-12-28 06:00:00,3.6,123.3,126.9
2027-12-28 07:00:00,3.5,6.7,10.2
2027-12-28 08:00:00,2.6,103.3,105.9
2027-12-28 09:00:00,4.1,150.0,154.1
2027-12-28 10:00:00,3.7,150.0,153.7
2027-12-28 11:00:00,3.1,0.0,3.1
2027-12-28 12:00:00,3.7,150.0,153.7
2027-12-28 13:00:00,2.9,128.3,131.2
2027-12-28 14:00:00,2.7,150.0,152.7
2027-12-28 15:00:00,4.1,150.0,154.1
2027-12-28 16:00:00,3.0,150.0,153.0
2027-12-28 17:00:00,2.6,150.0,152.6
2027-12-28 18:00:00,3.3,111.7,115.0
2027-12-28 19:00:00,3.2,106.7,109.9
2027-12-28 20:00:00,3.2,98.3,101.5
2027-12-28 21:00:00,3.4,50.0,53.4
2027-12-28 22:00:00,0.0,150.0,150.0
2027-12-28 23:00:00,0.0,115.0,115.0
2027-12-29 00:00:00,0.0,128.3,128.3
2027-12-29 01:00:00,0.0,106.7,106.7
2027-12-29 02:00:00,0.0,150.0,150.0
2027-12-29 03:00:00,0.0,148.3,148.3
2027-12-29 04:00:00,0.0,140.0,140.0
2027-12-29 05:00:00,2.9,150.0,152.9
2027-12-29 06:00:00,2.3,150.0,152.3
2027-12-29 07:00:00,4.1,68.3,72.4
2027-12-29 08:00:00,3.3,150.0,153.3
2027-12-29 09:00:00,2.5,101.7,104.2
2027-12-29 10:00:00,3.3,150.0,153.3
2027-12-29 11:00:00,2.1,126.7,128.8
2027-12-29 12:00:00,1.3,150.0,151.3
2027-12-29 13:00:00,3.3,26.7,30.0
2027-12-29 14:00:00,1.9,66.7,68.6
2027-12-29 15:00:00,2.5,150.0,152.5
2027-12-29 16:00:00,4.0,98.3,102.3
2027-12-29 17:00:00,4.9,150.0,154.9
2027-12-29 18:00:00,3.6,150.0,153.6
2027-12-29 19:00:00,2.3,150.0,152.3
2027-12-29 20:00:00,2.8,118.3,121.1
2027-12-29 21:00:00,2.9,150.0,152.9
2027-12-29 22:00:00,0.0,150.0,150.0
2027-12-29 23:00:00,0.0,55.0,55.0
2027-12-30 00:00:00,0.0,150.0,150.0
2027-12-30 01:00:00,0.0,121.7,121.7
2027-12-30 02:00:00,0.0,108.3,108.3
2027-12-30 03:00:00,0.0,125.0,125.0
2027-12-30 04:00:00,0.0,50.0,50.0
2027-12-30 05:00:00,2.9,150.0,152.9
2027-12-30 06:00:00,2.6,150.0,152.6
2027-12-30 07:00:00,2.2,121.7,123.9
2027-12-30 08:00:00,3.4,131.7,135.1
2027-12-30 09:00:00,3.6,78.3,81.9
2027-12-30 10:00:00,2.6,95.0,97.6
2027-12-30 11:00:00,4.3,150.0,154.3
2027-12-30 12:00:00,3.0,50.0,53.0
2027-12-30 13:00:00,4.6,150.0,154.6
2027-12-30 14:00:00,1.9,150.0,151.9
2027-12-30 15:00:00,1.9,150.0,151.9
2027-12-30 16:00:00,3.0,0.0,3.0
2027-12-30 17:00:00,2.6,73.3,75.9
2027-12-30 18:00:00,3.2,115.0,118.2
2027-12-30 19:00:00,3.2,150.0,153.2
2027-12-30 20:00:00,2.9,121.7,124.6
2027-12-30 21:00:00,3.1,150.0,153.1
2027-12-30 22:00:00,0.0,150.0,150.0
2027-12-30 23:00:00,0.0,150.0,150.0
2027-12-31 00:00:00,0.0,85.0,85.0
2027-12-31 01:00:00,0.0,150.0,150.0
2027-12-31 02:00:00,0.0,145.0,145.0
2027-12-31 03:00:00,0.0,150.0,150.0
2027-12-31 04:00:00,0.0,130.0,130.0
2027-12-31 05:00:00,2.1,0.0,2.1
2027-12-31 06:00:00,4.1,53.3,57.4
2027-12-31 07:00:00,2.2,150.0,152.2
2027-12-31 08:00:00,4.1,150.0,154.1
2027-12-31 09:00:00,3.3,150.0,153.3
2027-12-31 10:00:00,2.6,140.0,142.6
2027-12-31 11:00:00,2.1,55.0,57.1
2027-12-31 12:00:00,3.7,86.7,90.4
2027-12-31 13:00:00,1.9,150.0,151.9
2027-12-31 14:00:00,3.0,150.0,153.0
2027-12-31 15:00:00,3.7,150.0,153.7
2027-12-31 16:00:00,1.4,93.3,94.7
2027-12-31 17:00:00,2.2,150.0,152.2
2027-12-31 18:00:00,2.6,150.0,152.6
2027-12-31 19:00:00,3.3,150.0,153.3
2027-12-31 20:00:00,2.6,150.0,152.6
2027-12-31 21:00:00,3.3,150.0,153.3
2027-12-31 22:00:00,0.0,126.7,126.7
2027-12-31 23:00:00,0.0,150.0,150.0
