timestamp,total_load_kw,heating_load_kw,critical_load_kw,noncritical_load_kw,occupancy
2026-01-01 00:00:00,196.6,180.2,81.8,114.8,40
2026-01-01 01:00:00,199.0,184.2,80.6,118.4,44
2026-01-01 02:00:00,204.8,184.4,81.8,123.0,49
2026-01-01 03:00:00,200.9,184.2,78.7,122.2,53
2026-01-01 04:00:00,203.3,187.2,80.9,122.4,49
2026-01-01 05:00:00,196.4,179.8,80.3,116.1,43
2026-01-01 06:00:00,203.8,184.4,80.9,122.9,53
2026-01-01 07:00:00,209.8,179.6,79.8,130.0,56
2026-01-01 08:00:00,209.2,182.2,80.4,128.8,59
2026-01-01 09:00:00,208.3,183.6,84.4,123.9,41
2026-01-01 10:00:00,207.9,170.4,79.2,128.7,54
2026-01-01 11:00:00,197.0,170.4,78.8,118.2,52
2026-01-01 12:00:00,197.6,175.8,78.7,118.9,41
2026-01-01 13:00:00,204.9,192.2,79.5,125.4,40
2026-01-01 14:00:00,206.5,186.2,82.7,123.8,40
2026-01-01 15:00:00,201.8,172.6,78.6,123.2,54
2026-01-01 16:00:00,212.3,177.6,85.9,126.4,50
2026-01-01 17:00:00,220.4,172.4,80.0,140.4,57
2026-01-01 18:00:00,204.1,183.8,77.8,126.3,51
2026-01-01 19:00:00,211.5,185.6,79.5,132.0,55
2026-01-01 20:00:00,201.8,190.0,77.7,124.1,53
2026-01-01 21:00:00,196.6,173.4,80.9,115.7,43
2026-01-01 22:00:00,194.2,181.8,79.8,114.4,46
2026-01-01 23:00:00,204.8,176.0,79.7,125.1,40
2026-01-02 00:00:00,201.4,185.8,78.9,122.5,40
2026-01-02 01:00:00,214.5,183.4,81.1,133.4,58
2026-01-02 02:00:00,196.1,182.4,80.2,115.9,42
2026-01-02 03:00:00,200.9,184.8,82.9,118.0,46
2026-01-02 04:00:00,202.1,174.0,81.2,120.9,52
2026-01-02 05:00:00,203.8,172.8,80.2,123.6,40
2026-01-02 06:00:00,207.9,174.4,78.4,129.5,50
2026-01-02 07:00:00,204.2,181.2,78.5,125.7,45
2026-01-02 08:00:00,224.1,180.2,84.1,140.0,55
2026-01-02 09:00:00,206.5,187.0,80.9,125.6,45
2026-01-02 10:00:00,203.3,173.4,78.5,124.8,41
2026-01-02 11:00:00,214.6,178.8,79.2,135.4,59
2026-01-02 12:00:00,205.0,180.4,78.4,126.6,40
2026-01-02 13:00:00,209.4,169.6,82.5,126.9,57
2026-01-02 14:00:00,204.9,186.0,78.2,126.7,51
2026-01-02 15:00:00,206.1,179.0,80.5,125.6,48
2026-01-02 16:00:00,205.8,180.8,80.1,125.7,40
2026-01-02 17:00:00,198.5,182.4,79.0,119.5,51
2026-01-02 18:00:00,206.0,184.0,81.6,124.4,49
2026-01-02 19:00:00,202.2,170.8,80.7,121.5,45
2026-01-02 20:00:00,194.7,182.6,77.2,117.5,43
2026-01-02 21:00:00,214.8,176.0,82.2,132.6,53
2026-01-02 22:00:00,216.5,182.6,83.1,133.4,49
2026-01-02 23:00:00,205.8,179.4,80.4,125.4,51
2026-01-03 00:00:00,202.4,175.0,79.5,122.9,48
2026-01-03 01:00:00,204.7,177.8,78.9,125.8,53
2026-01-03 02:00:00,211.6,184.2,80.6,131.0,55
2026-01-03 03:00:00,205.1,176.4,81.0,124.1,54
2026-01-03 04:00:00,210.3,183.2,83.0,127.3,58
2026-01-03 05:00:00,205.6,179.6,78.6,127.0,49
2026-01-03 06:00:00,201.7,179.6,76.4,125.3,50
2026-01-03 07:00:00,202.5,184.6,79.9,122.6,45
2026-01-03 08:00:00,203.4,181.6,79.1,124.3,49
2026-01-03 09:00:00,199.2,178.8,78.0,121.2,47
2026-01-03 10:00:00,195.6,188.4,78.5,117.1,46
2026-01-03 11:00:00,210.9,178.0,77.5,133.4,53
2026-01-03 12:00:00,214.7,177.6,81.3,133.4,54
2026-01-03 13:00:00,209.9,174.0,78.5,131.4,52
2026-01-03 14:00:00,212.2,178.4,80.3,131.9,56
2026-01-03 15:00:00,189.5,190.0,76.8,112.7,43
2026-01-03 16:00:00,203.5,182.8,81.9,121.6,42
2026-01-03 17:00:00,201.5,175.8,80.2,121.3,48
2026-01-03 18:00:00,200.3,172.0,81.0,119.3,46
2026-01-03 19:00:00,199.9,183.6,77.7,122.2,48
2026-01-03 20:00:00,204.9,179.8,81.0,123.9,48
2026-01-03 21:00:00,213.3,180.4,77.4,135.9,57
2026-01-03 22:00:00,195.7,178.8,75.8,119.9,43
2026-01-03 23:00:00,204.9,176.4,77.7,127.2,47
2026-01-04 00:00:00,205.4,183.0,81.9,123.5,49
2026-01-04 01:00:00,204.5,190.8,80.5,124.0,52
2026-01-04 02:00:00,196.3,181.4,77.8,118.5,40
2026-01-04 03:00:00,207.3,179.4,77.0,130.3,59
2026-01-04 04:00:00,196.5,187.0,80.3,116.2,44
2026-01-04 05:00:00,200.2,178.4,81.5,118.7,41
2026-01-04 06:00:00,186.1,189.4,78.0,108.1,44
2026-01-04 07:00:00,216.9,183.2,82.3,134.6,50
2026-01-04 08:00:00,195.4,182.4,81.9,113.5,41
2026-01-04 09:00:00,205.4,180.2,84.1,121.3,42
2026-01-04 10:00:00,201.2,181.8,79.8,121.4,48
2026-01-04 11:00:00,209.8,178.4,78.2,131.6,49
2026-01-04 12:00:00,196.4,182.8,78.4,118.0,42
2026-01-04 13:00:00,211.8,174.2,80.7,131.1,55
2026-01-04 14:00:00,211.3,179.2,78.1,133.2,55
2026-01-04 15:00:00,200.4,180.4,82.1,118.3,42
2026-01-04 16:00:00,208.5,184.8,81.1,127.4,49
2026-01-04 17:00:00,208.0,175.6,79.8,128.2,58
2026-01-04 18:00:00,198.4,186.4,82.2,116.2,44
2026-01-04 19:00:00,205.1,170.6,78.6,126.5,42
2026-01-04 20:00:00,208.0,174.4,80.7,127.3,51
2026-01-04 21:00:00,214.5,184.2,81.2,133.3,55
2026-01-04 22:00:00,206.3,179.2,79.8,126.5,47
2026-01-04 23:00:00,219.7,174.8,79.3,140.4,55
2026-01-05 00:00:00,209.8,178.6,78.3,131.5,46
2026-01-05 01:00:00,205.6,184.8,77.6,128.0,42
2026-01-05 02:00:00,210.8,172.8,78.8,132.0,54
2026-01-05 03:00:00,219.0,182.6,81.5,137.5,58
2026-01-05 04:00:00,208.0,182.2,83.7,124.3,50
2026-01-05 05:00:00,203.0,173.6,77.9,125.1,44
2026-01-05 06:00:00,191.8,178.6,77.4,114.4,41
2026-01-05 07:00:00,203.4,184.2,81.1,122.3,42
2026-01-05 08:00:00,201.2,186.2,80.0,121.2,43
2026-01-05 09:00:00,203.8,178.4,79.6,124.2,40
2026-01-05 10:00:00,208.8,171.2,77.9,130.9,51
2026-01-05 11:00:00,209.8,183.4,83.1,126.7,59
2026-01-05 12:00:00,200.6,176.2,80.4,120.2,50
2026-01-05 13:00:00,200.0,183.8,81.3,118.7,46
2026-01-05 14:00:00,208.2,177.6,82.0,126.2,49
2026-01-05 15:00:00,214.3,182.6,84.1,130.2,55
2026-01-05 16:00:00,207.4,185.2,76.3,131.1,42
2026-01-05 17:00:00,193.9,181.0,78.8,115.1,46
2026-01-05 18:00:00,197.2,182.6,81.4,115.8,44
2026-01-05 19:00:00,199.6,169.4,81.4,118.2,40
2026-01-05 20:00:00,207.4,190.8,79.8,127.6,52
2026-01-05 21:00:00,205.1,183.4,80.6,124.5,48
2026-01-05 22:00:00,196.9,189.2,81.1,115.8,45
2026-01-05 23:00:00,207.2,176.2,79.6,127.6,46
2026-01-06 00:00:00,210.7,183.8,83.2,127.5,55
2026-01-06 01:00:00,202.2,170.8,79.5,122.7,54
2026-01-06 02:00:00,206.1,177.2,81.9,124.2,45
2026-01-06 03:00:00,208.1,177.6,80.0,128.1,52
2026-01-06 04:00:00,200.1,179.8,79.0,121.1,40
2026-01-06 05:00:00,209.8,174.6,79.7,130.1,53
2026-01-06 06:00:00,203.2,181.8,77.4,125.8,45
2026-01-06 07:00:00,192.4,174.8,77.4,115.0,44
2026-01-06 08:00:00,207.4,179.4,83.2,124.2,45
2026-01-06 09:00:00,204.3,168.2,82.4,121.9,58
2026-01-06 10:00:00,204.5,189.2,79.9,124.6,59
2026-01-06 11:00:00,204.4,179.4,78.7,125.7,52
2026-01-06 12:00:00,199.6,173.2,82.6,117.0,49
2026-01-06 13:00:00,197.6,181.0,78.4,119.2,57
2026-01-06 14:00:00,208.0,181.0,82.0,126.0,54
2026-01-06 15:00:00,213.2,180.6,81.6,131.6,59
2026-01-06 16:00:00,214.2,170.8,87.0,127.2,47
2026-01-06 17:00:00,201.3,185.4,82.1,119.2,50
2026-01-06 18:00:00,204.1,183.0,79.6,124.5,47
2026-01-06 19:00:00,212.9,179.6,80.9,132.0,59
2026-01-06 20:00:00,209.1,184.4,77.1,132.0,55
2026-01-06 21:00:00,210.7,174.8,81.1,129.6,47
2026-01-06 22:00:00,207.3,176.2,80.7,126.6,57
2026-01-06 23:00:00,202.7,177.6,78.9,123.8,54
2026-01-07 00:00:00,213.9,176.0,80.0,133.9,58
2026-01-07 01:00:00,200.5,182.4,80.8,119.7,40
2026-01-07 02:00:00,198.5,169.8,78.2,120.3,48
2026-01-07 03:00:00,198.5,180.6,78.0,120.5,51
2026-01-07 04:00:00,194.8,183.4,76.9,117.9,56
2026-01-07 05:00:00,199.0,180.2,80.5,118.5,45
2026-01-07 06:00:00,207.4,190.8,77.1,130.3,41
2026-01-07 07:00:00,210.8,179.4,78.9,131.9,55
2026-01-07 08:00:00,201.3,178.8,80.1,121.2,58
2026-01-07 09:00:00,206.1,192.6,79.7,126.4,44
2026-01-07 10:00:00,207.1,189.6,80.0,127.1,45
2026-01-07 11:00:00,200.0,165.6,79.3,120.7,48
2026-01-07 12:00:00,206.8,176.4,81.7,125.1,48
2026-01-07 13:00:00,209.4,181.6,80.8,128.6,51
2026-01-07 14:00:00,210.6,184.4,79.6,131.0,43
2026-01-07 15:00:00,198.2,182.4,79.4,118.8,56
2026-01-07 16:00:00,202.0,174.2,81.5,120.5,45
2026-01-07 17:00:00,207.2,182.6,81.3,125.9,55
2026-01-07 18:00:00,209.7,174.4,80.9,128.8,58
2026-01-07 19:00:00,204.8,172.0,81.4,123.4,54
2026-01-07 20:00:00,206.9,181.6,82.8,124.1,50
2026-01-07 21:00:00,198.0,177.6,81.5,116.5,41
2026-01-07 22:00:00,201.5,184.8,78.6,122.9,56
2026-01-07 23:00:00,207.6,179.0,81.2,126.4,43
2026-01-08 00:00:00,206.0,185.6,82.2,123.8,57
2026-01-08 01:00:00,216.4,175.4,82.8,133.6,59
2026-01-08 02:00:00,205.2,184.2,82.1,123.1,58
2026-01-08 03:00:00,210.0,178.6,84.0,126.0,47
2026-01-08 04:00:00,202.4,193.0,81.0,121.4,44
2026-01-08 05:00:00,205.2,184.6,78.4,126.8,53
2026-01-08 06:00:00,207.0,179.8,81.3,125.7,46
2026-01-08 07:00:00,207.0,187.6,77.5,129.5,55
2026-01-08 08:00:00,203.0,174.8,80.0,123.0,57
2026-01-08 09:00:00,200.1,174.8,79.5,120.6,50
2026-01-08 10:00:00,206.1,191.4,79.3,126.8,55
2026-01-08 11:00:00,210.5,186.6,80.7,129.8,52
2026-01-08 12:00:00,201.7,176.8,78.0,123.7,48
2026-01-08 13:00:00,212.2,180.2,80.1,132.1,59
2026-01-08 14:00:00,213.8,185.0,82.7,131.1,54
2026-01-08 15:00:00,206.9,188.0,79.5,127.4,49
2026-01-08 16:00:00,207.8,183.2,85.0,122.8,42
2026-01-08 17:00:00,208.6,182.6,80.8,127.8,43
2026-01-08 18:00:00,202.7,185.0,84.3,118.4,51
2026-01-08 19:00:00,215.9,187.6,80.9,135.0,44
2026-01-08 20:00:00,200.0,190.8,81.7,118.3,46
2026-01-08 21:00:00,204.2,181.4,82.5,121.7,50
2026-01-08 22:00:00,203.7,169.8,79.2,124.5,45
2026-01-08 23:00:00,207.0,182.6,81.4,125.6,49
2026-01-09 00:00:00,208.4,186.0,80.0,128.4,58
2026-01-09 01:00:00,202.3,176.8,76.9,125.4,42
2026-01-09 02:00:00,193.4,186.0,77.4,116.0,49
2026-01-09 03:00:00,208.3,170.4,81.2,127.1,56
2026-01-09 04:00:00,214.2,183.6,81.7,132.5,59
2026-01-09 05:00:00,205.3,178.2,82.7,122.6,53
2026-01-09 06:00:00,207.8,184.8,79.7,128.1,54
2026-01-09 07:00:00,206.3,177.2,80.6,125.7,48
2026-01-09 08:00:00,201.5,177.2,81.9,119.6,40
2026-01-09 09:00:00,200.7,170.2,80.7,120.0,41
2026-01-09 10:00:00,206.0,184.4,77.4,128.6,57
2026-01-09 11:00:00,208.0,192.4,77.7,130.3,46
2026-01-09 12:00:00,209.6,177.6,78.4,131.2,46
2026-01-09 13:00:00,206.7,189.8,78.0,128.7,53
2026-01-09 14:00:00,195.9,178.2,80.9,115.0,40
2026-01-09 15:00:00,193.1,178.8,77.4,115.7,40
2026-01-09 16:00:00,210.4,178.2,78.4,132.0,53
2026-01-09 17:00:00,201.4,183.4,81.6,119.8,44
2026-01-09 18:00:00,202.7,177.6,81.3,121.4,45
2026-01-09 19:00:00,208.7,181.4,80.7,128.0,45
2026-01-09 20:00:00,203.1,178.0,80.2,122.9,56
2026-01-09 21:00:00,197.5,171.4,80.6,116.9,42
2026-01-09 22:00:00,204.0,175.6,80.6,123.4,46
2026-01-09 23:00:00,202.6,176.6,77.7,124.9,56
2026-01-10 00:00:00,214.9,171.2,82.3,132.6,53
2026-01-10 01:00:00,220.0,173.4,80.2,139.8,48
2026-01-10 02:00:00,203.6,167.8,80.4,123.2,46
2026-01-10 03:00:00,199.7,175.4,78.7,121.0,52
2026-01-10 04:00:00,215.1,184.6,80.4,134.7,59
2026-01-10 05:00:00,207.4,179.6,81.4,126.0,49
2026-01-10 06:00:00,199.2,178.6,82.6,116.6,46
2026-01-10 07:00:00,208.1,175.4,83.4,124.7,55
2026-01-10 08:00:00,202.2,175.0,81.1,121.1,47
2026-01-10 09:00:00,199.9,186.0,77.0,122.9,45
2026-01-10 10:00:00,209.5,178.0,79.9,129.6,59
2026-01-10 11:00:00,208.4,172.4,81.1,127.3,43
2026-01-10 12:00:00,198.2,181.2,79.0,119.2,45
2026-01-10 13:00:00,203.7,179.8,79.9,123.8,46
2026-01-10 14:00:00,206.4,177.2,81.9,124.5,55
2026-01-10 15:00:00,210.9,183.0,79.3,131.6,55
2026-01-10 16:00:00,203.4,184.8,79.9,123.5,59
2026-01-10 17:00:00,204.8,190.0,77.9,126.9,48
2026-01-10 18:00:00,200.7,175.0,78.4,122.3,46
2026-01-10 19:00:00,207.9,185.4,79.0,128.9,56
2026-01-10 20:00:00,212.3,193.4,78.6,133.7,47
2026-01-10 21:00:00,207.9,187.0,77.3,130.6,48
2026-01-10 22:00:00,207.7,176.0,78.9,128.8,57
2026-01-10 23:00:00,210.5,182.2,82.1,128.4,55
2026-01-11 00:00:00,216.6,178.8,83.3,133.3,59
2026-01-11 01:00:00,206.3,181.6,76.5,129.8,48
2026-01-11 02:00:00,213.9,163.2,82.6,131.3,47
2026-01-11 03:00:00,201.3,172.6,75.1,126.2,54
2026-01-11 04:00:00,203.0,168.6,79.9,123.1,56
2026-01-11 05:00:00,204.8,176.0,79.1,125.7,46
2026-01-11 06:00:00,199.9,175.0,81.0,118.9,51
2026-01-11 07:00:00,206.6,178.6,78.1,128.5,58
2026-01-11 08:00:00,200.0,181.2,83.8,116.2,42
2026-01-11 09:00:00,213.5,185.0,79.5,134.0,59
2026-01-11 10:00:00,210.2,183.8,82.2,128.0,48
2026-01-11 11:00:00,195.0,180.8,79.5,115.5,40
2026-01-11 12:00:00,200.8,192.6,81.5,119.3,48
2026-01-11 13:00:00,206.2,188.0,77.6,128.6,50
2026-01-11 14:00:00,208.3,184.2,80.7,127.6,49
2026-01-11 15:00:00,209.5,176.0,84.2,125.3,42
2026-01-11 16:00:00,197.2,173.0,81.7,115.5,50
2026-01-11 17:00:00,200.1,181.2,78.3,121.8,43
2026-01-11 18:00:00,199.5,177.8,79.2,120.3,52
2026-01-11 19:00:00,218.7,170.2,82.9,135.8,56
2026-01-11 20:00:00,208.7,182.6,82.3,126.4,49
2026-01-11 21:00:00,199.1,182.2,79.0,120.1,43
2026-01-11 22:00:00,205.4,170.6,81.3,124.1,51
2026-01-11 23:00:00,205.5,165.4,78.3,127.2,51
2026-01-12 00:00:00,199.5,182.8,78.9,120.6,46
2026-01-12 01:00:00,207.3,183.2,82.3,125.0,51
2026-01-12 02:00:00,202.0,181.2,78.4,123.6,50
2026-01-12 03:00:00,199.0,174.4,80.3,118.7,44
2026-01-12 04:00:00,204.4,179.2,79.6,124.8,44
2026-01-12 05:00:00,203.0,190.2,82.5,120.5,40
2026-01-12 06:00:00,210.3,189.2,77.6,132.7,46
2026-01-12 07:00:00,204.3,185.0,80.2,124.1,59
2026-01-12 08:00:00,204.3,186.6,79.9,124.4,41
2026-01-12 09:00:00,194.3,175.4,78.3,116.0,44
2026-01-12 10:00:00,196.2,175.8,82.7,113.5,42
2026-01-12 11:00:00,203.1,184.2,82.1,121.0,59
2026-01-12 12:00:00,206.0,183.2,80.8,125.2,43
2026-01-12 13:00:00,209.2,185.6,80.2,129.0,45
2026-01-12 14:00:00,212.0,177.4,79.6,132.4,47
2026-01-12 15:00:00,210.1,176.6,78.8,131.3,59
2026-01-12 16:00:00,202.5,174.8,81.4,121.1,42
2026-01-12 17:00:00,200.9,168.0,78.7,122.2,47
2026-01-12 18:00:00,205.1,187.2,81.8,123.3,40
2026-01-12 19:00:00,206.8,183.2,79.2,127.6,58
2026-01-12 20:00:00,204.9,172.2,77.9,127.0,46
2026-01-12 21:00:00,212.6,184.4,81.9,130.7,52
2026-01-12 22:00:00,200.0,194.6,82.8,117.2,43
2026-01-12 23:00:00,203.7,175.8,79.6,124.1,43
2026-01-13 00:00:00,206.7,184.8,81.2,125.5,48
2026-01-13 01:00:00,205.1,177.0,79.8,125.3,51
2026-01-13 02:00:00,200.2,183.8,78.4,121.8,58
2026-01-13 03:00:00,210.7,178.4,81.6,129.1,53
2026-01-13 04:00:00,206.3,184.0,78.2,128.1,51
2026-01-13 05:00:00,202.4,175.8,80.0,122.4,51
2026-01-13 06:00:00,198.9,180.0,80.5,118.4,50
2026-01-13 07:00:00,213.1,182.4,82.8,130.3,57
2026-01-13 08:00:00,199.3,177.2,79.9,119.4,42
2026-01-13 09:00:00,215.7,169.0,80.1,135.6,43
2026-01-13 10:00:00,210.3,169.6,81.4,128.9,54
2026-01-13 11:00:00,212.2,183.0,80.5,131.7,56
2026-01-13 12:00:00,203.0,173.0,79.1,123.9,53
2026-01-13 13:00:00,204.6,177.2,79.9,124.7,49
2026-01-13 14:00:00,204.7,187.8,79.6,125.1,40
2026-01-13 15:00:00,192.7,184.2,77.2,115.5,42
2026-01-13 16:00:00,201.3,183.2,80.4,120.9,54
2026-01-13 17:00:00,207.3,184.0,81.8,125.5,48
2026-01-13 18:00:00,203.9,178.6,78.4,125.5,49
2026-01-13 19:00:00,207.9,178.8,78.9,129.0,57
2026-01-13 20:00:00,210.7,188.4,77.8,132.9,54
2026-01-13 21:00:00,202.4,161.2,82.0,120.4,43
2026-01-13 22:00:00,204.1,175.2,79.1,125.0,46
2026-01-13 23:00:00,212.6,182.6,84.0,128.6,45
2026-01-14 00:00:00,202.8,186.4,79.1,123.7,54
2026-01-14 01:00:00,195.5,175.4,78.5,117.0,42
2026-01-14 02:00:00,202.0,185.2,79.2,122.8,44
2026-01-14 03:00:00,202.1,177.0,77.4,124.7,43
2026-01-14 04:00:00,207.1,177.4,80.1,127.0,49
2026-01-14 05:00:00,200.1,188.0,78.4,121.7,44
2026-01-14 06:00:00,192.5,183.4,76.9,115.6,42
2026-01-14 07:00:00,211.1,173.8,82.5,128.6,45
2026-01-14 08:00:00,196.4,186.0,78.6,117.8,46
2026-01-14 09:00:00,199.9,180.4,81.7,118.2,42
2026-01-14 10:00:00,199.8,177.2,79.5,120.3,43
2026-01-14 11:00:00,218.8,188.4,80.7,138.1,59
2026-01-14 12:00:00,213.0,186.6,81.3,131.7,57
2026-01-14 13:00:00,203.9,175.4,80.7,123.2,41
2026-01-14 14:00:00,205.5,181.2,79.3,126.2,43
2026-01-14 15:00:00,205.7,172.6,81.7,124.0,46
2026-01-14 16:00:00,202.1,177.8,81.6,120.5,52
2026-01-14 17:00:00,207.9,185.8,77.2,130.7,58
2026-01-14 18:00:00,206.0,177.2,84.2,121.8,46
2026-01-14 19:00:00,206.8,177.2,77.3,129.5,49
2026-01-14 20:00:00,205.2,179.0,79.8,125.4,42
2026-01-14 21:00:00,211.9,172.0,77.5,134.4,59
2026-01-14 22:00:00,194.1,188.0,79.0,115.1,40
2026-01-14 23:00:00,211.0,186.2,78.4,132.6,58
2026-01-15 00:00:00,202.4,174.8,79.3,123.1,44
2026-01-15 01:00:00,210.5,182.8,80.2,130.3,58
2026-01-15 02:00:00,194.8,185.2,78.8,116.0,44
2026-01-15 03:00:00,206.0,192.6,78.4,127.6,43
2026-01-15 04:00:00,196.3,178.2,83.6,112.7,40
2026-01-15 05:00:00,201.5,185.2,79.8,121.7,45
2026-01-15 06:00:00,203.9,181.8,82.4,121.5,46
2026-01-15 07:00:00,208.1,192.4,81.3,126.8,50
2026-01-15 08:00:00,198.1,171.6,79.6,118.5,45
2026-01-15 09:00:00,200.3,182.6,82.1,118.2,53
2026-01-15 10:00:00,209.7,181.6,82.5,127.2,41
2026-01-15 11:00:00,204.5,173.0,83.1,121.4,41
2026-01-15 12:00:00,196.9,182.0,79.3,117.6,45
2026-01-15 13:00:00,200.1,179.6,81.4,118.7,48
2026-01-15 14:00:00,204.2,178.2,80.1,124.1,50
2026-01-15 15:00:00,209.3,174.8,77.3,132.0,59
2026-01-15 16:00:00,208.4,179.4,85.4,123.0,44
2026-01-15 17:00:00,200.9,175.2,78.5,122.4,48
2026-01-15 18:00:00,206.8,192.6,76.3,130.5,55
2026-01-15 19:00:00,201.8,183.0,76.8,125.0,48
2026-01-15 20:00:00,200.9,170.0,78.1,122.8,48
2026-01-15 21:00:00,196.2,187.4,79.2,117.0,52
2026-01-15 22:00:00,210.5,175.6,78.0,132.5,59
2026-01-15 23:00:00,206.4,181.6,77.8,128.6,57
2026-01-16 00:00:00,206.6,170.8,80.6,126.0,55
2026-01-16 01:00:00,212.7,172.2,80.1,132.6,58
2026-01-16 02:00:00,202.6,177.6,78.5,124.1,55
2026-01-16 03:00:00,205.2,184.8,79.0,126.2,57
2026-01-16 04:00:00,205.7,184.0,78.5,127.2,51
2026-01-16 05:00:00,210.6,181.6,80.9,129.7,51
2026-01-16 06:00:00,208.0,180.0,80.5,127.5,57
2026-01-16 07:00:00,196.9,173.4,80.5,116.4,43
2026-01-16 08:00:00,201.7,187.4,79.4,122.3,59
2026-01-16 09:00:00,205.1,196.2,77.1,128.0,54
2026-01-16 10:00:00,191.8,191.2,77.3,114.5,43
2026-01-16 11:00:00,200.7,176.2,78.8,121.9,43
2026-01-16 12:00:00,208.3,177.6,80.9,127.4,40
2026-01-16 13:00:00,202.3,180.4,80.3,122.0,50
2026-01-16 14:00:00,198.1,187.8,78.9,119.2,49
2026-01-16 15:00:00,201.4,184.2,78.8,122.6,44
2026-01-16 16:00:00,206.0,172.8,84.8,121.2,53
2026-01-16 17:00:00,205.6,176.6,80.6,125.0,45
2026-01-16 18:00:00,203.8,180.8,79.5,124.3,52
2026-01-16 19:00:00,196.1,183.4,80.3,115.8,43
2026-01-16 20:00:00,208.9,173.8,80.8,128.1,57
2026-01-16 21:00:00,208.6,177.8,82.4,126.2,47
2026-01-16 22:00:00,214.3,178.0,80.6,133.7,58
2026-01-16 23:00:00,198.3,185.4,73.8,124.5,49
2026-01-17 00:00:00,198.1,172.8,77.8,120.3,58
2026-01-17 01:00:00,208.9,181.6,78.9,130.0,42
2026-01-17 02:00:00,212.2,184.2,78.4,133.8,58
2026-01-17 03:00:00,203.0,173.4,81.3,121.7,52
2026-01-17 04:00:00,198.9,176.0,77.4,121.5,46
2026-01-17 05:00:00,212.9,192.2,83.6,129.3,54
2026-01-17 06:00:00,202.8,170.8,81.6,121.2,44
2026-01-17 07:00:00,195.9,184.4,79.3,116.6,42
2026-01-17 08:00:00,206.1,178.6,76.5,129.6,41
2026-01-17 09:00:00,203.3,180.0,78.6,124.7,53
2026-01-17 10:00:00,200.0,178.8,81.4,118.6,57
2026-01-17 11:00:00,197.8,183.6,81.2,116.6,46
2026-01-17 12:00:00,211.2,190.4,82.8,128.4,53
2026-01-17 13:00:00,213.6,178.4,81.2,132.4,49
2026-01-17 14:00:00,199.2,178.4,79.5,119.7,47
2026-01-17 15:00:00,204.6,171.6,79.2,125.4,55
2026-01-17 16:00:00,205.6,192.6,77.9,127.7,57
2026-01-17 17:00:00,204.5,174.4,78.8,125.7,53
2026-01-17 18:00:00,210.5,186.0,82.0,128.5,40
2026-01-17 19:00:00,202.1,179.8,80.7,121.4,49
2026-01-17 20:00:00,197.2,181.6,81.0,116.2,46
2026-01-17 21:00:00,201.0,187.6,81.4,119.6,49
2026-01-17 22:00:00,198.8,184.0,80.0,118.8,41
2026-01-17 23:00:00,193.3,176.8,79.3,114.0,42
2026-01-18 00:00:00,204.8,191.6,82.4,122.4,43
2026-01-18 01:00:00,206.7,178.6,79.3,127.4,58
2026-01-18 02:00:00,196.0,181.8,80.2,115.8,54
2026-01-18 03:00:00,203.0,191.4,79.9,123.1,42
2026-01-18 04:00:00,207.6,178.2,78.9,128.7,57
2026-01-18 05:00:00,197.9,177.0,80.5,117.4,42
2026-01-18 06:00:00,206.9,187.4,82.2,124.7,51
2026-01-18 07:00:00,211.1,182.2,80.4,130.7,58
2026-01-18 08:00:00,203.3,176.2,80.9,122.4,57
2026-01-18 09:00:00,215.5,188.2,82.3,133.2,57
2026-01-18 10:00:00,215.0,174.8,79.9,135.1,56
2026-01-18 11:00:00,214.7,181.0,79.4,135.3,59
2026-01-18 12:00:00,218.7,191.8,82.9,135.8,57
2026-01-18 13:00:00,201.1,187.2,78.7,122.4,47
2026-01-18 14:00:00,210.1,182.8,77.6,132.5,51
2026-01-18 15:00:00,198.0,172.0,80.1,117.9,43
2026-01-18 16:00:00,192.8,177.6,78.4,114.4,43
2026-01-18 17:00:00,205.4,179.6,79.5,125.9,44
2026-01-18 18:00:00,219.4,173.6,85.2,134.2,57
2026-01-18 19:00:00,198.5,182.8,76.4,122.1,59
2026-01-18 20:00:00,206.8,184.6,76.9,129.9,59
2026-01-18 21:00:00,197.5,183.8,81.1,116.4,40
2026-01-18 22:00:00,208.0,184.2,80.9,127.1,43
2026-01-18 23:00:00,211.8,177.2,81.5,130.3,52
2026-01-19 00:00:00,208.6,183.0,79.7,128.9,51
2026-01-19 01:00:00,200.0,179.2,78.6,121.4,57
2026-01-19 02:00:00,207.4,174.4,81.7,125.7,52
2026-01-19 03:00:00,203.1,192.2,82.9,120.2,56
2026-01-19 04:00:00,192.2,179.2,80.0,112.2,40
2026-01-19 05:00:00,195.8,178.0,78.4,117.4,46
2026-01-19 06:00:00,198.0,172.4,82.0,116.0,40
2026-01-19 07:00:00,208.0,185.8,76.9,131.1,52
2026-01-19 08:00:00,196.7,174.8,76.3,120.4,51
2026-01-19 09:00:00,204.7,179.4,78.9,125.8,50
2026-01-19 10:00:00,210.3,183.8,77.8,132.5,42
2026-01-19 11:00:00,205.0,175.2,81.7,123.3,40
2026-01-19 12:00:00,195.3,181.4,77.5,117.8,41
2026-01-19 13:00:00,211.6,178.4,81.4,130.2,40
2026-01-19 14:00:00,204.6,172.0,78.1,126.5,59
2026-01-19 15:00:00,198.6,178.0,81.6,117.0,41
2026-01-19 16:00:00,193.8,182.6,81.6,112.2,43
2026-01-19 17:00:00,203.3,182.2,80.9,122.4,48
2026-01-19 18:00:00,217.8,179.8,83.3,134.5,58
2026-01-19 19:00:00,192.8,176.0,77.6,115.2,40
2026-01-19 20:00:00,211.2,181.8,81.2,130.0,53
2026-01-19 21:00:00,184.9,173.0,75.9,109.0,42
2026-01-19 22:00:00,203.6,184.0,77.5,126.1,49
2026-01-19 23:00:00,210.7,175.2,80.3,130.4,56
2026-01-20 00:00:00,204.1,173.6,80.5,123.6,40
2026-01-20 01:00:00,206.1,179.2,82.8,123.3,49
2026-01-20 02:00:00,197.8,176.4,75.5,122.3,47
2026-01-20 03:00:00,207.8,178.8,77.4,130.4,43
2026-01-20 04:00:00,201.6,170.6,76.6,125.0,41
2026-01-20 05:00:00,199.8,183.4,82.4,117.4,41
2026-01-20 06:00:00,198.5,180.4,79.7,118.8,44
2026-01-20 07:00:00,203.0,174.8,76.9,126.1,43
2026-01-20 08:00:00,204.1,184.4,79.8,124.3,50
2026-01-20 09:00:00,202.6,181.8,76.7,125.9,52
2026-01-20 10:00:00,205.6,184.8,82.2,123.4,43
2026-01-20 11:00:00,205.5,176.8,82.0,123.5,46
2026-01-20 12:00:00,200.5,170.0,82.6,117.9,40
2026-01-20 13:00:00,204.6,183.2,77.6,127.0,57
2026-01-20 14:00:00,206.3,181.2,83.4,122.9,43
2026-01-20 15:00:00,214.1,170.6,78.4,135.7,55
2026-01-20 16:00:00,195.1,178.0,80.0,115.1,40
2026-01-20 17:00:00,199.5,183.4,76.9,122.6,46
2026-01-20 18:00:00,206.5,180.4,80.8,125.7,49
2026-01-20 19:00:00,191.4,178.0,78.8,112.6,45
2026-01-20 20:00:00,209.3,167.0,81.5,127.8,57
2026-01-20 21:00:00,212.5,172.0,79.1,133.4,53
2026-01-20 22:00:00,200.1,178.8,80.3,119.8,41
2026-01-20 23:00:00,200.4,173.6,79.7,120.7,45
2026-01-21 00:00:00,204.1,174.2,77.3,126.8,49
2026-01-21 01:00:00,206.0,174.4,82.8,123.2,47
2026-01-21 02:00:00,202.0,179.0,77.3,124.7,50
2026-01-21 03:00:00,211.4,188.0,78.0,133.4,58
2026-01-21 04:00:00,211.7,185.2,83.5,128.2,56
2026-01-21 05:00:00,207.3,183.8,79.7,127.6,58
2026-01-21 06:00:00,211.3,174.0,80.1,131.2,51
2026-01-21 07:00:00,209.5,181.4,80.5,129.0,56
2026-01-21 08:00:00,205.0,189.2,79.5,125.5,50
2026-01-21 09:00:00,214.1,177.6,79.2,134.9,52
2026-01-21 10:00:00,204.4,182.8,79.4,125.0,45
2026-01-21 11:00:00,208.1,179.8,80.3,127.8,56
2026-01-21 12:00:00,198.0,185.0,78.0,120.0,42
2026-01-21 13:00:00,196.8,176.4,80.8,116.0,42
2026-01-21 14:00:00,204.7,164.2,82.4,122.3,53
2026-01-21 15:00:00,201.9,179.0,79.9,122.0,41
2026-01-21 16:00:00,194.2,173.2,77.4,116.8,40
2026-01-21 17:00:00,204.5,167.6,80.1,124.4,51
2026-01-21 18:00:00,206.2,172.4,80.0,126.2,52
2026-01-21 19:00:00,208.9,183.6,80.3,128.6,58
2026-01-21 20:00:00,212.5,174.2,79.1,133.4,59
2026-01-21 21:00:00,197.5,183.2,79.9,117.6,40
2026-01-21 22:00:00,207.9,171.8,79.5,128.4,44
2026-01-21 23:00:00,212.8,181.6,81.3,131.5,57
2026-01-22 00:00:00,207.7,193.4,81.5,126.2,46
2026-01-22 01:00:00,204.5,177.2,78.2,126.3,51
2026-01-22 02:00:00,207.6,174.6,81.2,126.4,54
2026-01-22 03:00:00,199.3,186.6,79.9,119.4,41
2026-01-22 04:00:00,204.7,186.8,80.3,124.4,42
2026-01-22 05:00:00,197.3,178.4,79.1,118.2,40
2026-01-22 06:00:00,205.5,170.2,81.2,124.3,43
2026-01-22 07:00:00,210.3,176.6,78.7,131.6,55
2026-01-22 08:00:00,203.3,183.6,79.8,123.5,56
2026-01-22 09:00:00,215.0,176.6,83.4,131.6,48
2026-01-22 10:00:00,199.1,184.0,79.8,119.3,45
2026-01-22 11:00:00,214.3,180.8,80.1,134.2,43
2026-01-22 12:00:00,216.7,187.6,81.7,135.0,53
2026-01-22 13:00:00,200.0,179.6,77.9,122.1,41
2026-01-22 14:00:00,211.2,193.6,81.2,130.0,47
2026-01-22 15:00:00,201.9,184.4,81.6,120.3,45
2026-01-22 16:00:00,203.1,182.2,80.4,122.7,58
2026-01-22 17:00:00,199.7,184.8,81.2,118.5,40
2026-01-22 18:00:00,208.4,176.4,78.7,129.7,43
2026-01-22 19:00:00,205.5,178.4,76.4,129.1,46
2026-01-22 20:00:00,196.8,190.0,76.3,120.5,48
2026-01-22 21:00:00,211.3,178.2,79.4,131.9,42
2026-01-22 22:00:00,190.4,179.4,75.5,114.9,46
2026-01-22 23:00:00,209.2,184.0,78.9,130.3,55
2026-01-23 00:00:00,210.2,182.8,79.2,131.0,55
2026-01-23 01:00:00,204.0,173.8,79.5,124.5,44
2026-01-23 02:00:00,193.1,184.8,79.3,113.8,42
2026-01-23 03:00:00,204.8,177.2,82.9,121.9,48
2026-01-23 04:00:00,210.5,176.2,79.9,130.6,56
2026-01-23 05:00:00,208.4,184.8,81.1,127.3,54
2026-01-23 06:00:00,205.7,182.8,80.5,125.2,46
2026-01-23 07:00:00,212.6,179.8,82.8,129.8,42
2026-01-23 08:00:00,213.3,190.4,82.6,130.7,51
2026-01-23 09:00:00,200.2,177.4,78.0,122.2,45
2026-01-23 10:00:00,193.4,180.8,83.0,110.4,43
2026-01-23 11:00:00,207.1,180.6,80.0,127.1,56
2026-01-23 12:00:00,195.9,176.8,83.0,112.9,44
2026-01-23 13:00:00,192.5,188.0,78.2,114.3,54
2026-01-23 14:00:00,198.9,191.0,79.2,119.7,50
2026-01-23 15:00:00,209.9,177.8,80.3,129.6,50
2026-01-23 16:00:00,213.9,185.0,84.5,129.4,55
2026-01-23 17:00:00,210.1,172.4,81.1,129.0,48
2026-01-23 18:00:00,202.3,174.4,79.6,122.7,53
2026-01-23 19:00:00,210.2,167.4,79.3,130.9,51
2026-01-23 20:00:00,199.2,182.0,83.0,116.2,42
2026-01-23 21:00:00,205.6,180.0,78.3,127.3,49
2026-01-23 22:00:00,195.0,177.6,75.9,119.1,48
2026-01-23 23:00:00,203.7,173.8,81.0,122.7,47
2026-01-24 00:00:00,204.1,178.0,81.2,122.9,46
2026-01-24 01:00:00,203.7,178.0,78.2,125.5,59
2026-01-24 02:00:00,200.5,180.4,77.9,122.6,45
2026-01-24 03:00:00,203.9,178.8,83.1,120.8,46
2026-01-24 04:00:00,206.4,193.4,80.8,125.6,49
2026-01-24 05:00:00,210.0,182.0,77.9,132.1,48
2026-01-24 06:00:00,207.8,186.8,78.2,129.6,46
2026-01-24 07:00:00,207.5,177.6,82.5,125.0,52
2026-01-24 08:00:00,198.0,177.2,75.7,122.3,54
2026-01-24 09:00:00,209.6,182.8,80.3,129.3,53
2026-01-24 10:00:00,201.9,182.4,80.0,121.9,40
2026-01-24 11:00:00,197.9,171.6,77.9,120.0,55
2026-01-24 12:00:00,205.6,184.4,77.9,127.7,53
2026-01-24 13:00:00,203.9,185.4,83.0,120.9,43
2026-01-24 14:00:00,201.8,177.8,80.3,121.5,42
2026-01-24 15:00:00,188.8,187.4,78.9,109.9,41
2026-01-24 16:00:00,209.2,178.2,78.1,131.1,55
2026-01-24 17:00:00,211.2,182.2,82.4,128.8,45
2026-01-24 18:00:00,203.0,175.8,80.3,122.7,50
2026-01-24 19:00:00,203.3,181.6,80.1,123.2,53
2026-01-24 20:00:00,200.9,162.4,79.0,121.9,53
2026-01-24 21:00:00,195.9,177.2,80.3,115.6,41
2026-01-24 22:00:00,206.1,179.8,79.0,127.1,55
2026-01-24 23:00:00,193.7,175.8,77.8,115.9,48
2026-01-25 00:00:00,212.5,178.2,81.3,131.2,53
2026-01-25 01:00:00,202.7,176.6,85.9,116.8,40
2026-01-25 02:00:00,211.2,169.4,82.8,128.4,59
2026-01-25 03:00:00,210.7,168.8,82.1,128.6,40
2026-01-25 04:00:00,209.8,180.6,82.3,127.5,43
2026-01-25 05:00:00,205.2,182.4,81.5,123.7,42
2026-01-25 06:00:00,198.1,168.6,79.3,118.8,57
2026-01-25 07:00:00,214.5,191.2,81.9,132.6,51
2026-01-25 08:00:00,200.8,174.6,78.4,122.4,43
2026-01-25 09:00:00,200.6,177.0,79.3,121.3,50
2026-01-25 10:00:00,205.9,176.0,83.5,122.4,48
2026-01-25 11:00:00,204.7,186.6,78.2,126.5,54
2026-01-25 12:00:00,204.7,172.8,81.3,123.4,56
2026-01-25 13:00:00,198.9,186.6,77.6,121.3,52
2026-01-25 14:00:00,200.9,171.0,80.6,120.3,51
2026-01-25 15:00:00,216.9,185.0,82.3,134.6,57
2026-01-25 16:00:00,209.4,175.8,80.7,128.7,48
2026-01-25 17:00:00,208.2,191.6,80.9,127.3,58
2026-01-25 18:00:00,201.7,184.6,80.7,121.0,56
2026-01-25 19:00:00,209.2,190.2,80.9,128.3,57
2026-01-25 20:00:00,208.5,173.2,80.4,128.1,52
2026-01-25 21:00:00,215.4,181.2,83.2,132.2,55
2026-01-25 22:00:00,207.2,189.4,81.5,125.7,48
2026-01-25 23:00:00,209.0,192.0,76.2,132.8,58
2026-01-26 00:00:00,206.1,172.6,79.7,126.4,51
2026-01-26 01:00:00,196.6,170.0,77.3,119.3,42
2026-01-26 02:00:00,201.4,177.8,79.2,122.2,40
2026-01-26 03:00:00,213.5,174.8,83.6,129.9,59
2026-01-26 04:00:00,206.7,185.0,80.0,126.7,49
2026-01-26 05:00:00,192.3,173.0,75.6,116.7,40
2026-01-26 06:00:00,199.5,182.2,79.4,120.1,54
2026-01-26 07:00:00,210.1,184.2,80.4,129.7,46
2026-01-26 08:00:00,202.8,183.4,79.7,123.1,40
2026-01-26 09:00:00,208.7,185.2,79.5,129.2,53
2026-01-26 10:00:00,202.6,182.6,80.3,122.3,50
2026-01-26 11:00:00,205.0,178.6,80.0,125.0,43
2026-01-26 12:00:00,202.4,180.6,77.9,124.5,52
2026-01-26 13:00:00,196.2,182.2,78.8,117.4,50
2026-01-26 14:00:00,202.5,188.2,77.4,125.1,43
2026-01-26 15:00:00,203.1,177.0,77.8,125.3,48
2026-01-26 16:00:00,203.4,176.8,81.2,122.2,58
2026-01-26 17:00:00,193.5,172.8,78.4,115.1,49
2026-01-26 18:00:00,207.3,184.0,82.9,124.4,44
2026-01-26 19:00:00,216.1,179.6,79.6,136.5,55
2026-01-26 20:00:00,198.9,178.6,78.1,120.8,41
2026-01-26 21:00:00,203.3,177.8,78.7,124.6,57
2026-01-26 22:00:00,196.9,174.2,81.2,115.7,41
2026-01-26 23:00:00,210.0,189.2,79.3,130.7,57
2026-01-27 00:00:00,200.4,185.8,79.2,121.2,41
2026-01-27 01:00:00,207.2,179.8,80.2,127.0,55
2026-01-27 02:00:00,199.7,182.8,79.6,120.1,42
2026-01-27 03:00:00,202.5,179.8,80.6,121.9,41
2026-01-27 04:00:00,206.6,181.8,78.1,128.5,51
2026-01-27 05:00:00,191.1,176.2,80.0,111.1,42
2026-01-27 06:00:00,203.8,181.0,80.2,123.6,50
2026-01-27 07:00:00,205.4,183.6,81.1,124.3,53
2026-01-27 08:00:00,203.3,175.0,80.0,123.3,58
2026-01-27 09:00:00,210.0,168.0,81.2,128.8,51
2026-01-27 10:00:00,201.8,186.0,82.8,119.0,42
2026-01-27 11:00:00,200.9,178.2,80.8,120.1,41
2026-01-27 12:00:00,204.7,174.8,80.4,124.3,46
2026-01-27 13:00:00,205.9,190.4,77.2,128.7,58
2026-01-27 14:00:00,223.2,184.0,77.3,145.9,50
2026-01-27 15:00:00,211.0,181.0,80.6,130.4,58
2026-01-27 16:00:00,201.7,170.0,84.8,116.9,43
2026-01-27 17:00:00,199.5,191.4,80.0,119.5,47
2026-01-27 18:00:00,192.4,173.0,81.4,111.0,44
2026-01-27 19:00:00,202.1,189.8,79.7,122.4,42
2026-01-27 20:00:00,208.8,188.6,83.7,125.1,41
2026-01-27 21:00:00,195.8,181.0,78.5,117.3,56
2026-01-27 22:00:00,205.6,182.6,80.3,125.3,51
2026-01-27 23:00:00,204.6,180.6,81.1,123.5,44
2026-01-28 00:00:00,201.2,177.6,80.8,120.4,51
2026-01-28 01:00:00,201.1,173.6,77.0,124.1,57
2026-01-28 02:00:00,205.5,178.4,81.1,124.4,51
2026-01-28 03:00:00,204.3,193.2,82.9,121.4,51
2026-01-28 04:00:00,205.0,184.6,80.5,124.5,45
2026-01-28 05:00:00,202.9,176.0,78.9,124.0,42
2026-01-28 06:00:00,214.0,182.6,81.1,132.9,52
2026-01-28 07:00:00,208.1,190.0,82.4,125.7,58
2026-01-28 08:00:00,211.6,175.4,82.8,128.8,46
2026-01-28 09:00:00,208.3,190.6,79.7,128.6,49
2026-01-28 10:00:00,196.3,182.4,81.8,114.5,40
2026-01-28 11:00:00,200.3,174.0,78.4,121.9,41
2026-01-28 12:00:00,212.5,184.6,80.8,131.7,52
2026-01-28 13:00:00,206.9,179.4,75.1,131.8,56
2026-01-28 14:00:00,211.8,181.6,79.7,132.1,59
2026-01-28 15:00:00,214.1,181.4,80.0,134.1,50
2026-01-28 16:00:00,199.0,177.6,76.5,122.5,57
2026-01-28 17:00:00,194.3,182.0,78.1,116.2,49
2026-01-28 18:00:00,199.8,168.6,79.8,120.0,40
2026-01-28 19:00:00,198.6,174.8,79.1,119.5,52
2026-01-28 20:00:00,198.6,181.8,78.9,119.7,43
2026-01-28 21:00:00,199.5,183.2,82.2,117.3,47
2026-01-28 22:00:00,211.9,189.4,81.4,130.5,56
2026-01-28 23:00:00,199.9,181.0,79.2,120.7,43
2026-01-29 00:00:00,207.2,182.0,82.1,125.1,57
2026-01-29 01:00:00,217.0,200.0,82.9,134.1,53
2026-01-29 02:00:00,205.8,188.8,81.7,124.1,41
2026-01-29 03:00:00,216.5,175.6,79.0,137.5,57
2026-01-29 04:00:00,212.0,183.6,84.8,127.2,54
2026-01-29 05:00:00,201.5,176.0,77.0,124.5,54
2026-01-29 06:00:00,201.4,181.8,82.7,118.7,49
2026-01-29 07:00:00,210.9,185.8,81.7,129.2,56
2026-01-29 08:00:00,213.9,176.0,80.3,133.6,54
2026-01-29 09:00:00,206.6,182.8,79.6,127.0,50
2026-01-29 10:00:00,199.4,178.4,76.3,123.1,46
2026-01-29 11:00:00,213.5,178.0,82.0,131.5,57
2026-01-29 12:00:00,205.6,185.2,80.6,125.0,41
2026-01-29 13:00:00,207.9,173.4,81.8,126.1,42
2026-01-29 14:00:00,210.4,184.6,81.9,128.5,52
2026-01-29 15:00:00,212.1,181.6,83.0,129.1,59
2026-01-29 16:00:00,207.7,182.6,80.3,127.4,46
2026-01-29 17:00:00,201.3,175.6,79.4,121.9,40
2026-01-29 18:00:00,208.0,169.2,81.4,126.6,49
2026-01-29 19:00:00,199.9,191.8,78.8,121.1,46
2026-01-29 20:00:00,205.5,196.8,78.6,126.9,58
2026-01-29 21:00:00,208.9,179.8,78.4,130.5,59
2026-01-29 22:00:00,205.2,179.4,80.2,125.0,51
2026-01-29 23:00:00,207.1,175.4,78.5,128.6,52
2026-01-30 00:00:00,208.3,186.8,79.5,128.8,54
2026-01-30 01:00:00,199.9,182.2,80.6,119.3,57
2026-01-30 02:00:00,198.3,177.6,77.0,121.3,48
2026-01-30 03:00:00,207.0,178.6,78.7,128.3,53
2026-01-30 04:00:00,197.2,174.8,78.6,118.6,42
2026-01-30 05:00:00,209.1,186.4,78.5,130.6,49
2026-01-30 06:00:00,207.8,176.0,82.1,125.7,49
2026-01-30 07:00:00,202.6,174.8,80.3,122.3,46
2026-01-30 08:00:00,214.5,181.4,82.3,132.2,55
2026-01-30 09:00:00,209.9,183.0,80.0,129.9,58
2026-01-30 10:00:00,192.8,178.4,80.4,112.4,47
2026-01-30 11:00:00,206.2,187.2,81.8,124.4,43
2026-01-30 12:00:00,195.0,184.6,77.5,117.5,49
2026-01-30 13:00:00,211.3,184.2,81.6,129.7,52
2026-01-30 14:00:00,213.7,171.4,78.5,135.2,43
2026-01-30 15:00:00,202.5,170.4,79.2,123.3,46
2026-01-30 16:00:00,209.5,189.4,79.4,130.1,51
2026-01-30 17:00:00,201.4,181.4,84.3,117.1,53
2026-01-30 18:00:00,200.5,178.0,78.2,122.3,46
2026-01-30 19:00:00,205.0,186.0,76.9,128.1,57
2026-01-30 20:00:00,196.2,180.6,80.8,115.4,41
2026-01-30 21:00:00,201.5,176.8,79.8,121.7,42
2026-01-30 22:00:00,200.1,182.4,79.5,120.6,45
2026-01-30 23:00:00,201.1,193.8,79.5,121.6,48
2026-01-31 00:00:00,208.3,178.6,77.1,131.2,49
2026-01-31 01:00:00,217.8,171.2,81.8,136.0,58
2026-01-31 02:00:00,197.7,177.2,82.2,115.5,43
2026-01-31 03:00:00,202.4,167.8,81.9,120.5,43
2026-01-31 04:00:00,203.2,180.2,82.6,120.6,40
2026-01-31 05:00:00,211.8,192.0,80.8,131.0,56
2026-01-31 06:00:00,209.7,191.0,79.0,130.7,43
2026-01-31 07:00:00,208.4,188.0,79.8,128.6,49
2026-01-31 08:00:00,208.7,173.2,81.4,127.3,47
2026-01-31 09:00:00,201.3,180.6,81.7,119.6,57
2026-01-31 10:00:00,197.9,184.8,78.6,119.3,54
2026-01-31 11:00:00,195.1,186.0,82.2,112.9,44
2026-01-31 12:00:00,204.1,184.8,79.3,124.8,44
2026-01-31 13:00:00,202.2,182.0,84.0,118.2,54
2026-01-31 14:00:00,209.3,187.6,81.1,128.2,59
2026-01-31 15:00:00,203.7,188.8,75.4,128.3,40
2026-01-31 16:00:00,200.0,195.2,81.1,118.9,46
2026-01-31 17:00:00,206.5,187.6,81.0,125.5,42
2026-01-31 18:00:00,207.2,180.0,78.7,128.5,40
2026-01-31 19:00:00,202.2,180.0,82.8,119.4,44
2026-01-31 20:00:00,203.7,186.8,81.0,122.7,55
2026-01-31 21:00:00,192.7,184.0,76.4,116.3,42
2026-01-31 22:00:00,202.6,187.0,80.1,122.5,57
2026-01-31 23:00:00,209.8,178.6,79.5,130.3,50
2026-02-01 00:00:00,202.2,184.4,79.9,122.3,51
2026-02-01 01:00:00,200.1,183.2,80.2,119.9,58
2026-02-01 02:00:00,204.3,180.4,77.7,126.6,52
2026-02-01 03:00:00,212.8,196.0,79.7,133.1,57
2026-02-01 04:00:00,201.9,182.0,77.2,124.7,59
2026-02-01 05:00:00,205.9,187.8,80.1,125.8,56
2026-02-01 06:00:00,195.5,179.8,78.1,117.4,43
2026-02-01 07:00:00,201.2,176.4,83.5,117.7,41
2026-02-01 08:00:00,207.0,181.6,82.7,124.3,54
2026-02-01 09:00:00,200.6,180.2,83.5,117.1,46
2026-02-01 10:00:00,191.5,176.4,76.9,114.6,41
2026-02-01 11:00:00,204.7,183.6,76.0,128.7,57
2026-02-01 12:00:00,209.2,185.6,82.9,126.3,46
2026-02-01 13:00:00,193.4,181.0,77.7,115.7,51
2026-02-01 14:00:00,205.0,179.0,75.7,129.3,56
2026-02-01 15:00:00,213.8,183.8,81.0,132.8,59
2026-02-01 16:00:00,205.7,176.2,78.6,127.1,57
2026-02-01 17:00:00,205.9,185.6,80.7,125.2,48
2026-02-01 18:00:00,203.7,188.2,82.6,121.1,49
2026-02-01 19:00:00,203.6,183.6,80.0,123.6,47
2026-02-01 20:00:00,201.6,169.0,81.6,120.0,49
2026-02-01 21:00:00,197.3,189.4,77.3,120.0,42
2026-02-01 22:00:00,204.1,179.4,81.2,122.9,50
2026-02-01 23:00:00,204.0,185.4,81.2,122.8,50
2026-02-02 00:00:00,194.1,174.6,79.3,114.8,46
2026-02-02 01:00:00,204.2,184.4,79.3,124.9,52
2026-02-02 02:00:00,212.2,185.8,77.4,134.8,58
2026-02-02 03:00:00,208.7,185.6,80.8,127.9,42
2026-02-02 04:00:00,204.1,179.0,81.4,122.7,41
2026-02-02 05:00:00,208.3,181.4,81.1,127.2,47
2026-02-02 06:00:00,200.2,197.6,79.9,120.3,44
2026-02-02 07:00:00,200.5,176.6,81.6,118.9,40
2026-02-02 08:00:00,197.5,185.2,80.0,117.5,48
2026-02-02 09:00:00,206.7,179.2,81.7,125.0,49
2026-02-02 10:00:00,213.8,187.4,81.0,132.8,51
2026-02-02 11:00:00,217.4,172.8,85.0,132.4,51
2026-02-02 12:00:00,208.1,176.2,83.5,124.6,54
2026-02-02 13:00:00,209.4,172.0,79.1,130.3,52
2026-02-02 14:00:00,201.7,188.6,78.9,122.8,52
2026-02-02 15:00:00,197.0,171.2,81.6,115.4,40
2026-02-02 16:00:00,203.7,187.6,82.7,121.0,52
2026-02-02 17:00:00,210.6,180.8,83.4,127.2,57
2026-02-02 18:00:00,202.3,184.0,78.7,123.6,50
2026-02-02 19:00:00,207.8,181.2,78.4,129.4,58
2026-02-02 20:00:00,194.6,179.6,79.4,115.2,42
2026-02-02 21:00:00,209.0,181.0,78.9,130.1,48
2026-02-02 22:00:00,209.7,183.6,78.0,131.7,49
2026-02-02 23:00:00,204.3,169.6,81.0,123.3,44
2026-02-03 00:00:00,199.0,175.8,78.8,120.2,48
2026-02-03 01:00:00,197.1,177.6,81.7,115.4,45
2026-02-03 02:00:00,201.3,184.4,76.2,125.1,48
2026-02-03 03:00:00,211.6,188.6,82.0,129.6,54
2026-02-03 04:00:00,209.1,171.8,81.3,127.8,58
2026-02-03 05:00:00,201.3,188.6,76.4,124.9,49
2026-02-03 06:00:00,203.3,185.0,80.5,122.8,50
2026-02-03 07:00:00,196.9,194.8,77.0,119.9,44
2026-02-03 08:00:00,203.2,177.2,82.0,121.2,53
2026-02-03 09:00:00,202.0,191.2,83.1,118.9,46
2026-02-03 10:00:00,199.3,189.6,82.4,116.9,46
2026-02-03 11:00:00,210.6,172.4,81.7,128.9,51
2026-02-03 12:00:00,203.6,179.0,80.3,123.3,40
2026-02-03 13:00:00,207.8,178.6,83.8,124.0,46
2026-02-03 14:00:00,203.1,180.8,78.4,124.7,44
2026-02-03 15:00:00,207.8,180.2,82.0,125.8,52
2026-02-03 16:00:00,207.0,185.0,85.8,121.2,43
2026-02-03 17:00:00,204.5,177.2,81.9,122.6,57
2026-02-03 18:00:00,212.4,183.8,80.5,131.9,44
2026-02-03 19:00:00,212.7,177.4,79.9,132.8,57
2026-02-03 20:00:00,210.0,181.2,83.4,126.6,59
2026-02-03 21:00:00,202.8,189.0,81.6,121.2,43
2026-02-03 22:00:00,208.4,177.2,78.0,130.4,53
2026-02-03 23:00:00,207.2,181.8,75.1,132.1,52
2026-02-04 00:00:00,207.4,181.2,84.1,123.3,45
2026-02-04 01:00:00,197.3,177.8,77.8,119.5,42
2026-02-04 02:00:00,206.0,179.2,80.8,125.2,48
2026-02-04 03:00:00,206.5,182.2,79.9,126.6,52
2026-02-04 04:00:00,205.9,183.0,83.5,122.4,42
2026-02-04 05:00:00,199.6,169.8,80.9,118.7,42
2026-02-04 06:00:00,194.6,193.2,82.5,112.1,43
2026-02-04 07:00:00,208.5,177.4,79.9,128.6,58
2026-02-04 08:00:00,207.3,181.8,80.5,126.8,53
2026-02-04 09:00:00,216.5,177.2,82.5,134.0,59
2026-02-04 10:00:00,206.7,181.6,81.7,125.0,57
2026-02-04 11:00:00,215.0,185.2,83.2,131.8,56
2026-02-04 12:00:00,212.3,189.6,78.6,133.7,56
2026-02-04 13:00:00,204.8,179.8,83.0,121.8,48
2026-02-04 14:00:00,212.1,188.0,80.0,132.1,56
2026-02-04 15:00:00,194.8,180.4,80.4,114.4,48
2026-02-04 16:00:00,197.8,184.8,75.4,122.4,47
2026-02-04 17:00:00,202.6,166.8,76.8,125.8,57
2026-02-04 18:00:00,214.8,196.6,81.9,132.9,58
2026-02-04 19:00:00,200.2,187.0,79.5,120.7,42
2026-02-04 20:00:00,195.0,184.2,80.2,114.8,42
2026-02-04 21:00:00,206.3,188.8,80.1,126.2,43
2026-02-04 22:00:00,204.9,189.4,79.6,125.3,48
2026-02-04 23:00:00,197.5,182.0,81.6,115.9,46
2026-02-05 00:00:00,192.4,186.0,78.0,114.4,44
2026-02-05 01:00:00,209.2,180.2,84.4,124.8,50
2026-02-05 02:00:00,199.6,183.4,78.6,121.0,48
2026-02-05 03:00:00,204.8,184.2,82.3,122.5,43
2026-02-05 04:00:00,204.1,173.4,80.8,123.3,48
2026-02-05 05:00:00,212.3,177.8,80.5,131.8,55
2026-02-05 06:00:00,205.2,167.6,79.5,125.7,42
2026-02-05 07:00:00,198.9,190.2,77.7,121.2,57
2026-02-05 08:00:00,214.0,164.0,82.0,132.0,55
2026-02-05 09:00:00,206.9,184.0,81.4,125.5,46
2026-02-05 10:00:00,194.9,182.0,78.9,116.0,50
2026-02-05 11:00:00,200.2,187.6,76.6,123.6,48
2026-02-05 12:00:00,204.9,174.2,84.3,120.6,45
2026-02-05 13:00:00,194.2,182.2,77.1,117.1,48
2026-02-05 14:00:00,201.7,175.8,77.6,124.1,59
2026-02-05 15:00:00,197.0,179.8,78.0,119.0,48
2026-02-05 16:00:00,204.5,192.2,82.5,122.0,42
2026-02-05 17:00:00,205.1,180.0,78.2,126.9,55
2026-02-05 18:00:00,206.5,182.8,78.5,128.0,50
2026-02-05 19:00:00,195.7,179.6,79.1,116.6,44
2026-02-05 20:00:00,207.5,187.6,81.1,126.4,56
2026-02-05 21:00:00,205.1,190.0,79.3,125.8,47
2026-02-05 22:00:00,205.2,179.2,80.9,124.3,52
2026-02-05 23:00:00,206.3,177.4,80.7,125.6,55
2026-02-06 00:00:00,201.0,189.0,81.3,119.7,51
2026-02-06 01:00:00,202.7,180.2,81.9,120.8,47
2026-02-06 02:00:00,194.1,178.8,78.5,115.6,43
2026-02-06 03:00:00,210.9,190.0,83.6,127.3,50
2026-02-06 04:00:00,210.5,165.6,80.7,129.8,58
2026-02-06 05:00:00,207.2,176.4,80.0,127.2,55
2026-02-06 06:00:00,201.5,182.2,78.3,123.2,46
2026-02-06 07:00:00,198.8,175.2,79.6,119.2,50
2026-02-06 08:00:00,201.5,179.0,78.2,123.3,54
2026-02-06 09:00:00,205.6,184.4,79.1,126.5,54
2026-02-06 10:00:00,196.1,191.2,81.1,115.0,40
2026-02-06 11:00:00,203.1,182.4,81.0,122.1,54
2026-02-06 12:00:00,198.5,188.0,82.5,116.0,46
2026-02-06 13:00:00,200.6,179.2,82.6,118.0,42
2026-02-06 14:00:00,202.9,180.4,79.9,123.0,59
2026-02-06 15:00:00,206.2,173.6,83.9,122.3,51
2026-02-06 16:00:00,206.2,186.8,78.3,127.9,41
2026-02-06 17:00:00,215.9,186.8,82.1,133.8,46
2026-02-06 18:00:00,202.6,182.0,78.2,124.4,48
2026-02-06 19:00:00,196.1,181.0,79.5,116.6,53
2026-02-06 20:00:00,193.2,187.8,76.2,117.0,40
2026-02-06 21:00:00,201.0,175.0,80.1,120.9,41
2026-02-06 22:00:00,190.0,188.8,76.8,113.2,45
2026-02-06 23:00:00,207.0,186.2,85.1,121.9,52
2026-02-07 00:00:00,203.6,182.6,78.7,124.9,51
2026-02-07 01:00:00,201.1,184.2,79.3,121.8,46
2026-02-07 02:00:00,197.7,191.6,82.4,115.3,41
2026-02-07 03:00:00,206.1,176.6,78.8,127.3,57
2026-02-07 04:00:00,212.3,178.8,78.7,133.6,52
2026-02-07 05:00:00,208.9,193.6,80.5,128.4,47
2026-02-07 06:00:00,208.7,176.8,79.3,129.4,57
2026-02-07 07:00:00,208.5,180.8,82.2,126.3,56
2026-02-07 08:00:00,199.2,182.0,80.9,118.3,45
2026-02-07 09:00:00,203.5,186.6,80.1,123.4,48
2026-02-07 10:00:00,198.5,175.6,76.4,122.1,43
2026-02-07 11:00:00,198.4,188.0,78.7,119.7,55
2026-02-07 12:00:00,202.2,185.8,79.8,122.4,51
2026-02-07 13:00:00,205.7,195.0,78.0,127.7,43
2026-02-07 14:00:00,208.6,179.4,83.2,125.4,40
2026-02-07 15:00:00,195.4,178.6,79.0,116.4,48
2026-02-07 16:00:00,211.2,181.4,82.0,129.2,56
2026-02-07 17:00:00,195.9,190.0,82.1,113.8,42
2026-02-07 18:00:00,206.5,174.6,81.6,124.9,56
2026-02-07 19:00:00,207.4,184.8,78.6,128.8,52
2026-02-07 20:00:00,210.9,185.4,80.6,130.3,57
2026-02-07 21:00:00,208.1,194.4,82.6,125.5,53
2026-02-07 22:00:00,208.1,185.6,81.0,127.1,46
2026-02-07 23:00:00,199.6,191.4,82.6,117.0,41
2026-02-08 00:00:00,211.9,179.8,80.3,131.6,54
2026-02-08 01:00:00,201.7,188.0,75.3,126.4,53
2026-02-08 02:00:00,205.8,180.4,79.9,125.9,42
2026-02-08 03:00:00,212.2,185.2,77.9,134.3,50
2026-02-08 04:00:00,206.7,188.6,79.8,126.9,47
2026-02-08 05:00:00,214.9,180.4,83.9,131.0,55
2026-02-08 06:00:00,208.3,187.0,84.0,124.3,51
2026-02-08 07:00:00,205.6,172.8,79.4,126.2,58
2026-02-08 08:00:00,199.9,182.4,78.7,121.2,53
2026-02-08 09:00:00,209.6,187.8,83.7,125.9,45
2026-02-08 10:00:00,207.3,173.8,80.9,126.4,56
2026-02-08 11:00:00,212.1,189.6,82.6,129.5,53
2026-02-08 12:00:00,199.9,180.2,80.0,119.9,49
2026-02-08 13:00:00,209.0,191.0,79.9,129.1,45
2026-02-08 14:00:00,205.1,182.4,80.6,124.5,53
2026-02-08 15:00:00,201.5,179.0,81.1,120.4,46
2026-02-08 16:00:00,201.2,179.6,79.2,122.0,50
2026-02-08 17:00:00,206.0,180.2,77.8,128.2,56
2026-02-08 18:00:00,198.8,185.6,80.8,118.0,59
2026-02-08 19:00:00,195.9,185.0,79.4,116.5,54
2026-02-08 20:00:00,216.4,177.8,83.2,133.2,58
2026-02-08 21:00:00,220.8,181.8,84.0,136.8,58
2026-02-08 22:00:00,210.5,186.2,84.2,126.3,42
2026-02-08 23:00:00,199.9,182.2,80.8,119.1,46
2026-02-09 00:00:00,210.8,190.4,79.0,131.8,54
2026-02-09 01:00:00,205.0,184.8,80.0,125.0,43
2026-02-09 02:00:00,213.7,187.0,82.0,131.7,59
2026-02-09 03:00:00,200.6,189.8,78.4,122.2,43
2026-02-09 04:00:00,206.8,179.0,81.2,125.6,58
2026-02-09 05:00:00,204.1,193.4,77.2,126.9,41
2026-02-09 06:00:00,196.4,181.6,76.9,119.5,45
2026-02-09 07:00:00,199.9,171.4,80.8,119.1,57
2026-02-09 08:00:00,209.0,178.2,81.7,127.3,54
2026-02-09 09:00:00,208.0,175.6,78.1,129.9,58
2026-02-09 10:00:00,209.7,186.6,79.2,130.5,58
2026-02-09 11:00:00,205.0,185.0,81.1,123.9,43
2026-02-09 12:00:00,208.2,195.4,81.9,126.3,56
2026-02-09 13:00:00,200.9,188.0,80.4,120.5,53
2026-02-09 14:00:00,216.0,176.6,82.2,133.8,48
2026-02-09 15:00:00,207.9,181.4,79.8,128.1,53
2026-02-09 16:00:00,210.8,189.8,84.0,126.8,55
2026-02-09 17:00:00,212.5,185.8,80.9,131.6,56
2026-02-09 18:00:00,211.3,183.6,81.3,130.0,55
2026-02-09 19:00:00,207.6,201.4,77.2,130.4,56
2026-02-09 20:00:00,207.6,192.6,79.8,127.8,51
2026-02-09 21:00:00,208.7,188.6,78.5,130.2,57
2026-02-09 22:00:00,210.0,184.2,76.4,133.6,54
2026-02-09 23:00:00,206.1,180.6,81.9,124.2,53
2026-02-10 00:00:00,201.2,188.0,80.5,120.7,57
2026-02-10 01:00:00,208.0,174.4,80.9,127.1,50
2026-02-10 02:00:00,203.9,186.4,80.7,123.2,51
2026-02-10 03:00:00,209.2,181.4,80.0,129.2,43
2026-02-10 04:00:00,197.0,197.6,79.9,117.1,41
2026-02-10 05:00:00,214.8,176.6,77.6,137.2,59
2026-02-10 06:00:00,210.4,184.8,80.9,129.5,54
2026-02-10 07:00:00,210.0,178.2,77.9,132.1,57
2026-02-10 08:00:00,209.4,184.6,79.8,129.6,51
2026-02-10 09:00:00,211.0,177.8,78.8,132.2,52
2026-02-10 10:00:00,201.6,187.0,78.2,123.4,48
2026-02-10 11:00:00,211.4,182.6,79.4,132.0,59
2026-02-10 12:00:00,208.0,192.8,79.7,128.3,48
2026-02-10 13:00:00,200.5,177.0,81.1,119.4,42
2026-02-10 14:00:00,205.8,184.8,78.3,127.5,57
2026-02-10 15:00:00,206.5,187.8,79.6,126.9,58
2026-02-10 16:00:00,212.7,182.8,80.0,132.7,47
2026-02-10 17:00:00,209.6,183.2,81.3,128.3,56
2026-02-10 18:00:00,203.0,191.4,80.4,122.6,44
2026-02-10 19:00:00,209.1,181.0,79.0,130.1,56
2026-02-10 20:00:00,204.8,191.2,78.2,126.6,58
2026-02-10 21:00:00,200.9,173.2,80.5,120.4,43
2026-02-10 22:00:00,196.3,182.4,81.0,115.3,49
2026-02-10 23:00:00,195.2,179.8,81.1,114.1,45
2026-02-11 00:00:00,206.7,180.4,78.1,128.6,52
2026-02-11 01:00:00,198.3,192.0,77.1,121.2,42
2026-02-11 02:00:00,198.2,182.4,80.9,117.3,46
2026-02-11 03:00:00,214.6,183.2,80.4,134.2,52
2026-02-11 04:00:00,214.9,182.2,82.8,132.1,48
2026-02-11 05:00:00,206.8,186.8,80.3,126.5,56
2026-02-11 06:00:00,198.8,193.0,80.2,118.6,48
2026-02-11 07:00:00,203.1,186.6,80.5,122.6,45
2026-02-11 08:00:00,210.1,178.4,79.2,130.9,55
2026-02-11 09:00:00,207.9,182.4,82.5,125.4,51
2026-02-11 10:00:00,203.6,186.2,78.0,125.6,41
2026-02-11 11:00:00,213.7,186.6,81.6,132.1,57
2026-02-11 12:00:00,213.8,184.6,80.7,133.1,48
2026-02-11 13:00:00,213.9,192.4,84.5,129.4,53
2026-02-11 14:00:00,208.2,187.4,80.4,127.8,52
2026-02-11 15:00:00,208.0,173.4,80.9,127.1,59
2026-02-11 16:00:00,203.5,190.2,77.2,126.3,50
2026-02-11 17:00:00,209.5,188.0,78.7,130.8,49
2026-02-11 18:00:00,218.7,185.2,81.5,137.2,58
2026-02-11 19:00:00,198.4,190.6,81.4,117.0,40
2026-02-11 20:00:00,205.5,192.4,80.2,125.3,54
2026-02-11 21:00:00,201.6,180.0,77.9,123.7,51
2026-02-11 22:00:00,207.6,181.0,77.8,129.8,58
2026-02-11 23:00:00,205.8,180.8,79.5,126.3,53
2026-02-12 00:00:00,215.7,181.4,82.9,132.8,56
2026-02-12 01:00:00,192.8,185.6,80.8,112.0,45
2026-02-12 02:00:00,192.4,167.6,79.3,113.1,43
2026-02-12 03:00:00,212.8,177.8,80.1,132.7,45
2026-02-12 04:00:00,209.7,185.2,81.9,127.8,56
2026-02-12 05:00:00,201.3,184.6,80.0,121.3,51
2026-02-12 06:00:00,206.5,177.0,81.1,125.4,41
2026-02-12 07:00:00,200.5,185.2,81.8,118.7,49
2026-02-12 08:00:00,206.7,181.8,79.5,127.2,50
2026-02-12 09:00:00,202.5,184.6,82.7,119.8,49
2026-02-12 10:00:00,203.9,181.8,79.3,124.6,47
2026-02-12 11:00:00,209.7,177.4,78.2,131.5,50
2026-02-12 12:00:00,220.6,190.4,80.5,140.1,44
2026-02-12 13:00:00,197.8,180.6,80.1,117.7,45
2026-02-12 14:00:00,206.6,182.6,79.7,126.9,57
2026-02-12 15:00:00,202.0,181.4,76.0,126.0,44
2026-02-12 16:00:00,211.0,183.6,81.7,129.3,59
2026-02-12 17:00:00,206.4,170.2,78.1,128.3,46
2026-02-12 18:00:00,211.8,184.4,78.3,133.5,55
2026-02-12 19:00:00,204.8,187.6,82.5,122.3,47
2026-02-12 20:00:00,204.5,186.8,78.6,125.9,57
2026-02-12 21:00:00,202.1,179.6,76.4,125.7,58
2026-02-12 22:00:00,205.7,191.6,82.3,123.4,44
2026-02-12 23:00:00,205.0,188.6,79.7,125.3,50
2026-02-13 00:00:00,201.9,189.6,79.6,122.3,57
2026-02-13 01:00:00,217.4,182.6,77.8,139.6,51
2026-02-13 02:00:00,211.4,190.2,79.9,131.5,48
2026-02-13 03:00:00,193.5,176.2,78.4,115.1,56
2026-02-13 04:00:00,202.2,179.0,75.7,126.5,45
2026-02-13 05:00:00,214.4,186.8,83.0,131.4,59
2026-02-13 06:00:00,210.0,190.8,81.5,128.5,58
2026-02-13 07:00:00,199.9,182.2,79.1,120.8,42
2026-02-13 08:00:00,203.4,188.8,81.3,122.1,47
2026-02-13 09:00:00,198.9,182.8,81.1,117.8,46
2026-02-13 10:00:00,204.0,178.8,80.9,123.1,48
2026-02-13 11:00:00,197.0,190.0,79.7,117.3,43
2026-02-13 12:00:00,193.7,183.6,79.4,114.3,50
2026-02-13 13:00:00,200.7,186.4,81.2,119.5,41
2026-02-13 14:00:00,205.4,182.8,82.4,123.0,47
2026-02-13 15:00:00,198.1,173.8,78.7,119.4,45
2026-02-13 16:00:00,210.0,194.8,82.9,127.1,48
2026-02-13 17:00:00,197.6,190.4,77.4,120.2,44
2026-02-13 18:00:00,203.8,180.2,78.7,125.1,51
2026-02-13 19:00:00,213.5,182.2,79.8,133.7,55
2026-02-13 20:00:00,197.6,179.2,80.4,117.2,40
2026-02-13 21:00:00,200.0,188.2,80.5,119.5,41
2026-02-13 22:00:00,207.4,178.0,82.2,125.2,54
2026-02-13 23:00:00,201.7,192.4,79.5,122.2,55
2026-02-14 00:00:00,199.1,195.8,79.3,119.8,44
2026-02-14 01:00:00,205.9,179.0,79.7,126.2,50
2026-02-14 02:00:00,219.1,178.2,80.4,138.7,58
2026-02-14 03:00:00,199.2,191.2,80.6,118.6,40
2026-02-14 04:00:00,212.2,187.2,79.7,132.5,57
2026-02-14 05:00:00,198.4,177.6,80.2,118.2,44
2026-02-14 06:00:00,205.5,181.4,83.7,121.8,42
2026-02-14 07:00:00,206.4,183.0,82.1,124.3,55
2026-02-14 08:00:00,202.8,176.0,78.7,124.1,48
2026-02-14 09:00:00,204.5,188.2,83.7,120.8,40
2026-02-14 10:00:00,203.6,193.0,80.6,123.0,48
2026-02-14 11:00:00,203.4,184.6,80.4,123.0,41
2026-02-14 12:00:00,196.2,187.6,80.2,116.0,52
2026-02-14 13:00:00,198.9,183.8,75.1,123.8,56
2026-02-14 14:00:00,198.2,181.6,75.6,122.6,49
2026-02-14 15:00:00,203.8,178.2,79.3,124.5,59
2026-02-14 16:00:00,208.6,182.6,78.4,130.2,46
2026-02-14 17:00:00,199.8,184.8,78.2,121.6,57
2026-02-14 18:00:00,205.5,191.4,78.5,127.0,42
2026-02-14 19:00:00,200.8,188.0,79.1,121.7,50
2026-02-14 20:00:00,187.5,192.8,77.7,109.8,40
2026-02-14 21:00:00,196.8,188.4,80.2,116.6,44
2026-02-14 22:00:00,206.5,177.6,80.5,126.0,40
2026-02-14 23:00:00,201.7,179.8,83.1,118.6,49
2026-02-15 00:00:00,198.8,185.6,76.2,122.6,48
2026-02-15 01:00:00,208.1,189.8,80.4,127.7,56
2026-02-15 02:00:00,200.5,173.6,79.5,121.0,52
2026-02-15 03:00:00,209.8,180.4,81.1,128.7,57
2026-02-15 04:00:00,211.6,179.0,81.8,129.8,44
2026-02-15 05:00:00,210.6,179.6,78.2,132.4,48
2026-02-15 06:00:00,202.5,178.0,78.4,124.1,49
2026-02-15 07:00:00,199.9,183.4,82.5,117.4,53
2026-02-15 08:00:00,207.1,181.8,79.7,127.4,57
2026-02-15 09:00:00,201.5,173.8,79.9,121.6,45
2026-02-15 10:00:00,195.9,181.4,79.8,116.1,45
2026-02-15 11:00:00,201.7,186.2,79.5,122.2,46
2026-02-15 12:00:00,206.9,190.4,80.3,126.6,52
2026-02-15 13:00:00,198.2,179.0,75.8,122.4,45
2026-02-15 14:00:00,210.9,178.8,82.7,128.2,57
2026-02-15 15:00:00,203.1,178.4,76.7,126.4,58
2026-02-15 16:00:00,203.2,191.2,78.9,124.3,45
2026-02-15 17:00:00,204.5,177.8,79.3,125.2,48
2026-02-15 18:00:00,209.5,182.6,77.5,132.0,51
2026-02-15 19:00:00,203.7,182.8,76.9,126.8,46
2026-02-15 20:00:00,213.2,190.6,80.5,132.7,59
2026-02-15 21:00:00,211.6,185.8,81.1,130.5,59
2026-02-15 22:00:00,210.9,177.0,82.5,128.4,53
2026-02-15 23:00:00,215.5,195.8,83.6,131.9,58
2026-02-16 00:00:00,202.9,183.0,81.0,121.9,41
2026-02-16 01:00:00,215.3,189.2,78.2,137.1,55
2026-02-16 02:00:00,207.1,186.4,81.7,125.4,55
2026-02-16 03:00:00,206.1,187.4,76.3,129.8,59
2026-02-16 04:00:00,204.1,182.6,80.7,123.4,45
2026-02-16 05:00:00,203.9,185.0,80.4,123.5,47
2026-02-16 06:00:00,209.0,191.0,77.6,131.4,55
2026-02-16 07:00:00,199.7,184.8,78.8,120.9,45
2026-02-16 08:00:00,205.3,179.6,79.4,125.9,45
2026-02-16 09:00:00,202.4,180.8,79.6,122.8,51
2026-02-16 10:00:00,216.2,186.0,81.1,135.1,53
2026-02-16 11:00:00,200.0,175.4,82.5,117.5,44
2026-02-16 12:00:00,206.2,176.2,75.4,130.8,59
2026-02-16 13:00:00,213.5,175.6,79.3,134.2,59
2026-02-16 14:00:00,204.1,188.2,79.3,124.8,48
2026-02-16 15:00:00,206.5,195.6,77.8,128.7,43
2026-02-16 16:00:00,201.5,200.6,78.1,123.4,51
2026-02-16 17:00:00,202.6,191.0,78.2,124.4,56
2026-02-16 18:00:00,212.3,186.2,81.4,130.9,52
2026-02-16 19:00:00,192.3,188.6,82.5,109.8,40
2026-02-16 20:00:00,207.9,191.2,83.4,124.5,51
2026-02-16 21:00:00,200.0,188.2,80.5,119.5,54
2026-02-16 22:00:00,210.4,180.0,80.8,129.6,53
2026-02-16 23:00:00,197.1,197.4,79.3,117.8,48
2026-02-17 00:00:00,202.6,187.2,81.1,121.5,52
2026-02-17 01:00:00,209.5,189.6,82.7,126.8,52
2026-02-17 02:00:00,203.3,187.8,78.7,124.6,49
2026-02-17 03:00:00,212.8,196.4,79.2,133.6,57
2026-02-17 04:00:00,198.9,174.8,78.6,120.3,45
2026-02-17 05:00:00,216.7,179.6,81.7,135.0,55
2026-02-17 06:00:00,203.5,195.0,80.8,122.7,54
2026-02-17 07:00:00,222.9,179.0,79.4,143.5,56
2026-02-17 08:00:00,198.8,183.4,78.9,119.9,52
2026-02-17 09:00:00,199.1,186.4,78.2,120.9,49
2026-02-17 10:00:00,203.6,185.0,78.2,125.4,43
2026-02-17 11:00:00,201.9,191.4,78.6,123.3,54
2026-02-17 12:00:00,206.0,189.4,81.6,124.4,49
2026-02-17 13:00:00,206.1,180.2,81.2,124.9,47
2026-02-17 14:00:00,204.1,180.6,82.4,121.7,52
2026-02-17 15:00:00,201.6,189.4,81.0,120.6,44
2026-02-17 16:00:00,201.9,183.8,79.1,122.8,50
2026-02-17 17:00:00,200.5,177.6,79.6,120.9,52
2026-02-17 18:00:00,204.0,191.4,78.4,125.6,56
2026-02-17 19:00:00,205.5,190.4,80.7,124.8,55
2026-02-17 20:00:00,201.3,184.2,82.6,118.7,43
2026-02-17 21:00:00,196.9,180.6,79.5,117.4,46
2026-02-17 22:00:00,209.7,198.2,81.5,128.2,47
2026-02-17 23:00:00,205.2,168.0,80.4,124.8,51
2026-02-18 00:00:00,202.4,176.8,79.7,122.7,41
2026-02-18 01:00:00,206.6,185.2,81.6,125.0,54
2026-02-18 02:00:00,208.6,189.0,83.6,125.0,43
2026-02-18 03:00:00,204.3,180.6,79.8,124.5,46
2026-02-18 04:00:00,207.6,188.2,80.8,126.8,48
2026-02-18 05:00:00,198.2,190.0,81.3,116.9,49
2026-02-18 06:00:00,204.4,185.6,78.8,125.6,43
2026-02-18 07:00:00,200.3,184.4,81.9,118.4,40
2026-02-18 08:00:00,209.6,184.6,78.3,131.3,59
2026-02-18 09:00:00,199.1,181.8,76.9,122.2,46
2026-02-18 10:00:00,197.1,187.6,76.8,120.3,57
2026-02-18 11:00:00,208.1,187.0,80.9,127.2,53
2026-02-18 12:00:00,212.6,177.6,80.7,131.9,59
2026-02-18 13:00:00,212.7,182.6,80.4,132.3,54
2026-02-18 14:00:00,192.6,183.0,79.0,113.6,58
2026-02-18 15:00:00,208.1,176.4,82.5,125.6,53
2026-02-18 16:00:00,197.2,187.6,77.9,119.3,52
2026-02-18 17:00:00,210.1,190.6,81.0,129.1,52
2026-02-18 18:00:00,206.2,186.0,79.6,126.6,57
2026-02-18 19:00:00,209.9,184.8,82.3,127.6,53
2026-02-18 20:00:00,209.8,182.8,81.2,128.6,41
2026-02-18 21:00:00,211.8,185.4,82.7,129.1,56
2026-02-18 22:00:00,210.7,188.4,80.3,130.4,56
2026-02-18 23:00:00,203.9,194.6,76.7,127.2,55
2026-02-19 00:00:00,196.7,191.8,81.8,114.9,53
2026-02-19 01:00:00,194.6,194.2,78.8,115.8,44
2026-02-19 02:00:00,201.7,185.2,83.4,118.3,52
2026-02-19 03:00:00,209.4,196.8,81.0,128.4,53
2026-02-19 04:00:00,198.1,191.0,80.4,117.7,41
2026-02-19 05:00:00,196.8,184.2,79.0,117.8,49
2026-02-19 06:00:00,208.0,190.4,80.8,127.2,56
2026-02-19 07:00:00,214.4,191.4,77.1,137.3,59
2026-02-19 08:00:00,209.7,193.0,77.3,132.4,49
2026-02-19 09:00:00,204.5,182.2,78.3,126.2,42
2026-02-19 10:00:00,196.5,189.2,78.0,118.5,42
2026-02-19 11:00:00,209.9,185.0,82.3,127.6,57
2026-02-19 12:00:00,214.5,184.2,81.7,132.8,59
2026-02-19 13:00:00,200.0,188.4,79.9,120.1,58
2026-02-19 14:00:00,201.0,195.0,79.3,121.7,57
2026-02-19 15:00:00,209.4,176.6,79.5,129.9,53
2026-02-19 16:00:00,206.9,188.6,84.5,122.4,53
2026-02-19 17:00:00,196.7,200.8,80.5,116.2,42
2026-02-19 18:00:00,194.9,190.8,79.2,115.7,53
2026-02-19 19:00:00,196.1,193.4,78.5,117.6,54
2026-02-19 20:00:00,198.7,182.6,81.1,117.6,49
2026-02-19 21:00:00,210.2,182.8,80.9,129.3,50
2026-02-19 22:00:00,214.9,193.8,79.2,135.7,59
2026-02-19 23:00:00,200.7,199.0,80.2,120.5,44
2026-02-20 00:00:00,207.0,194.8,79.4,127.6,46
2026-02-20 01:00:00,207.2,186.0,80.9,126.3,53
2026-02-20 02:00:00,210.4,184.2,82.8,127.6,58
2026-02-20 03:00:00,195.4,190.0,82.6,112.8,43
2026-02-20 04:00:00,193.1,186.8,78.7,114.4,41
2026-02-20 05:00:00,214.7,182.8,84.0,130.7,58
2026-02-20 06:00:00,194.4,187.0,77.4,117.0,52
2026-02-20 07:00:00,214.7,184.2,80.4,134.3,52
2026-02-20 08:00:00,208.3,186.2,82.9,125.4,48
2026-02-20 09:00:00,205.3,188.0,78.3,127.0,56
2026-02-20 10:00:00,202.4,186.4,83.6,118.8,50
2026-02-20 11:00:00,208.2,187.2,80.1,128.1,51
2026-02-20 12:00:00,210.5,187.0,80.7,129.8,48
2026-02-20 13:00:00,206.2,193.0,79.9,126.3,51
2026-02-20 14:00:00,193.3,186.6,79.2,114.1,40
2026-02-20 15:00:00,208.8,180.4,76.9,131.9,51
2026-02-20 16:00:00,203.3,192.2,81.3,122.0,44
2026-02-20 17:00:00,211.9,192.0,83.9,128.0,58
2026-02-20 18:00:00,200.1,183.2,76.0,124.1,40
2026-02-20 19:00:00,198.3,175.2,80.0,118.3,55
2026-02-20 20:00:00,203.4,188.6,80.3,123.1,41
2026-02-20 21:00:00,203.1,183.8,82.7,120.4,53
2026-02-20 22:00:00,205.9,194.0,80.2,125.7,47
2026-02-20 23:00:00,216.8,183.6,82.1,134.7,48
2026-02-21 00:00:00,211.2,189.6,81.0,130.2,54
2026-02-21 01:00:00,207.6,187.8,81.4,126.2,53
2026-02-21 02:00:00,213.2,186.8,80.3,132.9,54
2026-02-21 03:00:00,210.6,191.8,79.8,130.8,55
2026-02-21 04:00:00,201.4,192.0,81.6,119.8,53
2026-02-21 05:00:00,198.4,178.6,78.4,120.0,40
2026-02-21 06:00:00,203.1,182.0,81.8,121.3,45
2026-02-21 07:00:00,209.1,191.8,82.5,126.6,51
2026-02-21 08:00:00,203.1,187.8,79.1,124.0,57
2026-02-21 09:00:00,204.3,191.2,75.7,128.6,54
2026-02-21 10:00:00,199.9,187.0,82.9,117.0,47
2026-02-21 11:00:00,212.4,191.4,78.8,133.6,48
2026-02-21 12:00:00,206.3,203.2,81.7,124.6,53
2026-02-21 13:00:00,202.2,191.2,78.4,123.8,49
2026-02-21 14:00:00,212.0,182.4,79.7,132.3,51
2026-02-21 15:00:00,205.9,184.0,80.5,125.4,59
2026-02-21 16:00:00,213.6,183.2,80.1,133.5,48
2026-02-21 17:00:00,203.7,188.2,79.7,124.0,48
2026-02-21 18:00:00,200.8,176.6,77.2,123.6,55
2026-02-21 19:00:00,204.3,187.0,78.7,125.6,53
2026-02-21 20:00:00,207.7,198.6,81.0,126.7,50
2026-02-21 21:00:00,205.2,188.2,81.1,124.1,55
2026-02-21 22:00:00,205.1,187.0,78.5,126.6,46
2026-02-21 23:00:00,196.1,189.8,76.6,119.5,55
2026-02-22 00:00:00,205.6,197.0,81.8,123.8,50
2026-02-22 01:00:00,196.8,191.0,77.6,119.2,44
2026-02-22 02:00:00,189.3,188.6,76.3,113.0,45
2026-02-22 03:00:00,200.0,188.4,81.9,118.1,40
2026-02-22 04:00:00,212.4,192.2,80.7,131.7,56
2026-02-22 05:00:00,207.6,177.8,82.5,125.1,56
2026-02-22 06:00:00,202.3,186.0,81.0,121.3,52
2026-02-22 07:00:00,201.0,190.4,78.2,122.8,55
2026-02-22 08:00:00,213.0,184.0,82.1,130.9,57
2026-02-22 09:00:00,202.3,191.0,82.9,119.4,41
2026-02-22 10:00:00,207.6,197.2,79.6,128.0,50
2026-02-22 11:00:00,210.5,180.8,82.0,128.5,50
2026-02-22 12:00:00,214.9,187.8,83.3,131.6,44
2026-02-22 13:00:00,208.0,195.4,79.4,128.6,44
2026-02-22 14:00:00,205.7,188.4,79.2,126.5,50
2026-02-22 15:00:00,212.7,191.6,85.6,127.1,49
2026-02-22 16:00:00,209.8,190.0,81.3,128.5,55
2026-02-22 17:00:00,203.5,192.2,79.5,124.0,54
2026-02-22 18:00:00,199.2,180.0,80.6,118.6,40
2026-02-22 19:00:00,192.5,193.4,76.4,116.1,42
2026-02-22 20:00:00,214.8,189.2,78.5,136.3,56
2026-02-22 21:00:00,192.9,189.0,78.2,114.7,44
2026-02-22 22:00:00,202.5,192.8,83.7,118.8,52
2026-02-22 23:00:00,208.3,189.4,81.2,127.1,42
2026-02-23 00:00:00,204.9,179.2,80.3,124.6,48
2026-02-23 01:00:00,200.9,183.4,77.9,123.0,42
2026-02-23 02:00:00,197.2,193.2,80.7,116.5,43
2026-02-23 03:00:00,206.6,192.8,78.1,128.5,56
2026-02-23 04:00:00,197.0,187.4,78.7,118.3,47
2026-02-23 05:00:00,201.6,184.6,80.3,121.3,50
2026-02-23 06:00:00,209.5,198.6,81.7,127.8,46
2026-02-23 07:00:00,210.7,185.8,80.1,130.6,56
2026-02-23 08:00:00,202.6,184.0,77.5,125.1,53
2026-02-23 09:00:00,211.8,182.4,80.1,131.7,54
2026-02-23 10:00:00,192.9,189.8,78.9,114.0,40
2026-02-23 11:00:00,203.8,188.8,83.0,120.8,54
2026-02-23 12:00:00,187.7,192.2,80.8,106.9,55
2026-02-23 13:00:00,205.1,177.0,76.7,128.4,55
2026-02-23 14:00:00,207.4,187.6,82.3,125.1,55
2026-02-23 15:00:00,197.6,186.0,79.2,118.4,47
2026-02-23 16:00:00,209.4,183.4,80.9,128.5,51
2026-02-23 17:00:00,206.8,189.6,79.6,127.2,52
2026-02-23 18:00:00,204.6,187.2,76.7,127.9,44
2026-02-23 19:00:00,206.5,168.4,79.6,126.9,56
2026-02-23 20:00:00,221.2,190.4,81.5,139.7,58
2026-02-23 21:00:00,208.2,183.8,78.1,130.1,57
2026-02-23 22:00:00,201.9,189.4,80.9,121.0,45
2026-02-23 23:00:00,207.4,196.4,79.1,128.3,51
2026-02-24 00:00:00,208.7,192.2,82.4,126.3,47
2026-02-24 01:00:00,199.0,195.4,81.3,117.7,46
2026-02-24 02:00:00,205.8,196.6,77.3,128.5,52
2026-02-24 03:00:00,197.0,188.8,81.5,115.5,45
2026-02-24 04:00:00,203.7,190.8,81.6,122.1,46
2026-02-24 05:00:00,209.4,185.2,82.5,126.9,55
2026-02-24 06:00:00,205.2,189.4,77.3,127.9,52
2026-02-24 07:00:00,207.2,192.6,78.8,128.4,45
2026-02-24 08:00:00,210.9,194.8,78.3,132.6,57
2026-02-24 09:00:00,204.8,188.0,79.6,125.2,45
2026-02-24 10:00:00,203.7,194.8,80.2,123.5,40
2026-02-24 11:00:00,205.6,194.8,79.6,126.0,52
2026-02-24 12:00:00,198.6,192.2,77.4,121.2,40
2026-02-24 13:00:00,206.1,189.6,81.9,124.2,58
2026-02-24 14:00:00,201.3,187.6,79.7,121.6,45
2026-02-24 15:00:00,207.2,188.6,80.2,127.0,52
2026-02-24 16:00:00,212.1,190.6,82.5,129.6,43
2026-02-24 17:00:00,202.8,182.6,79.9,122.9,40
2026-02-24 18:00:00,206.1,180.0,83.7,122.4,47
2026-02-24 19:00:00,195.3,196.0,76.2,119.1,48
2026-02-24 20:00:00,197.4,176.2,80.0,117.4,45
2026-02-24 21:00:00,213.8,185.2,78.8,135.0,55
2026-02-24 22:00:00,194.2,189.0,76.3,117.9,40
2026-02-24 23:00:00,211.8,186.0,77.2,134.6,51
2026-02-25 00:00:00,198.6,193.4,78.4,120.2,41
2026-02-25 01:00:00,197.5,192.8,76.3,121.2,44
2026-02-25 02:00:00,192.6,186.2,80.7,111.9,45
2026-02-25 03:00:00,204.8,184.0,83.0,121.8,50
2026-02-25 04:00:00,200.4,188.6,80.2,120.2,51
2026-02-25 05:00:00,213.3,190.4,81.2,132.1,47
2026-02-25 06:00:00,203.4,183.6,80.2,123.2,40
2026-02-25 07:00:00,216.0,197.6,82.6,133.4,58
2026-02-25 08:00:00,197.4,187.2,79.6,117.8,40
2026-02-25 09:00:00,197.8,184.6,77.9,119.9,43
2026-02-25 10:00:00,203.4,192.2,76.6,126.8,45
2026-02-25 11:00:00,205.5,177.0,79.9,125.6,57
2026-02-25 12:00:00,204.3,198.4,80.1,124.2,47
2026-02-25 13:00:00,198.4,174.0,79.2,119.2,57
2026-02-25 14:00:00,209.4,191.8,79.3,130.1,55
2026-02-25 15:00:00,198.2,190.4,79.8,118.4,57
2026-02-25 16:00:00,199.4,188.0,81.8,117.6,43
2026-02-25 17:00:00,206.0,190.6,78.8,127.2,58
2026-02-25 18:00:00,210.8,196.6,82.3,128.5,54
2026-02-25 19:00:00,206.8,186.4,76.8,130.0,47
2026-02-25 20:00:00,211.9,195.2,80.5,131.4,46
2026-02-25 21:00:00,194.8,181.6,76.9,117.9,59
2026-02-25 22:00:00,206.5,184.0,79.4,127.1,46
2026-02-25 23:00:00,202.4,187.0,79.4,123.0,56
2026-02-26 00:00:00,198.7,198.2,79.1,119.6,51
2026-02-26 01:00:00,201.5,194.6,80.7,120.8,43
2026-02-26 02:00:00,202.8,194.8,81.6,121.2,43
2026-02-26 03:00:00,204.8,187.6,77.7,127.1,53
2026-02-26 04:00:00,210.8,184.6,78.4,132.4,48
2026-02-26 05:00:00,213.4,188.8,80.8,132.6,49
2026-02-26 06:00:00,202.0,194.2,78.7,123.3,52
2026-02-26 07:00:00,199.5,190.2,76.2,123.3,53
2026-02-26 08:00:00,203.4,186.2,80.6,122.8,54
2026-02-26 09:00:00,204.9,190.6,77.2,127.7,55
2026-02-26 10:00:00,203.3,180.2,78.5,124.8,48
2026-02-26 11:00:00,207.8,196.6,79.3,128.5,54
2026-02-26 12:00:00,202.3,201.4,80.7,121.6,56
2026-02-26 13:00:00,200.8,191.2,82.3,118.5,42
2026-02-26 14:00:00,215.6,181.0,84.4,131.2,40
2026-02-26 15:00:00,200.6,195.0,80.0,120.6,45
2026-02-26 16:00:00,213.3,190.0,80.6,132.7,58
2026-02-26 17:00:00,212.4,187.2,80.8,131.6,59
2026-02-26 18:00:00,201.7,193.6,77.4,124.3,45
2026-02-26 19:00:00,208.3,179.0,75.1,133.2,55
2026-02-26 20:00:00,212.2,192.4,76.6,135.6,57
2026-02-26 21:00:00,205.5,190.4,79.2,126.3,59
2026-02-26 22:00:00,204.5,194.6,80.3,124.2,52
2026-02-26 23:00:00,205.2,182.6,83.3,121.9,40
2026-02-27 00:00:00,205.8,181.6,77.3,128.5,54
2026-02-27 01:00:00,210.8,195.4,80.2,130.6,57
2026-02-27 02:00:00,205.2,191.4,79.9,125.3,56
2026-02-27 03:00:00,208.5,195.2,80.5,128.0,48
2026-02-27 04:00:00,195.1,179.6,81.6,113.5,41
2026-02-27 05:00:00,193.8,190.8,78.6,115.2,44
2026-02-27 06:00:00,205.2,194.2,78.3,126.9,46
2026-02-27 07:00:00,200.7,181.2,77.6,123.1,52
2026-02-27 08:00:00,209.3,195.6,82.2,127.1,46
2026-02-27 09:00:00,208.9,192.2,81.2,127.7,42
2026-02-27 10:00:00,211.5,193.2,79.3,132.2,51
2026-02-27 11:00:00,205.5,187.8,81.6,123.9,44
2026-02-27 12:00:00,212.7,199.8,83.4,129.3,58
2026-02-27 13:00:00,212.2,193.8,85.3,126.9,57
2026-02-27 14:00:00,212.3,197.6,84.0,128.3,43
2026-02-27 15:00:00,202.3,189.6,80.0,122.3,55
2026-02-27 16:00:00,204.3,183.2,80.9,123.4,54
2026-02-27 17:00:00,205.2,200.8,78.0,127.2,46
2026-02-27 18:00:00,193.7,188.8,79.5,114.2,52
2026-02-27 19:00:00,198.1,184.0,79.0,119.1,53
2026-02-27 20:00:00,205.9,186.6,79.0,126.9,47
2026-02-27 21:00:00,198.3,186.0,77.1,121.2,42
2026-02-27 22:00:00,209.4,189.6,80.1,129.3,54
2026-02-27 23:00:00,213.8,186.2,81.7,132.1,45
2026-02-28 00:00:00,209.2,189.4,81.7,127.5,43
2026-02-28 01:00:00,192.2,194.0,78.1,114.1,45
2026-02-28 02:00:00,211.7,185.2,80.8,130.9,52
2026-02-28 03:00:00,208.1,186.2,80.4,127.7,56
2026-02-28 04:00:00,208.5,203.6,78.7,129.8,57
2026-02-28 05:00:00,201.3,185.0,78.3,123.0,50
2026-02-28 06:00:00,207.0,176.6,79.2,127.8,55
2026-02-28 07:00:00,202.7,178.6,80.1,122.6,47
2026-02-28 08:00:00,210.7,185.6,78.3,132.4,48
2026-02-28 09:00:00,197.3,189.6,78.3,119.0,48
2026-02-28 10:00:00,206.2,192.2,75.0,131.2,56
2026-02-28 11:00:00,203.7,190.4,78.9,124.8,43
2026-02-28 12:00:00,196.4,194.6,78.4,118.0,40
2026-02-28 13:00:00,196.2,189.2,78.8,117.4,46
2026-02-28 14:00:00,207.6,192.4,82.3,125.3,46
2026-02-28 15:00:00,202.2,188.6,77.9,124.3,50
2026-02-28 16:00:00,202.6,189.6,78.3,124.3,57
2026-02-28 17:00:00,207.1,192.8,77.3,129.8,54
2026-02-28 18:00:00,208.6,189.2,81.4,127.2,56
2026-02-28 19:00:00,211.6,201.0,78.4,133.2,49
2026-02-28 20:00:00,192.9,197.0,77.7,115.2,45
2026-02-28 21:00:00,202.2,186.8,80.2,122.0,43
2026-02-28 22:00:00,194.3,189.6,80.1,114.2,55
2026-02-28 23:00:00,204.7,192.4,80.7,124.0,46
2026-03-01 00:00:00,202.4,190.2,80.1,122.3,41
2026-03-01 01:00:00,208.5,186.4,80.0,128.5,58
2026-03-01 02:00:00,209.8,190.2,78.9,130.9,50
2026-03-01 03:00:00,199.2,188.0,78.4,120.8,54
2026-03-01 04:00:00,202.3,193.6,77.2,125.1,49
2026-03-01 05:00:00,210.8,190.2,81.7,129.1,51
2026-03-01 06:00:00,198.5,194.8,78.1,120.4,57
2026-03-01 07:00:00,205.1,189.2,79.4,125.7,46
2026-03-01 08:00:00,206.6,194.0,75.6,131.0,59
2026-03-01 09:00:00,195.7,183.4,78.9,116.8,59
2026-03-01 10:00:00,201.6,182.8,76.9,124.7,47
2026-03-01 11:00:00,218.2,191.4,80.8,137.4,50
2026-03-01 12:00:00,212.1,194.2,82.3,129.8,57
2026-03-01 13:00:00,209.0,194.6,79.1,129.9,59
2026-03-01 14:00:00,203.4,195.8,79.7,123.7,52
2026-03-01 15:00:00,213.2,194.8,78.5,134.7,52
2026-03-01 16:00:00,209.3,194.0,82.3,127.0,48
2026-03-01 17:00:00,207.9,192.6,78.8,129.1,58
2026-03-01 18:00:00,208.7,193.6,81.3,127.4,54
2026-03-01 19:00:00,200.8,187.8,76.1,124.7,58
2026-03-01 20:00:00,210.0,198.6,79.0,131.0,52
2026-03-01 21:00:00,201.2,173.4,78.7,122.5,43
2026-03-01 22:00:00,192.9,188.6,78.6,114.3,41
2026-03-01 23:00:00,211.6,190.0,80.8,130.8,55
2026-03-02 00:00:00,212.9,195.2,79.3,133.6,55
2026-03-02 01:00:00,216.9,183.8,82.9,134.0,55
2026-03-02 02:00:00,210.9,185.6,78.7,132.2,50
2026-03-02 03:00:00,208.9,175.0,82.3,126.6,42
2026-03-02 04:00:00,201.6,197.6,79.2,122.4,58
2026-03-02 05:00:00,215.4,189.4,79.0,136.4,54
2026-03-02 06:00:00,190.5,191.0,76.8,113.7,48
2026-03-02 07:00:00,197.1,193.8,79.7,117.4,46
2026-03-02 08:00:00,220.2,203.6,80.2,140.0,52
2026-03-02 09:00:00,199.4,188.6,81.2,118.2,40
2026-03-02 10:00:00,203.3,185.6,77.2,126.1,55
2026-03-02 11:00:00,209.5,196.2,79.0,130.5,53
2026-03-02 12:00:00,207.1,193.4,78.2,128.9,51
2026-03-02 13:00:00,204.4,192.8,81.8,122.6,41
2026-03-02 14:00:00,207.3,178.2,79.8,127.5,46
2026-03-02 15:00:00,197.9,195.4,77.9,120.0,43
2026-03-02 16:00:00,207.8,187.4,79.7,128.1,46
2026-03-02 17:00:00,196.1,187.4,78.3,117.8,43
2026-03-02 18:00:00,200.3,188.4,79.7,120.6,46
2026-03-02 19:00:00,195.1,210.0,82.4,112.7,41
2026-03-02 20:00:00,201.9,196.2,81.6,120.3,40
2026-03-02 21:00:00,201.8,198.2,80.2,121.6,50
2026-03-02 22:00:00,194.4,191.8,78.8,115.6,41
2026-03-02 23:00:00,207.5,189.6,80.5,127.0,59
2026-03-03 00:00:00,206.1,188.2,80.4,125.7,53
2026-03-03 01:00:00,200.1,194.0,77.9,122.2,45
2026-03-03 02:00:00,203.2,186.2,82.4,120.8,48
2026-03-03 03:00:00,207.8,192.4,82.5,125.3,48
2026-03-03 04:00:00,207.0,199.4,84.2,122.8,49
2026-03-03 05:00:00,216.9,201.2,86.2,130.7,58
2026-03-03 06:00:00,204.7,185.4,81.9,122.8,46
2026-03-03 07:00:00,200.4,184.6,81.4,119.0,54
2026-03-03 08:00:00,207.3,197.4,79.1,128.2,45
2026-03-03 09:00:00,211.2,190.0,82.0,129.2,56
2026-03-03 10:00:00,198.5,204.0,80.3,118.2,42
2026-03-03 11:00:00,204.5,193.2,76.2,128.3,58
2026-03-03 12:00:00,202.1,194.0,77.7,124.4,52
2026-03-03 13:00:00,215.4,182.2,81.7,133.7,58
2026-03-03 14:00:00,206.6,186.0,79.4,127.2,46
2026-03-03 15:00:00,199.8,187.2,79.2,120.6,50
2026-03-03 16:00:00,211.6,186.8,82.4,129.2,49
2026-03-03 17:00:00,197.4,181.2,78.1,119.3,50
2026-03-03 18:00:00,202.2,198.4,80.9,121.3,46
2026-03-03 19:00:00,205.2,195.0,80.0,125.2,56
2026-03-03 20:00:00,210.1,200.8,80.1,130.0,53
2026-03-03 21:00:00,210.0,191.6,79.6,130.4,59
2026-03-03 22:00:00,204.5,193.4,81.5,123.0,45
2026-03-03 23:00:00,207.8,200.0,78.3,129.5,51
2026-03-04 00:00:00,206.7,194.8,79.3,127.4,52
2026-03-04 01:00:00,213.2,196.2,85.1,128.1,46
2026-03-04 02:00:00,209.1,190.8,80.4,128.7,51
2026-03-04 03:00:00,202.4,191.6,78.9,123.5,41
2026-03-04 04:00:00,210.5,191.6,82.4,128.1,47
2026-03-04 05:00:00,205.9,196.2,76.6,129.3,45
2026-03-04 06:00:00,202.8,192.6,78.8,124.0,41
2026-03-04 07:00:00,210.3,202.2,77.3,133.0,56
2026-03-04 08:00:00,204.1,198.6,80.3,123.8,49
2026-03-04 09:00:00,214.1,192.0,79.7,134.4,43
2026-03-04 10:00:00,211.4,195.6,77.7,133.7,55
2026-03-04 11:00:00,205.5,190.4,79.1,126.4,49
2026-03-04 12:00:00,201.7,201.2,79.7,122.0,48
2026-03-04 13:00:00,196.6,206.2,79.4,117.2,41
2026-03-04 14:00:00,202.3,193.0,78.4,123.9,41
2026-03-04 15:00:00,211.7,204.0,82.5,129.2,50
2026-03-04 16:00:00,212.1,190.4,80.0,132.1,45
2026-03-04 17:00:00,207.6,197.0,78.9,128.7,58
2026-03-04 18:00:00,207.7,199.6,84.0,123.7,41
2026-03-04 19:00:00,205.6,206.4,79.0,126.6,58
2026-03-04 20:00:00,193.3,188.6,76.2,117.1,47
2026-03-04 21:00:00,200.2,187.8,79.1,121.1,46
2026-03-04 22:00:00,204.1,195.6,80.1,124.0,50
2026-03-04 23:00:00,201.4,193.2,82.8,118.6,48
2026-03-05 00:00:00,204.2,190.2,78.6,125.6,50
2026-03-05 01:00:00,209.6,191.8,81.5,128.1,41
2026-03-05 02:00:00,211.0,189.0,82.3,128.7,48
2026-03-05 03:00:00,211.6,199.4,81.8,129.8,45
2026-03-05 04:00:00,214.7,199.8,84.0,130.7,54
2026-03-05 05:00:00,189.6,200.4,78.4,111.2,40
2026-03-05 06:00:00,215.0,193.6,83.1,131.9,58
2026-03-05 07:00:00,205.8,193.8,80.5,125.3,54
2026-03-05 08:00:00,210.5,189.2,77.9,132.6,51
2026-03-05 09:00:00,194.1,210.4,78.1,116.0,43
2026-03-05 10:00:00,202.7,200.8,78.6,124.1,42
2026-03-05 11:00:00,206.5,191.0,79.0,127.5,50
2026-03-05 12:00:00,203.2,189.8,80.9,122.3,51
2026-03-05 13:00:00,213.2,199.0,81.1,132.1,56
2026-03-05 14:00:00,197.3,194.2,81.5,115.8,42
2026-03-05 15:00:00,209.2,175.0,80.1,129.1,56
2026-03-05 16:00:00,205.4,180.6,79.4,126.0,45
2026-03-05 17:00:00,207.3,183.4,77.3,130.0,51
2026-03-05 18:00:00,204.5,194.0,81.8,122.7,42
2026-03-05 19:00:00,198.6,201.0,80.1,118.5,52
2026-03-05 20:00:00,207.7,189.8,82.3,125.4,45
2026-03-05 21:00:00,206.9,200.2,80.3,126.6,53
2026-03-05 22:00:00,204.9,199.0,77.8,127.1,56
2026-03-05 23:00:00,199.2,202.4,82.0,117.2,49
2026-03-06 00:00:00,203.1,190.4,83.6,119.5,56
2026-03-06 01:00:00,197.8,204.2,77.6,120.2,52
2026-03-06 02:00:00,202.9,192.6,81.8,121.1,50
2026-03-06 03:00:00,208.0,198.4,79.3,128.7,59
2026-03-06 04:00:00,203.5,190.2,79.9,123.6,43
2026-03-06 05:00:00,208.5,194.2,78.2,130.3,57
2026-03-06 06:00:00,208.2,189.6,82.6,125.6,40
2026-03-06 07:00:00,205.9,199.0,79.4,126.5,54
2026-03-06 08:00:00,205.9,188.4,80.7,125.2,45
2026-03-06 09:00:00,209.4,188.2,82.8,126.6,47
2026-03-06 10:00:00,201.4,198.2,83.3,118.1,57
2026-03-06 11:00:00,194.7,186.6,77.0,117.7,41
2026-03-06 12:00:00,207.4,201.4,79.5,127.9,45
2026-03-06 13:00:00,205.4,199.4,81.2,124.2,56
2026-03-06 14:00:00,205.6,190.4,79.5,126.1,58
2026-03-06 15:00:00,204.6,187.6,76.8,127.8,45
2026-03-06 16:00:00,209.5,186.6,76.7,132.8,59
2026-03-06 17:00:00,199.2,185.0,78.6,120.6,52
2026-03-06 18:00:00,206.4,207.6,81.6,124.8,48
2026-03-06 19:00:00,204.1,195.0,78.9,125.2,43
2026-03-06 20:00:00,196.2,190.4,75.8,120.4,43
2026-03-06 21:00:00,202.7,185.6,79.2,123.5,59
2026-03-06 22:00:00,205.0,189.6,78.6,126.4,43
2026-03-06 23:00:00,206.5,194.2,83.9,122.6,40
2026-03-07 00:00:00,210.7,188.6,79.3,131.4,50
2026-03-07 01:00:00,210.6,185.8,78.7,131.9,55
2026-03-07 02:00:00,205.2,190.4,78.3,126.9,48
2026-03-07 03:00:00,194.3,199.8,79.1,115.2,50
2026-03-07 04:00:00,204.3,184.6,81.8,122.5,44
2026-03-07 05:00:00,200.7,194.0,80.9,119.8,51
2026-03-07 06:00:00,210.8,195.4,80.9,129.9,42
2026-03-07 07:00:00,207.0,193.0,80.8,126.2,46
2026-03-07 08:00:00,206.6,196.2,83.0,123.6,44
2026-03-07 09:00:00,209.3,190.6,80.6,128.7,56
2026-03-07 10:00:00,195.6,197.4,79.8,115.8,47
2026-03-07 11:00:00,209.2,190.8,79.0,130.2,51
2026-03-07 12:00:00,207.0,196.4,79.1,127.9,45
2026-03-07 13:00:00,205.3,190.0,81.4,123.9,49
2026-03-07 14:00:00,206.8,201.6,78.5,128.3,52
2026-03-07 15:00:00,202.6,205.6,81.3,121.3,44
2026-03-07 16:00:00,212.6,188.0,77.9,134.7,58
2026-03-07 17:00:00,204.5,191.2,77.7,126.8,57
2026-03-07 18:00:00,208.1,190.6,77.5,130.6,54
2026-03-07 19:00:00,211.3,191.2,83.4,127.9,49
2026-03-07 20:00:00,200.0,198.0,82.0,118.0,44
2026-03-07 21:00:00,200.9,195.0,82.2,118.7,42
2026-03-07 22:00:00,204.5,194.6,79.1,125.4,46
2026-03-07 23:00:00,217.0,193.6,79.1,137.9,59
2026-03-08 00:00:00,203.8,190.4,82.0,121.8,47
2026-03-08 01:00:00,209.2,206.4,82.3,126.9,50
2026-03-08 02:00:00,209.8,192.2,79.9,129.9,54
2026-03-08 03:00:00,196.5,197.2,79.5,117.0,45
2026-03-08 04:00:00,203.2,196.0,80.9,122.3,53
2026-03-08 05:00:00,205.3,194.6,79.8,125.5,41
2026-03-08 06:00:00,209.5,199.2,78.9,130.6,56
2026-03-08 07:00:00,210.9,192.0,78.8,132.1,44
2026-03-08 08:00:00,212.0,195.4,80.1,131.9,56
2026-03-08 09:00:00,197.8,195.0,78.9,118.9,44
2026-03-08 10:00:00,198.1,189.4,79.0,119.1,44
2026-03-08 11:00:00,200.7,207.4,80.7,120.0,41
2026-03-08 12:00:00,216.1,197.4,82.9,133.2,59
2026-03-08 13:00:00,203.7,194.0,81.4,122.3,42
2026-03-08 14:00:00,190.1,197.8,76.4,113.7,40
2026-03-08 15:00:00,203.4,201.8,81.1,122.3,48
2026-03-08 16:00:00,188.2,192.4,77.1,111.1,42
2026-03-08 17:00:00,207.9,195.4,82.0,125.9,55
2026-03-08 18:00:00,204.5,198.8,78.9,125.6,58
2026-03-08 19:00:00,203.5,201.8,77.5,126.0,50
2026-03-08 20:00:00,206.2,190.4,80.1,126.1,57
2026-03-08 21:00:00,193.3,195.6,76.9,116.4,40
2026-03-08 22:00:00,210.7,198.6,79.6,131.1,56
2026-03-08 23:00:00,210.2,194.0,80.2,130.0,50
2026-03-09 00:00:00,200.4,193.4,80.5,119.9,47
2026-03-09 01:00:00,210.2,199.2,81.8,128.4,45
2026-03-09 02:00:00,210.7,189.2,80.2,130.5,50
2026-03-09 03:00:00,209.0,199.2,79.7,129.3,53
2026-03-09 04:00:00,201.9,197.6,76.9,125.0,59
2026-03-09 05:00:00,203.2,192.0,78.8,124.4,58
2026-03-09 06:00:00,194.1,197.2,75.6,118.5,40
2026-03-09 07:00:00,192.2,187.2,81.0,111.2,48
2026-03-09 08:00:00,210.0,205.8,81.4,128.6,54
2026-03-09 09:00:00,202.9,192.0,78.8,124.1,54
2026-03-09 10:00:00,207.4,191.8,81.2,126.2,50
2026-03-09 11:00:00,199.7,188.2,76.7,123.0,44
2026-03-09 12:00:00,209.4,200.4,81.8,127.6,40
2026-03-09 13:00:00,206.6,192.2,80.9,125.7,50
2026-03-09 14:00:00,199.5,193.8,79.7,119.8,52
2026-03-09 15:00:00,201.2,201.4,76.9,124.3,54
2026-03-09 16:00:00,200.7,192.6,79.0,121.7,56
2026-03-09 17:00:00,214.6,184.8,78.4,136.2,42
2026-03-09 18:00:00,210.6,183.4,83.9,126.7,56
2026-03-09 19:00:00,206.4,191.8,82.2,124.2,55
2026-03-09 20:00:00,205.9,194.2,80.9,125.0,55
2026-03-09 21:00:00,203.5,190.6,80.2,123.3,50
2026-03-09 22:00:00,204.4,192.4,78.0,126.4,59
2026-03-09 23:00:00,204.6,190.6,83.3,121.3,46
2026-03-10 00:00:00,201.4,192.4,76.4,125.0,50
2026-03-10 01:00:00,199.4,197.6,77.0,122.4,43
2026-03-10 02:00:00,205.1,197.6,81.4,123.7,46
2026-03-10 03:00:00,210.2,189.6,81.0,129.2,59
2026-03-10 04:00:00,198.2,199.0,77.5,120.7,48
2026-03-10 05:00:00,193.6,203.4,75.7,117.9,45
2026-03-10 06:00:00,191.5,200.2,77.4,114.1,57
2026-03-10 07:00:00,210.3,190.4,82.2,128.1,45
2026-03-10 08:00:00,204.0,195.2,81.2,122.8,53
2026-03-10 09:00:00,204.8,196.4,81.9,122.9,44
2026-03-10 10:00:00,205.4,201.0,76.2,129.2,54
2026-03-10 11:00:00,209.2,192.8,81.6,127.6,45
2026-03-10 12:00:00,195.7,201.4,79.2,116.5,54
2026-03-10 13:00:00,202.8,191.4,79.2,123.6,44
2026-03-10 14:00:00,197.4,199.0,78.1,119.3,45
2026-03-10 15:00:00,193.7,194.0,79.7,114.0,40
2026-03-10 16:00:00,212.9,191.6,78.9,134.0,41
2026-03-10 17:00:00,205.3,191.6,76.4,128.9,58
2026-03-10 18:00:00,211.5,196.4,79.2,132.3,56
2026-03-10 19:00:00,212.0,192.8,82.3,129.7,49
2026-03-10 20:00:00,203.4,192.8,78.5,124.9,45
2026-03-10 21:00:00,199.8,197.2,78.8,121.0,40
2026-03-10 22:00:00,195.8,194.0,76.9,118.9,45
2026-03-10 23:00:00,211.3,197.8,82.7,128.6,52
2026-03-11 00:00:00,203.9,193.8,80.1,123.8,41
2026-03-11 01:00:00,199.2,199.0,79.5,119.7,40
2026-03-11 02:00:00,204.8,205.6,79.9,124.9,56
2026-03-11 03:00:00,199.0,196.4,81.9,117.1,40
2026-03-11 04:00:00,196.5,183.2,79.2,117.3,41
2026-03-11 05:00:00,202.0,197.4,80.2,121.8,42
2026-03-11 06:00:00,204.3,191.0,78.4,125.9,45
2026-03-11 07:00:00,214.9,207.6,79.0,135.9,47
2026-03-11 08:00:00,219.4,204.8,81.7,137.7,45
2026-03-11 09:00:00,215.2,200.4,78.2,137.0,49
2026-03-11 10:00:00,201.7,201.8,78.5,123.2,53
2026-03-11 11:00:00,199.2,199.4,81.2,118.0,40
2026-03-11 12:00:00,204.3,189.8,79.3,125.0,44
2026-03-11 13:00:00,201.7,195.0,78.8,122.9,49
2026-03-11 14:00:00,201.8,196.4,80.1,121.7,52
2026-03-11 15:00:00,214.4,193.6,80.4,134.0,57
2026-03-11 16:00:00,200.1,198.2,81.2,118.9,47
2026-03-11 17:00:00,207.1,188.6,78.4,128.7,45
2026-03-11 18:00:00,202.4,194.8,78.0,124.4,52
2026-03-11 19:00:00,202.9,193.8,77.9,125.0,48
2026-03-11 20:00:00,198.2,190.6,78.6,119.6,52
2026-03-11 21:00:00,200.7,207.6,81.3,119.4,53
2026-03-11 22:00:00,205.4,202.0,78.6,126.8,54
2026-03-11 23:00:00,207.6,197.6,84.0,123.6,49
2026-03-12 00:00:00,195.5,191.8,78.8,116.7,46
2026-03-12 01:00:00,206.5,197.6,78.5,128.0,55
2026-03-12 02:00:00,203.3,199.0,81.3,122.0,41
2026-03-12 03:00:00,207.3,195.6,79.0,128.3,53
2026-03-12 04:00:00,210.7,202.2,82.1,128.6,53
2026-03-12 05:00:00,194.1,193.2,81.3,112.8,47
2026-03-12 06:00:00,197.0,199.4,79.8,117.2,47
2026-03-12 07:00:00,203.8,192.8,77.2,126.6,41
2026-03-12 08:00:00,203.2,197.2,79.1,124.1,49
2026-03-12 09:00:00,210.3,200.2,81.6,128.7,51
2026-03-12 10:00:00,200.5,202.8,82.0,118.5,44
2026-03-12 11:00:00,196.8,203.8,82.1,114.7,50
2026-03-12 12:00:00,196.1,203.2,79.4,116.7,59
2026-03-12 13:00:00,206.1,194.8,80.1,126.0,57
2026-03-12 14:00:00,206.3,201.4,79.1,127.2,53
2026-03-12 15:00:00,207.8,191.2,78.9,128.9,58
2026-03-12 16:00:00,209.6,195.0,76.6,133.0,58
2026-03-12 17:00:00,215.7,195.0,81.6,134.1,59
2026-03-12 18:00:00,205.4,193.8,79.4,126.0,57
2026-03-12 19:00:00,211.6,196.8,82.9,128.7,53
2026-03-12 20:00:00,205.3,195.2,78.4,126.9,46
2026-03-12 21:00:00,219.6,194.6,79.2,140.4,57
2026-03-12 22:00:00,202.2,200.4,77.6,124.6,42
2026-03-12 23:00:00,209.2,199.0,78.9,130.3,58
2026-03-13 00:00:00,211.5,191.8,82.5,129.0,52
2026-03-13 01:00:00,206.5,193.0,81.1,125.4,52
2026-03-13 02:00:00,207.6,198.6,82.4,125.2,40
2026-03-13 03:00:00,205.9,189.2,80.4,125.5,55
2026-03-13 04:00:00,196.6,194.6,77.3,119.3,43
2026-03-13 05:00:00,194.7,194.0,82.7,112.0,43
2026-03-13 06:00:00,206.3,191.6,79.3,127.0,58
2026-03-13 07:00:00,196.3,204.2,82.0,114.3,42
2026-03-13 08:00:00,204.0,204.4,76.9,127.1,48
2026-03-13 09:00:00,203.3,192.6,78.4,124.9,55
2026-03-13 10:00:00,208.9,188.2,78.4,130.5,58
2026-03-13 11:00:00,210.8,206.6,81.6,129.2,48
2026-03-13 12:00:00,213.1,194.8,79.6,133.5,50
2026-03-13 13:00:00,207.4,197.8,82.1,125.3,40
2026-03-13 14:00:00,200.7,204.6,74.6,126.1,55
2026-03-13 15:00:00,196.7,197.2,80.9,115.8,44
2026-03-13 16:00:00,201.7,203.2,80.1,121.6,42
2026-03-13 17:00:00,208.7,196.6,80.2,128.5,57
2026-03-13 18:00:00,212.1,201.0,81.6,130.5,54
2026-03-13 19:00:00,209.2,201.4,81.0,128.2,55
2026-03-13 20:00:00,195.2,191.6,79.1,116.1,40
2026-03-13 21:00:00,205.0,192.6,78.4,126.6,56
2026-03-13 22:00:00,203.2,203.8,80.2,123.0,54
2026-03-13 23:00:00,206.8,204.4,78.2,128.6,51
2026-03-14 00:00:00,201.9,206.2,79.1,122.8,49
2026-03-14 01:00:00,210.7,205.4,79.9,130.8,49
2026-03-14 02:00:00,204.5,202.0,79.4,125.1,47
2026-03-14 03:00:00,205.8,201.8,79.7,126.1,56
2026-03-14 04:00:00,206.2,200.2,77.9,128.3,58
2026-03-14 05:00:00,196.7,185.4,76.1,120.6,46
2026-03-14 06:00:00,206.1,200.2,81.8,124.3,49
2026-03-14 07:00:00,195.2,198.2,78.6,116.6,59
2026-03-14 08:00:00,203.3,209.2,80.4,122.9,42
2026-03-14 09:00:00,196.2,200.6,78.4,117.8,53
2026-03-14 10:00:00,202.2,196.6,80.2,122.0,50
2026-03-14 11:00:00,208.1,204.0,77.0,131.1,58
2026-03-14 12:00:00,204.5,201.8,80.6,123.9,47
2026-03-14 13:00:00,202.1,197.2,79.5,122.6,54
2026-03-14 14:00:00,212.4,206.6,84.4,128.0,41
2026-03-14 15:00:00,213.4,196.4,83.3,130.1,54
2026-03-14 16:00:00,200.4,196.0,78.4,122.0,45
2026-03-14 17:00:00,214.2,188.4,79.3,134.9,59
2026-03-14 18:00:00,204.4,201.2,80.5,123.9,45
2026-03-14 19:00:00,195.8,192.2,78.2,117.6,43
2026-03-14 20:00:00,204.6,187.4,76.1,128.5,43
2026-03-14 21:00:00,215.0,201.6,77.7,137.3,56
2026-03-14 22:00:00,207.9,191.2,78.8,129.1,45
2026-03-14 23:00:00,204.6,198.6,79.1,125.5,50
2026-03-15 00:00:00,211.5,201.0,79.3,132.2,52
2026-03-15 01:00:00,198.0,195.2,81.5,116.5,43
2026-03-15 02:00:00,212.8,215.4,81.2,131.6,55
2026-03-15 03:00:00,194.7,214.2,80.9,113.8,42
2026-03-15 04:00:00,197.8,193.4,73.9,123.9,57
2026-03-15 05:00:00,204.4,203.4,81.4,123.0,49
2026-03-15 06:00:00,201.4,202.4,78.1,123.3,49
2026-03-15 07:00:00,200.7,199.6,81.5,119.2,50
2026-03-15 08:00:00,197.6,204.2,80.5,117.1,44
2026-03-15 09:00:00,201.2,203.2,78.7,122.5,45
2026-03-15 10:00:00,193.4,201.0,81.3,112.1,51
2026-03-15 11:00:00,199.7,195.6,79.0,120.7,48
2026-03-15 12:00:00,197.4,188.4,82.0,115.4,51
2026-03-15 13:00:00,203.9,200.6,83.6,120.3,41
2026-03-15 14:00:00,205.5,198.0,79.3,126.2,42
2026-03-15 15:00:00,205.4,203.8,82.8,122.6,51
2026-03-15 16:00:00,205.0,202.6,79.1,125.9,47
2026-03-15 17:00:00,196.6,196.6,77.3,119.3,44
2026-03-15 18:00:00,200.3,203.2,81.8,118.5,47
2026-03-15 19:00:00,201.2,196.6,78.3,122.9,50
2026-03-15 20:00:00,199.3,204.8,83.0,116.3,43
2026-03-15 21:00:00,209.3,205.6,77.8,131.5,47
2026-03-15 22:00:00,201.3,208.6,79.7,121.6,54
2026-03-15 23:00:00,200.5,201.0,79.9,120.6,44
2026-03-16 00:00:00,202.7,204.2,81.6,121.1,45
2026-03-16 01:00:00,218.0,207.2,80.0,138.0,55
2026-03-16 02:00:00,201.5,200.4,76.6,124.9,46
2026-03-16 03:00:00,210.4,197.6,78.5,131.9,56
2026-03-16 04:00:00,192.2,194.0,77.3,114.9,57
2026-03-16 05:00:00,215.3,208.4,83.5,131.8,50
2026-03-16 06:00:00,209.3,192.8,80.9,128.4,52
2026-03-16 07:00:00,197.1,194.6,79.5,117.6,46
2026-03-16 08:00:00,205.1,198.0,79.4,125.7,56
2026-03-16 09:00:00,206.1,193.2,80.3,125.8,44
2026-03-16 10:00:00,203.1,206.8,81.7,121.4,41
2026-03-16 11:00:00,208.5,198.8,78.2,130.3,54
2026-03-16 12:00:00,196.7,189.6,78.5,118.2,51
2026-03-16 13:00:00,202.5,197.4,78.3,124.2,43
2026-03-16 14:00:00,210.7,216.6,81.5,129.2,46
2026-03-16 15:00:00,194.3,198.6,77.9,116.4,44
2026-03-16 16:00:00,202.8,186.6,79.5,123.3,42
2026-03-16 17:00:00,204.1,205.4,80.8,123.3,51
2026-03-16 18:00:00,205.0,199.2,82.1,122.9,47
2026-03-16 19:00:00,212.1,196.6,78.1,134.0,57
2026-03-16 20:00:00,195.4,194.8,77.4,118.0,57
2026-03-16 21:00:00,209.0,198.2,82.6,126.4,59
2026-03-16 22:00:00,189.6,201.4,78.3,111.3,44
2026-03-16 23:00:00,206.1,199.0,78.8,127.3,57
2026-03-17 00:00:00,211.8,198.6,81.3,130.5,55
2026-03-17 01:00:00,213.6,187.2,81.9,131.7,59
2026-03-17 02:00:00,199.7,208.4,79.3,120.4,47
2026-03-17 03:00:00,211.6,202.0,80.5,131.1,50
2026-03-17 04:00:00,203.9,198.8,79.6,124.3,43
2026-03-17 05:00:00,204.4,193.6,75.8,128.6,53
2026-03-17 06:00:00,203.4,209.6,76.2,127.2,49
2026-03-17 07:00:00,200.3,195.2,79.1,121.2,42
2026-03-17 08:00:00,209.4,201.8,77.9,131.5,58
2026-03-17 09:00:00,202.9,196.2,80.4,122.5,50
2026-03-17 10:00:00,195.9,203.2,76.5,119.4,46
2026-03-17 11:00:00,201.1,206.6,78.7,122.4,51
2026-03-17 12:00:00,199.4,196.4,78.7,120.7,40
2026-03-17 13:00:00,206.1,211.2,80.3,125.8,42
2026-03-17 14:00:00,193.1,206.8,80.0,113.1,48
2026-03-17 15:00:00,207.2,199.8,79.9,127.3,54
2026-03-17 16:00:00,207.9,205.4,81.0,126.9,59
2026-03-17 17:00:00,198.3,202.6,80.1,118.2,40
2026-03-17 18:00:00,195.8,204.6,76.6,119.2,41
2026-03-17 19:00:00,212.5,214.8,76.9,135.6,55
2026-03-17 20:00:00,205.1,211.0,82.9,122.2,41
2026-03-17 21:00:00,205.3,196.8,80.2,125.1,58
2026-03-17 22:00:00,216.1,205.6,82.9,133.2,56
2026-03-17 23:00:00,206.2,184.6,78.1,128.1,53
2026-03-18 00:00:00,206.7,202.2,82.7,124.0,53
2026-03-18 01:00:00,208.5,201.8,84.1,124.4,53
2026-03-18 02:00:00,209.2,199.0,83.5,125.7,41
2026-03-18 03:00:00,214.5,201.0,77.9,136.6,54
2026-03-18 04:00:00,206.5,202.4,79.8,126.7,56
2026-03-18 05:00:00,214.8,198.4,79.2,135.6,54
2026-03-18 06:00:00,215.2,193.4,80.7,134.5,40
2026-03-18 07:00:00,206.4,197.6,80.2,126.2,55
2026-03-18 08:00:00,215.3,193.8,81.7,133.6,57
2026-03-18 09:00:00,207.5,202.6,82.6,124.9,50
2026-03-18 10:00:00,196.6,191.4,78.5,118.1,46
2026-03-18 11:00:00,213.6,203.2,78.7,134.9,49
2026-03-18 12:00:00,201.7,192.4,78.2,123.5,42
2026-03-18 13:00:00,204.9,193.0,83.0,121.9,52
2026-03-18 14:00:00,210.6,202.2,80.6,130.0,55
2026-03-18 15:00:00,201.5,205.2,74.9,126.6,50
2026-03-18 16:00:00,201.7,190.2,79.9,121.8,56
2026-03-18 17:00:00,200.3,200.2,80.3,120.0,51
2026-03-18 18:00:00,209.5,210.4,82.7,126.8,57
2026-03-18 19:00:00,216.6,197.8,82.2,134.4,58
2026-03-18 20:00:00,200.1,202.0,76.4,123.7,58
2026-03-18 21:00:00,199.1,205.2,76.9,122.2,41
2026-03-18 22:00:00,214.0,197.4,83.8,130.2,54
2026-03-18 23:00:00,201.1,202.8,74.5,126.6,58
2026-03-19 00:00:00,205.9,208.4,82.2,123.7,43
2026-03-19 01:00:00,195.6,195.4,78.7,116.9,46
2026-03-19 02:00:00,204.0,201.2,82.7,121.3,44
2026-03-19 03:00:00,219.5,206.8,83.4,136.1,56
2026-03-19 04:00:00,199.2,204.8,78.8,120.4,46
2026-03-19 05:00:00,192.0,194.2,74.1,117.9,56
2026-03-19 06:00:00,213.2,205.0,79.4,133.8,48
2026-03-19 07:00:00,210.6,205.8,78.0,132.6,59
2026-03-19 08:00:00,204.1,202.2,78.3,125.8,54
2026-03-19 09:00:00,196.5,202.0,79.9,116.6,43
2026-03-19 10:00:00,209.6,202.4,78.8,130.8,47
2026-03-19 11:00:00,202.9,207.4,80.8,122.1,43
2026-03-19 12:00:00,197.6,203.8,78.2,119.4,44
2026-03-19 13:00:00,210.2,206.2,81.2,129.0,57
2026-03-19 14:00:00,203.9,197.2,78.1,125.8,51
2026-03-19 15:00:00,216.9,194.8,79.9,137.0,49
2026-03-19 16:00:00,206.4,199.2,80.8,125.6,49
2026-03-19 17:00:00,214.8,203.2,80.8,134.0,58
2026-03-19 18:00:00,199.8,199.4,79.1,120.7,44
2026-03-19 19:00:00,212.4,204.6,80.1,132.3,53
2026-03-19 20:00:00,207.3,192.8,81.8,125.5,47
2026-03-19 21:00:00,215.5,199.4,80.6,134.9,59
2026-03-19 22:00:00,214.9,208.0,81.2,133.7,58
2026-03-19 23:00:00,210.4,204.6,80.9,129.5,53
2026-03-20 00:00:00,209.6,208.6,80.7,128.9,57
2026-03-20 01:00:00,210.3,195.2,82.8,127.5,45
2026-03-20 02:00:00,214.7,208.4,80.9,133.8,45
2026-03-20 03:00:00,207.1,201.6,80.6,126.5,52
2026-03-20 04:00:00,198.2,198.6,78.5,119.7,48
2026-03-20 05:00:00,211.0,209.0,84.3,126.7,56
2026-03-20 06:00:00,204.5,216.6,80.0,124.5,47
2026-03-20 07:00:00,199.7,200.0,78.5,121.2,58
2026-03-20 08:00:00,206.7,210.6,77.5,129.2,59
2026-03-20 09:00:00,203.1,194.8,80.9,122.2,43
2026-03-20 10:00:00,201.0,201.2,79.5,121.5,50
2026-03-20 11:00:00,196.2,204.8,81.5,114.7,42
2026-03-20 12:00:00,205.8,215.0,78.8,127.0,46
2026-03-20 13:00:00,214.6,198.6,79.8,134.8,43
2026-03-20 14:00:00,195.0,209.6,77.4,117.6,55
2026-03-20 15:00:00,207.7,207.0,82.3,125.4,46
2026-03-20 16:00:00,212.5,193.0,81.6,130.9,57
2026-03-20 17:00:00,206.1,212.2,79.6,126.5,42
2026-03-20 18:00:00,207.0,195.4,79.5,127.5,57
2026-03-20 19:00:00,199.0,198.6,79.2,119.8,50
2026-03-20 20:00:00,197.7,194.0,79.5,118.2,44
2026-03-20 21:00:00,206.2,206.8,77.8,128.4,56
2026-03-20 22:00:00,197.8,205.0,77.7,120.1,52
2026-03-20 23:00:00,194.7,202.4,77.9,116.8,45
2026-03-21 00:00:00,197.7,191.0,81.3,116.4,40
2026-03-21 01:00:00,205.1,215.2,80.5,124.6,47
2026-03-21 02:00:00,195.3,212.2,80.5,114.8,41
2026-03-21 03:00:00,212.9,192.6,82.6,130.3,50
2026-03-21 04:00:00,217.2,190.6,80.4,136.8,47
2026-03-21 05:00:00,209.8,185.6,78.9,130.9,59
2026-03-21 06:00:00,209.0,191.4,83.0,126.0,48
2026-03-21 07:00:00,200.8,209.6,78.9,121.9,48
2026-03-21 08:00:00,199.8,210.0,81.5,118.3,44
2026-03-21 09:00:00,209.2,200.2,80.0,129.2,49
2026-03-21 10:00:00,207.5,206.8,82.1,125.4,45
2026-03-21 11:00:00,210.1,206.8,83.9,126.2,54
2026-03-21 12:00:00,204.7,200.0,79.3,125.4,53
2026-03-21 13:00:00,192.4,208.0,79.4,113.0,41
2026-03-21 14:00:00,208.6,202.0,81.0,127.6,54
2026-03-21 15:00:00,209.4,206.8,82.0,127.4,54
2026-03-21 16:00:00,211.5,196.8,80.7,130.8,44
2026-03-21 17:00:00,207.2,198.4,79.7,127.5,46
2026-03-21 18:00:00,209.9,198.2,81.9,128.0,49
2026-03-21 19:00:00,199.6,207.4,79.6,120.0,41
2026-03-21 20:00:00,194.5,205.6,80.7,113.8,40
2026-03-21 21:00:00,199.1,205.6,80.2,118.9,42
2026-03-21 22:00:00,198.8,207.0,80.4,118.4,42
2026-03-21 23:00:00,199.6,191.0,79.3,120.3,50
2026-03-22 00:00:00,198.1,210.0,81.3,116.8,46
2026-03-22 01:00:00,198.7,209.2,77.9,120.8,48
2026-03-22 02:00:00,197.6,206.2,78.4,119.2,41
2026-03-22 03:00:00,208.2,198.0,80.1,128.1,58
2026-03-22 04:00:00,207.2,210.8,78.2,129.0,57
2026-03-22 05:00:00,200.0,197.8,78.5,121.5,48
2026-03-22 06:00:00,208.4,204.2,81.2,127.2,46
2026-03-22 07:00:00,214.8,200.2,83.3,131.5,54
2026-03-22 08:00:00,197.3,198.6,80.8,116.5,55
2026-03-22 09:00:00,203.2,200.2,79.1,124.1,50
2026-03-22 10:00:00,214.4,203.8,81.8,132.6,56
2026-03-22 11:00:00,204.3,209.6,82.6,121.7,55
2026-03-22 12:00:00,195.1,201.2,78.2,116.9,46
2026-03-22 13:00:00,198.4,207.8,80.0,118.4,41
2026-03-22 14:00:00,210.5,203.0,82.8,127.7,45
2026-03-22 15:00:00,206.5,207.8,81.9,124.6,49
2026-03-22 16:00:00,198.8,202.2,77.9,120.9,48
2026-03-22 17:00:00,219.6,195.6,80.1,139.5,51
2026-03-22 18:00:00,212.5,207.6,83.6,128.9,49
2026-03-22 19:00:00,205.1,207.2,80.4,124.7,43
2026-03-22 20:00:00,189.7,199.8,78.6,111.1,42
2026-03-22 21:00:00,202.6,196.8,79.0,123.6,43
2026-03-22 22:00:00,208.9,202.0,79.8,129.1,47
2026-03-22 23:00:00,195.7,213.6,75.7,120.0,49
2026-03-23 00:00:00,205.0,198.8,78.9,126.1,44
2026-03-23 01:00:00,202.7,207.2,76.7,126.0,40
2026-03-23 02:00:00,203.3,204.8,79.7,123.6,41
2026-03-23 03:00:00,202.1,201.8,81.0,121.1,48
2026-03-23 04:00:00,212.1,216.0,80.3,131.8,51
2026-03-23 05:00:00,199.8,206.4,80.3,119.5,51
2026-03-23 06:00:00,206.9,206.2,78.4,128.5,50
2026-03-23 07:00:00,206.3,206.4,81.4,124.9,55
2026-03-23 08:00:00,203.2,204.0,82.7,120.5,45
2026-03-23 09:00:00,208.1,199.8,85.0,123.1,54
2026-03-23 10:00:00,201.6,202.2,80.3,121.3,48
2026-03-23 11:00:00,201.6,199.8,77.1,124.5,59
2026-03-23 12:00:00,205.8,215.2,78.5,127.3,56
2026-03-23 13:00:00,199.2,210.2,78.4,120.8,58
2026-03-23 14:00:00,198.3,203.4,81.4,116.9,51
2026-03-23 15:00:00,209.0,202.0,81.1,127.9,47
2026-03-23 16:00:00,204.2,200.8,78.9,125.3,49
2026-03-23 17:00:00,207.2,194.0,78.1,129.1,51
2026-03-23 18:00:00,216.0,197.6,79.6,136.4,56
2026-03-23 19:00:00,209.4,208.2,80.3,129.1,49
2026-03-23 20:00:00,193.3,198.4,76.8,116.5,45
2026-03-23 21:00:00,212.6,200.0,81.3,131.3,53
2026-03-23 22:00:00,209.9,208.0,84.5,125.4,46
2026-03-23 23:00:00,202.1,195.6,81.5,120.6,47
2026-03-24 00:00:00,200.3,197.0,79.6,120.7,43
2026-03-24 01:00:00,207.9,201.0,80.7,127.2,53
2026-03-24 02:00:00,210.3,209.0,81.0,129.3,55
2026-03-24 03:00:00,202.5,208.8,81.5,121.0,46
2026-03-24 04:00:00,203.7,200.4,82.5,121.2,43
2026-03-24 05:00:00,206.7,206.6,81.9,124.8,50
2026-03-24 06:00:00,212.9,204.6,75.5,137.4,59
2026-03-24 07:00:00,202.5,212.2,80.5,122.0,58
2026-03-24 08:00:00,197.9,213.8,82.5,115.4,40
2026-03-24 09:00:00,199.9,207.2,79.9,120.0,45
2026-03-24 10:00:00,205.5,196.2,80.1,125.4,50
2026-03-24 11:00:00,201.2,212.6,79.6,121.6,54
2026-03-24 12:00:00,203.8,204.8,80.0,123.8,41
2026-03-24 13:00:00,205.6,207.0,75.2,130.4,59
2026-03-24 14:00:00,192.7,201.6,77.1,115.6,40
2026-03-24 15:00:00,203.9,208.2,80.2,123.7,51
2026-03-24 16:00:00,200.8,216.0,81.0,119.8,42
2026-03-24 17:00:00,212.4,208.4,80.2,132.2,58
2026-03-24 18:00:00,206.6,202.8,80.5,126.1,44
2026-03-24 19:00:00,198.9,211.2,81.8,117.1,45
2026-03-24 20:00:00,214.5,210.0,81.1,133.4,57
2026-03-24 21:00:00,194.4,208.0,80.1,114.3,42
2026-03-24 22:00:00,206.3,202.2,77.4,128.9,49
2026-03-24 23:00:00,196.8,197.6,76.5,120.3,47
2026-03-25 00:00:00,206.3,214.8,78.5,127.8,50
2026-03-25 01:00:00,195.0,199.8,80.9,114.1,44
2026-03-25 02:00:00,199.7,205.2,80.3,119.4,44
2026-03-25 03:00:00,208.5,194.6,83.9,124.6,57
2026-03-25 04:00:00,203.3,216.0,80.7,122.6,44
2026-03-25 05:00:00,200.0,202.4,82.7,117.3,42
2026-03-25 06:00:00,209.4,200.4,84.1,125.3,51
2026-03-25 07:00:00,202.2,204.0,78.2,124.0,45
2026-03-25 08:00:00,206.0,204.6,75.9,130.1,49
2026-03-25 09:00:00,198.5,219.0,81.6,116.9,51
2026-03-25 10:00:00,207.7,212.0,78.4,129.3,40
2026-03-25 11:00:00,207.3,204.4,79.4,127.9,59
2026-03-25 12:00:00,201.3,206.8,75.7,125.6,43
2026-03-25 13:00:00,209.4,213.0,80.7,128.7,57
2026-03-25 14:00:00,195.5,209.8,75.6,119.9,47
2026-03-25 15:00:00,207.8,209.4,78.3,129.5,57
2026-03-25 16:00:00,198.4,204.2,78.6,119.8,51
2026-03-25 17:00:00,206.2,218.0,80.8,125.4,44
2026-03-25 18:00:00,208.7,212.6,78.5,130.2,46
2026-03-25 19:00:00,208.9,210.8,77.9,131.0,56
2026-03-25 20:00:00,194.1,214.4,79.6,114.5,41
2026-03-25 21:00:00,193.8,208.6,79.8,114.0,44
2026-03-25 22:00:00,201.8,210.6,79.7,122.1,57
2026-03-25 23:00:00,210.4,202.2,76.4,134.0,56
2026-03-26 00:00:00,202.0,195.6,79.4,122.6,48
2026-03-26 01:00:00,201.8,200.6,79.0,122.8,45
2026-03-26 02:00:00,195.8,194.4,77.3,118.5,42
2026-03-26 03:00:00,193.6,206.6,75.2,118.4,48
2026-03-26 04:00:00,201.3,199.2,79.2,122.1,52
2026-03-26 05:00:00,200.4,203.6,78.7,121.7,41
2026-03-26 06:00:00,201.9,210.4,79.4,122.5,41
2026-03-26 07:00:00,220.3,205.2,80.5,139.8,58
2026-03-26 08:00:00,202.0,190.4,81.3,120.7,45
2026-03-26 09:00:00,212.2,203.0,80.4,131.8,57
2026-03-26 10:00:00,199.3,209.6,78.5,120.8,43
2026-03-26 11:00:00,205.4,207.4,82.2,123.2,50
2026-03-26 12:00:00,205.3,206.2,79.4,125.9,49
2026-03-26 13:00:00,202.4,200.6,79.8,122.6,42
2026-03-26 14:00:00,219.7,217.2,83.3,136.4,53
2026-03-26 15:00:00,197.0,213.4,79.2,117.8,41
2026-03-26 16:00:00,195.9,192.6,78.6,117.3,43
2026-03-26 17:00:00,207.8,201.2,83.6,124.2,57
2026-03-26 18:00:00,206.1,195.2,81.8,124.3,45
2026-03-26 19:00:00,198.0,209.2,81.1,116.9,44
2026-03-26 20:00:00,201.8,214.4,80.8,121.0,45
2026-03-26 21:00:00,209.4,198.0,80.8,128.6,48
2026-03-26 22:00:00,194.7,202.4,78.6,116.1,42
2026-03-26 23:00:00,210.7,202.6,80.6,130.1,57
2026-03-27 00:00:00,190.3,213.2,79.6,110.7,40
2026-03-27 01:00:00,199.2,202.8,81.6,117.6,48
2026-03-27 02:00:00,208.1,211.8,82.1,126.0,58
2026-03-27 03:00:00,208.2,205.6,80.4,127.8,59
2026-03-27 04:00:00,196.1,194.6,81.0,115.1,46
2026-03-27 05:00:00,205.4,206.8,83.1,122.3,41
2026-03-27 06:00:00,210.2,211.0,80.5,129.7,44
2026-03-27 07:00:00,205.2,211.2,80.9,124.3,50
2026-03-27 08:00:00,205.3,214.6,83.2,122.1,46
2026-03-27 09:00:00,192.3,207.2,77.0,115.3,42
2026-03-27 10:00:00,201.9,207.2,81.1,120.8,40
2026-03-27 11:00:00,211.0,204.6,81.3,129.7,45
2026-03-27 12:00:00,200.3,204.0,79.7,120.6,51
2026-03-27 13:00:00,203.6,212.0,81.1,122.5,57
2026-03-27 14:00:00,206.5,194.0,79.4,127.1,49
2026-03-27 15:00:00,211.9,220.0,76.1,135.8,55
2026-03-27 16:00:00,212.7,214.4,82.4,130.3,54
2026-03-27 17:00:00,203.5,212.0,78.7,124.8,41
2026-03-27 18:00:00,203.8,198.8,81.4,122.4,40
2026-03-27 19:00:00,211.1,204.0,79.2,131.9,58
2026-03-27 20:00:00,208.7,212.8,81.8,126.9,51
2026-03-27 21:00:00,197.9,211.4,79.2,118.7,56
2026-03-27 22:00:00,212.6,208.2,80.6,132.0,52
2026-03-27 23:00:00,198.4,203.6,78.9,119.5,44
2026-03-28 00:00:00,214.5,203.8,81.6,132.9,47
2026-03-28 01:00:00,217.0,212.8,81.3,135.7,58
2026-03-28 02:00:00,203.4,210.8,82.5,120.9,43
2026-03-28 03:00:00,200.9,206.2,79.2,121.7,55
2026-03-28 04:00:00,192.7,204.0,79.9,112.8,51
2026-03-28 05:00:00,201.4,203.2,79.2,122.2,58
2026-03-28 06:00:00,199.8,217.8,82.8,117.0,43
2026-03-28 07:00:00,203.1,203.0,81.7,121.4,46
2026-03-28 08:00:00,214.0,215.8,78.0,136.0,59
2026-03-28 09:00:00,215.6,210.2,80.8,134.8,55
2026-03-28 10:00:00,211.1,207.2,78.3,132.8,53
2026-03-28 11:00:00,203.9,210.4,81.7,122.2,41
2026-03-28 12:00:00,212.4,219.6,79.5,132.9,58
2026-03-28 13:00:00,205.5,199.8,79.8,125.7,54
2026-03-28 14:00:00,209.8,211.8,80.0,129.8,49
2026-03-28 15:00:00,204.0,205.2,81.6,122.4,51
2026-03-28 16:00:00,212.5,215.4,77.5,135.0,56
2026-03-28 17:00:00,203.1,208.4,80.6,122.5,51
2026-03-28 18:00:00,208.0,206.4,80.2,127.8,45
2026-03-28 19:00:00,211.7,198.0,79.5,132.2,56
2026-03-28 20:00:00,200.3,206.0,74.6,125.7,40
2026-03-28 21:00:00,209.3,191.0,81.3,128.0,53
2026-03-28 22:00:00,209.9,199.2,81.2,128.7,52
2026-03-28 23:00:00,208.7,214.0,83.0,125.7,55
2026-03-29 00:00:00,214.4,213.2,80.2,134.2,51
2026-03-29 01:00:00,204.0,214.6,81.8,122.2,50
2026-03-29 02:00:00,196.3,202.4,76.5,119.8,47
2026-03-29 03:00:00,211.4,209.6,81.9,129.5,59
2026-03-29 04:00:00,199.3,213.4,75.5,123.8,41
2026-03-29 05:00:00,201.6,200.8,79.5,122.1,53
2026-03-29 06:00:00,208.4,207.0,81.5,126.9,47
2026-03-29 07:00:00,212.7,214.2,81.9,130.8,55
2026-03-29 08:00:00,196.9,222.4,79.2,117.7,42
2026-03-29 09:00:00,198.7,197.8,80.0,118.7,41
2026-03-29 10:00:00,208.4,202.4,78.9,129.5,55
2026-03-29 11:00:00,211.0,202.4,79.8,131.2,58
2026-03-29 12:00:00,214.0,212.0,80.8,133.2,58
2026-03-29 13:00:00,214.0,208.2,77.5,136.5,58
2026-03-29 14:00:00,212.1,205.2,84.4,127.7,54
2026-03-29 15:00:00,197.1,204.2,78.8,118.3,46
2026-03-29 16:00:00,197.9,205.0,80.7,117.2,42
2026-03-29 17:00:00,208.0,212.6,79.5,128.5,59
2026-03-29 18:00:00,206.3,209.2,80.7,125.6,51
2026-03-29 19:00:00,189.3,208.4,79.6,109.7,43
2026-03-29 20:00:00,204.2,207.6,81.8,122.4,50
2026-03-29 21:00:00,196.8,212.6,78.5,118.3,42
2026-03-29 22:00:00,220.0,219.0,81.0,139.0,50
2026-03-29 23:00:00,205.7,227.4,79.8,125.9,59
2026-03-30 00:00:00,205.6,204.6,81.1,124.5,59
2026-03-30 01:00:00,207.9,210.6,80.7,127.2,42
2026-03-30 02:00:00,211.8,199.6,78.3,133.5,57
2026-03-30 03:00:00,187.8,205.0,80.9,106.9,40
2026-03-30 04:00:00,206.1,208.4,80.1,126.0,49
2026-03-30 05:00:00,202.0,206.2,77.1,124.9,45
2026-03-30 06:00:00,202.6,209.0,79.1,123.5,53
2026-03-30 07:00:00,199.2,207.0,77.6,121.6,49
2026-03-30 08:00:00,202.9,211.0,82.0,120.9,59
2026-03-30 09:00:00,198.5,214.2,81.3,117.2,40
2026-03-30 10:00:00,207.9,207.8,82.5,125.4,57
2026-03-30 11:00:00,212.4,212.6,80.9,131.5,56
2026-03-30 12:00:00,217.0,209.6,80.3,136.7,55
2026-03-30 13:00:00,191.7,204.2,76.0,115.7,49
2026-03-30 14:00:00,206.1,210.0,80.2,125.9,51
2026-03-30 15:00:00,208.1,205.6,78.8,129.3,47
2026-03-30 16:00:00,205.7,209.2,82.1,123.6,56
2026-03-30 17:00:00,208.9,208.6,80.4,128.5,51
2026-03-30 18:00:00,205.3,204.0,77.3,128.0,45
2026-03-30 19:00:00,212.8,203.6,77.9,134.9,55
2026-03-30 20:00:00,214.4,208.8,76.2,138.2,43
2026-03-30 21:00:00,193.2,207.4,74.6,118.6,45
2026-03-30 22:00:00,206.1,207.8,79.5,126.6,50
2026-03-30 23:00:00,195.9,219.4,79.2,116.7,56
2026-03-31 00:00:00,208.8,209.0,82.9,125.9,40
2026-03-31 01:00:00,197.9,199.4,76.8,121.1,50
2026-03-31 02:00:00,204.2,223.4,79.6,124.6,44
2026-03-31 03:00:00,211.0,208.6,83.2,127.8,52
2026-03-31 04:00:00,215.5,202.4,78.7,136.8,51
2026-03-31 05:00:00,198.6,222.0,80.8,117.8,46
2026-03-31 06:00:00,207.5,217.0,84.1,123.4,50
2026-03-31 07:00:00,204.2,198.2,78.5,125.7,42
2026-03-31 08:00:00,210.4,197.6,81.5,128.9,56
2026-03-31 09:00:00,199.7,203.8,79.9,119.8,51
2026-03-31 10:00:00,203.0,206.8,81.6,121.4,42
2026-03-31 11:00:00,202.4,210.0,78.4,124.0,43
2026-03-31 12:00:00,195.8,213.2,79.4,116.4,53
2026-03-31 13:00:00,209.6,212.2,82.2,127.4,57
2026-03-31 14:00:00,207.2,216.2,78.3,128.9,59
2026-03-31 15:00:00,212.5,208.6,83.9,128.6,52
2026-03-31 16:00:00,211.5,197.2,82.6,128.9,43
2026-03-31 17:00:00,209.9,203.4,76.9,133.0,49
2026-03-31 18:00:00,208.0,200.8,76.7,131.3,58
2026-03-31 19:00:00,206.9,205.4,77.5,129.4,45
2026-03-31 20:00:00,202.1,201.6,80.0,122.1,41
2026-03-31 21:00:00,201.3,202.6,81.6,119.7,54
2026-03-31 22:00:00,203.9,205.0,83.0,120.9,48
2026-03-31 23:00:00,204.6,219.6,77.5,127.1,59
2026-04-01 00:00:00,198.9,219.0,79.2,119.7,44
2026-04-01 01:00:00,207.0,219.2,79.6,127.4,57
2026-04-01 02:00:00,210.5,211.6,80.7,129.8,59
2026-04-01 03:00:00,196.8,209.2,82.5,114.3,52
2026-04-01 04:00:00,219.9,201.4,83.2,136.7,53
2026-04-01 05:00:00,201.3,206.4,79.6,121.7,48
2026-04-01 06:00:00,204.0,209.2,81.1,122.9,41
2026-04-01 07:00:00,203.0,217.2,76.5,126.5,59
2026-04-01 08:00:00,211.4,220.2,82.0,129.4,41
2026-04-01 09:00:00,207.0,209.4,79.2,127.8,49
2026-04-01 10:00:00,204.4,198.8,79.6,124.8,55
2026-04-01 11:00:00,212.9,204.0,79.4,133.5,58
2026-04-01 12:00:00,207.6,210.4,80.7,126.9,56
2026-04-01 13:00:00,197.6,211.0,76.5,121.1,42
2026-04-01 14:00:00,198.1,202.2,78.4,119.7,54
2026-04-01 15:00:00,202.7,199.4,78.1,124.6,48
2026-04-01 16:00:00,214.6,206.4,82.8,131.8,57
2026-04-01 17:00:00,210.7,217.8,83.3,127.4,49
2026-04-01 18:00:00,191.2,208.2,78.3,112.9,46
2026-04-01 19:00:00,197.4,202.6,78.6,118.8,44
2026-04-01 20:00:00,209.9,219.0,78.7,131.2,50
2026-04-01 21:00:00,203.5,205.4,78.8,124.7,49
2026-04-01 22:00:00,192.3,215.6,78.8,113.5,40
2026-04-01 23:00:00,204.9,213.4,80.1,124.8,56
2026-04-02 00:00:00,197.9,211.2,75.6,122.3,58
2026-04-02 01:00:00,190.1,202.2,78.9,111.2,42
2026-04-02 02:00:00,210.7,205.6,82.3,128.4,46
2026-04-02 03:00:00,195.9,211.6,78.9,117.0,44
2026-04-02 04:00:00,199.5,210.2,78.6,120.9,58
2026-04-02 05:00:00,203.6,211.8,81.4,122.2,46
2026-04-02 06:00:00,197.9,211.0,81.8,116.1,44
2026-04-02 07:00:00,206.5,209.6,79.3,127.2,57
2026-04-02 08:00:00,203.3,217.4,80.0,123.3,50
2026-04-02 09:00:00,208.2,203.8,80.4,127.8,48
2026-04-02 10:00:00,200.3,213.6,77.8,122.5,44
2026-04-02 11:00:00,214.4,219.8,84.1,130.3,44
2026-04-02 12:00:00,198.8,219.0,75.9,122.9,44
2026-04-02 13:00:00,196.4,207.4,77.4,119.0,41
2026-04-02 14:00:00,208.0,215.8,79.5,128.5,58
2026-04-02 15:00:00,205.3,199.6,80.1,125.2,48
2026-04-02 16:00:00,186.0,208.0,81.0,105.0,49
2026-04-02 17:00:00,204.2,204.8,81.8,122.4,45
2026-04-02 18:00:00,206.8,211.4,79.9,126.9,47
2026-04-02 19:00:00,215.2,208.2,86.4,128.8,55
2026-04-02 20:00:00,210.2,218.2,81.1,129.1,57
2026-04-02 21:00:00,207.5,213.6,81.5,126.0,50
2026-04-02 22:00:00,206.5,208.4,80.5,126.0,44
2026-04-02 23:00:00,199.7,212.0,76.5,123.2,56
2026-04-03 00:00:00,201.8,210.4,82.3,119.5,46
2026-04-03 01:00:00,208.4,199.8,81.0,127.4,54
2026-04-03 02:00:00,210.3,207.8,77.8,132.5,57
2026-04-03 03:00:00,209.6,216.6,81.1,128.5,57
2026-04-03 04:00:00,198.4,218.8,80.7,117.7,45
2026-04-03 05:00:00,206.9,205.2,80.7,126.2,48
2026-04-03 06:00:00,212.1,209.0,76.5,135.6,53
2026-04-03 07:00:00,211.9,212.2,81.0,130.9,59
2026-04-03 08:00:00,188.2,215.4,80.0,108.2,41
2026-04-03 09:00:00,213.7,218.4,82.6,131.1,49
2026-04-03 10:00:00,210.6,216.2,83.9,126.7,52
2026-04-03 11:00:00,195.8,208.6,79.0,116.8,55
2026-04-03 12:00:00,206.4,206.6,80.3,126.1,56
2026-04-03 13:00:00,207.0,205.2,78.9,128.1,44
2026-04-03 14:00:00,216.0,213.0,83.5,132.5,48
2026-04-03 15:00:00,198.2,204.0,80.1,118.1,43
2026-04-03 16:00:00,192.7,198.2,77.5,115.2,45
2026-04-03 17:00:00,199.9,219.4,80.7,119.2,45
2026-04-03 18:00:00,199.6,210.8,79.0,120.6,44
2026-04-03 19:00:00,208.2,214.6,79.9,128.3,59
2026-04-03 20:00:00,204.1,204.8,82.1,122.0,44
2026-04-03 21:00:00,214.2,208.2,80.1,134.1,53
2026-04-03 22:00:00,211.8,211.2,81.8,130.0,49
2026-04-03 23:00:00,198.2,202.6,80.5,117.7,47
2026-04-04 00:00:00,200.9,214.0,79.3,121.6,42
2026-04-04 01:00:00,199.2,220.2,79.7,119.5,49
2026-04-04 02:00:00,213.7,211.2,82.7,131.0,50
2026-04-04 03:00:00,195.0,216.2,77.3,117.7,45
2026-04-04 04:00:00,199.7,207.6,79.9,119.8,55
2026-04-04 05:00:00,208.6,211.2,81.9,126.7,53
2026-04-04 06:00:00,203.2,207.4,76.1,127.1,58
2026-04-04 07:00:00,196.7,221.4,77.9,118.8,43
2026-04-04 08:00:00,205.1,202.2,79.6,125.5,44
2026-04-04 09:00:00,205.2,196.0,77.5,127.7,58
2026-04-04 10:00:00,209.0,219.2,82.3,126.7,57
2026-04-04 11:00:00,195.9,226.6,79.2,116.7,48
2026-04-04 12:00:00,208.7,209.4,80.9,127.8,53
2026-04-04 13:00:00,197.6,206.4,79.3,118.3,42
2026-04-04 14:00:00,203.4,216.2,79.3,124.1,45
2026-04-04 15:00:00,206.6,208.6,77.6,129.0,48
2026-04-04 16:00:00,195.1,199.0,77.2,117.9,46
2026-04-04 17:00:00,203.1,203.6,80.9,122.2,51
2026-04-04 18:00:00,209.8,204.4,80.4,129.4,51
2026-04-04 19:00:00,204.2,209.8,80.1,124.1,45
2026-04-04 20:00:00,208.3,206.4,81.3,127.0,54
2026-04-04 21:00:00,203.7,218.2,79.9,123.8,42
2026-04-04 22:00:00,217.2,200.2,78.7,138.5,58
2026-04-04 23:00:00,210.6,210.0,86.1,124.5,41
2026-04-05 00:00:00,213.9,208.6,83.2,130.7,57
2026-04-05 01:00:00,199.3,213.0,78.2,121.1,57
2026-04-05 02:00:00,201.1,213.0,79.6,121.5,45
2026-04-05 03:00:00,200.2,215.0,79.4,120.8,50
2026-04-05 04:00:00,204.5,208.8,77.3,127.2,43
2026-04-05 05:00:00,199.5,213.0,77.7,121.8,42
2026-04-05 06:00:00,209.8,209.4,81.5,128.3,47
2026-04-05 07:00:00,188.9,217.4,77.9,111.0,49
2026-04-05 08:00:00,223.0,213.2,81.3,141.7,59
2026-04-05 09:00:00,212.2,215.0,79.7,132.5,57
2026-04-05 10:00:00,209.4,202.0,79.7,129.7,51
2026-04-05 11:00:00,201.6,205.8,82.1,119.5,58
2026-04-05 12:00:00,202.9,214.0,80.4,122.5,44
2026-04-05 13:00:00,200.5,214.2,77.7,122.8,43
2026-04-05 14:00:00,205.3,208.6,79.7,125.6,54
2026-04-05 15:00:00,209.0,214.2,79.5,129.5,57
2026-04-05 16:00:00,191.8,212.0,78.4,113.4,42
2026-04-05 17:00:00,202.4,210.8,78.9,123.5,46
2026-04-05 18:00:00,206.8,208.0,80.5,126.3,53
2026-04-05 19:00:00,206.5,215.0,77.3,129.2,49
2026-04-05 20:00:00,217.1,206.8,82.5,134.6,48
2026-04-05 21:00:00,213.2,210.2,81.9,131.3,45
2026-04-05 22:00:00,211.4,210.2,84.6,126.8,41
2026-04-05 23:00:00,194.0,214.4,78.2,115.8,50
2026-04-06 00:00:00,206.2,212.6,79.3,126.9,49
2026-04-06 01:00:00,213.6,211.2,85.5,128.1,49
2026-04-06 02:00:00,190.7,214.6,79.2,111.5,40
2026-04-06 03:00:00,217.1,205.8,83.0,134.1,53
2026-04-06 04:00:00,217.9,206.4,81.6,136.3,52
2026-04-06 05:00:00,211.8,217.8,80.9,130.9,55
2026-04-06 06:00:00,209.6,206.4,83.3,126.3,54
2026-04-06 07:00:00,197.7,220.8,78.9,118.8,43
2026-04-06 08:00:00,200.7,211.8,78.6,122.1,58
2026-04-06 09:00:00,204.5,218.0,83.3,121.2,43
2026-04-06 10:00:00,206.4,216.6,82.7,123.7,49
2026-04-06 11:00:00,196.2,204.2,80.1,116.1,43
2026-04-06 12:00:00,200.9,214.6,81.1,119.8,53
2026-04-06 13:00:00,198.3,217.8,79.5,118.8,43
2026-04-06 14:00:00,211.8,223.6,79.7,132.1,57
2026-04-06 15:00:00,210.5,204.2,79.1,131.4,55
2026-04-06 16:00:00,209.0,202.4,79.7,129.3,53
2026-04-06 17:00:00,206.9,205.0,76.4,130.5,58
2026-04-06 18:00:00,202.3,210.0,82.7,119.6,59
2026-04-06 19:00:00,206.8,218.0,82.0,124.8,43
2026-04-06 20:00:00,207.7,205.2,79.5,128.2,47
2026-04-06 21:00:00,200.0,209.6,79.7,120.3,43
2026-04-06 22:00:00,204.3,218.8,83.5,120.8,54
2026-04-06 23:00:00,209.4,214.2,78.1,131.3,52
2026-04-07 00:00:00,216.1,203.2,82.8,133.3,55
2026-04-07 01:00:00,201.8,214.8,82.7,119.1,44
2026-04-07 02:00:00,201.1,208.8,82.2,118.9,52
2026-04-07 03:00:00,208.2,221.2,76.7,131.5,44
2026-04-07 04:00:00,205.8,210.2,83.4,122.4,55
2026-04-07 05:00:00,203.1,209.4,82.8,120.3,48
2026-04-07 06:00:00,190.9,209.6,78.8,112.1,42
2026-04-07 07:00:00,209.3,209.4,81.8,127.5,48
2026-04-07 08:00:00,209.2,224.4,84.5,124.7,53
2026-04-07 09:00:00,201.2,211.6,80.0,121.2,45
2026-04-07 10:00:00,205.2,216.8,83.4,121.8,59
2026-04-07 11:00:00,200.7,210.0,77.5,123.2,54
2026-04-07 12:00:00,199.0,219.2,79.9,119.1,40
2026-04-07 13:00:00,199.2,218.0,84.3,114.9,42
2026-04-07 14:00:00,204.9,219.0,78.7,126.2,51
2026-04-07 15:00:00,198.4,217.2,81.5,116.9,42
2026-04-07 16:00:00,209.7,211.2,80.3,129.4,54
2026-04-07 17:00:00,209.9,215.6,81.1,128.8,52
2026-04-07 18:00:00,209.7,217.0,79.6,130.1,50
2026-04-07 19:00:00,199.0,209.0,79.9,119.1,48
2026-04-07 20:00:00,204.8,222.2,81.5,123.3,47
2026-04-07 21:00:00,212.7,212.4,79.6,133.1,59
2026-04-07 22:00:00,219.2,220.0,82.6,136.6,56
2026-04-07 23:00:00,204.9,209.8,82.0,122.9,49
2026-04-08 00:00:00,203.6,210.4,78.7,124.9,49
2026-04-08 01:00:00,202.1,206.8,80.5,121.6,50
2026-04-08 02:00:00,210.3,211.6,78.6,131.7,59
2026-04-08 03:00:00,202.7,206.0,78.9,123.8,48
2026-04-08 04:00:00,201.0,216.6,78.3,122.7,56
2026-04-08 05:00:00,194.5,213.0,76.8,117.7,46
2026-04-08 06:00:00,200.3,214.8,78.9,121.4,41
2026-04-08 07:00:00,199.0,212.2,80.6,118.4,45
2026-04-08 08:00:00,201.7,210.0,80.0,121.7,44
2026-04-08 09:00:00,217.2,216.6,80.4,136.8,58
2026-04-08 10:00:00,213.2,216.0,78.6,134.6,55
2026-04-08 11:00:00,207.1,218.2,79.1,128.0,48
2026-04-08 12:00:00,213.5,216.0,80.3,133.2,48
2026-04-08 13:00:00,201.6,220.2,81.5,120.1,41
2026-04-08 14:00:00,202.7,199.4,79.9,122.8,50
2026-04-08 15:00:00,212.6,207.4,81.8,130.8,47
2026-04-08 16:00:00,196.3,211.0,80.7,115.6,46
2026-04-08 17:00:00,212.5,217.8,82.3,130.2,54
2026-04-08 18:00:00,197.5,214.4,80.9,116.6,40
2026-04-08 19:00:00,193.7,208.6,74.7,119.0,45
2026-04-08 20:00:00,197.5,209.4,76.8,120.7,41
2026-04-08 21:00:00,199.9,227.4,79.4,120.5,40
2026-04-08 22:00:00,203.3,218.2,79.5,123.8,59
2026-04-08 23:00:00,209.5,224.6,78.7,130.8,57
2026-04-09 00:00:00,200.7,212.4,77.4,123.3,41
2026-04-09 01:00:00,207.9,218.8,79.8,128.1,58
2026-04-09 02:00:00,204.6,212.6,81.3,123.3,57
2026-04-09 03:00:00,200.7,223.4,79.7,121.0,47
2026-04-09 04:00:00,204.3,223.8,77.7,126.6,55
2026-04-09 05:00:00,193.2,208.8,81.4,111.8,52
2026-04-09 06:00:00,212.5,217.0,79.1,133.4,54
2026-04-09 07:00:00,213.0,218.4,81.4,131.6,57
2026-04-09 08:00:00,207.2,215.4,82.0,125.2,51
2026-04-09 09:00:00,208.6,208.4,76.9,131.7,56
2026-04-09 10:00:00,202.8,204.2,79.7,123.1,47
2026-04-09 11:00:00,204.9,219.2,79.1,125.8,42
2026-04-09 12:00:00,195.4,209.2,78.7,116.7,46
2026-04-09 13:00:00,201.0,204.2,79.6,121.4,43
2026-04-09 14:00:00,203.1,220.0,77.1,126.0,42
2026-04-09 15:00:00,208.1,220.2,80.9,127.2,55
2026-04-09 16:00:00,202.0,216.0,79.7,122.3,44
2026-04-09 17:00:00,204.6,218.8,78.5,126.1,52
2026-04-09 18:00:00,205.8,218.8,78.0,127.8,55
2026-04-09 19:00:00,199.0,212.2,80.2,118.8,47
2026-04-09 20:00:00,208.3,208.8,81.4,126.9,41
2026-04-09 21:00:00,203.8,213.8,80.9,122.9,48
2026-04-09 22:00:00,213.4,212.0,78.3,135.1,52
2026-04-09 23:00:00,217.8,204.8,76.9,140.9,57
2026-04-10 00:00:00,216.4,213.8,82.3,134.1,46
2026-04-10 01:00:00,191.9,221.8,73.5,118.4,44
2026-04-10 02:00:00,212.8,215.0,79.2,133.6,47
2026-04-10 03:00:00,206.5,219.0,80.0,126.5,51
2026-04-10 04:00:00,194.9,211.2,78.4,116.5,46
2026-04-10 05:00:00,204.2,212.0,79.4,124.8,43
2026-04-10 06:00:00,203.0,202.0,81.2,121.8,40
2026-04-10 07:00:00,204.4,210.2,80.1,124.3,50
2026-04-10 08:00:00,206.3,206.4,80.1,126.2,52
2026-04-10 09:00:00,207.0,221.0,77.3,129.7,46
2026-04-10 10:00:00,209.4,219.0,78.8,130.6,56
2026-04-10 11:00:00,217.7,218.8,81.3,136.4,53
2026-04-10 12:00:00,211.0,210.8,80.3,130.7,46
2026-04-10 13:00:00,199.7,207.6,78.6,121.1,53
2026-04-10 14:00:00,209.5,215.0,83.3,126.2,43
2026-04-10 15:00:00,205.5,215.0,78.2,127.3,48
2026-04-10 16:00:00,203.6,212.4,77.3,126.3,49
2026-04-10 17:00:00,206.3,212.0,78.6,127.7,44
2026-04-10 18:00:00,202.5,224.6,78.6,123.9,47
2026-04-10 19:00:00,207.6,220.8,82.2,125.4,52
2026-04-10 20:00:00,201.2,216.8,81.2,120.0,53
2026-04-10 21:00:00,198.5,218.4,78.6,119.9,47
2026-04-10 22:00:00,218.1,224.4,83.1,135.0,59
2026-04-10 23:00:00,214.5,216.4,80.1,134.4,49
2026-04-11 00:00:00,205.9,222.2,78.9,127.0,50
2026-04-11 01:00:00,204.9,223.4,81.8,123.1,49
2026-04-11 02:00:00,196.7,216.8,82.6,114.1,41
2026-04-11 03:00:00,207.5,212.0,81.7,125.8,56
2026-04-11 04:00:00,209.2,209.6,80.2,129.0,40
2026-04-11 05:00:00,207.8,215.8,76.5,131.3,56
2026-04-11 06:00:00,198.1,222.8,77.2,120.9,43
2026-04-11 07:00:00,205.0,217.4,75.7,129.3,49
2026-04-11 08:00:00,192.6,208.2,82.0,110.6,40
2026-04-11 09:00:00,208.6,209.2,79.3,129.3,50
2026-04-11 10:00:00,213.0,213.2,80.6,132.4,41
2026-04-11 11:00:00,210.2,215.0,78.3,131.9,54
2026-04-11 12:00:00,207.5,213.6,81.6,125.9,51
2026-04-11 13:00:00,213.8,220.2,82.4,131.4,59
2026-04-11 14:00:00,195.1,217.0,80.0,115.1,47
2026-04-11 15:00:00,205.0,217.8,81.1,123.9,45
2026-04-11 16:00:00,207.3,209.0,79.1,128.2,58
2026-04-11 17:00:00,198.8,205.2,77.1,121.7,51
2026-04-11 18:00:00,198.5,219.0,79.2,119.3,42
2026-04-11 19:00:00,198.1,225.4,82.0,116.1,45
2026-04-11 20:00:00,212.0,216.6,80.2,131.8,56
2026-04-11 21:00:00,217.8,221.8,84.9,132.9,55
2026-04-11 22:00:00,206.0,217.2,78.4,127.6,51
2026-04-11 23:00:00,207.5,229.8,79.5,128.0,50
2026-04-12 00:00:00,203.0,223.8,80.8,122.2,56
2026-04-12 01:00:00,217.9,214.4,82.8,135.1,55
2026-04-12 02:00:00,218.7,219.4,79.8,138.9,59
2026-04-12 03:00:00,212.1,206.8,77.9,134.2,58
2026-04-12 04:00:00,204.6,211.0,76.2,128.4,43
2026-04-12 05:00:00,213.4,208.0,75.9,137.5,53
2026-04-12 06:00:00,216.2,223.8,81.8,134.4,54
2026-04-12 07:00:00,212.7,217.0,81.4,131.3,40
2026-04-12 08:00:00,209.8,216.0,82.0,127.8,49
2026-04-12 09:00:00,203.6,212.0,80.7,122.9,48
2026-04-12 10:00:00,208.7,213.8,81.0,127.7,45
2026-04-12 11:00:00,210.3,213.6,82.5,127.8,50
2026-04-12 12:00:00,208.6,216.0,77.7,130.9,58
2026-04-12 13:00:00,210.6,213.0,84.7,125.9,48
2026-04-12 14:00:00,200.0,212.4,78.9,121.1,43
2026-04-12 15:00:00,181.7,216.8,75.0,106.7,40
2026-04-12 16:00:00,200.5,219.8,81.2,119.3,48
2026-04-12 17:00:00,201.4,209.4,83.7,117.7,54
2026-04-12 18:00:00,199.4,207.0,79.6,119.8,42
2026-04-12 19:00:00,214.5,227.6,82.4,132.1,58
2026-04-12 20:00:00,201.0,216.8,80.6,120.4,53
2026-04-12 21:00:00,202.4,213.8,82.4,120.0,42
2026-04-12 22:00:00,209.0,213.2,80.6,128.4,58
2026-04-12 23:00:00,214.5,225.8,83.6,130.9,50
2026-04-13 00:00:00,206.2,229.8,82.0,124.2,42
2026-04-13 01:00:00,202.2,221.4,80.2,122.0,43
2026-04-13 02:00:00,192.9,211.2,77.9,115.0,43
2026-04-13 03:00:00,206.2,218.8,77.6,128.6,47
2026-04-13 04:00:00,213.4,217.6,82.7,130.7,51
2026-04-13 05:00:00,206.4,218.8,76.6,129.8,47
2026-04-13 06:00:00,211.1,230.6,82.1,129.0,47
2026-04-13 07:00:00,223.0,224.0,80.9,142.1,58
2026-04-13 08:00:00,207.0,225.4,81.6,125.4,57
2026-04-13 09:00:00,202.7,221.4,77.9,124.8,54
2026-04-13 10:00:00,200.8,219.0,78.3,122.5,57
2026-04-13 11:00:00,208.9,213.4,83.8,125.1,58
2026-04-13 12:00:00,198.4,213.2,79.2,119.2,43
2026-04-13 13:00:00,203.8,215.0,79.8,124.0,44
2026-04-13 14:00:00,205.0,214.0,78.4,126.6,45
2026-04-13 15:00:00,202.0,221.4,78.5,123.5,40
2026-04-13 16:00:00,201.2,207.2,82.1,119.1,52
2026-04-13 17:00:00,205.4,211.0,82.2,123.2,50
2026-04-13 18:00:00,199.2,220.2,81.1,118.1,44
2026-04-13 19:00:00,210.8,220.0,80.1,130.7,55
2026-04-13 20:00:00,206.5,208.0,80.2,126.3,46
2026-04-13 21:00:00,192.6,213.0,78.9,113.7,45
2026-04-13 22:00:00,211.7,218.6,79.3,132.4,52
2026-04-13 23:00:00,188.4,220.8,75.9,112.5,40
2026-04-14 00:00:00,215.9,214.2,78.4,137.5,59
2026-04-14 01:00:00,195.9,219.0,76.6,119.3,54
2026-04-14 02:00:00,198.4,213.0,80.2,118.2,40
2026-04-14 03:00:00,204.3,214.2,80.2,124.1,44
2026-04-14 04:00:00,198.3,212.8,78.5,119.8,52
2026-04-14 05:00:00,212.1,208.8,82.1,130.0,47
2026-04-14 06:00:00,194.7,221.0,80.7,114.0,51
2026-04-14 07:00:00,199.5,219.4,78.3,121.2,56
2026-04-14 08:00:00,199.1,217.4,79.8,119.3,47
2026-04-14 09:00:00,202.1,210.2,81.6,120.5,50
2026-04-14 10:00:00,202.0,226.4,79.2,122.8,41
2026-04-14 11:00:00,207.1,220.0,83.6,123.5,44
2026-04-14 12:00:00,206.6,209.6,81.8,124.8,43
2026-04-14 13:00:00,206.4,218.6,78.2,128.2,55
2026-04-14 14:00:00,203.3,228.0,75.2,128.1,53
2026-04-14 15:00:00,213.4,220.2,82.7,130.7,53
2026-04-14 16:00:00,206.9,220.2,78.4,128.5,56
2026-04-14 17:00:00,197.1,210.6,79.7,117.4,48
2026-04-14 18:00:00,209.9,227.2,83.1,126.8,48
2026-04-14 19:00:00,202.6,211.0,79.9,122.7,47
2026-04-14 20:00:00,201.2,209.4,79.1,122.1,45
2026-04-14 21:00:00,209.8,227.2,80.5,129.3,58
2026-04-14 22:00:00,202.7,207.8,80.4,122.3,43
2026-04-14 23:00:00,195.0,217.6,79.6,115.4,44
2026-04-15 00:00:00,201.7,217.4,79.7,122.0,42
2026-04-15 01:00:00,203.2,218.2,78.3,124.9,50
2026-04-15 02:00:00,202.6,223.4,80.0,122.6,48
2026-04-15 03:00:00,214.8,217.2,79.6,135.2,59
2026-04-15 04:00:00,207.4,225.8,80.8,126.6,43
2026-04-15 05:00:00,200.6,223.6,77.9,122.7,40
2026-04-15 06:00:00,191.4,210.6,79.1,112.3,41
2026-04-15 07:00:00,197.6,214.0,80.9,116.7,48
2026-04-15 08:00:00,206.2,209.8,82.6,123.6,54
2026-04-15 09:00:00,202.9,209.2,78.1,124.8,58
2026-04-15 10:00:00,210.2,221.4,80.2,130.0,58
2026-04-15 11:00:00,205.3,213.0,83.3,122.0,44
2026-04-15 12:00:00,212.7,224.6,77.3,135.4,54
2026-04-15 13:00:00,200.2,224.2,76.3,123.9,47
2026-04-15 14:00:00,213.3,224.4,77.6,135.7,59
2026-04-15 15:00:00,200.6,226.6,78.2,122.4,43
2026-04-15 16:00:00,195.8,214.6,78.2,117.6,41
2026-04-15 17:00:00,202.4,213.2,77.6,124.8,50
2026-04-15 18:00:00,197.4,228.0,81.3,116.1,45
2026-04-15 19:00:00,199.4,221.8,82.7,116.7,49
2026-04-15 20:00:00,214.8,226.4,79.8,135.0,47
2026-04-15 21:00:00,200.4,214.6,82.0,118.4,42
2026-04-15 22:00:00,203.6,222.8,78.6,125.0,46
2026-04-15 23:00:00,201.6,210.0,78.7,122.9,47
2026-04-16 00:00:00,209.5,217.0,80.1,129.4,53
2026-04-16 01:00:00,204.5,228.4,78.5,126.0,58
2026-04-16 02:00:00,212.4,224.0,82.7,129.7,55
2026-04-16 03:00:00,206.3,215.4,80.6,125.7,42
2026-04-16 04:00:00,200.7,227.0,82.2,118.5,42
2026-04-16 05:00:00,210.0,224.4,79.6,130.4,59
2026-04-16 06:00:00,200.8,232.4,82.6,118.2,46
2026-04-16 07:00:00,204.8,223.6,76.9,127.9,51
2026-04-16 08:00:00,210.1,219.6,81.2,128.9,50
2026-04-16 09:00:00,189.3,220.0,80.4,108.9,42
2026-04-16 10:00:00,211.8,216.6,79.6,132.2,50
2026-04-16 11:00:00,206.4,218.8,78.5,127.9,58
2026-04-16 12:00:00,212.2,227.6,82.0,130.2,48
2026-04-16 13:00:00,204.4,214.2,79.8,124.6,50
2026-04-16 14:00:00,206.5,230.0,77.5,129.0,44
2026-04-16 15:00:00,202.9,215.8,78.2,124.7,53
2026-04-16 16:00:00,195.7,217.6,80.8,114.9,41
2026-04-16 17:00:00,219.8,220.0,81.4,138.4,51
2026-04-16 18:00:00,209.6,228.2,82.8,126.8,53
2026-04-16 19:00:00,194.9,218.0,77.2,117.7,50
2026-04-16 20:00:00,191.0,233.4,80.6,110.4,44
2026-04-16 21:00:00,199.6,227.2,76.3,123.3,47
2026-04-16 22:00:00,201.6,223.6,79.6,122.0,48
2026-04-16 23:00:00,209.5,226.4,81.3,128.2,48
2026-04-17 00:00:00,201.2,223.4,78.2,123.0,44
2026-04-17 01:00:00,196.9,216.8,79.8,117.1,46
2026-04-17 02:00:00,202.7,220.0,80.9,121.8,50
2026-04-17 03:00:00,212.5,218.0,79.4,133.1,52
2026-04-17 04:00:00,203.1,221.4,82.7,120.4,47
2026-04-17 05:00:00,211.1,218.4,81.0,130.1,53
2026-04-17 06:00:00,212.8,227.6,79.4,133.4,52
2026-04-17 07:00:00,201.4,213.8,78.0,123.4,59
2026-04-17 08:00:00,203.3,225.4,79.4,123.9,53
2026-04-17 09:00:00,195.9,220.2,84.1,111.8,51
2026-04-17 10:00:00,205.9,209.8,76.9,129.0,54
2026-04-17 11:00:00,197.5,221.6,77.5,120.0,45
2026-04-17 12:00:00,207.0,217.6,79.2,127.8,54
2026-04-17 13:00:00,204.8,227.2,78.2,126.6,55
2026-04-17 14:00:00,205.9,222.0,81.2,124.7,49
2026-04-17 15:00:00,201.9,214.0,79.5,122.4,40
2026-04-17 16:00:00,203.3,222.2,80.9,122.4,58
2026-04-17 17:00:00,204.2,227.8,78.2,126.0,43
2026-04-17 18:00:00,201.7,220.2,81.2,120.5,48
2026-04-17 19:00:00,202.8,223.8,77.8,125.0,44
2026-04-17 20:00:00,209.1,218.4,81.1,128.0,51
2026-04-17 21:00:00,213.3,217.6,80.8,132.5,55
2026-04-17 22:00:00,210.6,220.6,79.2,131.4,58
2026-04-17 23:00:00,206.3,220.6,78.8,127.5,58
2026-04-18 00:00:00,191.0,217.0,79.1,111.9,46
2026-04-18 01:00:00,192.7,229.2,77.9,114.8,46
2026-04-18 02:00:00,204.1,221.2,79.8,124.3,44
2026-04-18 03:00:00,196.6,221.2,80.9,115.7,48
2026-04-18 04:00:00,203.3,227.8,84.4,118.9,50
2026-04-18 05:00:00,205.8,214.6,80.9,124.9,56
2026-04-18 06:00:00,210.6,223.0,81.5,129.1,41
2026-04-18 07:00:00,206.4,227.6,80.9,125.5,43
2026-04-18 08:00:00,209.9,215.6,80.2,129.7,49
2026-04-18 09:00:00,194.3,224.2,79.6,114.7,42
2026-04-18 10:00:00,205.5,222.8,82.1,123.4,43
2026-04-18 11:00:00,203.3,227.4,77.3,126.0,58
2026-04-18 12:00:00,202.8,217.8,79.7,123.1,52
2026-04-18 13:00:00,202.1,216.2,81.4,120.7,53
2026-04-18 14:00:00,194.6,218.6,81.3,113.3,44
2026-04-18 15:00:00,204.1,222.6,81.0,123.1,51
2026-04-18 16:00:00,208.2,219.2,80.5,127.7,53
2026-04-18 17:00:00,208.4,218.8,82.6,125.8,47
2026-04-18 18:00:00,198.1,228.6,79.1,119.0,41
2026-04-18 19:00:00,193.8,216.2,80.2,113.6,45
2026-04-18 20:00:00,208.6,216.0,84.3,124.3,51
2026-04-18 21:00:00,201.2,224.0,82.9,118.3,44
2026-04-18 22:00:00,205.4,224.6,81.0,124.4,42
2026-04-18 23:00:00,205.5,213.6,78.9,126.6,55
2026-04-19 00:00:00,198.1,221.2,78.8,119.3,50
2026-04-19 01:00:00,199.0,224.8,82.9,116.1,40
2026-04-19 02:00:00,206.7,225.2,80.7,126.0,52
2026-04-19 03:00:00,198.8,214.6,79.7,119.1,47
2026-04-19 04:00:00,193.9,224.4,76.1,117.8,42
2026-04-19 05:00:00,209.2,222.8,79.6,129.6,54
2026-04-19 06:00:00,208.9,220.2,77.8,131.1,53
2026-04-19 07:00:00,201.7,236.2,79.5,122.2,49
2026-04-19 08:00:00,211.4,231.4,82.9,128.5,54
2026-04-19 09:00:00,208.0,216.4,79.0,129.0,50
2026-04-19 10:00:00,203.8,234.8,80.3,123.5,53
2026-04-19 11:00:00,205.0,205.0,82.0,123.0,53
2026-04-19 12:00:00,214.8,235.2,79.6,135.2,57
2026-04-19 13:00:00,208.4,231.0,83.5,124.9,47
2026-04-19 14:00:00,201.9,222.0,82.0,119.9,53
2026-04-19 15:00:00,200.6,224.4,77.9,122.7,58
2026-04-19 16:00:00,207.4,214.8,81.5,125.9,42
2026-04-19 17:00:00,204.2,227.6,78.9,125.3,53
2026-04-19 18:00:00,200.0,228.0,80.9,119.1,49
2026-04-19 19:00:00,217.5,219.4,80.8,136.7,58
2026-04-19 20:00:00,209.2,229.0,77.0,132.2,57
2026-04-19 21:00:00,206.5,220.2,82.1,124.4,58
2026-04-19 22:00:00,213.5,220.4,77.1,136.4,56
2026-04-19 23:00:00,204.8,229.6,78.8,126.0,52
2026-04-20 00:00:00,206.7,229.6,81.9,124.8,42
2026-04-20 01:00:00,214.3,218.2,81.4,132.9,47
2026-04-20 02:00:00,211.1,215.6,82.6,128.5,49
2026-04-20 03:00:00,195.7,219.8,80.6,115.1,43
2026-04-20 04:00:00,203.3,222.6,81.2,122.1,43
2026-04-20 05:00:00,200.6,207.4,78.8,121.8,54
2026-04-20 06:00:00,213.7,225.6,85.2,128.5,58
2026-04-20 07:00:00,205.8,227.2,77.4,128.4,46
2026-04-20 08:00:00,203.5,213.6,79.6,123.9,48
2026-04-20 09:00:00,206.9,215.0,82.7,124.2,41
2026-04-20 10:00:00,208.6,211.4,82.0,126.6,53
2026-04-20 11:00:00,210.7,220.0,82.3,128.4,55
2026-04-20 12:00:00,190.7,209.8,75.6,115.1,42
2026-04-20 13:00:00,197.6,230.8,79.7,117.9,47
2026-04-20 14:00:00,201.8,214.8,77.9,123.9,49
2026-04-20 15:00:00,208.8,223.0,79.0,129.8,58
2026-04-20 16:00:00,207.1,229.8,79.8,127.3,48
2026-04-20 17:00:00,207.1,226.6,79.0,128.1,56
2026-04-20 18:00:00,201.6,214.2,76.9,124.7,43
2026-04-20 19:00:00,201.1,230.0,82.0,119.1,44
2026-04-20 20:00:00,194.2,229.4,79.8,114.4,44
2026-04-20 21:00:00,216.7,231.0,82.4,134.3,44
2026-04-20 22:00:00,204.7,215.0,80.4,124.3,56
2026-04-20 23:00:00,210.4,228.2,81.3,129.1,55
2026-04-21 00:00:00,209.2,232.6,80.0,129.2,56
2026-04-21 01:00:00,205.0,218.0,82.1,122.9,57
2026-04-21 02:00:00,205.5,228.8,77.8,127.7,53
2026-04-21 03:00:00,211.8,212.0,82.2,129.6,57
2026-04-21 04:00:00,206.0,221.2,81.7,124.3,42
2026-04-21 05:00:00,194.4,222.6,78.0,116.4,54
2026-04-21 06:00:00,202.8,222.0,78.0,124.8,54
2026-04-21 07:00:00,199.4,229.8,79.8,119.6,43
2026-04-21 08:00:00,205.3,222.2,80.3,125.0,54
2026-04-21 09:00:00,200.3,219.0,83.8,116.5,48
2026-04-21 10:00:00,214.8,220.0,79.1,135.7,52
2026-04-21 11:00:00,206.4,212.4,80.1,126.3,50
2026-04-21 12:00:00,205.5,222.8,81.9,123.6,53
2026-04-21 13:00:00,206.1,234.0,78.0,128.1,56
2026-04-21 14:00:00,203.0,215.8,78.8,124.2,41
2026-04-21 15:00:00,207.5,221.0,78.7,128.8,47
2026-04-21 16:00:00,207.0,219.0,79.5,127.5,52
2026-04-21 17:00:00,199.7,218.4,82.8,116.9,42
2026-04-21 18:00:00,194.8,220.8,78.5,116.3,41
2026-04-21 19:00:00,206.6,224.2,83.2,123.4,43
2026-04-21 20:00:00,213.8,229.4,81.2,132.6,52
2026-04-21 21:00:00,194.8,221.0,79.4,115.4,47
2026-04-21 22:00:00,202.5,215.8,81.2,121.3,41
2026-04-21 23:00:00,199.4,231.6,80.2,119.2,43
2026-04-22 00:00:00,202.5,222.2,80.9,121.6,53
2026-04-22 01:00:00,202.6,220.0,80.3,122.3,56
2026-04-22 02:00:00,204.8,237.2,80.3,124.5,48
2026-04-22 03:00:00,195.2,230.0,78.7,116.5,44
2026-04-22 04:00:00,208.4,221.2,79.7,128.7,47
2026-04-22 05:00:00,216.0,228.8,80.6,135.4,58
2026-04-22 06:00:00,213.2,217.4,83.0,130.2,45
2026-04-22 07:00:00,204.5,220.4,77.9,126.6,51
2026-04-22 08:00:00,205.2,220.2,80.4,124.8,45
2026-04-22 09:00:00,207.1,226.2,82.9,124.2,52
2026-04-22 10:00:00,209.1,229.2,77.8,131.3,59
2026-04-22 11:00:00,203.4,217.2,77.6,125.8,43
2026-04-22 12:00:00,202.9,220.0,79.4,123.5,48
2026-04-22 13:00:00,195.2,225.8,80.1,115.1,44
2026-04-22 14:00:00,204.0,226.8,78.3,125.7,57
2026-04-22 15:00:00,196.7,218.2,78.8,117.9,45
2026-04-22 16:00:00,204.4,218.0,82.4,122.0,42
2026-04-22 17:00:00,199.4,218.4,80.2,119.2,45
2026-04-22 18:00:00,205.2,228.6,80.6,124.6,59
2026-04-22 19:00:00,200.9,212.2,75.0,125.9,47
2026-04-22 20:00:00,195.5,230.0,78.3,117.2,46
2026-04-22 21:00:00,207.8,230.0,79.0,128.8,53
2026-04-22 22:00:00,212.8,235.8,79.8,133.0,59
2026-04-22 23:00:00,194.8,226.0,80.3,114.5,40
2026-04-23 00:00:00,204.3,218.8,79.0,125.3,59
2026-04-23 01:00:00,199.3,226.8,82.9,116.4,46
2026-04-23 02:00:00,210.1,227.6,82.8,127.3,47
2026-04-23 03:00:00,199.5,227.8,76.3,123.2,57
2026-04-23 04:00:00,209.5,218.2,81.1,128.4,43
2026-04-23 05:00:00,204.6,223.6,80.8,123.8,47
2026-04-23 06:00:00,209.7,221.0,81.5,128.2,54
2026-04-23 07:00:00,202.3,220.4,81.8,120.5,54
2026-04-23 08:00:00,213.4,228.2,77.7,135.7,48
2026-04-23 09:00:00,199.7,228.8,77.9,121.8,45
2026-04-23 10:00:00,205.5,235.8,79.8,125.7,43
2026-04-23 11:00:00,198.0,228.8,77.0,121.0,44
2026-04-23 12:00:00,216.1,222.0,78.9,137.2,56
2026-04-23 13:00:00,205.7,226.4,78.1,127.6,48
2026-04-23 14:00:00,210.3,214.0,80.3,130.0,55
2026-04-23 15:00:00,196.3,222.0,77.7,118.6,42
2026-04-23 16:00:00,205.8,234.4,79.6,126.2,59
2026-04-23 17:00:00,202.0,229.0,80.8,121.2,50
2026-04-23 18:00:00,202.0,227.4,80.4,121.6,51
2026-04-23 19:00:00,200.0,224.2,77.0,123.0,51
2026-04-23 20:00:00,213.2,226.0,79.2,134.0,49
2026-04-23 21:00:00,200.5,215.2,81.6,118.9,54
2026-04-23 22:00:00,213.1,223.0,80.1,133.0,51
2026-04-23 23:00:00,199.9,237.8,78.3,121.6,53
2026-04-24 00:00:00,208.2,219.0,79.7,128.5,54
2026-04-24 01:00:00,205.3,231.6,83.2,122.1,46
2026-04-24 02:00:00,193.3,235.6,78.1,115.2,42
2026-04-24 03:00:00,202.4,222.4,80.6,121.8,42
2026-04-24 04:00:00,203.5,235.6,78.5,125.0,45
2026-04-24 05:00:00,208.4,228.2,87.0,121.4,48
2026-04-24 06:00:00,193.5,218.4,77.4,116.1,44
2026-04-24 07:00:00,207.4,211.0,81.2,126.2,47
2026-04-24 08:00:00,210.6,222.6,78.5,132.1,40
2026-04-24 09:00:00,215.1,226.8,80.5,134.6,54
2026-04-24 10:00:00,203.5,228.0,79.9,123.6,43
2026-04-24 11:00:00,213.0,230.8,80.9,132.1,45
2026-04-24 12:00:00,211.5,218.6,78.9,132.6,42
2026-04-24 13:00:00,198.5,229.0,77.7,120.8,46
2026-04-24 14:00:00,210.2,228.6,81.2,129.0,56
2026-04-24 15:00:00,200.0,230.2,81.5,118.5,40
2026-04-24 16:00:00,205.3,224.4,78.4,126.9,49
2026-04-24 17:00:00,192.6,226.0,76.1,116.5,44
2026-04-24 18:00:00,201.2,230.2,79.3,121.9,55
2026-04-24 19:00:00,198.6,228.8,79.4,119.2,43
2026-04-24 20:00:00,202.8,207.0,82.5,120.3,47
2026-04-24 21:00:00,209.6,217.6,82.2,127.4,46
2026-04-24 22:00:00,209.5,224.6,79.2,130.3,58
2026-04-24 23:00:00,200.6,222.6,81.7,118.9,41
2026-04-25 00:00:00,215.0,235.6,77.9,137.1,52
2026-04-25 01:00:00,212.6,223.8,77.5,135.1,48
2026-04-25 02:00:00,210.5,217.4,86.0,124.5,55
2026-04-25 03:00:00,203.9,232.6,78.5,125.4,55
2026-04-25 04:00:00,195.5,229.8,77.9,117.6,48
2026-04-25 05:00:00,194.1,223.2,78.1,116.0,41
2026-04-25 06:00:00,200.4,219.8,78.8,121.6,48
2026-04-25 07:00:00,217.8,219.6,79.7,138.1,56
2026-04-25 08:00:00,207.7,230.2,83.2,124.5,41
2026-04-25 09:00:00,193.5,236.0,80.6,112.9,42
2026-04-25 10:00:00,217.9,236.2,84.0,133.9,52
2026-04-25 11:00:00,195.6,223.6,78.8,116.8,43
2026-04-25 12:00:00,188.6,232.6,76.5,112.1,40
2026-04-25 13:00:00,189.3,226.4,79.9,109.4,40
2026-04-25 14:00:00,209.0,226.2,79.5,129.5,58
2026-04-25 15:00:00,205.7,222.0,78.4,127.3,40
2026-04-25 16:00:00,193.2,215.4,81.2,112.0,41
2026-04-25 17:00:00,197.8,227.2,79.3,118.5,41
2026-04-25 18:00:00,215.8,235.6,83.1,132.7,59
2026-04-25 19:00:00,197.4,221.4,79.0,118.4,50
2026-04-25 20:00:00,208.9,223.6,80.3,128.6,53
2026-04-25 21:00:00,205.0,215.8,78.3,126.7,48
2026-04-25 22:00:00,198.3,228.6,77.9,120.4,50
2026-04-25 23:00:00,199.8,226.4,80.7,119.1,48
2026-04-26 00:00:00,200.3,228.8,80.7,119.6,47
2026-04-26 01:00:00,215.0,226.0,79.4,135.6,58
2026-04-26 02:00:00,204.2,226.4,80.7,123.5,41
2026-04-26 03:00:00,208.6,229.4,80.6,128.0,41
2026-04-26 04:00:00,212.2,219.6,82.3,129.9,54
2026-04-26 05:00:00,194.8,217.8,78.0,116.8,53
2026-04-26 06:00:00,192.6,217.8,79.0,113.6,40
2026-04-26 07:00:00,205.6,234.2,77.7,127.9,41
2026-04-26 08:00:00,193.6,226.6,80.4,113.2,44
2026-04-26 09:00:00,207.6,222.0,78.1,129.5,55
2026-04-26 10:00:00,209.7,225.8,80.5,129.2,45
2026-04-26 11:00:00,200.7,235.6,76.5,124.2,44
2026-04-26 12:00:00,202.3,237.6,80.7,121.6,50
2026-04-26 13:00:00,204.4,220.4,79.8,124.6,46
2026-04-26 14:00:00,208.8,231.0,80.0,128.8,56
2026-04-26 15:00:00,210.4,231.6,80.8,129.6,50
2026-04-26 16:00:00,211.6,232.0,83.4,128.2,51
2026-04-26 17:00:00,213.6,231.4,79.6,134.0,52
2026-04-26 18:00:00,201.5,228.6,80.1,121.4,45
2026-04-26 19:00:00,200.5,236.4,81.2,119.3,52
2026-04-26 20:00:00,198.5,224.2,77.9,120.6,56
2026-04-26 21:00:00,183.6,229.8,78.1,105.5,42
2026-04-26 22:00:00,206.2,231.2,85.0,121.2,56
2026-04-26 23:00:00,201.7,230.6,83.0,118.7,40
2026-04-27 00:00:00,210.1,227.0,79.0,131.1,52
2026-04-27 01:00:00,203.3,226.4,82.9,120.4,56
2026-04-27 02:00:00,206.9,232.0,84.0,122.9,43
2026-04-27 03:00:00,205.1,223.2,79.2,125.9,53
2026-04-27 04:00:00,205.5,231.0,80.6,124.9,58
2026-04-27 05:00:00,196.3,229.4,80.0,116.3,49
2026-04-27 06:00:00,196.8,241.8,78.9,117.9,47
2026-04-27 07:00:00,198.4,235.6,81.8,116.6,43
2026-04-27 08:00:00,205.4,221.2,82.5,122.9,42
2026-04-27 09:00:00,211.7,223.8,81.4,130.3,58
2026-04-27 10:00:00,204.8,213.0,79.7,125.1,58
2026-04-27 11:00:00,206.9,223.0,78.2,128.7,53
2026-04-27 12:00:00,202.7,235.0,80.1,122.6,52
2026-04-27 13:00:00,195.1,229.6,75.8,119.3,55
2026-04-27 14:00:00,196.8,233.4,78.8,118.0,47
2026-04-27 15:00:00,196.0,220.8,77.9,118.1,45
2026-04-27 16:00:00,203.8,234.6,81.1,122.7,54
2026-04-27 17:00:00,204.7,214.6,79.2,125.5,46
2026-04-27 18:00:00,201.1,226.6,80.0,121.1,54
2026-04-27 19:00:00,215.8,228.8,82.2,133.6,58
2026-04-27 20:00:00,206.0,217.8,80.4,125.6,55
2026-04-27 21:00:00,204.3,229.0,80.3,124.0,59
2026-04-27 22:00:00,207.9,230.6,83.0,124.9,50
2026-04-27 23:00:00,204.2,218.2,80.8,123.4,45
2026-04-28 00:00:00,208.9,228.2,80.4,128.5,54
2026-04-28 01:00:00,190.4,221.8,76.3,114.1,52
2026-04-28 02:00:00,208.5,230.6,79.8,128.7,58
2026-04-28 03:00:00,196.2,227.4,81.9,114.3,42
2026-04-28 04:00:00,201.6,224.4,77.3,124.3,47
2026-04-28 05:00:00,209.5,220.4,81.1,128.4,48
2026-04-28 06:00:00,216.3,229.2,81.9,134.4,53
2026-04-28 07:00:00,204.1,224.0,79.7,124.4,49
2026-04-28 08:00:00,213.5,223.4,84.2,129.3,59
2026-04-28 09:00:00,210.2,234.6,80.2,130.0,51
2026-04-28 10:00:00,209.8,225.8,80.2,129.6,58
2026-04-28 11:00:00,203.8,233.6,84.1,119.7,46
2026-04-28 12:00:00,209.3,225.0,80.6,128.7,59
2026-04-28 13:00:00,211.1,224.8,79.9,131.2,53
2026-04-28 14:00:00,217.3,231.0,80.2,137.1,54
2026-04-28 15:00:00,206.6,217.8,76.6,130.0,46
2026-04-28 16:00:00,200.3,223.0,81.7,118.6,48
2026-04-28 17:00:00,201.0,233.8,82.3,118.7,54
2026-04-28 18:00:00,214.8,238.2,83.6,131.2,55
2026-04-28 19:00:00,203.1,221.4,81.6,121.5,44
2026-04-28 20:00:00,195.7,225.2,79.6,116.1,49
2026-04-28 21:00:00,206.2,227.0,81.0,125.2,57
2026-04-28 22:00:00,198.9,223.8,79.5,119.4,47
2026-04-28 23:00:00,197.6,226.2,79.1,118.5,44
2026-04-29 00:00:00,208.6,228.2,80.2,128.4,57
2026-04-29 01:00:00,195.2,224.6,77.5,117.7,43
2026-04-29 02:00:00,210.7,216.8,86.2,124.5,44
2026-04-29 03:00:00,203.5,213.8,80.8,122.7,44
2026-04-29 04:00:00,219.2,220.8,81.9,137.3,51
2026-04-29 05:00:00,211.3,219.2,82.0,129.3,47
2026-04-29 06:00:00,202.0,229.4,81.4,120.6,41
2026-04-29 07:00:00,206.5,233.4,81.5,125.0,52
2026-04-29 08:00:00,198.4,221.0,81.2,117.2,46
2026-04-29 09:00:00,209.9,226.0,81.5,128.4,45
2026-04-29 10:00:00,206.6,227.2,78.3,128.3,44
2026-04-29 11:00:00,199.0,223.4,80.9,118.1,43
2026-04-29 12:00:00,213.4,234.4,83.9,129.5,50
2026-04-29 13:00:00,198.9,224.2,79.2,119.7,41
2026-04-29 14:00:00,219.4,229.4,83.2,136.2,55
2026-04-29 15:00:00,209.9,234.2,80.6,129.3,56
2026-04-29 16:00:00,203.0,224.4,81.0,122.0,41
2026-04-29 17:00:00,202.2,236.0,78.3,123.9,47
2026-04-29 18:00:00,202.1,223.6,80.6,121.5,48
2026-04-29 19:00:00,219.8,226.2,81.2,138.6,52
2026-04-29 20:00:00,197.3,219.2,81.7,115.6,44
2026-04-29 21:00:00,198.8,235.2,80.9,117.9,40
2026-04-29 22:00:00,193.8,233.2,78.4,115.4,48
2026-04-29 23:00:00,210.7,229.6,80.0,130.7,48
2026-04-30 00:00:00,199.0,231.0,83.6,115.4,25
2026-04-30 01:00:00,189.1,229.4,81.9,107.2,25
2026-04-30 02:00:00,195.4,227.6,82.9,112.5,29
2026-04-30 03:00:00,199.5,232.0,80.2,119.3,27
2026-04-30 04:00:00,188.8,231.0,80.0,108.8,31
2026-04-30 05:00:00,191.1,220.2,78.5,112.6,21
2026-04-30 06:00:00,199.9,221.6,81.5,118.4,27
2026-04-30 07:00:00,187.6,222.6,78.8,108.8,26
2026-04-30 08:00:00,190.9,230.8,79.1,111.8,30
2026-04-30 09:00:00,188.8,219.2,80.7,108.1,24
2026-04-30 10:00:00,198.7,239.0,83.4,115.3,28
2026-04-30 11:00:00,194.0,228.6,81.1,112.9,21
2026-04-30 12:00:00,204.2,231.6,79.0,125.2,28
2026-04-30 13:00:00,197.7,228.2,77.1,120.6,32
2026-04-30 14:00:00,188.5,226.0,78.4,110.1,34
2026-04-30 15:00:00,199.7,223.8,81.0,118.7,34
2026-04-30 16:00:00,183.2,231.2,79.8,103.4,21
2026-04-30 17:00:00,195.1,227.0,78.2,116.9,27
2026-04-30 18:00:00,195.2,222.0,80.5,114.7,31
2026-04-30 19:00:00,195.3,228.8,79.0,116.3,34
2026-04-30 20:00:00,197.5,225.8,79.8,117.7,30
2026-04-30 21:00:00,187.9,231.4,78.2,109.7,32
2026-04-30 22:00:00,198.4,221.6,79.2,119.2,23
2026-04-30 23:00:00,195.8,225.6,80.4,115.4,31
2026-05-01 00:00:00,187.9,234.8,78.5,109.4,21
2026-05-01 01:00:00,197.5,227.6,80.2,117.3,34
2026-05-01 02:00:00,205.4,225.6,82.6,122.8,31
2026-05-01 03:00:00,191.3,227.2,81.5,109.8,31
2026-05-01 04:00:00,197.7,240.8,80.3,117.4,29
2026-05-01 05:00:00,194.7,231.8,81.7,113.0,29
2026-05-01 06:00:00,188.8,228.4,79.3,109.5,20
2026-05-01 07:00:00,196.9,222.4,82.4,114.5,28
2026-05-01 08:00:00,183.2,226.0,79.1,104.1,20
2026-05-01 09:00:00,190.7,231.4,78.6,112.1,24
2026-05-01 10:00:00,197.7,221.4,81.1,116.6,24
2026-05-01 11:00:00,198.0,229.6,77.5,120.5,23
2026-05-01 12:00:00,196.6,232.0,78.3,118.3,34
2026-05-01 13:00:00,202.5,230.6,82.6,119.9,20
2026-05-01 14:00:00,185.6,232.2,77.2,108.4,20
2026-05-01 15:00:00,194.3,226.8,77.3,117.0,24
2026-05-01 16:00:00,189.4,226.6,84.7,104.7,33
2026-05-01 17:00:00,200.8,224.0,81.5,119.3,33
2026-05-01 18:00:00,190.9,236.4,77.9,113.0,25
2026-05-01 19:00:00,196.7,231.4,81.3,115.4,25
2026-05-01 20:00:00,196.9,232.8,82.0,114.9,26
2026-05-01 21:00:00,189.1,231.0,82.8,106.3,33
2026-05-01 22:00:00,198.2,225.8,77.3,120.9,32
2026-05-01 23:00:00,192.7,241.2,80.8,111.9,27
2026-05-02 00:00:00,190.0,226.8,79.3,110.7,33
2026-05-02 01:00:00,190.0,228.2,78.1,111.9,24
2026-05-02 02:00:00,195.5,225.6,80.0,115.5,27
2026-05-02 03:00:00,190.2,220.8,78.1,112.1,22
2026-05-02 04:00:00,198.6,229.4,81.3,117.3,24
2026-05-02 05:00:00,197.6,228.0,78.7,118.9,28
2026-05-02 06:00:00,185.2,215.6,79.1,106.1,33
2026-05-02 07:00:00,191.4,229.0,82.3,109.1,21
2026-05-02 08:00:00,185.6,234.8,79.8,105.8,20
2026-05-02 09:00:00,195.7,230.4,80.6,115.1,25
2026-05-02 10:00:00,196.8,240.4,82.1,114.7,25
2026-05-02 11:00:00,195.5,222.8,78.5,117.0,26
2026-05-02 12:00:00,192.9,224.6,76.0,116.9,32
2026-05-02 13:00:00,192.8,230.8,82.6,110.2,27
2026-05-02 14:00:00,197.0,231.2,80.2,116.8,31
2026-05-02 15:00:00,193.9,232.0,78.2,115.7,28
2026-05-02 16:00:00,193.1,226.8,79.3,113.8,25
2026-05-02 17:00:00,192.0,225.4,79.0,113.0,29
2026-05-02 18:00:00,206.9,236.0,83.6,123.3,28
2026-05-02 19:00:00,195.4,224.6,80.7,114.7,23
2026-05-02 20:00:00,186.7,222.6,77.1,109.6,25
2026-05-02 21:00:00,186.7,239.0,81.4,105.3,20
2026-05-02 22:00:00,182.3,240.8,78.2,104.1,21
2026-05-02 23:00:00,190.2,230.0,79.0,111.2,29
2026-05-03 00:00:00,197.8,236.8,79.2,118.6,33
2026-05-03 01:00:00,198.6,234.4,76.9,121.7,30
2026-05-03 02:00:00,195.8,234.4,80.0,115.8,30
2026-05-03 03:00:00,178.4,227.8,78.6,99.8,21
2026-05-03 04:00:00,197.0,228.2,80.9,116.1,21
2026-05-03 05:00:00,198.7,232.4,79.9,118.8,33
2026-05-03 06:00:00,188.3,235.8,78.3,110.0,28
2026-05-03 07:00:00,201.3,243.0,81.2,120.1,31
2026-05-03 08:00:00,190.0,229.0,79.9,110.1,22
2026-05-03 09:00:00,194.7,228.2,78.4,116.3,25
2026-05-03 10:00:00,197.6,220.6,81.2,116.4,27
2026-05-03 11:00:00,192.0,232.6,78.8,113.2,34
2026-05-03 12:00:00,189.5,233.0,77.8,111.7,31
2026-05-03 13:00:00,189.0,228.8,78.6,110.4,24
2026-05-03 14:00:00,193.9,234.4,79.9,114.0,33
2026-05-03 15:00:00,183.6,234.4,78.2,105.4,20
2026-05-03 16:00:00,198.3,239.2,80.5,117.8,31
2026-05-03 17:00:00,185.5,225.0,79.2,106.3,21
2026-05-03 18:00:00,187.9,234.2,82.1,105.8,21
2026-05-03 19:00:00,188.9,227.6,78.6,110.3,25
2026-05-03 20:00:00,198.9,225.6,83.9,115.0,28
2026-05-03 21:00:00,194.5,230.6,79.9,114.6,33
2026-05-03 22:00:00,184.3,223.0,78.1,106.2,26
2026-05-03 23:00:00,191.1,225.0,78.4,112.7,21
2026-05-04 00:00:00,200.4,230.8,83.6,116.8,28
2026-05-04 01:00:00,190.2,232.6,80.2,110.0,26
2026-05-04 02:00:00,189.9,236.8,78.8,111.1,21
2026-05-04 03:00:00,193.3,242.8,80.5,112.8,22
2026-05-04 04:00:00,200.5,230.8,83.5,117.0,33
2026-05-04 05:00:00,189.4,223.2,79.0,110.4,29
2026-05-04 06:00:00,191.8,236.8,81.9,109.9,27
2026-05-04 07:00:00,190.7,232.6,80.0,110.7,23
2026-05-04 08:00:00,199.5,231.4,80.3,119.2,33
2026-05-04 09:00:00,191.2,240.2,80.7,110.5,20
2026-05-04 10:00:00,192.4,221.6,82.8,109.6,25
2026-05-04 11:00:00,197.7,229.0,81.9,115.8,29
2026-05-04 12:00:00,178.4,223.6,74.6,103.8,25
2026-05-04 13:00:00,191.4,229.2,78.2,113.2,27
2026-05-04 14:00:00,201.0,241.6,81.2,119.8,25
2026-05-04 15:00:00,191.3,235.6,80.1,111.2,22
2026-05-04 16:00:00,187.1,238.6,79.3,107.8,22
2026-05-04 17:00:00,188.6,232.8,81.8,106.8,22
2026-05-04 18:00:00,194.4,221.8,79.9,114.5,20
2026-05-04 19:00:00,187.7,225.8,75.3,112.4,20
2026-05-04 20:00:00,194.7,239.0,80.4,114.3,33
2026-05-04 21:00:00,203.2,229.0,78.1,125.1,34
2026-05-04 22:00:00,192.5,228.0,78.6,113.9,29
2026-05-04 23:00:00,188.2,232.8,81.6,106.6,29
2026-05-05 00:00:00,192.5,232.2,81.9,110.6,33
2026-05-05 01:00:00,183.3,243.2,78.5,104.8,21
2026-05-05 02:00:00,188.3,232.4,74.8,113.5,20
2026-05-05 03:00:00,192.7,238.4,77.6,115.1,34
2026-05-05 04:00:00,204.4,228.2,83.5,120.9,28
2026-05-05 05:00:00,197.2,236.4,80.5,116.7,30
2026-05-05 06:00:00,205.2,225.2,80.9,124.3,31
2026-05-05 07:00:00,186.5,233.4,80.6,105.9,25
2026-05-05 08:00:00,188.3,221.0,79.5,108.8,30
2026-05-05 09:00:00,182.3,233.4,77.9,104.4,20
2026-05-05 10:00:00,196.1,230.4,80.6,115.5,26
2026-05-05 11:00:00,181.4,230.6,74.4,107.0,21
2026-05-05 12:00:00,188.6,229.2,78.6,110.0,29
2026-05-05 13:00:00,192.9,239.2,78.9,114.0,28
2026-05-05 14:00:00,202.1,224.4,80.0,122.1,23
2026-05-05 15:00:00,192.9,246.8,80.5,112.4,33
2026-05-05 16:00:00,194.5,223.8,77.3,117.2,32
2026-05-05 17:00:00,189.3,235.2,80.0,109.3,27
2026-05-05 18:00:00,188.8,233.0,79.9,108.9,28
2026-05-05 19:00:00,206.4,229.8,83.9,122.5,32
2026-05-05 20:00:00,189.8,230.6,76.5,113.3,30
2026-05-05 21:00:00,200.2,237.4,80.4,119.8,34
2026-05-05 22:00:00,195.0,230.0,79.5,115.5,31
2026-05-05 23:00:00,188.0,236.4,81.6,106.4,26
2026-05-06 00:00:00,197.8,221.8,77.4,120.4,26
2026-05-06 01:00:00,197.5,229.4,79.5,118.0,32
2026-05-06 02:00:00,180.4,233.2,76.8,103.6,25
2026-05-06 03:00:00,192.7,238.4,75.1,117.6,22
2026-05-06 04:00:00,190.3,221.4,78.2,112.1,25
2026-05-06 05:00:00,197.0,229.4,81.9,115.1,29
2026-05-06 06:00:00,189.0,224.0,78.0,111.0,26
2026-05-06 07:00:00,183.2,226.8,80.5,102.7,23
2026-05-06 08:00:00,189.0,233.2,81.4,107.6,23
2026-05-06 09:00:00,196.1,238.6,75.1,121.0,30
2026-05-06 10:00:00,187.7,223.6,83.0,104.7,27
2026-05-06 11:00:00,196.1,232.2,82.0,114.1,23
2026-05-06 12:00:00,197.9,232.0,81.3,116.6,33
2026-05-06 13:00:00,189.8,231.0,80.9,108.9,20
2026-05-06 14:00:00,182.3,228.4,77.2,105.1,29
2026-05-06 15:00:00,188.3,236.2,79.0,109.3,29
2026-05-06 16:00:00,192.6,239.8,77.5,115.1,33
2026-05-06 17:00:00,193.2,228.0,80.2,113.0,22
2026-05-06 18:00:00,195.9,237.2,76.3,119.6,34
2026-05-06 19:00:00,192.8,233.6,80.1,112.7,28
2026-05-06 20:00:00,197.6,235.2,79.5,118.1,26
2026-05-06 21:00:00,197.4,234.6,81.8,115.6,30
2026-05-06 22:00:00,201.9,230.6,82.0,119.9,31
2026-05-06 23:00:00,184.1,225.6,77.7,106.4,29
2026-05-07 00:00:00,202.7,231.0,82.4,120.3,27
2026-05-07 01:00:00,190.2,235.6,77.8,112.4,32
2026-05-07 02:00:00,192.5,229.0,78.9,113.6,29
2026-05-07 03:00:00,187.9,233.8,78.4,109.5,29
2026-05-07 04:00:00,196.6,229.8,79.0,117.6,28
2026-05-07 05:00:00,196.2,236.8,81.3,114.9,24
2026-05-07 06:00:00,203.5,248.6,81.5,122.0,34
2026-05-07 07:00:00,194.7,236.6,79.3,115.4,28
2026-05-07 08:00:00,201.0,241.2,78.7,122.3,31
2026-05-07 09:00:00,186.4,236.2,77.0,109.4,24
2026-05-07 10:00:00,195.8,221.6,79.2,116.6,29
2026-05-07 11:00:00,186.3,228.0,83.4,102.9,21
2026-05-07 12:00:00,199.2,238.0,80.6,118.6,33
2026-05-07 13:00:00,181.7,234.0,78.7,103.0,32
2026-05-07 14:00:00,194.6,228.2,81.2,113.4,25
2026-05-07 15:00:00,208.4,238.2,84.4,124.0,29
2026-05-07 16:00:00,194.6,223.2,76.5,118.1,25
2026-05-07 17:00:00,191.0,232.0,79.9,111.1,27
2026-05-07 18:00:00,203.6,236.2,80.8,122.8,33
2026-05-07 19:00:00,192.0,237.0,82.4,109.6,30
2026-05-07 20:00:00,193.5,230.6,77.5,116.0,26
2026-05-07 21:00:00,187.2,233.2,79.9,107.3,20
2026-05-07 22:00:00,189.5,226.2,79.5,110.0,25
2026-05-07 23:00:00,196.7,224.8,78.0,118.7,33
2026-05-08 00:00:00,184.8,229.6,78.2,106.6,24
2026-05-08 01:00:00,193.8,238.2,81.7,112.1,24
2026-05-08 02:00:00,199.3,246.0,80.0,119.3,25
2026-05-08 03:00:00,191.9,228.4,80.3,111.6,25
2026-05-08 04:00:00,197.6,238.6,77.3,120.3,32
2026-05-08 05:00:00,195.9,238.2,77.9,118.0,33
2026-05-08 06:00:00,190.1,234.2,81.7,108.4,25
2026-05-08 07:00:00,189.8,239.2,78.5,111.3,23
2026-05-08 08:00:00,199.9,235.6,80.2,119.7,29
2026-05-08 09:00:00,199.0,230.2,80.3,118.7,23
2026-05-08 10:00:00,204.2,244.4,81.8,122.4,29
2026-05-08 11:00:00,199.7,219.0,77.7,122.0,28
2026-05-08 12:00:00,194.8,238.0,82.8,112.0,29
2026-05-08 13:00:00,200.4,236.6,79.2,121.2,32
2026-05-08 14:00:00,189.2,231.8,78.9,110.3,26
2026-05-08 15:00:00,188.6,226.6,76.9,111.7,25
2026-05-08 16:00:00,196.2,239.4,78.3,117.9,26
2026-05-08 17:00:00,193.4,233.8,76.5,116.9,25
2026-05-08 18:00:00,196.4,233.4,83.6,112.8,27
2026-05-08 19:00:00,206.3,234.6,81.4,124.9,33
2026-05-08 20:00:00,184.4,234.2,78.3,106.1,20
2026-05-08 21:00:00,190.8,231.2,79.9,110.9,28
2026-05-08 22:00:00,196.0,239.6,84.2,111.8,21
2026-05-08 23:00:00,199.6,233.2,79.5,120.1,31
2026-05-09 00:00:00,202.2,236.4,81.1,121.1,27
2026-05-09 01:00:00,184.8,235.4,75.5,109.3,34
2026-05-09 02:00:00,207.4,239.4,81.9,125.5,34
2026-05-09 03:00:00,181.7,228.2,78.1,103.6,26
2026-05-09 04:00:00,195.9,230.2,79.1,116.8,26
2026-05-09 05:00:00,194.1,238.2,79.8,114.3,31
2026-05-09 06:00:00,205.1,232.4,80.3,124.8,30
2026-05-09 07:00:00,182.3,238.8,78.4,103.9,23
2026-05-09 08:00:00,198.9,245.0,79.9,119.0,33
2026-05-09 09:00:00,197.5,239.0,82.0,115.5,33
2026-05-09 10:00:00,191.6,234.0,81.5,110.1,22
2026-05-09 11:00:00,185.6,246.4,79.0,106.6,22
2026-05-09 12:00:00,194.9,238.2,77.6,117.3,32
2026-05-09 13:00:00,200.5,237.4,80.5,120.0,33
2026-05-09 14:00:00,192.1,236.4,81.2,110.9,21
2026-05-09 15:00:00,192.5,232.2,82.2,110.3,34
2026-05-09 16:00:00,187.8,236.2,78.7,109.1,29
2026-05-09 17:00:00,183.4,233.8,81.0,102.4,20
2026-05-09 18:00:00,195.2,238.8,82.3,112.9,34
2026-05-09 19:00:00,180.6,231.2,79.2,101.4,21
2026-05-09 20:00:00,195.7,234.0,79.2,116.5,34
2026-05-09 21:00:00,189.6,241.6,78.0,111.6,20
2026-05-09 22:00:00,190.8,231.4,81.2,109.6,24
2026-05-09 23:00:00,190.7,227.8,78.2,112.5,25
2026-05-10 00:00:00,182.6,235.0,77.2,105.4,23
2026-05-10 01:00:00,198.5,238.4,80.8,117.7,33
2026-05-10 02:00:00,200.1,231.4,80.8,119.3,23
2026-05-10 03:00:00,199.7,227.6,78.9,120.8,34
2026-05-10 04:00:00,181.9,231.4,79.6,102.3,24
2026-05-10 05:00:00,186.0,232.8,80.4,105.6,33
2026-05-10 06:00:00,191.0,235.8,80.2,110.8,21
2026-05-10 07:00:00,186.5,239.4,76.6,109.9,22
2026-05-10 08:00:00,198.7,234.0,78.1,120.6,24
2026-05-10 09:00:00,192.7,234.6,77.7,115.0,21
2026-05-10 10:00:00,204.5,237.2,77.6,126.9,31
2026-05-10 11:00:00,186.5,228.4,78.7,107.8,24
2026-05-10 12:00:00,189.5,233.4,80.4,109.1,28
2026-05-10 13:00:00,192.8,232.0,78.5,114.3,21
2026-05-10 14:00:00,201.0,233.0,77.5,123.5,32
2026-05-10 15:00:00,197.3,242.4,81.9,115.4,27
2026-05-10 16:00:00,180.6,234.8,78.5,102.1,25
2026-05-10 17:00:00,193.1,237.6,76.8,116.3,29
2026-05-10 18:00:00,194.1,231.0,83.0,111.1,29
2026-05-10 19:00:00,206.4,237.6,81.4,125.0,28
2026-05-10 20:00:00,188.9,236.4,79.8,109.1,23
2026-05-10 21:00:00,201.2,234.6,79.8,121.4,25
2026-05-10 22:00:00,182.2,246.6,81.0,101.2,20
2026-05-10 23:00:00,189.5,235.4,74.5,115.0,24
2026-05-11 00:00:00,192.0,232.0,83.8,108.2,24
2026-05-11 01:00:00,192.1,228.0,82.0,110.1,22
2026-05-11 02:00:00,193.1,234.2,78.9,114.2,25
2026-05-11 03:00:00,193.3,241.6,81.4,111.9,27
2026-05-11 04:00:00,190.1,242.0,81.9,108.2,24
2026-05-11 05:00:00,193.1,245.0,82.0,111.1,22
2026-05-11 06:00:00,194.2,232.4,80.7,113.5,32
2026-05-11 07:00:00,198.5,230.0,80.5,118.0,34
2026-05-11 08:00:00,186.1,238.8,75.3,110.8,21
2026-05-11 09:00:00,188.7,230.8,78.6,110.1,34
2026-05-11 10:00:00,180.2,235.6,73.3,106.9,21
2026-05-11 11:00:00,202.5,237.0,80.5,122.0,28
2026-05-11 12:00:00,192.0,236.2,84.1,107.9,22
2026-05-11 13:00:00,182.5,234.4,78.8,103.7,24
2026-05-11 14:00:00,201.8,240.8,81.4,120.4,33
2026-05-11 15:00:00,193.6,233.4,77.7,115.9,29
2026-05-11 16:00:00,197.3,244.4,75.7,121.6,24
2026-05-11 17:00:00,188.5,239.0,81.1,107.4,21
2026-05-11 18:00:00,193.1,238.6,79.1,114.0,33
2026-05-11 19:00:00,200.1,237.0,80.3,119.8,31
2026-05-11 20:00:00,184.5,223.2,81.4,103.1,28
2026-05-11 21:00:00,194.2,241.8,83.1,111.1,33
2026-05-11 22:00:00,192.2,234.4,80.7,111.5,23
2026-05-11 23:00:00,197.4,242.2,84.9,112.5,28
2026-05-12 00:00:00,193.9,242.0,80.4,113.5,28
2026-05-12 01:00:00,197.7,240.2,81.2,116.5,27
2026-05-12 02:00:00,192.6,235.8,79.1,113.5,30
2026-05-12 03:00:00,186.9,229.6,80.8,106.1,29
2026-05-12 04:00:00,203.5,240.2,78.8,124.7,26
2026-05-12 05:00:00,184.9,241.6,78.9,106.0,22
2026-05-12 06:00:00,185.4,242.2,76.4,109.0,26
2026-05-12 07:00:00,187.2,239.6,78.9,108.3,21
2026-05-12 08:00:00,183.7,236.8,82.4,101.3,21
2026-05-12 09:00:00,188.8,233.0,81.7,107.1,21
2026-05-12 10:00:00,206.2,240.2,80.3,125.9,32
2026-05-12 11:00:00,184.6,235.4,78.9,105.7,25
2026-05-12 12:00:00,189.9,245.2,83.3,106.6,26
2026-05-12 13:00:00,189.0,242.4,77.4,111.6,20
2026-05-12 14:00:00,201.0,242.2,78.1,122.9,28
2026-05-12 15:00:00,189.4,234.0,80.0,109.4,32
2026-05-12 16:00:00,198.8,236.8,82.7,116.1,33
2026-05-12 17:00:00,197.9,237.4,82.4,115.5,32
2026-05-12 18:00:00,190.9,238.4,78.3,112.6,29
2026-05-12 19:00:00,199.1,238.8,83.2,115.9,31
2026-05-12 20:00:00,187.5,243.0,80.9,106.6,33
2026-05-12 21:00:00,199.2,248.2,79.9,119.3,29
2026-05-12 22:00:00,203.5,237.8,80.0,123.5,33
2026-05-12 23:00:00,182.7,243.6,77.9,104.8,22
2026-05-13 00:00:00,182.8,232.2,75.6,107.2,34
2026-05-13 01:00:00,187.8,236.0,81.5,106.3,20
2026-05-13 02:00:00,188.3,234.2,80.4,107.9,26
2026-05-13 03:00:00,181.8,234.2,78.2,103.6,22
2026-05-13 04:00:00,201.0,235.6,80.9,120.1,32
2026-05-13 05:00:00,197.3,227.0,82.2,115.1,32
2026-05-13 06:00:00,188.8,239.4,81.9,106.9,21
2026-05-13 07:00:00,197.2,232.6,80.3,116.9,26
2026-05-13 08:00:00,185.6,230.6,80.6,105.0,33
2026-05-13 09:00:00,197.3,237.8,81.1,116.2,22
2026-05-13 10:00:00,193.8,244.8,79.4,114.4,25
2026-05-13 11:00:00,190.5,245.4,79.0,111.5,26
2026-05-13 12:00:00,188.0,242.0,83.7,104.3,34
2026-05-13 13:00:00,194.7,238.4,78.1,116.6,27
2026-05-13 14:00:00,196.1,243.4,81.9,114.2,29
2026-05-13 15:00:00,211.9,234.2,82.1,129.8,34
2026-05-13 16:00:00,200.0,241.4,78.8,121.2,33
2026-05-13 17:00:00,197.2,235.2,81.3,115.9,20
2026-05-13 18:00:00,198.3,238.0,78.8,119.5,29
2026-05-13 19:00:00,199.1,238.4,80.4,118.7,32
2026-05-13 20:00:00,198.0,242.2,81.8,116.2,25
2026-05-13 21:00:00,191.3,242.2,81.9,109.4,22
2026-05-13 22:00:00,192.4,237.0,77.9,114.5,23
2026-05-13 23:00:00,195.1,243.8,82.6,112.5,20
2026-05-14 00:00:00,196.4,238.6,77.9,118.5,20
2026-05-14 01:00:00,187.2,242.0,79.1,108.1,23
2026-05-14 02:00:00,189.6,241.4,80.7,108.9,24
2026-05-14 03:00:00,191.8,235.8,80.4,111.4,33
2026-05-14 04:00:00,197.2,239.0,81.7,115.5,28
2026-05-14 05:00:00,196.6,229.0,79.3,117.3,25
2026-05-14 06:00:00,194.5,235.2,79.1,115.4,32
2026-05-14 07:00:00,185.3,234.6,78.7,106.6,25
2026-05-14 08:00:00,192.2,245.2,80.9,111.3,30
2026-05-14 09:00:00,203.2,239.4,81.0,122.2,30
2026-05-14 10:00:00,192.9,244.4,78.8,114.1,30
2026-05-14 11:00:00,199.2,241.6,79.0,120.2,30
2026-05-14 12:00:00,195.3,230.8,78.7,116.6,24
2026-05-14 13:00:00,196.3,233.8,80.5,115.8,23
2026-05-14 14:00:00,196.2,241.0,80.2,116.0,28
2026-05-14 15:00:00,196.6,233.6,76.4,120.2,29
2026-05-14 16:00:00,200.3,234.2,79.8,120.5,28
2026-05-14 17:00:00,195.6,248.2,83.0,112.6,26
2026-05-14 18:00:00,185.8,235.6,77.9,107.9,21
2026-05-14 19:00:00,192.3,237.6,81.3,111.0,28
2026-05-14 20:00:00,191.0,232.4,80.1,110.9,32
2026-05-14 21:00:00,193.3,237.0,77.8,115.5,21
2026-05-14 22:00:00,200.6,232.0,82.4,118.2,24
2026-05-14 23:00:00,191.9,230.4,78.9,113.0,32
2026-05-15 00:00:00,188.6,234.0,80.1,108.5,21
2026-05-15 01:00:00,193.1,249.4,80.3,112.8,29
2026-05-15 02:00:00,185.4,235.6,81.4,104.0,24
2026-05-15 03:00:00,203.8,251.8,80.5,123.3,28
2026-05-15 04:00:00,191.9,239.4,80.2,111.7,25
2026-05-15 05:00:00,198.1,241.0,77.0,121.1,23
2026-05-15 06:00:00,192.6,233.2,84.7,107.9,32
2026-05-15 07:00:00,193.5,233.6,80.0,113.5,31
2026-05-15 08:00:00,197.4,242.2,82.7,114.7,24
2026-05-15 09:00:00,192.3,247.6,79.2,113.1,31
2026-05-15 10:00:00,193.0,243.0,78.7,114.3,29
2026-05-15 11:00:00,200.0,239.8,80.9,119.1,31
2026-05-15 12:00:00,199.8,234.8,78.9,120.9,32
2026-05-15 13:00:00,196.3,239.2,81.2,115.1,33
2026-05-15 14:00:00,196.9,242.0,78.5,118.4,26
2026-05-15 15:00:00,198.1,239.6,81.4,116.7,20
2026-05-15 16:00:00,198.3,237.2,77.6,120.7,24
2026-05-15 17:00:00,201.1,239.8,77.3,123.8,32
2026-05-15 18:00:00,200.8,231.2,84.5,116.3,34
2026-05-15 19:00:00,190.3,232.0,82.1,108.2,30
2026-05-15 20:00:00,202.2,242.4,80.0,122.2,32
2026-05-15 21:00:00,192.4,243.6,80.0,112.4,32
2026-05-15 22:00:00,188.3,240.0,79.3,109.0,22
2026-05-15 23:00:00,193.3,238.2,78.4,114.9,28
2026-05-16 00:00:00,199.4,238.4,79.9,119.5,20
2026-05-16 01:00:00,194.9,236.4,79.9,115.0,22
2026-05-16 02:00:00,195.1,231.8,79.9,115.2,33
2026-05-16 03:00:00,203.9,243.0,79.9,124.0,30
2026-05-16 04:00:00,194.1,231.6,76.3,117.8,25
2026-05-16 05:00:00,189.6,247.8,81.2,108.4,21
2026-05-16 06:00:00,194.7,252.6,84.5,110.2,34
2026-05-16 07:00:00,190.1,240.4,80.4,109.7,24
2026-05-16 08:00:00,197.2,251.6,77.6,119.6,28
2026-05-16 09:00:00,197.9,241.2,82.7,115.2,21
2026-05-16 10:00:00,191.5,232.2,77.4,114.1,29
2026-05-16 11:00:00,198.5,242.6,81.1,117.4,34
2026-05-16 12:00:00,189.2,235.6,74.7,114.5,21
2026-05-16 13:00:00,197.4,240.6,80.6,116.8,27
2026-05-16 14:00:00,187.8,235.0,78.8,109.0,22
2026-05-16 15:00:00,187.0,236.0,79.2,107.8,20
2026-05-16 16:00:00,184.5,239.2,79.3,105.2,20
2026-05-16 17:00:00,193.4,236.6,82.5,110.9,31
2026-05-16 18:00:00,189.1,245.6,78.8,110.3,30
2026-05-16 19:00:00,196.4,228.2,77.4,119.0,31
2026-05-16 20:00:00,202.9,240.8,84.5,118.4,30
2026-05-16 21:00:00,195.2,230.4,79.9,115.3,22
2026-05-16 22:00:00,190.8,246.0,83.7,107.1,22
2026-05-16 23:00:00,195.1,240.0,82.4,112.7,34
2026-05-17 00:00:00,195.8,245.0,78.2,117.6,22
2026-05-17 01:00:00,195.1,234.2,78.5,116.6,33
2026-05-17 02:00:00,198.2,240.0,81.3,116.9,23
2026-05-17 03:00:00,184.9,233.4,80.0,104.9,22
2026-05-17 04:00:00,200.5,241.4,82.3,118.2,22
2026-05-17 05:00:00,190.8,236.4,81.6,109.2,33
2026-05-17 06:00:00,188.4,236.2,78.8,109.6,21
2026-05-17 07:00:00,189.6,250.8,81.6,108.0,20
2026-05-17 08:00:00,202.1,251.8,79.4,122.7,32
2026-05-17 09:00:00,194.5,244.4,79.7,114.8,34
2026-05-17 10:00:00,196.0,246.4,81.9,114.1,28
2026-05-17 11:00:00,186.1,231.0,77.8,108.3,21
2026-05-17 12:00:00,193.3,238.6,78.6,114.7,23
2026-05-17 13:00:00,181.1,257.0,79.2,101.9,28
2026-05-17 14:00:00,190.7,235.0,78.1,112.6,28
2026-05-17 15:00:00,201.4,233.4,82.0,119.4,34
2026-05-17 16:00:00,196.6,239.6,80.8,115.8,29
2026-05-17 17:00:00,200.6,227.4,83.8,116.8,21
2026-05-17 18:00:00,188.8,252.4,78.9,109.9,33
2026-05-17 19:00:00,203.8,245.8,82.1,121.7,30
2026-05-17 20:00:00,198.2,234.2,82.8,115.4,25
2026-05-17 21:00:00,186.8,238.6,78.2,108.6,30
2026-05-17 22:00:00,191.6,232.2,79.8,111.8,26
2026-05-17 23:00:00,193.2,233.4,79.3,113.9,29
2026-05-18 00:00:00,198.2,248.0,78.8,119.4,31
2026-05-18 01:00:00,202.0,232.6,78.9,123.1,34
2026-05-18 02:00:00,187.1,237.0,77.8,109.3,23
2026-05-18 03:00:00,199.0,234.6,80.1,118.9,23
2026-05-18 04:00:00,192.1,237.2,76.6,115.5,25
2026-05-18 05:00:00,188.6,239.8,79.2,109.4,20
2026-05-18 06:00:00,197.7,243.2,82.3,115.4,31
2026-05-18 07:00:00,192.7,253.0,80.8,111.9,26
2026-05-18 08:00:00,188.8,241.2,80.0,108.8,23
2026-05-18 09:00:00,183.6,235.2,78.5,105.1,28
2026-05-18 10:00:00,202.4,235.2,80.2,122.2,23
2026-05-18 11:00:00,186.3,248.4,80.3,106.0,25
2026-05-18 12:00:00,191.0,231.8,77.0,114.0,26
2026-05-18 13:00:00,192.2,241.2,79.4,112.8,22
2026-05-18 14:00:00,200.6,241.2,82.3,118.3,25
2026-05-18 15:00:00,190.9,241.6,79.6,111.3,24
2026-05-18 16:00:00,197.2,226.2,79.2,118.0,32
2026-05-18 17:00:00,199.3,246.2,81.7,117.6,34
2026-05-18 18:00:00,201.7,237.0,79.1,122.6,24
2026-05-18 19:00:00,196.1,237.8,80.7,115.4,34
2026-05-18 20:00:00,194.2,237.6,82.6,111.6,34
2026-05-18 21:00:00,191.0,237.2,81.2,109.8,31
2026-05-18 22:00:00,190.3,233.8,77.2,113.1,31
2026-05-18 23:00:00,196.4,244.8,78.2,118.2,21
2026-05-19 00:00:00,193.4,229.6,80.7,112.7,29
2026-05-19 01:00:00,209.3,245.6,82.9,126.4,31
2026-05-19 02:00:00,174.4,235.6,78.7,95.7,21
2026-05-19 03:00:00,188.2,241.8,83.2,105.0,32
2026-05-19 04:00:00,193.5,248.4,82.4,111.1,29
2026-05-19 05:00:00,191.1,240.2,81.9,109.2,30
2026-05-19 06:00:00,194.6,255.8,80.5,114.1,28
2026-05-19 07:00:00,189.1,225.8,75.6,113.5,24
2026-05-19 08:00:00,199.6,240.4,82.8,116.8,24
2026-05-19 09:00:00,200.4,245.8,81.1,119.3,33
2026-05-19 10:00:00,191.3,242.2,82.4,108.9,22
2026-05-19 11:00:00,193.9,247.4,77.9,116.0,33
2026-05-19 12:00:00,196.7,236.8,82.8,113.9,28
2026-05-19 13:00:00,191.0,240.2,78.8,112.2,28
2026-05-19 14:00:00,182.5,238.4,82.4,100.1,22
2026-05-19 15:00:00,199.6,232.8,80.7,118.9,22
2026-05-19 16:00:00,187.5,246.6,79.5,108.0,34
2026-05-19 17:00:00,194.8,240.6,79.9,114.9,30
2026-05-19 18:00:00,187.6,244.4,82.0,105.6,23
2026-05-19 19:00:00,200.3,239.2,81.5,118.8,29
2026-05-19 20:00:00,194.9,245.2,81.9,113.0,25
2026-05-19 21:00:00,190.5,257.0,79.7,110.8,34
2026-05-19 22:00:00,195.5,255.4,78.7,116.8,24
2026-05-19 23:00:00,194.3,233.8,78.0,116.3,32
2026-05-20 00:00:00,188.3,235.2,78.8,109.5,24
2026-05-20 01:00:00,197.5,240.6,79.5,118.0,23
2026-05-20 02:00:00,187.1,243.8,78.9,108.2,21
2026-05-20 03:00:00,201.0,244.6,78.1,122.9,34
2026-05-20 04:00:00,181.8,233.8,77.3,104.5,21
2026-05-20 05:00:00,193.7,229.6,78.0,115.7,30
2026-05-20 06:00:00,190.5,255.2,80.0,110.5,22
2026-05-20 07:00:00,191.9,237.4,78.0,113.9,31
2026-05-20 08:00:00,189.8,238.2,80.8,109.0,22
2026-05-20 09:00:00,202.3,242.8,81.9,120.4,34
2026-05-20 10:00:00,186.3,241.6,80.9,105.4,21
2026-05-20 11:00:00,193.5,245.2,78.2,115.3,23
2026-05-20 12:00:00,194.2,248.2,79.9,114.3,33
2026-05-20 13:00:00,198.7,242.8,81.5,117.2,25
2026-05-20 14:00:00,191.2,239.6,77.8,113.4,33
2026-05-20 15:00:00,191.8,235.4,82.1,109.7,25
2026-05-20 16:00:00,195.6,236.6,79.9,115.7,20
2026-05-20 17:00:00,188.0,237.8,77.8,110.2,26
2026-05-20 18:00:00,204.8,237.2,79.6,125.2,32
2026-05-20 19:00:00,192.1,244.8,80.4,111.7,26
2026-05-20 20:00:00,191.3,251.2,80.6,110.7,31
2026-05-20 21:00:00,202.3,234.4,81.5,120.8,29
2026-05-20 22:00:00,191.4,236.8,75.7,115.7,27
2026-05-20 23:00:00,199.3,243.2,78.5,120.8,30
2026-05-21 00:00:00,193.3,238.0,78.5,114.8,22
2026-05-21 01:00:00,187.2,234.2,80.1,107.1,34
2026-05-21 02:00:00,199.7,232.8,80.0,119.7,32
2026-05-21 03:00:00,191.7,241.6,80.2,111.5,23
2026-05-21 04:00:00,192.4,239.2,78.8,113.6,26
2026-05-21 05:00:00,199.2,238.8,81.7,117.5,27
2026-05-21 06:00:00,181.0,241.0,79.8,101.2,28
2026-05-21 07:00:00,190.9,240.8,78.2,112.7,22
2026-05-21 08:00:00,197.0,230.6,78.0,119.0,33
2026-05-21 09:00:00,193.1,236.0,82.8,110.3,29
2026-05-21 10:00:00,198.8,241.6,83.4,115.4,25
2026-05-21 11:00:00,200.4,238.2,78.9,121.5,23
2026-05-21 12:00:00,199.9,236.6,82.2,117.7,33
2026-05-21 13:00:00,192.8,235.6,81.8,111.0,22
2026-05-21 14:00:00,202.7,236.0,77.8,124.9,31
2026-05-21 15:00:00,199.2,240.8,85.5,113.7,34
2026-05-21 16:00:00,196.2,242.2,82.1,114.1,26
2026-05-21 17:00:00,190.1,235.2,81.1,109.0,30
2026-05-21 18:00:00,192.2,231.8,79.3,112.9,23
2026-05-21 19:00:00,188.0,245.2,79.3,108.7,21
2026-05-21 20:00:00,193.9,235.6,79.6,114.3,20
2026-05-21 21:00:00,193.4,247.4,80.0,113.4,33
2026-05-21 22:00:00,192.7,238.6,79.0,113.7,21
2026-05-21 23:00:00,196.1,244.6,79.2,116.9,34
2026-05-22 00:00:00,190.5,240.0,80.7,109.8,26
2026-05-22 01:00:00,199.1,250.2,79.1,120.0,33
2026-05-22 02:00:00,189.0,247.6,76.9,112.1,28
2026-05-22 03:00:00,198.8,246.0,80.5,118.3,29
2026-05-22 04:00:00,189.8,236.6,80.9,108.9,22
2026-05-22 05:00:00,198.2,239.4,81.2,117.0,25
2026-05-22 06:00:00,194.7,245.2,82.9,111.8,25
2026-05-22 07:00:00,199.0,247.2,82.0,117.0,31
2026-05-22 08:00:00,194.6,247.0,82.3,112.3,27
2026-05-22 09:00:00,185.8,244.8,81.5,104.3,21
2026-05-22 10:00:00,193.1,239.8,81.2,111.9,23
2026-05-22 11:00:00,194.7,247.8,77.8,116.9,31
2026-05-22 12:00:00,193.4,237.6,78.6,114.8,34
2026-05-22 13:00:00,186.4,241.4,78.3,108.1,21
2026-05-22 14:00:00,187.2,239.2,76.3,110.9,21
2026-05-22 15:00:00,195.6,251.0,79.0,116.6,21
2026-05-22 16:00:00,183.5,252.8,83.6,99.9,23
2026-05-22 17:00:00,193.1,248.4,80.7,112.4,22
2026-05-22 18:00:00,190.1,235.0,77.5,112.6,21
2026-05-22 19:00:00,186.5,247.8,80.1,106.4,23
2026-05-22 20:00:00,201.0,247.2,79.7,121.3,30
2026-05-22 21:00:00,191.4,249.4,79.2,112.2,29
2026-05-22 22:00:00,188.3,242.6,75.3,113.0,28
2026-05-22 23:00:00,203.6,235.4,83.3,120.3,32
2026-05-23 00:00:00,192.0,246.6,77.7,114.3,33
2026-05-23 01:00:00,200.0,240.0,82.4,117.6,28
2026-05-23 02:00:00,205.8,240.8,78.1,127.7,29
2026-05-23 03:00:00,194.2,246.6,80.7,113.5,31
2026-05-23 04:00:00,198.0,244.4,82.7,115.3,22
2026-05-23 05:00:00,191.6,257.2,81.7,109.9,21
2026-05-23 06:00:00,181.0,243.0,81.4,99.6,31
2026-05-23 07:00:00,209.6,234.4,82.6,127.0,33
2026-05-23 08:00:00,194.9,239.0,77.3,117.6,26
2026-05-23 09:00:00,202.7,239.4,80.0,122.7,34
2026-05-23 10:00:00,190.9,244.2,80.5,110.4,22
2026-05-23 11:00:00,192.4,238.2,80.9,111.5,33
2026-05-23 12:00:00,184.8,243.8,78.8,106.0,21
2026-05-23 13:00:00,203.0,248.0,82.5,120.5,30
2026-05-23 14:00:00,192.4,241.8,78.0,114.4,32
2026-05-23 15:00:00,196.1,243.2,75.2,120.9,25
2026-05-23 16:00:00,197.7,237.6,83.2,114.5,34
2026-05-23 17:00:00,188.6,245.4,80.0,108.6,27
2026-05-23 18:00:00,198.6,240.6,80.1,118.5,34
2026-05-23 19:00:00,200.3,244.4,83.2,117.1,24
2026-05-23 20:00:00,190.2,244.4,80.0,110.2,20
2026-05-23 21:00:00,203.7,242.6,80.0,123.7,33
2026-05-23 22:00:00,203.9,251.4,81.0,122.9,21
2026-05-23 23:00:00,191.3,239.4,81.0,110.3,23
2026-05-24 00:00:00,189.6,247.4,81.0,108.6,27
2026-05-24 01:00:00,199.5,238.4,78.9,120.6,28
2026-05-24 02:00:00,182.3,248.8,79.8,102.5,34
2026-05-24 03:00:00,200.8,246.2,80.6,120.2,32
2026-05-24 04:00:00,191.7,234.2,82.7,109.0,30
2026-05-24 05:00:00,196.6,250.0,80.3,116.3,29
2026-05-24 06:00:00,185.3,252.4,75.3,110.0,26
2026-05-24 07:00:00,195.8,246.0,80.2,115.6,23
2026-05-24 08:00:00,190.2,248.2,81.8,108.4,25
2026-05-24 09:00:00,191.6,244.0,82.0,109.6,29
2026-05-24 10:00:00,192.6,251.6,81.0,111.6,32
2026-05-24 11:00:00,190.2,242.6,80.0,110.2,26
2026-05-24 12:00:00,191.2,238.6,82.1,109.1,25
2026-05-24 13:00:00,199.3,240.6,80.9,118.4,32
2026-05-24 14:00:00,194.5,243.0,80.9,113.6,34
2026-05-24 15:00:00,185.5,249.0,76.1,109.4,22
2026-05-24 16:00:00,185.4,246.2,80.7,104.7,21
2026-05-24 17:00:00,192.0,237.6,79.9,112.1,21
2026-05-24 18:00:00,190.2,240.2,79.4,110.8,21
2026-05-24 19:00:00,196.7,248.2,78.2,118.5,34
2026-05-24 20:00:00,192.6,245.4,78.9,113.7,24
2026-05-24 21:00:00,194.9,240.0,74.7,120.2,20
2026-05-24 22:00:00,189.0,234.6,79.6,109.4,23
2026-05-24 23:00:00,206.1,238.6,81.5,124.6,34
2026-05-25 00:00:00,201.0,257.8,82.6,118.4,26
2026-05-25 01:00:00,190.7,257.0,80.3,110.4,23
2026-05-25 02:00:00,192.7,252.0,81.6,111.1,21
2026-05-25 03:00:00,191.1,248.6,83.6,107.5,21
2026-05-25 04:00:00,188.1,253.8,77.4,110.7,24
2026-05-25 05:00:00,206.1,241.4,78.0,128.1,33
2026-05-25 06:00:00,187.6,250.2,78.4,109.2,29
2026-05-25 07:00:00,191.1,243.6,82.2,108.9,26
2026-05-25 08:00:00,180.6,241.8,80.9,99.7,21
2026-05-25 09:00:00,189.0,240.8,76.9,112.1,28
2026-05-25 10:00:00,192.3,243.2,82.2,110.1,29
2026-05-25 11:00:00,197.1,250.4,81.4,115.7,33
2026-05-25 12:00:00,188.4,240.4,77.6,110.8,22
2026-05-25 13:00:00,192.2,242.6,77.6,114.6,23
2026-05-25 14:00:00,195.4,243.4,77.9,117.5,29
2026-05-25 15:00:00,194.3,241.4,78.7,115.6,26
2026-05-25 16:00:00,200.8,248.6,81.9,118.9,22
2026-05-25 17:00:00,192.2,253.8,79.0,113.2,26
2026-05-25 18:00:00,190.1,241.6,80.1,110.0,34
2026-05-25 19:00:00,185.1,239.4,75.4,109.7,29
2026-05-25 20:00:00,190.7,244.4,80.5,110.2,22
2026-05-25 21:00:00,180.7,246.6,79.8,100.9,22
2026-05-25 22:00:00,197.3,241.8,82.3,115.0,29
2026-05-25 23:00:00,193.0,242.6,78.7,114.3,31
2026-05-26 00:00:00,186.5,254.0,78.3,108.2,23
2026-05-26 01:00:00,191.6,247.6,78.8,112.8,23
2026-05-26 02:00:00,189.5,247.0,77.6,111.9,33
2026-05-26 03:00:00,198.8,259.2,80.6,118.2,20
2026-05-26 04:00:00,191.0,241.8,79.8,111.2,25
2026-05-26 05:00:00,194.0,246.4,80.5,113.5,27
2026-05-26 06:00:00,191.4,243.0,83.2,108.2,27
2026-05-26 07:00:00,197.7,236.0,79.3,118.4,23
2026-05-26 08:00:00,192.8,236.6,79.7,113.1,26
2026-05-26 09:00:00,184.6,241.2,80.5,104.1,21
2026-05-26 10:00:00,186.5,238.4,80.4,106.1,24
2026-05-26 11:00:00,194.4,235.8,80.4,114.0,21
2026-05-26 12:00:00,187.2,248.4,80.7,106.5,24
2026-05-26 13:00:00,195.5,239.2,79.3,116.2,33
2026-05-26 14:00:00,207.2,249.0,79.0,128.2,29
2026-05-26 15:00:00,203.7,248.8,81.7,122.0,26
2026-05-26 16:00:00,202.7,244.8,81.3,121.4,27
2026-05-26 17:00:00,196.9,252.8,78.0,118.9,27
2026-05-26 18:00:00,190.5,248.4,78.0,112.5,28
2026-05-26 19:00:00,192.6,251.6,80.9,111.7,20
2026-05-26 20:00:00,193.3,246.0,77.3,116.0,21
2026-05-26 21:00:00,202.3,254.0,83.4,118.9,24
2026-05-26 22:00:00,196.9,241.0,82.4,114.5,32
2026-05-26 23:00:00,194.4,243.4,81.9,112.5,22
2026-05-27 00:00:00,190.5,246.0,79.3,111.2,27
2026-05-27 01:00:00,186.8,240.4,80.5,106.3,25
2026-05-27 02:00:00,194.2,250.6,79.0,115.2,28
2026-05-27 03:00:00,199.0,244.6,78.5,120.5,29
2026-05-27 04:00:00,192.1,239.6,77.8,114.3,32
2026-05-27 05:00:00,191.8,247.0,81.6,110.2,28
2026-05-27 06:00:00,195.9,256.0,81.2,114.7,31
2026-05-27 07:00:00,203.2,246.4,80.0,123.2,32
2026-05-27 08:00:00,190.6,256.6,79.1,111.5,29
2026-05-27 09:00:00,196.9,235.2,78.3,118.6,30
2026-05-27 10:00:00,196.5,248.0,79.4,117.1,31
2026-05-27 11:00:00,201.2,244.4,81.3,119.9,24
2026-05-27 12:00:00,197.8,243.8,80.6,117.2,24
2026-05-27 13:00:00,193.3,243.2,82.1,111.2,30
2026-05-27 14:00:00,188.8,246.2,78.5,110.3,30
2026-05-27 15:00:00,188.7,261.8,79.1,109.6,34
2026-05-27 16:00:00,202.1,252.2,78.5,123.6,34
2026-05-27 17:00:00,196.3,237.6,78.2,118.1,31
2026-05-27 18:00:00,197.7,245.8,82.7,115.0,27
2026-05-27 19:00:00,191.5,247.0,82.4,109.1,25
2026-05-27 20:00:00,200.1,238.6,83.6,116.5,25
2026-05-27 21:00:00,190.3,248.4,80.2,110.1,29
2026-05-27 22:00:00,198.3,244.0,78.8,119.5,30
2026-05-27 23:00:00,187.8,242.0,79.2,108.6,25
2026-05-28 00:00:00,187.6,238.0,77.6,110.0,24
2026-05-28 01:00:00,190.1,251.4,80.5,109.6,20
2026-05-28 02:00:00,192.2,240.6,76.4,115.8,28
2026-05-28 03:00:00,188.5,256.8,79.4,109.1,30
2026-05-28 04:00:00,192.2,249.0,79.1,113.1,32
2026-05-28 05:00:00,191.8,254.6,80.0,111.8,31
2026-05-28 06:00:00,186.2,251.2,79.2,107.0,28
2026-05-28 07:00:00,197.5,239.4,81.1,116.4,28
2026-05-28 08:00:00,206.1,246.0,83.5,122.6,29
2026-05-28 09:00:00,187.5,237.8,76.2,111.3,29
2026-05-28 10:00:00,192.3,251.4,80.9,111.4,30
2026-05-28 11:00:00,197.2,244.2,79.3,117.9,34
2026-05-28 12:00:00,191.7,255.6,80.4,111.3,27
2026-05-28 13:00:00,191.8,243.8,80.4,111.4,30
2026-05-28 14:00:00,192.1,244.2,81.1,111.0,28
2026-05-28 15:00:00,192.2,248.6,81.7,110.5,33
2026-05-28 16:00:00,194.0,244.4,80.1,113.9,33
2026-05-28 17:00:00,204.2,250.0,82.8,121.4,29
2026-05-28 18:00:00,197.9,244.0,80.2,117.7,28
2026-05-28 19:00:00,188.5,245.4,79.8,108.7,24
2026-05-28 20:00:00,190.1,250.6,76.5,113.6,30
2026-05-28 21:00:00,197.9,246.8,77.9,120.0,28
2026-05-28 22:00:00,194.1,248.0,79.0,115.1,33
2026-05-28 23:00:00,204.8,243.6,82.5,122.3,34
2026-05-29 00:00:00,197.1,241.8,80.8,116.3,31
2026-05-29 01:00:00,192.0,245.6,82.1,109.9,21
2026-05-29 02:00:00,198.0,237.2,76.7,121.3,24
2026-05-29 03:00:00,192.0,243.6,79.1,112.9,26
2026-05-29 04:00:00,198.3,253.0,81.5,116.8,32
2026-05-29 05:00:00,192.4,244.8,79.2,113.2,25
2026-05-29 06:00:00,196.1,248.6,81.7,114.4,27
2026-05-29 07:00:00,189.3,242.8,81.6,107.7,21
2026-05-29 08:00:00,196.0,241.4,79.0,117.0,27
2026-05-29 09:00:00,200.3,237.8,80.5,119.8,33
2026-05-29 10:00:00,198.4,240.2,77.2,121.2,33
2026-05-29 11:00:00,180.0,234.8,78.8,101.2,25
2026-05-29 12:00:00,191.8,248.0,81.0,110.8,28
2026-05-29 13:00:00,200.0,250.2,80.8,119.2,33
2026-05-29 14:00:00,193.2,256.4,81.7,111.5,27
2026-05-29 15:00:00,178.6,245.6,77.4,101.2,22
2026-05-29 16:00:00,204.5,243.4,79.4,125.1,28
2026-05-29 17:00:00,185.9,244.8,86.2,99.7,27
2026-05-29 18:00:00,191.8,246.8,82.2,109.6,26
2026-05-29 19:00:00,198.8,251.2,77.7,121.1,21
2026-05-29 20:00:00,190.8,251.8,81.6,109.2,22
2026-05-29 21:00:00,199.6,237.4,80.9,118.7,32
2026-05-29 22:00:00,189.5,246.4,80.7,108.8,23
2026-05-29 23:00:00,194.4,242.2,79.5,114.9,20
2026-05-30 00:00:00,187.0,248.0,81.6,105.4,25
2026-05-30 01:00:00,195.2,245.0,80.6,114.6,22
2026-05-30 02:00:00,194.0,253.4,79.5,114.5,27
2026-05-30 03:00:00,199.2,245.4,82.7,116.5,30
2026-05-30 04:00:00,186.5,238.6,79.8,106.7,30
2026-05-30 05:00:00,193.0,257.4,79.0,114.0,22
2026-05-30 06:00:00,190.8,247.0,77.6,113.2,23
2026-05-30 07:00:00,190.5,251.8,79.0,111.5,22
2026-05-30 08:00:00,194.1,251.8,81.8,112.3,29
2026-05-30 09:00:00,185.3,237.4,79.0,106.3,24
2026-05-30 10:00:00,197.3,255.8,80.9,116.4,29
2026-05-30 11:00:00,191.0,253.0,78.4,112.6,30
2026-05-30 12:00:00,194.9,245.2,82.5,112.4,26
2026-05-30 13:00:00,200.4,240.8,82.7,117.7,23
2026-05-30 14:00:00,199.3,245.0,81.6,117.7,27
2026-05-30 15:00:00,189.4,235.8,77.3,112.1,31
2026-05-30 16:00:00,187.8,247.0,78.8,109.0,20
2026-05-30 17:00:00,182.7,248.6,80.4,102.3,28
2026-05-30 18:00:00,184.4,247.6,78.0,106.4,30
2026-05-30 19:00:00,191.2,249.2,81.2,110.0,26
2026-05-30 20:00:00,188.4,250.2,78.9,109.5,21
2026-05-30 21:00:00,193.0,253.8,77.9,115.1,30
2026-05-30 22:00:00,197.7,242.4,79.0,118.7,31
2026-05-30 23:00:00,202.3,249.0,80.4,121.9,32
2026-05-31 00:00:00,186.5,252.8,79.1,107.4,26
2026-05-31 01:00:00,191.5,256.8,76.9,114.6,26
2026-05-31 02:00:00,193.0,250.6,79.3,113.7,20
2026-05-31 03:00:00,198.1,248.0,81.3,116.8,30
2026-05-31 04:00:00,200.0,260.6,82.0,118.0,33
2026-05-31 05:00:00,204.1,233.4,81.0,123.1,30
2026-05-31 06:00:00,193.0,236.6,79.6,113.4,27
2026-05-31 07:00:00,196.8,240.2,78.5,118.3,29
2026-05-31 08:00:00,186.1,241.4,77.7,108.4,32
2026-05-31 09:00:00,194.3,240.0,77.7,116.6,22
2026-05-31 10:00:00,187.8,251.0,80.1,107.7,21
2026-05-31 11:00:00,193.5,242.4,78.6,114.9,23
2026-05-31 12:00:00,192.9,249.4,80.3,112.6,25
2026-05-31 13:00:00,193.1,250.6,79.9,113.2,32
2026-05-31 14:00:00,192.8,253.6,81.9,110.9,27
2026-05-31 15:00:00,193.4,239.6,79.5,113.9,29
2026-05-31 16:00:00,203.3,249.0,80.8,122.5,28
2026-05-31 17:00:00,190.7,247.2,78.4,112.3,28
2026-05-31 18:00:00,195.8,247.2,79.7,116.1,24
2026-05-31 19:00:00,170.4,242.8,79.4,91.0,31
2026-05-31 20:00:00,201.9,246.8,81.6,120.3,34
2026-05-31 21:00:00,195.5,249.8,79.3,116.2,33
2026-05-31 22:00:00,192.9,243.0,79.0,113.9,21
2026-05-31 23:00:00,194.1,246.0,83.6,110.5,21
2026-06-01 00:00:00,199.2,256.0,77.7,121.5,33
2026-06-01 01:00:00,187.2,254.4,75.0,112.2,28
2026-06-01 02:00:00,195.3,242.4,79.5,115.8,32
2026-06-01 03:00:00,192.7,244.8,79.7,113.0,33
2026-06-01 04:00:00,190.8,237.4,78.8,112.0,25
2026-06-01 05:00:00,184.8,253.8,77.0,107.8,32
2026-06-01 06:00:00,205.9,240.2,83.9,122.0,31
2026-06-01 07:00:00,191.9,244.6,79.4,112.5,26
2026-06-01 08:00:00,195.9,250.8,78.9,117.0,23
2026-06-01 09:00:00,197.8,247.6,82.0,115.8,31
2026-06-01 10:00:00,189.3,246.8,82.9,106.4,28
2026-06-01 11:00:00,201.1,238.8,80.9,120.2,22
2026-06-01 12:00:00,188.1,240.8,80.4,107.7,32
2026-06-01 13:00:00,193.7,260.0,78.8,114.9,28
2026-06-01 14:00:00,194.5,246.4,82.2,112.3,22
2026-06-01 15:00:00,196.3,240.0,79.3,117.0,21
2026-06-01 16:00:00,192.5,241.2,77.3,115.2,22
2026-06-01 17:00:00,184.7,249.6,78.4,106.3,20
2026-06-01 18:00:00,196.3,253.8,80.5,115.8,30
2026-06-01 19:00:00,195.8,242.2,81.0,114.8,23
2026-06-01 20:00:00,194.3,246.0,79.0,115.3,33
2026-06-01 21:00:00,201.4,255.2,84.4,117.0,33
2026-06-01 22:00:00,190.5,249.4,80.7,109.8,32
2026-06-01 23:00:00,192.4,250.8,78.9,113.5,27
2026-06-02 00:00:00,193.2,249.8,79.6,113.6,21
2026-06-02 01:00:00,185.5,256.6,80.3,105.2,34
2026-06-02 02:00:00,194.2,257.8,79.3,114.9,34
2026-06-02 03:00:00,186.9,240.6,78.4,108.5,25
2026-06-02 04:00:00,188.6,258.6,76.7,111.9,20
2026-06-02 05:00:00,187.5,253.2,83.4,104.1,24
2026-06-02 06:00:00,191.5,242.0,80.9,110.6,24
2026-06-02 07:00:00,202.0,251.2,78.1,123.9,34
2026-06-02 08:00:00,193.9,240.4,78.4,115.5,28
2026-06-02 09:00:00,198.1,245.8,81.1,117.0,25
2026-06-02 10:00:00,192.7,250.6,80.2,112.5,28
2026-06-02 11:00:00,203.9,248.6,80.0,123.9,33
2026-06-02 12:00:00,199.8,243.4,82.3,117.5,30
2026-06-02 13:00:00,199.1,253.0,81.8,117.3,27
2026-06-02 14:00:00,197.3,248.2,81.1,116.2,21
2026-06-02 15:00:00,207.2,250.2,81.1,126.1,30
2026-06-02 16:00:00,197.9,241.0,79.2,118.7,31
2026-06-02 17:00:00,199.8,257.0,79.5,120.3,31
2026-06-02 18:00:00,209.4,251.6,84.0,125.4,33
2026-06-02 19:00:00,192.0,248.4,79.7,112.3,34
2026-06-02 20:00:00,189.3,246.8,76.9,112.4,29
2026-06-02 21:00:00,185.2,247.0,77.7,107.5,27
2026-06-02 22:00:00,192.9,247.0,82.4,110.5,25
2026-06-02 23:00:00,196.5,253.6,77.3,119.2,26
2026-06-03 00:00:00,191.6,250.6,80.4,111.2,29
2026-06-03 01:00:00,197.7,259.6,80.5,117.2,22
2026-06-03 02:00:00,189.9,256.2,81.4,108.5,20
2026-06-03 03:00:00,179.5,246.6,80.1,99.4,25
2026-06-03 04:00:00,193.2,251.4,81.4,111.8,27
2026-06-03 05:00:00,193.6,253.4,80.8,112.8,22
2026-06-03 06:00:00,198.4,255.4,77.6,120.8,33
2026-06-03 07:00:00,190.7,250.2,79.0,111.7,30
2026-06-03 08:00:00,199.2,243.8,85.1,114.1,25
2026-06-03 09:00:00,184.5,247.2,81.2,103.3,20
2026-06-03 10:00:00,180.6,245.4,79.9,100.7,22
2026-06-03 11:00:00,194.8,249.2,82.3,112.5,25
2026-06-03 12:00:00,196.7,246.8,76.3,120.4,29
2026-06-03 13:00:00,200.6,249.0,82.1,118.5,30
2026-06-03 14:00:00,186.2,265.6,80.4,105.8,20
2026-06-03 15:00:00,191.7,246.6,82.4,109.3,27
2026-06-03 16:00:00,187.0,253.6,78.6,108.4,20
2026-06-03 17:00:00,204.6,253.8,81.4,123.2,32
2026-06-03 18:00:00,191.5,246.8,82.6,108.9,28
2026-06-03 19:00:00,188.4,247.8,81.2,107.2,20
2026-06-03 20:00:00,193.2,233.0,79.5,113.7,26
2026-06-03 21:00:00,197.8,257.8,80.8,117.0,32
2026-06-03 22:00:00,190.0,251.4,80.3,109.7,28
2026-06-03 23:00:00,192.4,239.6,79.9,112.5,25
2026-06-04 00:00:00,186.5,248.4,83.3,103.2,24
2026-06-04 01:00:00,197.2,242.6,81.8,115.4,30
2026-06-04 02:00:00,197.1,252.0,80.0,117.1,23
2026-06-04 03:00:00,194.0,260.6,81.3,112.7,21
2026-06-04 04:00:00,190.8,253.4,80.9,109.9,30
2026-06-04 05:00:00,188.6,253.4,78.4,110.2,21
2026-06-04 06:00:00,197.6,255.0,78.7,118.9,33
2026-06-04 07:00:00,192.9,245.6,77.5,115.4,25
2026-06-04 08:00:00,200.0,246.4,77.9,122.1,24
2026-06-04 09:00:00,202.5,248.6,80.8,121.7,33
2026-06-04 10:00:00,191.1,235.0,77.1,114.0,28
2026-06-04 11:00:00,198.4,243.0,79.1,119.3,25
2026-06-04 12:00:00,200.5,253.0,81.8,118.7,27
2026-06-04 13:00:00,189.5,252.6,82.6,106.9,21
2026-06-04 14:00:00,197.7,257.2,79.6,118.1,26
2026-06-04 15:00:00,184.0,244.2,78.7,105.3,22
2026-06-04 16:00:00,196.3,244.0,80.8,115.5,22
2026-06-04 17:00:00,194.3,258.2,79.6,114.7,32
2026-06-04 18:00:00,191.9,251.0,79.0,112.9,33
2026-06-04 19:00:00,199.7,251.8,80.8,118.9,32
2026-06-04 20:00:00,201.9,243.0,83.8,118.1,33
2026-06-04 21:00:00,199.6,258.0,79.2,120.4,32
2026-06-04 22:00:00,200.6,239.8,84.4,116.2,30
2026-06-04 23:00:00,189.7,256.2,81.4,108.3,26
2026-06-05 00:00:00,201.8,254.6,81.4,120.4,34
2026-06-05 01:00:00,200.0,245.4,81.5,118.5,31
2026-06-05 02:00:00,194.6,257.8,77.7,116.9,33
2026-06-05 03:00:00,191.2,247.4,77.6,113.6,20
2026-06-05 04:00:00,193.3,236.8,81.4,111.9,23
2026-06-05 05:00:00,205.3,249.4,84.2,121.1,33
2026-06-05 06:00:00,177.6,252.4,79.9,97.7,22
2026-06-05 07:00:00,198.3,242.4,81.0,117.3,24
2026-06-05 08:00:00,188.3,246.6,76.1,112.2,30
2026-06-05 09:00:00,195.4,250.2,80.0,115.4,29
2026-06-05 10:00:00,201.8,250.6,80.2,121.6,28
2026-06-05 11:00:00,187.9,248.2,82.7,105.2,21
2026-06-05 12:00:00,188.5,255.0,76.8,111.7,23
2026-06-05 13:00:00,197.0,260.0,78.7,118.3,32
2026-06-05 14:00:00,192.6,253.0,82.0,110.6,29
2026-06-05 15:00:00,187.0,250.0,76.0,111.0,22
2026-06-05 16:00:00,198.1,250.8,80.0,118.1,27
2026-06-05 17:00:00,188.5,252.8,79.4,109.1,21
2026-06-05 18:00:00,191.3,251.0,83.4,107.9,23
2026-06-05 19:00:00,193.0,243.6,80.6,112.4,26
2026-06-05 20:00:00,203.6,255.8,84.4,119.2,22
2026-06-05 21:00:00,203.1,251.4,83.3,119.8,32
2026-06-05 22:00:00,191.0,241.8,78.3,112.7,23
2026-06-05 23:00:00,191.6,249.8,81.4,110.2,28
2026-06-06 00:00:00,200.8,234.6,83.8,117.0,27
2026-06-06 01:00:00,199.4,251.2,79.4,120.0,32
2026-06-06 02:00:00,198.6,252.2,80.3,118.3,31
2026-06-06 03:00:00,194.8,253.0,78.7,116.1,25
2026-06-06 04:00:00,192.9,254.8,83.2,109.7,24
2026-06-06 05:00:00,195.2,259.4,80.2,115.0,21
2026-06-06 06:00:00,196.6,250.6,76.2,120.4,34
2026-06-06 07:00:00,195.5,252.4,77.5,118.0,33
2026-06-06 08:00:00,193.8,257.2,80.9,112.9,22
2026-06-06 09:00:00,196.0,250.0,81.5,114.5,33
2026-06-06 10:00:00,183.8,242.4,75.7,108.1,26
2026-06-06 11:00:00,189.6,247.4,76.3,113.3,23
2026-06-06 12:00:00,187.6,247.6,79.0,108.6,24
2026-06-06 13:00:00,188.9,250.4,77.7,111.2,22
2026-06-06 14:00:00,190.2,246.8,79.1,111.1,27
2026-06-06 15:00:00,199.0,254.6,79.6,119.4,27
2026-06-06 16:00:00,204.0,247.2,82.5,121.5,30
2026-06-06 17:00:00,188.5,241.0,76.8,111.7,27
2026-06-06 18:00:00,192.3,246.8,81.2,111.1,31
2026-06-06 19:00:00,200.0,243.0,78.4,121.6,29
2026-06-06 20:00:00,197.5,249.8,78.2,119.3,28
2026-06-06 21:00:00,189.5,252.2,77.9,111.6,24
2026-06-06 22:00:00,191.2,254.2,79.3,111.9,33
2026-06-06 23:00:00,194.6,249.6,85.4,109.2,33
2026-06-07 00:00:00,189.0,253.6,79.0,110.0,27
2026-06-07 01:00:00,195.2,266.8,78.7,116.5,25
2026-06-07 02:00:00,193.7,250.4,81.7,112.0,28
2026-06-07 03:00:00,194.0,254.2,81.8,112.2,32
2026-06-07 04:00:00,188.6,253.4,77.3,111.3,30
2026-06-07 05:00:00,189.1,245.4,77.9,111.2,33
2026-06-07 06:00:00,195.3,257.0,77.7,117.6,27
2026-06-07 07:00:00,196.1,249.0,78.0,118.1,32
2026-06-07 08:00:00,184.7,252.4,79.4,105.3,22
2026-06-07 09:00:00,194.1,254.0,80.7,113.4,31
2026-06-07 10:00:00,192.6,248.4,81.6,111.0,22
2026-06-07 11:00:00,195.2,252.0,77.0,118.2,30
2026-06-07 12:00:00,188.9,256.2,79.5,109.4,21
2026-06-07 13:00:00,184.2,256.8,77.4,106.8,24
2026-06-07 14:00:00,192.4,247.6,78.0,114.4,34
2026-06-07 15:00:00,188.9,253.6,83.2,105.7,25
2026-06-07 16:00:00,196.0,255.8,78.8,117.2,32
2026-06-07 17:00:00,191.4,251.8,82.2,109.2,26
2026-06-07 18:00:00,194.2,246.0,81.8,112.4,26
2026-06-07 19:00:00,201.9,247.2,74.8,127.1,30
2026-06-07 20:00:00,178.7,253.4,79.5,99.2,25
2026-06-07 21:00:00,196.2,252.0,78.8,117.4,31
2026-06-07 22:00:00,190.8,249.8,82.8,108.0,30
2026-06-07 23:00:00,184.8,250.6,79.2,105.6,22
2026-06-08 00:00:00,192.2,252.2,79.2,113.0,26
2026-06-08 01:00:00,187.2,242.6,79.7,107.5,25
2026-06-08 02:00:00,191.6,243.6,77.8,113.8,33
2026-06-08 03:00:00,196.4,256.4,80.4,116.0,32
2026-06-08 04:00:00,190.0,259.8,81.3,108.7,24
2026-06-08 05:00:00,194.0,246.2,79.8,114.2,32
2026-06-08 06:00:00,190.6,258.2,79.7,110.9,20
2026-06-08 07:00:00,194.1,248.8,79.9,114.2,23
2026-06-08 08:00:00,196.5,258.8,79.8,116.7,30
2026-06-08 09:00:00,192.9,247.8,82.4,110.5,23
2026-06-08 10:00:00,178.7,259.0,78.1,100.6,21
2026-06-08 11:00:00,186.9,258.6,79.1,107.8,21
2026-06-08 12:00:00,198.5,255.6,80.6,117.9,32
2026-06-08 13:00:00,192.3,264.4,78.6,113.7,32
2026-06-08 14:00:00,200.3,250.8,77.9,122.4,30
2026-06-08 15:00:00,188.3,245.8,79.0,109.3,23
2026-06-08 16:00:00,202.8,255.8,81.1,121.7,27
2026-06-08 17:00:00,193.1,256.6,81.0,112.1,29
2026-06-08 18:00:00,200.6,251.2,79.6,121.0,33
2026-06-08 19:00:00,195.2,247.8,81.2,114.0,33
2026-06-08 20:00:00,189.0,253.4,79.8,109.2,20
2026-06-08 21:00:00,196.7,255.6,82.3,114.4,25
2026-06-08 22:00:00,201.8,252.8,82.4,119.4,31
2026-06-08 23:00:00,192.7,256.8,74.4,118.3,33
2026-06-09 00:00:00,192.1,241.6,79.6,112.5,26
2026-06-09 01:00:00,178.4,244.8,77.4,101.0,21
2026-06-09 02:00:00,191.9,255.2,76.3,115.6,33
2026-06-09 03:00:00,196.5,255.8,81.9,114.6,32
2026-06-09 04:00:00,194.0,255.0,78.0,116.0,33
2026-06-09 05:00:00,197.5,255.6,80.3,117.2,20
2026-06-09 06:00:00,199.6,247.6,79.1,120.5,30
2026-06-09 07:00:00,179.7,246.0,78.2,101.5,20
2026-06-09 08:00:00,185.5,259.4,79.4,106.1,29
2026-06-09 09:00:00,192.7,250.4,78.5,114.2,28
2026-06-09 10:00:00,194.8,242.6,81.4,113.4,26
2026-06-09 11:00:00,192.4,255.0,77.7,114.7,31
2026-06-09 12:00:00,198.9,250.2,79.7,119.2,28
2026-06-09 13:00:00,188.4,247.4,79.2,109.2,21
2026-06-09 14:00:00,189.0,251.2,81.9,107.1,21
2026-06-09 15:00:00,197.8,260.6,80.3,117.5,27
2026-06-09 16:00:00,189.2,251.8,81.9,107.3,22
2026-06-09 17:00:00,195.5,249.4,79.4,116.1,32
2026-06-09 18:00:00,188.6,244.4,76.3,112.3,20
2026-06-09 19:00:00,200.3,259.6,80.9,119.4,33
2026-06-09 20:00:00,185.9,257.6,77.0,108.9,28
2026-06-09 21:00:00,186.7,246.6,81.6,105.1,21
2026-06-09 22:00:00,191.0,252.8,79.4,111.6,28
2026-06-09 23:00:00,201.8,248.8,81.3,120.5,34
2026-06-10 00:00:00,192.3,247.8,79.0,113.3,21
2026-06-10 01:00:00,188.5,246.6,77.8,110.7,26
2026-06-10 02:00:00,195.3,253.4,78.6,116.7,34
2026-06-10 03:00:00,198.7,268.0,76.0,122.7,31
2026-06-10 04:00:00,193.9,249.0,80.4,113.5,29
2026-06-10 05:00:00,189.7,253.0,79.2,110.5,23
2026-06-10 06:00:00,193.5,258.8,81.5,112.0,28
2026-06-10 07:00:00,204.5,251.6,82.7,121.8,33
2026-06-10 08:00:00,191.7,257.8,80.5,111.2,34
2026-06-10 09:00:00,187.5,257.2,81.5,106.0,31
2026-06-10 10:00:00,196.1,249.4,79.5,116.6,21
2026-06-10 11:00:00,200.8,251.4,81.2,119.6,27
2026-06-10 12:00:00,193.1,248.6,78.8,114.3,25
2026-06-10 13:00:00,194.8,258.0,78.5,116.3,28
2026-06-10 14:00:00,188.0,246.6,82.9,105.1,28
2026-06-10 15:00:00,195.1,259.8,78.5,116.6,32
2026-06-10 16:00:00,195.3,252.4,78.3,117.0,27
2026-06-10 17:00:00,189.5,249.0,80.7,108.8,23
2026-06-10 18:00:00,196.0,246.6,81.3,114.7,25
2026-06-10 19:00:00,197.7,242.2,82.1,115.6,34
2026-06-10 20:00:00,200.6,256.0,82.2,118.4,31
2026-06-10 21:00:00,191.1,247.6,82.0,109.1,24
2026-06-10 22:00:00,197.1,266.8,77.6,119.5,30
2026-06-10 23:00:00,190.6,259.6,80.1,110.5,25
2026-06-11 00:00:00,192.3,251.0,82.1,110.2,24
2026-06-11 01:00:00,187.5,248.6,80.6,106.9,27
2026-06-11 02:00:00,188.1,246.2,81.2,106.9,24
2026-06-11 03:00:00,186.4,252.6,77.0,109.4,23
2026-06-11 04:00:00,189.7,254.6,79.9,109.8,28
2026-06-11 05:00:00,191.8,248.4,79.0,112.8,20
2026-06-11 06:00:00,199.1,255.8,79.5,119.6,33
2026-06-11 07:00:00,192.3,261.0,81.3,111.0,34
2026-06-11 08:00:00,180.1,247.4,79.6,100.5,28
2026-06-11 09:00:00,196.2,247.6,80.1,116.1,32
2026-06-11 10:00:00,189.9,249.8,77.5,112.4,30
2026-06-11 11:00:00,194.5,258.2,80.7,113.8,22
2026-06-11 12:00:00,182.2,252.2,83.7,98.5,21
2026-06-11 13:00:00,201.4,244.4,80.1,121.3,31
2026-06-11 14:00:00,185.1,249.8,78.0,107.1,24
2026-06-11 15:00:00,198.4,259.8,82.6,115.8,22
2026-06-11 16:00:00,201.6,250.6,82.0,119.6,22
2026-06-11 17:00:00,194.1,261.8,78.2,115.9,34
2026-06-11 18:00:00,195.5,258.2,78.7,116.8,32
2026-06-11 19:00:00,190.3,256.8,78.9,111.4,25
2026-06-11 20:00:00,198.2,249.8,81.6,116.6,25
2026-06-11 21:00:00,197.5,248.8,79.4,118.1,22
2026-06-11 22:00:00,197.0,263.6,79.6,117.4,26
2026-06-11 23:00:00,191.4,262.4,79.7,111.7,20
2026-06-12 00:00:00,194.9,251.2,78.8,116.1,28
2026-06-12 01:00:00,184.5,252.2,77.8,106.7,22
2026-06-12 02:00:00,191.4,255.0,78.8,112.6,33
2026-06-12 03:00:00,197.9,262.2,81.3,116.6,28
2026-06-12 04:00:00,199.8,256.8,82.9,116.9,22
2026-06-12 05:00:00,208.4,250.0,80.5,127.9,29
2026-06-12 06:00:00,206.2,247.6,78.6,127.6,31
2026-06-12 07:00:00,188.3,253.8,78.7,109.6,26
2026-06-12 08:00:00,196.8,251.6,79.5,117.3,34
2026-06-12 09:00:00,200.4,250.6,85.3,115.1,24
2026-06-12 10:00:00,192.4,250.8,80.3,112.1,34
2026-06-12 11:00:00,198.5,252.0,79.1,119.4,23
2026-06-12 12:00:00,185.1,252.6,80.6,104.5,25
2026-06-12 13:00:00,197.3,248.2,77.3,120.0,31
2026-06-12 14:00:00,188.6,254.4,77.0,111.6,20
2026-06-12 15:00:00,193.8,260.6,74.2,119.6,25
2026-06-12 16:00:00,200.5,265.2,78.7,121.8,23
2026-06-12 17:00:00,184.8,246.8,76.6,108.2,20
2026-06-12 18:00:00,194.1,252.2,81.7,112.4,34
2026-06-12 19:00:00,195.3,249.4,81.9,113.4,25
2026-06-12 20:00:00,198.4,245.2,80.6,117.8,34
2026-06-12 21:00:00,188.8,260.0,82.2,106.6,33
2026-06-12 22:00:00,199.1,261.2,80.0,119.1,29
2026-06-12 23:00:00,189.0,253.6,77.7,111.3,23
2026-06-13 00:00:00,198.0,251.0,76.8,121.2,34
2026-06-13 01:00:00,192.4,247.8,78.9,113.5,26
2026-06-13 02:00:00,191.8,249.6,79.4,112.4,28
2026-06-13 03:00:00,196.4,250.6,83.6,112.8,34
2026-06-13 04:00:00,197.1,256.2,80.7,116.4,31
2026-06-13 05:00:00,202.4,253.8,78.2,124.2,28
2026-06-13 06:00:00,182.8,244.0,78.6,104.2,21
2026-06-13 07:00:00,198.7,255.4,84.6,114.1,31
2026-06-13 08:00:00,198.6,260.4,79.6,119.0,32
2026-06-13 09:00:00,192.9,251.4,81.7,111.2,30
2026-06-13 10:00:00,195.1,257.2,81.2,113.9,27
2026-06-13 11:00:00,195.3,258.8,78.6,116.7,31
2026-06-13 12:00:00,182.1,254.2,76.2,105.9,21
2026-06-13 13:00:00,189.2,262.2,81.9,107.3,24
2026-06-13 14:00:00,198.0,254.2,83.0,115.0,27
2026-06-13 15:00:00,193.2,251.6,77.8,115.4,20
2026-06-13 16:00:00,195.1,246.6,78.4,116.7,29
2026-06-13 17:00:00,190.2,262.2,77.0,113.2,20
2026-06-13 18:00:00,190.5,256.4,76.4,114.1,32
2026-06-13 19:00:00,195.7,244.6,76.9,118.8,30
2026-06-13 20:00:00,197.0,251.6,78.5,118.5,27
2026-06-13 21:00:00,185.3,260.6,80.7,104.6,25
2026-06-13 22:00:00,196.8,246.0,77.5,119.3,27
2026-06-13 23:00:00,193.1,250.2,80.5,112.6,20
2026-06-14 00:00:00,200.5,261.4,81.5,119.0,31
2026-06-14 01:00:00,193.8,248.4,81.3,112.5,24
2026-06-14 02:00:00,183.6,251.6,78.4,105.2,20
2026-06-14 03:00:00,196.7,248.0,78.4,118.3,30
2026-06-14 04:00:00,194.3,257.0,77.3,117.0,30
2026-06-14 05:00:00,197.1,246.4,80.7,116.4,33
2026-06-14 06:00:00,197.1,250.8,81.0,116.1,33
2026-06-14 07:00:00,187.4,260.2,80.9,106.5,26
2026-06-14 08:00:00,183.6,253.4,79.8,103.8,28
2026-06-14 09:00:00,188.8,256.2,81.2,107.6,23
2026-06-14 10:00:00,199.4,261.6,79.7,119.7,20
2026-06-14 11:00:00,184.0,251.8,81.6,102.4,20
2026-06-14 12:00:00,195.5,258.2,81.9,113.6,25
2026-06-14 13:00:00,198.3,252.8,80.8,117.5,27
2026-06-14 14:00:00,198.0,252.2,80.4,117.6,25
2026-06-14 15:00:00,196.8,244.0,82.5,114.3,23
2026-06-14 16:00:00,197.5,250.6,81.0,116.5,24
2026-06-14 17:00:00,194.4,256.4,79.3,115.1,25
2026-06-14 18:00:00,183.4,252.4,77.9,105.5,22
2026-06-14 19:00:00,200.7,259.8,79.6,121.1,27
2026-06-14 20:00:00,195.8,249.4,79.0,116.8,29
2026-06-14 21:00:00,192.0,259.4,80.0,112.0,25
2026-06-14 22:00:00,190.7,248.6,80.7,110.0,23
2026-06-14 23:00:00,195.4,259.8,81.1,114.3,28
2026-06-15 00:00:00,205.1,258.4,79.9,125.2,31
2026-06-15 01:00:00,184.2,259.2,77.7,106.5,21
2026-06-15 02:00:00,189.1,256.6,77.9,111.2,29
2026-06-15 03:00:00,191.3,243.2,81.0,110.3,29
2026-06-15 04:00:00,196.6,263.6,81.6,115.0,28
2026-06-15 05:00:00,198.1,250.4,82.9,115.2,30
2026-06-15 06:00:00,182.4,258.8,78.4,104.0,23
2026-06-15 07:00:00,194.2,264.4,82.8,111.4,23
2026-06-15 08:00:00,190.3,245.4,79.5,110.8,31
2026-06-15 09:00:00,191.9,254.0,81.8,110.1,20
2026-06-15 10:00:00,195.3,245.0,81.4,113.9,27
2026-06-15 11:00:00,191.8,246.8,81.2,110.6,25
2026-06-15 12:00:00,192.0,252.2,81.1,110.9,23
2026-06-15 13:00:00,193.8,255.4,80.4,113.4,21
2026-06-15 14:00:00,199.9,263.8,80.3,119.6,31
2026-06-15 15:00:00,190.3,254.6,81.1,109.2,24
2026-06-15 16:00:00,191.3,249.6,78.2,113.1,30
2026-06-15 17:00:00,189.6,260.0,77.7,111.9,34
2026-06-15 18:00:00,204.6,253.6,81.5,123.1,34
2026-06-15 19:00:00,185.9,248.4,79.5,106.4,24
2026-06-15 20:00:00,188.5,257.0,77.8,110.7,29
2026-06-15 21:00:00,191.8,263.8,82.2,109.6,21
2026-06-15 22:00:00,186.4,258.2,79.8,106.6,20
2026-06-15 23:00:00,192.1,252.2,80.4,111.7,31
2026-06-16 00:00:00,185.4,263.6,78.8,106.6,21
2026-06-16 01:00:00,187.9,261.4,79.1,108.8,26
2026-06-16 02:00:00,187.4,255.0,80.9,106.5,28
2026-06-16 03:00:00,192.2,264.2,81.7,110.5,30
2026-06-16 04:00:00,194.7,253.8,78.5,116.2,32
2026-06-16 05:00:00,194.2,267.4,80.3,113.9,34
2026-06-16 06:00:00,196.6,260.0,79.6,117.0,31
2026-06-16 07:00:00,185.6,260.4,77.2,108.4,20
2026-06-16 08:00:00,198.7,252.0,78.5,120.2,28
2026-06-16 09:00:00,192.6,250.6,79.5,113.1,30
2026-06-16 10:00:00,191.7,242.4,79.6,112.1,28
2026-06-16 11:00:00,185.7,248.8,80.9,104.8,21
2026-06-16 12:00:00,187.5,253.2,81.7,105.8,21
2026-06-16 13:00:00,188.9,255.2,78.3,110.6,32
2026-06-16 14:00:00,186.7,247.2,80.2,106.5,20
2026-06-16 15:00:00,195.8,260.6,83.2,112.6,26
2026-06-16 16:00:00,212.1,249.4,81.5,130.6,34
2026-06-16 17:00:00,195.0,250.6,81.6,113.4,27
2026-06-16 18:00:00,202.4,252.2,81.2,121.2,20
2026-06-16 19:00:00,190.9,254.4,82.0,108.9,22
2026-06-16 20:00:00,187.2,258.2,80.5,106.7,30
2026-06-16 21:00:00,186.7,260.6,77.4,109.3,27
2026-06-16 22:00:00,186.9,256.4,82.5,104.4,24
2026-06-16 23:00:00,190.1,258.8,82.0,108.1,22
2026-06-17 00:00:00,195.2,257.0,82.4,112.8,22
2026-06-17 01:00:00,197.4,257.8,80.7,116.7,27
2026-06-17 02:00:00,195.9,251.4,76.8,119.1,30
2026-06-17 03:00:00,194.2,251.8,81.9,112.3,31
2026-06-17 04:00:00,207.6,259.4,81.4,126.2,31
2026-06-17 05:00:00,198.8,241.2,80.5,118.3,31
2026-06-17 06:00:00,194.9,250.2,81.0,113.9,23
2026-06-17 07:00:00,201.0,254.2,81.2,119.8,24
2026-06-17 08:00:00,201.0,254.6,80.2,120.8,20
2026-06-17 09:00:00,188.4,260.2,80.5,107.9,25
2026-06-17 10:00:00,193.4,253.8,82.6,110.8,25
2026-06-17 11:00:00,194.9,255.4,83.0,111.9,24
2026-06-17 12:00:00,194.2,258.6,78.8,115.4,31
2026-06-17 13:00:00,196.9,250.6,77.9,119.0,30
2026-06-17 14:00:00,190.7,245.2,79.6,111.1,26
2026-06-17 15:00:00,197.8,260.2,82.5,115.3,31
2026-06-17 16:00:00,189.7,263.0,76.8,112.9,29
2026-06-17 17:00:00,188.6,256.0,82.4,106.2,25
2026-06-17 18:00:00,196.7,247.2,82.1,114.6,32
2026-06-17 19:00:00,198.9,255.8,80.5,118.4,34
2026-06-17 20:00:00,200.9,256.0,80.2,120.7,29
2026-06-17 21:00:00,197.2,261.4,78.6,118.6,29
2026-06-17 22:00:00,209.0,258.0,80.6,128.4,33
2026-06-17 23:00:00,194.6,251.4,81.5,113.1,25
2026-06-18 00:00:00,191.1,263.0,77.8,113.3,28
2026-06-18 01:00:00,192.5,254.4,77.7,114.8,22
2026-06-18 02:00:00,191.8,251.6,83.7,108.1,24
2026-06-18 03:00:00,198.8,258.4,83.7,115.1,27
2026-06-18 04:00:00,197.7,256.6,79.9,117.8,24
2026-06-18 05:00:00,194.9,260.6,81.7,113.2,26
2026-06-18 06:00:00,194.0,260.4,80.2,113.8,27
2026-06-18 07:00:00,189.9,254.2,79.3,110.6,30
2026-06-18 08:00:00,187.9,255.6,77.9,110.0,23
2026-06-18 09:00:00,190.3,252.8,78.6,111.7,23
2026-06-18 10:00:00,202.7,255.4,84.3,118.4,20
2026-06-18 11:00:00,195.3,263.4,78.7,116.6,27
2026-06-18 12:00:00,198.3,249.4,79.0,119.3,31
2026-06-18 13:00:00,191.8,253.4,78.2,113.6,29
2026-06-18 14:00:00,192.4,256.2,74.8,117.6,33
2026-06-18 15:00:00,192.0,253.0,80.6,111.4,30
2026-06-18 16:00:00,187.7,249.2,76.4,111.3,27
2026-06-18 17:00:00,192.8,260.2,80.7,112.1,23
2026-06-18 18:00:00,200.0,249.4,82.3,117.7,30
2026-06-18 19:00:00,197.6,254.0,79.7,117.9,29
2026-06-18 20:00:00,198.4,261.8,81.8,116.6,23
2026-06-18 21:00:00,194.7,268.2,81.0,113.7,34
2026-06-18 22:00:00,200.1,243.2,76.4,123.7,33
2026-06-18 23:00:00,206.0,242.6,82.3,123.7,32
2026-06-19 00:00:00,192.2,246.8,80.3,111.9,31
2026-06-19 01:00:00,194.0,259.8,79.6,114.4,27
2026-06-19 02:00:00,195.8,251.4,81.2,114.6,28
2026-06-19 03:00:00,192.9,249.6,79.2,113.7,28
2026-06-19 04:00:00,193.9,254.8,80.2,113.7,28
2026-06-19 05:00:00,194.9,243.2,80.5,114.4,31
2026-06-19 06:00:00,192.2,255.6,80.1,112.1,21
2026-06-19 07:00:00,187.3,247.0,79.4,107.9,26
2026-06-19 08:00:00,190.6,257.4,79.7,110.9,24
2026-06-19 09:00:00,198.9,257.2,82.7,116.2,31
2026-06-19 10:00:00,188.6,246.6,81.2,107.4,20
2026-06-19 11:00:00,190.0,244.0,82.5,107.5,22
2026-06-19 12:00:00,204.3,257.8,83.0,121.3,31
2026-06-19 13:00:00,197.4,265.8,84.9,112.5,30
2026-06-19 14:00:00,193.3,259.8,78.0,115.3,34
2026-06-19 15:00:00,197.7,253.8,78.7,119.0,30
2026-06-19 16:00:00,189.2,257.6,82.2,107.0,22
2026-06-19 17:00:00,191.9,269.6,79.1,112.8,23
2026-06-19 18:00:00,191.7,258.2,81.2,110.5,21
2026-06-19 19:00:00,201.6,239.0,81.9,119.7,33
2026-06-19 20:00:00,191.6,255.0,81.3,110.3,22
2026-06-19 21:00:00,190.0,244.4,82.0,108.0,28
2026-06-19 22:00:00,189.9,255.2,80.0,109.9,34
2026-06-19 23:00:00,201.1,270.2,82.2,118.9,33
2026-06-20 00:00:00,190.4,265.4,78.1,112.3,26
2026-06-20 01:00:00,197.8,247.2,81.4,116.4,28
2026-06-20 02:00:00,196.9,250.6,80.9,116.0,28
2026-06-20 03:00:00,199.1,259.0,81.8,117.3,34
2026-06-20 04:00:00,204.2,255.2,81.4,122.8,30
2026-06-20 05:00:00,199.1,252.4,82.3,116.8,32
2026-06-20 06:00:00,200.3,259.6,79.9,120.4,31
2026-06-20 07:00:00,202.4,260.0,84.2,118.2,34
2026-06-20 08:00:00,195.0,246.6,79.2,115.8,24
2026-06-20 09:00:00,195.1,248.8,82.6,112.5,23
2026-06-20 10:00:00,199.6,254.4,78.9,120.7,31
2026-06-20 11:00:00,195.0,253.2,82.0,113.0,25
2026-06-20 12:00:00,189.7,256.4,80.0,109.7,22
2026-06-20 13:00:00,191.1,251.6,77.0,114.1,29
2026-06-20 14:00:00,189.6,254.0,78.4,111.2,34
2026-06-20 15:00:00,192.2,247.4,77.8,114.4,20
2026-06-20 16:00:00,191.8,246.6,77.8,114.0,23
2026-06-20 17:00:00,191.6,256.0,82.8,108.8,20
2026-06-20 18:00:00,189.3,259.4,80.8,108.5,21
2026-06-20 19:00:00,194.8,247.8,79.4,115.4,24
2026-06-20 20:00:00,190.0,257.0,79.1,110.9,25
2026-06-20 21:00:00,187.1,255.0,76.2,110.9,30
2026-06-20 22:00:00,193.4,258.4,81.6,111.8,27
2026-06-20 23:00:00,201.1,266.4,80.4,120.7,31
2026-06-21 00:00:00,200.0,257.6,82.0,118.0,34
2026-06-21 01:00:00,186.5,269.4,77.2,109.3,24
2026-06-21 02:00:00,200.8,258.2,83.0,117.8,32
2026-06-21 03:00:00,190.9,245.2,77.8,113.1,30
2026-06-21 04:00:00,192.8,257.8,80.0,112.8,29
2026-06-21 05:00:00,200.4,252.4,81.9,118.5,24
2026-06-21 06:00:00,201.2,251.6,83.1,118.1,34
2026-06-21 07:00:00,191.6,243.6,79.5,112.1,25
2026-06-21 08:00:00,196.2,250.4,80.2,116.0,33
2026-06-21 09:00:00,197.2,258.4,81.8,115.4,25
2026-06-21 10:00:00,180.4,232.0,77.0,103.4,27
2026-06-21 11:00:00,190.7,261.6,77.6,113.1,23
2026-06-21 12:00:00,201.3,253.0,78.9,122.4,28
2026-06-21 13:00:00,193.8,259.0,83.3,110.5,23
2026-06-21 14:00:00,185.3,271.0,77.2,108.1,20
2026-06-21 15:00:00,197.3,255.6,79.1,118.2,30
2026-06-21 16:00:00,192.9,257.8,78.8,114.1,26
2026-06-21 17:00:00,195.4,259.0,79.6,115.8,21
2026-06-21 18:00:00,193.1,258.0,82.4,110.7,31
2026-06-21 19:00:00,184.5,262.2,78.6,105.9,24
2026-06-21 20:00:00,195.9,250.8,81.0,114.9,23
2026-06-21 21:00:00,195.2,254.0,77.3,117.9,21
2026-06-21 22:00:00,180.7,253.6,81.4,99.3,20
2026-06-21 23:00:00,194.1,270.4,78.7,115.4,27
2026-06-22 00:00:00,199.2,252.8,83.9,115.3,27
2026-06-22 01:00:00,193.3,242.6,79.9,113.4,32
2026-06-22 02:00:00,195.4,252.0,82.9,112.5,26
2026-06-22 03:00:00,180.8,255.2,77.9,102.9,20
2026-06-22 04:00:00,189.7,255.0,79.3,110.4,21
2026-06-22 05:00:00,195.2,259.4,79.6,115.6,26
2026-06-22 06:00:00,190.2,264.0,80.3,109.9,23
2026-06-22 07:00:00,198.3,259.2,80.8,117.5,26
2026-06-22 08:00:00,181.0,258.4,77.2,103.8,22
2026-06-22 09:00:00,196.6,248.8,83.4,113.2,27
2026-06-22 10:00:00,197.2,256.4,78.9,118.3,32
2026-06-22 11:00:00,187.3,260.0,82.2,105.1,22
2026-06-22 12:00:00,199.7,254.6,82.3,117.4,32
2026-06-22 13:00:00,191.7,252.6,83.2,108.5,22
2026-06-22 14:00:00,189.2,237.4,77.1,112.1,32
2026-06-22 15:00:00,195.6,248.4,79.4,116.2,27
2026-06-22 16:00:00,188.0,251.4,78.3,109.7,25
2026-06-22 17:00:00,206.1,260.2,81.5,124.6,33
2026-06-22 18:00:00,190.0,251.2,79.0,111.0,23
2026-06-22 19:00:00,189.6,257.0,76.4,113.2,23
2026-06-22 20:00:00,190.9,260.6,78.6,112.3,30
2026-06-22 21:00:00,179.1,247.4,79.7,99.4,20
2026-06-22 22:00:00,193.2,258.2,84.2,109.0,34
2026-06-22 23:00:00,195.7,253.6,81.4,114.3,26
2026-06-23 00:00:00,188.9,258.4,77.6,111.3,28
2026-06-23 01:00:00,200.4,259.6,81.4,119.0,29
2026-06-23 02:00:00,191.4,254.0,79.6,111.8,27
2026-06-23 03:00:00,189.9,254.2,77.6,112.3,26
2026-06-23 04:00:00,199.3,247.0,83.9,115.4,25
2026-06-23 05:00:00,185.3,251.2,81.8,103.5,22
2026-06-23 06:00:00,187.7,252.4,80.4,107.3,22
2026-06-23 07:00:00,188.7,249.2,81.5,107.2,23
2026-06-23 08:00:00,192.0,257.6,82.6,109.4,22
2026-06-23 09:00:00,191.3,257.0,76.7,114.6,22
2026-06-23 10:00:00,196.9,254.4,82.0,114.9,23
2026-06-23 11:00:00,187.3,250.0,75.6,111.7,30
2026-06-23 12:00:00,199.7,254.2,78.3,121.4,31
2026-06-23 13:00:00,185.6,262.2,78.1,107.5,27
2026-06-23 14:00:00,199.9,263.0,77.6,122.3,28
2026-06-23 15:00:00,178.3,260.4,76.5,101.8,23
2026-06-23 16:00:00,186.2,267.6,78.7,107.5,32
2026-06-23 17:00:00,201.3,252.8,81.5,119.8,29
2026-06-23 18:00:00,199.1,252.8,77.6,121.5,24
2026-06-23 19:00:00,193.3,252.8,80.0,113.3,23
2026-06-23 20:00:00,200.2,260.6,84.1,116.1,26
2026-06-23 21:00:00,197.6,249.6,81.1,116.5,34
2026-06-23 22:00:00,191.6,248.2,77.1,114.5,28
2026-06-23 23:00:00,199.3,243.6,79.3,120.0,32
2026-06-24 00:00:00,199.4,261.6,79.9,119.5,32
2026-06-24 01:00:00,185.6,255.0,80.8,104.8,21
2026-06-24 02:00:00,201.6,253.4,82.9,118.7,25
2026-06-24 03:00:00,196.6,250.4,78.9,117.7,32
2026-06-24 04:00:00,182.3,261.8,78.3,104.0,32
2026-06-24 05:00:00,195.8,262.6,81.8,114.0,24
2026-06-24 06:00:00,189.8,254.8,82.0,107.8,25
2026-06-24 07:00:00,185.2,265.8,78.5,106.7,28
2026-06-24 08:00:00,194.9,254.8,79.1,115.8,30
2026-06-24 09:00:00,199.2,261.6,80.2,119.0,28
2026-06-24 10:00:00,201.3,254.0,80.7,120.6,22
2026-06-24 11:00:00,187.9,266.2,75.9,112.0,21
2026-06-24 12:00:00,192.4,253.6,80.0,112.4,27
2026-06-24 13:00:00,191.9,262.6,79.5,112.4,27
2026-06-24 14:00:00,189.8,256.4,78.2,111.6,28
2026-06-24 15:00:00,195.2,260.6,76.2,119.0,28
2026-06-24 16:00:00,197.5,258.6,79.8,117.7,27
2026-06-24 17:00:00,198.8,248.0,78.2,120.6,33
2026-06-24 18:00:00,189.3,243.2,82.3,107.0,32
2026-06-24 19:00:00,185.0,255.6,78.2,106.8,22
2026-06-24 20:00:00,197.3,260.4,79.2,118.1,32
2026-06-24 21:00:00,194.8,254.0,80.1,114.7,27
2026-06-24 22:00:00,197.8,256.2,79.7,118.1,28
2026-06-24 23:00:00,204.2,258.2,78.9,125.3,28
2026-06-25 00:00:00,196.2,260.0,80.9,115.3,22
2026-06-25 01:00:00,190.9,267.4,77.4,113.5,27
2026-06-25 02:00:00,189.1,267.6,81.8,107.3,22
2026-06-25 03:00:00,187.5,258.8,82.9,104.6,20
2026-06-25 04:00:00,205.0,247.0,78.8,126.2,31
2026-06-25 05:00:00,189.8,254.2,78.2,111.6,24
2026-06-25 06:00:00,196.9,261.4,83.4,113.5,24
2026-06-25 07:00:00,188.5,247.8,79.1,109.4,23
2026-06-25 08:00:00,199.1,260.8,79.7,119.4,32
2026-06-25 09:00:00,185.5,265.4,79.0,106.5,21
2026-06-25 10:00:00,196.8,248.4,82.1,114.7,30
2026-06-25 11:00:00,194.2,255.4,80.7,113.5,29
2026-06-25 12:00:00,188.3,259.6,78.6,109.7,29
2026-06-25 13:00:00,194.2,255.8,81.3,112.9,23
2026-06-25 14:00:00,190.4,261.6,77.5,112.9,21
2026-06-25 15:00:00,183.6,263.6,79.8,103.8,25
2026-06-25 16:00:00,191.6,248.4,80.3,111.3,30
2026-06-25 17:00:00,197.4,249.2,82.2,115.2,22
2026-06-25 18:00:00,195.4,252.8,77.2,118.2,34
2026-06-25 19:00:00,184.3,250.6,78.4,105.9,30
2026-06-25 20:00:00,203.1,253.2,81.0,122.1,26
2026-06-25 21:00:00,196.7,262.8,80.5,116.2,32
2026-06-25 22:00:00,190.9,255.0,76.3,114.6,24
2026-06-25 23:00:00,201.9,263.4,82.1,119.8,30
2026-06-26 00:00:00,195.8,258.0,76.8,119.0,21
2026-06-26 01:00:00,188.9,265.4,82.5,106.4,23
2026-06-26 02:00:00,203.0,260.6,79.4,123.6,34
2026-06-26 03:00:00,193.4,258.2,80.0,113.4,29
2026-06-26 04:00:00,187.7,264.4,77.0,110.7,24
2026-06-26 05:00:00,202.8,257.4,80.0,122.8,33
2026-06-26 06:00:00,187.1,255.8,79.1,108.0,26
2026-06-26 07:00:00,185.8,253.8,77.6,108.2,32
2026-06-26 08:00:00,206.5,242.6,84.8,121.7,24
2026-06-26 09:00:00,193.1,265.2,77.3,115.8,23
2026-06-26 10:00:00,189.4,255.0,77.9,111.5,22
2026-06-26 11:00:00,195.4,259.4,84.5,110.9,22
2026-06-26 12:00:00,187.8,262.8,78.4,109.4,30
2026-06-26 13:00:00,194.3,260.4,81.0,113.3,28
2026-06-26 14:00:00,194.7,259.0,80.9,113.8,25
2026-06-26 15:00:00,190.3,262.8,84.1,106.2,25
2026-06-26 16:00:00,193.2,259.4,78.7,114.5,29
2026-06-26 17:00:00,191.5,262.8,82.8,108.7,23
2026-06-26 18:00:00,186.0,253.4,81.1,104.9,29
2026-06-26 19:00:00,193.7,263.8,83.0,110.7,31
2026-06-26 20:00:00,195.3,260.8,80.4,114.9,25
2026-06-26 21:00:00,194.1,255.8,78.4,115.7,33
2026-06-26 22:00:00,196.6,255.2,81.5,115.1,26
2026-06-26 23:00:00,191.5,254.6,81.2,110.3,24
2026-06-27 00:00:00,193.6,257.2,80.2,113.4,30
2026-06-27 01:00:00,199.8,257.4,80.0,119.8,32
2026-06-27 02:00:00,188.0,252.4,82.2,105.8,23
2026-06-27 03:00:00,200.3,261.6,81.7,118.6,34
2026-06-27 04:00:00,199.1,262.0,80.2,118.9,25
2026-06-27 05:00:00,188.5,252.4,78.2,110.3,34
2026-06-27 06:00:00,184.6,251.8,79.2,105.4,32
2026-06-27 07:00:00,197.2,265.2,82.8,114.4,26
2026-06-27 08:00:00,188.4,257.4,85.2,103.2,20
2026-06-27 09:00:00,194.5,260.2,82.4,112.1,20
2026-06-27 10:00:00,189.0,261.2,82.0,107.0,23
2026-06-27 11:00:00,196.5,261.4,78.6,117.9,27
2026-06-27 12:00:00,196.7,262.6,80.9,115.8,25
2026-06-27 13:00:00,189.4,267.2,78.3,111.1,26
2026-06-27 14:00:00,198.1,262.4,81.8,116.3,31
2026-06-27 15:00:00,193.4,269.8,78.4,115.0,25
2026-06-27 16:00:00,194.7,261.2,78.0,116.7,34
2026-06-27 17:00:00,188.3,256.0,81.5,106.8,23
2026-06-27 18:00:00,193.1,260.8,78.0,115.1,28
2026-06-27 19:00:00,195.5,263.0,80.7,114.8,30
2026-06-27 20:00:00,193.0,247.2,83.2,109.8,31
2026-06-27 21:00:00,199.2,254.4,81.5,117.7,20
2026-06-27 22:00:00,188.6,257.6,78.3,110.3,32
2026-06-27 23:00:00,191.7,254.4,79.8,111.9,28
2026-06-28 00:00:00,201.3,256.4,77.9,123.4,31
2026-06-28 01:00:00,196.1,261.6,80.5,115.6,31
2026-06-28 02:00:00,203.3,258.8,79.2,124.1,26
2026-06-28 03:00:00,189.5,256.2,76.7,112.8,21
2026-06-28 04:00:00,194.3,251.6,82.3,112.0,26
2026-06-28 05:00:00,184.9,264.8,78.7,106.2,31
2026-06-28 06:00:00,194.2,254.0,80.3,113.9,33
2026-06-28 07:00:00,194.4,258.6,80.4,114.0,22
2026-06-28 08:00:00,195.0,261.4,78.9,116.1,33
2026-06-28 09:00:00,199.5,264.2,82.6,116.9,22
2026-06-28 10:00:00,193.4,255.0,82.3,111.1,27
2026-06-28 11:00:00,194.7,265.6,78.5,116.2,29
2026-06-28 12:00:00,197.8,265.0,80.0,117.8,28
2026-06-28 13:00:00,187.4,250.6,79.0,108.4,20
2026-06-28 14:00:00,190.1,253.4,81.3,108.8,26
2026-06-28 15:00:00,196.3,252.4,80.7,115.6,32
2026-06-28 16:00:00,199.6,252.2,78.8,120.8,34
2026-06-28 17:00:00,187.3,254.0,78.7,108.6,24
2026-06-28 18:00:00,190.8,257.0,78.1,112.7,28
2026-06-28 19:00:00,201.1,255.4,81.5,119.6,23
2026-06-28 20:00:00,200.3,270.8,82.4,117.9,22
2026-06-28 21:00:00,196.6,259.4,78.7,117.9,34
2026-06-28 22:00:00,191.1,247.2,82.4,108.7,28
2026-06-28 23:00:00,191.4,257.6,74.5,116.9,29
2026-06-29 00:00:00,189.2,257.0,77.8,111.4,31
2026-06-29 01:00:00,190.6,247.0,78.8,111.8,33
2026-06-29 02:00:00,192.6,245.8,81.3,111.3,26
2026-06-29 03:00:00,192.4,256.6,79.3,113.1,22
2026-06-29 04:00:00,190.7,264.0,78.5,112.2,26
2026-06-29 05:00:00,184.1,271.6,75.4,108.7,21
2026-06-29 06:00:00,192.0,259.6,81.1,110.9,23
2026-06-29 07:00:00,194.5,259.0,81.7,112.8,34
2026-06-29 08:00:00,190.5,241.8,78.5,112.0,25
2026-06-29 09:00:00,212.0,248.6,81.3,130.7,28
2026-06-29 10:00:00,201.9,256.4,81.7,120.2,24
2026-06-29 11:00:00,196.5,256.4,83.3,113.2,31
2026-06-29 12:00:00,189.4,255.0,78.2,111.2,20
2026-06-29 13:00:00,196.5,247.4,80.0,116.5,32
2026-06-29 14:00:00,198.1,246.4,82.8,115.3,30
2026-06-29 15:00:00,191.4,262.0,81.5,109.9,22
2026-06-29 16:00:00,194.5,257.4,81.5,113.0,27
2026-06-29 17:00:00,191.8,264.2,81.0,110.8,32
2026-06-29 18:00:00,187.6,260.2,77.6,110.0,30
2026-06-29 19:00:00,187.5,251.6,79.7,107.8,28
2026-06-29 20:00:00,200.0,264.2,81.6,118.4,26
2026-06-29 21:00:00,192.7,250.2,80.8,111.9,26
2026-06-29 22:00:00,186.9,250.4,77.5,109.4,27
2026-06-29 23:00:00,186.1,259.4,76.9,109.2,26
2026-06-30 00:00:00,195.6,253.8,79.8,115.8,26
2026-06-30 01:00:00,193.7,261.0,81.7,112.0,20
2026-06-30 02:00:00,192.7,259.2,80.5,112.2,23
2026-06-30 03:00:00,194.8,249.0,78.6,116.2,26
2026-06-30 04:00:00,193.6,252.8,80.7,112.9,25
2026-06-30 05:00:00,192.0,248.8,75.6,116.4,32
2026-06-30 06:00:00,195.3,263.0,81.1,114.2,20
2026-06-30 07:00:00,195.4,258.0,77.3,118.1,29
2026-06-30 08:00:00,179.4,255.2,79.6,99.8,29
2026-06-30 09:00:00,198.4,260.4,78.1,120.3,34
2026-06-30 10:00:00,198.3,260.4,80.3,118.0,30
2026-06-30 11:00:00,184.9,257.0,75.8,109.1,20
2026-06-30 12:00:00,177.0,255.0,80.2,96.8,21
2026-06-30 13:00:00,191.5,252.6,79.8,111.7,20
2026-06-30 14:00:00,197.7,262.6,79.0,118.7,21
2026-06-30 15:00:00,198.0,263.4,78.9,119.1,29
2026-06-30 16:00:00,196.5,267.8,79.8,116.7,29
2026-06-30 17:00:00,182.4,256.4,78.8,103.6,25
2026-06-30 18:00:00,193.2,250.2,78.1,115.1,20
2026-06-30 19:00:00,198.8,258.0,80.3,118.5,32
2026-06-30 20:00:00,199.9,261.2,82.5,117.4,26
2026-06-30 21:00:00,199.0,262.4,81.9,117.1,27
2026-06-30 22:00:00,186.6,258.2,81.1,105.5,34
2026-06-30 23:00:00,196.2,258.0,78.8,117.4,28
2026-07-01 00:00:00,190.3,250.2,82.2,108.1,30
2026-07-01 01:00:00,196.7,264.0,83.2,113.5,27
2026-07-01 02:00:00,194.3,261.6,78.7,115.6,32
2026-07-01 03:00:00,196.3,268.2,79.3,117.0,33
2026-07-01 04:00:00,185.6,263.4,77.4,108.2,24
2026-07-01 05:00:00,196.1,262.2,77.3,118.8,33
2026-07-01 06:00:00,196.8,259.4,79.5,117.3,25
2026-07-01 07:00:00,194.0,266.8,81.1,112.9,34
2026-07-01 08:00:00,192.5,262.8,81.4,111.1,25
2026-07-01 09:00:00,199.0,263.0,81.1,117.9,25
2026-07-01 10:00:00,188.8,261.6,80.9,107.9,24
2026-07-01 11:00:00,204.4,256.8,81.4,123.0,21
2026-07-01 12:00:00,194.4,254.6,80.4,114.0,32
2026-07-01 13:00:00,196.1,253.0,81.2,114.9,29
2026-07-01 14:00:00,191.3,266.8,80.8,110.5,23
2026-07-01 15:00:00,197.8,254.0,79.1,118.7,30
2026-07-01 16:00:00,196.3,263.6,81.0,115.3,21
2026-07-01 17:00:00,181.5,257.2,77.2,104.3,23
2026-07-01 18:00:00,208.9,262.4,83.3,125.6,32
2026-07-01 19:00:00,185.9,256.2,80.7,105.2,24
2026-07-01 20:00:00,186.2,263.0,79.9,106.3,20
2026-07-01 21:00:00,192.3,260.0,79.2,113.1,33
2026-07-01 22:00:00,200.9,258.8,78.5,122.4,34
2026-07-01 23:00:00,180.2,262.4,76.4,103.8,26
2026-07-02 00:00:00,204.5,259.4,78.9,125.6,29
2026-07-02 01:00:00,192.2,258.0,79.9,112.3,32
2026-07-02 02:00:00,190.1,268.4,82.0,108.1,23
2026-07-02 03:00:00,189.2,263.0,82.1,107.1,21
2026-07-02 04:00:00,204.9,255.4,81.3,123.6,33
2026-07-02 05:00:00,209.7,251.0,79.7,130.0,29
2026-07-02 06:00:00,202.4,248.0,80.6,121.8,20
2026-07-02 07:00:00,193.4,260.8,80.7,112.7,32
2026-07-02 08:00:00,194.0,258.0,82.3,111.7,25
2026-07-02 09:00:00,195.6,255.0,82.3,113.3,32
2026-07-02 10:00:00,193.3,261.2,77.2,116.1,30
2026-07-02 11:00:00,200.2,265.0,81.8,118.4,26
2026-07-02 12:00:00,195.0,251.4,79.6,115.4,33
2026-07-02 13:00:00,193.8,260.4,81.5,112.3,22
2026-07-02 14:00:00,200.6,248.4,79.2,121.4,25
2026-07-02 15:00:00,190.3,250.8,79.2,111.1,21
2026-07-02 16:00:00,193.4,266.0,82.1,111.3,28
2026-07-02 17:00:00,186.3,270.6,81.5,104.8,25
2026-07-02 18:00:00,198.7,250.6,81.9,116.8,33
2026-07-02 19:00:00,211.2,263.6,79.9,131.3,28
2026-07-02 20:00:00,200.8,258.4,78.7,122.1,33
2026-07-02 21:00:00,202.5,272.2,81.4,121.1,32
2026-07-02 22:00:00,197.0,256.4,80.4,116.6,24
2026-07-02 23:00:00,194.5,269.8,78.3,116.2,31
2026-07-03 00:00:00,184.1,255.0,79.5,104.6,22
2026-07-03 01:00:00,197.5,257.2,78.4,119.1,23
2026-07-03 02:00:00,199.9,271.4,80.1,119.8,32
2026-07-03 03:00:00,186.7,256.2,80.4,106.3,32
2026-07-03 04:00:00,192.5,251.6,81.7,110.8,21
2026-07-03 05:00:00,199.8,258.6,79.7,120.1,31
2026-07-03 06:00:00,192.6,253.2,81.0,111.6,26
2026-07-03 07:00:00,188.8,260.0,81.1,107.7,28
2026-07-03 08:00:00,190.9,263.4,81.1,109.8,22
2026-07-03 09:00:00,189.8,266.2,77.6,112.2,22
2026-07-03 10:00:00,191.7,269.8,83.9,107.8,22
2026-07-03 11:00:00,189.3,258.0,81.6,107.7,30
2026-07-03 12:00:00,193.2,258.2,79.9,113.3,26
2026-07-03 13:00:00,185.7,262.2,80.9,104.8,20
2026-07-03 14:00:00,204.1,264.2,82.7,121.4,31
2026-07-03 15:00:00,182.8,257.8,77.9,104.9,24
2026-07-03 16:00:00,209.7,263.4,83.0,126.7,32
2026-07-03 17:00:00,197.9,264.8,78.3,119.6,25
2026-07-03 18:00:00,201.1,267.4,80.7,120.4,27
2026-07-03 19:00:00,187.4,243.6,78.4,109.0,20
2026-07-03 20:00:00,196.1,266.8,81.4,114.7,25
2026-07-03 21:00:00,198.1,264.8,80.0,118.1,30
2026-07-03 22:00:00,202.9,263.2,84.6,118.3,22
2026-07-03 23:00:00,197.3,264.4,77.9,119.4,34
2026-07-04 00:00:00,213.4,261.0,82.6,130.8,34
2026-07-04 01:00:00,199.0,274.2,81.0,118.0,24
2026-07-04 02:00:00,197.3,257.0,82.2,115.1,24
2026-07-04 03:00:00,182.2,242.4,77.8,104.4,21
2026-07-04 04:00:00,183.5,251.4,75.6,107.9,27
2026-07-04 05:00:00,190.2,266.4,75.5,114.7,33
2026-07-04 06:00:00,192.5,257.4,76.5,116.0,25
2026-07-04 07:00:00,191.5,251.4,79.1,112.4,34
2026-07-04 08:00:00,186.5,248.8,81.1,105.4,24
2026-07-04 09:00:00,198.6,259.4,79.0,119.6,26
2026-07-04 10:00:00,188.3,254.6,75.1,113.2,24
2026-07-04 11:00:00,183.3,253.4,80.3,103.0,23
2026-07-04 12:00:00,192.6,262.6,81.3,111.3,20
2026-07-04 13:00:00,196.5,253.0,80.8,115.7,26
2026-07-04 14:00:00,191.5,264.6,77.7,113.8,22
2026-07-04 15:00:00,197.7,262.4,81.1,116.6,21
2026-07-04 16:00:00,195.7,257.8,80.0,115.7,20
2026-07-04 17:00:00,189.8,266.4,74.5,115.3,28
2026-07-04 18:00:00,193.7,259.4,81.3,112.4,31
2026-07-04 19:00:00,194.4,269.2,79.3,115.1,22
2026-07-04 20:00:00,188.7,258.4,78.9,109.8,24
2026-07-04 21:00:00,206.4,262.8,85.1,121.3,31
2026-07-04 22:00:00,187.5,270.2,79.3,108.2,29
2026-07-04 23:00:00,197.0,256.2,81.6,115.4,20
2026-07-05 00:00:00,192.0,266.8,77.3,114.7,20
2026-07-05 01:00:00,186.7,250.8,75.1,111.6,25
2026-07-05 02:00:00,199.4,260.0,82.4,117.0,21
2026-07-05 03:00:00,191.5,259.2,79.0,112.5,30
2026-07-05 04:00:00,194.9,267.6,80.6,114.3,27
2026-07-05 05:00:00,192.5,259.8,80.5,112.0,21
2026-07-05 06:00:00,190.1,248.2,81.6,108.5,24
2026-07-05 07:00:00,188.1,266.8,83.9,104.2,20
2026-07-05 08:00:00,199.9,274.4,81.0,118.9,29
2026-07-05 09:00:00,195.2,253.8,81.1,114.1,20
2026-07-05 10:00:00,185.3,253.8,76.4,108.9,29
2026-07-05 11:00:00,183.1,257.2,82.9,100.2,21
2026-07-05 12:00:00,190.9,259.6,78.5,112.4,29
2026-07-05 13:00:00,187.9,249.2,81.2,106.7,31
2026-07-05 14:00:00,200.8,249.6,82.9,117.9,33
2026-07-05 15:00:00,182.8,262.4,82.1,100.7,21
2026-07-05 16:00:00,197.7,264.4,80.7,117.0,32
2026-07-05 17:00:00,195.7,265.4,79.6,116.1,31
2026-07-05 18:00:00,196.6,271.6,78.8,117.8,32
2026-07-05 19:00:00,188.5,253.0,76.9,111.6,26
2026-07-05 20:00:00,185.9,266.6,80.1,105.8,28
2026-07-05 21:00:00,192.7,252.4,80.3,112.4,24
2026-07-05 22:00:00,186.8,256.2,77.9,108.9,32
2026-07-05 23:00:00,184.3,257.4,77.5,106.8,21
2026-07-06 00:00:00,191.5,259.8,81.2,110.3,20
2026-07-06 01:00:00,199.2,256.8,79.8,119.4,26
2026-07-06 02:00:00,198.1,258.8,79.5,118.6,21
2026-07-06 03:00:00,207.6,254.4,79.8,127.8,33
2026-07-06 04:00:00,203.7,266.4,83.3,120.4,33
2026-07-06 05:00:00,186.9,261.6,79.3,107.6,20
2026-07-06 06:00:00,186.9,257.4,77.3,109.6,34
2026-07-06 07:00:00,195.2,250.0,79.3,115.9,26
2026-07-06 08:00:00,203.1,256.2,82.3,120.8,25
2026-07-06 09:00:00,192.2,259.8,79.8,112.4,34
2026-07-06 10:00:00,195.8,263.8,79.9,115.9,27
2026-07-06 11:00:00,190.3,262.2,77.6,112.7,26
2026-07-06 12:00:00,200.5,264.2,81.9,118.6,22
2026-07-06 13:00:00,191.2,264.8,78.5,112.7,26
2026-07-06 14:00:00,190.4,248.0,77.7,112.7,29
2026-07-06 15:00:00,206.3,267.8,81.4,124.9,28
2026-07-06 16:00:00,194.2,263.6,79.0,115.2,22
2026-07-06 17:00:00,193.1,252.8,77.0,116.1,24
2026-07-06 18:00:00,186.2,259.8,81.2,105.0,21
2026-07-06 19:00:00,202.9,261.4,83.7,119.2,30
2026-07-06 20:00:00,202.0,263.0,83.2,118.8,28
2026-07-06 21:00:00,195.0,251.6,77.5,117.5,29
2026-07-06 22:00:00,191.9,262.4,77.8,114.1,24
2026-07-06 23:00:00,197.5,252.8,78.4,119.1,32
2026-07-07 00:00:00,189.7,272.4,78.9,110.8,28
2026-07-07 01:00:00,203.4,262.2,81.9,121.5,28
2026-07-07 02:00:00,188.5,263.0,82.2,106.3,22
2026-07-07 03:00:00,185.2,259.2,84.8,100.4,20
2026-07-07 04:00:00,196.2,264.0,79.9,116.3,32
2026-07-07 05:00:00,184.0,258.2,76.8,107.2,25
2026-07-07 06:00:00,193.3,258.6,77.4,115.9,22
2026-07-07 07:00:00,190.9,259.6,82.7,108.2,32
2026-07-07 08:00:00,191.4,258.2,77.6,113.8,24
2026-07-07 09:00:00,204.2,263.2,79.3,124.9,32
2026-07-07 10:00:00,189.2,274.2,79.0,110.2,20
2026-07-07 11:00:00,192.3,263.8,79.5,112.8,32
2026-07-07 12:00:00,191.4,260.6,79.0,112.4,31
2026-07-07 13:00:00,188.8,263.4,81.7,107.1,26
2026-07-07 14:00:00,182.1,255.6,78.2,103.9,28
2026-07-07 15:00:00,194.0,261.6,81.5,112.5,32
2026-07-07 16:00:00,190.7,261.2,77.0,113.7,27
2026-07-07 17:00:00,200.5,258.6,81.5,119.0,30
2026-07-07 18:00:00,190.8,260.6,81.3,109.5,23
2026-07-07 19:00:00,190.5,251.4,78.0,112.5,29
2026-07-07 20:00:00,196.4,252.0,78.9,117.5,34
2026-07-07 21:00:00,186.4,269.6,77.2,109.2,32
2026-07-07 22:00:00,183.4,255.8,77.8,105.6,27
2026-07-07 23:00:00,201.1,257.8,78.6,122.5,31
2026-07-08 00:00:00,185.3,252.6,79.0,106.3,22
2026-07-08 01:00:00,181.6,259.6,77.5,104.1,23
2026-07-08 02:00:00,189.5,264.6,76.2,113.3,32
2026-07-08 03:00:00,191.7,262.2,79.7,112.0,28
2026-07-08 04:00:00,188.9,259.0,78.3,110.6,29
2026-07-08 05:00:00,198.4,265.6,82.5,115.9,29
2026-07-08 06:00:00,194.1,267.8,77.8,116.3,29
2026-07-08 07:00:00,198.0,266.4,83.1,114.9,34
2026-07-08 08:00:00,192.2,269.0,80.2,112.0,21
2026-07-08 09:00:00,206.8,263.8,85.1,121.7,34
2026-07-08 10:00:00,197.4,273.2,78.7,118.7,21
2026-07-08 11:00:00,182.7,253.6,78.7,104.0,20
2026-07-08 12:00:00,196.7,262.6,80.5,116.2,33
2026-07-08 13:00:00,184.6,266.0,76.5,108.1,34
2026-07-08 14:00:00,201.0,261.8,83.0,118.0,32
2026-07-08 15:00:00,189.9,263.2,80.8,109.1,23
2026-07-08 16:00:00,193.8,274.2,84.2,109.6,21
2026-07-08 17:00:00,188.5,264.6,76.8,111.7,23
2026-07-08 18:00:00,191.0,258.0,77.4,113.6,26
2026-07-08 19:00:00,195.2,255.2,82.5,112.7,28
2026-07-08 20:00:00,193.8,253.2,77.6,116.2,31
2026-07-08 21:00:00,196.2,251.8,79.2,117.0,29
2026-07-08 22:00:00,193.8,272.8,79.9,113.9,33
2026-07-08 23:00:00,191.3,261.8,83.3,108.0,24
2026-07-09 00:00:00,185.9,265.2,77.6,108.3,20
2026-07-09 01:00:00,191.7,259.6,81.7,110.0,29
2026-07-09 02:00:00,188.8,261.6,78.7,110.1,25
2026-07-09 03:00:00,183.7,264.6,77.0,106.7,26
2026-07-09 04:00:00,195.6,264.2,80.0,115.6,27
2026-07-09 05:00:00,202.0,250.8,78.4,123.6,34
2026-07-09 06:00:00,200.0,264.4,81.6,118.4,31
2026-07-09 07:00:00,193.0,259.6,80.5,112.5,25
2026-07-09 08:00:00,183.9,256.0,80.7,103.2,21
2026-07-09 09:00:00,207.3,251.6,80.6,126.7,34
2026-07-09 10:00:00,188.3,267.2,80.2,108.1,21
2026-07-09 11:00:00,188.2,253.6,80.1,108.1,24
2026-07-09 12:00:00,192.0,270.8,77.4,114.6,28
2026-07-09 13:00:00,196.9,271.4,79.9,117.0,30
2026-07-09 14:00:00,181.9,271.8,78.0,103.9,23
2026-07-09 15:00:00,184.4,252.6,81.6,102.8,22
2026-07-09 16:00:00,191.1,268.4,78.2,112.9,25
2026-07-09 17:00:00,197.3,271.8,80.7,116.6,30
2026-07-09 18:00:00,196.4,259.2,81.6,114.8,30
2026-07-09 19:00:00,182.1,243.6,77.9,104.2,33
2026-07-09 20:00:00,189.1,251.0,78.8,110.3,21
2026-07-09 21:00:00,188.8,256.2,77.9,110.9,23
2026-07-09 22:00:00,193.0,268.6,77.8,115.2,22
2026-07-09 23:00:00,192.7,255.6,80.0,112.7,31
2026-07-10 00:00:00,193.3,263.4,80.8,112.5,25
2026-07-10 01:00:00,192.0,258.4,80.4,111.6,20
2026-07-10 02:00:00,192.0,262.0,81.8,110.2,23
2026-07-10 03:00:00,208.2,252.2,82.5,125.7,33
2026-07-10 04:00:00,184.8,261.8,79.3,105.5,28
2026-07-10 05:00:00,198.6,260.4,81.5,117.1,32
2026-07-10 06:00:00,198.4,274.0,82.1,116.3,25
2026-07-10 07:00:00,196.5,266.8,81.3,115.2,29
2026-07-10 08:00:00,192.6,243.4,84.4,108.2,29
2026-07-10 09:00:00,193.6,259.4,81.7,111.9,26
2026-07-10 10:00:00,183.7,257.0,80.0,103.7,28
2026-07-10 11:00:00,197.5,256.4,80.4,117.1,25
2026-07-10 12:00:00,187.6,262.2,78.9,108.7,24
2026-07-10 13:00:00,199.3,253.4,81.7,117.6,25
2026-07-10 14:00:00,185.3,250.4,77.9,107.4,20
2026-07-10 15:00:00,184.1,278.6,77.4,106.7,30
2026-07-10 16:00:00,190.6,253.4,80.4,110.2,30
2026-07-10 17:00:00,199.8,257.4,80.8,119.0,32
2026-07-10 18:00:00,193.0,261.0,83.8,109.2,20
2026-07-10 19:00:00,184.8,266.0,80.8,104.0,30
2026-07-10 20:00:00,190.9,259.6,82.4,108.5,34
2026-07-10 21:00:00,189.9,268.8,75.9,114.0,20
2026-07-10 22:00:00,188.4,262.4,81.2,107.2,20
2026-07-10 23:00:00,193.7,265.2,80.7,113.0,21
2026-07-11 00:00:00,195.8,263.8,80.6,115.2,31
2026-07-11 01:00:00,201.4,277.4,80.8,120.6,29
2026-07-11 02:00:00,194.6,253.8,82.7,111.9,28
2026-07-11 03:00:00,187.3,263.8,78.4,108.9,23
2026-07-11 04:00:00,190.5,253.4,79.8,110.7,21
2026-07-11 05:00:00,196.3,261.4,78.1,118.2,32
2026-07-11 06:00:00,198.8,257.6,81.3,117.5,29
2026-07-11 07:00:00,188.3,267.0,78.3,110.0,23
2026-07-11 08:00:00,197.0,259.6,79.2,117.8,25
2026-07-11 09:00:00,194.1,260.0,80.7,113.4,21
2026-07-11 10:00:00,187.8,253.8,78.5,109.3,25
2026-07-11 11:00:00,182.7,270.8,80.3,102.4,25
2026-07-11 12:00:00,187.6,260.6,79.2,108.4,22
2026-07-11 13:00:00,191.8,260.0,76.6,115.2,32
2026-07-11 14:00:00,197.4,246.6,83.0,114.4,24
2026-07-11 15:00:00,184.1,263.2,81.7,102.4,22
2026-07-11 16:00:00,184.4,267.8,79.2,105.2,30
2026-07-11 17:00:00,194.1,257.8,80.0,114.1,24
2026-07-11 18:00:00,191.4,255.4,80.4,111.0,23
2026-07-11 19:00:00,187.0,253.8,76.5,110.5,23
2026-07-11 20:00:00,187.7,242.8,78.7,109.0,23
2026-07-11 21:00:00,199.4,261.8,83.4,116.0,32
2026-07-11 22:00:00,190.8,264.0,79.1,111.7,29
2026-07-11 23:00:00,184.5,266.2,77.5,107.0,28
2026-07-12 00:00:00,208.3,256.6,82.7,125.6,32
2026-07-12 01:00:00,199.0,258.2,81.2,117.8,32
2026-07-12 02:00:00,186.4,260.0,81.8,104.6,22
2026-07-12 03:00:00,207.3,258.2,77.8,129.5,23
2026-07-12 04:00:00,196.2,266.0,82.0,114.2,20
2026-07-12 05:00:00,184.5,260.0,77.6,106.9,20
2026-07-12 06:00:00,190.0,256.4,76.2,113.8,20
2026-07-12 07:00:00,192.5,257.4,78.0,114.5,20
2026-07-12 08:00:00,194.1,266.4,81.7,112.4,30
2026-07-12 09:00:00,193.1,265.0,77.4,115.7,20
2026-07-12 10:00:00,197.7,262.6,81.9,115.8,32
2026-07-12 11:00:00,193.8,251.4,80.7,113.1,33
2026-07-12 12:00:00,193.3,265.2,81.4,111.9,33
2026-07-12 13:00:00,180.5,263.6,79.4,101.1,21
2026-07-12 14:00:00,202.8,267.8,82.4,120.4,33
2026-07-12 15:00:00,184.0,243.2,79.8,104.2,25
2026-07-12 16:00:00,188.4,260.2,80.3,108.1,24
2026-07-12 17:00:00,188.3,261.0,77.8,110.5,27
2026-07-12 18:00:00,182.9,259.0,75.5,107.4,21
2026-07-12 19:00:00,187.4,259.6,82.9,104.5,20
2026-07-12 20:00:00,191.4,257.4,80.3,111.1,24
2026-07-12 21:00:00,195.4,266.0,79.8,115.6,33
2026-07-12 22:00:00,188.7,262.6,79.0,109.7,25
2026-07-12 23:00:00,187.9,264.0,81.4,106.5,29
2026-07-13 00:00:00,193.3,258.6,81.4,111.9,34
2026-07-13 01:00:00,189.9,260.8,82.3,107.6,28
2026-07-13 02:00:00,190.1,258.6,77.9,112.2,32
2026-07-13 03:00:00,193.7,258.6,82.0,111.7,25
2026-07-13 04:00:00,197.2,258.2,80.6,116.6,33
2026-07-13 05:00:00,190.7,266.2,79.7,111.0,20
2026-07-13 06:00:00,202.3,272.8,76.5,125.8,30
2026-07-13 07:00:00,195.1,260.2,81.0,114.1,28
2026-07-13 08:00:00,195.0,257.6,80.2,114.8,34
2026-07-13 09:00:00,184.2,257.6,80.5,103.7,20
2026-07-13 10:00:00,196.7,255.8,79.5,117.2,28
2026-07-13 11:00:00,194.3,251.8,81.9,112.4,33
2026-07-13 12:00:00,197.2,276.4,79.2,118.0,30
2026-07-13 13:00:00,195.3,263.6,79.7,115.6,32
2026-07-13 14:00:00,190.6,256.0,81.2,109.4,24
2026-07-13 15:00:00,199.3,277.6,81.5,117.8,24
2026-07-13 16:00:00,180.3,260.4,78.9,101.4,20
2026-07-13 17:00:00,190.6,256.2,77.5,113.1,30
2026-07-13 18:00:00,203.6,267.4,79.1,124.5,29
2026-07-13 19:00:00,189.7,260.2,79.4,110.3,20
2026-07-13 20:00:00,192.9,258.8,82.4,110.5,20
2026-07-13 21:00:00,196.4,262.6,77.6,118.8,31
2026-07-13 22:00:00,193.7,266.4,79.5,114.2,25
2026-07-13 23:00:00,188.7,255.8,82.7,106.0,29
2026-07-14 00:00:00,195.6,263.4,78.3,117.3,24
2026-07-14 01:00:00,185.9,258.2,75.8,110.1,21
2026-07-14 02:00:00,192.0,257.2,82.2,109.8,23
2026-07-14 03:00:00,188.7,257.2,79.3,109.4,22
2026-07-14 04:00:00,191.7,257.4,80.2,111.5,27
2026-07-14 05:00:00,186.6,264.0,81.7,104.9,21
2026-07-14 06:00:00,195.2,260.0,81.8,113.4,20
2026-07-14 07:00:00,181.5,258.8,78.6,102.9,21
2026-07-14 08:00:00,200.3,264.6,82.0,118.3,32
2026-07-14 09:00:00,188.0,256.4,78.0,110.0,27
2026-07-14 10:00:00,188.6,270.0,80.0,108.6,27
2026-07-14 11:00:00,197.3,259.6,81.9,115.4,27
2026-07-14 12:00:00,209.9,257.2,80.3,129.6,33
2026-07-14 13:00:00,194.5,249.0,82.7,111.8,30
2026-07-14 14:00:00,189.7,248.8,80.6,109.1,32
2026-07-14 15:00:00,192.6,254.8,78.3,114.3,25
2026-07-14 16:00:00,187.4,250.8,79.1,108.3,25
2026-07-14 17:00:00,196.7,260.6,80.1,116.6,34
2026-07-14 18:00:00,199.9,258.4,82.9,117.0,30
2026-07-14 19:00:00,193.3,250.6,81.9,111.4,26
2026-07-14 20:00:00,184.8,266.0,79.0,105.8,31
2026-07-14 21:00:00,194.0,259.0,75.6,118.4,29
2026-07-14 22:00:00,199.9,254.0,82.6,117.3,23
2026-07-14 23:00:00,194.5,250.2,78.1,116.4,31
2026-07-15 00:00:00,180.9,262.2,78.4,102.5,22
2026-07-15 01:00:00,184.7,266.4,78.0,106.7,25
2026-07-15 02:00:00,196.1,251.4,82.2,113.9,27
2026-07-15 03:00:00,185.9,250.6,78.4,107.5,20
2026-07-15 04:00:00,193.3,259.2,77.3,116.0,28
2026-07-15 05:00:00,189.7,266.6,77.7,112.0,22
2026-07-15 06:00:00,189.5,267.4,78.9,110.6,23
2026-07-15 07:00:00,180.6,251.6,78.4,102.2,28
2026-07-15 08:00:00,186.4,263.6,79.9,106.5,34
2026-07-15 09:00:00,195.9,255.2,79.7,116.2,24
2026-07-15 10:00:00,199.3,265.2,79.5,119.8,34
2026-07-15 11:00:00,190.9,265.6,80.6,110.3,25
2026-07-15 12:00:00,186.2,262.6,78.3,107.9,31
2026-07-15 13:00:00,197.4,261.6,80.9,116.5,33
2026-07-15 14:00:00,190.9,261.6,80.3,110.6,22
2026-07-15 15:00:00,184.4,249.6,75.0,109.4,22
2026-07-15 16:00:00,197.6,256.8,80.8,116.8,32
2026-07-15 17:00:00,193.0,260.2,78.1,114.9,29
2026-07-15 18:00:00,186.1,253.2,79.0,107.1,25
2026-07-15 19:00:00,186.2,260.8,78.5,107.7,20
2026-07-15 20:00:00,186.3,265.4,83.1,103.2,22
2026-07-15 21:00:00,192.3,265.0,77.2,115.1,24
2026-07-15 22:00:00,189.0,259.4,77.5,111.5,29
2026-07-15 23:00:00,195.6,260.4,79.5,116.1,24
2026-07-16 00:00:00,191.0,267.8,79.4,111.6,27
2026-07-16 01:00:00,196.0,254.6,79.1,116.9,31
2026-07-16 02:00:00,197.5,263.6,81.7,115.8,30
2026-07-16 03:00:00,195.6,259.4,81.1,114.5,33
2026-07-16 04:00:00,191.4,260.6,79.1,112.3,31
2026-07-16 05:00:00,184.7,258.8,80.3,104.4,22
2026-07-16 06:00:00,186.3,258.4,78.2,108.1,25
2026-07-16 07:00:00,189.0,256.0,79.2,109.8,26
2026-07-16 08:00:00,195.5,256.2,82.4,113.1,32
2026-07-16 09:00:00,188.4,253.2,77.1,111.3,30
2026-07-16 10:00:00,197.5,280.8,80.7,116.8,34
2026-07-16 11:00:00,196.2,251.6,80.4,115.8,32
2026-07-16 12:00:00,195.7,256.4,82.2,113.5,30
2026-07-16 13:00:00,198.6,255.8,81.3,117.3,32
2026-07-16 14:00:00,188.2,262.4,74.4,113.8,21
2026-07-16 15:00:00,195.5,256.6,80.5,115.0,31
2026-07-16 16:00:00,204.9,266.8,82.5,122.4,29
2026-07-16 17:00:00,205.5,259.0,79.1,126.4,26
2026-07-16 18:00:00,190.1,270.2,79.4,110.7,29
2026-07-16 19:00:00,204.3,264.0,80.0,124.3,30
2026-07-16 20:00:00,194.1,249.6,77.9,116.2,28
2026-07-16 21:00:00,200.5,253.8,83.0,117.5,26
2026-07-16 22:00:00,200.7,255.6,80.7,120.0,33
2026-07-16 23:00:00,186.7,252.4,75.6,111.1,20
2026-07-17 00:00:00,182.7,270.6,78.5,104.2,20
2026-07-17 01:00:00,194.3,253.2,73.5,120.8,29
2026-07-17 02:00:00,184.0,263.6,80.5,103.5,24
2026-07-17 03:00:00,188.2,261.4,79.6,108.6,24
2026-07-17 04:00:00,197.7,268.4,81.6,116.1,24
2026-07-17 05:00:00,190.2,261.8,82.5,107.7,27
2026-07-17 06:00:00,190.0,252.4,79.1,110.9,20
2026-07-17 07:00:00,197.1,260.0,81.7,115.4,31
2026-07-17 08:00:00,187.7,260.8,78.8,108.9,25
2026-07-17 09:00:00,190.2,262.2,82.3,107.9,23
2026-07-17 10:00:00,188.1,251.8,78.6,109.5,23
2026-07-17 11:00:00,199.9,260.6,81.9,118.0,29
2026-07-17 12:00:00,190.7,261.4,80.2,110.5,24
2026-07-17 13:00:00,192.5,261.2,80.1,112.4,28
2026-07-17 14:00:00,191.4,269.0,77.5,113.9,20
2026-07-17 15:00:00,186.0,258.0,78.5,107.5,26
2026-07-17 16:00:00,190.1,256.2,78.0,112.1,21
2026-07-17 17:00:00,197.0,258.4,76.2,120.8,25
2026-07-17 18:00:00,194.3,245.2,82.2,112.1,25
2026-07-17 19:00:00,197.2,251.0,79.6,117.6,21
2026-07-17 20:00:00,199.2,263.2,79.8,119.4,31
2026-07-17 21:00:00,192.2,260.0,79.5,112.7,22
2026-07-17 22:00:00,197.8,262.0,81.5,116.3,33
2026-07-17 23:00:00,195.1,265.6,79.7,115.4,34
2026-07-18 00:00:00,193.0,266.6,82.7,110.3,21
2026-07-18 01:00:00,188.8,258.6,79.2,109.6,22
2026-07-18 02:00:00,190.5,265.8,77.8,112.7,28
2026-07-18 03:00:00,190.4,251.4,82.8,107.6,24
2026-07-18 04:00:00,193.1,257.4,80.6,112.5,23
2026-07-18 05:00:00,194.8,268.4,76.6,118.2,34
2026-07-18 06:00:00,197.1,259.6,78.4,118.7,31
2026-07-18 07:00:00,190.3,267.2,80.9,109.4,24
2026-07-18 08:00:00,196.6,259.4,81.1,115.5,27
2026-07-18 09:00:00,199.6,270.2,80.6,119.0,27
2026-07-18 10:00:00,191.5,254.6,76.5,115.0,26
2026-07-18 11:00:00,189.4,268.6,81.8,107.6,32
2026-07-18 12:00:00,191.0,266.8,81.9,109.1,25
2026-07-18 13:00:00,195.5,264.8,79.1,116.4,29
2026-07-18 14:00:00,190.7,259.0,79.7,111.0,21
2026-07-18 15:00:00,200.9,264.6,81.8,119.1,24
2026-07-18 16:00:00,190.0,252.4,81.4,108.6,34
2026-07-18 17:00:00,185.3,260.2,81.3,104.0,27
2026-07-18 18:00:00,193.6,265.4,78.9,114.7,31
2026-07-18 19:00:00,191.1,268.4,79.8,111.3,27
2026-07-18 20:00:00,191.3,258.0,79.7,111.6,34
2026-07-18 21:00:00,196.7,256.0,78.8,117.9,25
2026-07-18 22:00:00,200.5,266.8,80.3,120.2,32
2026-07-18 23:00:00,193.4,254.2,79.1,114.3,25
2026-07-19 00:00:00,186.2,262.6,78.2,108.0,20
2026-07-19 01:00:00,192.7,252.2,80.3,112.4,24
2026-07-19 02:00:00,201.8,251.2,77.7,124.1,33
2026-07-19 03:00:00,199.2,250.6,78.0,121.2,33
2026-07-19 04:00:00,185.3,276.4,77.0,108.3,22
2026-07-19 05:00:00,190.2,253.6,79.4,110.8,26
2026-07-19 06:00:00,197.5,258.2,78.9,118.6,29
2026-07-19 07:00:00,200.7,260.6,81.4,119.3,25
2026-07-19 08:00:00,196.3,256.2,80.0,116.3,26
2026-07-19 09:00:00,203.7,266.6,80.7,123.0,34
2026-07-19 10:00:00,190.6,258.4,79.7,110.9,22
2026-07-19 11:00:00,200.0,271.6,80.1,119.9,33
2026-07-19 12:00:00,186.9,257.8,77.1,109.8,26
2026-07-19 13:00:00,191.2,264.4,79.1,112.1,29
2026-07-19 14:00:00,191.9,262.0,79.9,112.0,33
2026-07-19 15:00:00,202.6,269.2,82.5,120.1,34
2026-07-19 16:00:00,190.2,266.0,81.1,109.1,28
2026-07-19 17:00:00,186.3,255.0,76.5,109.8,27
2026-07-19 18:00:00,186.1,265.8,81.9,104.2,22
2026-07-19 19:00:00,183.6,264.2,76.9,106.7,20
2026-07-19 20:00:00,187.2,257.8,78.6,108.6,30
2026-07-19 21:00:00,185.8,258.8,80.6,105.2,24
2026-07-19 22:00:00,191.9,254.8,82.4,109.5,20
2026-07-19 23:00:00,191.0,251.6,78.0,113.0,23
2026-07-20 00:00:00,203.0,253.6,84.9,118.1,22
2026-07-20 01:00:00,188.6,249.0,79.8,108.8,23
2026-07-20 02:00:00,189.3,258.4,78.3,111.0,34
2026-07-20 03:00:00,190.7,269.6,80.6,110.1,28
2026-07-20 04:00:00,195.4,275.4,80.2,115.2,27
2026-07-20 05:00:00,195.2,262.4,79.1,116.1,28
2026-07-20 06:00:00,201.7,254.6,81.0,120.7,32
2026-07-20 07:00:00,191.0,260.8,79.8,111.2,22
2026-07-20 08:00:00,184.2,259.4,76.9,107.3,24
2026-07-20 09:00:00,197.4,255.0,83.3,114.1,28
2026-07-20 10:00:00,198.0,264.6,83.8,114.2,29
2026-07-20 11:00:00,191.2,260.6,81.3,109.9,30
2026-07-20 12:00:00,198.2,268.2,80.1,118.1,21
2026-07-20 13:00:00,182.0,255.8,77.5,104.5,25
2026-07-20 14:00:00,192.8,263.8,76.5,116.3,32
2026-07-20 15:00:00,199.4,266.6,84.2,115.2,21
2026-07-20 16:00:00,187.3,259.4,78.1,109.2,23
2026-07-20 17:00:00,181.5,257.4,77.7,103.8,20
2026-07-20 18:00:00,198.0,259.8,80.3,117.7,22
2026-07-20 19:00:00,193.5,264.0,81.2,112.3,32
2026-07-20 20:00:00,190.6,264.6,81.7,108.9,24
2026-07-20 21:00:00,199.2,265.2,81.2,118.0,30
2026-07-20 22:00:00,187.1,254.8,77.6,109.5,27
2026-07-20 23:00:00,193.1,260.8,80.3,112.8,30
2026-07-21 00:00:00,196.2,262.6,79.8,116.4,33
2026-07-21 01:00:00,201.9,257.6,78.6,123.3,34
2026-07-21 02:00:00,192.9,254.0,77.9,115.0,28
2026-07-21 03:00:00,185.1,255.8,78.8,106.3,25
2026-07-21 04:00:00,188.4,259.2,77.0,111.4,28
2026-07-21 05:00:00,194.9,249.6,77.9,117.0,28
2026-07-21 06:00:00,191.1,264.4,79.5,111.6,26
2026-07-21 07:00:00,193.1,253.0,81.6,111.5,20
2026-07-21 08:00:00,192.1,260.2,80.1,112.0,21
2026-07-21 09:00:00,193.7,248.6,81.3,112.4,25
2026-07-21 10:00:00,196.9,262.8,81.7,115.2,34
2026-07-21 11:00:00,193.2,262.8,80.9,112.3,23
2026-07-21 12:00:00,202.7,250.8,81.9,120.8,33
2026-07-21 13:00:00,192.7,253.8,79.3,113.4,31
2026-07-21 14:00:00,198.9,260.0,78.9,120.0,23
2026-07-21 15:00:00,199.4,266.4,80.5,118.9,32
2026-07-21 16:00:00,189.9,258.0,77.7,112.2,23
2026-07-21 17:00:00,197.2,262.8,79.3,117.9,31
2026-07-21 18:00:00,188.9,267.6,79.3,109.6,32
2026-07-21 19:00:00,188.6,262.4,78.8,109.8,24
2026-07-21 20:00:00,190.6,256.6,80.5,110.1,22
2026-07-21 21:00:00,192.1,262.0,78.6,113.5,24
2026-07-21 22:00:00,186.9,258.0,79.3,107.6,22
2026-07-21 23:00:00,184.4,258.2,78.4,106.0,20
2026-07-22 00:00:00,189.3,257.8,77.4,111.9,20
2026-07-22 01:00:00,195.9,259.6,81.2,114.7,33
2026-07-22 02:00:00,201.6,253.0,82.4,119.2,32
2026-07-22 03:00:00,193.9,252.0,76.9,117.0,32
2026-07-22 04:00:00,188.7,267.0,80.5,108.2,22
2026-07-22 05:00:00,189.1,258.2,81.1,108.0,26
2026-07-22 06:00:00,205.3,259.6,80.5,124.8,24
2026-07-22 07:00:00,182.5,264.6,76.5,106.0,25
2026-07-22 08:00:00,198.1,265.8,80.9,117.2,23
2026-07-22 09:00:00,183.8,273.0,76.7,107.1,25
2026-07-22 10:00:00,197.9,262.6,77.2,120.7,33
2026-07-22 11:00:00,181.2,263.8,75.5,105.7,22
2026-07-22 12:00:00,193.9,260.6,79.3,114.6,25
2026-07-22 13:00:00,196.2,268.0,80.9,115.3,33
2026-07-22 14:00:00,198.4,260.6,79.3,119.1,33
2026-07-22 15:00:00,188.3,257.4,76.6,111.7,27
2026-07-22 16:00:00,197.7,259.6,80.9,116.8,27
2026-07-22 17:00:00,179.4,254.8,77.5,101.9,20
2026-07-22 18:00:00,188.0,252.8,77.2,110.8,24
2026-07-22 19:00:00,196.9,253.2,81.9,115.0,22
2026-07-22 20:00:00,196.7,261.8,77.4,119.3,34
2026-07-22 21:00:00,195.7,266.0,79.1,116.6,34
2026-07-22 22:00:00,188.6,257.6,79.7,108.9,22
2026-07-22 23:00:00,191.5,258.2,78.4,113.1,27
2026-07-23 00:00:00,193.1,254.4,77.7,115.4,20
2026-07-23 01:00:00,191.6,258.2,79.6,112.0,21
2026-07-23 02:00:00,196.4,250.6,81.3,115.1,34
2026-07-23 03:00:00,193.8,256.8,77.2,116.6,34
2026-07-23 04:00:00,199.6,261.4,80.6,119.0,27
2026-07-23 05:00:00,196.5,259.4,78.1,118.4,29
2026-07-23 06:00:00,193.4,271.2,81.2,112.2,28
2026-07-23 07:00:00,195.7,270.2,79.7,116.0,23
2026-07-23 08:00:00,190.2,257.2,79.7,110.5,20
2026-07-23 09:00:00,205.8,262.6,85.4,120.4,34
2026-07-23 10:00:00,183.3,247.0,80.0,103.3,33
2026-07-23 11:00:00,189.4,259.0,80.4,109.0,28
2026-07-23 12:00:00,188.8,255.2,78.1,110.7,22
2026-07-23 13:00:00,192.3,256.0,81.1,111.2,31
2026-07-23 14:00:00,185.1,257.4,79.6,105.5,24
2026-07-23 15:00:00,202.0,255.6,81.2,120.8,33
2026-07-23 16:00:00,194.7,253.6,79.9,114.8,30
2026-07-23 17:00:00,201.0,251.0,79.7,121.3,32
2026-07-23 18:00:00,196.2,254.0,80.3,115.9,29
2026-07-23 19:00:00,197.9,253.8,80.7,117.2,25
2026-07-23 20:00:00,192.3,253.2,78.8,113.5,28
2026-07-23 21:00:00,200.7,259.2,81.0,119.7,25
2026-07-23 22:00:00,201.2,267.2,79.9,121.3,32
2026-07-23 23:00:00,204.3,260.0,82.7,121.6,31
2026-07-24 00:00:00,183.3,262.0,79.7,103.6,28
2026-07-24 01:00:00,197.4,256.8,79.9,117.5,30
2026-07-24 02:00:00,191.6,268.2,81.0,110.6,22
2026-07-24 03:00:00,192.1,258.8,79.0,113.1,23
2026-07-24 04:00:00,194.9,253.4,81.2,113.7,25
2026-07-24 05:00:00,193.1,258.4,80.2,112.9,34
2026-07-24 06:00:00,182.2,262.2,75.0,107.2,25
2026-07-24 07:00:00,186.6,264.8,82.1,104.5,29
2026-07-24 08:00:00,181.8,254.8,77.6,104.2,33
2026-07-24 09:00:00,198.5,266.2,83.7,114.8,23
2026-07-24 10:00:00,191.1,256.6,77.8,113.3,22
2026-07-24 11:00:00,191.0,259.4,79.7,111.3,26
2026-07-24 12:00:00,186.3,266.6,82.0,104.3,21
2026-07-24 13:00:00,197.6,253.8,76.1,121.5,33
2026-07-24 14:00:00,181.6,260.4,76.8,104.8,21
2026-07-24 15:00:00,194.0,254.8,79.0,115.0,25
2026-07-24 16:00:00,184.5,272.0,80.3,104.2,23
2026-07-24 17:00:00,194.7,253.4,80.1,114.6,30
2026-07-24 18:00:00,192.6,253.6,82.0,110.6,34
2026-07-24 19:00:00,191.7,251.4,82.1,109.6,23
2026-07-24 20:00:00,189.9,272.2,79.3,110.6,28
2026-07-24 21:00:00,186.8,260.4,79.3,107.5,23
2026-07-24 22:00:00,202.1,260.0,82.1,120.0,32
2026-07-24 23:00:00,194.1,261.0,78.7,115.4,20
2026-07-25 00:00:00,191.4,258.8,77.1,114.3,28
2026-07-25 01:00:00,199.4,256.4,79.8,119.6,30
2026-07-25 02:00:00,197.9,257.8,79.7,118.2,30
2026-07-25 03:00:00,187.0,254.4,78.6,108.4,29
2026-07-25 04:00:00,196.6,263.0,77.8,118.8,23
2026-07-25 05:00:00,195.9,250.6,79.9,116.0,29
2026-07-25 06:00:00,192.2,270.0,82.5,109.7,31
2026-07-25 07:00:00,197.3,265.2,81.3,116.0,34
2026-07-25 08:00:00,189.3,251.6,79.0,110.3,20
2026-07-25 09:00:00,197.2,251.0,81.2,116.0,22
2026-07-25 10:00:00,195.3,268.2,85.3,110.0,33
2026-07-25 11:00:00,190.2,267.6,83.5,106.7,22
2026-07-25 12:00:00,184.0,263.2,78.6,105.4,21
2026-07-25 13:00:00,194.9,258.4,80.1,114.8,21
2026-07-25 14:00:00,195.5,258.0,80.0,115.5,33
2026-07-25 15:00:00,192.5,259.6,79.3,113.2,23
2026-07-25 16:00:00,196.7,248.8,77.3,119.4,34
2026-07-25 17:00:00,198.7,254.2,78.5,120.2,25
2026-07-25 18:00:00,189.7,249.0,78.7,111.0,32
2026-07-25 19:00:00,194.7,266.2,81.1,113.6,20
2026-07-25 20:00:00,193.6,249.4,79.5,114.1,21
2026-07-25 21:00:00,184.5,268.8,80.3,104.2,24
2026-07-25 22:00:00,193.7,274.0,80.3,113.4,24
2026-07-25 23:00:00,197.0,256.4,82.5,114.5,34
2026-07-26 00:00:00,188.0,265.2,78.6,109.4,27
2026-07-26 01:00:00,207.8,253.6,77.9,129.9,26
2026-07-26 02:00:00,193.1,268.2,80.4,112.7,27
2026-07-26 03:00:00,182.2,258.6,80.6,101.6,24
2026-07-26 04:00:00,187.1,252.4,77.8,109.3,27
2026-07-26 05:00:00,190.5,266.4,81.8,108.7,20
2026-07-26 06:00:00,187.1,266.8,77.8,109.3,21
2026-07-26 07:00:00,192.9,252.6,78.6,114.3,33
2026-07-26 08:00:00,199.5,259.0,84.4,115.1,29
2026-07-26 09:00:00,200.6,256.4,77.8,122.8,34
2026-07-26 10:00:00,195.7,255.2,80.8,114.9,21
2026-07-26 11:00:00,195.6,255.6,80.0,115.6,30
2026-07-26 12:00:00,209.8,253.6,80.5,129.3,33
2026-07-26 13:00:00,189.4,259.8,80.5,108.9,27
2026-07-26 14:00:00,198.0,260.0,81.3,116.7,28
2026-07-26 15:00:00,189.3,257.2,79.8,109.5,26
2026-07-26 16:00:00,195.1,258.6,81.6,113.5,22
2026-07-26 17:00:00,196.6,257.8,78.8,117.8,28
2026-07-26 18:00:00,185.1,257.8,78.7,106.4,22
2026-07-26 19:00:00,187.3,255.4,85.4,101.9,22
2026-07-26 20:00:00,192.7,255.0,76.8,115.9,27
2026-07-26 21:00:00,192.9,262.4,81.2,111.7,29
2026-07-26 22:00:00,190.6,253.2,80.7,109.9,21
2026-07-26 23:00:00,186.9,260.6,81.7,105.2,20
2026-07-27 00:00:00,189.8,255.0,79.4,110.4,26
2026-07-27 01:00:00,187.1,262.2,79.0,108.1,21
2026-07-27 02:00:00,192.5,265.8,79.1,113.4,32
2026-07-27 03:00:00,196.7,267.0,82.3,114.4,32
2026-07-27 04:00:00,197.7,261.2,79.8,117.9,31
2026-07-27 05:00:00,205.2,264.2,79.9,125.3,34
2026-07-27 06:00:00,189.0,257.2,81.1,107.9,29
2026-07-27 07:00:00,193.5,267.4,82.6,110.9,31
2026-07-27 08:00:00,192.7,265.4,80.1,112.6,24
2026-07-27 09:00:00,201.9,263.0,79.9,122.0,33
2026-07-27 10:00:00,192.8,262.6,76.7,116.1,29
2026-07-27 11:00:00,192.6,257.0,82.1,110.5,31
2026-07-27 12:00:00,193.4,258.6,79.8,113.6,33
2026-07-27 13:00:00,195.7,253.8,80.8,114.9,21
2026-07-27 14:00:00,186.0,266.4,79.1,106.9,29
2026-07-27 15:00:00,190.1,263.0,77.4,112.7,23
2026-07-27 16:00:00,190.2,267.2,79.4,110.8,28
2026-07-27 17:00:00,186.5,251.2,79.4,107.1,20
2026-07-27 18:00:00,198.7,262.0,80.7,118.0,23
2026-07-27 19:00:00,199.9,245.6,81.1,118.8,31
2026-07-27 20:00:00,191.0,268.6,79.3,111.7,26
2026-07-27 21:00:00,188.4,257.8,77.9,110.5,27
2026-07-27 22:00:00,188.1,262.2,77.7,110.4,31
2026-07-27 23:00:00,201.8,259.4,82.4,119.4,27
2026-07-28 00:00:00,185.7,262.0,80.9,104.8,20
2026-07-28 01:00:00,191.8,262.4,81.0,110.8,30
2026-07-28 02:00:00,196.0,256.2,82.8,113.2,27
2026-07-28 03:00:00,203.8,266.8,82.1,121.7,33
2026-07-28 04:00:00,198.7,263.6,83.1,115.6,29
2026-07-28 05:00:00,196.4,267.2,79.5,116.9,26
2026-07-28 06:00:00,196.5,261.2,76.3,120.2,23
2026-07-28 07:00:00,191.4,257.8,80.0,111.4,20
2026-07-28 08:00:00,189.1,257.2,83.5,105.6,20
2026-07-28 09:00:00,195.1,258.2,79.7,115.4,27
2026-07-28 10:00:00,187.5,261.0,81.3,106.2,20
2026-07-28 11:00:00,187.8,262.8,78.7,109.1,21
2026-07-28 12:00:00,183.6,250.2,78.6,105.0,30
2026-07-28 13:00:00,196.9,266.2,78.8,118.1,24
2026-07-28 14:00:00,200.6,269.8,82.5,118.1,27
2026-07-28 15:00:00,187.9,250.0,77.4,110.5,24
2026-07-28 16:00:00,202.4,259.4,80.7,121.7,31
2026-07-28 17:00:00,190.8,260.2,80.3,110.5,24
2026-07-28 18:00:00,200.8,255.4,85.4,115.4,31
2026-07-28 19:00:00,182.9,256.6,80.7,102.2,31
2026-07-28 20:00:00,191.0,257.6,83.3,107.7,22
2026-07-28 21:00:00,189.1,266.6,79.3,109.8,26
2026-07-28 22:00:00,179.2,263.2,78.0,101.2,24
2026-07-28 23:00:00,196.3,257.4,84.5,111.8,33
2026-07-29 00:00:00,191.8,261.0,81.3,110.5,26
2026-07-29 01:00:00,182.4,257.0,82.7,99.7,21
2026-07-29 02:00:00,206.5,254.2,81.5,125.0,28
2026-07-29 03:00:00,197.6,267.6,82.0,115.6,27
2026-07-29 04:00:00,199.4,258.0,79.7,119.7,30
2026-07-29 05:00:00,194.6,259.6,79.3,115.3,26
2026-07-29 06:00:00,194.8,259.2,80.2,114.6,23
2026-07-29 07:00:00,185.1,264.8,80.6,104.5,21
2026-07-29 08:00:00,186.8,262.2,76.3,110.5,20
2026-07-29 09:00:00,191.7,253.8,81.7,110.0,24
2026-07-29 10:00:00,184.2,267.6,80.9,103.3,26
2026-07-29 11:00:00,194.9,263.2,75.9,119.0,30
2026-07-29 12:00:00,189.8,266.4,80.2,109.6,25
2026-07-29 13:00:00,192.2,251.0,83.0,109.2,20
2026-07-29 14:00:00,189.9,263.6,79.5,110.4,30
2026-07-29 15:00:00,191.6,258.8,76.2,115.4,33
2026-07-29 16:00:00,182.0,258.2,80.2,101.8,22
2026-07-29 17:00:00,202.0,251.6,80.7,121.3,32
2026-07-29 18:00:00,196.1,261.0,79.7,116.4,21
2026-07-29 19:00:00,195.1,264.4,80.7,114.4,26
2026-07-29 20:00:00,197.8,255.0,80.2,117.6,28
2026-07-29 21:00:00,190.4,257.8,78.8,111.6,24
2026-07-29 22:00:00,199.3,254.2,80.0,119.3,25
2026-07-29 23:00:00,194.7,249.2,78.7,116.0,24
2026-07-30 00:00:00,186.7,264.8,83.0,103.7,32
2026-07-30 01:00:00,186.8,267.4,77.8,109.0,22
2026-07-30 02:00:00,191.8,257.2,78.1,113.7,26
2026-07-30 03:00:00,195.9,270.2,82.6,113.3,21
2026-07-30 04:00:00,186.8,261.8,83.0,103.8,23
2026-07-30 05:00:00,205.0,254.0,83.9,121.1,30
2026-07-30 06:00:00,198.6,257.4,82.3,116.3,21
2026-07-30 07:00:00,192.2,253.0,81.0,111.2,32
2026-07-30 08:00:00,191.1,259.6,78.5,112.6,31
2026-07-30 09:00:00,200.3,258.6,83.6,116.7,21
2026-07-30 10:00:00,201.6,256.2,79.3,122.3,30
2026-07-30 11:00:00,198.3,258.0,76.3,122.0,34
2026-07-30 12:00:00,187.5,255.4,77.0,110.5,27
2026-07-30 13:00:00,202.7,254.6,80.9,121.8,23
2026-07-30 14:00:00,191.8,261.8,80.0,111.8,21
2026-07-30 15:00:00,190.0,250.4,74.9,115.1,22
2026-07-30 16:00:00,183.9,261.0,79.9,104.0,22
2026-07-30 17:00:00,193.7,250.2,82.2,111.5,29
2026-07-30 18:00:00,190.6,246.4,80.2,110.4,32
2026-07-30 19:00:00,189.8,271.2,81.2,108.6,29
2026-07-30 20:00:00,191.6,260.4,79.2,112.4,21
2026-07-30 21:00:00,192.5,255.0,78.7,113.8,20
2026-07-30 22:00:00,183.0,251.4,76.5,106.5,20
2026-07-30 23:00:00,200.9,251.4,81.4,119.5,28
2026-07-31 00:00:00,188.6,257.0,81.9,106.7,23
2026-07-31 01:00:00,195.0,249.2,78.9,116.1,26
2026-07-31 02:00:00,196.6,261.6,82.1,114.5,27
2026-07-31 03:00:00,196.7,246.6,80.1,116.6,33
2026-07-31 04:00:00,200.6,259.4,81.2,119.4,23
2026-07-31 05:00:00,194.3,259.0,80.8,113.5,27
2026-07-31 06:00:00,183.9,264.6,82.8,101.1,23
2026-07-31 07:00:00,193.8,265.4,77.5,116.3,34
2026-07-31 08:00:00,192.5,242.0,80.2,112.3,31
2026-07-31 09:00:00,208.9,258.2,82.0,126.9,33
2026-07-31 10:00:00,197.3,257.4,80.2,117.1,32
2026-07-31 11:00:00,191.4,257.0,81.0,110.4,25
2026-07-31 12:00:00,201.1,265.2,80.1,121.0,26
2026-07-31 13:00:00,197.5,250.0,79.7,117.8,30
2026-07-31 14:00:00,185.0,265.0,79.1,105.9,24
2026-07-31 15:00:00,195.9,264.0,83.5,112.4,28
2026-07-31 16:00:00,200.8,254.0,80.6,120.2,33
2026-07-31 17:00:00,192.6,261.6,81.7,110.9,20
2026-07-31 18:00:00,202.6,254.8,78.0,124.6,34
2026-07-31 19:00:00,190.8,262.6,81.9,108.9,21
2026-07-31 20:00:00,191.8,251.2,78.2,113.6,24
2026-07-31 21:00:00,202.2,249.6,81.5,120.7,32
2026-07-31 22:00:00,191.4,252.2,79.3,112.1,27
2026-07-31 23:00:00,190.5,258.6,79.1,111.4,26
2026-08-01 00:00:00,194.3,251.4,81.9,112.4,23
2026-08-01 01:00:00,205.0,256.2,80.3,124.7,33
2026-08-01 02:00:00,207.0,247.8,82.5,124.5,33
2026-08-01 03:00:00,210.7,263.0,83.6,127.1,34
2026-08-01 04:00:00,196.2,256.6,80.3,115.9,25
2026-08-01 05:00:00,189.0,249.8,80.1,108.9,22
2026-08-01 06:00:00,197.2,260.4,79.3,117.9,30
2026-08-01 07:00:00,192.6,262.6,84.0,108.6,30
2026-08-01 08:00:00,197.4,262.0,82.2,115.2,28
2026-08-01 09:00:00,193.1,259.0,83.5,109.6,33
2026-08-01 10:00:00,193.3,254.2,77.7,115.6,27
2026-08-01 11:00:00,209.2,250.0,82.2,127.0,34
2026-08-01 12:00:00,187.2,252.0,82.9,104.3,25
2026-08-01 13:00:00,196.3,262.0,79.6,116.7,26
2026-08-01 14:00:00,195.5,264.6,78.0,117.5,22
2026-08-01 15:00:00,180.3,262.6,81.1,99.2,20
2026-08-01 16:00:00,193.7,261.0,80.9,112.8,30
2026-08-01 17:00:00,188.2,250.2,78.7,109.5,25
2026-08-01 18:00:00,196.4,257.2,80.1,116.3,23
2026-08-01 19:00:00,184.1,259.2,81.3,102.8,25
2026-08-01 20:00:00,190.4,251.4,77.6,112.8,31
2026-08-01 21:00:00,190.5,256.4,77.5,113.0,22
2026-08-01 22:00:00,194.2,260.6,78.4,115.8,32
2026-08-01 23:00:00,192.3,256.2,83.8,108.5,20
2026-08-02 00:00:00,196.2,259.8,78.3,117.9,34
2026-08-02 01:00:00,188.3,250.0,80.2,108.1,20
2026-08-02 02:00:00,190.7,258.2,82.1,108.6,24
2026-08-02 03:00:00,194.9,261.0,81.7,113.2,21
2026-08-02 04:00:00,191.2,256.2,78.8,112.4,23
2026-08-02 05:00:00,204.9,265.0,83.9,121.0,27
2026-08-02 06:00:00,194.1,254.6,78.1,116.0,28
2026-08-02 07:00:00,201.8,261.4,84.9,116.9,24
2026-08-02 08:00:00,184.0,266.0,74.3,109.7,20
2026-08-02 09:00:00,199.2,259.0,78.5,120.7,22
2026-08-02 10:00:00,197.2,257.4,82.6,114.6,32
2026-08-02 11:00:00,191.3,258.6,79.3,112.0,21
2026-08-02 12:00:00,203.4,259.2,80.2,123.2,32
2026-08-02 13:00:00,185.4,257.0,78.5,106.9,23
2026-08-02 14:00:00,193.6,262.8,79.6,114.0,20
2026-08-02 15:00:00,198.1,260.6,81.4,116.7,27
2026-08-02 16:00:00,193.0,255.0,79.2,113.8,29
2026-08-02 17:00:00,201.8,260.4,82.1,119.7,31
2026-08-02 18:00:00,198.9,256.0,80.2,118.7,25
2026-08-02 19:00:00,199.1,256.6,79.7,119.4,29
2026-08-02 20:00:00,190.1,246.4,78.4,111.7,24
2026-08-02 21:00:00,196.0,255.4,80.0,116.0,25
2026-08-02 22:00:00,192.6,257.2,84.6,108.0,26
2026-08-02 23:00:00,196.8,253.2,79.3,117.5,24
2026-08-03 00:00:00,191.7,261.6,80.4,111.3,25
2026-08-03 01:00:00,198.1,268.0,81.4,116.7,33
2026-08-03 02:00:00,191.2,266.8,78.4,112.8,20
2026-08-03 03:00:00,189.5,262.6,77.6,111.9,24
2026-08-03 04:00:00,195.2,259.2,80.0,115.2,31
2026-08-03 05:00:00,197.6,258.0,79.0,118.6,29
2026-08-03 06:00:00,192.1,255.4,83.7,108.4,28
2026-08-03 07:00:00,196.1,256.0,82.7,113.4,30
2026-08-03 08:00:00,183.8,249.0,79.7,104.1,23
2026-08-03 09:00:00,192.9,256.6,75.7,117.2,32
2026-08-03 10:00:00,191.7,243.0,81.4,110.3,22
2026-08-03 11:00:00,185.6,262.8,78.9,106.7,31
2026-08-03 12:00:00,195.5,258.0,78.1,117.4,26
2026-08-03 13:00:00,183.1,260.0,82.9,100.2,29
2026-08-03 14:00:00,190.1,257.2,76.4,113.7,26
2026-08-03 15:00:00,206.3,259.8,81.8,124.5,27
2026-08-03 16:00:00,188.9,256.0,80.4,108.5,22
2026-08-03 17:00:00,193.5,255.8,83.2,110.3,24
2026-08-03 18:00:00,181.5,246.0,74.3,107.2,24
2026-08-03 19:00:00,185.5,261.2,79.8,105.7,21
2026-08-03 20:00:00,193.3,256.6,79.0,114.3,26
2026-08-03 21:00:00,201.9,258.4,82.6,119.3,32
2026-08-03 22:00:00,191.3,251.4,80.6,110.7,24
2026-08-03 23:00:00,202.3,258.4,78.9,123.4,34
2026-08-04 00:00:00,197.2,266.6,80.2,117.0,25
2026-08-04 01:00:00,185.8,248.8,79.5,106.3,20
2026-08-04 02:00:00,188.4,265.6,81.6,106.8,25
2026-08-04 03:00:00,205.9,250.4,79.7,126.2,32
2026-08-04 04:00:00,192.1,266.0,80.5,111.6,23
2026-08-04 05:00:00,197.5,251.0,78.9,118.6,34
2026-08-04 06:00:00,184.7,257.2,78.9,105.8,27
2026-08-04 07:00:00,188.9,254.4,81.4,107.5,23
2026-08-04 08:00:00,193.0,251.0,77.5,115.5,32
2026-08-04 09:00:00,199.0,257.6,83.5,115.5,30
2026-08-04 10:00:00,176.7,260.4,75.1,101.6,21
2026-08-04 11:00:00,191.7,249.0,79.2,112.5,30
2026-08-04 12:00:00,203.8,255.4,83.9,119.9,31
2026-08-04 13:00:00,203.1,257.0,79.1,124.0,25
2026-08-04 14:00:00,189.5,258.2,82.1,107.4,34
2026-08-04 15:00:00,195.0,262.6,79.0,116.0,27
2026-08-04 16:00:00,199.5,265.8,79.2,120.3,29
2026-08-04 17:00:00,194.4,256.2,80.3,114.1,29
2026-08-04 18:00:00,198.7,257.6,76.7,122.0,34
2026-08-04 19:00:00,199.6,270.2,83.1,116.5,22
2026-08-04 20:00:00,185.7,260.0,83.2,102.5,21
2026-08-04 21:00:00,193.8,264.0,80.0,113.8,29
2026-08-04 22:00:00,202.9,264.2,86.0,116.9,28
2026-08-04 23:00:00,186.3,258.6,79.8,106.5,28
2026-08-05 00:00:00,195.3,253.6,81.1,114.2,30
2026-08-05 01:00:00,193.9,268.4,76.6,117.3,32
2026-08-05 02:00:00,195.0,260.6,81.1,113.9,33
2026-08-05 03:00:00,194.3,254.0,78.0,116.3,34
2026-08-05 04:00:00,193.4,256.6,80.9,112.5,26
2026-08-05 05:00:00,199.7,247.0,83.3,116.4,32
2026-08-05 06:00:00,184.2,263.0,80.6,103.6,33
2026-08-05 07:00:00,196.3,254.2,81.0,115.3,21
2026-08-05 08:00:00,201.4,258.0,84.2,117.2,31
2026-08-05 09:00:00,184.5,253.6,75.7,108.8,28
2026-08-05 10:00:00,198.2,252.2,82.2,116.0,22
2026-08-05 11:00:00,197.2,262.2,77.5,119.7,21
2026-08-05 12:00:00,188.0,249.6,79.3,108.7,20
2026-08-05 13:00:00,197.7,255.8,82.6,115.1,26
2026-08-05 14:00:00,195.8,256.0,78.3,117.5,24
2026-08-05 15:00:00,195.2,253.4,83.9,111.3,24
2026-08-05 16:00:00,185.9,244.6,81.1,104.8,26
2026-08-05 17:00:00,185.0,260.4,73.2,111.8,34
2026-08-05 18:00:00,198.9,262.2,77.4,121.5,33
2026-08-05 19:00:00,199.0,254.2,84.6,114.4,29
2026-08-05 20:00:00,178.5,248.2,80.2,98.3,22
2026-08-05 21:00:00,199.7,254.4,79.9,119.8,34
2026-08-05 22:00:00,197.8,254.2,80.0,117.8,34
2026-08-05 23:00:00,196.5,260.6,80.4,116.1,27
2026-08-06 00:00:00,186.3,258.4,79.6,106.7,24
2026-08-06 01:00:00,191.1,256.8,84.1,107.0,24
2026-08-06 02:00:00,191.1,247.6,81.8,109.3,22
2026-08-06 03:00:00,192.5,265.0,78.3,114.2,22
2026-08-06 04:00:00,197.0,268.2,82.0,115.0,20
2026-08-06 05:00:00,198.1,267.8,82.0,116.1,21
2026-08-06 06:00:00,199.8,257.8,78.7,121.1,28
2026-08-06 07:00:00,180.0,258.4,75.5,104.5,24
2026-08-06 08:00:00,198.1,259.6,80.1,118.0,32
2026-08-06 09:00:00,188.5,259.4,82.7,105.8,29
2026-08-06 10:00:00,188.7,270.2,81.0,107.7,29
2026-08-06 11:00:00,203.6,250.6,82.4,121.2,31
2026-08-06 12:00:00,188.0,268.4,76.5,111.5,20
2026-08-06 13:00:00,197.1,263.2,80.8,116.3,28
2026-08-06 14:00:00,189.8,266.0,78.0,111.8,29
2026-08-06 15:00:00,192.2,250.6,79.0,113.2,29
2026-08-06 16:00:00,185.1,257.6,80.9,104.2,22
2026-08-06 17:00:00,195.8,247.6,80.5,115.3,32
2026-08-06 18:00:00,197.7,254.6,80.9,116.8,26
2026-08-06 19:00:00,199.3,260.8,75.9,123.4,28
2026-08-06 20:00:00,195.1,257.4,84.3,110.8,33
2026-08-06 21:00:00,202.2,249.6,80.3,121.9,31
2026-08-06 22:00:00,200.6,253.0,77.5,123.1,33
2026-08-06 23:00:00,185.5,263.4,79.1,106.4,27
2026-08-07 00:00:00,186.2,250.2,78.6,107.6,24
2026-08-07 01:00:00,193.5,260.2,80.4,113.1,22
2026-08-07 02:00:00,201.8,257.0,83.8,118.0,33
2026-08-07 03:00:00,184.8,258.6,78.8,106.0,28
2026-08-07 04:00:00,191.4,265.4,82.7,108.7,20
2026-08-07 05:00:00,201.9,265.6,81.4,120.5,33
2026-08-07 06:00:00,205.4,256.8,81.0,124.4,32
2026-08-07 07:00:00,199.9,258.0,78.9,121.0,33
2026-08-07 08:00:00,201.1,256.6,76.5,124.6,31
2026-08-07 09:00:00,197.9,252.8,79.6,118.3,29
2026-08-07 10:00:00,199.3,256.0,82.3,117.0,33
2026-08-07 11:00:00,185.8,252.4,81.8,104.0,25
2026-08-07 12:00:00,195.1,261.0,83.0,112.1,26
2026-08-07 13:00:00,198.7,257.4,79.6,119.1,31
2026-08-07 14:00:00,197.3,252.0,78.5,118.8,33
2026-08-07 15:00:00,190.1,253.8,81.3,108.8,23
2026-08-07 16:00:00,195.3,263.8,82.6,112.7,20
2026-08-07 17:00:00,195.5,252.2,80.1,115.4,24
2026-08-07 18:00:00,198.3,257.0,80.1,118.2,34
2026-08-07 19:00:00,188.1,255.2,80.9,107.2,20
2026-08-07 20:00:00,201.9,260.6,79.5,122.4,34
2026-08-07 21:00:00,200.0,263.0,79.1,120.9,33
2026-08-07 22:00:00,197.4,252.0,80.9,116.5,23
2026-08-07 23:00:00,188.6,269.0,80.0,108.6,26
2026-08-08 00:00:00,200.5,243.6,81.6,118.9,33
2026-08-08 01:00:00,194.6,258.6,80.5,114.1,27
2026-08-08 02:00:00,186.3,253.2,76.2,110.1,22
2026-08-08 03:00:00,198.7,261.4,77.4,121.3,22
2026-08-08 04:00:00,200.9,255.6,81.3,119.6,33
2026-08-08 05:00:00,200.4,252.8,81.1,119.3,30
2026-08-08 06:00:00,190.8,245.6,81.4,109.4,26
2026-08-08 07:00:00,190.3,260.8,80.2,110.1,26
2026-08-08 08:00:00,200.1,268.6,78.4,121.7,33
2026-08-08 09:00:00,189.6,261.6,82.1,107.5,20
2026-08-08 10:00:00,194.6,245.4,79.6,115.0,32
2026-08-08 11:00:00,193.4,259.0,80.2,113.2,28
2026-08-08 12:00:00,200.0,250.6,81.1,118.9,34
2026-08-08 13:00:00,199.9,244.6,80.5,119.4,31
2026-08-08 14:00:00,192.8,251.4,80.3,112.5,30
2026-08-08 15:00:00,186.8,249.2,79.8,107.0,33
2026-08-08 16:00:00,193.1,259.8,82.8,110.3,28
2026-08-08 17:00:00,187.4,257.0,80.5,106.9,25
2026-08-08 18:00:00,191.9,253.8,79.1,112.8,31
2026-08-08 19:00:00,188.8,255.2,77.8,111.0,25
2026-08-08 20:00:00,206.8,259.8,83.0,123.8,34
2026-08-08 21:00:00,188.1,257.2,80.1,108.0,28
2026-08-08 22:00:00,197.2,256.0,78.7,118.5,34
2026-08-08 23:00:00,201.8,260.2,79.8,122.0,31
2026-08-09 00:00:00,205.8,241.2,80.2,125.6,34
2026-08-09 01:00:00,209.9,251.8,80.6,129.3,27
2026-08-09 02:00:00,191.3,245.0,77.3,114.0,22
2026-08-09 03:00:00,194.2,255.4,77.4,116.8,30
2026-08-09 04:00:00,205.6,262.4,79.2,126.4,33
2026-08-09 05:00:00,190.7,261.6,77.9,112.8,28
2026-08-09 06:00:00,188.6,255.8,82.3,106.3,32
2026-08-09 07:00:00,197.0,260.4,79.1,117.9,29
2026-08-09 08:00:00,200.4,259.6,79.5,120.9,31
2026-08-09 09:00:00,188.2,264.0,80.4,107.8,21
2026-08-09 10:00:00,196.1,265.6,79.0,117.1,33
2026-08-09 11:00:00,194.1,262.0,79.2,114.9,22
2026-08-09 12:00:00,187.0,256.2,75.4,111.6,25
2026-08-09 13:00:00,175.6,252.2,79.2,96.4,26
2026-08-09 14:00:00,189.1,250.4,83.4,105.7,25
2026-08-09 15:00:00,193.4,260.0,79.4,114.0,23
2026-08-09 16:00:00,184.3,254.2,75.2,109.1,29
2026-08-09 17:00:00,186.2,252.0,76.9,109.3,20
2026-08-09 18:00:00,189.5,257.8,76.9,112.6,31
2026-08-09 19:00:00,193.7,267.4,79.9,113.8,21
2026-08-09 20:00:00,188.3,251.8,77.7,110.6,22
2026-08-09 21:00:00,194.8,257.0,79.2,115.6,33
2026-08-09 22:00:00,201.2,262.6,79.4,121.8,29
2026-08-09 23:00:00,198.5,250.6,79.0,119.5,27
2026-08-10 00:00:00,190.2,253.0,81.4,108.8,22
2026-08-10 01:00:00,192.2,263.4,77.7,114.5,26
2026-08-10 02:00:00,195.1,249.2,78.7,116.4,24
2026-08-10 03:00:00,193.6,256.4,79.1,114.5,23
2026-08-10 04:00:00,187.1,264.2,79.1,108.0,26
2026-08-10 05:00:00,195.4,252.6,82.3,113.1,33
2026-08-10 06:00:00,190.5,252.0,75.3,115.2,24
2026-08-10 07:00:00,194.5,247.4,82.9,111.6,28
2026-08-10 08:00:00,202.8,265.4,80.8,122.0,22
2026-08-10 09:00:00,195.4,257.0,84.7,110.7,26
2026-08-10 10:00:00,197.8,243.6,77.8,120.0,33
2026-08-10 11:00:00,188.1,259.2,75.6,112.5,20
2026-08-10 12:00:00,190.5,250.2,78.0,112.5,34
2026-08-10 13:00:00,194.1,255.8,77.2,116.9,31
2026-08-10 14:00:00,201.6,263.6,81.8,119.8,24
2026-08-10 15:00:00,197.9,259.6,81.6,116.3,27
2026-08-10 16:00:00,194.6,255.6,83.3,111.3,33
2026-08-10 17:00:00,196.9,254.4,80.7,116.2,27
2026-08-10 18:00:00,207.2,255.2,80.7,126.5,34
2026-08-10 19:00:00,194.1,251.4,81.8,112.3,32
2026-08-10 20:00:00,189.7,262.8,80.5,109.2,31
2026-08-10 21:00:00,196.3,248.4,78.0,118.3,28
2026-08-10 22:00:00,209.9,254.8,78.2,131.7,31
2026-08-10 23:00:00,196.1,265.8,77.6,118.5,31
2026-08-11 00:00:00,188.1,250.2,78.9,109.2,27
2026-08-11 01:00:00,188.9,250.8,77.9,111.0,26
2026-08-11 02:00:00,194.3,254.4,78.8,115.5,28
2026-08-11 03:00:00,191.2,256.8,81.5,109.7,23
2026-08-11 04:00:00,202.8,264.4,79.1,123.7,31
2026-08-11 05:00:00,192.1,254.6,81.5,110.6,31
2026-08-11 06:00:00,185.9,263.2,80.8,105.1,20
2026-08-11 07:00:00,192.4,251.2,82.1,110.3,22
2026-08-11 08:00:00,196.6,255.4,82.6,114.0,25
2026-08-11 09:00:00,193.8,250.2,79.2,114.6,27
2026-08-11 10:00:00,198.9,260.0,79.0,119.9,31
2026-08-11 11:00:00,196.3,250.8,78.7,117.6,28
2026-08-11 12:00:00,190.2,251.8,81.2,109.0,31
2026-08-11 13:00:00,197.2,261.6,82.9,114.3,24
2026-08-11 14:00:00,188.6,254.2,77.8,110.8,21
2026-08-11 15:00:00,195.4,258.8,79.4,116.0,26
2026-08-11 16:00:00,187.5,255.6,80.1,107.4,24
2026-08-11 17:00:00,195.4,265.4,79.8,115.6,28
2026-08-11 18:00:00,190.4,259.8,80.1,110.3,23
2026-08-11 19:00:00,189.8,269.6,81.2,108.6,27
2026-08-11 20:00:00,193.3,254.8,80.2,113.1,23
2026-08-11 21:00:00,190.6,275.0,81.5,109.1,22
2026-08-11 22:00:00,198.2,251.0,78.1,120.1,34
2026-08-11 23:00:00,185.8,258.6,81.5,104.3,20
2026-08-12 00:00:00,202.6,254.0,81.6,121.0,22
2026-08-12 01:00:00,201.0,253.0,82.3,118.7,29
2026-08-12 02:00:00,196.2,256.2,79.5,116.7,32
2026-08-12 03:00:00,191.1,259.6,81.4,109.7,27
2026-08-12 04:00:00,203.0,255.6,82.3,120.7,31
2026-08-12 05:00:00,186.9,252.4,77.5,109.4,25
2026-08-12 06:00:00,202.0,250.4,80.0,122.0,26
2026-08-12 07:00:00,191.1,254.8,79.5,111.6,27
2026-08-12 08:00:00,190.9,251.2,80.3,110.6,24
2026-08-12 09:00:00,194.4,254.0,82.2,112.2,29
2026-08-12 10:00:00,197.6,267.6,81.1,116.5,23
2026-08-12 11:00:00,189.8,257.2,78.9,110.9,21
2026-08-12 12:00:00,199.2,247.4,80.0,119.2,30
2026-08-12 13:00:00,198.2,254.2,83.1,115.1,29
2026-08-12 14:00:00,188.8,263.6,80.3,108.5,20
2026-08-12 15:00:00,193.6,250.0,78.9,114.7,27
2026-08-12 16:00:00,193.2,250.6,82.1,111.1,25
2026-08-12 17:00:00,191.4,256.2,82.6,108.8,30
2026-08-12 18:00:00,191.1,266.0,77.5,113.6,28
2026-08-12 19:00:00,187.6,263.0,76.7,110.9,33
2026-08-12 20:00:00,185.5,261.2,78.5,107.0,21
2026-08-12 21:00:00,190.1,252.6,80.4,109.7,28
2026-08-12 22:00:00,189.5,253.6,81.8,107.7,23
2026-08-12 23:00:00,195.4,254.2,79.9,115.5,20
2026-08-13 00:00:00,200.5,253.4,81.3,119.2,31
2026-08-13 01:00:00,195.0,258.0,81.1,113.9,27
2026-08-13 02:00:00,199.9,251.2,82.5,117.4,21
2026-08-13 03:00:00,189.6,262.0,76.8,112.8,30
2026-08-13 04:00:00,181.1,254.8,78.3,102.8,21
2026-08-13 05:00:00,191.3,250.6,77.3,114.0,21
2026-08-13 06:00:00,198.6,255.0,81.4,117.2,21
2026-08-13 07:00:00,193.1,252.6,83.1,110.0,27
2026-08-13 08:00:00,187.4,245.6,81.0,106.4,26
2026-08-13 09:00:00,199.8,256.2,81.1,118.7,21
2026-08-13 10:00:00,189.4,246.2,82.2,107.2,24
2026-08-13 11:00:00,184.2,265.0,79.4,104.8,26
2026-08-13 12:00:00,196.5,254.4,78.1,118.4,33
2026-08-13 13:00:00,203.4,255.8,79.8,123.6,26
2026-08-13 14:00:00,201.9,258.8,81.4,120.5,29
2026-08-13 15:00:00,189.8,264.2,79.9,109.9,22
2026-08-13 16:00:00,198.3,245.4,81.3,117.0,22
2026-08-13 17:00:00,195.4,260.0,78.6,116.8,27
2026-08-13 18:00:00,193.7,258.8,83.4,110.3,30
2026-08-13 19:00:00,199.7,260.6,80.0,119.7,34
2026-08-13 20:00:00,181.8,254.2,79.5,102.3,25
2026-08-13 21:00:00,197.6,255.0,81.3,116.3,29
2026-08-13 22:00:00,194.5,257.4,83.1,111.4,32
2026-08-13 23:00:00,196.7,259.0,80.8,115.9,32
2026-08-14 00:00:00,186.7,251.0,77.5,109.2,20
2026-08-14 01:00:00,200.6,251.8,81.0,119.6,34
2026-08-14 02:00:00,186.1,253.2,81.7,104.4,25
2026-08-14 03:00:00,185.5,253.2,80.0,105.5,26
2026-08-14 04:00:00,185.3,258.2,76.7,108.6,23
2026-08-14 05:00:00,183.4,258.4,78.1,105.3,20
2026-08-14 06:00:00,183.3,253.2,79.4,103.9,33
2026-08-14 07:00:00,184.8,252.8,80.5,104.3,22
2026-08-14 08:00:00,200.2,263.2,82.9,117.3,28
2026-08-14 09:00:00,196.0,260.6,83.0,113.0,22
2026-08-14 10:00:00,195.1,249.2,77.9,117.2,30
2026-08-14 11:00:00,197.2,254.8,80.8,116.4,28
2026-08-14 12:00:00,201.4,251.2,84.1,117.3,31
2026-08-14 13:00:00,199.2,257.0,80.1,119.1,33
2026-08-14 14:00:00,202.2,252.0,80.2,122.0,31
2026-08-14 15:00:00,200.2,256.8,81.9,118.3,29
2026-08-14 16:00:00,188.7,255.0,77.5,111.2,26
2026-08-14 17:00:00,199.9,249.2,78.5,121.4,22
2026-08-14 18:00:00,191.5,252.8,80.3,111.2,33
2026-08-14 19:00:00,197.4,248.8,79.8,117.6,30
2026-08-14 20:00:00,190.8,256.4,81.3,109.5,34
2026-08-14 21:00:00,199.7,254.2,80.5,119.2,34
2026-08-14 22:00:00,197.5,253.2,79.3,118.2,28
2026-08-14 23:00:00,192.0,261.0,77.6,114.4,24
2026-08-15 00:00:00,186.4,263.0,81.8,104.6,22
2026-08-15 01:00:00,200.1,247.4,83.0,117.1,26
2026-08-15 02:00:00,193.4,260.0,79.8,113.6,23
2026-08-15 03:00:00,199.2,253.4,80.4,118.8,30
2026-08-15 04:00:00,190.7,251.0,81.8,108.9,27
2026-08-15 05:00:00,195.9,255.8,81.3,114.6,29
2026-08-15 06:00:00,194.3,251.6,75.6,118.7,25
2026-08-15 07:00:00,200.4,263.8,82.6,117.8,31
2026-08-15 08:00:00,201.2,263.6,81.7,119.5,33
2026-08-15 09:00:00,198.1,251.2,78.5,119.6,31
2026-08-15 10:00:00,198.9,261.6,79.2,119.7,26
2026-08-15 11:00:00,189.6,245.2,80.9,108.7,25
2026-08-15 12:00:00,205.4,255.2,81.9,123.5,32
2026-08-15 13:00:00,201.0,249.2,81.5,119.5,27
2026-08-15 14:00:00,199.5,260.2,84.2,115.3,27
2026-08-15 15:00:00,200.2,258.4,81.4,118.8,23
2026-08-15 16:00:00,198.4,246.0,79.1,119.3,31
2026-08-15 17:00:00,200.4,258.2,79.3,121.1,33
2026-08-15 18:00:00,183.8,256.2,74.9,108.9,20
2026-08-15 19:00:00,193.0,247.8,79.2,113.8,33
2026-08-15 20:00:00,188.5,254.2,79.0,109.5,26
2026-08-15 21:00:00,193.6,254.6,77.2,116.4,23
2026-08-15 22:00:00,187.0,252.2,77.3,109.7,29
2026-08-15 23:00:00,191.5,255.0,81.2,110.3,28
2026-08-16 00:00:00,194.4,260.2,81.6,112.8,31
2026-08-16 01:00:00,191.8,249.2,79.0,112.8,25
2026-08-16 02:00:00,195.6,257.6,80.1,115.5,21
2026-08-16 03:00:00,199.0,270.4,77.8,121.2,24
2026-08-16 04:00:00,179.6,256.4,80.7,98.9,20
2026-08-16 05:00:00,200.0,257.6,81.2,118.8,29
2026-08-16 06:00:00,180.9,252.4,79.5,101.4,21
2026-08-16 07:00:00,201.1,251.0,81.1,120.0,30
2026-08-16 08:00:00,201.5,258.0,79.6,121.9,29
2026-08-16 09:00:00,199.7,248.8,79.5,120.2,31
2026-08-16 10:00:00,185.9,251.6,80.6,105.3,22
2026-08-16 11:00:00,196.3,261.0,79.7,116.6,31
2026-08-16 12:00:00,200.4,262.8,81.0,119.4,26
2026-08-16 13:00:00,192.8,252.8,77.2,115.6,34
2026-08-16 14:00:00,198.7,251.4,80.4,118.3,26
2026-08-16 15:00:00,194.9,258.0,80.4,114.5,31
2026-08-16 16:00:00,197.8,246.4,80.8,117.0,26
2026-08-16 17:00:00,191.8,261.4,78.3,113.5,32
2026-08-16 18:00:00,191.9,261.2,80.0,111.9,22
2026-08-16 19:00:00,187.7,255.0,78.6,109.1,31
2026-08-16 20:00:00,189.3,255.2,76.8,112.5,23
2026-08-16 21:00:00,195.5,254.8,77.6,117.9,30
2026-08-16 22:00:00,194.6,260.8,78.2,116.4,28
2026-08-16 23:00:00,195.4,250.8,78.2,117.2,34
2026-08-17 00:00:00,199.1,260.8,79.7,119.4,26
2026-08-17 01:00:00,199.5,251.2,81.6,117.9,31
2026-08-17 02:00:00,202.0,243.8,80.3,121.7,31
2026-08-17 03:00:00,195.0,263.2,79.1,115.9,34
2026-08-17 04:00:00,195.1,254.8,79.9,115.2,31
2026-08-17 05:00:00,200.0,259.4,79.7,120.3,31
2026-08-17 06:00:00,195.5,259.8,81.4,114.1,23
2026-08-17 07:00:00,201.7,260.6,80.7,121.0,34
2026-08-17 08:00:00,187.2,258.2,78.3,108.9,30
2026-08-17 09:00:00,209.9,258.8,79.8,130.1,33
2026-08-17 10:00:00,197.7,260.4,79.6,118.1,21
2026-08-17 11:00:00,195.2,257.2,77.6,117.6,26
2026-08-17 12:00:00,203.5,252.8,83.1,120.4,31
2026-08-17 13:00:00,199.1,257.4,82.0,117.1,33
2026-08-17 14:00:00,193.1,261.6,82.6,110.5,31
2026-08-17 15:00:00,195.9,246.0,82.5,113.4,27
2026-08-17 16:00:00,193.4,255.0,79.5,113.9,25
2026-08-17 17:00:00,195.9,246.0,81.5,114.4,26
2026-08-17 18:00:00,193.0,255.6,80.1,112.9,23
2026-08-17 19:00:00,199.3,252.6,78.4,120.9,30
2026-08-17 20:00:00,184.8,257.8,81.1,103.7,26
2026-08-17 21:00:00,195.5,250.2,77.5,118.0,25
2026-08-17 22:00:00,193.6,247.8,82.2,111.4,23
2026-08-17 23:00:00,201.7,255.8,77.1,124.6,28
2026-08-18 00:00:00,197.5,249.6,80.9,116.6,32
2026-08-18 01:00:00,201.2,255.8,77.2,124.0,30
2026-08-18 02:00:00,183.4,256.4,83.5,99.9,31
2026-08-18 03:00:00,193.6,250.8,77.5,116.1,28
2026-08-18 04:00:00,197.8,251.6,79.8,118.0,34
2026-08-18 05:00:00,197.1,252.4,80.2,116.9,33
2026-08-18 06:00:00,189.2,237.6,81.2,108.0,24
2026-08-18 07:00:00,202.2,250.8,78.2,124.0,31
2026-08-18 08:00:00,198.5,253.6,81.3,117.2,25
2026-08-18 09:00:00,195.6,263.4,83.8,111.8,24
2026-08-18 10:00:00,188.6,246.6,77.5,111.1,20
2026-08-18 11:00:00,195.2,263.4,82.0,113.2,28
2026-08-18 12:00:00,197.6,259.6,78.6,119.0,27
2026-08-18 13:00:00,195.6,244.8,77.1,118.5,34
2026-08-18 14:00:00,194.3,265.2,83.6,110.7,21
2026-08-18 15:00:00,193.7,244.6,77.2,116.5,28
2026-08-18 16:00:00,190.5,245.6,78.9,111.6,24
2026-08-18 17:00:00,202.9,251.6,81.5,121.4,30
2026-08-18 18:00:00,189.3,260.8,77.9,111.4,33
2026-08-18 19:00:00,190.3,257.0,78.4,111.9,27
2026-08-18 20:00:00,187.7,250.0,75.6,112.1,28
2026-08-18 21:00:00,191.6,257.2,78.8,112.8,21
2026-08-18 22:00:00,191.4,252.8,79.5,111.9,34
2026-08-18 23:00:00,187.4,254.6,79.2,108.2,21
2026-08-19 00:00:00,188.4,244.4,81.3,107.1,27
2026-08-19 01:00:00,186.2,246.4,77.0,109.2,22
2026-08-19 02:00:00,189.1,247.2,78.8,110.3,23
2026-08-19 03:00:00,193.9,243.2,82.4,111.5,21
2026-08-19 04:00:00,183.9,251.6,80.5,103.4,27
2026-08-19 05:00:00,204.3,247.6,81.8,122.5,32
2026-08-19 06:00:00,198.8,253.0,79.3,119.5,34
2026-08-19 07:00:00,196.6,247.0,82.0,114.6,21
2026-08-19 08:00:00,190.3,250.4,78.8,111.5,22
2026-08-19 09:00:00,184.1,245.2,82.0,102.1,21
2026-08-19 10:00:00,191.7,253.2,83.0,108.7,29
2026-08-19 11:00:00,194.0,243.4,76.2,117.8,21
2026-08-19 12:00:00,203.1,243.0,81.1,122.0,23
2026-08-19 13:00:00,193.0,244.6,77.6,115.4,31
2026-08-19 14:00:00,200.5,245.8,80.6,119.9,32
2026-08-19 15:00:00,192.4,265.4,79.3,113.1,29
2026-08-19 16:00:00,196.9,255.8,81.9,115.0,27
2026-08-19 17:00:00,191.0,251.0,75.0,116.0,26
2026-08-19 18:00:00,194.8,246.4,80.8,114.0,26
2026-08-19 19:00:00,193.3,260.6,76.6,116.7,32
2026-08-19 20:00:00,189.0,261.6,77.9,111.1,20
2026-08-19 21:00:00,194.3,252.2,78.5,115.8,21
2026-08-19 22:00:00,193.6,253.8,81.0,112.6,31
2026-08-19 23:00:00,193.0,254.8,82.3,110.7,28
2026-08-20 00:00:00,191.5,254.6,78.1,113.4,24
2026-08-20 01:00:00,193.3,258.0,79.1,114.2,21
2026-08-20 02:00:00,196.0,263.4,78.3,117.7,23
2026-08-20 03:00:00,189.6,253.0,81.0,108.6,28
2026-08-20 04:00:00,190.9,251.6,79.4,111.5,27
2026-08-20 05:00:00,199.7,253.6,80.3,119.4,31
2026-08-20 06:00:00,195.7,260.6,80.8,114.9,34
2026-08-20 07:00:00,194.6,265.6,80.8,113.8,26
2026-08-20 08:00:00,196.0,251.8,78.0,118.0,31
2026-08-20 09:00:00,198.7,260.2,79.5,119.2,26
2026-08-20 10:00:00,187.8,251.6,74.7,113.1,25
2026-08-20 11:00:00,192.8,265.6,80.6,112.2,24
2026-08-20 12:00:00,197.1,259.2,78.4,118.7,27
2026-08-20 13:00:00,190.0,243.0,85.0,105.0,26
2026-08-20 14:00:00,184.4,251.8,80.7,103.7,26
2026-08-20 15:00:00,194.2,251.6,80.0,114.2,30
2026-08-20 16:00:00,185.3,245.8,77.8,107.5,27
2026-08-20 17:00:00,190.7,250.4,80.2,110.5,32
2026-08-20 18:00:00,199.1,255.0,80.2,118.9,34
2026-08-20 19:00:00,184.2,253.0,79.0,105.2,20
2026-08-20 20:00:00,187.8,250.0,77.9,109.9,25
2026-08-20 21:00:00,180.8,246.0,74.5,106.3,20
2026-08-20 22:00:00,196.0,252.4,79.2,116.8,21
2026-08-20 23:00:00,198.2,261.2,77.8,120.4,33
2026-08-21 00:00:00,197.8,253.2,79.2,118.6,23
2026-08-21 01:00:00,189.1,245.4,78.6,110.5,21
2026-08-21 02:00:00,202.2,253.0,81.4,120.8,33
2026-08-21 03:00:00,185.8,259.4,79.5,106.3,22
2026-08-21 04:00:00,197.4,264.6,83.5,113.9,28
2026-08-21 05:00:00,187.6,255.0,81.6,106.0,26
2026-08-21 06:00:00,198.5,254.8,82.1,116.4,23
2026-08-21 07:00:00,191.9,255.0,77.8,114.1,31
2026-08-21 08:00:00,189.7,257.2,77.9,111.8,25
2026-08-21 09:00:00,197.1,247.8,78.2,118.9,34
2026-08-21 10:00:00,186.1,257.8,79.6,106.5,20
2026-08-21 11:00:00,189.0,256.4,78.6,110.4,32
2026-08-21 12:00:00,196.9,245.6,78.1,118.8,22
2026-08-21 13:00:00,194.4,245.0,81.7,112.7,23
2026-08-21 14:00:00,185.3,260.4,79.5,105.8,24
2026-08-21 15:00:00,204.7,269.6,86.9,117.8,32
2026-08-21 16:00:00,194.9,255.4,78.3,116.6,33
2026-08-21 17:00:00,187.5,256.6,78.0,109.5,23
2026-08-21 18:00:00,188.5,249.4,82.3,106.2,31
2026-08-21 19:00:00,196.4,248.0,82.8,113.6,34
2026-08-21 20:00:00,204.5,260.6,81.8,122.7,28
2026-08-21 21:00:00,198.6,259.6,81.4,117.2,32
2026-08-21 22:00:00,197.5,247.0,82.3,115.2,24
2026-08-21 23:00:00,181.1,248.0,75.9,105.2,21
2026-08-22 00:00:00,193.5,258.0,80.3,113.2,26
2026-08-22 01:00:00,190.9,252.6,83.4,107.5,22
2026-08-22 02:00:00,204.8,263.6,79.7,125.1,30
2026-08-22 03:00:00,188.7,257.6,81.4,107.3,20
2026-08-22 04:00:00,194.0,252.6,82.3,111.7,20
2026-08-22 05:00:00,198.9,251.0,82.0,116.9,25
2026-08-22 06:00:00,186.4,252.4,80.9,105.5,24
2026-08-22 07:00:00,191.7,248.6,78.9,112.8,23
2026-08-22 08:00:00,183.5,253.8,81.7,101.8,21
2026-08-22 09:00:00,198.0,258.4,80.5,117.5,23
2026-08-22 10:00:00,190.9,244.8,79.5,111.4,28
2026-08-22 11:00:00,204.1,252.2,82.7,121.4,34
2026-08-22 12:00:00,195.9,258.4,82.1,113.8,22
2026-08-22 13:00:00,193.3,260.0,79.1,114.2,32
2026-08-22 14:00:00,197.3,259.8,80.2,117.1,34
2026-08-22 15:00:00,195.8,256.8,79.8,116.0,22
2026-08-22 16:00:00,185.1,262.6,79.6,105.5,28
2026-08-22 17:00:00,191.9,246.0,82.4,109.5,29
2026-08-22 18:00:00,189.7,263.6,80.2,109.5,23
2026-08-22 19:00:00,193.7,248.8,82.9,110.8,34
2026-08-22 20:00:00,193.5,247.4,82.8,110.7,34
2026-08-22 21:00:00,195.8,247.2,81.2,114.6,23
2026-08-22 22:00:00,196.0,229.8,80.2,115.8,27
2026-08-22 23:00:00,194.6,259.0,81.9,112.7,29
2026-08-23 00:00:00,195.9,256.2,76.9,119.0,33
2026-08-23 01:00:00,183.6,248.6,79.0,104.6,20
2026-08-23 02:00:00,184.8,263.4,79.4,105.4,26
2026-08-23 03:00:00,198.5,253.2,82.1,116.4,23
2026-08-23 04:00:00,204.1,256.0,78.8,125.3,34
2026-08-23 05:00:00,190.5,253.4,81.1,109.4,25
2026-08-23 06:00:00,189.5,249.2,77.3,112.2,24
2026-08-23 07:00:00,188.1,247.8,79.4,108.7,27
2026-08-23 08:00:00,185.5,246.6,78.4,107.1,28
2026-08-23 09:00:00,184.1,250.0,79.5,104.6,30
2026-08-23 10:00:00,189.8,259.6,78.5,111.3,31
2026-08-23 11:00:00,191.7,246.4,79.8,111.9,26
2026-08-23 12:00:00,195.7,248.8,79.3,116.4,32
2026-08-23 13:00:00,191.5,254.2,82.4,109.1,21
2026-08-23 14:00:00,200.1,259.8,84.4,115.7,32
2026-08-23 15:00:00,195.8,249.0,78.0,117.8,29
2026-08-23 16:00:00,201.3,260.6,82.4,118.9,33
2026-08-23 17:00:00,185.9,248.0,80.8,105.1,33
2026-08-23 18:00:00,189.2,246.8,82.2,107.0,21
2026-08-23 19:00:00,183.5,260.8,80.1,103.4,25
2026-08-23 20:00:00,184.1,255.6,79.2,104.9,29
2026-08-23 21:00:00,187.2,245.8,72.8,114.4,32
2026-08-23 22:00:00,191.8,262.4,82.3,109.5,21
2026-08-23 23:00:00,200.8,254.0,84.3,116.5,28
2026-08-24 00:00:00,204.3,257.0,82.8,121.5,32
2026-08-24 01:00:00,186.3,252.8,77.0,109.3,21
2026-08-24 02:00:00,193.1,243.0,78.4,114.7,22
2026-08-24 03:00:00,200.2,244.8,81.5,118.7,27
2026-08-24 04:00:00,199.5,263.2,82.8,116.7,26
2026-08-24 05:00:00,200.3,259.0,82.0,118.3,30
2026-08-24 06:00:00,194.9,248.4,81.2,113.7,24
2026-08-24 07:00:00,186.0,253.8,77.7,108.3,20
2026-08-24 08:00:00,187.3,251.6,76.0,111.3,28
2026-08-24 09:00:00,190.8,254.0,79.4,111.4,28
2026-08-24 10:00:00,205.5,246.0,80.4,125.1,25
2026-08-24 11:00:00,190.5,256.0,77.9,112.6,29
2026-08-24 12:00:00,185.3,254.4,82.8,102.5,25
2026-08-24 13:00:00,207.9,246.4,84.3,123.6,34
2026-08-24 14:00:00,196.7,251.0,81.4,115.3,20
2026-08-24 15:00:00,192.0,247.0,75.7,116.3,28
2026-08-24 16:00:00,188.3,250.6,78.9,109.4,26
2026-08-24 17:00:00,191.3,247.8,79.1,112.2,28
2026-08-24 18:00:00,187.9,256.4,77.9,110.0,30
2026-08-24 19:00:00,195.5,240.2,82.1,113.4,28
2026-08-24 20:00:00,196.5,250.0,80.2,116.3,28
2026-08-24 21:00:00,182.9,260.6,78.2,104.7,24
2026-08-24 22:00:00,188.8,242.4,79.3,109.5,26
2026-08-24 23:00:00,193.0,251.2,81.1,111.9,22
2026-08-25 00:00:00,197.4,259.8,81.4,116.0,30
2026-08-25 01:00:00,196.0,252.8,80.5,115.5,23
2026-08-25 02:00:00,195.2,250.4,80.2,115.0,26
2026-08-25 03:00:00,200.1,233.4,76.4,123.7,34
2026-08-25 04:00:00,190.2,254.4,79.1,111.1,27
2026-08-25 05:00:00,186.8,251.4,77.7,109.1,21
2026-08-25 06:00:00,182.9,246.8,77.0,105.9,24
2026-08-25 07:00:00,186.9,255.2,76.4,110.5,26
2026-08-25 08:00:00,192.2,246.6,83.7,108.5,22
2026-08-25 09:00:00,208.2,254.6,82.7,125.5,30
2026-08-25 10:00:00,195.5,253.4,81.7,113.8,26
2026-08-25 11:00:00,196.0,254.4,80.1,115.9,29
2026-08-25 12:00:00,188.8,247.8,79.3,109.5,26
2026-08-25 13:00:00,189.4,255.2,78.9,110.5,25
2026-08-25 14:00:00,178.8,247.4,78.0,100.8,22
2026-08-25 15:00:00,196.9,257.2,81.2,115.7,32
2026-08-25 16:00:00,198.7,243.4,80.4,118.3,28
2026-08-25 17:00:00,187.6,250.8,78.4,109.2,28
2026-08-25 18:00:00,193.9,255.8,80.2,113.7,30
2026-08-25 19:00:00,192.7,252.6,80.4,112.3,23
2026-08-25 20:00:00,196.5,254.6,80.2,116.3,25
2026-08-25 21:00:00,195.1,245.0,79.6,115.5,30
2026-08-25 22:00:00,180.9,254.8,80.7,100.2,21
2026-08-25 23:00:00,200.6,258.4,80.4,120.2,29
2026-08-26 00:00:00,200.3,257.2,82.5,117.8,30
2026-08-26 01:00:00,191.0,247.2,81.2,109.8,21
2026-08-26 02:00:00,186.8,247.8,76.2,110.6,30
2026-08-26 03:00:00,193.3,246.4,81.5,111.8,27
2026-08-26 04:00:00,184.2,258.2,77.6,106.6,24
2026-08-26 05:00:00,198.9,258.0,80.8,118.1,31
2026-08-26 06:00:00,199.3,250.8,81.8,117.5,26
2026-08-26 07:00:00,193.4,243.0,79.0,114.4,28
2026-08-26 08:00:00,198.2,248.4,80.0,118.2,26
2026-08-26 09:00:00,181.2,251.4,80.7,100.5,21
2026-08-26 10:00:00,197.0,247.8,80.5,116.5,31
2026-08-26 11:00:00,188.3,248.6,78.6,109.7,21
2026-08-26 12:00:00,190.6,246.0,80.3,110.3,23
2026-08-26 13:00:00,198.5,251.6,79.1,119.4,23
2026-08-26 14:00:00,189.5,245.2,81.9,107.6,26
2026-08-26 15:00:00,190.5,250.0,78.7,111.8,27
2026-08-26 16:00:00,194.3,252.4,79.3,115.0,25
2026-08-26 17:00:00,200.3,241.8,82.7,117.6,26
2026-08-26 18:00:00,191.9,252.6,82.4,109.5,27
2026-08-26 19:00:00,204.2,236.2,80.6,123.6,31
2026-08-26 20:00:00,194.4,250.0,82.0,112.4,24
2026-08-26 21:00:00,202.9,253.4,84.7,118.2,23
2026-08-26 22:00:00,202.0,256.6,86.8,115.2,28
2026-08-26 23:00:00,197.6,250.8,79.5,118.1,28
2026-08-27 00:00:00,187.9,251.2,77.5,110.4,33
2026-08-27 01:00:00,201.7,257.0,82.9,118.8,30
2026-08-27 02:00:00,198.6,252.4,77.5,121.1,29
2026-08-27 03:00:00,200.3,252.8,80.9,119.4,29
2026-08-27 04:00:00,192.7,262.0,82.5,110.2,23
2026-08-27 05:00:00,185.6,258.6,79.3,106.3,28
2026-08-27 06:00:00,195.8,262.8,80.1,115.7,32
2026-08-27 07:00:00,199.1,250.2,83.5,115.6,27
2026-08-27 08:00:00,192.8,243.0,82.3,110.5,23
2026-08-27 09:00:00,195.2,241.8,77.8,117.4,33
2026-08-27 10:00:00,180.3,242.0,75.3,105.0,27
2026-08-27 11:00:00,187.7,244.4,79.4,108.3,24
2026-08-27 12:00:00,193.0,249.2,77.3,115.7,20
2026-08-27 13:00:00,207.7,258.2,80.5,127.2,34
2026-08-27 14:00:00,203.1,254.4,83.2,119.9,30
2026-08-27 15:00:00,190.5,255.0,80.2,110.3,23
2026-08-27 16:00:00,200.7,239.8,79.5,121.2,33
2026-08-27 17:00:00,195.6,257.0,80.1,115.5,29
2026-08-27 18:00:00,192.1,246.4,77.5,114.6,29
2026-08-27 19:00:00,195.7,256.2,80.6,115.1,25
2026-08-27 20:00:00,197.0,248.2,81.0,116.0,22
2026-08-27 21:00:00,191.9,251.4,79.2,112.7,24
2026-08-27 22:00:00,179.8,258.0,76.9,102.9,21
2026-08-27 23:00:00,186.8,242.2,81.0,105.8,21
2026-08-28 00:00:00,199.5,246.8,83.2,116.3,26
2026-08-28 01:00:00,198.5,247.4,80.7,117.8,31
2026-08-28 02:00:00,188.4,257.0,79.3,109.1,24
2026-08-28 03:00:00,193.2,236.2,78.7,114.5,25
2026-08-28 04:00:00,199.6,252.6,83.1,116.5,28
2026-08-28 05:00:00,191.5,250.4,83.2,108.3,33
2026-08-28 06:00:00,197.9,255.6,76.7,121.2,34
2026-08-28 07:00:00,184.6,249.0,77.7,106.9,25
2026-08-28 08:00:00,194.4,248.6,82.9,111.5,23
2026-08-28 09:00:00,205.5,253.4,82.7,122.8,34
2026-08-28 10:00:00,179.3,254.8,80.9,98.4,28
2026-08-28 11:00:00,179.6,249.4,80.1,99.5,20
2026-08-28 12:00:00,200.2,261.0,79.5,120.7,31
2026-08-28 13:00:00,181.7,246.2,77.7,104.0,20
2026-08-28 14:00:00,192.4,241.8,80.6,111.8,21
2026-08-28 15:00:00,192.3,249.6,80.1,112.2,23
2026-08-28 16:00:00,194.1,254.2,79.0,115.1,34
2026-08-28 17:00:00,193.5,239.6,80.6,112.9,23
2026-08-28 18:00:00,192.1,257.0,81.1,111.0,27
2026-08-28 19:00:00,200.3,244.8,82.3,118.0,26
2026-08-28 20:00:00,192.8,246.4,78.7,114.1,28
2026-08-28 21:00:00,197.1,261.6,76.5,120.6,31
2026-08-28 22:00:00,183.7,241.8,79.2,104.5,21
2026-08-28 23:00:00,201.0,241.4,76.6,124.4,31
2026-08-29 00:00:00,201.2,247.4,79.8,121.4,47
2026-08-29 01:00:00,213.7,251.2,80.3,133.4,57
2026-08-29 02:00:00,202.6,253.8,80.3,122.3,50
2026-08-29 03:00:00,204.8,254.8,79.7,125.1,57
2026-08-29 04:00:00,201.4,253.8,80.0,121.4,51
2026-08-29 05:00:00,204.3,249.2,78.9,125.4,52
2026-08-29 06:00:00,200.9,253.2,78.6,122.3,56
2026-08-29 07:00:00,188.3,251.6,79.2,109.1,49
2026-08-29 08:00:00,196.2,247.6,82.3,113.9,47
2026-08-29 09:00:00,203.9,246.8,80.6,123.3,50
2026-08-29 10:00:00,209.6,254.4,78.8,130.8,54
2026-08-29 11:00:00,205.9,247.2,80.4,125.5,42
2026-08-29 12:00:00,198.6,250.0,79.9,118.7,40
2026-08-29 13:00:00,198.6,250.8,77.9,120.7,56
2026-08-29 14:00:00,201.5,238.0,78.7,122.8,49
2026-08-29 15:00:00,210.3,248.8,80.2,130.1,58
2026-08-29 16:00:00,209.4,250.4,78.5,130.9,51
2026-08-29 17:00:00,212.6,256.4,80.9,131.7,46
2026-08-29 18:00:00,209.9,241.0,79.1,130.8,54
2026-08-29 19:00:00,206.7,251.2,80.9,125.8,52
2026-08-29 20:00:00,197.0,248.8,80.7,116.3,46
2026-08-29 21:00:00,204.1,259.2,78.2,125.9,49
2026-08-29 22:00:00,197.7,260.4,80.7,117.0,44
2026-08-29 23:00:00,197.8,239.8,78.6,119.2,51
2026-08-30 00:00:00,206.0,246.4,78.3,127.7,56
2026-08-30 01:00:00,210.5,251.4,80.5,130.0,40
2026-08-30 02:00:00,202.6,251.8,81.2,121.4,43
2026-08-30 03:00:00,199.0,255.6,83.0,116.0,40
2026-08-30 04:00:00,197.0,249.6,81.0,116.0,42
2026-08-30 05:00:00,208.6,256.2,81.9,126.7,52
2026-08-30 06:00:00,213.4,252.6,82.4,131.0,47
2026-08-30 07:00:00,199.1,241.4,77.9,121.2,40
2026-08-30 08:00:00,206.8,244.4,79.4,127.4,45
2026-08-30 09:00:00,203.0,251.0,78.6,124.4,48
2026-08-30 10:00:00,209.6,244.4,83.1,126.5,50
2026-08-30 11:00:00,210.4,247.2,79.5,130.9,54
2026-08-30 12:00:00,209.9,252.6,80.7,129.2,51
2026-08-30 13:00:00,205.0,252.0,81.0,124.0,43
2026-08-30 14:00:00,220.2,239.2,82.8,137.4,50
2026-08-30 15:00:00,191.6,242.8,80.3,111.3,52
2026-08-30 16:00:00,206.4,249.4,79.6,126.8,46
2026-08-30 17:00:00,202.3,247.0,81.1,121.2,49
2026-08-30 18:00:00,193.7,247.2,78.0,115.7,54
2026-08-30 19:00:00,219.4,250.0,80.6,138.8,52
2026-08-30 20:00:00,196.2,243.4,81.0,115.2,45
2026-08-30 21:00:00,197.4,239.2,78.4,119.0,54
2026-08-30 22:00:00,211.2,247.0,81.8,129.4,53
2026-08-30 23:00:00,203.8,237.8,76.2,127.6,48
2026-08-31 00:00:00,211.9,246.0,79.2,132.7,59
2026-08-31 01:00:00,198.6,250.2,80.0,118.6,41
2026-08-31 02:00:00,206.6,244.0,82.2,124.4,50
2026-08-31 03:00:00,211.6,252.2,79.4,132.2,55
2026-08-31 04:00:00,197.5,250.8,77.8,119.7,46
2026-08-31 05:00:00,208.7,251.0,78.9,129.8,56
2026-08-31 06:00:00,199.2,234.0,80.0,119.2,50
2026-08-31 07:00:00,200.3,251.0,79.1,121.2,40
2026-08-31 08:00:00,213.0,258.0,80.2,132.8,57
2026-08-31 09:00:00,195.8,251.6,78.8,117.0,47
2026-08-31 10:00:00,209.8,247.6,80.1,129.7,49
2026-08-31 11:00:00,198.5,253.0,79.1,119.4,45
2026-08-31 12:00:00,211.5,235.6,79.4,132.1,52
2026-08-31 13:00:00,209.7,259.2,82.4,127.3,43
2026-08-31 14:00:00,202.5,244.2,78.7,123.8,53
2026-08-31 15:00:00,210.0,243.6,77.5,132.5,58
2026-08-31 16:00:00,204.8,247.4,81.3,123.5,55
2026-08-31 17:00:00,224.5,243.2,78.6,145.9,57
2026-08-31 18:00:00,208.5,261.8,77.0,131.5,42
2026-08-31 19:00:00,210.7,245.6,79.2,131.5,56
2026-08-31 20:00:00,197.6,248.4,77.8,119.8,43
2026-08-31 21:00:00,215.5,249.4,82.3,133.2,58
2026-08-31 22:00:00,196.6,252.2,76.2,120.4,43
2026-08-31 23:00:00,201.3,252.8,80.4,120.9,44
2026-09-01 00:00:00,206.7,251.4,81.8,124.9,50
2026-09-01 01:00:00,209.3,243.4,82.9,126.4,47
2026-09-01 02:00:00,200.0,245.8,76.7,123.3,44
2026-09-01 03:00:00,207.9,253.8,79.6,128.3,54
2026-09-01 04:00:00,200.2,246.0,80.6,119.6,43
2026-09-01 05:00:00,210.7,244.4,80.1,130.6,55
2026-09-01 06:00:00,204.9,247.8,83.4,121.5,41
2026-09-01 07:00:00,214.7,258.8,80.6,134.1,58
2026-09-01 08:00:00,205.2,253.0,79.6,125.6,53
2026-09-01 09:00:00,206.9,245.8,83.4,123.5,42
2026-09-01 10:00:00,195.2,248.0,81.8,113.4,41
2026-09-01 11:00:00,207.1,243.4,80.1,127.0,53
2026-09-01 12:00:00,211.3,254.4,77.6,133.7,54
2026-09-01 13:00:00,218.0,236.0,81.9,136.1,58
2026-09-01 14:00:00,189.7,254.0,79.4,110.3,48
2026-09-01 15:00:00,190.8,246.6,77.7,113.1,45
2026-09-01 16:00:00,193.5,245.0,78.3,115.2,44
2026-09-01 17:00:00,205.2,248.2,76.7,128.5,55
2026-09-01 18:00:00,205.7,242.8,82.4,123.3,47
2026-09-01 19:00:00,219.1,255.4,83.0,136.1,56
2026-09-01 20:00:00,205.8,257.4,83.0,122.8,59
2026-09-01 21:00:00,214.0,252.0,80.9,133.1,56
2026-09-01 22:00:00,201.6,236.8,79.1,122.5,53
2026-09-01 23:00:00,208.3,247.8,76.4,131.9,56
2026-09-02 00:00:00,204.0,247.2,77.6,126.4,49
2026-09-02 01:00:00,210.5,239.2,81.5,129.0,50
2026-09-02 02:00:00,201.7,239.4,80.8,120.9,49
2026-09-02 03:00:00,206.2,239.2,80.1,126.1,54
2026-09-02 04:00:00,207.8,245.6,84.1,123.7,47
2026-09-02 05:00:00,207.6,256.2,78.9,128.7,58
2026-09-02 06:00:00,207.0,248.4,80.7,126.3,50
2026-09-02 07:00:00,209.0,252.2,83.0,126.0,52
2026-09-02 08:00:00,213.4,243.0,81.3,132.1,57
2026-09-02 09:00:00,202.8,245.4,80.0,122.8,52
2026-09-02 10:00:00,212.0,258.0,79.8,132.2,53
2026-09-02 11:00:00,214.8,239.6,81.1,133.7,54
2026-09-02 12:00:00,205.6,256.0,81.9,123.7,41
2026-09-02 13:00:00,198.3,243.4,78.6,119.7,48
2026-09-02 14:00:00,206.9,247.6,82.6,124.3,59
2026-09-02 15:00:00,207.3,235.2,83.7,123.6,50
2026-09-02 16:00:00,198.0,249.6,80.8,117.2,48
2026-09-02 17:00:00,202.0,247.4,78.7,123.3,49
2026-09-02 18:00:00,205.2,253.4,78.1,127.1,44
2026-09-02 19:00:00,200.9,253.2,80.1,120.8,50
2026-09-02 20:00:00,201.2,248.0,77.1,124.1,49
2026-09-02 21:00:00,209.7,250.4,80.0,129.7,44
2026-09-02 22:00:00,208.8,249.8,79.5,129.3,56
2026-09-02 23:00:00,209.0,251.2,80.7,128.3,51
2026-09-03 00:00:00,205.6,244.4,79.6,126.0,55
2026-09-03 01:00:00,205.7,254.2,84.9,120.8,50
2026-09-03 02:00:00,201.9,251.8,79.9,122.0,50
2026-09-03 03:00:00,211.6,247.8,82.0,129.6,52
2026-09-03 04:00:00,205.0,249.4,81.5,123.5,52
2026-09-03 05:00:00,196.1,249.4,78.1,118.0,45
2026-09-03 06:00:00,206.1,247.4,82.1,124.0,57
2026-09-03 07:00:00,203.8,245.0,78.0,125.8,47
2026-09-03 08:00:00,209.2,244.4,80.5,128.7,58
2026-09-03 09:00:00,198.8,245.4,79.8,119.0,43
2026-09-03 10:00:00,184.3,257.2,75.9,108.4,51
2026-09-03 11:00:00,200.8,237.8,79.5,121.3,55
2026-09-03 12:00:00,205.2,246.6,80.0,125.2,55
2026-09-03 13:00:00,193.2,264.0,80.2,113.0,40
2026-09-03 14:00:00,210.3,246.4,79.9,130.4,53
2026-09-03 15:00:00,214.2,250.6,81.7,132.5,59
2026-09-03 16:00:00,214.3,234.2,79.7,134.6,50
2026-09-03 17:00:00,197.1,257.4,80.7,116.4,48
2026-09-03 18:00:00,203.0,248.0,80.8,122.2,48
2026-09-03 19:00:00,209.1,250.4,79.4,129.7,59
2026-09-03 20:00:00,204.1,234.8,80.1,124.0,57
2026-09-03 21:00:00,200.1,243.2,81.2,118.9,48
2026-09-03 22:00:00,196.3,252.0,81.4,114.9,45
2026-09-03 23:00:00,203.4,237.4,80.2,123.2,50
2026-09-04 00:00:00,206.3,255.4,80.0,126.3,53
2026-09-04 01:00:00,200.9,251.2,77.6,123.3,58
2026-09-04 02:00:00,201.4,251.8,80.9,120.5,50
2026-09-04 03:00:00,217.4,253.2,84.6,132.8,53
2026-09-04 04:00:00,209.5,253.6,82.3,127.2,49
2026-09-04 05:00:00,219.4,250.2,81.0,138.4,57
2026-09-04 06:00:00,201.2,254.4,80.4,120.8,49
2026-09-04 07:00:00,208.9,253.2,80.1,128.8,43
2026-09-04 08:00:00,202.1,252.0,76.3,125.8,47
2026-09-04 09:00:00,192.6,241.6,75.3,117.3,44
2026-09-04 10:00:00,200.7,246.8,79.3,121.4,50
2026-09-04 11:00:00,212.4,241.0,79.4,133.0,51
2026-09-04 12:00:00,209.7,246.8,79.6,130.1,48
2026-09-04 13:00:00,201.6,242.2,82.3,119.3,48
2026-09-04 14:00:00,202.9,237.2,80.9,122.0,42
2026-09-04 15:00:00,216.9,249.8,82.0,134.9,50
2026-09-04 16:00:00,194.5,237.6,81.3,113.2,47
2026-09-04 17:00:00,195.8,247.8,78.7,117.1,46
2026-09-04 18:00:00,211.5,238.6,80.7,130.8,54
2026-09-04 19:00:00,209.9,243.0,81.0,128.9,50
2026-09-04 20:00:00,200.0,246.8,80.0,120.0,45
2026-09-04 21:00:00,203.8,242.6,79.6,124.2,59
2026-09-04 22:00:00,195.3,241.8,74.9,120.4,41
2026-09-04 23:00:00,216.5,235.4,82.0,134.5,53
2026-09-05 00:00:00,200.7,240.4,83.3,117.4,53
2026-09-05 01:00:00,211.8,242.4,81.7,130.1,48
2026-09-05 02:00:00,209.0,242.4,75.4,133.6,48
2026-09-05 03:00:00,203.8,241.8,83.8,120.0,48
2026-09-05 04:00:00,200.2,242.8,76.7,123.5,44
2026-09-05 05:00:00,200.3,246.4,81.9,118.4,41
2026-09-05 06:00:00,211.0,240.8,79.4,131.6,59
2026-09-05 07:00:00,207.2,243.0,82.5,124.7,41
2026-09-05 08:00:00,204.6,247.4,81.0,123.6,42
2026-09-05 09:00:00,194.6,247.8,77.7,116.9,44
2026-09-05 10:00:00,204.8,258.2,79.2,125.6,45
2026-09-05 11:00:00,205.0,250.4,79.5,125.5,44
2026-09-05 12:00:00,204.1,246.6,80.9,123.2,44
2026-09-05 13:00:00,201.3,248.8,80.1,121.2,56
2026-09-05 14:00:00,210.0,244.4,81.6,128.4,55
2026-09-05 15:00:00,193.1,262.2,79.7,113.4,40
2026-09-05 16:00:00,205.9,244.6,83.3,122.6,40
2026-09-05 17:00:00,210.6,247.0,78.6,132.0,56
2026-09-05 18:00:00,202.5,242.4,78.2,124.3,52
2026-09-05 19:00:00,206.0,243.2,79.2,126.8,55
2026-09-05 20:00:00,214.9,238.4,80.3,134.6,59
2026-09-05 21:00:00,210.6,250.4,80.3,130.3,48
2026-09-05 22:00:00,209.0,240.6,79.7,129.3,57
2026-09-05 23:00:00,203.5,241.8,78.7,124.8,57
2026-09-06 00:00:00,196.4,246.0,79.2,117.2,47
2026-09-06 01:00:00,206.5,245.2,79.7,126.8,51
2026-09-06 02:00:00,200.1,237.2,81.3,118.8,49
2026-09-06 03:00:00,203.0,232.2,81.0,122.0,56
2026-09-06 04:00:00,208.9,246.6,78.8,130.1,58
2026-09-06 05:00:00,199.0,240.4,79.6,119.4,40
2026-09-06 06:00:00,204.6,248.8,77.4,127.2,58
2026-09-06 07:00:00,199.9,246.4,78.2,121.7,45
2026-09-06 08:00:00,211.5,250.8,81.0,130.5,58
2026-09-06 09:00:00,213.5,243.0,78.1,135.4,57
2026-09-06 10:00:00,194.6,245.0,77.1,117.5,47
2026-09-06 11:00:00,211.6,238.0,83.9,127.7,58
2026-09-06 12:00:00,199.4,243.8,78.0,121.4,40
2026-09-06 13:00:00,204.0,259.8,79.3,124.7,59
2026-09-06 14:00:00,198.9,252.8,79.8,119.1,47
2026-09-06 15:00:00,210.8,242.6,78.5,132.3,56
2026-09-06 16:00:00,204.2,250.8,79.1,125.1,41
2026-09-06 17:00:00,195.2,241.0,80.8,114.4,48
2026-09-06 18:00:00,190.9,237.2,77.9,113.0,43
2026-09-06 19:00:00,209.9,247.6,78.2,131.7,57
2026-09-06 20:00:00,210.8,247.6,82.6,128.2,58
2026-09-06 21:00:00,196.8,247.8,77.3,119.5,54
2026-09-06 22:00:00,218.8,247.0,79.9,138.9,57
2026-09-06 23:00:00,195.4,239.8,74.8,120.6,52
2026-09-07 00:00:00,207.2,242.8,77.7,129.5,48
2026-09-07 01:00:00,208.2,247.4,79.8,128.4,57
2026-09-07 02:00:00,204.3,249.0,81.8,122.5,42
2026-09-07 03:00:00,206.6,245.2,82.2,124.4,57
2026-09-07 04:00:00,201.1,244.2,80.4,120.7,52
2026-09-07 05:00:00,200.5,236.2,77.2,123.3,46
2026-09-07 06:00:00,203.0,242.0,79.6,123.4,44
2026-09-07 07:00:00,208.3,241.0,80.5,127.8,49
2026-09-07 08:00:00,202.1,244.2,75.3,126.8,52
2026-09-07 09:00:00,203.2,242.0,81.7,121.5,54
2026-09-07 10:00:00,207.8,243.4,76.1,131.7,55
2026-09-07 11:00:00,209.5,260.4,79.5,130.0,50
2026-09-07 12:00:00,199.7,252.2,79.3,120.4,40
2026-09-07 13:00:00,214.6,234.2,75.7,138.9,53
2026-09-07 14:00:00,209.2,241.6,78.1,131.1,49
2026-09-07 15:00:00,205.5,243.8,80.4,125.1,43
2026-09-07 16:00:00,199.4,238.4,77.8,121.6,46
2026-09-07 17:00:00,214.4,248.8,82.1,132.3,57
2026-09-07 18:00:00,211.0,256.2,83.0,128.0,44
2026-09-07 19:00:00,198.9,242.0,79.8,119.1,52
2026-09-07 20:00:00,196.0,243.0,81.3,114.7,43
2026-09-07 21:00:00,202.5,251.4,77.0,125.5,43
2026-09-07 22:00:00,214.3,248.2,82.2,132.1,59
2026-09-07 23:00:00,208.0,252.4,80.9,127.1,48
2026-09-08 00:00:00,199.3,250.8,79.3,120.0,42
2026-09-08 01:00:00,202.3,240.0,79.6,122.7,58
2026-09-08 02:00:00,196.8,255.6,81.0,115.8,51
2026-09-08 03:00:00,211.2,243.0,79.8,131.4,59
2026-09-08 04:00:00,209.2,246.4,80.5,128.7,46
2026-09-08 05:00:00,201.7,250.4,78.8,122.9,50
2026-09-08 06:00:00,195.6,248.6,75.7,119.9,42
2026-09-08 07:00:00,197.5,246.8,80.0,117.5,41
2026-09-08 08:00:00,201.9,254.8,81.2,120.7,52
2026-09-08 09:00:00,199.5,237.2,77.7,121.8,48
2026-09-08 10:00:00,210.9,237.2,77.7,133.2,45
2026-09-08 11:00:00,205.7,241.0,78.5,127.2,50
2026-09-08 12:00:00,203.7,243.4,80.9,122.8,57
2026-09-08 13:00:00,211.5,247.4,80.4,131.1,58
2026-09-08 14:00:00,211.9,249.6,80.5,131.4,57
2026-09-08 15:00:00,206.7,250.6,78.4,128.3,47
2026-09-08 16:00:00,211.3,240.4,81.3,130.0,45
2026-09-08 17:00:00,219.1,258.0,80.7,138.4,47
2026-09-08 18:00:00,203.6,233.4,79.7,123.9,41
2026-09-08 19:00:00,207.3,237.4,84.7,122.6,57
2026-09-08 20:00:00,212.9,240.0,78.2,134.7,57
2026-09-08 21:00:00,202.0,241.6,80.9,121.1,50
2026-09-08 22:00:00,207.8,254.2,78.3,129.5,55
2026-09-08 23:00:00,204.5,237.8,81.6,122.9,42
2026-09-09 00:00:00,201.5,242.8,83.0,118.5,45
2026-09-09 01:00:00,193.3,247.2,78.4,114.9,44
2026-09-09 02:00:00,215.1,232.0,79.6,135.5,43
2026-09-09 03:00:00,217.9,238.8,77.0,140.9,56
2026-09-09 04:00:00,204.5,250.2,84.2,120.3,40
2026-09-09 05:00:00,212.9,249.6,80.5,132.4,58
2026-09-09 06:00:00,207.3,252.0,77.4,129.9,56
2026-09-09 07:00:00,201.8,239.8,79.0,122.8,42
2026-09-09 08:00:00,209.8,248.4,82.9,126.9,52
2026-09-09 09:00:00,210.5,241.2,81.4,129.1,43
2026-09-09 10:00:00,209.9,250.4,78.3,131.6,50
2026-09-09 11:00:00,198.7,241.2,77.7,121.0,51
2026-09-09 12:00:00,212.9,245.4,83.2,129.7,54
2026-09-09 13:00:00,202.9,238.6,80.3,122.6,46
2026-09-09 14:00:00,198.1,239.0,82.8,115.3,45
2026-09-09 15:00:00,204.4,239.0,81.8,122.6,41
2026-09-09 16:00:00,210.0,240.2,80.0,130.0,51
2026-09-09 17:00:00,205.4,243.2,81.0,124.4,57
2026-09-09 18:00:00,203.6,253.0,80.9,122.7,43
2026-09-09 19:00:00,199.6,245.6,76.8,122.8,55
2026-09-09 20:00:00,205.6,240.8,79.0,126.6,52
2026-09-09 21:00:00,205.0,248.8,82.9,122.1,57
2026-09-09 22:00:00,207.8,241.4,80.6,127.2,48
2026-09-09 23:00:00,211.7,243.6,80.3,131.4,56
2026-09-10 00:00:00,211.1,244.0,80.8,130.3,57
2026-09-10 01:00:00,203.2,254.0,79.1,124.1,42
2026-09-10 02:00:00,193.2,251.0,77.4,115.8,42
2026-09-10 03:00:00,218.5,242.0,81.0,137.5,58
2026-09-10 04:00:00,215.4,242.2,80.9,134.5,57
2026-09-10 05:00:00,209.7,239.4,79.0,130.7,48
2026-09-10 06:00:00,215.0,240.8,80.1,134.9,52
2026-09-10 07:00:00,196.2,243.6,79.6,116.6,48
2026-09-10 08:00:00,205.2,246.6,84.2,121.0,50
2026-09-10 09:00:00,209.8,244.2,80.9,128.9,53
2026-09-10 10:00:00,201.6,243.0,79.0,122.6,48
2026-09-10 11:00:00,206.3,240.0,81.2,125.1,50
2026-09-10 12:00:00,219.2,249.6,81.8,137.4,55
2026-09-10 13:00:00,197.0,243.6,81.0,116.0,44
2026-09-10 14:00:00,207.1,251.6,81.8,125.3,40
2026-09-10 15:00:00,211.4,237.8,78.4,133.0,55
2026-09-10 16:00:00,215.2,236.8,81.1,134.1,52
2026-09-10 17:00:00,194.6,248.2,77.8,116.8,40
2026-09-10 18:00:00,215.7,248.2,80.5,135.2,46
2026-09-10 19:00:00,207.1,252.2,80.5,126.6,58
2026-09-10 20:00:00,210.8,249.4,75.9,134.9,45
2026-09-10 21:00:00,214.5,247.6,78.2,136.3,53
2026-09-10 22:00:00,202.7,236.4,81.8,120.9,50
2026-09-10 23:00:00,213.2,245.2,84.6,128.6,58
2026-09-11 00:00:00,193.8,247.4,78.8,115.0,47
2026-09-11 01:00:00,205.8,249.4,76.9,128.9,53
2026-09-11 02:00:00,195.6,247.8,78.8,116.8,49
2026-09-11 03:00:00,211.5,246.2,82.6,128.9,50
2026-09-11 04:00:00,204.0,241.2,78.5,125.5,42
2026-09-11 05:00:00,202.8,237.2,81.8,121.0,49
2026-09-11 06:00:00,200.0,230.6,77.7,122.3,40
2026-09-11 07:00:00,196.0,254.2,77.3,118.7,41
2026-09-11 08:00:00,219.1,244.4,80.3,138.8,59
2026-09-11 09:00:00,210.9,242.4,78.1,132.8,55
2026-09-11 10:00:00,205.6,245.6,80.3,125.3,50
2026-09-11 11:00:00,200.9,237.4,83.4,117.5,43
2026-09-11 12:00:00,211.4,242.4,81.0,130.4,59
2026-09-11 13:00:00,200.9,236.4,83.1,117.8,40
2026-09-11 14:00:00,209.1,240.2,80.1,129.0,54
2026-09-11 15:00:00,206.4,239.6,82.9,123.5,40
2026-09-11 16:00:00,208.9,237.4,81.0,127.9,58
2026-09-11 17:00:00,207.6,236.8,79.0,128.6,53
2026-09-11 18:00:00,198.0,240.0,76.7,121.3,42
2026-09-11 19:00:00,200.6,246.6,82.9,117.7,40
2026-09-11 20:00:00,202.6,239.2,78.6,124.0,51
2026-09-11 21:00:00,197.7,247.8,76.2,121.5,42
2026-09-11 22:00:00,208.2,245.6,81.5,126.7,52
2026-09-11 23:00:00,205.8,239.4,82.8,123.0,46
2026-09-12 00:00:00,200.8,240.2,79.9,120.9,45
2026-09-12 01:00:00,211.5,240.2,80.2,131.3,56
2026-09-12 02:00:00,208.2,240.8,78.5,129.7,58
2026-09-12 03:00:00,205.0,242.4,78.4,126.6,59
2026-09-12 04:00:00,197.9,237.8,77.6,120.3,50
2026-09-12 05:00:00,202.1,232.0,82.2,119.9,55
2026-09-12 06:00:00,211.9,245.8,82.7,129.2,54
2026-09-12 07:00:00,206.7,240.8,79.8,126.9,48
2026-09-12 08:00:00,205.0,250.2,83.1,121.9,42
2026-09-12 09:00:00,204.4,236.8,82.5,121.9,42
2026-09-12 10:00:00,203.2,242.8,78.4,124.8,44
2026-09-12 11:00:00,203.7,241.2,79.5,124.2,45
2026-09-12 12:00:00,195.8,242.0,81.1,114.7,41
2026-09-12 13:00:00,195.4,244.2,79.3,116.1,40
2026-09-12 14:00:00,201.7,240.2,79.6,122.1,59
2026-09-12 15:00:00,204.8,238.8,79.9,124.9,53
2026-09-12 16:00:00,211.0,225.6,79.3,131.7,53
2026-09-12 17:00:00,212.1,240.4,82.3,129.8,42
2026-09-12 18:00:00,212.9,240.8,76.8,136.1,53
2026-09-12 19:00:00,198.2,248.8,77.7,120.5,52
2026-09-12 20:00:00,209.4,252.0,81.3,128.1,44
2026-09-12 21:00:00,205.6,253.6,78.4,127.2,41
2026-09-12 22:00:00,198.1,248.2,79.7,118.4,48
2026-09-12 23:00:00,210.2,247.8,80.1,130.1,47
2026-09-13 00:00:00,188.4,239.8,76.3,112.1,42
2026-09-13 01:00:00,218.6,240.8,79.1,139.5,55
2026-09-13 02:00:00,203.9,251.8,81.4,122.5,40
2026-09-13 03:00:00,198.3,245.4,75.7,122.6,44
2026-09-13 04:00:00,194.5,233.8,79.4,115.1,42
2026-09-13 05:00:00,210.1,233.6,79.4,130.7,55
2026-09-13 06:00:00,203.8,235.6,81.0,122.8,42
2026-09-13 07:00:00,215.3,231.2,81.5,133.8,55
2026-09-13 08:00:00,201.8,235.8,80.2,121.6,42
2026-09-13 09:00:00,208.5,250.0,83.0,125.5,50
2026-09-13 10:00:00,199.8,253.2,80.4,119.4,44
2026-09-13 11:00:00,210.3,235.4,82.4,127.9,55
2026-09-13 12:00:00,213.3,238.8,81.4,131.9,59
2026-09-13 13:00:00,205.8,236.6,76.1,129.7,56
2026-09-13 14:00:00,212.5,246.6,77.1,135.4,57
2026-09-13 15:00:00,213.0,244.4,82.8,130.2,55
2026-09-13 16:00:00,217.9,247.6,80.7,137.2,59
2026-09-13 17:00:00,197.6,248.8,77.2,120.4,44
2026-09-13 18:00:00,202.6,249.0,80.5,122.1,49
2026-09-13 19:00:00,203.6,250.4,78.7,124.9,55
2026-09-13 20:00:00,203.3,244.4,81.6,121.7,45
2026-09-13 21:00:00,201.0,245.8,80.9,120.1,41
2026-09-13 22:00:00,205.5,242.0,82.7,122.8,53
2026-09-13 23:00:00,202.3,245.8,81.0,121.3,49
2026-09-14 00:00:00,209.8,240.0,78.8,131.0,55
2026-09-14 01:00:00,196.2,241.8,75.7,120.5,44
2026-09-14 02:00:00,200.2,251.0,77.1,123.1,53
2026-09-14 03:00:00,208.5,247.4,79.4,129.1,56
2026-09-14 04:00:00,190.8,235.8,77.9,112.9,40
2026-09-14 05:00:00,209.8,253.4,81.6,128.2,57
2026-09-14 06:00:00,207.5,239.2,79.9,127.6,56
2026-09-14 07:00:00,198.8,240.6,78.5,120.3,44
2026-09-14 08:00:00,205.1,238.4,82.6,122.5,58
2026-09-14 09:00:00,201.8,230.6,79.7,122.1,55
2026-09-14 10:00:00,196.9,245.4,77.6,119.3,52
2026-09-14 11:00:00,206.1,238.8,80.3,125.8,49
2026-09-14 12:00:00,208.7,253.6,80.5,128.2,56
2026-09-14 13:00:00,214.6,231.8,84.1,130.5,43
2026-09-14 14:00:00,204.4,247.8,79.7,124.7,42
2026-09-14 15:00:00,198.9,242.4,81.8,117.1,48
2026-09-14 16:00:00,208.9,241.8,81.8,127.1,49
2026-09-14 17:00:00,205.4,242.2,80.5,124.9,46
2026-09-14 18:00:00,212.9,238.6,80.3,132.6,52
2026-09-14 19:00:00,202.8,230.2,80.4,122.4,45
2026-09-14 20:00:00,210.8,239.6,80.2,130.6,58
2026-09-14 21:00:00,203.5,241.2,78.0,125.5,48
2026-09-14 22:00:00,191.5,237.0,77.2,114.3,50
2026-09-14 23:00:00,200.6,247.0,79.7,120.9,44
2026-09-15 00:00:00,209.9,240.2,79.3,130.6,46
2026-09-15 01:00:00,193.9,233.4,79.1,114.8,44
2026-09-15 02:00:00,208.9,244.8,78.5,130.4,50
2026-09-15 03:00:00,200.8,231.4,78.9,121.9,58
2026-09-15 04:00:00,200.3,238.6,79.6,120.7,47
2026-09-15 05:00:00,199.7,242.2,83.0,116.7,41
2026-09-15 06:00:00,201.5,238.4,79.9,121.6,41
2026-09-15 07:00:00,199.5,235.6,79.7,119.8,50
2026-09-15 08:00:00,214.1,236.4,81.5,132.6,53
2026-09-15 09:00:00,209.0,237.8,81.3,127.7,50
2026-09-15 10:00:00,209.6,239.4,80.8,128.8,58
2026-09-15 11:00:00,193.1,245.6,77.3,115.8,44
2026-09-15 12:00:00,207.2,241.2,78.8,128.4,55
2026-09-15 13:00:00,192.8,236.2,81.5,111.3,41
2026-09-15 14:00:00,204.9,245.2,82.3,122.6,50
2026-09-15 15:00:00,214.3,250.4,83.0,131.3,43
2026-09-15 16:00:00,206.8,226.8,82.3,124.5,57
2026-09-15 17:00:00,214.4,243.8,82.4,132.0,55
2026-09-15 18:00:00,215.4,240.8,82.5,132.9,55
2026-09-15 19:00:00,210.6,239.6,77.9,132.7,45
2026-09-15 20:00:00,206.3,239.2,80.6,125.7,43
2026-09-15 21:00:00,203.9,239.4,79.9,124.0,47
2026-09-15 22:00:00,203.5,239.8,80.6,122.9,41
2026-09-15 23:00:00,204.5,242.4,77.5,127.0,53
2026-09-16 00:00:00,214.1,241.0,82.2,131.9,57
2026-09-16 01:00:00,215.2,239.6,82.6,132.6,52
2026-09-16 02:00:00,204.5,235.6,78.0,126.5,53
2026-09-16 03:00:00,210.3,247.4,83.2,127.1,57
2026-09-16 04:00:00,205.7,233.4,81.3,124.4,55
2026-09-16 05:00:00,204.6,250.6,81.5,123.1,57
2026-09-16 06:00:00,207.6,247.8,80.9,126.7,57
2026-09-16 07:00:00,200.6,244.8,79.2,121.4,59
2026-09-16 08:00:00,200.3,240.0,78.1,122.2,48
2026-09-16 09:00:00,200.4,238.4,76.3,124.1,55
2026-09-16 10:00:00,214.5,233.4,80.8,133.7,57
2026-09-16 11:00:00,198.3,235.0,80.3,118.0,53
2026-09-16 12:00:00,196.5,241.4,78.8,117.7,44
2026-09-16 13:00:00,214.0,249.6,82.0,132.0,49
2026-09-16 14:00:00,211.9,233.2,81.2,130.7,40
2026-09-16 15:00:00,196.7,237.4,77.7,119.0,53
2026-09-16 16:00:00,203.6,230.0,82.1,121.5,43
2026-09-16 17:00:00,200.8,239.0,80.7,120.1,51
2026-09-16 18:00:00,209.1,234.4,79.0,130.1,46
2026-09-16 19:00:00,204.2,241.8,80.9,123.3,54
2026-09-16 20:00:00,194.8,237.6,80.3,114.5,42
2026-09-16 21:00:00,197.5,229.4,82.0,115.5,46
2026-09-16 22:00:00,195.5,234.4,75.1,120.4,54
2026-09-16 23:00:00,199.3,232.6,80.4,118.9,54
2026-09-17 00:00:00,200.6,227.2,79.6,121.0,42
2026-09-17 01:00:00,201.6,232.2,79.8,121.8,44
2026-09-17 02:00:00,212.7,232.8,81.6,131.1,55
2026-09-17 03:00:00,213.5,233.2,83.5,130.0,53
2026-09-17 04:00:00,209.7,245.6,81.2,128.5,58
2026-09-17 05:00:00,204.5,248.8,79.1,125.4,55
2026-09-17 06:00:00,217.8,244.8,82.6,135.2,56
2026-09-17 07:00:00,207.5,238.4,80.4,127.1,49
2026-09-17 08:00:00,197.4,229.0,78.0,119.4,43
2026-09-17 09:00:00,203.5,239.8,80.5,123.0,51
2026-09-17 10:00:00,198.4,229.6,81.1,117.3,43
2026-09-17 11:00:00,201.1,239.2,78.3,122.8,51
2026-09-17 12:00:00,211.0,242.2,81.3,129.7,43
2026-09-17 13:00:00,196.7,240.4,81.1,115.6,44
2026-09-17 14:00:00,204.3,246.8,84.7,119.6,54
2026-09-17 15:00:00,195.3,233.0,75.7,119.6,51
2026-09-17 16:00:00,210.2,245.2,83.2,127.0,50
2026-09-17 17:00:00,207.3,238.8,80.4,126.9,46
2026-09-17 18:00:00,205.4,241.6,78.9,126.5,45
2026-09-17 19:00:00,219.6,239.2,83.6,136.0,47
2026-09-17 20:00:00,204.6,248.4,81.0,123.6,43
2026-09-17 21:00:00,199.3,236.0,76.3,123.0,48
2026-09-17 22:00:00,191.6,242.0,78.7,112.9,44
2026-09-17 23:00:00,203.6,235.4,79.0,124.6,52
2026-09-18 00:00:00,197.6,230.2,77.0,120.6,52
2026-09-18 01:00:00,205.6,230.4,79.6,126.0,46
2026-09-18 02:00:00,207.6,239.4,78.5,129.1,40
2026-09-18 03:00:00,206.7,232.2,81.3,125.4,41
2026-09-18 04:00:00,206.4,236.6,81.8,124.6,45
2026-09-18 05:00:00,215.9,238.4,83.5,132.4,55
2026-09-18 06:00:00,206.4,242.2,78.5,127.9,49
2026-09-18 07:00:00,202.6,242.2,81.0,121.6,54
2026-09-18 08:00:00,202.1,240.8,78.1,124.0,50
2026-09-18 09:00:00,205.9,247.8,77.9,128.0,54
2026-09-18 10:00:00,194.3,233.2,76.2,118.1,43
2026-09-18 11:00:00,210.5,240.6,80.3,130.2,45
2026-09-18 12:00:00,198.1,229.8,77.9,120.2,49
2026-09-18 13:00:00,202.7,231.8,80.2,122.5,56
2026-09-18 14:00:00,202.8,236.8,78.4,124.4,56
2026-09-18 15:00:00,201.7,235.4,80.9,120.8,46
2026-09-18 16:00:00,197.8,242.4,78.7,119.1,41
2026-09-18 17:00:00,201.8,241.6,78.1,123.7,40
2026-09-18 18:00:00,207.5,236.8,80.9,126.6,46
2026-09-18 19:00:00,189.3,226.8,79.9,109.4,40
2026-09-18 20:00:00,207.1,237.4,84.2,122.9,45
2026-09-18 21:00:00,198.6,238.2,79.2,119.4,46
2026-09-18 22:00:00,208.4,241.6,80.6,127.8,41
2026-09-18 23:00:00,193.9,243.0,79.2,114.7,43
2026-09-19 00:00:00,198.3,238.2,79.4,118.9,44
2026-09-19 01:00:00,204.7,242.6,75.3,129.4,54
2026-09-19 02:00:00,205.7,234.6,79.6,126.1,53
2026-09-19 03:00:00,206.5,237.4,83.3,123.2,47
2026-09-19 04:00:00,208.2,245.4,83.1,125.1,49
2026-09-19 05:00:00,206.3,245.2,79.1,127.2,50
2026-09-19 06:00:00,202.0,250.2,81.0,121.0,41
2026-09-19 07:00:00,202.6,237.4,78.8,123.8,40
2026-09-19 08:00:00,198.9,236.8,79.3,119.6,45
2026-09-19 09:00:00,197.5,238.8,78.7,118.8,42
2026-09-19 10:00:00,210.7,239.4,82.2,128.5,49
2026-09-19 11:00:00,208.7,233.8,81.3,127.4,59
2026-09-19 12:00:00,210.7,233.4,81.3,129.4,59
2026-09-19 13:00:00,208.6,239.6,76.7,131.9,59
2026-09-19 14:00:00,202.2,241.2,80.8,121.4,40
2026-09-19 15:00:00,192.2,235.0,80.8,111.4,43
2026-09-19 16:00:00,208.1,230.2,81.0,127.1,54
2026-09-19 17:00:00,197.3,241.0,81.9,115.4,59
2026-09-19 18:00:00,217.7,236.4,82.7,135.0,59
2026-09-19 19:00:00,192.9,231.2,78.4,114.5,47
2026-09-19 20:00:00,215.3,242.2,82.0,133.3,54
2026-09-19 21:00:00,196.6,239.6,82.0,114.6,51
2026-09-19 22:00:00,202.2,239.6,79.8,122.4,50
2026-09-19 23:00:00,205.2,233.2,76.9,128.3,55
2026-09-20 00:00:00,201.3,240.0,80.9,120.4,46
2026-09-20 01:00:00,200.2,242.0,80.6,119.6,56
2026-09-20 02:00:00,209.0,238.4,80.0,129.0,59
2026-09-20 03:00:00,205.7,235.8,82.3,123.4,51
2026-09-20 04:00:00,200.1,231.8,81.2,118.9,47
2026-09-20 05:00:00,196.2,227.8,79.2,117.0,43
2026-09-20 06:00:00,212.0,235.2,78.3,133.7,48
2026-09-20 07:00:00,214.7,241.0,79.6,135.1,55
2026-09-20 08:00:00,200.7,237.6,79.4,121.3,48
2026-09-20 09:00:00,211.5,249.0,80.1,131.4,55
2026-09-20 10:00:00,214.1,245.2,81.5,132.6,59
2026-09-20 11:00:00,210.2,235.0,80.9,129.3,44
2026-09-20 12:00:00,210.9,237.8,82.3,128.6,48
2026-09-20 13:00:00,207.5,237.0,80.7,126.8,49
2026-09-20 14:00:00,206.4,227.6,76.2,130.2,47
2026-09-20 15:00:00,201.0,236.6,80.9,120.1,58
2026-09-20 16:00:00,204.5,235.2,78.4,126.1,52
2026-09-20 17:00:00,196.2,242.6,80.6,115.6,45
2026-09-20 18:00:00,215.8,228.8,83.1,132.7,53
2026-09-20 19:00:00,203.8,244.4,82.7,121.1,55
2026-09-20 20:00:00,207.4,226.6,83.1,124.3,51
2026-09-20 21:00:00,203.9,246.0,80.9,123.0,42
2026-09-20 22:00:00,202.8,236.2,80.0,122.8,53
2026-09-20 23:00:00,214.6,234.8,82.0,132.6,54
2026-09-21 00:00:00,200.0,228.4,76.8,123.2,56
2026-09-21 01:00:00,205.0,242.2,76.8,128.2,50
2026-09-21 02:00:00,204.3,232.6,78.9,125.4,56
2026-09-21 03:00:00,219.3,235.2,81.8,137.5,58
2026-09-21 04:00:00,205.5,246.0,77.6,127.9,46
2026-09-21 05:00:00,210.0,238.8,84.4,125.6,40
2026-09-21 06:00:00,208.9,240.4,82.2,126.7,56
2026-09-21 07:00:00,199.2,235.4,78.8,120.4,44
2026-09-21 08:00:00,204.6,234.6,83.9,120.7,51
2026-09-21 09:00:00,203.2,244.0,79.8,123.4,43
2026-09-21 10:00:00,206.0,226.2,78.2,127.8,41
2026-09-21 11:00:00,198.1,228.4,77.3,120.8,47
2026-09-21 12:00:00,206.5,241.6,81.8,124.7,41
2026-09-21 13:00:00,201.9,237.2,84.3,117.6,45
2026-09-21 14:00:00,210.9,226.0,81.0,129.9,53
2026-09-21 15:00:00,193.8,235.0,78.8,115.0,45
2026-09-21 16:00:00,214.4,244.6,78.7,135.7,50
2026-09-21 17:00:00,207.2,235.4,78.6,128.6,55
2026-09-21 18:00:00,220.6,235.8,83.0,137.6,59
2026-09-21 19:00:00,204.2,241.2,78.4,125.8,49
2026-09-21 20:00:00,213.0,236.6,79.8,133.2,56
2026-09-21 21:00:00,216.3,231.6,79.3,137.0,57
2026-09-21 22:00:00,203.3,231.4,78.7,124.6,41
2026-09-21 23:00:00,206.1,237.2,77.9,128.2,46
2026-09-22 00:00:00,207.9,240.6,79.9,128.0,48
2026-09-22 01:00:00,201.0,236.8,82.4,118.6,41
2026-09-22 02:00:00,199.3,229.6,79.0,120.3,45
2026-09-22 03:00:00,199.3,231.6,80.7,118.6,44
2026-09-22 04:00:00,203.9,240.8,83.1,120.8,43
2026-09-22 05:00:00,210.8,234.8,76.9,133.9,54
2026-09-22 06:00:00,212.7,234.2,79.5,133.2,58
2026-09-22 07:00:00,200.3,238.8,82.6,117.7,45
2026-09-22 08:00:00,213.0,247.2,81.3,131.7,54
2026-09-22 09:00:00,202.0,235.8,81.9,120.1,41
2026-09-22 10:00:00,199.1,241.2,76.8,122.3,50
2026-09-22 11:00:00,207.5,243.0,78.6,128.9,45
2026-09-22 12:00:00,213.4,231.4,81.4,132.0,54
2026-09-22 13:00:00,204.3,238.8,77.1,127.2,55
2026-09-22 14:00:00,193.1,235.2,78.4,114.7,48
2026-09-22 15:00:00,202.2,232.6,76.3,125.9,48
2026-09-22 16:00:00,197.0,236.2,79.8,117.2,52
2026-09-22 17:00:00,198.2,247.4,80.5,117.7,55
2026-09-22 18:00:00,214.1,241.8,83.8,130.3,53
2026-09-22 19:00:00,207.7,231.4,81.9,125.8,40
2026-09-22 20:00:00,200.0,231.2,78.0,122.0,41
2026-09-22 21:00:00,206.9,239.6,78.0,128.9,55
2026-09-22 22:00:00,215.6,230.4,84.6,131.0,49
2026-09-22 23:00:00,210.2,225.6,82.0,128.2,49
2026-09-23 00:00:00,201.8,241.2,80.2,121.6,55
2026-09-23 01:00:00,208.1,246.8,82.8,125.3,50
2026-09-23 02:00:00,217.6,232.0,81.4,136.2,46
2026-09-23 03:00:00,198.9,236.8,80.2,118.7,48
2026-09-23 04:00:00,199.4,223.6,80.6,118.8,52
2026-09-23 05:00:00,208.9,237.0,78.2,130.7,51
2026-09-23 06:00:00,186.6,244.0,80.7,105.9,40
2026-09-23 07:00:00,207.9,240.2,85.4,122.5,41
2026-09-23 08:00:00,199.9,241.4,80.3,119.6,46
2026-09-23 09:00:00,211.1,224.4,79.0,132.1,56
2026-09-23 10:00:00,204.4,238.0,83.2,121.2,41
2026-09-23 11:00:00,193.5,228.6,80.7,112.8,55
2026-09-23 12:00:00,205.5,238.4,79.9,125.6,53
2026-09-23 13:00:00,206.1,225.0,79.3,126.8,47
2026-09-23 14:00:00,203.0,241.6,80.1,122.9,59
2026-09-23 15:00:00,206.2,248.8,80.1,126.1,55
2026-09-23 16:00:00,200.9,240.4,81.8,119.1,41
2026-09-23 17:00:00,207.7,230.2,79.4,128.3,49
2026-09-23 18:00:00,208.8,227.8,78.5,130.3,58
2026-09-23 19:00:00,205.9,244.4,82.5,123.4,53
2026-09-23 20:00:00,207.5,244.2,79.0,128.5,45
2026-09-23 21:00:00,211.3,241.4,80.6,130.7,59
2026-09-23 22:00:00,197.7,229.6,80.3,117.4,47
2026-09-23 23:00:00,204.4,231.6,75.9,128.5,57
2026-09-24 00:00:00,203.1,231.2,78.0,125.1,53
2026-09-24 01:00:00,189.7,228.0,77.3,112.4,47
2026-09-24 02:00:00,205.3,236.8,79.9,125.4,50
2026-09-24 03:00:00,204.7,234.8,80.2,124.5,40
2026-09-24 04:00:00,217.2,236.6,83.3,133.9,56
2026-09-24 05:00:00,205.2,231.0,81.4,123.8,59
2026-09-24 06:00:00,203.6,232.2,78.7,124.9,51
2026-09-24 07:00:00,223.3,227.4,80.8,142.5,58
2026-09-24 08:00:00,207.1,236.0,80.2,126.9,47
2026-09-24 09:00:00,193.5,239.6,76.3,117.2,48
2026-09-24 10:00:00,203.8,231.6,78.9,124.9,48
2026-09-24 11:00:00,205.7,244.4,80.3,125.4,58
2026-09-24 12:00:00,199.7,232.0,79.7,120.0,55
2026-09-24 13:00:00,213.3,236.2,81.5,131.8,50
2026-09-24 14:00:00,205.4,233.6,79.0,126.4,50
2026-09-24 15:00:00,200.2,226.8,79.9,120.3,47
2026-09-24 16:00:00,214.3,236.4,79.4,134.9,47
2026-09-24 17:00:00,209.8,225.0,81.3,128.5,55
2026-09-24 18:00:00,207.0,239.4,78.9,128.1,52
2026-09-24 19:00:00,210.8,232.4,82.1,128.7,57
2026-09-24 20:00:00,207.5,237.4,82.9,124.6,45
2026-09-24 21:00:00,199.5,234.8,80.4,119.1,43
2026-09-24 22:00:00,212.2,231.2,81.0,131.2,57
2026-09-24 23:00:00,210.6,243.0,82.8,127.8,47
2026-09-25 00:00:00,210.8,237.8,79.4,131.4,44
2026-09-25 01:00:00,205.0,229.4,80.3,124.7,59
2026-09-25 02:00:00,209.1,241.8,80.5,128.6,42
2026-09-25 03:00:00,205.6,232.0,81.3,124.3,52
2026-09-25 04:00:00,190.1,230.6,78.1,112.0,40
2026-09-25 05:00:00,203.9,235.8,81.8,122.1,57
2026-09-25 06:00:00,209.0,237.8,82.4,126.6,55
2026-09-25 07:00:00,201.6,229.4,81.2,120.4,41
2026-09-25 08:00:00,205.1,234.2,79.4,125.7,49
2026-09-25 09:00:00,199.5,240.8,78.8,120.7,44
2026-09-25 10:00:00,208.0,228.4,77.6,130.4,57
2026-09-25 11:00:00,201.3,235.6,80.1,121.2,50
2026-09-25 12:00:00,206.9,234.6,79.7,127.2,49
2026-09-25 13:00:00,205.7,236.4,79.5,126.2,59
2026-09-25 14:00:00,201.7,234.0,80.6,121.1,47
2026-09-25 15:00:00,196.8,233.8,77.7,119.1,49
2026-09-25 16:00:00,202.9,241.0,81.8,121.1,54
2026-09-25 17:00:00,208.1,222.4,79.2,128.9,53
2026-09-25 18:00:00,209.3,233.4,83.1,126.2,46
2026-09-25 19:00:00,208.5,226.6,79.4,129.1,53
2026-09-25 20:00:00,206.6,231.2,79.3,127.3,59
2026-09-25 21:00:00,210.6,235.0,82.0,128.6,52
2026-09-25 22:00:00,214.8,234.8,80.1,134.7,54
2026-09-25 23:00:00,205.6,234.6,81.5,124.1,50
2026-09-26 00:00:00,204.8,225.0,78.8,126.0,41
2026-09-26 01:00:00,201.6,237.2,81.8,119.8,51
2026-09-26 02:00:00,210.3,224.4,78.3,132.0,45
2026-09-26 03:00:00,198.7,232.2,80.5,118.2,42
2026-09-26 04:00:00,206.1,228.2,84.6,121.5,50
2026-09-26 05:00:00,208.1,233.8,78.8,129.3,56
2026-09-26 06:00:00,197.2,237.6,77.6,119.6,44
2026-09-26 07:00:00,211.2,234.4,84.1,127.1,58
2026-09-26 08:00:00,201.5,227.2,80.5,121.0,49
2026-09-26 09:00:00,199.7,228.4,79.3,120.4,54
2026-09-26 10:00:00,205.8,219.6,78.5,127.3,52
2026-09-26 11:00:00,208.3,230.6,83.2,125.1,42
2026-09-26 12:00:00,200.5,243.0,80.3,120.2,45
2026-09-26 13:00:00,206.3,233.2,81.0,125.3,53
2026-09-26 14:00:00,217.1,238.4,81.7,135.4,58
2026-09-26 15:00:00,208.4,229.8,80.4,128.0,54
2026-09-26 16:00:00,219.5,235.6,82.6,136.9,56
2026-09-26 17:00:00,203.2,243.8,78.8,124.4,44
2026-09-26 18:00:00,204.1,234.2,79.1,125.0,42
2026-09-26 19:00:00,200.4,235.0,80.9,119.5,40
2026-09-26 20:00:00,208.2,226.4,82.1,126.1,59
2026-09-26 21:00:00,205.8,223.0,79.9,125.9,40
2026-09-26 22:00:00,210.7,228.6,82.2,128.5,55
2026-09-26 23:00:00,202.5,234.8,82.3,120.2,45
2026-09-27 00:00:00,207.5,226.8,80.2,127.3,59
2026-09-27 01:00:00,206.3,227.4,80.2,126.1,46
2026-09-27 02:00:00,203.3,235.0,79.2,124.1,47
2026-09-27 03:00:00,210.6,233.4,82.9,127.7,49
2026-09-27 04:00:00,211.9,222.8,81.7,130.2,48
2026-09-27 05:00:00,200.5,226.8,79.3,121.2,41
2026-09-27 06:00:00,199.6,240.0,79.8,119.8,48
2026-09-27 07:00:00,212.5,234.2,81.4,131.1,50
2026-09-27 08:00:00,211.9,224.4,79.8,132.1,53
2026-09-27 09:00:00,212.4,230.8,79.8,132.6,53
2026-09-27 10:00:00,211.1,238.4,77.2,133.9,57
2026-09-27 11:00:00,200.2,236.8,81.5,118.7,40
2026-09-27 12:00:00,202.0,233.2,78.9,123.1,52
2026-09-27 13:00:00,206.5,240.0,78.7,127.8,59
2026-09-27 14:00:00,204.4,228.2,80.1,124.3,50
2026-09-27 15:00:00,208.5,229.6,79.7,128.8,51
2026-09-27 16:00:00,213.6,236.8,80.5,133.1,53
2026-09-27 17:00:00,213.4,227.0,81.7,131.7,59
2026-09-27 18:00:00,201.2,233.8,79.7,121.5,46
2026-09-27 19:00:00,207.0,246.4,78.8,128.2,57
2026-09-27 20:00:00,206.4,237.8,78.7,127.7,49
2026-09-27 21:00:00,211.4,229.6,79.3,132.1,56
2026-09-27 22:00:00,214.6,239.4,80.4,134.2,55
2026-09-27 23:00:00,202.4,233.8,77.5,124.9,43
2026-09-28 00:00:00,196.3,239.8,80.0,116.3,43
2026-09-28 01:00:00,200.7,238.8,79.5,121.2,49
2026-09-28 02:00:00,203.8,234.0,79.1,124.7,46
2026-09-28 03:00:00,193.7,230.6,81.2,112.5,48
2026-09-28 04:00:00,208.7,227.2,80.9,127.8,55
2026-09-28 05:00:00,198.3,238.0,75.8,122.5,42
2026-09-28 06:00:00,203.9,229.2,79.7,124.2,49
2026-09-28 07:00:00,189.0,233.8,81.3,107.7,44
2026-09-28 08:00:00,203.5,239.4,79.8,123.7,49
2026-09-28 09:00:00,204.7,223.2,81.4,123.3,40
2026-09-28 10:00:00,203.1,231.8,79.1,124.0,50
2026-09-28 11:00:00,218.5,239.4,80.7,137.8,58
2026-09-28 12:00:00,202.3,229.4,84.1,118.2,50
2026-09-28 13:00:00,215.2,227.4,81.7,133.5,50
2026-09-28 14:00:00,199.4,238.2,79.4,120.0,52
2026-09-28 15:00:00,204.4,232.6,80.5,123.9,42
2026-09-28 16:00:00,209.1,232.0,84.4,124.7,56
2026-09-28 17:00:00,204.8,243.0,80.0,124.8,46
2026-09-28 18:00:00,203.7,230.6,78.0,125.7,56
2026-09-28 19:00:00,207.3,243.8,81.2,126.1,44
2026-09-28 20:00:00,201.9,239.2,77.8,124.1,52
2026-09-28 21:00:00,210.3,231.2,80.6,129.7,44
2026-09-28 22:00:00,216.2,227.6,84.2,132.0,54
2026-09-28 23:00:00,203.7,237.4,80.1,123.6,49
2026-09-29 00:00:00,201.1,235.2,79.8,121.3,44
2026-09-29 01:00:00,206.5,237.4,81.0,125.5,46
2026-09-29 02:00:00,209.6,238.2,76.7,132.9,55
2026-09-29 03:00:00,203.3,231.6,82.9,120.4,45
2026-09-29 04:00:00,202.9,226.6,80.6,122.3,42
2026-09-29 05:00:00,198.0,225.2,78.1,119.9,44
2026-09-29 06:00:00,210.3,232.6,83.3,127.0,47
2026-09-29 07:00:00,203.9,231.4,82.6,121.3,57
2026-09-29 08:00:00,203.7,238.2,79.5,124.2,47
2026-09-29 09:00:00,204.1,237.0,79.2,124.9,41
2026-09-29 10:00:00,205.1,227.4,79.2,125.9,52
2026-09-29 11:00:00,205.8,224.8,78.7,127.1,52
2026-09-29 12:00:00,199.9,223.8,79.3,120.6,58
2026-09-29 13:00:00,204.2,228.2,82.2,122.0,52
2026-09-29 14:00:00,200.1,232.4,79.3,120.8,57
2026-09-29 15:00:00,213.1,228.2,80.4,132.7,49
2026-09-29 16:00:00,203.0,234.6,79.6,123.4,55
2026-09-29 17:00:00,205.0,245.2,81.0,124.0,52
2026-09-29 18:00:00,203.6,234.8,79.6,124.0,44
2026-09-29 19:00:00,204.7,237.4,79.5,125.2,40
2026-09-29 20:00:00,216.1,233.4,82.3,133.8,58
2026-09-29 21:00:00,206.8,229.2,77.0,129.8,57
2026-09-29 22:00:00,206.6,227.4,78.5,128.1,45
2026-09-29 23:00:00,210.1,231.4,82.9,127.2,55
2026-09-30 00:00:00,204.8,233.2,81.1,123.7,58
2026-09-30 01:00:00,205.0,230.2,81.6,123.4,45
2026-09-30 02:00:00,204.5,234.0,77.6,126.9,54
2026-09-30 03:00:00,209.6,219.2,80.8,128.8,54
2026-09-30 04:00:00,212.0,241.6,83.2,128.8,42
2026-09-30 05:00:00,207.5,225.0,84.0,123.5,43
2026-09-30 06:00:00,197.2,239.2,82.2,115.0,41
2026-09-30 07:00:00,200.5,229.8,79.8,120.7,41
2026-09-30 08:00:00,206.9,237.6,78.8,128.1,50
2026-09-30 09:00:00,195.1,233.8,77.2,117.9,50
2026-09-30 10:00:00,204.7,223.2,81.5,123.2,50
2026-09-30 11:00:00,212.6,234.0,79.1,133.5,57
2026-09-30 12:00:00,202.4,240.8,79.4,123.0,43
2026-09-30 13:00:00,207.2,221.8,85.5,121.7,47
2026-09-30 14:00:00,208.7,228.4,81.3,127.4,59
2026-09-30 15:00:00,211.5,240.6,80.6,130.9,59
2026-09-30 16:00:00,203.0,226.6,80.7,122.3,45
2026-09-30 17:00:00,195.7,229.0,77.1,118.6,40
2026-09-30 18:00:00,194.7,225.2,81.1,113.6,44
2026-09-30 19:00:00,207.8,233.8,79.0,128.8,53
2026-09-30 20:00:00,208.1,220.6,80.8,127.3,57
2026-09-30 21:00:00,206.8,232.0,78.9,127.9,51
2026-09-30 22:00:00,187.8,225.8,77.6,110.2,41
2026-09-30 23:00:00,203.3,222.0,78.8,124.5,58
2026-10-01 00:00:00,207.9,227.0,82.3,125.6,41
2026-10-01 01:00:00,218.1,234.0,82.0,136.1,58
2026-10-01 02:00:00,208.3,225.4,79.9,128.4,53
2026-10-01 03:00:00,209.1,228.8,81.6,127.5,47
2026-10-01 04:00:00,212.5,218.8,77.7,134.8,59
2026-10-01 05:00:00,211.4,231.6,81.8,129.6,59
2026-10-01 06:00:00,208.4,223.8,80.8,127.6,57
2026-10-01 07:00:00,211.4,228.0,80.4,131.0,58
2026-10-01 08:00:00,200.9,226.4,79.9,121.0,51
2026-10-01 09:00:00,195.7,226.0,77.1,118.6,51
2026-10-01 10:00:00,208.2,222.8,79.1,129.1,54
2026-10-01 11:00:00,210.1,221.6,80.3,129.8,57
2026-10-01 12:00:00,202.1,228.0,77.9,124.2,44
2026-10-01 13:00:00,217.6,225.8,81.1,136.5,52
2026-10-01 14:00:00,207.8,225.2,79.4,128.4,52
2026-10-01 15:00:00,211.5,225.0,83.0,128.5,58
2026-10-01 16:00:00,204.4,228.0,78.4,126.0,44
2026-10-01 17:00:00,203.9,229.6,76.8,127.1,50
2026-10-01 18:00:00,205.1,226.4,80.4,124.7,47
2026-10-01 19:00:00,202.5,220.2,80.3,122.2,43
2026-10-01 20:00:00,198.4,224.8,79.1,119.3,56
2026-10-01 21:00:00,203.4,230.2,76.9,126.5,51
2026-10-01 22:00:00,211.3,226.2,84.0,127.3,55
2026-10-01 23:00:00,210.4,231.8,82.5,127.9,54
2026-10-02 00:00:00,195.3,238.0,80.1,115.2,42
2026-10-02 01:00:00,197.2,226.8,78.0,119.2,40
2026-10-02 02:00:00,189.7,216.0,80.8,108.9,42
2026-10-02 03:00:00,199.3,227.8,79.2,120.1,52
2026-10-02 04:00:00,194.9,237.6,80.4,114.5,44
2026-10-02 05:00:00,207.4,239.6,78.5,128.9,47
2026-10-02 06:00:00,199.9,225.6,79.9,120.0,53
2026-10-02 07:00:00,203.1,233.0,78.7,124.4,40
2026-10-02 08:00:00,199.1,220.6,79.0,120.1,41
2026-10-02 09:00:00,207.1,229.8,81.5,125.6,59
2026-10-02 10:00:00,208.9,238.6,81.4,127.5,41
2026-10-02 11:00:00,201.4,233.2,80.1,121.3,45
2026-10-02 12:00:00,202.2,226.8,82.7,119.5,45
2026-10-02 13:00:00,203.6,225.4,79.9,123.7,56
2026-10-02 14:00:00,214.6,223.2,84.3,130.3,54
2026-10-02 15:00:00,218.1,231.6,83.9,134.2,51
2026-10-02 16:00:00,204.4,241.6,82.3,122.1,58
2026-10-02 17:00:00,206.9,235.8,79.8,127.1,49
2026-10-02 18:00:00,202.3,228.8,81.1,121.2,46
2026-10-02 19:00:00,208.5,221.8,77.4,131.1,51
2026-10-02 20:00:00,201.7,237.8,81.9,119.8,55
2026-10-02 21:00:00,197.4,226.4,76.6,120.8,54
2026-10-02 22:00:00,220.1,238.0,83.6,136.5,53
2026-10-02 23:00:00,195.6,234.0,76.1,119.5,52
2026-10-03 00:00:00,210.2,221.6,82.2,128.0,50
2026-10-03 01:00:00,193.8,231.2,79.3,114.5,43
2026-10-03 02:00:00,209.9,236.8,84.5,125.4,52
2026-10-03 03:00:00,221.1,234.2,80.9,140.2,51
2026-10-03 04:00:00,207.1,228.2,79.5,127.6,53
2026-10-03 05:00:00,214.2,228.2,85.9,128.3,55
2026-10-03 06:00:00,195.6,228.6,76.7,118.9,52
2026-10-03 07:00:00,201.8,224.6,80.0,121.8,50
2026-10-03 08:00:00,207.3,223.6,80.7,126.6,52
2026-10-03 09:00:00,199.0,235.0,81.1,117.9,40
2026-10-03 10:00:00,197.8,219.8,80.7,117.1,49
2026-10-03 11:00:00,210.1,225.6,80.4,129.7,55
2026-10-03 12:00:00,208.4,240.0,80.0,128.4,40
2026-10-03 13:00:00,205.2,230.8,80.3,124.9,51
2026-10-03 14:00:00,192.0,233.2,78.7,113.3,42
2026-10-03 15:00:00,202.9,222.8,79.0,123.9,53
2026-10-03 16:00:00,215.9,225.6,83.0,132.9,52
2026-10-03 17:00:00,205.3,222.8,78.4,126.9,54
2026-10-03 18:00:00,208.2,225.2,81.1,127.1,57
2026-10-03 19:00:00,199.4,223.6,77.0,122.4,43
2026-10-03 20:00:00,216.9,231.8,81.7,135.2,52
2026-10-03 21:00:00,205.3,240.2,83.6,121.7,44
2026-10-03 22:00:00,205.0,224.8,79.3,125.7,58
2026-10-03 23:00:00,213.9,220.6,84.0,129.9,48
2026-10-04 00:00:00,205.2,236.4,81.7,123.5,49
2026-10-04 01:00:00,209.7,228.8,79.3,130.4,55
2026-10-04 02:00:00,208.1,233.2,76.9,131.2,50
2026-10-04 03:00:00,205.7,238.8,82.6,123.1,46
2026-10-04 04:00:00,213.1,227.2,80.3,132.8,51
2026-10-04 05:00:00,206.2,232.8,84.4,121.8,45
2026-10-04 06:00:00,195.3,224.6,78.6,116.7,42
2026-10-04 07:00:00,199.5,232.4,82.7,116.8,43
2026-10-04 08:00:00,208.6,244.4,77.2,131.4,53
2026-10-04 09:00:00,213.3,237.0,78.4,134.9,58
2026-10-04 10:00:00,217.0,233.4,83.2,133.8,56
2026-10-04 11:00:00,201.8,233.0,77.4,124.4,47
2026-10-04 12:00:00,203.4,218.6,82.4,121.0,47
2026-10-04 13:00:00,196.8,230.8,80.8,116.0,49
2026-10-04 14:00:00,210.1,228.6,79.0,131.1,56
2026-10-04 15:00:00,199.2,233.8,77.0,122.2,50
2026-10-04 16:00:00,193.2,233.2,78.9,114.3,46
2026-10-04 17:00:00,197.9,237.6,77.0,120.9,52
2026-10-04 18:00:00,198.2,237.4,81.1,117.1,47
2026-10-04 19:00:00,207.3,223.4,77.2,130.1,54
2026-10-04 20:00:00,223.3,221.0,83.3,140.0,57
2026-10-04 21:00:00,197.8,228.8,78.6,119.2,40
2026-10-04 22:00:00,203.3,232.6,79.4,123.9,53
2026-10-04 23:00:00,209.9,224.2,81.0,128.9,58
2026-10-05 00:00:00,204.1,221.0,82.5,121.6,43
2026-10-05 01:00:00,207.7,231.8,82.7,125.0,42
2026-10-05 02:00:00,196.9,236.0,83.9,113.0,57
2026-10-05 03:00:00,209.9,228.2,79.5,130.4,59
2026-10-05 04:00:00,211.6,234.0,81.0,130.6,59
2026-10-05 05:00:00,210.1,235.0,80.1,130.0,58
2026-10-05 06:00:00,206.0,223.4,78.6,127.4,57
2026-10-05 07:00:00,196.2,239.4,80.3,115.9,48
2026-10-05 08:00:00,209.3,229.0,77.1,132.2,59
2026-10-05 09:00:00,195.6,224.8,78.6,117.0,52
2026-10-05 10:00:00,206.2,229.2,82.0,124.2,56
2026-10-05 11:00:00,201.5,231.4,81.8,119.7,49
2026-10-05 12:00:00,199.1,235.0,78.4,120.7,43
2026-10-05 13:00:00,198.5,229.8,80.5,118.0,43
2026-10-05 14:00:00,210.1,227.4,83.3,126.8,45
2026-10-05 15:00:00,210.5,218.6,83.0,127.5,46
2026-10-05 16:00:00,211.0,229.6,78.5,132.5,54
2026-10-05 17:00:00,209.9,232.4,82.1,127.8,55
2026-10-05 18:00:00,211.8,227.4,77.7,134.1,58
2026-10-05 19:00:00,208.1,218.4,78.9,129.2,48
2026-10-05 20:00:00,202.9,234.2,76.6,126.3,49
2026-10-05 21:00:00,206.8,234.6,77.6,129.2,50
2026-10-05 22:00:00,201.7,223.0,81.5,120.2,55
2026-10-05 23:00:00,199.2,243.0,78.0,121.2,41
2026-10-06 00:00:00,209.1,240.2,81.7,127.4,49
2026-10-06 01:00:00,203.4,224.0,81.3,122.1,57
2026-10-06 02:00:00,202.6,231.2,78.8,123.8,41
2026-10-06 03:00:00,195.8,227.0,81.5,114.3,47
2026-10-06 04:00:00,203.1,230.8,82.2,120.9,52
2026-10-06 05:00:00,197.6,228.6,80.2,117.4,48
2026-10-06 06:00:00,209.2,226.4,83.5,125.7,50
2026-10-06 07:00:00,198.9,230.4,79.3,119.6,40
2026-10-06 08:00:00,200.3,232.6,78.3,122.0,52
2026-10-06 09:00:00,207.6,225.8,82.1,125.5,59
2026-10-06 10:00:00,204.3,229.4,80.1,124.2,51
2026-10-06 11:00:00,210.6,238.8,82.9,127.7,54
2026-10-06 12:00:00,189.2,220.8,77.8,111.4,40
2026-10-06 13:00:00,204.6,239.2,78.5,126.1,44
2026-10-06 14:00:00,203.5,231.4,79.5,124.0,56
2026-10-06 15:00:00,203.4,221.6,77.5,125.9,55
2026-10-06 16:00:00,201.9,223.6,81.8,120.1,41
2026-10-06 17:00:00,208.0,227.8,79.5,128.5,43
2026-10-06 18:00:00,212.4,222.2,80.8,131.6,53
2026-10-06 19:00:00,203.1,231.6,79.9,123.2,50
2026-10-06 20:00:00,215.4,224.6,80.2,135.2,57
2026-10-06 21:00:00,215.1,224.6,76.7,138.4,55
2026-10-06 22:00:00,207.9,224.2,78.6,129.3,58
2026-10-06 23:00:00,209.9,225.8,77.0,132.9,56
2026-10-07 00:00:00,211.6,230.8,78.6,133.0,49
2026-10-07 01:00:00,195.4,224.2,80.1,115.3,41
2026-10-07 02:00:00,196.7,223.8,78.7,118.0,48
2026-10-07 03:00:00,196.5,222.0,76.5,120.0,43
2026-10-07 04:00:00,217.7,231.8,80.2,137.5,54
2026-10-07 05:00:00,193.7,226.0,79.9,113.8,45
2026-10-07 06:00:00,204.7,228.0,76.5,128.2,58
2026-10-07 07:00:00,215.1,231.6,80.3,134.8,57
2026-10-07 08:00:00,199.5,232.0,77.7,121.8,50
2026-10-07 09:00:00,206.9,229.4,78.7,128.2,58
2026-10-07 10:00:00,192.8,228.8,81.0,111.8,40
2026-10-07 11:00:00,200.6,215.0,79.2,121.4,57
2026-10-07 12:00:00,205.0,223.4,80.9,124.1,54
2026-10-07 13:00:00,209.0,232.8,79.9,129.1,48
2026-10-07 14:00:00,194.1,229.6,79.1,115.0,45
2026-10-07 15:00:00,202.4,227.4,76.8,125.6,41
2026-10-07 16:00:00,213.4,231.0,80.0,133.4,47
2026-10-07 17:00:00,207.2,228.2,79.4,127.8,48
2026-10-07 18:00:00,206.3,224.0,82.7,123.6,55
2026-10-07 19:00:00,205.8,228.4,80.3,125.5,59
2026-10-07 20:00:00,210.2,233.0,80.2,130.0,45
2026-10-07 21:00:00,197.1,227.4,79.1,118.0,44
2026-10-07 22:00:00,207.3,241.6,79.7,127.6,48
2026-10-07 23:00:00,204.2,228.0,79.1,125.1,40
2026-10-08 00:00:00,207.4,225.6,80.0,127.4,54
2026-10-08 01:00:00,221.0,224.2,83.0,138.0,59
2026-10-08 02:00:00,203.5,228.0,79.6,123.9,55
2026-10-08 03:00:00,201.0,226.4,80.4,120.6,51
2026-10-08 04:00:00,203.2,209.4,79.2,124.0,58
2026-10-08 05:00:00,200.0,225.2,79.7,120.3,44
2026-10-08 06:00:00,201.2,227.4,79.9,121.3,47
2026-10-08 07:00:00,205.9,227.0,85.1,120.8,51
2026-10-08 08:00:00,207.7,227.4,80.4,127.3,46
2026-10-08 09:00:00,203.5,214.0,80.8,122.7,41
2026-10-08 10:00:00,214.0,226.8,84.2,129.8,50
2026-10-08 11:00:00,212.7,218.4,77.7,135.0,55
2026-10-08 12:00:00,198.7,229.0,79.0,119.7,44
2026-10-08 13:00:00,201.5,221.8,80.3,121.2,57
2026-10-08 14:00:00,200.2,228.8,79.0,121.2,46
2026-10-08 15:00:00,211.7,220.4,79.1,132.6,58
2026-10-08 16:00:00,198.1,212.2,78.9,119.2,47
2026-10-08 17:00:00,196.4,225.2,80.8,115.6,46
2026-10-08 18:00:00,208.8,226.6,80.7,128.1,56
2026-10-08 19:00:00,208.5,224.2,81.0,127.5,55
2026-10-08 20:00:00,208.9,213.2,78.1,130.8,43
2026-10-08 21:00:00,201.9,218.0,79.7,122.2,59
2026-10-08 22:00:00,194.1,228.6,82.0,112.1,44
2026-10-08 23:00:00,199.0,226.0,81.9,117.1,55
2026-10-09 00:00:00,207.9,228.0,84.0,123.9,50
2026-10-09 01:00:00,197.8,226.0,79.1,118.7,42
2026-10-09 02:00:00,201.4,223.0,80.2,121.2,52
2026-10-09 03:00:00,209.1,238.6,82.9,126.2,45
2026-10-09 04:00:00,203.6,231.6,79.8,123.8,49
2026-10-09 05:00:00,194.1,211.4,80.2,113.9,43
2026-10-09 06:00:00,207.2,226.6,79.7,127.5,41
2026-10-09 07:00:00,204.5,229.4,81.2,123.3,55
2026-10-09 08:00:00,216.0,230.8,81.4,134.6,59
2026-10-09 09:00:00,200.8,214.8,82.5,118.3,43
2026-10-09 10:00:00,209.1,228.0,77.5,131.6,56
2026-10-09 11:00:00,200.3,230.8,80.0,120.3,50
2026-10-09 12:00:00,205.6,223.4,76.6,129.0,43
2026-10-09 13:00:00,209.4,227.0,75.3,134.1,59
2026-10-09 14:00:00,218.7,219.8,83.8,134.9,53
2026-10-09 15:00:00,197.4,229.2,80.1,117.3,53
2026-10-09 16:00:00,200.8,234.6,81.7,119.1,49
2026-10-09 17:00:00,205.7,220.2,75.0,130.7,53
2026-10-09 18:00:00,197.8,230.2,77.4,120.4,40
2026-10-09 19:00:00,214.4,224.0,80.7,133.7,51
2026-10-09 20:00:00,209.0,225.8,79.7,129.3,49
2026-10-09 21:00:00,211.9,231.2,82.5,129.4,57
2026-10-09 22:00:00,206.5,224.0,83.1,123.4,53
2026-10-09 23:00:00,204.3,228.6,79.2,125.1,58
2026-10-10 00:00:00,199.1,230.2,79.4,119.7,40
2026-10-10 01:00:00,201.1,226.6,79.5,121.6,56
2026-10-10 02:00:00,198.5,239.4,79.0,119.5,56
2026-10-10 03:00:00,222.9,230.4,80.9,142.0,57
2026-10-10 04:00:00,205.5,221.8,79.1,126.4,50
2026-10-10 05:00:00,211.4,220.8,81.3,130.1,59
2026-10-10 06:00:00,196.3,222.8,78.5,117.8,50
2026-10-10 07:00:00,217.2,220.2,81.8,135.4,55
2026-10-10 08:00:00,198.9,213.2,80.2,118.7,40
2026-10-10 09:00:00,213.6,218.2,81.6,132.0,58
2026-10-10 10:00:00,206.1,222.8,80.3,125.8,52
2026-10-10 11:00:00,203.5,230.6,80.6,122.9,41
2026-10-10 12:00:00,205.2,224.6,80.1,125.1,47
2026-10-10 13:00:00,189.4,223.2,79.7,109.7,42
2026-10-10 14:00:00,202.6,223.2,81.3,121.3,50
2026-10-10 15:00:00,207.9,217.2,79.6,128.3,47
2026-10-10 16:00:00,207.0,230.6,80.4,126.6,43
2026-10-10 17:00:00,201.1,231.4,80.6,120.5,44
2026-10-10 18:00:00,198.1,218.8,79.6,118.5,44
2026-10-10 19:00:00,202.3,226.0,80.4,121.9,52
2026-10-10 20:00:00,204.7,221.8,80.0,124.7,45
2026-10-10 21:00:00,203.4,222.4,80.7,122.7,59
2026-10-10 22:00:00,202.8,216.6,79.1,123.7,51
2026-10-10 23:00:00,207.1,228.6,77.8,129.3,46
2026-10-11 00:00:00,203.5,227.2,80.8,122.7,55
2026-10-11 01:00:00,209.5,219.0,81.7,127.8,57
2026-10-11 02:00:00,203.3,230.4,79.9,123.4,55
2026-10-11 03:00:00,214.5,215.8,79.6,134.9,57
2026-10-11 04:00:00,202.6,222.4,82.9,119.7,41
2026-10-11 05:00:00,205.5,228.2,79.5,126.0,41
2026-10-11 06:00:00,202.6,219.0,82.6,120.0,54
2026-10-11 07:00:00,198.3,222.8,78.9,119.4,50
2026-10-11 08:00:00,204.9,216.0,78.3,126.6,43
2026-10-11 09:00:00,216.7,218.4,82.1,134.6,57
2026-10-11 10:00:00,214.8,230.0,79.9,134.9,55
2026-10-11 11:00:00,201.0,221.0,81.3,119.7,58
2026-10-11 12:00:00,209.5,217.6,80.4,129.1,54
2026-10-11 13:00:00,201.6,234.2,81.7,119.9,40
2026-10-11 14:00:00,212.0,228.8,78.1,133.9,55
2026-10-11 15:00:00,202.6,216.8,76.9,125.7,50
2026-10-11 16:00:00,214.3,227.8,82.0,132.3,56
2026-10-11 17:00:00,198.1,221.6,79.1,119.0,42
2026-10-11 18:00:00,194.9,231.4,78.3,116.6,41
2026-10-11 19:00:00,207.6,232.8,77.5,130.1,59
2026-10-11 20:00:00,204.8,219.8,76.4,128.4,58
2026-10-11 21:00:00,202.7,225.2,79.8,122.9,44
2026-10-11 22:00:00,200.5,213.8,81.4,119.1,42
2026-10-11 23:00:00,213.2,218.8,81.8,131.4,56
2026-10-12 00:00:00,203.6,221.6,76.8,126.8,52
2026-10-12 01:00:00,205.3,221.6,82.3,123.0,45
2026-10-12 02:00:00,191.0,225.6,77.4,113.6,43
2026-10-12 03:00:00,212.7,224.6,82.9,129.8,59
2026-10-12 04:00:00,201.6,218.2,80.6,121.0,44
2026-10-12 05:00:00,196.5,230.8,77.7,118.8,47
2026-10-12 06:00:00,209.1,211.4,81.2,127.9,48
2026-10-12 07:00:00,210.1,233.2,78.4,131.7,54
2026-10-12 08:00:00,203.0,218.4,79.0,124.0,45
2026-10-12 09:00:00,202.7,236.4,78.5,124.2,51
2026-10-12 10:00:00,217.5,225.6,79.2,138.3,55
2026-10-12 11:00:00,194.4,222.0,80.4,114.0,48
2026-10-12 12:00:00,203.7,220.0,77.4,126.3,56
2026-10-12 13:00:00,190.7,239.0,82.2,108.5,41
2026-10-12 14:00:00,202.6,217.8,78.4,124.2,55
2026-10-12 15:00:00,215.2,218.2,82.1,133.1,50
2026-10-12 16:00:00,209.8,221.6,83.3,126.5,49
2026-10-12 17:00:00,210.3,215.6,79.4,130.9,56
2026-10-12 18:00:00,201.9,230.4,77.8,124.1,46
2026-10-12 19:00:00,208.6,219.2,78.6,130.0,58
2026-10-12 20:00:00,206.2,222.6,80.6,125.6,49
2026-10-12 21:00:00,211.2,235.6,80.7,130.5,57
2026-10-12 22:00:00,200.5,228.8,78.7,121.8,48
2026-10-12 23:00:00,196.4,230.8,82.6,113.8,43
2026-10-13 00:00:00,202.6,224.8,80.6,122.0,42
2026-10-13 01:00:00,203.0,227.2,79.8,123.2,47
2026-10-13 02:00:00,191.7,206.4,80.4,111.3,41
2026-10-13 03:00:00,205.7,228.0,80.6,125.1,54
2026-10-13 04:00:00,194.8,223.0,78.7,116.1,43
2026-10-13 05:00:00,211.5,224.4,83.5,128.0,56
2026-10-13 06:00:00,204.0,214.6,78.2,125.8,52
2026-10-13 07:00:00,199.0,220.2,78.7,120.3,43
2026-10-13 08:00:00,199.9,229.8,79.6,120.3,52
2026-10-13 09:00:00,196.9,231.4,80.4,116.5,41
2026-10-13 10:00:00,207.4,213.6,80.2,127.2,44
2026-10-13 11:00:00,205.5,224.2,77.4,128.1,46
2026-10-13 12:00:00,207.5,227.4,76.9,130.6,50
2026-10-13 13:00:00,210.8,225.8,82.7,128.1,59
2026-10-13 14:00:00,199.4,221.0,80.1,119.3,58
2026-10-13 15:00:00,206.4,215.8,77.4,129.0,48
2026-10-13 16:00:00,191.1,216.6,80.1,111.0,40
2026-10-13 17:00:00,206.0,231.6,78.7,127.3,58
2026-10-13 18:00:00,210.3,224.4,82.6,127.7,59
2026-10-13 19:00:00,200.4,219.8,77.7,122.7,45
2026-10-13 20:00:00,197.2,218.6,82.1,115.1,46
2026-10-13 21:00:00,205.4,225.4,79.4,126.0,54
2026-10-13 22:00:00,203.6,223.4,78.1,125.5,52
2026-10-13 23:00:00,199.9,218.0,77.6,122.3,43
2026-10-14 00:00:00,207.6,221.2,82.5,125.1,57
2026-10-14 01:00:00,198.6,217.6,79.9,118.7,44
2026-10-14 02:00:00,210.6,219.2,82.3,128.3,57
2026-10-14 03:00:00,201.7,220.4,77.9,123.8,50
2026-10-14 04:00:00,214.2,218.6,80.5,133.7,56
2026-10-14 05:00:00,194.5,232.0,76.6,117.9,43
2026-10-14 06:00:00,208.0,228.8,80.3,127.7,46
2026-10-14 07:00:00,202.5,217.4,81.7,120.8,42
2026-10-14 08:00:00,208.5,216.4,78.8,129.7,52
2026-10-14 09:00:00,204.6,212.4,79.7,124.9,42
2026-10-14 10:00:00,211.8,219.6,81.5,130.3,54
2026-10-14 11:00:00,213.3,221.2,80.7,132.6,55
2026-10-14 12:00:00,204.1,217.2,80.7,123.4,44
2026-10-14 13:00:00,211.0,218.4,82.9,128.1,49
2026-10-14 14:00:00,197.1,221.6,77.8,119.3,42
2026-10-14 15:00:00,203.2,223.0,80.5,122.7,58
2026-10-14 16:00:00,206.3,218.4,80.2,126.1,43
2026-10-14 17:00:00,206.9,213.8,75.4,131.5,57
2026-10-14 18:00:00,218.1,220.6,78.9,139.2,53
2026-10-14 19:00:00,206.4,216.2,78.5,127.9,50
2026-10-14 20:00:00,209.7,233.6,80.8,128.9,57
2026-10-14 21:00:00,208.6,218.4,82.2,126.4,53
2026-10-14 22:00:00,208.0,221.8,79.6,128.4,52
2026-10-14 23:00:00,202.1,219.0,77.6,124.5,43
2026-10-15 00:00:00,208.4,213.4,82.2,126.2,46
2026-10-15 01:00:00,211.4,221.6,77.2,134.2,57
2026-10-15 02:00:00,197.2,223.4,81.2,116.0,57
2026-10-15 03:00:00,205.6,213.4,78.5,127.1,55
2026-10-15 04:00:00,196.8,218.6,81.8,115.0,46
2026-10-15 05:00:00,205.3,212.0,82.7,122.6,51
2026-10-15 06:00:00,210.4,222.4,78.8,131.6,59
2026-10-15 07:00:00,204.2,225.2,79.1,125.1,50
2026-10-15 08:00:00,213.6,220.6,81.3,132.3,54
2026-10-15 09:00:00,203.9,219.6,77.6,126.3,50
2026-10-15 10:00:00,199.5,220.2,78.9,120.6,51
2026-10-15 11:00:00,208.2,211.6,75.8,132.4,56
2026-10-15 12:00:00,195.3,222.8,81.1,114.2,45
2026-10-15 13:00:00,208.0,215.8,83.1,124.9,45
2026-10-15 14:00:00,208.3,233.8,78.5,129.8,44
2026-10-15 15:00:00,201.9,224.4,81.3,120.6,54
2026-10-15 16:00:00,218.2,216.6,80.2,138.0,58
2026-10-15 17:00:00,202.0,223.4,76.1,125.9,51
2026-10-15 18:00:00,203.7,220.6,80.4,123.3,42
2026-10-15 19:00:00,205.5,216.4,79.2,126.3,47
2026-10-15 20:00:00,201.2,222.0,78.6,122.6,57
2026-10-15 21:00:00,195.5,225.2,80.3,115.2,43
2026-10-15 22:00:00,204.7,224.8,81.9,122.8,51
2026-10-15 23:00:00,202.5,228.0,80.1,122.4,46
2026-10-16 00:00:00,209.4,216.0,76.9,132.5,52
2026-10-16 01:00:00,202.9,211.4,81.5,121.4,41
2026-10-16 02:00:00,198.2,215.0,81.1,117.1,43
2026-10-16 03:00:00,200.2,219.0,80.5,119.7,51
2026-10-16 04:00:00,201.1,234.0,78.0,123.1,53
2026-10-16 05:00:00,204.1,215.6,78.6,125.5,45
2026-10-16 06:00:00,205.5,215.0,79.6,125.9,53
2026-10-16 07:00:00,203.3,220.0,80.2,123.1,41
2026-10-16 08:00:00,213.9,229.2,79.0,134.9,52
2026-10-16 09:00:00,204.6,213.4,79.4,125.2,52
2026-10-16 10:00:00,199.2,216.4,79.7,119.5,51
2026-10-16 11:00:00,193.7,214.2,79.2,114.5,44
2026-10-16 12:00:00,209.7,216.4,83.6,126.1,50
2026-10-16 13:00:00,204.7,211.2,80.4,124.3,53
2026-10-16 14:00:00,192.1,227.6,78.5,113.6,42
2026-10-16 15:00:00,205.7,223.4,81.4,124.3,47
2026-10-16 16:00:00,206.5,218.8,75.9,130.6,56
2026-10-16 17:00:00,190.4,228.0,76.3,114.1,40
2026-10-16 18:00:00,209.1,213.2,79.7,129.4,51
2026-10-16 19:00:00,188.9,224.6,78.0,110.9,47
2026-10-16 20:00:00,214.1,219.8,79.6,134.5,56
2026-10-16 21:00:00,204.1,219.0,80.7,123.4,45
2026-10-16 22:00:00,199.4,213.8,78.7,120.7,50
2026-10-16 23:00:00,210.4,219.4,80.4,130.0,58
2026-10-17 00:00:00,202.5,223.0,77.7,124.8,55
2026-10-17 01:00:00,206.5,221.8,79.6,126.9,50
2026-10-17 02:00:00,196.9,216.4,77.4,119.5,49
2026-10-17 03:00:00,220.4,221.4,81.5,138.9,51
2026-10-17 04:00:00,199.5,223.2,79.8,119.7,44
2026-10-17 05:00:00,209.8,224.4,81.6,128.2,45
2026-10-17 06:00:00,201.9,217.0,77.7,124.2,48
2026-10-17 07:00:00,205.7,223.2,83.2,122.5,46
2026-10-17 08:00:00,199.6,225.4,82.5,117.1,52
2026-10-17 09:00:00,211.4,210.8,79.5,131.9,59
2026-10-17 10:00:00,202.5,217.2,77.4,125.1,46
2026-10-17 11:00:00,213.2,219.2,81.9,131.3,53
2026-10-17 12:00:00,206.5,223.0,81.7,124.8,52
2026-10-17 13:00:00,199.7,213.0,82.7,117.0,50
2026-10-17 14:00:00,197.0,223.2,77.8,119.2,44
2026-10-17 15:00:00,203.7,221.6,78.6,125.1,59
2026-10-17 16:00:00,216.6,228.8,83.2,133.4,54
2026-10-17 17:00:00,205.4,216.6,80.5,124.9,55
2026-10-17 18:00:00,202.7,225.8,76.5,126.2,47
2026-10-17 19:00:00,206.1,235.4,81.5,124.6,48
2026-10-17 20:00:00,213.5,213.4,78.3,135.2,55
2026-10-17 21:00:00,209.2,230.4,80.7,128.5,58
2026-10-17 22:00:00,199.5,222.2,81.0,118.5,42
2026-10-17 23:00:00,212.5,228.4,82.6,129.9,59
2026-10-18 00:00:00,210.9,218.4,81.6,129.3,57
2026-10-18 01:00:00,211.7,211.0,81.7,130.0,52
2026-10-18 02:00:00,192.3,227.0,73.2,119.1,52
2026-10-18 03:00:00,208.5,217.0,80.1,128.4,57
2026-10-18 04:00:00,199.5,216.8,78.5,121.0,53
2026-10-18 05:00:00,193.1,211.0,76.8,116.3,45
2026-10-18 06:00:00,196.6,216.6,75.4,121.2,40
2026-10-18 07:00:00,196.3,219.8,81.2,115.1,45
2026-10-18 08:00:00,206.2,216.6,80.2,126.0,59
2026-10-18 09:00:00,205.2,217.2,81.1,124.1,52
2026-10-18 10:00:00,212.3,209.0,78.0,134.3,48
2026-10-18 11:00:00,210.6,215.4,80.7,129.9,49
2026-10-18 12:00:00,188.5,216.2,77.5,111.0,40
2026-10-18 13:00:00,199.8,221.8,79.5,120.3,41
2026-10-18 14:00:00,204.8,218.8,82.4,122.4,49
2026-10-18 15:00:00,201.8,225.2,81.4,120.4,50
2026-10-18 16:00:00,209.1,222.6,82.7,126.4,50
2026-10-18 17:00:00,207.1,206.6,77.4,129.7,42
2026-10-18 18:00:00,209.5,212.8,77.5,132.0,57
2026-10-18 19:00:00,205.8,216.0,79.9,125.9,53
2026-10-18 20:00:00,207.1,223.4,80.2,126.9,49
2026-10-18 21:00:00,207.2,213.6,79.1,128.1,47
2026-10-18 22:00:00,201.7,211.2,79.8,121.9,47
2026-10-18 23:00:00,195.4,222.6,78.6,116.8,42
2026-10-19 00:00:00,201.1,216.6,77.9,123.2,46
2026-10-19 01:00:00,204.3,207.2,80.7,123.6,45
2026-10-19 02:00:00,206.4,216.6,81.5,124.9,59
2026-10-19 03:00:00,207.9,215.0,79.6,128.3,56
2026-10-19 04:00:00,188.1,213.8,81.0,107.1,42
2026-10-19 05:00:00,212.0,228.6,80.8,131.2,56
2026-10-19 06:00:00,195.1,208.4,81.0,114.1,46
2026-10-19 07:00:00,204.7,218.6,78.7,126.0,45
2026-10-19 08:00:00,193.7,206.2,79.5,114.2,45
2026-10-19 09:00:00,203.5,210.6,81.6,121.9,54
2026-10-19 10:00:00,200.9,220.6,81.5,119.4,47
2026-10-19 11:00:00,201.2,212.6,80.1,121.1,50
2026-10-19 12:00:00,207.9,221.6,77.8,130.1,55
2026-10-19 13:00:00,200.3,207.2,78.8,121.5,42
2026-10-19 14:00:00,196.8,216.0,78.0,118.8,47
2026-10-19 15:00:00,205.0,222.2,82.3,122.7,44
2026-10-19 16:00:00,206.8,224.4,79.4,127.4,52
2026-10-19 17:00:00,204.7,228.8,80.0,124.7,45
2026-10-19 18:00:00,213.7,228.4,80.4,133.3,59
2026-10-19 19:00:00,194.8,223.4,79.6,115.2,42
2026-10-19 20:00:00,207.5,218.4,79.9,127.6,57
2026-10-19 21:00:00,201.1,220.8,77.7,123.4,57
2026-10-19 22:00:00,202.0,217.0,77.0,125.0,51
2026-10-19 23:00:00,207.5,206.8,79.4,128.1,48
2026-10-20 00:00:00,193.9,217.6,81.4,112.5,41
2026-10-20 01:00:00,198.4,212.4,79.4,119.0,49
2026-10-20 02:00:00,200.8,211.6,79.1,121.7,43
2026-10-20 03:00:00,206.4,220.2,78.1,128.3,57
2026-10-20 04:00:00,195.2,224.2,78.8,116.4,44
2026-10-20 05:00:00,209.8,231.2,80.2,129.6,55
2026-10-20 06:00:00,202.1,209.4,83.9,118.2,48
2026-10-20 07:00:00,213.8,207.0,78.3,135.5,54
2026-10-20 08:00:00,205.7,210.0,82.0,123.7,44
2026-10-20 09:00:00,204.1,217.4,81.6,122.5,40
2026-10-20 10:00:00,205.0,213.2,83.2,121.8,42
2026-10-20 11:00:00,200.8,215.8,79.2,121.6,56
2026-10-20 12:00:00,207.5,214.8,81.9,125.6,58
2026-10-20 13:00:00,193.1,217.0,78.0,115.1,40
2026-10-20 14:00:00,193.4,212.4,78.6,114.8,50
2026-10-20 15:00:00,200.6,212.0,80.9,119.7,43
2026-10-20 16:00:00,210.6,227.6,78.8,131.8,57
2026-10-20 17:00:00,215.5,215.8,81.8,133.7,53
2026-10-20 18:00:00,204.5,222.6,80.3,124.2,54
2026-10-20 19:00:00,210.1,210.4,79.9,130.2,50
2026-10-20 20:00:00,204.5,216.4,80.2,124.3,46
2026-10-20 21:00:00,208.5,225.0,80.9,127.6,50
2026-10-20 22:00:00,202.9,213.0,79.1,123.8,42
2026-10-20 23:00:00,199.9,215.2,77.4,122.5,49
2026-10-21 00:00:00,208.4,216.2,84.6,123.8,53
2026-10-21 01:00:00,219.4,216.2,82.7,136.7,50
2026-10-21 02:00:00,210.3,219.0,81.7,128.6,50
2026-10-21 03:00:00,208.3,230.2,77.8,130.5,57
2026-10-21 04:00:00,195.0,214.6,80.5,114.5,44
2026-10-21 05:00:00,198.8,222.6,78.3,120.5,50
2026-10-21 06:00:00,196.8,224.0,80.6,116.2,50
2026-10-21 07:00:00,212.1,222.4,82.6,129.5,46
2026-10-21 08:00:00,203.3,230.6,77.9,125.4,57
2026-10-21 09:00:00,192.3,210.0,83.8,108.5,40
2026-10-21 10:00:00,200.5,220.0,78.0,122.5,41
2026-10-21 11:00:00,204.0,213.2,79.4,124.6,54
2026-10-21 12:00:00,211.3,210.8,77.4,133.9,58
2026-10-21 13:00:00,195.4,222.6,81.3,114.1,43
2026-10-21 14:00:00,208.2,221.8,80.0,128.2,41
2026-10-21 15:00:00,201.3,213.8,81.3,120.0,47
2026-10-21 16:00:00,205.1,221.0,78.6,126.5,53
2026-10-21 17:00:00,205.6,210.0,80.3,125.3,45
2026-10-21 18:00:00,200.6,202.8,80.2,120.4,49
2026-10-21 19:00:00,193.3,218.8,78.8,114.5,42
2026-10-21 20:00:00,210.3,223.2,77.4,132.9,52
2026-10-21 21:00:00,201.7,212.2,77.0,124.7,55
2026-10-21 22:00:00,215.1,205.4,80.7,134.4,59
2026-10-21 23:00:00,202.8,213.8,81.5,121.3,47
2026-10-22 00:00:00,198.2,218.6,80.2,118.0,46
2026-10-22 01:00:00,193.9,219.4,77.2,116.7,44
2026-10-22 02:00:00,204.5,205.4,77.0,127.5,53
2026-10-22 03:00:00,201.1,211.8,76.2,124.9,51
2026-10-22 04:00:00,214.9,205.2,81.0,133.9,58
2026-10-22 05:00:00,199.2,206.4,78.9,120.3,42
2026-10-22 06:00:00,210.4,220.0,79.6,130.8,58
2026-10-22 07:00:00,202.5,224.8,81.0,121.5,58
2026-10-22 08:00:00,215.3,210.6,82.5,132.8,58
2026-10-22 09:00:00,205.2,219.4,81.5,123.7,43
2026-10-22 10:00:00,209.5,223.8,79.5,130.0,54
2026-10-22 11:00:00,205.3,206.0,82.0,123.3,55
2026-10-22 12:00:00,206.5,218.2,82.1,124.4,56
2026-10-22 13:00:00,197.9,213.6,82.6,115.3,49
2026-10-22 14:00:00,200.7,216.4,77.7,123.0,42
2026-10-22 15:00:00,203.5,218.4,78.7,124.8,54
2026-10-22 16:00:00,216.5,223.0,81.8,134.7,57
2026-10-22 17:00:00,206.1,213.4,78.3,127.8,49
2026-10-22 18:00:00,213.0,214.8,80.1,132.9,55
2026-10-22 19:00:00,209.7,218.0,82.2,127.5,58
2026-10-22 20:00:00,211.8,222.8,79.1,132.7,57
2026-10-22 21:00:00,202.5,212.2,77.1,125.4,55
2026-10-22 22:00:00,205.5,216.8,82.1,123.4,40
2026-10-22 23:00:00,214.0,204.2,78.9,135.1,58
2026-10-23 00:00:00,212.9,215.2,80.9,132.0,57
2026-10-23 01:00:00,199.8,212.4,78.6,121.2,49
2026-10-23 02:00:00,204.1,221.8,77.8,126.3,55
2026-10-23 03:00:00,214.8,210.8,79.5,135.3,59
2026-10-23 04:00:00,197.8,208.0,78.8,119.0,43
2026-10-23 05:00:00,199.2,213.6,79.2,120.0,46
2026-10-23 06:00:00,198.0,226.4,81.8,116.2,43
2026-10-23 07:00:00,196.4,206.0,80.0,116.4,41
2026-10-23 08:00:00,209.2,216.8,81.2,128.0,59
2026-10-23 09:00:00,217.4,215.2,79.0,138.4,50
2026-10-23 10:00:00,198.8,222.0,77.9,120.9,48
2026-10-23 11:00:00,190.5,215.0,78.8,111.7,47
2026-10-23 12:00:00,205.2,214.0,79.9,125.3,58
2026-10-23 13:00:00,198.5,209.6,77.6,120.9,47
2026-10-23 14:00:00,197.9,208.0,77.5,120.4,50
2026-10-23 15:00:00,201.9,218.2,86.3,115.6,45
2026-10-23 16:00:00,207.1,213.4,79.1,128.0,48
2026-10-23 17:00:00,199.6,204.4,78.1,121.5,44
2026-10-23 18:00:00,198.5,213.4,80.0,118.5,41
2026-10-23 19:00:00,207.1,212.2,79.0,128.1,45
2026-10-23 20:00:00,202.4,225.4,79.3,123.1,59
2026-10-23 21:00:00,200.3,223.4,79.7,120.6,43
2026-10-23 22:00:00,209.4,218.2,80.5,128.9,55
2026-10-23 23:00:00,206.3,200.8,76.7,129.6,42
2026-10-24 00:00:00,208.1,220.6,79.2,128.9,51
2026-10-24 01:00:00,209.6,208.0,81.3,128.3,43
2026-10-24 02:00:00,200.2,217.2,80.8,119.4,44
2026-10-24 03:00:00,207.0,215.6,82.5,124.5,48
2026-10-24 04:00:00,200.8,226.8,81.7,119.1,41
2026-10-24 05:00:00,205.6,212.2,83.6,122.0,48
2026-10-24 06:00:00,208.8,216.6,81.3,127.5,56
2026-10-24 07:00:00,202.5,217.0,79.5,123.0,43
2026-10-24 08:00:00,199.4,207.6,78.4,121.0,50
2026-10-24 09:00:00,199.7,225.4,77.9,121.8,44
2026-10-24 10:00:00,201.3,218.4,81.1,120.2,53
2026-10-24 11:00:00,208.5,214.0,79.3,129.2,57
2026-10-24 12:00:00,205.4,222.0,82.0,123.4,58
2026-10-24 13:00:00,205.6,216.2,79.0,126.6,55
2026-10-24 14:00:00,193.7,219.4,74.9,118.8,45
2026-10-24 15:00:00,206.1,226.2,81.2,124.9,52
2026-10-24 16:00:00,218.3,205.8,83.3,135.0,53
2026-10-24 17:00:00,212.4,215.4,85.6,126.8,58
2026-10-24 18:00:00,208.2,218.8,78.2,130.0,55
2026-10-24 19:00:00,207.9,213.0,78.8,129.1,42
2026-10-24 20:00:00,199.5,216.8,77.9,121.6,53
2026-10-24 21:00:00,202.3,213.2,78.4,123.9,50
2026-10-24 22:00:00,207.7,220.4,80.4,127.3,57
2026-10-24 23:00:00,209.2,208.2,77.1,132.1,56
2026-10-25 00:00:00,207.2,209.6,81.3,125.9,49
2026-10-25 01:00:00,198.4,219.8,78.5,119.9,44
2026-10-25 02:00:00,198.2,208.6,77.9,120.3,45
2026-10-25 03:00:00,205.4,222.0,83.5,121.9,41
2026-10-25 04:00:00,198.4,213.6,83.0,115.4,53
2026-10-25 05:00:00,199.2,222.4,82.1,117.1,41
2026-10-25 06:00:00,210.2,217.8,78.1,132.1,56
2026-10-25 07:00:00,201.3,209.6,82.8,118.5,42
2026-10-25 08:00:00,214.9,226.4,82.6,132.3,58
2026-10-25 09:00:00,207.0,214.4,80.7,126.3,48
2026-10-25 10:00:00,197.8,207.4,79.3,118.5,45
2026-10-25 11:00:00,215.9,208.0,82.2,133.7,54
2026-10-25 12:00:00,209.4,215.0,79.5,129.9,59
2026-10-25 13:00:00,208.0,220.6,80.4,127.6,58
2026-10-25 14:00:00,201.0,218.0,78.7,122.3,51
2026-10-25 15:00:00,203.3,212.2,77.2,126.1,57
2026-10-25 16:00:00,211.5,216.2,81.2,130.3,55
2026-10-25 17:00:00,214.4,206.8,80.0,134.4,50
2026-10-25 18:00:00,208.3,204.4,79.4,128.9,57
2026-10-25 19:00:00,210.1,211.2,80.5,129.6,45
2026-10-25 20:00:00,206.2,207.8,80.4,125.8,41
2026-10-25 21:00:00,210.4,211.0,81.0,129.4,55
2026-10-25 22:00:00,209.4,217.8,82.4,127.0,46
2026-10-25 23:00:00,206.3,207.4,75.7,130.6,47
2026-10-26 00:00:00,206.1,213.2,78.9,127.2,47
2026-10-26 01:00:00,206.7,214.8,81.2,125.5,47
2026-10-26 02:00:00,200.8,215.2,80.2,120.6,40
2026-10-26 03:00:00,203.8,210.2,78.9,124.9,58
2026-10-26 04:00:00,212.3,223.4,77.3,135.0,57
2026-10-26 05:00:00,201.7,220.2,79.2,122.5,47
2026-10-26 06:00:00,196.5,214.2,82.1,114.4,44
2026-10-26 07:00:00,208.1,221.2,77.2,130.9,51
2026-10-26 08:00:00,203.5,214.6,82.1,121.4,43
2026-10-26 09:00:00,184.7,208.2,76.1,108.6,49
2026-10-26 10:00:00,205.4,214.0,80.0,125.4,43
2026-10-26 11:00:00,210.7,212.4,79.9,130.8,52
2026-10-26 12:00:00,207.8,219.8,79.4,128.4,56
2026-10-26 13:00:00,195.4,212.0,77.8,117.6,45
2026-10-26 14:00:00,203.5,217.2,79.4,124.1,59
2026-10-26 15:00:00,200.6,203.4,82.5,118.1,52
2026-10-26 16:00:00,206.9,225.8,78.3,128.6,47
2026-10-26 17:00:00,215.0,217.2,80.7,134.3,54
2026-10-26 18:00:00,204.2,211.0,82.1,122.1,52
2026-10-26 19:00:00,206.6,216.0,80.1,126.5,51
2026-10-26 20:00:00,201.3,211.2,76.2,125.1,51
2026-10-26 21:00:00,198.8,226.8,76.9,121.9,46
2026-10-26 22:00:00,208.2,208.4,79.4,128.8,51
2026-10-26 23:00:00,194.4,220.2,78.5,115.9,47
2026-10-27 00:00:00,201.7,217.4,80.3,121.4,45
2026-10-27 01:00:00,204.1,224.2,78.5,125.6,56
2026-10-27 02:00:00,210.3,205.8,78.9,131.4,53
2026-10-27 03:00:00,211.1,212.8,79.1,132.0,54
2026-10-27 04:00:00,209.9,218.8,84.7,125.2,45
2026-10-27 05:00:00,199.8,220.4,81.4,118.4,57
2026-10-27 06:00:00,202.7,219.8,78.1,124.6,41
2026-10-27 07:00:00,200.9,208.8,81.9,119.0,42
2026-10-27 08:00:00,210.1,208.4,80.4,129.7,57
2026-10-27 09:00:00,201.5,213.8,78.8,122.7,49
2026-10-27 10:00:00,209.6,210.2,79.5,130.1,53
2026-10-27 11:00:00,208.3,213.8,81.0,127.3,56
2026-10-27 12:00:00,210.6,217.4,79.5,131.1,54
2026-10-27 13:00:00,212.1,203.2,80.4,131.7,57
2026-10-27 14:00:00,213.4,209.0,80.1,133.3,55
2026-10-27 15:00:00,203.3,216.2,78.1,125.2,45
2026-10-27 16:00:00,200.5,214.2,77.3,123.2,45
2026-10-27 17:00:00,195.9,217.0,76.5,119.4,41
2026-10-27 18:00:00,205.2,223.8,83.1,122.1,43
2026-10-27 19:00:00,206.1,205.0,77.5,128.6,48
2026-10-27 20:00:00,194.6,202.0,77.9,116.7,56
2026-10-27 21:00:00,210.7,212.0,79.2,131.5,55
2026-10-27 22:00:00,202.2,203.6,78.2,124.0,48
2026-10-27 23:00:00,212.9,206.4,77.8,135.1,49
2026-10-28 00:00:00,196.2,209.4,78.7,117.5,55
2026-10-28 01:00:00,217.7,213.6,83.6,134.1,55
2026-10-28 02:00:00,202.1,216.8,78.1,124.0,44
2026-10-28 03:00:00,203.4,211.4,82.0,121.4,47
2026-10-28 04:00:00,210.7,213.8,82.4,128.3,48
2026-10-28 05:00:00,201.7,219.4,78.7,123.0,40
2026-10-28 06:00:00,207.3,214.2,82.3,125.0,57
2026-10-28 07:00:00,204.9,216.2,78.1,126.8,56
2026-10-28 08:00:00,218.6,203.0,79.3,139.3,50
2026-10-28 09:00:00,204.1,218.0,79.8,124.3,53
2026-10-28 10:00:00,192.0,202.8,78.0,114.0,40
2026-10-28 11:00:00,197.9,209.2,82.0,115.9,42
2026-10-28 12:00:00,202.5,201.8,81.7,120.8,46
2026-10-28 13:00:00,206.2,202.6,81.7,124.5,48
2026-10-28 14:00:00,190.9,208.8,75.9,115.0,44
2026-10-28 15:00:00,216.4,211.8,81.4,135.0,53
2026-10-28 16:00:00,212.3,212.4,80.3,132.0,50
2026-10-28 17:00:00,201.6,217.6,80.3,121.3,54
2026-10-28 18:00:00,198.7,214.0,80.3,118.4,46
2026-10-28 19:00:00,199.3,218.0,79.7,119.6,52
2026-10-28 20:00:00,216.6,216.0,78.6,138.0,58
2026-10-28 21:00:00,203.2,216.0,78.7,124.5,51
2026-10-28 22:00:00,204.5,209.4,80.3,124.2,43
2026-10-28 23:00:00,207.2,218.4,83.1,124.1,51
2026-10-29 00:00:00,195.4,209.0,78.9,116.5,59
2026-10-29 01:00:00,204.2,213.0,82.6,121.6,45
2026-10-29 02:00:00,207.5,212.4,81.1,126.4,49
2026-10-29 03:00:00,208.6,219.2,81.2,127.4,52
2026-10-29 04:00:00,209.6,216.0,81.2,128.4,58
2026-10-29 05:00:00,203.5,221.6,78.1,125.4,57
2026-10-29 06:00:00,193.9,216.6,80.9,113.0,44
2026-10-29 07:00:00,197.7,205.8,76.7,121.0,42
2026-10-29 08:00:00,207.8,207.8,80.5,127.3,48
2026-10-29 09:00:00,204.1,202.8,78.6,125.5,51
2026-10-29 10:00:00,206.9,216.4,76.4,130.5,52
2026-10-29 11:00:00,200.6,203.2,75.3,125.3,57
2026-10-29 12:00:00,195.8,208.6,82.3,113.5,48
2026-10-29 13:00:00,205.1,212.2,82.2,122.9,57
2026-10-29 14:00:00,211.6,213.0,81.3,130.3,55
2026-10-29 15:00:00,209.2,215.4,80.7,128.5,48
2026-10-29 16:00:00,203.8,222.8,80.2,123.6,57
2026-10-29 17:00:00,189.3,216.2,80.1,109.2,45
2026-10-29 18:00:00,206.6,214.0,78.0,128.6,58
2026-10-29 19:00:00,207.1,200.4,79.1,128.0,49
2026-10-29 20:00:00,195.2,213.4,76.7,118.5,40
2026-10-29 21:00:00,206.7,213.4,81.3,125.4,46
2026-10-29 22:00:00,208.8,207.6,80.1,128.7,57
2026-10-29 23:00:00,202.7,213.0,82.6,120.1,52
2026-10-30 00:00:00,196.3,194.2,80.5,115.8,41
2026-10-30 01:00:00,203.2,208.4,83.6,119.6,56
2026-10-30 02:00:00,199.5,216.4,82.7,116.8,41
2026-10-30 03:00:00,200.8,224.0,78.9,121.9,46
2026-10-30 04:00:00,207.8,210.4,79.0,128.8,59
2026-10-30 05:00:00,200.4,208.0,74.9,125.5,46
2026-10-30 06:00:00,196.0,211.8,80.0,116.0,41
2026-10-30 07:00:00,205.8,208.0,79.6,126.2,41
2026-10-30 08:00:00,206.4,219.8,83.3,123.1,42
2026-10-30 09:00:00,200.6,207.8,79.1,121.5,42
2026-10-30 10:00:00,190.5,201.0,81.2,109.3,47
2026-10-30 11:00:00,200.1,215.6,80.1,120.0,57
2026-10-30 12:00:00,204.0,217.6,81.1,122.9,45
2026-10-30 13:00:00,201.7,218.0,81.3,120.4,49
2026-10-30 14:00:00,193.9,215.0,80.6,113.3,43
2026-10-30 15:00:00,205.1,211.6,77.5,127.6,50
2026-10-30 16:00:00,205.9,203.2,79.9,126.0,40
2026-10-30 17:00:00,207.7,221.6,84.2,123.5,44
2026-10-30 18:00:00,209.8,215.2,80.4,129.4,44
2026-10-30 19:00:00,212.1,220.4,82.8,129.3,47
2026-10-30 20:00:00,202.9,212.0,77.2,125.7,56
2026-10-30 21:00:00,206.1,217.6,80.2,125.9,59
2026-10-30 22:00:00,214.6,207.0,79.4,135.2,50
2026-10-30 23:00:00,212.8,209.0,80.1,132.7,59
2026-10-31 00:00:00,197.5,218.2,79.7,117.8,48
2026-10-31 01:00:00,216.4,217.8,80.1,136.3,47
2026-10-31 02:00:00,205.9,197.4,83.0,122.9,45
2026-10-31 03:00:00,202.6,220.2,80.8,121.8,41
2026-10-31 04:00:00,199.2,210.2,79.6,119.6,49
2026-10-31 05:00:00,197.0,207.4,81.2,115.8,43
2026-10-31 06:00:00,199.0,215.8,77.2,121.8,56
2026-10-31 07:00:00,193.0,214.4,76.2,116.8,45
2026-10-31 08:00:00,203.7,212.2,82.2,121.5,44
2026-10-31 09:00:00,204.5,204.4,80.0,124.5,40
2026-10-31 10:00:00,202.2,212.2,77.4,124.8,49
2026-10-31 11:00:00,211.8,208.6,78.4,133.4,54
2026-10-31 12:00:00,209.4,216.2,82.2,127.2,53
2026-10-31 13:00:00,211.5,210.0,81.4,130.1,50
2026-10-31 14:00:00,199.5,208.0,80.3,119.2,40
2026-10-31 15:00:00,209.9,212.2,83.9,126.0,55
2026-10-31 16:00:00,212.0,202.0,79.6,132.4,56
2026-10-31 17:00:00,205.8,201.4,78.9,126.9,48
2026-10-31 18:00:00,214.7,199.4,78.8,135.9,59
2026-10-31 19:00:00,195.8,204.2,78.8,117.0,45
2026-10-31 20:00:00,204.2,221.2,82.3,121.9,41
2026-10-31 21:00:00,196.3,201.4,81.2,115.1,42
2026-10-31 22:00:00,209.7,196.6,80.7,129.0,57
2026-10-31 23:00:00,194.9,206.4,82.5,112.4,44
2026-11-01 00:00:00,203.0,205.0,78.6,124.4,56
2026-11-01 01:00:00,199.9,205.0,79.1,120.8,40
2026-11-01 02:00:00,195.7,220.0,79.9,115.8,52
2026-11-01 03:00:00,210.1,203.6,79.6,130.5,56
2026-11-01 04:00:00,209.3,215.0,80.9,128.4,55
2026-11-01 05:00:00,202.5,218.8,81.4,121.1,51
2026-11-01 06:00:00,210.4,211.8,83.4,127.0,48
2026-11-01 07:00:00,196.9,196.8,81.2,115.7,46
2026-11-01 08:00:00,197.1,208.6,80.6,116.5,55
2026-11-01 09:00:00,206.7,203.8,76.9,129.8,57
2026-11-01 10:00:00,212.1,214.6,80.7,131.4,56
2026-11-01 11:00:00,215.2,200.6,81.2,134.0,57
2026-11-01 12:00:00,201.4,208.8,80.2,121.2,49
2026-11-01 13:00:00,203.5,210.0,80.5,123.0,46
2026-11-01 14:00:00,206.3,207.8,79.1,127.2,54
2026-11-01 15:00:00,210.8,212.2,77.3,133.5,49
2026-11-01 16:00:00,191.7,218.4,77.8,113.9,44
2026-11-01 17:00:00,211.1,213.6,81.4,129.7,41
2026-11-01 18:00:00,210.7,224.6,81.2,129.5,47
2026-11-01 19:00:00,209.3,199.4,81.7,127.6,49
2026-11-01 20:00:00,199.5,209.6,79.4,120.1,48
2026-11-01 21:00:00,215.6,208.8,84.5,131.1,45
2026-11-01 22:00:00,208.9,205.8,77.3,131.6,46
2026-11-01 23:00:00,206.1,215.2,81.7,124.4,47
2026-11-02 00:00:00,218.3,215.6,79.9,138.4,59
2026-11-02 01:00:00,216.8,212.6,82.1,134.7,58
2026-11-02 02:00:00,209.6,208.0,81.2,128.4,56
2026-11-02 03:00:00,203.0,205.8,80.9,122.1,47
2026-11-02 04:00:00,199.2,206.4,80.8,118.4,54
2026-11-02 05:00:00,202.6,210.2,79.8,122.8,58
2026-11-02 06:00:00,202.2,200.4,78.6,123.6,56
2026-11-02 07:00:00,208.7,209.6,79.2,129.5,54
2026-11-02 08:00:00,207.3,206.6,80.7,126.6,52
2026-11-02 09:00:00,198.5,207.6,80.0,118.5,45
2026-11-02 10:00:00,211.1,211.8,81.0,130.1,43
2026-11-02 11:00:00,204.3,203.6,78.3,126.0,43
2026-11-02 12:00:00,204.2,214.6,79.9,124.3,52
2026-11-02 13:00:00,209.0,208.8,82.4,126.6,49
2026-11-02 14:00:00,205.0,214.4,80.8,124.2,57
2026-11-02 15:00:00,214.0,204.4,82.2,131.8,55
2026-11-02 16:00:00,204.3,211.0,82.4,121.9,42
2026-11-02 17:00:00,203.2,210.6,76.5,126.7,55
2026-11-02 18:00:00,203.2,201.8,82.4,120.8,46
2026-11-02 19:00:00,205.6,216.4,80.5,125.1,45
2026-11-02 20:00:00,214.1,207.4,80.6,133.5,58
2026-11-02 21:00:00,196.5,220.8,78.1,118.4,53
2026-11-02 22:00:00,215.9,203.4,80.9,135.0,53
2026-11-02 23:00:00,206.8,213.6,76.5,130.3,58
2026-11-03 00:00:00,211.7,210.4,79.8,131.9,42
2026-11-03 01:00:00,210.7,215.0,80.7,130.0,41
2026-11-03 02:00:00,210.8,199.8,81.6,129.2,51
2026-11-03 03:00:00,202.2,200.4,79.4,122.8,50
2026-11-03 04:00:00,207.6,207.4,78.6,129.0,55
2026-11-03 05:00:00,200.9,209.6,77.9,123.0,58
2026-11-03 06:00:00,202.6,203.2,80.4,122.2,40
2026-11-03 07:00:00,205.9,217.8,79.4,126.5,59
2026-11-03 08:00:00,209.3,205.2,77.6,131.7,50
2026-11-03 09:00:00,210.6,205.6,80.9,129.7,53
2026-11-03 10:00:00,207.3,207.8,80.0,127.3,40
2026-11-03 11:00:00,202.1,210.6,78.6,123.5,48
2026-11-03 12:00:00,208.8,206.2,80.0,128.8,46
2026-11-03 13:00:00,210.8,221.2,82.1,128.7,58
2026-11-03 14:00:00,203.9,199.8,81.2,122.7,48
2026-11-03 15:00:00,202.5,207.4,82.1,120.4,52
2026-11-03 16:00:00,206.2,215.2,80.7,125.5,42
2026-11-03 17:00:00,216.8,215.6,77.3,139.5,56
2026-11-03 18:00:00,209.2,210.0,80.0,129.2,54
2026-11-03 19:00:00,205.1,205.2,76.0,129.1,44
2026-11-03 20:00:00,204.4,214.8,78.7,125.7,46
2026-11-03 21:00:00,197.7,213.2,81.1,116.6,42
2026-11-03 22:00:00,207.9,219.2,78.5,129.4,51
2026-11-03 23:00:00,207.5,217.0,79.9,127.6,58
2026-11-04 00:00:00,213.7,205.2,81.6,132.1,58
2026-11-04 01:00:00,213.4,213.4,78.7,134.7,53
2026-11-04 02:00:00,204.3,211.4,78.2,126.1,40
2026-11-04 03:00:00,214.2,207.6,83.3,130.9,59
2026-11-04 04:00:00,209.3,211.4,79.6,129.7,44
2026-11-04 05:00:00,208.3,211.0,81.6,126.7,50
2026-11-04 06:00:00,200.5,207.2,83.2,117.3,44
2026-11-04 07:00:00,200.8,221.0,79.8,121.0,46
2026-11-04 08:00:00,217.0,210.4,80.3,136.7,44
2026-11-04 09:00:00,200.3,211.2,78.9,121.4,40
2026-11-04 10:00:00,201.8,213.8,79.9,121.9,41
2026-11-04 11:00:00,199.6,205.2,78.7,120.9,44
2026-11-04 12:00:00,204.2,213.0,81.5,122.7,40
2026-11-04 13:00:00,217.4,207.0,80.4,137.0,54
2026-11-04 14:00:00,216.6,207.0,80.1,136.5,52
2026-11-04 15:00:00,210.5,211.0,78.2,132.3,58
2026-11-04 16:00:00,212.0,213.4,84.2,127.8,50
2026-11-04 17:00:00,205.8,200.8,80.5,125.3,53
2026-11-04 18:00:00,202.2,204.6,79.0,123.2,49
2026-11-04 19:00:00,208.8,210.2,83.3,125.5,55
2026-11-04 20:00:00,201.5,206.4,77.5,124.0,54
2026-11-04 21:00:00,202.6,202.8,78.9,123.7,48
2026-11-04 22:00:00,208.7,200.2,80.3,128.4,58
2026-11-04 23:00:00,203.8,203.2,80.2,123.6,53
2026-11-05 00:00:00,198.4,205.8,76.8,121.6,47
2026-11-05 01:00:00,205.9,207.8,80.2,125.7,42
2026-11-05 02:00:00,209.6,212.8,82.1,127.5,46
2026-11-05 03:00:00,219.2,213.8,82.1,137.1,55
2026-11-05 04:00:00,205.1,206.0,81.1,124.0,43
2026-11-05 05:00:00,207.0,205.0,81.5,125.5,55
2026-11-05 06:00:00,200.5,199.0,78.8,121.7,46
2026-11-05 07:00:00,211.4,213.2,79.9,131.5,45
2026-11-05 08:00:00,197.1,209.8,76.9,120.2,46
2026-11-05 09:00:00,196.6,199.8,79.4,117.2,48
2026-11-05 10:00:00,210.7,209.2,78.5,132.2,48
2026-11-05 11:00:00,205.0,208.0,81.9,123.1,57
2026-11-05 12:00:00,206.8,199.2,80.8,126.0,51
2026-11-05 13:00:00,212.2,208.8,81.6,130.6,52
2026-11-05 14:00:00,203.4,202.0,80.7,122.7,53
2026-11-05 15:00:00,202.8,208.0,81.3,121.5,47
2026-11-05 16:00:00,201.0,199.0,80.2,120.8,41
2026-11-05 17:00:00,204.3,201.2,76.1,128.2,50
2026-11-05 18:00:00,201.7,212.8,76.2,125.5,47
2026-11-05 19:00:00,200.1,208.8,77.9,122.2,47
2026-11-05 20:00:00,195.7,200.8,76.5,119.2,46
2026-11-05 21:00:00,194.6,213.8,76.1,118.5,43
2026-11-05 22:00:00,218.0,203.2,79.6,138.4,57
2026-11-05 23:00:00,204.6,215.2,79.1,125.5,47
2026-11-06 00:00:00,212.6,208.8,78.3,134.3,59
2026-11-06 01:00:00,202.2,210.8,80.6,121.6,56
2026-11-06 02:00:00,208.0,219.4,80.0,128.0,57
2026-11-06 03:00:00,207.0,204.8,80.9,126.1,55
2026-11-06 04:00:00,205.7,212.8,81.3,124.4,54
2026-11-06 05:00:00,205.8,206.6,79.6,126.2,45
2026-11-06 06:00:00,209.7,206.8,79.9,129.8,47
2026-11-06 07:00:00,213.1,200.6,80.1,133.0,57
2026-11-06 08:00:00,208.5,216.6,79.0,129.5,48
2026-11-06 09:00:00,203.8,203.4,78.3,125.5,59
2026-11-06 10:00:00,208.6,193.6,80.3,128.3,51
2026-11-06 11:00:00,207.2,201.8,83.1,124.1,45
2026-11-06 12:00:00,210.9,216.6,81.1,129.8,52
2026-11-06 13:00:00,196.8,209.0,78.4,118.4,58
2026-11-06 14:00:00,202.0,207.2,80.2,121.8,40
2026-11-06 15:00:00,211.3,208.4,80.8,130.5,47
2026-11-06 16:00:00,211.9,207.8,79.3,132.6,50
2026-11-06 17:00:00,209.8,197.2,79.4,130.4,58
2026-11-06 18:00:00,207.2,202.0,80.7,126.5,53
2026-11-06 19:00:00,191.5,210.0,76.6,114.9,41
2026-11-06 20:00:00,210.1,201.0,80.7,129.4,45
2026-11-06 21:00:00,224.1,205.6,81.2,142.9,58
2026-11-06 22:00:00,212.9,207.4,83.0,129.9,56
2026-11-06 23:00:00,208.0,206.4,80.5,127.5,54
2026-11-07 00:00:00,194.6,200.2,78.9,115.7,48
2026-11-07 01:00:00,213.8,210.0,80.0,133.8,47
2026-11-07 02:00:00,199.1,205.8,80.6,118.5,50
2026-11-07 03:00:00,199.7,189.6,79.6,120.1,59
2026-11-07 04:00:00,209.7,207.4,81.9,127.8,51
2026-11-07 05:00:00,211.9,202.0,83.5,128.4,50
2026-11-07 06:00:00,198.4,213.6,79.4,119.0,45
2026-11-07 07:00:00,201.3,206.2,83.6,117.7,43
2026-11-07 08:00:00,205.8,206.6,78.9,126.9,59
2026-11-07 09:00:00,199.1,202.8,81.2,117.9,41
2026-11-07 10:00:00,196.4,206.8,79.8,116.6,47
2026-11-07 11:00:00,207.1,208.2,83.6,123.5,41
2026-11-07 12:00:00,208.1,209.6,79.9,128.2,48
2026-11-07 13:00:00,207.0,203.2,82.4,124.6,49
2026-11-07 14:00:00,213.0,193.4,82.1,130.9,59
2026-11-07 15:00:00,210.9,219.8,81.4,129.5,48
2026-11-07 16:00:00,208.3,207.4,79.6,128.7,55
2026-11-07 17:00:00,203.9,204.6,76.9,127.0,46
2026-11-07 18:00:00,205.6,210.4,78.3,127.3,54
2026-11-07 19:00:00,203.8,212.2,76.7,127.1,42
2026-11-07 20:00:00,212.5,201.8,81.6,130.9,59
2026-11-07 21:00:00,198.2,205.0,81.2,117.0,41
2026-11-07 22:00:00,208.4,208.8,80.1,128.3,50
2026-11-07 23:00:00,199.2,213.4,81.7,117.5,45
2026-11-08 00:00:00,198.4,200.4,81.9,116.5,40
2026-11-08 01:00:00,200.1,202.0,83.9,116.2,47
2026-11-08 02:00:00,200.9,209.4,79.4,121.5,48
2026-11-08 03:00:00,191.9,203.6,78.5,113.4,42
2026-11-08 04:00:00,207.4,206.0,82.8,124.6,43
2026-11-08 05:00:00,207.1,202.2,79.5,127.6,59
2026-11-08 06:00:00,201.5,211.0,81.1,120.4,51
2026-11-08 07:00:00,209.3,201.8,79.6,129.7,45
2026-11-08 08:00:00,195.9,201.0,77.9,118.0,48
2026-11-08 09:00:00,207.1,189.6,83.1,124.0,41
2026-11-08 10:00:00,209.6,195.0,78.6,131.0,51
2026-11-08 11:00:00,204.9,205.4,77.7,127.2,43
2026-11-08 12:00:00,199.1,201.8,80.6,118.5,47
2026-11-08 13:00:00,199.8,204.0,76.7,123.1,43
2026-11-08 14:00:00,197.7,205.8,79.7,118.0,44
2026-11-08 15:00:00,192.7,212.8,79.1,113.6,47
2026-11-08 16:00:00,204.5,208.0,82.5,122.0,50
2026-11-08 17:00:00,200.2,196.4,77.6,122.6,45
2026-11-08 18:00:00,197.2,209.6,81.1,116.1,43
2026-11-08 19:00:00,211.0,191.8,80.3,130.7,58
2026-11-08 20:00:00,202.9,207.8,77.8,125.1,51
2026-11-08 21:00:00,213.0,214.6,80.0,133.0,52
2026-11-08 22:00:00,209.2,205.2,86.8,122.4,55
2026-11-08 23:00:00,211.1,207.6,83.6,127.5,49
2026-11-09 00:00:00,199.2,207.6,79.6,119.6,57
2026-11-09 01:00:00,205.4,206.2,77.8,127.6,43
2026-11-09 02:00:00,204.3,198.8,83.6,120.7,40
2026-11-09 03:00:00,201.6,213.2,79.7,121.9,45
2026-11-09 04:00:00,210.5,193.4,81.2,129.3,41
2026-11-09 05:00:00,202.6,201.4,77.4,125.2,56
2026-11-09 06:00:00,211.7,205.6,80.0,131.7,54
2026-11-09 07:00:00,220.0,200.2,82.3,137.7,59
2026-11-09 08:00:00,202.5,212.6,79.8,122.7,51
2026-11-09 09:00:00,208.3,208.4,77.7,130.6,44
2026-11-09 10:00:00,205.1,206.6,82.9,122.2,42
2026-11-09 11:00:00,202.9,208.4,82.2,120.7,44
2026-11-09 12:00:00,200.7,206.4,79.3,121.4,40
2026-11-09 13:00:00,198.5,198.4,79.1,119.4,50
2026-11-09 14:00:00,203.2,201.0,79.6,123.6,55
2026-11-09 15:00:00,216.3,205.0,80.8,135.5,56
2026-11-09 16:00:00,218.2,203.8,78.8,139.4,58
2026-11-09 17:00:00,208.7,212.4,79.2,129.5,51
2026-11-09 18:00:00,195.2,209.8,80.6,114.6,44
2026-11-09 19:00:00,210.2,197.4,84.7,125.5,52
2026-11-09 20:00:00,203.6,204.6,79.2,124.4,45
2026-11-09 21:00:00,212.6,214.6,85.3,127.3,54
2026-11-09 22:00:00,199.6,192.6,79.2,120.4,41
2026-11-09 23:00:00,200.9,207.8,77.5,123.4,49
2026-11-10 00:00:00,189.6,204.0,78.4,111.2,41
2026-11-10 01:00:00,198.5,211.6,75.3,123.2,57
2026-11-10 02:00:00,200.4,205.6,78.5,121.9,40
2026-11-10 03:00:00,209.1,205.0,80.4,128.7,58
2026-11-10 04:00:00,196.5,197.8,80.6,115.9,48
2026-11-10 05:00:00,200.3,197.8,78.7,121.6,53
2026-11-10 06:00:00,201.2,198.6,81.2,120.0,51
2026-11-10 07:00:00,202.7,197.4,80.8,121.9,46
2026-11-10 08:00:00,197.9,194.2,78.4,119.5,47
2026-11-10 09:00:00,216.5,206.8,81.2,135.3,59
2026-11-10 10:00:00,195.3,205.8,79.5,115.8,40
2026-11-10 11:00:00,205.0,193.6,78.8,126.2,48
2026-11-10 12:00:00,210.8,190.8,80.1,130.7,51
2026-11-10 13:00:00,208.0,208.6,81.7,126.3,59
2026-11-10 14:00:00,194.1,209.0,79.6,114.5,40
2026-11-10 15:00:00,201.5,198.8,79.4,122.1,48
2026-11-10 16:00:00,207.7,200.4,80.0,127.7,59
2026-11-10 17:00:00,207.8,208.6,79.4,128.4,43
2026-11-10 18:00:00,211.4,204.2,82.5,128.9,52
2026-11-10 19:00:00,213.9,201.8,79.9,134.0,59
2026-11-10 20:00:00,207.3,194.8,80.2,127.1,48
2026-11-10 21:00:00,209.5,208.4,84.3,125.2,41
2026-11-10 22:00:00,206.3,201.0,80.7,125.6,59
2026-11-10 23:00:00,206.9,189.2,80.9,126.0,58
2026-11-11 00:00:00,207.9,194.2,80.7,127.2,51
2026-11-11 01:00:00,209.2,183.0,79.4,129.8,44
2026-11-11 02:00:00,203.8,193.8,80.0,123.8,46
2026-11-11 03:00:00,199.7,203.0,76.5,123.2,47
2026-11-11 04:00:00,202.0,197.4,82.6,119.4,43
2026-11-11 05:00:00,211.2,203.2,79.1,132.1,57
2026-11-11 06:00:00,201.1,199.2,81.1,120.0,47
2026-11-11 07:00:00,204.6,199.4,79.1,125.5,50
2026-11-11 08:00:00,203.4,195.2,79.1,124.3,47
2026-11-11 09:00:00,200.1,195.2,80.0,120.1,42
2026-11-11 10:00:00,203.3,203.6,76.7,126.6,45
2026-11-11 11:00:00,193.9,204.4,80.0,113.9,44
2026-11-11 12:00:00,212.2,192.4,83.9,128.3,54
2026-11-11 13:00:00,206.3,207.8,76.6,129.7,49
2026-11-11 14:00:00,212.6,201.2,81.8,130.8,47
2026-11-11 15:00:00,197.7,201.8,78.6,119.1,43
2026-11-11 16:00:00,197.9,202.0,80.6,117.3,47
2026-11-11 17:00:00,208.1,203.4,80.2,127.9,44
2026-11-11 18:00:00,207.6,210.6,78.9,128.7,45
2026-11-11 19:00:00,204.1,187.6,80.3,123.8,45
2026-11-11 20:00:00,203.0,193.2,82.4,120.6,41
2026-11-11 21:00:00,201.0,194.8,79.8,121.2,45
2026-11-11 22:00:00,206.5,204.8,84.6,121.9,43
2026-11-11 23:00:00,208.8,197.2,80.1,128.7,59
2026-11-12 00:00:00,204.6,204.4,77.9,126.7,54
2026-11-12 01:00:00,209.0,196.6,82.6,126.4,48
2026-11-12 02:00:00,202.0,194.8,83.4,118.6,42
2026-11-12 03:00:00,207.6,193.2,80.3,127.3,51
2026-11-12 04:00:00,204.1,198.6,77.1,127.0,50
2026-11-12 05:00:00,199.6,207.2,79.6,120.0,40
2026-11-12 06:00:00,206.3,199.6,84.4,121.9,40
2026-11-12 07:00:00,202.6,196.6,79.0,123.6,47
2026-11-12 08:00:00,207.4,195.8,79.2,128.2,55
2026-11-12 09:00:00,211.2,194.0,80.5,130.7,48
2026-11-12 10:00:00,207.9,206.8,81.7,126.2,57
2026-11-12 11:00:00,196.0,209.0,81.6,114.4,43
2026-11-12 12:00:00,212.8,213.2,80.1,132.7,53
2026-11-12 13:00:00,186.5,200.8,79.8,106.7,42
2026-11-12 14:00:00,214.4,199.2,79.4,135.0,54
2026-11-12 15:00:00,216.9,198.8,79.6,137.3,59
2026-11-12 16:00:00,202.2,204.8,82.2,120.0,43
2026-11-12 17:00:00,203.8,201.0,79.2,124.6,55
2026-11-12 18:00:00,200.5,190.4,78.5,122.0,45
2026-11-12 19:00:00,209.3,211.4,80.4,128.9,51
2026-11-12 20:00:00,194.0,200.0,75.5,118.5,51
2026-11-12 21:00:00,204.4,204.6,80.2,124.2,43
2026-11-12 22:00:00,196.0,201.6,78.7,117.3,51
2026-11-12 23:00:00,208.7,197.8,79.7,129.0,56
2026-11-13 00:00:00,200.6,205.2,81.0,119.6,54
2026-11-13 01:00:00,204.9,210.8,81.1,123.8,51
2026-11-13 02:00:00,214.0,214.4,82.6,131.4,52
2026-11-13 03:00:00,212.3,205.4,82.8,129.5,58
2026-11-13 04:00:00,201.6,196.8,80.9,120.7,54
2026-11-13 05:00:00,208.9,211.8,79.4,129.5,59
2026-11-13 06:00:00,208.7,197.2,79.1,129.6,55
2026-11-13 07:00:00,206.8,217.0,84.6,122.2,53
2026-11-13 08:00:00,193.7,201.8,80.4,113.3,40
2026-11-13 09:00:00,214.4,205.0,80.2,134.2,59
2026-11-13 10:00:00,208.1,198.0,80.8,127.3,44
2026-11-13 11:00:00,198.0,192.0,79.8,118.2,52
2026-11-13 12:00:00,193.7,208.4,81.1,112.6,41
2026-11-13 13:00:00,207.9,201.2,80.0,127.9,51
2026-11-13 14:00:00,214.8,200.0,80.7,134.1,49
2026-11-13 15:00:00,201.8,205.0,80.6,121.2,43
2026-11-13 16:00:00,198.4,210.8,78.6,119.8,40
2026-11-13 17:00:00,218.0,202.4,81.3,136.7,59
2026-11-13 18:00:00,194.2,207.8,81.7,112.5,42
2026-11-13 19:00:00,204.7,197.6,80.4,124.3,59
2026-11-13 20:00:00,209.5,201.8,77.4,132.1,58
2026-11-13 21:00:00,200.3,197.0,79.7,120.6,47
2026-11-13 22:00:00,193.0,205.6,78.5,114.5,47
2026-11-13 23:00:00,201.4,204.8,80.0,121.4,46
2026-11-14 00:00:00,199.3,205.8,79.4,119.9,55
2026-11-14 01:00:00,206.0,210.0,76.2,129.8,59
2026-11-14 02:00:00,210.7,199.6,79.6,131.1,49
2026-11-14 03:00:00,206.1,198.2,82.7,123.4,40
2026-11-14 04:00:00,221.7,196.0,81.1,140.6,44
2026-11-14 05:00:00,196.8,203.2,80.4,116.4,49
2026-11-14 06:00:00,203.2,206.6,82.7,120.5,50
2026-11-14 07:00:00,199.7,198.8,79.3,120.4,47
2026-11-14 08:00:00,201.8,200.6,79.3,122.5,59
2026-11-14 09:00:00,192.7,203.0,80.0,112.7,43
2026-11-14 10:00:00,212.5,199.2,81.7,130.8,56
2026-11-14 11:00:00,213.1,199.6,82.3,130.8,57
2026-11-14 12:00:00,209.6,206.6,81.4,128.2,45
2026-11-14 13:00:00,207.3,193.2,79.1,128.2,49
2026-11-14 14:00:00,212.4,199.4,80.6,131.8,44
2026-11-14 15:00:00,207.7,200.0,84.2,123.5,58
2026-11-14 16:00:00,200.1,205.6,78.6,121.5,56
2026-11-14 17:00:00,205.0,195.6,79.0,126.0,46
2026-11-14 18:00:00,207.2,200.6,79.1,128.1,45
2026-11-14 19:00:00,207.0,201.6,79.2,127.8,52
2026-11-14 20:00:00,214.2,202.0,83.2,131.0,51
2026-11-14 21:00:00,206.4,211.4,84.5,121.9,42
2026-11-14 22:00:00,201.4,201.8,76.3,125.1,49
2026-11-14 23:00:00,202.8,194.0,79.0,123.8,57
2026-11-15 00:00:00,213.7,209.0,78.5,135.2,52
2026-11-15 01:00:00,212.4,200.8,79.4,133.0,54
2026-11-15 02:00:00,195.0,201.4,81.2,113.8,44
2026-11-15 03:00:00,212.6,202.2,80.5,132.1,58
2026-11-15 04:00:00,197.9,203.8,81.6,116.3,49
2026-11-15 05:00:00,211.8,213.2,79.9,131.9,46
2026-11-15 06:00:00,203.7,201.2,80.3,123.4,50
2026-11-15 07:00:00,199.6,198.6,79.5,120.1,43
2026-11-15 08:00:00,202.1,204.8,78.5,123.6,56
2026-11-15 09:00:00,203.4,197.2,79.9,123.5,51
2026-11-15 10:00:00,194.5,199.0,76.0,118.5,59
2026-11-15 11:00:00,213.9,197.0,79.4,134.5,53
2026-11-15 12:00:00,192.7,204.2,76.7,116.0,40
2026-11-15 13:00:00,198.1,201.0,78.8,119.3,40
2026-11-15 14:00:00,209.6,212.6,81.2,128.4,51
2026-11-15 15:00:00,207.7,205.4,80.3,127.4,57
2026-11-15 16:00:00,202.4,210.0,80.9,121.5,42
2026-11-15 17:00:00,208.5,192.6,80.5,128.0,43
2026-11-15 18:00:00,201.1,199.8,83.0,118.1,56
2026-11-15 19:00:00,201.0,195.6,79.9,121.1,41
2026-11-15 20:00:00,207.0,212.4,83.0,124.0,43
2026-11-15 21:00:00,195.6,195.0,81.6,114.0,43
2026-11-15 22:00:00,210.9,202.6,77.9,133.0,53
2026-11-15 23:00:00,193.4,206.4,78.0,115.4,48
2026-11-16 00:00:00,212.2,194.8,81.8,130.4,54
2026-11-16 01:00:00,219.2,190.6,82.6,136.6,57
2026-11-16 02:00:00,205.2,200.6,78.2,127.0,55
2026-11-16 03:00:00,216.0,208.0,81.2,134.8,57
2026-11-16 04:00:00,204.4,199.2,84.5,119.9,43
2026-11-16 05:00:00,201.0,204.4,79.6,121.4,48
2026-11-16 06:00:00,215.3,210.6,81.0,134.3,53
2026-11-16 07:00:00,213.0,202.8,77.1,135.9,55
2026-11-16 08:00:00,196.7,196.2,77.6,119.1,41
2026-11-16 09:00:00,198.9,197.8,78.3,120.6,41
2026-11-16 10:00:00,213.5,195.4,79.4,134.1,57
2026-11-16 11:00:00,205.8,201.8,78.4,127.4,49
2026-11-16 12:00:00,195.8,194.6,81.2,114.6,52
2026-11-16 13:00:00,207.3,200.0,77.1,130.2,41
2026-11-16 14:00:00,202.0,199.6,81.6,120.4,44
2026-11-16 15:00:00,200.2,204.4,80.3,119.9,45
2026-11-16 16:00:00,196.1,205.8,80.2,115.9,49
2026-11-16 17:00:00,215.9,196.6,83.9,132.0,49
2026-11-16 18:00:00,211.5,214.2,81.1,130.4,58
2026-11-16 19:00:00,194.6,217.0,82.2,112.4,46
2026-11-16 20:00:00,197.6,203.2,77.8,119.8,53
2026-11-16 21:00:00,211.4,192.6,77.9,133.5,55
2026-11-16 22:00:00,211.4,197.0,81.4,130.0,58
2026-11-16 23:00:00,215.9,197.6,82.1,133.8,55
2026-11-17 00:00:00,206.7,201.6,81.1,125.6,48
2026-11-17 01:00:00,205.4,196.0,80.0,125.4,41
2026-11-17 02:00:00,209.9,211.4,81.7,128.2,48
2026-11-17 03:00:00,206.0,189.4,83.7,122.3,48
2026-11-17 04:00:00,203.7,205.4,79.4,124.3,41
2026-11-17 05:00:00,210.0,204.0,83.5,126.5,43
2026-11-17 06:00:00,213.5,200.8,78.9,134.6,57
2026-11-17 07:00:00,206.8,199.6,81.7,125.1,54
2026-11-17 08:00:00,209.8,203.4,82.0,127.8,55
2026-11-17 09:00:00,210.8,199.4,78.4,132.4,48
2026-11-17 10:00:00,201.9,189.2,80.9,121.0,57
2026-11-17 11:00:00,212.0,195.0,79.2,132.8,43
2026-11-17 12:00:00,194.7,208.0,80.3,114.4,40
2026-11-17 13:00:00,208.8,203.2,81.1,127.7,50
2026-11-17 14:00:00,204.8,197.0,78.3,126.5,58
2026-11-17 15:00:00,202.5,197.0,78.1,124.4,48
2026-11-17 16:00:00,194.5,203.2,78.1,116.4,45
2026-11-17 17:00:00,203.6,194.0,81.4,122.2,50
2026-11-17 18:00:00,204.0,203.8,78.8,125.2,41
2026-11-17 19:00:00,201.8,189.0,81.6,120.2,40
2026-11-17 20:00:00,211.6,200.6,83.5,128.1,57
2026-11-17 21:00:00,205.2,202.0,80.6,124.6,43
2026-11-17 22:00:00,211.8,197.6,83.6,128.2,46
2026-11-17 23:00:00,213.0,192.0,80.9,132.1,45
2026-11-18 00:00:00,211.0,195.0,82.2,128.8,57
2026-11-18 01:00:00,195.5,202.2,77.4,118.1,41
2026-11-18 02:00:00,196.7,191.8,78.2,118.5,40
2026-11-18 03:00:00,203.0,189.6,80.1,122.9,52
2026-11-18 04:00:00,213.3,188.8,83.7,129.6,47
2026-11-18 05:00:00,205.7,204.8,78.0,127.7,54
2026-11-18 06:00:00,200.0,204.2,81.5,118.5,45
2026-11-18 07:00:00,199.0,195.6,78.7,120.3,41
2026-11-18 08:00:00,203.7,190.8,79.8,123.9,43
2026-11-18 09:00:00,207.0,189.4,80.1,126.9,55
2026-11-18 10:00:00,207.4,196.4,80.8,126.6,52
2026-11-18 11:00:00,210.8,187.6,81.5,129.3,52
2026-11-18 12:00:00,198.1,186.0,81.0,117.1,40
2026-11-18 13:00:00,201.7,197.6,76.7,125.0,45
2026-11-18 14:00:00,213.6,203.2,78.8,134.8,49
2026-11-18 15:00:00,208.3,193.6,76.3,132.0,59
2026-11-18 16:00:00,214.1,194.0,81.4,132.7,45
2026-11-18 17:00:00,205.1,193.2,80.9,124.2,49
2026-11-18 18:00:00,210.0,201.0,81.2,128.8,58
2026-11-18 19:00:00,204.9,201.8,80.2,124.7,57
2026-11-18 20:00:00,201.0,199.8,77.1,123.9,51
2026-11-18 21:00:00,212.1,192.4,82.4,129.7,58
2026-11-18 22:00:00,219.2,201.0,83.0,136.2,56
2026-11-18 23:00:00,207.7,195.8,83.4,124.3,51
2026-11-19 00:00:00,202.2,201.8,78.5,123.7,41
2026-11-19 01:00:00,208.5,189.4,81.1,127.4,43
2026-11-19 02:00:00,211.7,200.2,82.2,129.5,48
2026-11-19 03:00:00,216.8,197.2,81.8,135.0,54
2026-11-19 04:00:00,197.0,192.6,77.3,119.7,45
2026-11-19 05:00:00,207.5,196.8,79.5,128.0,55
2026-11-19 06:00:00,212.2,201.0,82.7,129.5,49
2026-11-19 07:00:00,195.2,192.4,79.0,116.2,45
2026-11-19 08:00:00,218.5,197.8,77.9,140.6,59
2026-11-19 09:00:00,210.6,193.4,79.1,131.5,56
2026-11-19 10:00:00,203.4,204.2,79.6,123.8,46
2026-11-19 11:00:00,199.9,202.6,81.4,118.5,43
2026-11-19 12:00:00,199.0,192.4,82.0,117.0,46
2026-11-19 13:00:00,211.2,194.2,83.4,127.8,49
2026-11-19 14:00:00,204.9,197.4,79.1,125.8,59
2026-11-19 15:00:00,217.7,193.6,80.4,137.3,47
2026-11-19 16:00:00,212.8,197.4,79.3,133.5,49
2026-11-19 17:00:00,211.1,192.6,81.8,129.3,53
2026-11-19 18:00:00,200.3,199.8,79.0,121.3,50
2026-11-19 19:00:00,187.9,198.6,77.5,110.4,42
2026-11-19 20:00:00,202.0,204.0,79.7,122.3,40
2026-11-19 21:00:00,197.0,189.6,82.5,114.5,49
2026-11-19 22:00:00,199.3,206.2,83.6,115.7,45
2026-11-19 23:00:00,206.6,200.2,80.8,125.8,52
2026-11-20 00:00:00,202.1,191.4,78.1,124.0,55
2026-11-20 01:00:00,210.8,199.8,79.3,131.5,56
2026-11-20 02:00:00,199.7,193.2,80.2,119.5,41
2026-11-20 03:00:00,198.9,192.4,77.4,121.5,50
2026-11-20 04:00:00,202.4,199.8,84.0,118.4,50
2026-11-20 05:00:00,209.5,203.6,78.1,131.4,44
2026-11-20 06:00:00,204.0,202.2,83.6,120.4,48
2026-11-20 07:00:00,209.0,211.0,80.1,128.9,41
2026-11-20 08:00:00,201.0,205.8,79.2,121.8,57
2026-11-20 09:00:00,211.8,192.0,80.5,131.3,48
2026-11-20 10:00:00,209.7,187.0,81.2,128.5,51
2026-11-20 11:00:00,213.6,197.6,80.1,133.5,59
2026-11-20 12:00:00,207.0,197.8,77.4,129.6,53
2026-11-20 13:00:00,199.0,205.8,79.2,119.8,47
2026-11-20 14:00:00,198.9,197.4,78.6,120.3,41
2026-11-20 15:00:00,214.0,199.8,78.8,135.2,53
2026-11-20 16:00:00,206.3,208.8,76.3,130.0,53
2026-11-20 17:00:00,209.6,194.0,78.8,130.8,51
2026-11-20 18:00:00,204.3,196.8,78.4,125.9,51
2026-11-20 19:00:00,204.9,195.0,78.9,126.0,41
2026-11-20 20:00:00,206.8,211.0,80.3,126.5,50
2026-11-20 21:00:00,208.7,206.4,78.8,129.9,51
2026-11-20 22:00:00,199.2,198.0,78.7,120.5,42
2026-11-20 23:00:00,205.6,197.2,79.7,125.9,43
2026-11-21 00:00:00,208.4,204.2,82.0,126.4,58
2026-11-21 01:00:00,203.5,200.4,77.6,125.9,59
2026-11-21 02:00:00,199.0,193.0,76.3,122.7,42
2026-11-21 03:00:00,199.7,203.2,81.7,118.0,40
2026-11-21 04:00:00,199.4,194.6,81.0,118.4,44
2026-11-21 05:00:00,206.3,202.8,81.8,124.5,40
2026-11-21 06:00:00,220.0,196.4,79.2,140.8,56
2026-11-21 07:00:00,207.4,191.2,80.0,127.4,43
2026-11-21 08:00:00,201.5,204.4,78.1,123.4,55
2026-11-21 09:00:00,209.2,194.2,80.0,129.2,55
2026-11-21 10:00:00,201.8,200.4,78.0,123.8,42
2026-11-21 11:00:00,205.4,191.8,79.3,126.1,52
2026-11-21 12:00:00,201.6,185.4,80.8,120.8,45
2026-11-21 13:00:00,208.9,199.0,81.1,127.8,46
2026-11-21 14:00:00,196.2,202.0,79.8,116.4,51
2026-11-21 15:00:00,208.1,197.4,78.4,129.7,49
2026-11-21 16:00:00,197.1,200.2,77.3,119.8,55
2026-11-21 17:00:00,194.6,197.4,77.3,117.3,49
2026-11-21 18:00:00,212.7,185.8,85.0,127.7,55
2026-11-21 19:00:00,200.9,204.8,78.4,122.5,44
2026-11-21 20:00:00,205.2,203.4,78.2,127.0,45
2026-11-21 21:00:00,213.0,189.0,83.6,129.4,59
2026-11-21 22:00:00,197.2,205.2,78.2,119.0,56
2026-11-21 23:00:00,208.9,192.4,78.5,130.4,41
2026-11-22 00:00:00,207.6,199.6,82.6,125.0,59
2026-11-22 01:00:00,206.8,199.0,81.9,124.9,48
2026-11-22 02:00:00,207.4,191.8,80.0,127.4,47
2026-11-22 03:00:00,203.5,203.8,78.7,124.8,45
2026-11-22 04:00:00,210.8,199.8,83.7,127.1,45
2026-11-22 05:00:00,199.9,188.8,78.5,121.4,52
2026-11-22 06:00:00,198.1,208.8,79.8,118.3,48
2026-11-22 07:00:00,197.4,196.8,79.7,117.7,41
2026-11-22 08:00:00,208.0,190.2,78.9,129.1,55
2026-11-22 09:00:00,211.2,193.4,83.5,127.7,55
2026-11-22 10:00:00,210.4,192.6,84.3,126.1,53
2026-11-22 11:00:00,193.3,205.4,78.7,114.6,54
2026-11-22 12:00:00,207.7,189.6,78.0,129.7,48
2026-11-22 13:00:00,200.2,190.4,81.3,118.9,56
2026-11-22 14:00:00,214.7,192.6,82.8,131.9,54
2026-11-22 15:00:00,203.0,202.4,79.9,123.1,53
2026-11-22 16:00:00,204.2,200.8,82.9,121.3,48
2026-11-22 17:00:00,198.9,196.6,78.6,120.3,48
2026-11-22 18:00:00,196.6,189.6,80.2,116.4,54
2026-11-22 19:00:00,210.6,190.0,77.6,133.0,58
2026-11-22 20:00:00,204.4,188.0,76.7,127.7,51
2026-11-22 21:00:00,206.8,187.4,81.7,125.1,46
2026-11-22 22:00:00,213.4,193.2,81.2,132.2,50
2026-11-22 23:00:00,209.6,192.2,82.5,127.1,54
2026-11-23 00:00:00,210.4,184.8,81.9,128.5,44
2026-11-23 01:00:00,204.7,190.2,78.5,126.2,49
2026-11-23 02:00:00,203.0,193.4,77.6,125.4,42
2026-11-23 03:00:00,211.0,191.0,77.1,133.9,53
2026-11-23 04:00:00,212.1,198.0,80.8,131.3,48
2026-11-23 05:00:00,209.5,188.4,82.5,127.0,48
2026-11-23 06:00:00,215.5,200.0,82.3,133.2,58
2026-11-23 07:00:00,203.7,199.2,79.2,124.5,42
2026-11-23 08:00:00,196.4,197.4,78.9,117.5,42
2026-11-23 09:00:00,197.8,187.4,80.5,117.3,50
2026-11-23 10:00:00,215.5,190.0,82.2,133.3,56
2026-11-23 11:00:00,199.1,203.6,80.3,118.8,45
2026-11-23 12:00:00,205.8,203.6,83.2,122.6,57
2026-11-23 13:00:00,204.5,199.4,76.2,128.3,53
2026-11-23 14:00:00,205.7,193.0,82.2,123.5,54
2026-11-23 15:00:00,206.8,188.4,80.6,126.2,47
2026-11-23 16:00:00,203.7,203.0,82.3,121.4,46
2026-11-23 17:00:00,199.5,189.0,79.6,119.9,46
2026-11-23 18:00:00,202.6,200.2,80.0,122.6,46
2026-11-23 19:00:00,211.9,188.6,82.1,129.8,48
2026-11-23 20:00:00,212.3,183.0,81.8,130.5,53
2026-11-23 21:00:00,205.7,195.2,76.7,129.0,58
2026-11-23 22:00:00,206.8,201.0,79.4,127.4,53
2026-11-23 23:00:00,203.9,199.6,80.6,123.3,42
2026-11-24 00:00:00,208.9,196.4,80.9,128.0,49
2026-11-24 01:00:00,201.7,197.8,80.2,121.5,46
2026-11-24 02:00:00,204.8,187.6,78.9,125.9,58
2026-11-24 03:00:00,189.4,193.2,72.2,117.2,43
2026-11-24 04:00:00,202.7,190.0,79.8,122.9,57
2026-11-24 05:00:00,201.1,195.6,78.6,122.5,52
2026-11-24 06:00:00,212.1,190.0,77.5,134.6,57
2026-11-24 07:00:00,199.6,203.6,78.6,121.0,40
2026-11-24 08:00:00,202.0,197.2,80.0,122.0,52
2026-11-24 09:00:00,212.6,197.8,79.8,132.8,58
2026-11-24 10:00:00,199.8,194.4,80.7,119.1,51
2026-11-24 11:00:00,211.3,190.8,78.4,132.9,58
2026-11-24 12:00:00,212.0,195.8,84.4,127.6,53
2026-11-24 13:00:00,209.0,198.6,81.3,127.7,50
2026-11-24 14:00:00,203.7,190.8,76.8,126.9,53
2026-11-24 15:00:00,212.1,189.6,80.2,131.9,42
2026-11-24 16:00:00,203.1,197.2,83.4,119.7,43
2026-11-24 17:00:00,203.2,205.4,77.9,125.3,53
2026-11-24 18:00:00,213.8,205.2,81.1,132.7,59
2026-11-24 19:00:00,205.3,190.2,78.6,126.7,42
2026-11-24 20:00:00,204.8,185.2,81.0,123.8,43
2026-11-24 21:00:00,212.7,192.4,82.3,130.4,59
2026-11-24 22:00:00,208.0,191.4,81.1,126.9,42
2026-11-24 23:00:00,193.3,202.8,81.0,112.3,53
2026-11-25 00:00:00,207.8,204.2,80.0,127.8,44
2026-11-25 01:00:00,214.2,191.0,79.7,134.5,48
2026-11-25 02:00:00,201.1,193.2,75.5,125.6,43
2026-11-25 03:00:00,186.4,197.2,79.3,107.1,47
2026-11-25 04:00:00,207.8,195.4,82.5,125.3,40
2026-11-25 05:00:00,209.5,196.0,80.1,129.4,53
2026-11-25 06:00:00,194.0,199.2,78.6,115.4,40
2026-11-25 07:00:00,213.9,188.4,81.1,132.8,59
2026-11-25 08:00:00,202.7,193.0,79.7,123.0,42
2026-11-25 09:00:00,194.0,202.2,78.1,115.9,48
2026-11-25 10:00:00,196.1,194.4,80.0,116.1,45
2026-11-25 11:00:00,198.0,208.4,78.9,119.1,42
2026-11-25 12:00:00,205.1,191.4,82.6,122.5,51
2026-11-25 13:00:00,202.3,204.2,78.7,123.6,49
2026-11-25 14:00:00,214.9,200.0,82.3,132.6,59
2026-11-25 15:00:00,211.9,183.8,79.7,132.2,58
2026-11-25 16:00:00,202.8,199.2,83.0,119.8,43
2026-11-25 17:00:00,209.6,195.0,81.4,128.2,48
2026-11-25 18:00:00,207.7,192.6,80.1,127.6,55
2026-11-25 19:00:00,202.3,198.0,80.4,121.9,43
2026-11-25 20:00:00,198.7,204.2,77.7,121.0,40
2026-11-25 21:00:00,201.4,202.8,83.7,117.7,46
2026-11-25 22:00:00,200.0,189.6,83.1,116.9,53
2026-11-25 23:00:00,198.6,193.6,83.1,115.5,40
2026-11-26 00:00:00,205.5,192.8,81.5,124.0,47
2026-11-26 01:00:00,196.1,190.8,77.4,118.7,48
2026-11-26 02:00:00,198.1,204.8,78.4,119.7,41
2026-11-26 03:00:00,206.4,199.2,81.2,125.2,57
2026-11-26 04:00:00,200.8,186.8,78.3,122.5,41
2026-11-26 05:00:00,207.5,181.4,79.2,128.3,56
2026-11-26 06:00:00,206.8,199.8,78.8,128.0,54
2026-11-26 07:00:00,210.8,196.4,80.8,130.0,52
2026-11-26 08:00:00,205.2,193.8,79.3,125.9,53
2026-11-26 09:00:00,198.3,196.8,79.2,119.1,42
2026-11-26 10:00:00,204.4,192.6,80.3,124.1,47
2026-11-26 11:00:00,207.3,196.8,81.9,125.4,46
2026-11-26 12:00:00,199.5,203.8,80.3,119.2,42
2026-11-26 13:00:00,206.6,196.2,80.0,126.6,56
2026-11-26 14:00:00,209.9,206.8,79.9,130.0,59
2026-11-26 15:00:00,213.6,195.4,82.1,131.5,56
2026-11-26 16:00:00,208.1,195.4,80.0,128.1,55
2026-11-26 17:00:00,213.2,203.4,82.9,130.3,51
2026-11-26 18:00:00,207.0,197.2,78.8,128.2,55
2026-11-26 19:00:00,201.3,196.2,79.1,122.2,44
2026-11-26 20:00:00,206.2,200.8,79.0,127.2,47
2026-11-26 21:00:00,204.2,193.0,81.9,122.3,53
2026-11-26 22:00:00,208.2,197.2,80.5,127.7,57
2026-11-26 23:00:00,204.7,197.4,78.6,126.1,45
2026-11-27 00:00:00,190.2,199.2,78.7,111.5,44
2026-11-27 01:00:00,199.0,192.8,80.8,118.2,41
2026-11-27 02:00:00,213.6,188.2,81.5,132.1,52
2026-11-27 03:00:00,214.7,191.4,79.0,135.7,54
2026-11-27 04:00:00,196.4,192.6,79.5,116.9,45
2026-11-27 05:00:00,194.6,188.0,80.2,114.4,48
2026-11-27 06:00:00,195.0,182.8,80.8,114.2,40
2026-11-27 07:00:00,198.8,189.2,80.1,118.7,54
2026-11-27 08:00:00,207.5,191.0,79.2,128.3,42
2026-11-27 09:00:00,207.0,195.8,78.5,128.5,51
2026-11-27 10:00:00,212.6,191.0,81.4,131.2,53
2026-11-27 11:00:00,201.1,201.2,75.6,125.5,49
2026-11-27 12:00:00,204.1,198.8,78.8,125.3,52
2026-11-27 13:00:00,205.1,201.6,82.0,123.1,47
2026-11-27 14:00:00,212.2,196.6,80.5,131.7,54
2026-11-27 15:00:00,198.4,198.4,76.4,122.0,49
2026-11-27 16:00:00,207.1,191.8,79.7,127.4,53
2026-11-27 17:00:00,208.1,199.0,81.3,126.8,45
2026-11-27 18:00:00,226.9,191.4,84.1,142.8,50
2026-11-27 19:00:00,192.3,187.4,78.4,113.9,45
2026-11-27 20:00:00,210.3,201.6,75.8,134.5,55
2026-11-27 21:00:00,206.4,192.4,81.5,124.9,54
2026-11-27 22:00:00,204.0,193.8,78.2,125.8,50
2026-11-27 23:00:00,211.3,199.2,77.6,133.7,50
2026-11-28 00:00:00,204.5,192.4,80.9,123.6,52
2026-11-28 01:00:00,205.0,189.4,82.7,122.3,42
2026-11-28 02:00:00,209.6,191.6,84.1,125.5,40
2026-11-28 03:00:00,207.9,194.2,81.5,126.4,48
2026-11-28 04:00:00,207.5,200.8,80.6,126.9,52
2026-11-28 05:00:00,215.4,183.8,77.3,138.1,53
2026-11-28 06:00:00,210.8,193.4,77.4,133.4,58
2026-11-28 07:00:00,196.2,196.8,79.9,116.3,41
2026-11-28 08:00:00,197.4,184.6,79.0,118.4,44
2026-11-28 09:00:00,208.9,198.4,79.5,129.4,59
2026-11-28 10:00:00,195.8,192.6,78.4,117.4,40
2026-11-28 11:00:00,200.0,190.8,81.8,118.2,45
2026-11-28 12:00:00,202.2,189.6,81.6,120.6,44
2026-11-28 13:00:00,200.3,196.8,80.9,119.4,58
2026-11-28 14:00:00,204.6,195.8,81.7,122.9,44
2026-11-28 15:00:00,200.0,184.4,75.6,124.4,57
2026-11-28 16:00:00,212.9,186.8,80.7,132.2,49
2026-11-28 17:00:00,202.6,195.2,81.9,120.7,59
2026-11-28 18:00:00,203.0,192.2,77.2,125.8,57
2026-11-28 19:00:00,207.8,192.0,79.7,128.1,56
2026-11-28 20:00:00,200.7,190.8,79.4,121.3,45
2026-11-28 21:00:00,206.5,185.0,80.2,126.3,55
2026-11-28 22:00:00,206.4,193.0,78.6,127.8,53
2026-11-28 23:00:00,204.8,181.8,77.6,127.2,47
2026-11-29 00:00:00,200.8,184.0,80.4,120.4,46
2026-11-29 01:00:00,211.1,186.0,79.4,131.7,52
2026-11-29 02:00:00,210.4,201.6,82.4,128.0,48
2026-11-29 03:00:00,211.8,185.6,80.4,131.4,59
2026-11-29 04:00:00,193.1,192.8,81.9,111.2,42
2026-11-29 05:00:00,207.6,202.4,80.0,127.6,47
2026-11-29 06:00:00,205.0,193.0,78.0,127.0,51
2026-11-29 07:00:00,206.1,185.6,79.9,126.2,53
2026-11-29 08:00:00,197.5,184.4,78.7,118.8,48
2026-11-29 09:00:00,206.6,191.6,81.8,124.8,59
2026-11-29 10:00:00,207.5,188.0,82.2,125.3,52
2026-11-29 11:00:00,197.9,188.8,81.0,116.9,45
2026-11-29 12:00:00,206.8,198.6,81.0,125.8,57
2026-11-29 13:00:00,202.8,187.8,83.7,119.1,44
2026-11-29 14:00:00,208.6,186.8,78.5,130.1,52
2026-11-29 15:00:00,214.5,199.4,81.0,133.5,57
2026-11-29 16:00:00,205.5,197.8,80.7,124.8,47
2026-11-29 17:00:00,212.7,185.2,81.3,131.4,53
2026-11-29 18:00:00,209.1,183.8,79.7,129.4,55
2026-11-29 19:00:00,208.6,192.8,80.9,127.7,47
2026-11-29 20:00:00,213.4,196.4,74.2,139.2,58
2026-11-29 21:00:00,195.6,192.8,76.9,118.7,46
2026-11-29 22:00:00,195.8,188.4,78.2,117.6,57
2026-11-29 23:00:00,209.1,194.2,80.3,128.8,58
2026-11-30 00:00:00,205.1,202.0,81.9,123.2,50
2026-11-30 01:00:00,206.4,193.4,77.5,128.9,54
2026-11-30 02:00:00,206.2,206.4,84.6,121.6,51
2026-11-30 03:00:00,197.6,200.0,77.2,120.4,51
2026-11-30 04:00:00,207.1,199.8,80.8,126.3,46
2026-11-30 05:00:00,195.8,190.4,76.3,119.5,56
2026-11-30 06:00:00,198.9,204.2,79.2,119.7,43
2026-11-30 07:00:00,203.2,198.6,82.6,120.6,51
2026-11-30 08:00:00,211.0,187.4,82.7,128.3,52
2026-11-30 09:00:00,199.1,193.0,78.0,121.1,51
2026-11-30 10:00:00,195.2,184.0,79.7,115.5,48
2026-11-30 11:00:00,203.0,189.2,79.6,123.4,53
2026-11-30 12:00:00,195.1,196.6,78.4,116.7,42
2026-11-30 13:00:00,204.5,192.2,79.3,125.2,55
2026-11-30 14:00:00,209.5,176.2,80.0,129.5,43
2026-11-30 15:00:00,208.2,203.8,76.5,131.7,59
2026-11-30 16:00:00,207.9,201.6,77.6,130.3,51
2026-11-30 17:00:00,204.0,199.2,79.3,124.7,46
2026-11-30 18:00:00,189.9,190.4,79.2,110.7,41
2026-11-30 19:00:00,206.2,192.6,81.8,124.4,46
2026-11-30 20:00:00,209.1,192.8,82.1,127.0,56
2026-11-30 21:00:00,194.2,186.2,81.1,113.1,42
2026-11-30 22:00:00,210.0,192.0,82.8,127.2,54
2026-11-30 23:00:00,214.8,203.0,82.6,132.2,50
2026-12-01 00:00:00,200.6,183.4,80.5,120.1,45
2026-12-01 01:00:00,191.5,195.4,77.3,114.2,55
2026-12-01 02:00:00,198.4,182.0,78.8,119.6,46
2026-12-01 03:00:00,208.6,197.4,79.4,129.2,56
2026-12-01 04:00:00,203.2,193.0,81.4,121.8,54
2026-12-01 05:00:00,206.9,192.6,77.5,129.4,55
2026-12-01 06:00:00,213.1,191.6,77.8,135.3,57
2026-12-01 07:00:00,198.3,190.6,80.3,118.0,48
2026-12-01 08:00:00,196.4,193.2,79.1,117.3,48
2026-12-01 09:00:00,201.3,189.2,80.6,120.7,48
2026-12-01 10:00:00,195.6,192.8,80.1,115.5,42
2026-12-01 11:00:00,206.6,197.2,80.0,126.6,47
2026-12-01 12:00:00,212.1,187.4,81.3,130.8,46
2026-12-01 13:00:00,198.9,187.6,78.5,120.4,44
2026-12-01 14:00:00,207.5,197.0,79.6,127.9,57
2026-12-01 15:00:00,202.9,193.2,81.0,121.9,50
2026-12-01 16:00:00,195.6,193.0,77.0,118.6,44
2026-12-01 17:00:00,206.1,204.0,78.6,127.5,44
2026-12-01 18:00:00,204.6,183.6,76.1,128.5,47
2026-12-01 19:00:00,204.4,194.0,80.6,123.8,42
2026-12-01 20:00:00,202.5,188.6,80.4,122.1,41
2026-12-01 21:00:00,193.5,193.8,80.8,112.7,41
2026-12-01 22:00:00,197.9,189.4,81.6,116.3,47
2026-12-01 23:00:00,214.8,194.6,82.9,131.9,50
2026-12-02 00:00:00,198.2,175.4,81.2,117.0,41
2026-12-02 01:00:00,201.2,192.2,82.5,118.7,52
2026-12-02 02:00:00,197.9,194.8,79.1,118.8,42
2026-12-02 03:00:00,209.6,176.8,80.2,129.4,57
2026-12-02 04:00:00,206.7,186.2,80.3,126.4,48
2026-12-02 05:00:00,203.0,178.2,79.5,123.5,46
2026-12-02 06:00:00,216.1,188.6,81.6,134.5,51
2026-12-02 07:00:00,207.4,184.6,79.7,127.7,46
2026-12-02 08:00:00,206.3,186.4,78.2,128.1,46
2026-12-02 09:00:00,194.9,195.0,78.8,116.1,46
2026-12-02 10:00:00,212.4,188.2,81.5,130.9,55
2026-12-02 11:00:00,214.9,188.8,83.8,131.1,50
2026-12-02 12:00:00,205.2,197.6,78.3,126.9,52
2026-12-02 13:00:00,207.5,194.4,79.6,127.9,44
2026-12-02 14:00:00,208.6,182.6,80.8,127.8,47
2026-12-02 15:00:00,205.8,185.2,78.7,127.1,57
2026-12-02 16:00:00,212.0,194.8,79.2,132.8,59
2026-12-02 17:00:00,199.9,181.0,78.6,121.3,48
2026-12-02 18:00:00,211.8,186.8,81.9,129.9,50
2026-12-02 19:00:00,208.6,201.4,83.3,125.3,57
2026-12-02 20:00:00,211.0,183.2,80.7,130.3,57
2026-12-02 21:00:00,207.5,190.2,79.0,128.5,59
2026-12-02 22:00:00,211.2,184.6,78.9,132.3,47
2026-12-02 23:00:00,200.9,176.8,77.9,123.0,46
2026-12-03 00:00:00,213.9,202.6,80.4,133.5,55
2026-12-03 01:00:00,199.1,202.2,80.7,118.4,48
2026-12-03 02:00:00,198.6,198.8,79.8,118.8,47
2026-12-03 03:00:00,210.4,192.0,80.6,129.8,42
2026-12-03 04:00:00,211.2,194.2,79.7,131.5,43
2026-12-03 05:00:00,211.4,181.6,79.2,132.2,49
2026-12-03 06:00:00,206.4,192.4,81.5,124.9,48
2026-12-03 07:00:00,195.7,185.8,79.9,115.8,49
2026-12-03 08:00:00,213.0,184.4,81.4,131.6,42
2026-12-03 09:00:00,195.9,185.0,79.6,116.3,44
2026-12-03 10:00:00,201.3,197.8,78.5,122.8,50
2026-12-03 11:00:00,205.3,176.4,79.5,125.8,42
2026-12-03 12:00:00,203.3,187.6,80.2,123.1,48
2026-12-03 13:00:00,204.3,196.4,80.9,123.4,57
2026-12-03 14:00:00,209.3,184.8,80.7,128.6,52
2026-12-03 15:00:00,213.4,198.8,78.2,135.2,54
2026-12-03 16:00:00,199.7,200.2,81.8,117.9,50
2026-12-03 17:00:00,190.1,192.2,76.5,113.6,40
2026-12-03 18:00:00,218.2,188.0,80.5,137.7,57
2026-12-03 19:00:00,210.1,186.2,80.1,130.0,54
2026-12-03 20:00:00,201.5,183.2,78.3,123.2,41
2026-12-03 21:00:00,208.7,179.4,80.7,128.0,52
2026-12-03 22:00:00,206.1,182.8,81.4,124.7,53
2026-12-03 23:00:00,214.0,194.6,80.7,133.3,52
2026-12-04 00:00:00,198.6,194.2,73.7,124.9,40
2026-12-04 01:00:00,208.4,199.0,81.0,127.4,54
2026-12-04 02:00:00,206.5,180.6,82.4,124.1,52
2026-12-04 03:00:00,206.0,190.6,78.8,127.2,47
2026-12-04 04:00:00,205.7,182.2,79.5,126.2,58
2026-12-04 05:00:00,199.5,189.0,82.0,117.5,43
2026-12-04 06:00:00,199.3,189.2,81.3,118.0,55
2026-12-04 07:00:00,211.1,189.2,78.3,132.8,48
2026-12-04 08:00:00,203.7,200.2,78.2,125.5,44
2026-12-04 09:00:00,207.4,185.2,82.1,125.3,52
2026-12-04 10:00:00,203.4,183.8,81.7,121.7,55
2026-12-04 11:00:00,195.6,185.0,78.9,116.7,52
2026-12-04 12:00:00,208.4,185.2,80.1,128.3,44
2026-12-04 13:00:00,198.5,198.0,82.3,116.2,45
2026-12-04 14:00:00,207.6,188.0,78.7,128.9,44
2026-12-04 15:00:00,209.8,189.8,79.2,130.6,59
2026-12-04 16:00:00,210.6,190.8,84.0,126.6,48
2026-12-04 17:00:00,192.4,194.6,78.2,114.2,40
2026-12-04 18:00:00,202.6,200.8,80.6,122.0,56
2026-12-04 19:00:00,206.8,190.6,80.8,126.0,41
2026-12-04 20:00:00,203.9,188.8,78.5,125.4,55
2026-12-04 21:00:00,205.5,190.2,80.3,125.2,48
2026-12-04 22:00:00,205.7,199.8,82.5,123.2,50
2026-12-04 23:00:00,210.8,202.6,79.0,131.8,55
2026-12-05 00:00:00,207.5,184.6,79.0,128.5,47
2026-12-05 01:00:00,212.6,188.2,82.0,130.6,59
2026-12-05 02:00:00,209.3,194.8,77.8,131.5,47
2026-12-05 03:00:00,216.8,194.0,83.0,133.8,52
2026-12-05 04:00:00,216.4,190.6,80.0,136.4,57
2026-12-05 05:00:00,203.3,195.2,79.4,123.9,58
2026-12-05 06:00:00,201.5,185.6,79.9,121.6,44
2026-12-05 07:00:00,202.8,189.0,80.6,122.2,52
2026-12-05 08:00:00,205.1,187.6,81.9,123.2,47
2026-12-05 09:00:00,211.4,196.8,80.2,131.2,50
2026-12-05 10:00:00,214.9,180.4,83.3,131.6,42
2026-12-05 11:00:00,208.4,195.0,79.1,129.3,52
2026-12-05 12:00:00,205.4,199.2,79.8,125.6,45
2026-12-05 13:00:00,207.6,195.0,79.1,128.5,55
2026-12-05 14:00:00,205.4,196.4,79.7,125.7,43
2026-12-05 15:00:00,193.5,195.8,78.1,115.4,43
2026-12-05 16:00:00,202.7,183.6,80.7,122.0,54
2026-12-05 17:00:00,206.2,177.2,81.2,125.0,52
2026-12-05 18:00:00,197.9,190.2,78.8,119.1,45
2026-12-05 19:00:00,197.8,194.8,79.1,118.7,46
2026-12-05 20:00:00,215.5,185.6,81.9,133.6,59
2026-12-05 21:00:00,197.0,188.6,78.2,118.8,41
2026-12-05 22:00:00,201.2,186.6,78.9,122.3,48
2026-12-05 23:00:00,208.4,185.4,82.7,125.7,55
2026-12-06 00:00:00,206.4,186.4,80.3,126.1,56
2026-12-06 01:00:00,211.0,184.6,78.8,132.2,55
2026-12-06 02:00:00,212.3,196.0,80.9,131.4,54
2026-12-06 03:00:00,189.8,188.0,74.7,115.1,51
2026-12-06 04:00:00,198.0,189.0,76.7,121.3,44
2026-12-06 05:00:00,202.2,197.4,80.6,121.6,51
2026-12-06 06:00:00,205.4,196.2,83.7,121.7,51
2026-12-06 07:00:00,203.1,190.4,79.9,123.2,45
2026-12-06 08:00:00,202.7,175.4,82.5,120.2,57
2026-12-06 09:00:00,209.2,189.8,77.8,131.4,57
2026-12-06 10:00:00,214.3,181.2,80.6,133.7,57
2026-12-06 11:00:00,199.1,199.2,78.7,120.4,57
2026-12-06 12:00:00,201.8,186.8,77.2,124.6,51
2026-12-06 13:00:00,209.8,188.2,81.3,128.5,59
2026-12-06 14:00:00,203.7,172.6,81.1,122.6,42
2026-12-06 15:00:00,208.8,187.6,82.0,126.8,52
2026-12-06 16:00:00,203.6,196.4,80.4,123.2,46
2026-12-06 17:00:00,207.7,194.4,79.7,128.0,44
2026-12-06 18:00:00,199.1,190.0,79.3,119.8,52
2026-12-06 19:00:00,203.8,191.8,76.4,127.4,44
2026-12-06 20:00:00,209.8,189.8,81.2,128.6,58
2026-12-06 21:00:00,189.7,188.4,79.7,110.0,40
2026-12-06 22:00:00,201.7,193.2,79.8,121.9,48
2026-12-06 23:00:00,201.0,190.4,78.5,122.5,52
2026-12-07 00:00:00,209.7,188.2,79.5,130.2,52
2026-12-07 01:00:00,209.8,183.0,79.2,130.6,49
2026-12-07 02:00:00,200.3,188.2,80.5,119.8,44
2026-12-07 03:00:00,201.1,185.0,79.1,122.0,50
2026-12-07 04:00:00,204.5,186.6,79.9,124.6,47
2026-12-07 05:00:00,205.1,196.0,79.3,125.8,47
2026-12-07 06:00:00,209.4,184.6,83.4,126.0,46
2026-12-07 07:00:00,214.1,189.6,79.9,134.2,57
2026-12-07 08:00:00,208.2,187.8,81.9,126.3,48
2026-12-07 09:00:00,199.2,192.4,79.4,119.8,43
2026-12-07 10:00:00,197.3,182.2,80.5,116.8,52
2026-12-07 11:00:00,204.2,192.2,81.3,122.9,48
2026-12-07 12:00:00,201.1,200.0,81.3,119.8,46
2026-12-07 13:00:00,200.3,197.8,76.1,124.2,43
2026-12-07 14:00:00,205.7,185.6,79.6,126.1,57
2026-12-07 15:00:00,192.0,196.8,76.6,115.4,52
2026-12-07 16:00:00,205.0,179.2,84.0,121.0,49
2026-12-07 17:00:00,209.3,194.2,81.2,128.1,41
2026-12-07 18:00:00,202.6,181.8,80.2,122.4,43
2026-12-07 19:00:00,202.5,195.0,81.4,121.1,41
2026-12-07 20:00:00,203.8,183.4,80.3,123.5,51
2026-12-07 21:00:00,201.3,178.4,80.5,120.8,56
2026-12-07 22:00:00,208.8,193.4,78.1,130.7,59
2026-12-07 23:00:00,197.4,191.0,79.4,118.0,41
2026-12-08 00:00:00,204.8,180.8,81.6,123.2,58
2026-12-08 01:00:00,200.0,193.8,77.3,122.7,41
2026-12-08 02:00:00,205.9,191.4,81.1,124.8,41
2026-12-08 03:00:00,205.1,184.2,80.5,124.6,53
2026-12-08 04:00:00,207.2,189.8,82.8,124.4,47
2026-12-08 05:00:00,200.1,189.0,76.2,123.9,49
2026-12-08 06:00:00,204.5,186.6,80.8,123.7,59
2026-12-08 07:00:00,201.1,194.4,80.5,120.6,47
2026-12-08 08:00:00,215.1,192.2,79.0,136.1,55
2026-12-08 09:00:00,200.7,197.2,77.2,123.5,42
2026-12-08 10:00:00,201.6,183.6,84.4,117.2,41
2026-12-08 11:00:00,199.7,185.8,80.5,119.2,57
2026-12-08 12:00:00,208.3,189.4,81.5,126.8,45
2026-12-08 13:00:00,200.8,185.2,81.6,119.2,40
2026-12-08 14:00:00,206.9,179.8,82.6,124.3,54
2026-12-08 15:00:00,208.8,182.8,77.9,130.9,59
2026-12-08 16:00:00,201.8,188.8,77.0,124.8,57
2026-12-08 17:00:00,220.3,177.6,84.1,136.2,59
2026-12-08 18:00:00,214.1,186.4,80.7,133.4,55
2026-12-08 19:00:00,202.2,196.2,80.9,121.3,41
2026-12-08 20:00:00,213.2,190.0,85.4,127.8,59
2026-12-08 21:00:00,209.3,194.8,82.6,126.7,52
2026-12-08 22:00:00,194.8,183.2,77.3,117.5,51
2026-12-08 23:00:00,197.0,185.6,77.8,119.2,43
2026-12-09 00:00:00,206.8,185.4,79.9,126.9,52
2026-12-09 01:00:00,204.0,188.6,79.9,124.1,52
2026-12-09 02:00:00,199.5,187.8,81.0,118.5,57
2026-12-09 03:00:00,201.7,195.4,81.2,120.5,48
2026-12-09 04:00:00,202.6,193.4,81.2,121.4,53
2026-12-09 05:00:00,198.2,192.0,77.1,121.1,40
2026-12-09 06:00:00,207.5,187.2,77.1,130.4,59
2026-12-09 07:00:00,200.5,176.2,80.9,119.6,56
2026-12-09 08:00:00,209.8,191.6,79.8,130.0,46
2026-12-09 09:00:00,211.8,201.2,80.4,131.4,58
2026-12-09 10:00:00,209.9,186.6,80.5,129.4,50
2026-12-09 11:00:00,202.7,189.8,80.0,122.7,43
2026-12-09 12:00:00,209.6,198.2,82.2,127.4,47
2026-12-09 13:00:00,202.4,194.4,81.2,121.2,51
2026-12-09 14:00:00,193.0,190.6,78.0,115.0,45
2026-12-09 15:00:00,195.5,196.6,80.5,115.0,53
2026-12-09 16:00:00,195.3,192.0,80.1,115.2,45
2026-12-09 17:00:00,203.6,202.2,79.4,124.2,42
2026-12-09 18:00:00,201.2,193.6,76.2,125.0,44
2026-12-09 19:00:00,202.0,192.6,81.0,121.0,52
2026-12-09 20:00:00,207.9,199.8,79.6,128.3,57
2026-12-09 21:00:00,203.2,186.6,81.7,121.5,46
2026-12-09 22:00:00,214.3,195.8,82.4,131.9,46
2026-12-09 23:00:00,200.7,183.0,80.1,120.6,57
2026-12-10 00:00:00,207.9,193.6,77.6,130.3,57
2026-12-10 01:00:00,197.2,182.6,78.9,118.3,46
2026-12-10 02:00:00,200.5,185.2,78.7,121.8,58
2026-12-10 03:00:00,209.2,196.8,79.5,129.7,54
2026-12-10 04:00:00,209.0,198.8,80.4,128.6,51
2026-12-10 05:00:00,205.5,187.6,80.8,124.7,48
2026-12-10 06:00:00,208.5,180.2,80.7,127.8,54
2026-12-10 07:00:00,210.9,188.2,80.9,130.0,47
2026-12-10 08:00:00,215.0,192.2,81.3,133.7,56
2026-12-10 09:00:00,205.3,189.2,81.7,123.6,59
2026-12-10 10:00:00,198.4,199.0,82.4,116.0,55
2026-12-10 11:00:00,211.6,188.8,83.6,128.0,58
2026-12-10 12:00:00,215.3,190.8,81.7,133.6,56
2026-12-10 13:00:00,209.1,189.4,82.3,126.8,53
2026-12-10 14:00:00,211.3,182.0,76.4,134.9,49
2026-12-10 15:00:00,188.4,183.8,79.2,109.2,42
2026-12-10 16:00:00,202.9,192.2,84.9,118.0,46
2026-12-10 17:00:00,205.8,193.8,79.4,126.4,50
2026-12-10 18:00:00,206.8,188.0,79.8,127.0,54
2026-12-10 19:00:00,199.8,187.8,80.9,118.9,49
2026-12-10 20:00:00,206.6,194.8,79.4,127.2,50
2026-12-10 21:00:00,200.2,190.6,82.1,118.1,51
2026-12-10 22:00:00,203.4,201.8,79.4,124.0,56
2026-12-10 23:00:00,208.5,190.2,76.4,132.1,50
2026-12-11 00:00:00,205.2,184.0,80.8,124.4,43
2026-12-11 01:00:00,208.4,190.4,77.2,131.2,53
2026-12-11 02:00:00,201.1,193.4,78.3,122.8,45
2026-12-11 03:00:00,204.2,186.0,80.3,123.9,50
2026-12-11 04:00:00,211.0,189.2,79.2,131.8,50
2026-12-11 05:00:00,206.6,188.0,81.8,124.8,47
2026-12-11 06:00:00,199.2,192.6,76.9,122.3,50
2026-12-11 07:00:00,205.3,191.6,80.5,124.8,49
2026-12-11 08:00:00,199.5,193.6,79.7,119.8,57
2026-12-11 09:00:00,203.5,188.0,82.3,121.2,53
2026-12-11 10:00:00,215.2,185.6,79.5,135.7,51
2026-12-11 11:00:00,195.2,199.8,80.3,114.9,45
2026-12-11 12:00:00,214.8,179.6,81.3,133.5,56
2026-12-11 13:00:00,209.7,191.8,82.8,126.9,50
2026-12-11 14:00:00,195.1,183.8,82.6,112.5,43
2026-12-11 15:00:00,201.3,190.8,81.9,119.4,45
2026-12-11 16:00:00,209.5,189.0,79.7,129.8,56
2026-12-11 17:00:00,204.7,188.8,79.7,125.0,51
2026-12-11 18:00:00,198.4,182.2,80.5,117.9,54
2026-12-11 19:00:00,196.5,192.2,79.9,116.6,48
2026-12-11 20:00:00,208.2,177.2,81.2,127.0,53
2026-12-11 21:00:00,204.2,180.2,81.3,122.9,41
2026-12-11 22:00:00,210.6,188.8,80.3,130.3,46
2026-12-11 23:00:00,206.5,185.0,83.9,122.6,43
2026-12-12 00:00:00,211.8,172.2,79.8,132.0,52
2026-12-12 01:00:00,212.3,188.4,83.1,129.2,46
2026-12-12 02:00:00,198.0,187.2,80.5,117.5,46
2026-12-12 03:00:00,193.3,190.2,80.9,112.4,57
2026-12-12 04:00:00,208.8,194.4,81.2,127.6,53
2026-12-12 05:00:00,207.0,183.8,80.4,126.6,56
2026-12-12 06:00:00,198.9,185.2,81.3,117.6,40
2026-12-12 07:00:00,204.0,202.2,80.3,123.7,49
2026-12-12 08:00:00,201.8,189.6,80.9,120.9,41
2026-12-12 09:00:00,209.1,190.2,79.1,130.0,55
2026-12-12 10:00:00,210.5,181.6,77.6,132.9,53
2026-12-12 11:00:00,198.1,180.0,81.5,116.6,45
2026-12-12 12:00:00,204.1,190.0,82.9,121.2,57
2026-12-12 13:00:00,201.1,194.0,79.0,122.1,58
2026-12-12 14:00:00,210.3,187.8,81.3,129.0,46
2026-12-12 15:00:00,215.2,189.4,81.2,134.0,57
2026-12-12 16:00:00,216.5,186.4,83.0,133.5,48
2026-12-12 17:00:00,204.2,190.4,80.7,123.5,40
2026-12-12 18:00:00,200.5,184.0,84.4,116.1,46
2026-12-12 19:00:00,205.4,192.6,80.5,124.9,59
2026-12-12 20:00:00,205.3,186.0,78.9,126.4,44
2026-12-12 21:00:00,205.0,185.6,77.7,127.3,45
2026-12-12 22:00:00,209.4,189.2,78.2,131.2,43
2026-12-12 23:00:00,205.8,181.4,80.8,125.0,45
2026-12-13 00:00:00,204.8,195.0,79.5,125.3,55
2026-12-13 01:00:00,188.2,186.4,77.4,110.8,45
2026-12-13 02:00:00,196.4,193.8,77.4,119.0,46
2026-12-13 03:00:00,208.4,188.8,79.9,128.5,57
2026-12-13 04:00:00,212.7,177.6,79.0,133.7,44
2026-12-13 05:00:00,200.1,182.4,77.1,123.0,53
2026-12-13 06:00:00,200.6,186.4,79.1,121.5,54
2026-12-13 07:00:00,196.0,194.6,80.3,115.7,40
2026-12-13 08:00:00,201.8,180.6,78.9,122.9,49
2026-12-13 09:00:00,203.4,193.6,78.8,124.6,51
2026-12-13 10:00:00,199.4,185.2,80.2,119.2,51
2026-12-13 11:00:00,217.3,179.2,84.4,132.9,56
2026-12-13 12:00:00,208.8,184.2,78.6,130.2,57
2026-12-13 13:00:00,215.0,184.8,84.2,130.8,46
2026-12-13 14:00:00,203.8,185.2,79.8,124.0,43
2026-12-13 15:00:00,197.3,184.8,78.9,118.4,48
2026-12-13 16:00:00,212.1,190.8,83.5,128.6,47
2026-12-13 17:00:00,194.5,183.8,78.6,115.9,40
2026-12-13 18:00:00,206.1,178.4,80.6,125.5,49
2026-12-13 19:00:00,198.4,181.0,81.8,116.6,42
2026-12-13 20:00:00,205.4,186.8,77.6,127.8,55
2026-12-13 21:00:00,204.0,191.0,82.1,121.9,52
2026-12-13 22:00:00,206.3,183.8,77.8,128.5,55
2026-12-13 23:00:00,203.2,177.2,79.7,123.5,46
2026-12-14 00:00:00,207.9,182.4,81.0,126.9,58
2026-12-14 01:00:00,198.2,185.6,77.5,120.7,48
2026-12-14 02:00:00,202.4,195.2,79.5,122.9,40
2026-12-14 03:00:00,212.9,178.2,79.5,133.4,57
2026-12-14 04:00:00,205.0,187.6,78.2,126.8,45
2026-12-14 05:00:00,205.7,181.2,80.5,125.2,47
2026-12-14 06:00:00,199.8,187.2,80.8,119.0,47
2026-12-14 07:00:00,214.8,184.0,77.0,137.8,56
2026-12-14 08:00:00,203.4,182.4,80.4,123.0,53
2026-12-14 09:00:00,210.3,187.8,83.0,127.3,59
2026-12-14 10:00:00,200.1,180.0,79.2,120.9,41
2026-12-14 11:00:00,201.4,185.0,78.0,123.4,48
2026-12-14 12:00:00,195.6,186.2,79.2,116.4,41
2026-12-14 13:00:00,197.3,179.0,78.4,118.9,46
2026-12-14 14:00:00,212.4,193.8,79.6,132.8,58
2026-12-14 15:00:00,208.2,183.6,81.0,127.2,57
2026-12-14 16:00:00,203.0,187.0,79.8,123.2,59
2026-12-14 17:00:00,201.9,192.2,80.4,121.5,44
2026-12-14 18:00:00,206.9,188.8,76.8,130.1,45
2026-12-14 19:00:00,202.1,188.2,76.5,125.6,55
2026-12-14 20:00:00,207.6,182.0,82.7,124.9,53
2026-12-14 21:00:00,202.8,193.4,81.2,121.6,40
2026-12-14 22:00:00,206.4,184.6,79.0,127.4,44
2026-12-14 23:00:00,205.8,184.4,79.8,126.0,51
2026-12-15 00:00:00,215.0,192.6,80.2,134.8,57
2026-12-15 01:00:00,207.9,189.8,79.6,128.3,59
2026-12-15 02:00:00,188.1,193.0,81.1,107.0,43
2026-12-15 03:00:00,206.1,178.0,80.3,125.8,49
2026-12-15 04:00:00,193.8,176.0,80.1,113.7,41
2026-12-15 05:00:00,208.5,184.8,79.9,128.6,55
2026-12-15 06:00:00,204.3,181.2,79.7,124.6,44
2026-12-15 07:00:00,207.6,185.4,81.4,126.2,51
2026-12-15 08:00:00,206.2,193.4,80.5,125.7,59
2026-12-15 09:00:00,190.1,192.6,76.5,113.6,52
2026-12-15 10:00:00,211.0,183.4,82.9,128.1,51
2026-12-15 11:00:00,208.8,185.2,78.9,129.9,43
2026-12-15 12:00:00,209.3,179.4,80.6,128.7,57
2026-12-15 13:00:00,197.3,195.2,80.1,117.2,40
2026-12-15 14:00:00,197.4,170.2,78.1,119.3,50
2026-12-15 15:00:00,208.7,189.4,78.6,130.1,58
2026-12-15 16:00:00,214.5,185.2,77.1,137.4,55
2026-12-15 17:00:00,214.1,173.6,82.9,131.2,44
2026-12-15 18:00:00,204.6,190.2,79.0,125.6,42
2026-12-15 19:00:00,208.6,174.0,79.7,128.9,59
2026-12-15 20:00:00,205.2,191.4,78.9,126.3,47
2026-12-15 21:00:00,213.3,185.2,81.4,131.9,54
2026-12-15 22:00:00,198.5,189.4,81.0,117.5,56
2026-12-15 23:00:00,203.0,175.8,77.7,125.3,45
2026-12-16 00:00:00,205.9,191.8,78.2,127.7,50
2026-12-16 01:00:00,206.5,177.0,81.7,124.8,48
2026-12-16 02:00:00,199.6,192.2,80.6,119.0,40
2026-12-16 03:00:00,197.3,187.0,77.2,120.1,49
2026-12-16 04:00:00,201.3,183.6,82.5,118.8,48
2026-12-16 05:00:00,194.3,175.2,79.7,114.6,43
2026-12-16 06:00:00,195.8,191.4,83.8,112.0,44
2026-12-16 07:00:00,200.7,191.2,78.9,121.8,56
2026-12-16 08:00:00,213.2,185.6,80.2,133.0,58
2026-12-16 09:00:00,193.9,187.2,78.5,115.4,43
2026-12-16 10:00:00,201.0,181.4,77.9,123.1,43
2026-12-16 11:00:00,205.2,187.8,76.9,128.3,50
2026-12-16 12:00:00,214.4,181.6,82.1,132.3,45
2026-12-16 13:00:00,195.5,199.6,78.2,117.3,42
2026-12-16 14:00:00,207.1,183.4,84.9,122.2,51
2026-12-16 15:00:00,198.1,188.6,82.2,115.9,42
2026-12-16 16:00:00,196.5,183.0,79.1,117.4,47
2026-12-16 17:00:00,205.6,191.6,80.6,125.0,57
2026-12-16 18:00:00,202.9,188.0,77.8,125.1,49
2026-12-16 19:00:00,208.1,187.0,77.4,130.7,57
2026-12-16 20:00:00,205.5,180.0,79.4,126.1,48
2026-12-16 21:00:00,208.5,193.0,79.7,128.8,52
2026-12-16 22:00:00,205.7,176.8,78.0,127.7,50
2026-12-16 23:00:00,205.7,185.8,79.4,126.3,41
2026-12-17 00:00:00,207.6,190.8,81.3,126.3,55
2026-12-17 01:00:00,198.9,184.8,80.6,118.3,45
2026-12-17 02:00:00,205.3,183.6,82.4,122.9,50
2026-12-17 03:00:00,214.1,180.0,87.7,126.4,47
2026-12-17 04:00:00,206.0,180.8,81.8,124.2,45
2026-12-17 05:00:00,212.7,189.0,83.0,129.7,54
2026-12-17 06:00:00,199.5,187.6,81.7,117.8,40
2026-12-17 07:00:00,195.5,182.2,79.3,116.2,51
2026-12-17 08:00:00,207.2,185.2,81.6,125.6,46
2026-12-17 09:00:00,208.7,184.2,84.2,124.5,50
2026-12-17 10:00:00,203.7,187.2,78.8,124.9,48
2026-12-17 11:00:00,210.8,178.2,82.6,128.2,51
2026-12-17 12:00:00,204.4,176.2,78.0,126.4,46
2026-12-17 13:00:00,204.1,183.0,80.7,123.4,43
2026-12-17 14:00:00,202.0,184.4,80.6,121.4,51
2026-12-17 15:00:00,200.7,190.2,78.6,122.1,43
2026-12-17 16:00:00,203.2,188.0,82.6,120.6,46
2026-12-17 17:00:00,201.9,186.8,79.9,122.0,49
2026-12-17 18:00:00,204.9,184.4,77.4,127.5,51
2026-12-17 19:00:00,212.5,179.4,80.7,131.8,58
2026-12-17 20:00:00,211.6,165.4,79.6,132.0,52
2026-12-17 21:00:00,198.1,187.6,79.3,118.8,53
2026-12-17 22:00:00,212.8,182.0,81.6,131.2,49
2026-12-17 23:00:00,204.0,183.4,79.7,124.3,54
2026-12-18 00:00:00,205.8,190.2,82.1,123.7,54
2026-12-18 01:00:00,198.3,181.2,82.4,115.9,43
2026-12-18 02:00:00,210.7,189.0,82.5,128.2,54
2026-12-18 03:00:00,209.7,190.4,81.5,128.2,45
2026-12-18 04:00:00,204.7,189.4,76.6,128.1,53
2026-12-18 05:00:00,203.7,184.2,79.5,124.2,43
2026-12-18 06:00:00,208.8,185.2,82.0,126.8,45
2026-12-18 07:00:00,201.9,191.6,78.8,123.1,54
2026-12-18 08:00:00,209.5,183.4,78.3,131.2,59
2026-12-18 09:00:00,200.4,170.0,81.1,119.3,45
2026-12-18 10:00:00,204.3,185.6,80.4,123.9,46
2026-12-18 11:00:00,198.8,187.2,81.3,117.5,46
2026-12-18 12:00:00,195.5,180.0,79.6,115.9,49
2026-12-18 13:00:00,197.4,179.8,82.6,114.8,45
2026-12-18 14:00:00,198.5,190.8,75.2,123.3,40
2026-12-18 15:00:00,206.3,177.8,76.7,129.6,56
2026-12-18 16:00:00,204.5,188.0,80.0,124.5,43
2026-12-18 17:00:00,201.7,180.6,76.7,125.0,54
2026-12-18 18:00:00,212.4,187.2,81.0,131.4,58
2026-12-18 19:00:00,207.7,184.8,77.3,130.4,47
2026-12-18 20:00:00,210.8,184.2,83.3,127.5,53
2026-12-18 21:00:00,211.8,177.4,85.1,126.7,44
2026-12-18 22:00:00,205.6,188.8,80.4,125.2,59
2026-12-18 23:00:00,203.2,188.4,78.9,124.3,47
2026-12-19 00:00:00,202.0,188.2,81.0,121.0,56
2026-12-19 01:00:00,192.3,195.2,75.8,116.5,59
2026-12-19 02:00:00,211.6,185.8,81.0,130.6,54
2026-12-19 03:00:00,211.5,184.4,83.1,128.4,50
2026-12-19 04:00:00,204.4,189.2,77.5,126.9,42
2026-12-19 05:00:00,202.8,190.8,78.8,124.0,47
2026-12-19 06:00:00,209.9,176.6,82.3,127.6,48
2026-12-19 07:00:00,208.5,191.4,78.7,129.8,51
2026-12-19 08:00:00,202.8,191.4,79.9,122.9,55
2026-12-19 09:00:00,202.4,182.2,82.1,120.3,48
2026-12-19 10:00:00,205.4,189.2,79.6,125.8,50
2026-12-19 11:00:00,206.5,178.0,84.2,122.3,46
2026-12-19 12:00:00,198.4,182.8,78.0,120.4,50
2026-12-19 13:00:00,210.9,190.4,77.6,133.3,55
2026-12-19 14:00:00,210.9,193.8,81.8,129.1,51
2026-12-19 15:00:00,203.0,179.4,79.3,123.7,50
2026-12-19 16:00:00,199.3,182.2,83.5,115.8,41
2026-12-19 17:00:00,209.5,186.8,80.6,128.9,55
2026-12-19 18:00:00,209.1,180.4,82.0,127.1,42
2026-12-19 19:00:00,200.3,175.2,81.7,118.6,45
2026-12-19 20:00:00,205.9,193.0,81.4,124.5,59
2026-12-19 21:00:00,200.0,179.2,81.6,118.4,45
2026-12-19 22:00:00,205.9,190.0,82.0,123.9,50
2026-12-19 23:00:00,200.2,185.2,75.7,124.5,58
2026-12-20 00:00:00,205.9,188.4,80.4,125.5,47
2026-12-20 01:00:00,193.5,185.6,77.8,115.7,48
2026-12-20 02:00:00,206.6,188.6,78.1,128.5,44
2026-12-20 03:00:00,197.3,186.2,80.8,116.5,47
2026-12-20 04:00:00,200.3,191.8,79.6,120.7,50
2026-12-20 05:00:00,196.1,181.4,82.3,113.8,47
2026-12-20 06:00:00,215.3,184.8,79.7,135.6,54
2026-12-20 07:00:00,194.6,184.6,81.9,112.7,40
2026-12-20 08:00:00,196.8,176.4,78.1,118.7,42
2026-12-20 09:00:00,205.7,186.2,82.8,122.9,41
2026-12-20 10:00:00,208.7,182.4,82.3,126.4,46
2026-12-20 11:00:00,188.4,188.0,78.2,110.2,46
2026-12-20 12:00:00,195.4,190.8,79.0,116.4,48
2026-12-20 13:00:00,197.1,187.4,82.4,114.7,48
2026-12-20 14:00:00,210.5,181.8,79.1,131.4,56
2026-12-20 15:00:00,200.2,182.8,80.5,119.7,43
2026-12-20 16:00:00,208.6,161.8,80.8,127.8,52
2026-12-20 17:00:00,201.9,181.4,82.9,119.0,42
2026-12-20 18:00:00,196.5,179.4,80.0,116.5,41
2026-12-20 19:00:00,201.2,188.6,79.3,121.9,57
2026-12-20 20:00:00,207.1,178.4,82.0,125.1,41
2026-12-20 21:00:00,199.4,188.6,76.8,122.6,40
2026-12-20 22:00:00,211.6,185.8,84.9,126.7,51
2026-12-20 23:00:00,195.9,190.0,77.3,118.6,45
2026-12-21 00:00:00,211.5,189.6,79.7,131.8,56
2026-12-21 01:00:00,202.2,178.4,78.8,123.4,59
2026-12-21 02:00:00,208.7,189.8,78.8,129.9,51
2026-12-21 03:00:00,202.2,193.8,79.7,122.5,51
2026-12-21 04:00:00,214.0,180.6,79.8,134.2,52
2026-12-21 05:00:00,198.9,180.6,80.7,118.2,47
2026-12-21 06:00:00,206.6,188.2,79.7,126.9,50
2026-12-21 07:00:00,199.1,194.8,80.2,118.9,46
2026-12-21 08:00:00,201.0,194.8,79.4,121.6,49
2026-12-21 09:00:00,217.0,199.2,82.7,134.3,55
2026-12-21 10:00:00,209.8,180.4,79.9,129.9,49
2026-12-21 11:00:00,194.2,175.8,79.4,114.8,53
2026-12-21 12:00:00,197.9,177.6,79.0,118.9,54
2026-12-21 13:00:00,205.0,192.8,79.2,125.8,58
2026-12-21 14:00:00,214.9,189.4,80.3,134.6,57
2026-12-21 15:00:00,203.1,182.8,76.5,126.6,59
2026-12-21 16:00:00,199.1,179.2,81.2,117.9,49
2026-12-21 17:00:00,198.6,180.0,76.4,122.2,52
2026-12-21 18:00:00,205.5,189.2,80.0,125.5,54
2026-12-21 19:00:00,213.7,172.0,81.4,132.3,55
2026-12-21 20:00:00,199.0,186.0,77.7,121.3,42
2026-12-21 21:00:00,203.8,189.0,81.1,122.7,57
2026-12-21 22:00:00,205.2,176.4,79.6,125.6,56
2026-12-21 23:00:00,212.5,182.4,77.4,135.1,58
2026-12-22 00:00:00,211.9,171.8,80.2,131.7,57
2026-12-22 01:00:00,200.9,181.8,80.0,120.9,46
2026-12-22 02:00:00,216.8,188.6,83.9,132.9,55
2026-12-22 03:00:00,201.4,181.4,78.9,122.5,55
2026-12-22 04:00:00,207.5,189.6,80.5,127.0,58
2026-12-22 05:00:00,205.8,184.6,80.3,125.5,52
2026-12-22 06:00:00,196.2,188.6,80.1,116.1,40
2026-12-22 07:00:00,208.5,190.6,79.2,129.3,49
2026-12-22 08:00:00,203.0,190.2,80.3,122.7,53
2026-12-22 09:00:00,219.5,189.4,83.3,136.2,53
2026-12-22 10:00:00,207.3,183.0,83.8,123.5,52
2026-12-22 11:00:00,203.5,191.2,79.8,123.7,51
2026-12-22 12:00:00,202.9,187.6,79.1,123.8,50
2026-12-22 13:00:00,196.4,185.6,77.1,119.3,40
2026-12-22 14:00:00,212.6,180.2,82.0,130.6,46
2026-12-22 15:00:00,201.3,185.8,78.1,123.2,45
2026-12-22 16:00:00,203.6,183.6,79.8,123.8,52
2026-12-22 17:00:00,207.0,187.0,77.4,129.6,59
2026-12-22 18:00:00,205.9,188.8,77.6,128.3,53
2026-12-22 19:00:00,204.6,177.2,81.4,123.2,46
2026-12-22 20:00:00,204.6,185.2,82.2,122.4,51
2026-12-22 21:00:00,197.7,181.8,81.2,116.5,51
2026-12-22 22:00:00,201.8,187.6,78.1,123.7,54
2026-12-22 23:00:00,204.4,180.2,84.4,120.0,53
2026-12-23 00:00:00,212.7,182.6,83.6,129.1,55
2026-12-23 01:00:00,206.6,172.6,78.0,128.6,57
2026-12-23 02:00:00,190.5,190.2,77.2,113.3,40
2026-12-23 03:00:00,214.1,182.2,82.1,132.0,47
2026-12-23 04:00:00,205.5,178.2,77.7,127.8,47
2026-12-23 05:00:00,206.9,183.2,77.3,129.6,44
2026-12-23 06:00:00,201.2,174.6,77.3,123.9,40
2026-12-23 07:00:00,217.0,178.4,81.2,135.8,53
2026-12-23 08:00:00,197.1,191.0,79.4,117.7,43
2026-12-23 09:00:00,205.2,178.6,78.8,126.4,53
2026-12-23 10:00:00,199.7,183.6,80.3,119.4,48
2026-12-23 11:00:00,210.8,180.6,77.4,133.4,53
2026-12-23 12:00:00,202.6,172.4,79.0,123.6,51
2026-12-23 13:00:00,206.1,197.4,85.5,120.6,47
2026-12-23 14:00:00,198.3,180.2,75.8,122.5,43
2026-12-23 15:00:00,203.0,184.0,81.3,121.7,46
2026-12-23 16:00:00,202.4,190.2,80.0,122.4,50
2026-12-23 17:00:00,202.1,177.0,79.7,122.4,47
2026-12-23 18:00:00,194.9,185.8,76.5,118.4,43
2026-12-23 19:00:00,198.1,183.0,79.7,118.4,52
2026-12-23 20:00:00,205.7,185.0,82.7,123.0,42
2026-12-23 21:00:00,210.7,179.8,81.2,129.5,59
2026-12-23 22:00:00,207.9,179.0,81.0,126.9,55
2026-12-23 23:00:00,206.6,190.2,77.9,128.7,58
2026-12-24 00:00:00,202.6,189.2,78.6,124.0,46
2026-12-24 01:00:00,206.0,185.8,82.3,123.7,46
2026-12-24 02:00:00,210.3,187.4,79.1,131.2,58
2026-12-24 03:00:00,205.5,173.4,82.0,123.5,51
2026-12-24 04:00:00,201.0,178.6,77.6,123.4,48
2026-12-24 05:00:00,211.1,186.4,82.9,128.2,58
2026-12-24 06:00:00,206.0,181.2,77.3,128.7,48
2026-12-24 07:00:00,206.4,183.6,78.7,127.7,58
2026-12-24 08:00:00,213.2,182.2,85.6,127.6,54
2026-12-24 09:00:00,209.8,167.2,81.0,128.8,53
2026-12-24 10:00:00,200.1,186.0,80.6,119.5,40
2026-12-24 11:00:00,210.0,180.8,84.7,125.3,47
2026-12-24 12:00:00,199.0,187.2,78.6,120.4,56
2026-12-24 13:00:00,207.4,184.2,80.4,127.0,46
2026-12-24 14:00:00,211.4,184.0,81.9,129.5,53
2026-12-24 15:00:00,206.9,178.8,78.8,128.1,44
2026-12-24 16:00:00,206.5,173.2,77.5,129.0,55
2026-12-24 17:00:00,194.6,183.4,77.9,116.7,48
2026-12-24 18:00:00,212.0,186.2,81.6,130.4,41
2026-12-24 19:00:00,208.2,178.8,81.6,126.6,59
2026-12-24 20:00:00,210.4,191.2,80.7,129.7,52
2026-12-24 21:00:00,208.6,179.4,79.5,129.1,54
2026-12-24 22:00:00,216.7,182.4,81.7,135.0,52
2026-12-24 23:00:00,213.9,178.0,83.1,130.8,58
2026-12-25 00:00:00,201.3,180.2,78.3,123.0,42
2026-12-25 01:00:00,200.5,190.4,78.5,122.0,50
2026-12-25 02:00:00,210.3,187.4,81.3,129.0,55
2026-12-25 03:00:00,196.2,189.0,78.7,117.5,44
2026-12-25 04:00:00,206.0,188.6,80.7,125.3,42
2026-12-25 05:00:00,206.2,180.2,83.0,123.2,58
2026-12-25 06:00:00,206.9,178.0,78.1,128.8,57
2026-12-25 07:00:00,205.3,171.6,78.7,126.6,55
2026-12-25 08:00:00,209.5,182.2,80.8,128.7,54
2026-12-25 09:00:00,195.6,176.6,79.7,115.9,56
2026-12-25 10:00:00,207.5,188.2,83.6,123.9,59
2026-12-25 11:00:00,196.7,176.6,79.6,117.1,51
2026-12-25 12:00:00,205.8,196.2,80.9,124.9,56
2026-12-25 13:00:00,207.8,182.8,80.4,127.4,46
2026-12-25 14:00:00,205.7,169.4,81.2,124.5,48
2026-12-25 15:00:00,213.8,180.8,79.4,134.4,55
2026-12-25 16:00:00,203.2,175.2,80.6,122.6,54
2026-12-25 17:00:00,190.5,179.0,75.1,115.4,43
2026-12-25 18:00:00,205.6,181.0,78.7,126.9,43
2026-12-25 19:00:00,212.7,177.0,80.5,132.2,53
2026-12-25 20:00:00,199.9,184.8,79.3,120.6,45
2026-12-25 21:00:00,206.3,187.0,82.0,124.3,40
2026-12-25 22:00:00,215.5,188.2,82.2,133.3,57
2026-12-25 23:00:00,207.2,188.2,80.9,126.3,43
2026-12-26 00:00:00,208.4,170.0,79.5,128.9,50
2026-12-26 01:00:00,192.4,177.2,83.6,108.8,46
2026-12-26 02:00:00,209.7,186.6,84.9,124.8,44
2026-12-26 03:00:00,207.4,179.0,80.0,127.4,49
2026-12-26 04:00:00,205.4,180.2,78.5,126.9,48
2026-12-26 05:00:00,206.6,193.6,82.4,124.2,59
2026-12-26 06:00:00,192.2,179.8,77.8,114.4,43
2026-12-26 07:00:00,208.8,178.2,82.9,125.9,59
2026-12-26 08:00:00,213.8,185.0,80.4,133.4,59
2026-12-26 09:00:00,200.7,185.0,78.5,122.2,50
2026-12-26 10:00:00,207.2,184.2,79.1,128.1,52
2026-12-26 11:00:00,205.6,179.0,78.6,127.0,43
2026-12-26 12:00:00,200.4,182.0,79.7,120.7,44
2026-12-26 13:00:00,205.1,191.0,79.0,126.1,44
2026-12-26 14:00:00,203.6,181.0,79.7,123.9,54
2026-12-26 15:00:00,200.0,175.0,80.0,120.0,40
2026-12-26 16:00:00,207.0,185.0,81.4,125.6,57
2026-12-26 17:00:00,203.2,191.8,79.9,123.3,46
2026-12-26 18:00:00,213.1,188.8,77.4,135.7,53
2026-12-26 19:00:00,209.4,189.2,77.5,131.9,49
2026-12-26 20:00:00,202.4,189.6,80.8,121.6,47
2026-12-26 21:00:00,196.1,185.4,80.8,115.3,46
2026-12-26 22:00:00,199.4,185.0,82.6,116.8,55
2026-12-26 23:00:00,205.1,190.0,79.8,125.3,58
2026-12-27 00:00:00,198.4,189.6,78.3,120.1,51
2026-12-27 01:00:00,207.3,176.0,81.8,125.5,57
2026-12-27 02:00:00,202.7,175.2,79.1,123.6,42
2026-12-27 03:00:00,211.3,181.0,81.8,129.5,48
2026-12-27 04:00:00,201.6,177.8,78.7,122.9,55
2026-12-27 05:00:00,217.2,190.8,81.6,135.6,59
2026-12-27 06:00:00,204.1,183.0,78.7,125.4,55
2026-12-27 07:00:00,201.3,187.4,80.6,120.7,41
2026-12-27 08:00:00,207.2,183.4,78.7,128.5,56
2026-12-27 09:00:00,204.6,190.0,80.4,124.2,46
2026-12-27 10:00:00,201.7,179.4,79.6,122.1,40
2026-12-27 11:00:00,202.2,177.8,79.2,123.0,54
2026-12-27 12:00:00,203.3,182.2,77.7,125.6,42
2026-12-27 13:00:00,207.1,175.0,80.1,127.0,46
2026-12-27 14:00:00,200.5,169.8,80.8,119.7,48
2026-12-27 15:00:00,208.1,186.2,79.9,128.2,52
2026-12-27 16:00:00,208.4,178.2,81.1,127.3,54
2026-12-27 17:00:00,204.1,187.6,77.5,126.6,41
2026-12-27 18:00:00,206.2,182.4,76.0,130.2,57
2026-12-27 19:00:00,208.8,188.4,79.3,129.5,53
2026-12-27 20:00:00,213.4,190.4,80.9,132.5,58
2026-12-27 21:00:00,200.1,174.8,78.4,121.7,48
2026-12-27 22:00:00,203.1,179.0,79.7,123.4,58
2026-12-27 23:00:00,194.5,178.8,81.4,113.1,46
2026-12-28 00:00:00,201.2,170.8,81.6,119.6,48
2026-12-28 01:00:00,201.6,191.6,78.2,123.4,55
2026-12-28 02:00:00,206.0,183.6,86.0,120.0,40
2026-12-28 03:00:00,214.7,176.4,80.0,134.7,57
2026-12-28 04:00:00,196.3,173.8,79.4,116.9,43
2026-12-28 05:00:00,210.1,195.6,77.9,132.2,47
2026-12-28 06:00:00,197.3,186.0,80.3,117.0,43
2026-12-28 07:00:00,196.0,180.2,79.6,116.4,40
2026-12-28 08:00:00,205.4,189.0,79.0,126.4,41
2026-12-28 09:00:00,200.5,178.6,81.8,118.7,47
2026-12-28 10:00:00,204.6,182.6,79.7,124.9,50
2026-12-28 11:00:00,197.4,187.8,82.1,115.3,49
2026-12-28 12:00:00,207.7,194.0,79.9,127.8,58
2026-12-28 13:00:00,201.2,183.2,79.9,121.3,59
2026-12-28 14:00:00,213.4,178.2,79.5,133.9,59
2026-12-28 15:00:00,205.1,181.8,78.8,126.3,42
2026-12-28 16:00:00,207.3,186.6,79.9,127.4,47
2026-12-28 17:00:00,214.4,187.0,82.3,132.1,58
2026-12-28 18:00:00,202.9,185.8,80.9,122.0,46
2026-12-28 19:00:00,192.9,176.0,79.2,113.7,41
2026-12-28 20:00:00,212.6,176.6,79.2,133.4,47
2026-12-28 21:00:00,201.8,182.2,79.4,122.4,47
2026-12-28 22:00:00,202.8,180.4,82.1,120.7,49
2026-12-28 23:00:00,208.0,182.2,77.7,130.3,47
2026-12-29 00:00:00,192.5,184.2,76.4,116.1,58
2026-12-29 01:00:00,214.5,191.4,80.7,133.8,49
2026-12-29 02:00:00,205.1,168.0,77.1,128.0,51
2026-12-29 03:00:00,204.4,175.2,75.5,128.9,47
2026-12-29 04:00:00,205.9,183.4,79.2,126.7,53
2026-12-29 05:00:00,207.3,186.2,81.2,126.1,56
2026-12-29 06:00:00,204.9,180.6,79.5,125.4,58
2026-12-29 07:00:00,196.7,172.8,77.7,119.0,43
2026-12-29 08:00:00,203.5,178.2,79.3,124.2,57
2026-12-29 09:00:00,193.1,182.0,77.6,115.5,43
2026-12-29 10:00:00,199.6,188.0,78.1,121.5,49
2026-12-29 11:00:00,207.9,184.0,82.5,125.4,58
2026-12-29 12:00:00,205.6,182.2,76.1,129.5,59
2026-12-29 13:00:00,205.8,184.0,76.8,129.0,48
2026-12-29 14:00:00,202.1,186.4,80.6,121.5,40
2026-12-29 15:00:00,206.1,179.2,76.0,130.1,49
2026-12-29 16:00:00,202.7,172.8,77.9,124.8,48
2026-12-29 17:00:00,208.9,184.0,80.3,128.6,55
2026-12-29 18:00:00,198.6,183.6,83.5,115.1,56
2026-12-29 19:00:00,207.3,193.4,80.8,126.5,41
2026-12-29 20:00:00,208.0,187.2,84.1,123.9,42
2026-12-29 21:00:00,209.8,187.4,81.8,128.0,57
2026-12-29 22:00:00,205.3,188.2,81.0,124.3,52
2026-12-29 23:00:00,203.5,187.6,80.7,122.8,46
2026-12-30 00:00:00,208.1,181.0,80.5,127.6,59
2026-12-30 01:00:00,217.9,180.0,77.7,140.2,58
2026-12-30 02:00:00,205.5,183.2,77.6,127.9,46
2026-12-30 03:00:00,201.0,180.4,78.3,122.7,40
2026-12-30 04:00:00,202.8,182.2,76.9,125.9,48
2026-12-30 05:00:00,206.4,175.8,83.7,122.7,52
2026-12-30 06:00:00,211.8,182.0,82.5,129.3,48
2026-12-30 07:00:00,208.2,177.4,77.6,130.6,46
2026-12-30 08:00:00,195.6,180.6,77.4,118.2,46
2026-12-30 09:00:00,198.5,190.8,79.7,118.8,51
2026-12-30 10:00:00,208.1,189.0,78.3,129.8,58
2026-12-30 11:00:00,197.0,172.2,78.4,118.6,56
2026-12-30 12:00:00,205.9,182.4,80.4,125.5,44
2026-12-30 13:00:00,206.3,178.4,81.1,125.2,50
2026-12-30 14:00:00,209.0,184.0,81.4,127.6,47
2026-12-30 15:00:00,210.3,175.2,81.1,129.2,46
2026-12-30 16:00:00,205.2,177.6,78.9,126.3,48
2026-12-30 17:00:00,204.6,173.4,78.5,126.1,45
2026-12-30 18:00:00,192.9,188.2,79.3,113.6,49
2026-12-30 19:00:00,201.2,170.0,79.3,121.9,45
2026-12-30 20:00:00,217.4,187.6,82.1,135.3,58
2026-12-30 21:00:00,212.7,178.2,82.8,129.9,56
2026-12-30 22:00:00,210.7,180.2,79.9,130.8,54
2026-12-30 23:00:00,199.9,177.2,81.1,118.8,42
2026-12-31 00:00:00,201.2,176.2,77.3,123.9,40
2026-12-31 01:00:00,201.4,170.6,78.6,122.8,44
2026-12-31 02:00:00,206.9,181.8,80.3,126.6,49
2026-12-31 03:00:00,190.0,173.8,80.0,110.0,43
2026-12-31 04:00:00,205.4,181.0,80.6,124.8,47
2026-12-31 05:00:00,205.5,177.2,80.4,125.1,58
2026-12-31 06:00:00,205.4,181.6,78.9,126.5,52
2026-12-31 07:00:00,209.0,189.2,77.7,131.3,56
2026-12-31 08:00:00,207.4,184.4,78.4,129.0,56
2026-12-31 09:00:00,204.1,191.4,79.7,124.4,56
2026-12-31 10:00:00,207.8,179.2,80.7,127.1,52
2026-12-31 11:00:00,201.7,184.0,81.3,120.4,42
2026-12-31 12:00:00,204.8,183.6,83.8,121.0,43
2026-12-31 13:00:00,207.9,191.0,78.5,129.4,59
2026-12-31 14:00:00,202.3,179.0,80.1,122.2,57
2026-12-31 15:00:00,201.3,182.2,80.9,120.4,52
2026-12-31 16:00:00,212.0,174.6,78.9,133.1,58
2026-12-31 17:00:00,202.9,186.2,78.5,124.4,53
2026-12-31 18:00:00,206.3,174.2,83.5,122.8,42
2026-12-31 19:00:00,199.9,185.8,72.7,127.2,46
2026-12-31 20:00:00,199.0,180.4,78.5,120.5,57
2026-12-31 21:00:00,205.7,183.0,82.1,123.6,40
2026-12-31 22:00:00,198.7,170.2,79.4,119.3,43
2026-12-31 23:00:00,208.1,174.2,79.9,128.2,48
2027-01-01 00:00:00,193.1,184.4,79.8,113.3,41
2027-01-01 01:00:00,201.5,184.8,79.9,121.6,40
2027-01-01 02:00:00,202.7,181.2,82.4,120.3,48
2027-01-01 03:00:00,196.3,182.0,80.5,115.8,44
2027-01-01 04:00:00,210.4,182.0,80.3,130.1,59
2027-01-01 05:00:00,204.0,156.6,77.8,126.2,49
2027-01-01 06:00:00,211.2,185.2,82.4,128.8,43
2027-01-01 07:00:00,196.1,172.8,78.4,117.7,49
2027-01-01 08:00:00,208.5,177.0,77.7,130.8,53
2027-01-01 09:00:00,213.8,178.0,83.3,130.5,58
2027-01-01 10:00:00,187.0,178.4,75.3,111.7,47
2027-01-01 11:00:00,209.5,187.2,79.0,130.5,58
2027-01-01 12:00:00,206.6,179.0,77.4,129.2,59
2027-01-01 13:00:00,209.4,190.4,79.1,130.3,46
2027-01-01 14:00:00,192.1,172.0,77.5,114.6,46
2027-01-01 15:00:00,203.0,179.2,77.4,125.6,49
2027-01-01 16:00:00,212.1,175.2,79.0,133.1,58
2027-01-01 17:00:00,209.0,178.6,83.0,126.0,42
2027-01-01 18:00:00,183.9,179.8,78.2,105.7,41
2027-01-01 19:00:00,199.6,182.6,80.4,119.2,45
2027-01-01 20:00:00,198.3,185.0,77.5,120.8,53
2027-01-01 21:00:00,196.4,184.4,77.2,119.2,40
2027-01-01 22:00:00,201.6,182.6,80.9,120.7,44
2027-01-01 23:00:00,203.3,179.4,83.6,119.7,45
2027-01-02 00:00:00,208.0,175.6,82.5,125.5,49
2027-01-02 01:00:00,206.3,174.8,80.0,126.3,53
2027-01-02 02:00:00,206.7,186.6,83.9,122.8,46
2027-01-02 03:00:00,212.8,180.8,81.4,131.4,41
2027-01-02 04:00:00,207.0,188.4,79.5,127.5,49
2027-01-02 05:00:00,213.7,187.8,79.5,134.2,55
2027-01-02 06:00:00,198.7,178.4,79.4,119.3,44
2027-01-02 07:00:00,192.3,181.2,79.3,113.0,42
2027-01-02 08:00:00,208.3,191.8,83.9,124.4,49
2027-01-02 09:00:00,201.2,177.2,76.6,124.6,56
2027-01-02 10:00:00,217.9,178.8,84.5,133.4,53
2027-01-02 11:00:00,201.8,183.4,83.6,118.2,42
2027-01-02 12:00:00,209.2,190.6,81.7,127.5,56
2027-01-02 13:00:00,217.1,170.2,78.0,139.1,59
2027-01-02 14:00:00,208.6,189.4,81.0,127.6,59
2027-01-02 15:00:00,208.6,182.2,79.4,129.2,45
2027-01-02 16:00:00,204.6,178.4,81.5,123.1,47
2027-01-02 17:00:00,202.9,179.8,81.2,121.7,46
2027-01-02 18:00:00,200.2,173.6,79.9,120.3,40
2027-01-02 19:00:00,206.8,180.8,82.5,124.3,47
2027-01-02 20:00:00,210.2,185.6,79.3,130.9,46
2027-01-02 21:00:00,208.8,181.6,84.2,124.6,50
2027-01-02 22:00:00,213.7,177.0,79.4,134.3,41
2027-01-02 23:00:00,211.2,182.2,79.8,131.4,58
2027-01-03 00:00:00,201.5,173.0,79.2,122.3,43
2027-01-03 01:00:00,194.5,175.0,78.8,115.7,42
2027-01-03 02:00:00,203.4,184.4,79.5,123.9,40
2027-01-03 03:00:00,207.9,183.2,82.4,125.5,46
2027-01-03 04:00:00,197.1,182.2,83.6,113.5,40
2027-01-03 05:00:00,195.2,185.8,75.7,119.5,51
2027-01-03 06:00:00,209.9,179.4,79.5,130.4,48
2027-01-03 07:00:00,208.3,182.4,80.5,127.8,55
2027-01-03 08:00:00,204.6,181.2,83.1,121.5,43
2027-01-03 09:00:00,197.6,177.0,80.4,117.2,44
2027-01-03 10:00:00,211.2,180.2,78.1,133.1,55
2027-01-03 11:00:00,212.2,195.0,82.2,130.0,58
2027-01-03 12:00:00,202.8,182.4,77.8,125.0,54
2027-01-03 13:00:00,204.1,179.0,79.9,124.2,42
2027-01-03 14:00:00,193.4,188.0,80.6,112.8,41
2027-01-03 15:00:00,212.7,186.4,81.9,130.8,55
2027-01-03 16:00:00,202.4,169.8,77.3,125.1,41
2027-01-03 17:00:00,208.6,175.6,79.0,129.6,51
2027-01-03 18:00:00,208.4,184.2,82.7,125.7,49
2027-01-03 19:00:00,199.1,180.8,80.7,118.4,45
2027-01-03 20:00:00,214.8,180.2,79.4,135.4,46
2027-01-03 21:00:00,190.4,181.4,76.0,114.4,51
2027-01-03 22:00:00,205.8,179.4,79.6,126.2,43
2027-01-03 23:00:00,203.4,189.8,81.7,121.7,44
2027-01-04 00:00:00,205.4,182.4,77.0,128.4,47
2027-01-04 01:00:00,204.8,181.2,80.4,124.4,47
2027-01-04 02:00:00,200.3,182.4,79.8,120.5,57
2027-01-04 03:00:00,206.6,180.0,77.5,129.1,42
2027-01-04 04:00:00,211.9,176.4,79.4,132.5,52
2027-01-04 05:00:00,202.7,165.8,80.1,122.6,42
2027-01-04 06:00:00,210.8,186.4,80.2,130.6,44
2027-01-04 07:00:00,189.8,175.8,78.2,111.6,41
2027-01-04 08:00:00,206.9,183.0,82.6,124.3,59
2027-01-04 09:00:00,206.1,172.2,80.5,125.6,59
2027-01-04 10:00:00,199.8,182.2,81.4,118.4,43
2027-01-04 11:00:00,207.0,167.6,82.3,124.7,50
2027-01-04 12:00:00,203.6,187.6,79.8,123.8,49
2027-01-04 13:00:00,189.7,174.0,79.6,110.1,41
2027-01-04 14:00:00,195.2,180.2,78.5,116.7,44
2027-01-04 15:00:00,218.8,183.8,81.9,136.9,53
2027-01-04 16:00:00,203.9,186.0,80.1,123.8,52
2027-01-04 17:00:00,207.8,177.8,83.6,124.2,49
2027-01-04 18:00:00,188.6,178.6,79.7,108.9,40
2027-01-04 19:00:00,200.8,180.6,79.4,121.4,59
2027-01-04 20:00:00,195.2,174.0,80.5,114.7,54
2027-01-04 21:00:00,204.6,181.6,81.0,123.6,51
2027-01-04 22:00:00,205.6,183.6,80.4,125.2,48
2027-01-04 23:00:00,196.2,174.2,78.5,117.7,44
2027-01-05 00:00:00,196.2,181.6,77.9,118.3,43
2027-01-05 01:00:00,202.3,175.0,76.9,125.4,51
2027-01-05 02:00:00,203.1,175.6,77.7,125.4,55
2027-01-05 03:00:00,196.5,187.4,77.7,118.8,57
2027-01-05 04:00:00,207.8,181.6,78.3,129.5,58
2027-01-05 05:00:00,204.5,173.0,76.5,128.0,55
2027-01-05 06:00:00,206.2,176.0,78.0,128.2,57
2027-01-05 07:00:00,198.7,177.0,77.5,121.2,43
2027-01-05 08:00:00,203.9,176.2,81.2,122.7,51
2027-01-05 09:00:00,194.7,185.8,79.8,114.9,42
2027-01-05 10:00:00,205.1,180.0,79.7,125.4,40
2027-01-05 11:00:00,214.8,181.8,83.9,130.9,51
2027-01-05 12:00:00,201.0,187.6,80.0,121.0,41
2027-01-05 13:00:00,204.4,176.6,81.9,122.5,41
2027-01-05 14:00:00,203.4,170.4,77.9,125.5,56
2027-01-05 15:00:00,208.4,187.8,79.7,128.7,42
2027-01-05 16:00:00,200.4,184.2,78.0,122.4,45
2027-01-05 17:00:00,203.4,186.6,79.4,124.0,51
2027-01-05 18:00:00,212.5,178.6,80.1,132.4,56
2027-01-05 19:00:00,200.5,170.0,79.1,121.4,43
2027-01-05 20:00:00,203.5,177.4,80.4,123.1,52
2027-01-05 21:00:00,206.9,176.0,82.8,124.1,56
2027-01-05 22:00:00,213.9,181.2,83.4,130.5,50
2027-01-05 23:00:00,202.4,173.8,77.6,124.8,46
2027-01-06 00:00:00,207.6,185.4,80.5,127.1,54
2027-01-06 01:00:00,203.9,175.0,80.9,123.0,49
2027-01-06 02:00:00,201.9,171.6,80.4,121.5,54
2027-01-06 03:00:00,204.7,182.8,81.4,123.3,50
2027-01-06 04:00:00,215.0,183.6,81.5,133.5,57
2027-01-06 05:00:00,209.9,183.0,79.6,130.3,43
2027-01-06 06:00:00,204.6,177.8,77.0,127.6,57
2027-01-06 07:00:00,204.1,170.0,81.4,122.7,44
2027-01-06 08:00:00,210.0,177.6,74.0,136.0,59
2027-01-06 09:00:00,207.7,177.8,83.9,123.8,46
2027-01-06 10:00:00,197.5,185.0,76.8,120.7,41
2027-01-06 11:00:00,204.8,170.6,79.6,125.2,46
2027-01-06 12:00:00,202.2,174.0,83.1,119.1,49
2027-01-06 13:00:00,215.5,186.0,81.0,134.5,55
2027-01-06 14:00:00,211.2,179.8,76.4,134.8,58
2027-01-06 15:00:00,207.2,188.4,77.0,130.2,54
2027-01-06 16:00:00,206.6,187.6,79.8,126.8,58
2027-01-06 17:00:00,209.1,172.8,79.4,129.7,46
2027-01-06 18:00:00,214.4,173.8,80.3,134.1,56
2027-01-06 19:00:00,211.3,178.6,81.6,129.7,53
2027-01-06 20:00:00,203.2,182.6,78.3,124.9,57
2027-01-06 21:00:00,210.2,174.0,81.8,128.4,40
2027-01-06 22:00:00,204.8,175.6,83.9,120.9,47
2027-01-06 23:00:00,202.0,187.0,79.2,122.8,55
2027-01-07 00:00:00,197.9,177.4,77.7,120.2,44
2027-01-07 01:00:00,201.7,163.6,80.2,121.5,46
2027-01-07 02:00:00,195.1,185.8,77.4,117.7,58
2027-01-07 03:00:00,203.0,173.8,81.9,121.1,41
2027-01-07 04:00:00,208.1,187.8,84.3,123.8,57
2027-01-07 05:00:00,194.3,175.8,79.2,115.1,48
2027-01-07 06:00:00,205.9,181.6,84.1,121.8,46
2027-01-07 07:00:00,207.4,175.2,80.1,127.3,49
2027-01-07 08:00:00,202.2,174.8,78.8,123.4,42
2027-01-07 09:00:00,203.9,189.2,79.8,124.1,49
2027-01-07 10:00:00,197.7,173.0,78.0,119.7,54
2027-01-07 11:00:00,197.5,175.0,80.6,116.9,42
2027-01-07 12:00:00,208.2,170.8,79.6,128.6,55
2027-01-07 13:00:00,203.0,184.4,81.8,121.2,48
2027-01-07 14:00:00,208.2,188.6,82.5,125.7,40
2027-01-07 15:00:00,214.2,184.0,82.1,132.1,57
2027-01-07 16:00:00,206.6,178.4,78.2,128.4,50
2027-01-07 17:00:00,204.1,172.2,80.5,123.6,42
2027-01-07 18:00:00,196.6,174.6,79.8,116.8,47
2027-01-07 19:00:00,203.2,177.0,83.0,120.2,49
2027-01-07 20:00:00,202.9,173.6,82.1,120.8,55
2027-01-07 21:00:00,193.0,183.6,80.5,112.5,43
2027-01-07 22:00:00,206.0,183.6,80.3,125.7,58
2027-01-07 23:00:00,209.4,188.4,79.4,130.0,43
2027-01-08 00:00:00,202.0,184.2,79.1,122.9,52
2027-01-08 01:00:00,203.5,179.2,81.5,122.0,53
2027-01-08 02:00:00,200.8,196.0,80.5,120.3,47
2027-01-08 03:00:00,208.2,183.4,78.1,130.1,58
2027-01-08 04:00:00,201.8,184.6,81.6,120.2,42
2027-01-08 05:00:00,204.1,176.6,80.2,123.9,44
2027-01-08 06:00:00,214.3,171.2,82.2,132.1,55
2027-01-08 07:00:00,203.4,181.6,79.4,124.0,40
2027-01-08 08:00:00,201.7,180.2,81.3,120.4,46
2027-01-08 09:00:00,203.3,180.2,80.0,123.3,55
2027-01-08 10:00:00,199.9,176.2,80.1,119.8,40
2027-01-08 11:00:00,207.8,186.4,81.7,126.1,54
2027-01-08 12:00:00,205.0,177.2,75.5,129.5,53
2027-01-08 13:00:00,206.4,183.4,79.5,126.9,59
2027-01-08 14:00:00,196.0,175.6,81.6,114.4,45
2027-01-08 15:00:00,209.8,195.2,77.0,132.8,44
2027-01-08 16:00:00,206.0,182.6,81.6,124.4,48
2027-01-08 17:00:00,202.1,185.0,81.5,120.6,46
2027-01-08 18:00:00,192.6,187.8,79.9,112.7,43
2027-01-08 19:00:00,200.8,182.6,80.6,120.2,50
2027-01-08 20:00:00,214.3,187.4,81.6,132.7,48
2027-01-08 21:00:00,200.7,176.6,78.5,122.2,46
2027-01-08 22:00:00,198.7,183.6,79.9,118.8,41
2027-01-08 23:00:00,194.3,183.8,79.9,114.4,42
2027-01-09 00:00:00,208.3,178.6,82.0,126.3,52
2027-01-09 01:00:00,214.8,179.2,81.5,133.3,49
2027-01-09 02:00:00,209.2,177.8,83.0,126.2,46
2027-01-09 03:00:00,207.5,196.6,79.9,127.6,48
2027-01-09 04:00:00,201.1,181.2,80.1,121.0,44
2027-01-09 05:00:00,208.0,173.4,80.2,127.8,53
2027-01-09 06:00:00,201.6,190.0,78.8,122.8,40
2027-01-09 07:00:00,187.8,178.6,79.7,108.1,42
2027-01-09 08:00:00,211.2,184.0,83.0,128.2,59
2027-01-09 09:00:00,199.0,177.8,78.5,120.5,44
2027-01-09 10:00:00,210.5,174.0,78.2,132.3,42
2027-01-09 11:00:00,194.7,186.4,79.9,114.8,41
2027-01-09 12:00:00,206.7,173.8,81.3,125.4,40
2027-01-09 13:00:00,218.5,184.4,80.2,138.3,55
2027-01-09 14:00:00,199.2,186.2,77.6,121.6,45
2027-01-09 15:00:00,195.6,183.2,76.9,118.7,51
2027-01-09 16:00:00,212.2,177.6,77.9,134.3,59
2027-01-09 17:00:00,203.0,181.8,80.5,122.5,48
2027-01-09 18:00:00,202.0,176.2,79.6,122.4,46
2027-01-09 19:00:00,204.0,181.6,81.1,122.9,43
2027-01-09 20:00:00,201.1,178.4,77.4,123.7,41
2027-01-09 21:00:00,195.6,179.6,78.7,116.9,46
2027-01-09 22:00:00,206.9,167.8,79.3,127.6,50
2027-01-09 23:00:00,197.4,196.0,77.4,120.0,46
2027-01-10 00:00:00,206.0,178.6,80.5,125.5,57
2027-01-10 01:00:00,210.8,174.0,82.5,128.3,54
2027-01-10 02:00:00,208.6,173.6,78.5,130.1,59
2027-01-10 03:00:00,208.8,186.8,80.7,128.1,50
2027-01-10 04:00:00,206.2,174.6,84.5,121.7,54
2027-01-10 05:00:00,194.1,184.8,77.3,116.8,48
2027-01-10 06:00:00,202.1,188.4,79.0,123.1,47
2027-01-10 07:00:00,191.8,192.2,77.8,114.0,46
2027-01-10 08:00:00,211.1,176.6,79.7,131.4,52
2027-01-10 09:00:00,213.6,182.0,82.9,130.7,59
2027-01-10 10:00:00,206.9,180.8,78.7,128.2,45
2027-01-10 11:00:00,207.9,174.2,79.3,128.6,53
2027-01-10 12:00:00,205.7,180.4,79.6,126.1,45
2027-01-10 13:00:00,204.6,180.4,80.2,124.4,42
2027-01-10 14:00:00,207.6,177.4,80.5,127.1,57
2027-01-10 15:00:00,209.2,174.2,79.8,129.4,41
2027-01-10 16:00:00,198.9,174.4,79.6,119.3,44
2027-01-10 17:00:00,201.8,180.6,79.0,122.8,41
2027-01-10 18:00:00,198.2,185.4,81.5,116.7,44
2027-01-10 19:00:00,206.9,168.6,81.2,125.7,58
2027-01-10 20:00:00,210.1,183.4,83.8,126.3,55
2027-01-10 21:00:00,208.7,178.0,79.5,129.2,53
2027-01-10 22:00:00,216.4,189.0,78.7,137.7,53
2027-01-10 23:00:00,205.4,167.6,76.3,129.1,52
2027-01-11 00:00:00,200.2,176.2,77.7,122.5,41
2027-01-11 01:00:00,196.6,181.4,81.6,115.0,47
2027-01-11 02:00:00,202.3,174.6,75.2,127.1,51
2027-01-11 03:00:00,198.2,179.2,78.2,120.0,43
2027-01-11 04:00:00,211.3,188.2,80.0,131.3,54
2027-01-11 05:00:00,198.4,171.4,81.7,116.7,47
2027-01-11 06:00:00,200.4,182.4,80.4,120.0,55
2027-01-11 07:00:00,212.0,191.8,80.9,131.1,57
2027-01-11 08:00:00,209.6,185.6,81.1,128.5,58
2027-01-11 09:00:00,194.9,179.0,81.0,113.9,50
2027-01-11 10:00:00,216.4,190.0,81.8,134.6,57
2027-01-11 11:00:00,201.6,176.0,79.0,122.6,53
2027-01-11 12:00:00,208.7,190.6,83.2,125.5,58
2027-01-11 13:00:00,207.3,188.8,80.4,126.9,59
2027-01-11 14:00:00,199.7,182.4,77.7,122.0,57
2027-01-11 15:00:00,211.0,170.0,81.2,129.8,48
2027-01-11 16:00:00,201.6,166.8,77.9,123.7,46
2027-01-11 17:00:00,217.5,181.6,82.4,135.1,46
2027-01-11 18:00:00,191.9,188.8,77.5,114.4,41
2027-01-11 19:00:00,197.9,182.8,75.2,122.7,45
2027-01-11 20:00:00,194.6,175.0,76.7,117.9,43
2027-01-11 21:00:00,194.7,164.2,80.6,114.1,43
2027-01-11 22:00:00,193.1,185.4,79.0,114.1,41
2027-01-11 23:00:00,202.8,180.8,80.0,122.8,50
2027-01-12 00:00:00,196.4,176.2,79.7,116.7,41
2027-01-12 01:00:00,214.9,180.2,82.5,132.4,51
2027-01-12 02:00:00,198.6,171.8,78.8,119.8,40
2027-01-12 03:00:00,214.5,186.0,81.6,132.9,52
2027-01-12 04:00:00,210.9,176.4,82.1,128.8,52
2027-01-12 05:00:00,216.9,177.2,83.7,133.2,58
2027-01-12 06:00:00,212.4,187.6,78.7,133.7,59
2027-01-12 07:00:00,206.5,175.8,78.2,128.3,51
2027-01-12 08:00:00,196.8,190.6,82.1,114.7,41
2027-01-12 09:00:00,214.3,178.8,80.7,133.6,59
2027-01-12 10:00:00,206.4,169.6,84.4,122.0,51
2027-01-12 11:00:00,210.1,181.8,78.5,131.6,57
2027-01-12 12:00:00,211.8,179.4,80.6,131.2,47
2027-01-12 13:00:00,195.4,186.6,76.1,119.3,42
2027-01-12 14:00:00,198.8,174.8,75.9,122.9,51
2027-01-12 15:00:00,215.8,188.4,81.0,134.8,54
2027-01-12 16:00:00,198.8,178.8,76.5,122.3,41
2027-01-12 17:00:00,205.1,178.6,78.8,126.3,44
2027-01-12 18:00:00,214.0,174.2,82.7,131.3,51
2027-01-12 19:00:00,200.7,191.2,78.7,122.0,53
2027-01-12 20:00:00,199.9,174.4,80.5,119.4,53
2027-01-12 21:00:00,212.3,177.2,81.7,130.6,55
2027-01-12 22:00:00,202.8,187.2,79.3,123.5,42
2027-01-12 23:00:00,193.7,181.8,80.7,113.0,44
2027-01-13 00:00:00,204.8,180.8,77.5,127.3,51
2027-01-13 01:00:00,196.5,182.6,77.6,118.9,50
2027-01-13 02:00:00,199.9,179.4,77.2,122.7,56
2027-01-13 03:00:00,203.3,187.8,80.6,122.7,40
2027-01-13 04:00:00,197.4,170.8,77.4,120.0,43
2027-01-13 05:00:00,208.6,183.4,79.2,129.4,50
2027-01-13 06:00:00,201.5,170.8,81.2,120.3,41
2027-01-13 07:00:00,203.0,178.0,75.4,127.6,53
2027-01-13 08:00:00,205.5,175.8,82.6,122.9,49
2027-01-13 09:00:00,198.9,170.0,77.5,121.4,57
2027-01-13 10:00:00,208.8,174.0,80.2,128.6,49
2027-01-13 11:00:00,199.7,165.8,76.4,123.3,50
2027-01-13 12:00:00,218.1,181.6,79.7,138.4,59
2027-01-13 13:00:00,199.2,178.6,78.8,120.4,55
2027-01-13 14:00:00,199.2,185.2,76.4,122.8,58
2027-01-13 15:00:00,201.3,183.2,79.4,121.9,43
2027-01-13 16:00:00,196.0,178.8,77.7,118.3,45
2027-01-13 17:00:00,206.7,181.6,83.2,123.5,41
2027-01-13 18:00:00,202.7,178.2,82.0,120.7,42
2027-01-13 19:00:00,209.5,177.4,78.8,130.7,54
2027-01-13 20:00:00,211.8,188.2,83.5,128.3,52
2027-01-13 21:00:00,200.3,178.4,80.3,120.0,42
2027-01-13 22:00:00,203.4,176.6,79.8,123.6,48
2027-01-13 23:00:00,203.6,179.4,78.5,125.1,48
2027-01-14 00:00:00,202.7,185.6,74.8,127.9,52
2027-01-14 01:00:00,209.6,173.2,81.3,128.3,53
2027-01-14 02:00:00,196.3,180.4,75.8,120.5,58
2027-01-14 03:00:00,193.5,176.0,81.0,112.5,45
2027-01-14 04:00:00,202.1,177.0,77.4,124.7,55
2027-01-14 05:00:00,210.8,175.6,79.4,131.4,42
2027-01-14 06:00:00,211.4,181.4,82.0,129.4,48
2027-01-14 07:00:00,201.6,169.6,78.2,123.4,49
2027-01-14 08:00:00,201.4,177.6,81.3,120.1,47
2027-01-14 09:00:00,199.7,182.4,81.3,118.4,51
2027-01-14 10:00:00,210.6,184.8,80.9,129.7,57
2027-01-14 11:00:00,198.9,177.4,80.6,118.3,44
2027-01-14 12:00:00,201.0,177.2,79.5,121.5,51
2027-01-14 13:00:00,199.8,182.2,78.9,120.9,42
2027-01-14 14:00:00,204.1,183.8,78.4,125.7,56
2027-01-14 15:00:00,200.1,168.4,76.4,123.7,56
2027-01-14 16:00:00,202.7,187.0,81.6,121.1,48
2027-01-14 17:00:00,199.1,176.4,77.5,121.6,56
2027-01-14 18:00:00,195.2,185.0,75.0,120.2,46
2027-01-14 19:00:00,208.4,180.0,80.3,128.1,46
2027-01-14 20:00:00,204.0,183.0,77.6,126.4,41
2027-01-14 21:00:00,203.7,173.4,80.2,123.5,40
2027-01-14 22:00:00,209.5,179.6,80.7,128.8,46
2027-01-14 23:00:00,200.3,188.6,84.2,116.1,45
2027-01-15 00:00:00,196.0,180.8,81.5,114.5,42
2027-01-15 01:00:00,212.5,168.6,80.0,132.5,53
2027-01-15 02:00:00,203.0,177.2,80.6,122.4,53
2027-01-15 03:00:00,210.3,182.4,84.2,126.1,58
2027-01-15 04:00:00,203.6,179.6,82.1,121.5,42
2027-01-15 05:00:00,213.2,181.6,81.0,132.2,50
2027-01-15 06:00:00,210.5,188.0,81.5,129.0,52
2027-01-15 07:00:00,199.9,179.0,77.6,122.3,57
2027-01-15 08:00:00,203.6,178.8,81.6,122.0,41
2027-01-15 09:00:00,204.4,179.0,81.0,123.4,40
2027-01-15 10:00:00,204.9,179.8,78.1,126.8,58
2027-01-15 11:00:00,206.7,181.4,81.1,125.6,57
2027-01-15 12:00:00,201.2,188.2,76.2,125.0,46
2027-01-15 13:00:00,206.1,174.8,81.7,124.4,43
2027-01-15 14:00:00,221.4,172.2,77.9,143.5,57
2027-01-15 15:00:00,206.2,183.4,78.7,127.5,51
2027-01-15 16:00:00,190.4,176.0,77.7,112.7,47
2027-01-15 17:00:00,206.1,179.6,82.3,123.8,57
2027-01-15 18:00:00,205.2,178.4,77.0,128.2,51
2027-01-15 19:00:00,204.0,177.4,75.3,128.7,52
2027-01-15 20:00:00,214.9,178.8,82.1,132.8,57
2027-01-15 21:00:00,209.3,168.8,79.8,129.5,55
2027-01-15 22:00:00,210.2,188.0,78.0,132.2,59
2027-01-15 23:00:00,211.6,169.6,81.8,129.8,52
2027-01-16 00:00:00,205.6,171.4,77.0,128.6,54
2027-01-16 01:00:00,205.1,181.4,80.9,124.2,51
2027-01-16 02:00:00,207.2,176.8,82.2,125.0,46
2027-01-16 03:00:00,196.0,172.8,81.4,114.6,45
2027-01-16 04:00:00,219.9,174.2,84.6,135.3,56
2027-01-16 05:00:00,208.7,178.8,81.2,127.5,57
2027-01-16 06:00:00,201.1,174.4,79.1,122.0,43
2027-01-16 07:00:00,198.0,182.2,79.8,118.2,53
2027-01-16 08:00:00,213.5,179.6,81.3,132.2,47
2027-01-16 09:00:00,193.2,184.6,77.7,115.5,56
2027-01-16 10:00:00,207.3,171.0,81.2,126.1,55
2027-01-16 11:00:00,205.1,179.6,78.7,126.4,58
2027-01-16 12:00:00,208.3,182.8,83.3,125.0,59
2027-01-16 13:00:00,209.7,178.8,82.5,127.2,53
2027-01-16 14:00:00,206.5,169.4,76.6,129.9,41
2027-01-16 15:00:00,207.7,175.6,81.0,126.7,47
2027-01-16 16:00:00,197.7,182.8,83.6,114.1,41
2027-01-16 17:00:00,199.0,174.6,82.1,116.9,49
2027-01-16 18:00:00,208.1,184.8,76.4,131.7,54
2027-01-16 19:00:00,205.3,181.2,79.5,125.8,41
2027-01-16 20:00:00,207.6,185.0,81.7,125.9,45
2027-01-16 21:00:00,205.1,173.2,85.4,119.7,42
2027-01-16 22:00:00,206.3,185.4,83.1,123.2,42
2027-01-16 23:00:00,192.2,177.6,78.1,114.1,51
2027-01-17 00:00:00,198.5,171.4,76.5,122.0,40
2027-01-17 01:00:00,202.3,173.4,82.8,119.5,49
2027-01-17 02:00:00,198.7,178.6,77.4,121.3,47
2027-01-17 03:00:00,209.5,179.4,80.9,128.6,57
2027-01-17 04:00:00,190.3,179.0,79.6,110.7,44
2027-01-17 05:00:00,202.9,187.4,83.8,119.1,52
2027-01-17 06:00:00,202.6,175.4,80.3,122.3,41
2027-01-17 07:00:00,203.6,196.0,76.3,127.3,58
2027-01-17 08:00:00,208.4,186.2,78.2,130.2,59
2027-01-17 09:00:00,209.4,179.2,80.8,128.6,44
2027-01-17 10:00:00,203.4,162.2,77.2,126.2,58
2027-01-17 11:00:00,203.2,179.0,77.5,125.7,45
2027-01-17 12:00:00,201.2,167.4,77.5,123.7,43
2027-01-17 13:00:00,188.6,180.8,74.9,113.7,47
2027-01-17 14:00:00,209.6,178.6,80.3,129.3,54
2027-01-17 15:00:00,207.7,188.2,78.8,128.9,49
2027-01-17 16:00:00,208.0,174.0,78.4,129.6,53
2027-01-17 17:00:00,196.9,180.2,75.7,121.2,46
2027-01-17 18:00:00,210.3,166.4,81.1,129.2,55
2027-01-17 19:00:00,197.2,180.0,81.6,115.6,50
2027-01-17 20:00:00,204.7,180.4,79.8,124.9,50
2027-01-17 21:00:00,203.2,178.4,78.9,124.3,47
2027-01-17 22:00:00,197.1,180.0,81.6,115.5,40
2027-01-17 23:00:00,211.4,182.0,83.3,128.1,59
2027-01-18 00:00:00,204.9,185.2,79.1,125.8,41
2027-01-18 01:00:00,212.6,179.8,79.1,133.5,49
2027-01-18 02:00:00,192.3,189.2,80.8,111.5,41
2027-01-18 03:00:00,209.0,181.4,80.0,129.0,51
2027-01-18 04:00:00,210.7,176.6,79.0,131.7,52
2027-01-18 05:00:00,214.6,185.8,83.7,130.9,51
2027-01-18 06:00:00,199.8,179.2,79.8,120.0,52
2027-01-18 07:00:00,206.1,186.8,81.2,124.9,51
2027-01-18 08:00:00,204.5,177.4,78.8,125.7,40
2027-01-18 09:00:00,204.7,177.2,79.2,125.5,42
2027-01-18 10:00:00,195.2,181.0,78.8,116.4,40
2027-01-18 11:00:00,201.5,181.4,73.3,128.2,54
2027-01-18 12:00:00,201.6,181.2,79.9,121.7,49
2027-01-18 13:00:00,214.9,184.6,81.1,133.8,51
2027-01-18 14:00:00,208.9,180.0,81.4,127.5,45
2027-01-18 15:00:00,196.4,185.0,75.8,120.6,48
2027-01-18 16:00:00,198.5,170.2,81.1,117.4,43
2027-01-18 17:00:00,207.6,183.4,75.0,132.6,47
2027-01-18 18:00:00,206.1,182.6,84.3,121.8,51
2027-01-18 19:00:00,199.2,171.8,78.2,121.0,57
2027-01-18 20:00:00,209.0,180.8,78.8,130.2,49
2027-01-18 21:00:00,208.7,193.8,79.0,129.7,56
2027-01-18 22:00:00,200.9,176.8,83.6,117.3,49
2027-01-18 23:00:00,194.7,191.6,80.5,114.2,52
2027-01-19 00:00:00,205.2,173.2,77.9,127.3,51
2027-01-19 01:00:00,206.6,175.2,79.8,126.8,55
2027-01-19 02:00:00,206.0,168.4,80.0,126.0,46
2027-01-19 03:00:00,196.6,171.8,78.4,118.2,42
2027-01-19 04:00:00,207.8,176.4,77.0,130.8,54
2027-01-19 05:00:00,203.4,187.0,79.9,123.5,50
2027-01-19 06:00:00,196.1,173.0,81.3,114.8,43
2027-01-19 07:00:00,198.6,170.8,80.8,117.8,43
2027-01-19 08:00:00,193.3,173.2,82.7,110.6,41
2027-01-19 09:00:00,212.9,180.4,79.4,133.5,51
2027-01-19 10:00:00,215.8,180.0,81.4,134.4,59
2027-01-19 11:00:00,205.2,180.2,79.4,125.8,42
2027-01-19 12:00:00,199.3,175.8,79.2,120.1,55
2027-01-19 13:00:00,208.1,181.6,75.6,132.5,51
2027-01-19 14:00:00,200.3,189.6,82.5,117.8,41
2027-01-19 15:00:00,215.2,177.8,80.8,134.4,50
2027-01-19 16:00:00,209.9,181.2,81.1,128.8,58
2027-01-19 17:00:00,194.8,178.0,79.6,115.2,42
2027-01-19 18:00:00,203.0,191.2,82.1,120.9,50
2027-01-19 19:00:00,205.9,180.8,84.4,121.5,49
2027-01-19 20:00:00,194.6,185.4,77.7,116.9,42
2027-01-19 21:00:00,200.8,180.0,79.8,121.0,46
2027-01-19 22:00:00,198.1,188.6,80.9,117.2,41
2027-01-19 23:00:00,223.5,170.2,83.0,140.5,58
2027-01-20 00:00:00,193.6,177.4,76.5,117.1,40
2027-01-20 01:00:00,195.5,183.4,81.8,113.7,44
2027-01-20 02:00:00,194.5,174.0,76.5,118.0,43
2027-01-20 03:00:00,205.7,184.4,80.7,125.0,57
2027-01-20 04:00:00,206.8,180.4,80.4,126.4,50
2027-01-20 05:00:00,196.6,183.4,81.3,115.3,45
2027-01-20 06:00:00,211.5,182.8,82.0,129.5,56
2027-01-20 07:00:00,206.5,183.4,81.5,125.0,46
2027-01-20 08:00:00,199.1,175.8,77.7,121.4,43
2027-01-20 09:00:00,200.3,176.0,77.4,122.9,43
2027-01-20 10:00:00,198.1,185.4,76.8,121.3,44
2027-01-20 11:00:00,196.7,179.2,77.8,118.9,42
2027-01-20 12:00:00,214.2,179.8,80.6,133.6,52
2027-01-20 13:00:00,202.8,192.2,80.3,122.5,48
2027-01-20 14:00:00,210.4,176.8,82.5,127.9,48
2027-01-20 15:00:00,203.2,186.4,78.7,124.5,58
2027-01-20 16:00:00,198.9,180.6,80.2,118.7,51
2027-01-20 17:00:00,201.4,179.8,78.4,123.0,54
2027-01-20 18:00:00,209.7,173.4,81.2,128.5,49
2027-01-20 19:00:00,209.0,187.6,80.3,128.7,51
2027-01-20 20:00:00,206.1,178.2,80.8,125.3,51
2027-01-20 21:00:00,202.2,180.2,79.6,122.6,50
2027-01-20 22:00:00,209.8,179.0,76.5,133.3,58
2027-01-20 23:00:00,196.3,181.6,79.9,116.4,44
2027-01-21 00:00:00,196.2,190.8,81.0,115.2,42
2027-01-21 01:00:00,203.0,185.4,78.4,124.6,42
2027-01-21 02:00:00,205.3,182.8,78.2,127.1,53
2027-01-21 03:00:00,204.5,176.8,80.6,123.9,49
2027-01-21 04:00:00,211.9,181.0,81.7,130.2,57
2027-01-21 05:00:00,204.4,180.4,81.9,122.5,48
2027-01-21 06:00:00,203.8,191.8,82.8,121.0,49
2027-01-21 07:00:00,207.0,175.6,78.2,128.8,50
2027-01-21 08:00:00,202.7,181.0,81.5,121.2,44
2027-01-21 09:00:00,203.6,189.0,80.1,123.5,46
2027-01-21 10:00:00,200.4,180.2,78.7,121.7,45
2027-01-21 11:00:00,204.1,183.6,80.3,123.8,55
2027-01-21 12:00:00,214.3,180.8,81.4,132.9,51
2027-01-21 13:00:00,207.1,180.2,76.4,130.7,56
2027-01-21 14:00:00,201.8,182.6,79.2,122.6,55
2027-01-21 15:00:00,193.4,172.8,79.1,114.3,45
2027-01-21 16:00:00,216.2,173.4,85.7,130.5,48
2027-01-21 17:00:00,195.6,183.8,79.7,115.9,47
2027-01-21 18:00:00,206.6,180.0,82.7,123.9,52
2027-01-21 19:00:00,220.8,179.4,80.4,140.4,48
2027-01-21 20:00:00,212.3,174.4,82.1,130.2,48
2027-01-21 21:00:00,211.9,188.4,83.6,128.3,50
2027-01-21 22:00:00,206.2,174.6,78.7,127.5,52
2027-01-21 23:00:00,199.7,177.8,80.8,118.9,48
2027-01-22 00:00:00,205.7,176.6,81.8,123.9,45
2027-01-22 01:00:00,210.9,186.4,82.0,128.9,50
2027-01-22 02:00:00,196.7,183.2,80.0,116.7,50
2027-01-22 03:00:00,207.3,192.2,79.4,127.9,54
2027-01-22 04:00:00,205.3,184.0,81.1,124.2,46
2027-01-22 05:00:00,185.8,173.2,76.0,109.8,41
2027-01-22 06:00:00,203.5,174.4,78.5,125.0,56
2027-01-22 07:00:00,205.7,178.6,81.1,124.6,53
2027-01-22 08:00:00,208.5,170.4,80.2,128.3,50
2027-01-22 09:00:00,205.2,181.0,78.5,126.7,47
2027-01-22 10:00:00,206.9,176.6,82.0,124.9,43
2027-01-22 11:00:00,206.6,172.0,82.5,124.1,47
2027-01-22 12:00:00,204.8,189.6,78.9,125.9,41
2027-01-22 13:00:00,198.8,184.4,78.6,120.2,57
2027-01-22 14:00:00,198.9,180.2,77.2,121.7,42
2027-01-22 15:00:00,198.4,170.6,82.6,115.8,43
2027-01-22 16:00:00,207.9,186.0,80.4,127.5,55
2027-01-22 17:00:00,203.2,169.0,80.9,122.3,56
2027-01-22 18:00:00,206.4,183.0,78.9,127.5,53
2027-01-22 19:00:00,210.3,177.8,79.7,130.6,52
2027-01-22 20:00:00,204.8,179.6,81.3,123.5,42
2027-01-22 21:00:00,218.0,177.8,81.6,136.4,47
2027-01-22 22:00:00,192.9,183.0,78.1,114.8,48
2027-01-22 23:00:00,206.5,185.8,80.8,125.7,58
2027-01-23 00:00:00,199.9,173.6,79.7,120.2,54
2027-01-23 01:00:00,203.6,178.6,79.8,123.8,52
2027-01-23 02:00:00,207.2,181.2,79.0,128.2,52
2027-01-23 03:00:00,205.7,187.4,75.1,130.6,53
2027-01-23 04:00:00,197.4,175.8,78.4,119.0,51
2027-01-23 05:00:00,202.2,205.6,80.1,122.1,40
2027-01-23 06:00:00,209.0,182.2,83.1,125.9,45
2027-01-23 07:00:00,194.8,192.4,78.4,116.4,48
2027-01-23 08:00:00,202.4,183.8,78.0,124.4,49
2027-01-23 09:00:00,204.8,185.2,82.6,122.2,53
2027-01-23 10:00:00,217.6,178.8,82.8,134.8,58
2027-01-23 11:00:00,209.2,174.6,83.0,126.2,53
2027-01-23 12:00:00,212.3,178.8,80.1,132.2,51
2027-01-23 13:00:00,199.1,189.0,80.6,118.5,45
2027-01-23 14:00:00,198.3,175.0,81.7,116.6,47
2027-01-23 15:00:00,210.7,187.4,79.1,131.6,46
2027-01-23 16:00:00,192.8,187.8,80.1,112.7,47
2027-01-23 17:00:00,204.8,181.2,77.3,127.5,46
2027-01-23 18:00:00,202.5,171.6,78.6,123.9,41
2027-01-23 19:00:00,203.5,179.0,75.9,127.6,54
2027-01-23 20:00:00,207.8,165.0,82.3,125.5,47
2027-01-23 21:00:00,206.4,185.6,82.5,123.9,46
2027-01-23 22:00:00,193.5,181.4,77.7,115.8,50
2027-01-23 23:00:00,204.6,184.4,78.6,126.0,47
2027-01-24 00:00:00,193.4,180.2,76.1,117.3,47
2027-01-24 01:00:00,203.4,173.4,83.6,119.8,41
2027-01-24 02:00:00,214.7,184.6,81.0,133.7,54
2027-01-24 03:00:00,209.3,176.8,83.2,126.1,42
2027-01-24 04:00:00,209.2,179.6,79.6,129.6,42
2027-01-24 05:00:00,192.5,180.2,77.8,114.7,51
2027-01-24 06:00:00,198.9,191.0,80.3,118.6,59
2027-01-24 07:00:00,207.6,177.6,77.7,129.9,59
2027-01-24 08:00:00,210.9,176.8,81.1,129.8,57
2027-01-24 09:00:00,196.6,183.6,80.4,116.2,43
2027-01-24 10:00:00,217.6,177.6,83.3,134.3,55
2027-01-24 11:00:00,210.7,189.0,79.7,131.0,51
2027-01-24 12:00:00,212.8,176.8,82.0,130.8,51
2027-01-24 13:00:00,202.3,177.6,76.9,125.4,49
2027-01-24 14:00:00,201.1,180.8,75.0,126.1,44
2027-01-24 15:00:00,205.6,184.2,79.2,126.4,51
2027-01-24 16:00:00,191.6,181.2,76.3,115.3,46
2027-01-24 17:00:00,196.2,174.2,82.1,114.1,40
2027-01-24 18:00:00,206.2,170.8,79.9,126.3,47
2027-01-24 19:00:00,190.3,175.0,79.6,110.7,42
2027-01-24 20:00:00,211.4,190.0,81.2,130.2,54
2027-01-24 21:00:00,206.0,195.2,78.1,127.9,59
2027-01-24 22:00:00,206.8,178.8,80.9,125.9,58
2027-01-24 23:00:00,211.0,180.8,84.5,126.5,47
2027-01-25 00:00:00,210.5,167.4,77.4,133.1,59
2027-01-25 01:00:00,207.2,173.8,79.5,127.7,45
2027-01-25 02:00:00,198.8,173.4,75.7,123.1,48
2027-01-25 03:00:00,214.4,177.8,78.6,135.8,52
2027-01-25 04:00:00,201.9,185.2,79.0,122.9,41
2027-01-25 05:00:00,209.3,181.6,81.4,127.9,53
2027-01-25 06:00:00,212.2,183.8,79.5,132.7,52
2027-01-25 07:00:00,207.0,185.8,78.3,128.7,50
2027-01-25 08:00:00,214.0,189.2,81.7,132.3,48
2027-01-25 09:00:00,196.1,189.6,80.6,115.5,41
2027-01-25 10:00:00,217.5,180.2,81.1,136.4,58
2027-01-25 11:00:00,202.6,196.8,80.0,122.6,55
2027-01-25 12:00:00,209.6,177.6,80.4,129.2,58
2027-01-25 13:00:00,212.0,178.6,82.8,129.2,47
2027-01-25 14:00:00,206.1,181.4,81.8,124.3,44
2027-01-25 15:00:00,206.9,186.2,79.5,127.4,41
2027-01-25 16:00:00,212.1,190.4,81.7,130.4,45
2027-01-25 17:00:00,206.6,191.6,78.5,128.1,40
2027-01-25 18:00:00,200.6,194.0,76.8,123.8,45
2027-01-25 19:00:00,197.0,173.4,77.8,119.2,42
2027-01-25 20:00:00,208.7,173.2,77.9,130.8,53
2027-01-25 21:00:00,214.5,178.8,84.4,130.1,54
2027-01-25 22:00:00,213.8,168.0,81.8,132.0,54
2027-01-25 23:00:00,204.6,164.6,78.1,126.5,43
2027-01-26 00:00:00,218.5,173.6,80.9,137.6,59
2027-01-26 01:00:00,209.1,176.0,79.5,129.6,53
2027-01-26 02:00:00,202.9,175.6,80.5,122.4,49
2027-01-26 03:00:00,209.9,167.2,78.5,131.4,58
2027-01-26 04:00:00,197.1,175.4,78.6,118.5,50
2027-01-26 05:00:00,204.8,185.8,78.9,125.9,55
2027-01-26 06:00:00,197.2,189.2,77.6,119.6,41
2027-01-26 07:00:00,204.9,182.6,76.7,128.2,55
2027-01-26 08:00:00,207.0,174.4,80.5,126.5,47
2027-01-26 09:00:00,207.7,180.4,81.1,126.6,50
2027-01-26 10:00:00,204.1,186.8,77.2,126.9,56
2027-01-26 11:00:00,208.2,182.0,80.9,127.3,56
2027-01-26 12:00:00,210.8,173.8,79.2,131.6,56
2027-01-26 13:00:00,202.1,177.0,79.2,122.9,47
2027-01-26 14:00:00,212.7,182.8,80.7,132.0,52
2027-01-26 15:00:00,208.7,181.0,78.8,129.9,52
2027-01-26 16:00:00,203.3,186.4,78.0,125.3,44
2027-01-26 17:00:00,201.5,182.6,78.3,123.2,51
2027-01-26 18:00:00,205.2,187.2,84.0,121.2,52
2027-01-26 19:00:00,206.1,179.8,81.1,125.0,43
2027-01-26 20:00:00,213.5,181.6,79.2,134.3,49
2027-01-26 21:00:00,208.8,183.6,80.0,128.8,55
2027-01-26 22:00:00,206.0,183.0,79.9,126.1,46
2027-01-26 23:00:00,203.7,181.8,81.4,122.3,45
2027-01-27 00:00:00,208.1,190.2,83.7,124.4,43
2027-01-27 01:00:00,206.3,182.0,78.9,127.4,47
2027-01-27 02:00:00,200.4,191.0,82.8,117.6,42
2027-01-27 03:00:00,215.4,181.8,79.1,136.3,54
2027-01-27 04:00:00,197.7,177.4,80.7,117.0,50
2027-01-27 05:00:00,203.9,174.0,78.1,125.8,44
2027-01-27 06:00:00,215.9,188.6,78.7,137.2,56
2027-01-27 07:00:00,209.2,190.4,82.9,126.3,48
2027-01-27 08:00:00,204.3,190.4,79.9,124.4,49
2027-01-27 09:00:00,217.8,181.0,81.7,136.1,56
2027-01-27 10:00:00,199.1,182.2,78.1,121.0,46
2027-01-27 11:00:00,202.3,176.2,83.0,119.3,44
2027-01-27 12:00:00,209.2,174.0,80.7,128.5,58
2027-01-27 13:00:00,194.1,185.2,75.2,118.9,44
2027-01-27 14:00:00,208.3,181.8,79.2,129.1,42
2027-01-27 15:00:00,198.7,187.8,79.3,119.4,47
2027-01-27 16:00:00,211.9,184.8,81.1,130.8,59
2027-01-27 17:00:00,200.2,181.8,79.7,120.5,55
2027-01-27 18:00:00,211.7,173.4,81.8,129.9,54
2027-01-27 19:00:00,205.7,192.2,80.5,125.2,44
2027-01-27 20:00:00,221.4,191.2,85.3,136.1,58
2027-01-27 21:00:00,212.6,194.6,84.4,128.2,47
2027-01-27 22:00:00,211.7,182.0,81.4,130.3,49
2027-01-27 23:00:00,216.8,178.0,79.3,137.5,59
2027-01-28 00:00:00,205.1,176.6,79.3,125.8,53
2027-01-28 01:00:00,208.0,185.4,84.7,123.3,52
2027-01-28 02:00:00,208.7,179.4,79.8,128.9,53
2027-01-28 03:00:00,205.5,168.0,82.3,123.2,49
2027-01-28 04:00:00,195.6,171.6,78.6,117.0,40
2027-01-28 05:00:00,202.5,182.0,77.7,124.8,57
2027-01-28 06:00:00,205.4,169.6,78.3,127.1,54
2027-01-28 07:00:00,203.8,187.6,85.1,118.7,54
2027-01-28 08:00:00,211.2,177.6,78.6,132.6,58
2027-01-28 09:00:00,204.2,171.6,77.8,126.4,40
2027-01-28 10:00:00,189.6,185.2,78.2,111.4,41
2027-01-28 11:00:00,205.7,181.2,80.7,125.0,51
2027-01-28 12:00:00,207.5,180.2,84.4,123.1,46
2027-01-28 13:00:00,209.9,178.0,82.4,127.5,54
2027-01-28 14:00:00,210.0,180.0,80.2,129.8,54
2027-01-28 15:00:00,197.1,182.6,82.9,114.2,53
2027-01-28 16:00:00,207.4,189.2,81.8,125.6,50
2027-01-28 17:00:00,211.4,178.6,81.6,129.8,59
2027-01-28 18:00:00,201.5,181.8,79.5,122.0,44
2027-01-28 19:00:00,201.7,198.4,79.0,122.7,49
2027-01-28 20:00:00,199.4,171.2,77.3,122.1,50
2027-01-28 21:00:00,213.6,169.2,82.1,131.5,54
2027-01-28 22:00:00,191.9,190.6,79.3,112.6,41
2027-01-28 23:00:00,205.0,187.0,81.5,123.5,42
2027-01-29 00:00:00,199.6,175.6,79.4,120.2,42
2027-01-29 01:00:00,200.9,179.8,81.2,119.7,45
2027-01-29 02:00:00,208.4,176.8,82.0,126.4,55
2027-01-29 03:00:00,199.2,182.0,79.1,120.1,45
2027-01-29 04:00:00,197.6,181.8,79.5,118.1,42
2027-01-29 05:00:00,207.5,183.2,82.1,125.4,52
2027-01-29 06:00:00,204.0,177.4,79.1,124.9,52
2027-01-29 07:00:00,204.5,181.2,81.2,123.3,54
2027-01-29 08:00:00,200.8,175.8,81.3,119.5,40
2027-01-29 09:00:00,203.9,188.4,81.3,122.6,45
2027-01-29 10:00:00,215.7,179.6,84.0,131.7,54
2027-01-29 11:00:00,209.4,191.4,82.3,127.1,53
2027-01-29 12:00:00,207.5,167.8,81.5,126.0,46
2027-01-29 13:00:00,205.8,191.4,77.4,128.4,50
2027-01-29 14:00:00,208.7,186.8,83.9,124.8,50
2027-01-29 15:00:00,209.9,176.0,82.9,127.0,49
2027-01-29 16:00:00,206.5,175.6,80.2,126.3,55
2027-01-29 17:00:00,202.6,184.6,75.8,126.8,51
2027-01-29 18:00:00,208.6,180.8,80.6,128.0,46
2027-01-29 19:00:00,205.6,183.2,76.3,129.3,57
2027-01-29 20:00:00,207.2,177.8,81.7,125.5,56
2027-01-29 21:00:00,190.8,181.6,77.9,112.9,42
2027-01-29 22:00:00,200.4,180.4,83.6,116.8,40
2027-01-29 23:00:00,197.6,183.8,81.3,116.3,45
2027-01-30 00:00:00,202.5,180.6,82.9,119.6,59
2027-01-30 01:00:00,206.8,184.2,79.1,127.7,49
2027-01-30 02:00:00,198.1,187.6,81.6,116.5,46
2027-01-30 03:00:00,205.8,169.6,82.1,123.7,50
2027-01-30 04:00:00,204.1,182.4,80.4,123.7,58
2027-01-30 05:00:00,195.2,183.2,77.1,118.1,41
2027-01-30 06:00:00,213.0,187.4,81.0,132.0,56
2027-01-30 07:00:00,203.6,178.4,81.6,122.0,41
2027-01-30 08:00:00,210.8,171.8,77.0,133.8,54
2027-01-30 09:00:00,203.6,174.6,79.2,124.4,48
2027-01-30 10:00:00,197.2,184.8,79.8,117.4,44
2027-01-30 11:00:00,192.3,172.6,79.3,113.0,45
2027-01-30 12:00:00,199.2,170.0,79.5,119.7,41
2027-01-30 13:00:00,203.2,181.0,79.2,124.0,40
2027-01-30 14:00:00,209.6,177.8,82.2,127.4,46
2027-01-30 15:00:00,201.2,167.6,79.9,121.3,59
2027-01-30 16:00:00,202.2,173.4,78.9,123.3,54
2027-01-30 17:00:00,206.6,181.6,80.8,125.8,45
2027-01-30 18:00:00,203.3,187.0,80.4,122.9,51
2027-01-30 19:00:00,203.7,177.0,80.3,123.4,46
2027-01-30 20:00:00,206.9,196.6,84.8,122.1,51
2027-01-30 21:00:00,204.2,188.0,80.2,124.0,48
2027-01-30 22:00:00,198.7,174.6,79.2,119.5,42
2027-01-30 23:00:00,204.7,183.2,80.3,124.4,55
2027-01-31 00:00:00,209.3,177.0,81.4,127.9,56
2027-01-31 01:00:00,195.6,170.8,73.2,122.4,57
2027-01-31 02:00:00,203.8,181.8,79.9,123.9,50
2027-01-31 03:00:00,206.3,189.0,79.6,126.7,51
2027-01-31 04:00:00,201.7,187.0,80.5,121.2,52
2027-01-31 05:00:00,206.9,173.0,78.2,128.7,48
2027-01-31 06:00:00,208.2,185.0,80.8,127.4,56
2027-01-31 07:00:00,200.8,184.4,79.2,121.6,54
2027-01-31 08:00:00,208.9,186.8,82.5,126.4,45
2027-01-31 09:00:00,212.5,178.0,83.5,129.0,50
2027-01-31 10:00:00,203.4,169.0,78.9,124.5,56
2027-01-31 11:00:00,201.3,190.8,79.8,121.5,46
2027-01-31 12:00:00,205.3,176.8,77.7,127.6,40
2027-01-31 13:00:00,206.3,180.8,78.9,127.4,49
2027-01-31 14:00:00,197.3,177.6,78.0,119.3,40
2027-01-31 15:00:00,201.8,185.4,74.7,127.1,52
2027-01-31 16:00:00,224.3,182.8,83.1,141.2,57
2027-01-31 17:00:00,200.0,179.6,80.6,119.4,50
2027-01-31 18:00:00,214.1,178.6,78.6,135.5,58
2027-01-31 19:00:00,209.4,184.0,78.4,131.0,59
2027-01-31 20:00:00,204.0,175.4,79.2,124.8,42
2027-01-31 21:00:00,204.8,182.4,84.1,120.7,42
2027-01-31 22:00:00,204.3,178.4,77.7,126.6,51
2027-01-31 23:00:00,206.1,178.2,84.0,122.1,54
2027-02-01 00:00:00,191.9,176.0,78.4,113.5,46
2027-02-01 01:00:00,211.8,184.0,80.2,131.6,59
2027-02-01 02:00:00,201.3,181.0,79.4,121.9,46
2027-02-01 03:00:00,211.8,183.4,82.7,129.1,40
2027-02-01 04:00:00,202.7,188.8,78.4,124.3,59
2027-02-01 05:00:00,205.2,182.8,83.4,121.8,45
2027-02-01 06:00:00,207.0,177.8,78.6,128.4,49
2027-02-01 07:00:00,209.5,182.6,78.3,131.2,52
2027-02-01 08:00:00,202.9,182.6,78.3,124.6,59
2027-02-01 09:00:00,212.2,180.8,81.2,131.0,59
2027-02-01 10:00:00,207.4,190.2,81.7,125.7,49
2027-02-01 11:00:00,196.0,174.8,79.5,116.5,46
2027-02-01 12:00:00,209.0,176.4,81.8,127.2,54
2027-02-01 13:00:00,207.8,174.0,81.5,126.3,49
2027-02-01 14:00:00,211.7,193.6,85.8,125.9,54
2027-02-01 15:00:00,200.4,176.8,76.7,123.7,48
2027-02-01 16:00:00,202.4,179.2,79.9,122.5,42
2027-02-01 17:00:00,209.2,179.0,80.7,128.5,48
2027-02-01 18:00:00,222.1,182.8,81.1,141.0,56
2027-02-01 19:00:00,205.8,176.2,81.3,124.5,50
2027-02-01 20:00:00,197.4,186.4,81.0,116.4,41
2027-02-01 21:00:00,205.6,190.2,79.9,125.7,57
2027-02-01 22:00:00,204.3,180.4,75.9,128.4,53
2027-02-01 23:00:00,200.1,190.2,82.3,117.8,58
2027-02-02 00:00:00,206.5,190.2,77.8,128.7,55
2027-02-02 01:00:00,210.4,188.4,82.3,128.1,50
2027-02-02 02:00:00,215.7,167.2,80.5,135.2,57
2027-02-02 03:00:00,210.2,175.4,79.4,130.8,59
2027-02-02 04:00:00,206.1,181.6,82.7,123.4,46
2027-02-02 05:00:00,208.4,175.4,82.6,125.8,58
2027-02-02 06:00:00,214.5,177.8,82.0,132.5,53
2027-02-02 07:00:00,203.6,179.0,84.7,118.9,48
2027-02-02 08:00:00,197.5,193.0,79.4,118.1,42
2027-02-02 09:00:00,206.8,179.0,79.3,127.5,40
2027-02-02 10:00:00,208.5,180.6,79.2,129.3,46
2027-02-02 11:00:00,209.7,183.0,81.0,128.7,49
2027-02-02 12:00:00,208.6,187.6,83.6,125.0,56
2027-02-02 13:00:00,201.9,184.4,80.2,121.7,54
2027-02-02 14:00:00,214.5,185.2,82.7,131.8,49
2027-02-02 15:00:00,212.7,188.4,84.0,128.7,52
2027-02-02 16:00:00,199.2,186.8,77.8,121.4,55
2027-02-02 17:00:00,204.3,191.8,80.5,123.8,45
2027-02-02 18:00:00,206.7,180.4,79.1,127.6,53
2027-02-02 19:00:00,197.2,184.4,80.4,116.8,58
2027-02-02 20:00:00,206.7,176.8,77.8,128.9,59
2027-02-02 21:00:00,206.6,179.0,78.8,127.8,46
2027-02-02 22:00:00,203.3,164.8,79.7,123.6,52
2027-02-02 23:00:00,207.9,176.6,80.6,127.3,54
2027-02-03 00:00:00,200.2,174.4,77.1,123.1,43
2027-02-03 01:00:00,202.5,186.4,80.0,122.5,47
2027-02-03 02:00:00,204.9,182.8,76.6,128.3,53
2027-02-03 03:00:00,200.4,178.6,81.7,118.7,55
2027-02-03 04:00:00,215.4,185.6,82.0,133.4,58
2027-02-03 05:00:00,197.5,178.6,76.9,120.6,59
2027-02-03 06:00:00,206.9,186.0,81.6,125.3,56
2027-02-03 07:00:00,203.0,175.0,86.2,116.8,51
2027-02-03 08:00:00,207.5,181.2,79.3,128.2,49
2027-02-03 09:00:00,199.3,183.8,78.4,120.9,49
2027-02-03 10:00:00,196.7,185.8,77.9,118.8,48
2027-02-03 11:00:00,204.7,172.2,81.5,123.2,49
2027-02-03 12:00:00,194.9,179.2,81.6,113.3,45
2027-02-03 13:00:00,202.9,184.0,80.1,122.8,50
2027-02-03 14:00:00,198.4,181.6,81.8,116.6,54
2027-02-03 15:00:00,204.9,186.8,78.2,126.7,45
2027-02-03 16:00:00,199.4,185.4,77.0,122.4,45
2027-02-03 17:00:00,203.7,180.8,77.4,126.3,44
2027-02-03 18:00:00,204.9,181.4,77.0,127.9,48
2027-02-03 19:00:00,199.8,176.8,82.9,116.9,42
2027-02-03 20:00:00,198.7,173.8,80.9,117.8,44
2027-02-03 21:00:00,206.6,179.4,81.2,125.4,47
2027-02-03 22:00:00,216.5,186.0,81.1,135.4,55
2027-02-03 23:00:00,197.9,186.6,79.1,118.8,42
2027-02-04 00:00:00,195.8,176.2,78.7,117.1,48
2027-02-04 01:00:00,203.6,180.6,77.2,126.4,55
2027-02-04 02:00:00,202.9,178.8,81.3,121.6,57
2027-02-04 03:00:00,200.8,185.6,80.4,120.4,53
2027-02-04 04:00:00,200.2,188.0,80.5,119.7,43
2027-02-04 05:00:00,216.0,179.4,82.0,134.0,58
2027-02-04 06:00:00,199.4,184.4,80.7,118.7,43
2027-02-04 07:00:00,203.2,191.6,81.2,122.0,43
2027-02-04 08:00:00,195.4,175.4,79.2,116.2,45
2027-02-04 09:00:00,205.7,180.8,79.9,125.8,56
2027-02-04 10:00:00,201.2,188.4,77.6,123.6,52
2027-02-04 11:00:00,205.1,192.0,78.9,126.2,50
2027-02-04 12:00:00,215.5,177.8,79.8,135.7,56
2027-02-04 13:00:00,201.2,183.8,78.3,122.9,52
2027-02-04 14:00:00,211.5,173.8,76.5,135.0,45
2027-02-04 15:00:00,206.3,184.6,81.3,125.0,49
2027-02-04 16:00:00,201.2,179.0,77.1,124.1,56
2027-02-04 17:00:00,209.0,187.0,82.2,126.8,56
2027-02-04 18:00:00,200.5,183.4,78.5,122.0,41
2027-02-04 19:00:00,194.5,186.4,78.9,115.6,43
2027-02-04 20:00:00,208.8,186.8,79.1,129.7,53
2027-02-04 21:00:00,206.4,183.8,82.6,123.8,54
2027-02-04 22:00:00,207.0,189.0,80.2,126.8,49
2027-02-04 23:00:00,206.1,180.2,77.6,128.5,59
2027-02-05 00:00:00,203.4,196.6,77.7,125.7,43
2027-02-05 01:00:00,209.9,181.8,80.3,129.6,54
2027-02-05 02:00:00,194.4,169.8,78.2,116.2,40
2027-02-05 03:00:00,204.2,194.4,82.5,121.7,51
2027-02-05 04:00:00,210.2,181.4,82.4,127.8,47
2027-02-05 05:00:00,206.7,185.0,81.6,125.1,48
2027-02-05 06:00:00,206.8,179.0,82.1,124.7,52
2027-02-05 07:00:00,202.9,189.4,77.6,125.3,41
2027-02-05 08:00:00,208.7,174.8,80.5,128.2,50
2027-02-05 09:00:00,204.9,189.6,79.0,125.9,45
2027-02-05 10:00:00,197.0,188.6,80.8,116.2,50
2027-02-05 11:00:00,197.8,183.0,78.7,119.1,40
2027-02-05 12:00:00,206.3,179.6,79.2,127.1,44
2027-02-05 13:00:00,202.0,176.6,77.3,124.7,43
2027-02-05 14:00:00,201.4,169.6,79.0,122.4,56
2027-02-05 15:00:00,204.3,180.0,75.8,128.5,46
2027-02-05 16:00:00,204.5,180.8,75.9,128.6,57
2027-02-05 17:00:00,205.4,182.2,76.5,128.9,59
2027-02-05 18:00:00,194.0,180.2,77.0,117.0,49
2027-02-05 19:00:00,205.9,183.4,78.4,127.5,46
2027-02-05 20:00:00,206.6,188.2,79.7,126.9,40
2027-02-05 21:00:00,204.3,180.8,79.3,125.0,51
2027-02-05 22:00:00,201.6,193.0,77.2,124.4,55
2027-02-05 23:00:00,213.8,192.6,80.3,133.5,55
2027-02-06 00:00:00,214.1,185.8,80.6,133.5,58
2027-02-06 01:00:00,212.8,187.8,80.2,132.6,52
2027-02-06 02:00:00,214.7,171.8,79.3,135.4,53
2027-02-06 03:00:00,201.2,195.8,80.5,120.7,59
2027-02-06 04:00:00,199.5,187.0,77.2,122.3,43
2027-02-06 05:00:00,206.4,179.4,79.9,126.5,58
2027-02-06 06:00:00,213.2,178.8,80.6,132.6,55
2027-02-06 07:00:00,216.5,194.2,81.5,135.0,50
2027-02-06 08:00:00,203.7,190.2,82.8,120.9,44
2027-02-06 09:00:00,207.5,180.4,81.8,125.7,47
2027-02-06 10:00:00,196.5,184.4,77.3,119.2,44
2027-02-06 11:00:00,206.6,187.8,80.5,126.1,57
2027-02-06 12:00:00,205.5,190.0,77.9,127.6,48
2027-02-06 13:00:00,203.2,196.6,77.0,126.2,40
2027-02-06 14:00:00,207.9,192.8,80.7,127.2,47
2027-02-06 15:00:00,203.0,181.6,79.9,123.1,57
2027-02-06 16:00:00,201.9,188.8,79.6,122.3,46
2027-02-06 17:00:00,201.7,184.2,81.5,120.2,46
2027-02-06 18:00:00,208.1,180.6,84.2,123.9,50
2027-02-06 19:00:00,204.7,172.6,78.0,126.7,53
2027-02-06 20:00:00,207.1,173.4,79.0,128.1,56
2027-02-06 21:00:00,200.5,185.8,79.0,121.5,50
2027-02-06 22:00:00,209.6,179.0,79.4,130.2,40
2027-02-06 23:00:00,195.0,180.0,79.9,115.1,46
2027-02-07 00:00:00,205.8,178.8,82.2,123.6,58
2027-02-07 01:00:00,202.9,186.2,77.5,125.4,48
2027-02-07 02:00:00,201.7,183.6,80.4,121.3,47
2027-02-07 03:00:00,211.4,169.6,76.4,135.0,57
2027-02-07 04:00:00,203.6,178.0,79.5,124.1,47
2027-02-07 05:00:00,196.1,178.2,78.5,117.6,45
2027-02-07 06:00:00,203.8,176.0,78.5,125.3,51
2027-02-07 07:00:00,205.5,175.0,81.1,124.4,55
2027-02-07 08:00:00,204.6,186.4,79.8,124.8,53
2027-02-07 09:00:00,208.0,194.6,79.1,128.9,52
2027-02-07 10:00:00,207.3,178.2,81.6,125.7,48
2027-02-07 11:00:00,206.7,180.0,82.8,123.9,59
2027-02-07 12:00:00,208.1,191.6,81.6,126.5,42
2027-02-07 13:00:00,206.7,194.0,81.7,125.0,55
2027-02-07 14:00:00,207.5,187.0,80.4,127.1,49
2027-02-07 15:00:00,197.9,182.4,80.3,117.6,45
2027-02-07 16:00:00,202.3,190.0,80.0,122.3,57
2027-02-07 17:00:00,198.9,183.4,75.5,123.4,53
2027-02-07 18:00:00,219.4,182.6,83.6,135.8,56
2027-02-07 19:00:00,201.6,174.4,78.4,123.2,55
2027-02-07 20:00:00,198.7,185.2,82.2,116.5,41
2027-02-07 21:00:00,197.8,194.2,77.1,120.7,46
2027-02-07 22:00:00,212.0,177.2,84.4,127.6,58
2027-02-07 23:00:00,218.0,188.0,79.4,138.6,59
2027-02-08 00:00:00,205.2,180.2,82.5,122.7,53
2027-02-08 01:00:00,212.2,183.4,78.1,134.1,55
2027-02-08 02:00:00,198.7,179.2,78.8,119.9,45
2027-02-08 03:00:00,204.6,178.0,80.1,124.5,43
2027-02-08 04:00:00,209.5,180.4,84.9,124.6,49
2027-02-08 05:00:00,199.6,181.2,81.3,118.3,43
2027-02-08 06:00:00,210.8,184.8,81.3,129.5,42
2027-02-08 07:00:00,207.5,175.2,80.3,127.2,53
2027-02-08 08:00:00,201.0,181.6,76.4,124.6,41
2027-02-08 09:00:00,215.6,183.4,78.9,136.7,45
2027-02-08 10:00:00,209.5,179.6,79.7,129.8,58
2027-02-08 11:00:00,205.9,180.0,82.4,123.5,44
2027-02-08 12:00:00,215.7,190.6,81.3,134.4,45
2027-02-08 13:00:00,192.7,173.6,80.4,112.3,40
2027-02-08 14:00:00,205.6,193.0,78.6,127.0,50
2027-02-08 15:00:00,203.1,175.2,79.3,123.8,48
2027-02-08 16:00:00,222.1,180.6,80.1,142.0,57
2027-02-08 17:00:00,207.6,183.0,76.6,131.0,55
2027-02-08 18:00:00,213.3,180.8,81.0,132.3,50
2027-02-08 19:00:00,205.9,184.8,81.8,124.1,48
2027-02-08 20:00:00,219.7,188.6,86.1,133.6,48
2027-02-08 21:00:00,197.4,184.2,78.3,119.1,43
2027-02-08 22:00:00,203.4,173.4,77.0,126.4,50
2027-02-08 23:00:00,208.5,176.8,79.7,128.8,44
2027-02-09 00:00:00,210.6,188.0,79.1,131.5,58
2027-02-09 01:00:00,205.5,180.6,80.3,125.2,48
2027-02-09 02:00:00,200.0,174.8,77.0,123.0,50
2027-02-09 03:00:00,207.9,184.8,79.4,128.5,50
2027-02-09 04:00:00,210.0,191.6,82.6,127.4,50
2027-02-09 05:00:00,201.3,185.4,76.6,124.7,45
2027-02-09 06:00:00,209.3,185.0,77.9,131.4,53
2027-02-09 07:00:00,197.1,190.0,79.2,117.9,50
2027-02-09 08:00:00,203.6,186.4,80.7,122.9,42
2027-02-09 09:00:00,200.6,174.8,79.8,120.8,50
2027-02-09 10:00:00,206.4,181.8,79.5,126.9,57
2027-02-09 11:00:00,203.0,185.8,79.5,123.5,48
2027-02-09 12:00:00,202.8,192.2,83.0,119.8,46
2027-02-09 13:00:00,206.4,176.0,82.6,123.8,44
2027-02-09 14:00:00,203.9,178.6,78.6,125.3,50
2027-02-09 15:00:00,202.1,196.6,79.7,122.4,41
2027-02-09 16:00:00,213.8,189.0,81.4,132.4,56
2027-02-09 17:00:00,207.8,179.4,84.5,123.3,44
2027-02-09 18:00:00,208.8,180.8,81.2,127.6,54
2027-02-09 19:00:00,204.9,185.4,81.8,123.1,53
2027-02-09 20:00:00,207.3,191.0,84.2,123.1,44
2027-02-09 21:00:00,200.4,183.0,82.9,117.5,44
2027-02-09 22:00:00,209.6,166.0,81.2,128.4,41
2027-02-09 23:00:00,210.1,182.0,78.9,131.2,56
2027-02-10 00:00:00,185.1,180.6,77.2,107.9,40
2027-02-10 01:00:00,202.3,178.6,77.4,124.9,58
2027-02-10 02:00:00,197.7,189.6,76.5,121.2,52
2027-02-10 03:00:00,210.5,180.8,78.2,132.3,57
2027-02-10 04:00:00,212.1,186.6,79.4,132.7,56
2027-02-10 05:00:00,207.2,174.6,80.8,126.4,40
2027-02-10 06:00:00,205.0,189.6,83.5,121.5,40
2027-02-10 07:00:00,216.2,194.0,79.9,136.3,49
2027-02-10 08:00:00,210.7,177.8,82.4,128.3,48
2027-02-10 09:00:00,204.0,174.2,83.2,120.8,45
2027-02-10 10:00:00,203.9,180.2,81.2,122.7,40
2027-02-10 11:00:00,213.2,178.8,82.1,131.1,46
2027-02-10 12:00:00,208.0,177.6,78.0,130.0,46
2027-02-10 13:00:00,204.9,168.4,78.9,126.0,45
2027-02-10 14:00:00,202.9,185.6,81.8,121.1,48
2027-02-10 15:00:00,196.3,182.0,81.2,115.1,45
2027-02-10 16:00:00,206.3,184.8,77.5,128.8,53
2027-02-10 17:00:00,208.4,177.2,80.4,128.0,43
2027-02-10 18:00:00,211.4,181.0,75.7,135.7,47
2027-02-10 19:00:00,207.5,190.6,81.4,126.1,43
2027-02-10 20:00:00,199.2,185.8,81.0,118.2,41
2027-02-10 21:00:00,196.7,186.2,78.7,118.0,40
2027-02-10 22:00:00,198.9,177.2,78.0,120.9,49
2027-02-10 23:00:00,206.7,188.6,83.0,123.7,53
2027-02-11 00:00:00,207.7,179.0,78.2,129.5,57
2027-02-11 01:00:00,209.0,193.8,81.8,127.2,42
2027-02-11 02:00:00,207.4,191.8,85.0,122.4,54
2027-02-11 03:00:00,205.3,178.4,79.6,125.7,42
2027-02-11 04:00:00,211.0,174.2,83.1,127.9,47
2027-02-11 05:00:00,216.0,190.0,85.7,130.3,47
2027-02-11 06:00:00,203.1,176.8,80.0,123.1,43
2027-02-11 07:00:00,206.2,187.8,80.5,125.7,47
2027-02-11 08:00:00,212.8,185.4,80.6,132.2,58
2027-02-11 09:00:00,202.1,171.6,78.4,123.7,40
2027-02-11 10:00:00,193.2,192.4,78.7,114.5,48
2027-02-11 11:00:00,212.1,183.6,79.4,132.7,55
2027-02-11 12:00:00,204.6,173.4,80.1,124.5,59
2027-02-11 13:00:00,209.7,185.8,77.3,132.4,54
2027-02-11 14:00:00,200.1,171.8,79.6,120.5,53
2027-02-11 15:00:00,204.1,192.0,83.2,120.9,48
2027-02-11 16:00:00,202.7,184.4,79.1,123.6,40
2027-02-11 17:00:00,196.0,179.4,81.5,114.5,40
2027-02-11 18:00:00,210.3,183.6,81.5,128.8,57
2027-02-11 19:00:00,202.3,188.4,80.3,122.0,45
2027-02-11 20:00:00,196.2,185.8,81.0,115.2,47
2027-02-11 21:00:00,210.3,190.6,81.6,128.7,55
2027-02-11 22:00:00,205.2,178.4,81.8,123.4,42
2027-02-11 23:00:00,200.6,188.2,79.3,121.3,47
2027-02-12 00:00:00,205.3,185.6,81.3,124.0,46
2027-02-12 01:00:00,201.0,181.6,76.9,124.1,53
2027-02-12 02:00:00,210.5,182.4,81.0,129.5,52
2027-02-12 03:00:00,195.8,181.8,79.2,116.6,40
2027-02-12 04:00:00,208.9,177.8,82.6,126.3,44
2027-02-12 05:00:00,202.3,186.2,76.3,126.0,55
2027-02-12 06:00:00,201.2,189.4,83.3,117.9,57
2027-02-12 07:00:00,209.2,185.4,79.7,129.5,55
2027-02-12 08:00:00,200.6,196.0,80.6,120.0,51
2027-02-12 09:00:00,203.1,181.2,78.5,124.6,55
2027-02-12 10:00:00,205.6,184.0,79.5,126.1,48
2027-02-12 11:00:00,202.4,184.8,78.9,123.5,41
2027-02-12 12:00:00,207.6,181.6,84.0,123.6,41
2027-02-12 13:00:00,200.4,182.4,81.0,119.4,43
2027-02-12 14:00:00,215.9,189.2,81.3,134.6,56
2027-02-12 15:00:00,206.3,183.2,76.7,129.6,53
2027-02-12 16:00:00,203.5,179.2,79.8,123.7,45
2027-02-12 17:00:00,201.8,187.8,80.6,121.2,45
2027-02-12 18:00:00,207.8,187.2,77.0,130.8,57
2027-02-12 19:00:00,204.3,184.6,80.7,123.6,56
2027-02-12 20:00:00,206.9,175.2,82.0,124.9,45
2027-02-12 21:00:00,207.9,185.2,76.8,131.1,43
2027-02-12 22:00:00,214.9,183.0,83.4,131.5,49
2027-02-12 23:00:00,199.8,175.4,79.0,120.8,50
2027-02-13 00:00:00,207.5,185.8,80.0,127.5,52
2027-02-13 01:00:00,206.5,172.4,77.9,128.6,50
2027-02-13 02:00:00,212.6,185.8,79.7,132.9,53
2027-02-13 03:00:00,201.4,174.0,77.5,123.9,41
2027-02-13 04:00:00,204.3,188.2,78.5,125.8,58
2027-02-13 05:00:00,203.5,196.2,76.6,126.9,59
2027-02-13 06:00:00,193.6,185.8,79.1,114.5,42
2027-02-13 07:00:00,198.9,183.6,80.9,118.0,58
2027-02-13 08:00:00,199.1,174.6,78.2,120.9,48
2027-02-13 09:00:00,193.5,188.0,81.2,112.3,42
2027-02-13 10:00:00,210.5,182.4,85.2,125.3,49
2027-02-13 11:00:00,199.5,171.8,78.0,121.5,53
2027-02-13 12:00:00,197.6,194.6,81.5,116.1,44
2027-02-13 13:00:00,211.8,190.4,79.7,132.1,56
2027-02-13 14:00:00,209.3,181.2,85.4,123.9,47
2027-02-13 15:00:00,210.1,172.6,81.8,128.3,48
2027-02-13 16:00:00,206.7,171.0,82.1,124.6,49
2027-02-13 17:00:00,201.1,181.4,81.5,119.6,40
2027-02-13 18:00:00,198.8,192.2,80.0,118.8,44
2027-02-13 19:00:00,204.0,189.0,76.6,127.4,46
2027-02-13 20:00:00,206.0,182.6,82.2,123.8,59
2027-02-13 21:00:00,213.3,187.4,82.5,130.8,55
2027-02-13 22:00:00,213.0,186.2,78.2,134.8,55
2027-02-13 23:00:00,198.5,182.4,76.0,122.5,50
2027-02-14 00:00:00,209.4,172.0,80.8,128.6,51
2027-02-14 01:00:00,197.6,179.0,80.0,117.6,51
2027-02-14 02:00:00,202.7,195.6,82.0,120.7,45
2027-02-14 03:00:00,202.5,180.2,78.5,124.0,47
2027-02-14 04:00:00,209.8,187.2,81.9,127.9,45
2027-02-14 05:00:00,207.7,193.8,83.8,123.9,44
2027-02-14 06:00:00,206.7,180.0,81.0,125.7,52
2027-02-14 07:00:00,198.8,184.0,80.7,118.1,40
2027-02-14 08:00:00,197.9,195.6,79.0,118.9,48
2027-02-14 09:00:00,202.6,182.0,78.3,124.3,42
2027-02-14 10:00:00,208.7,182.4,84.1,124.6,48
2027-02-14 11:00:00,206.9,183.6,82.5,124.4,54
2027-02-14 12:00:00,212.4,187.2,81.5,130.9,46
2027-02-14 13:00:00,204.9,196.8,77.2,127.7,59
2027-02-14 14:00:00,203.2,197.6,79.5,123.7,50
2027-02-14 15:00:00,209.8,184.2,80.6,129.2,51
2027-02-14 16:00:00,208.7,184.8,76.6,132.1,59
2027-02-14 17:00:00,207.6,181.0,83.4,124.2,57
2027-02-14 18:00:00,204.4,185.4,79.5,124.9,41
2027-02-14 19:00:00,215.5,186.8,83.2,132.3,57
2027-02-14 20:00:00,204.6,189.2,82.9,121.7,53
2027-02-14 21:00:00,217.1,191.2,81.1,136.0,54
2027-02-14 22:00:00,204.6,180.2,80.0,124.6,47
2027-02-14 23:00:00,208.1,174.4,79.9,128.2,55
2027-02-15 00:00:00,209.1,183.0,80.6,128.5,52
2027-02-15 01:00:00,209.3,189.0,80.9,128.4,50
2027-02-15 02:00:00,200.4,185.4,79.5,120.9,59
2027-02-15 03:00:00,205.8,190.0,78.3,127.5,59
2027-02-15 04:00:00,219.6,180.2,78.0,141.6,57
2027-02-15 05:00:00,198.5,192.6,80.6,117.9,42
2027-02-15 06:00:00,209.5,183.8,83.7,125.8,45
2027-02-15 07:00:00,192.1,176.4,79.8,112.3,45
2027-02-15 08:00:00,196.8,183.2,78.8,118.0,40
2027-02-15 09:00:00,194.6,185.6,79.0,115.6,44
2027-02-15 10:00:00,206.9,180.6,82.5,124.4,52
2027-02-15 11:00:00,202.3,182.4,79.3,123.0,58
2027-02-15 12:00:00,202.9,176.6,80.6,122.3,47
2027-02-15 13:00:00,206.0,182.0,81.8,124.2,52
2027-02-15 14:00:00,206.0,188.4,78.3,127.7,48
2027-02-15 15:00:00,201.0,185.6,79.7,121.3,49
2027-02-15 16:00:00,198.8,187.8,80.7,118.1,57
2027-02-15 17:00:00,203.4,188.2,78.5,124.9,45
2027-02-15 18:00:00,207.4,180.4,77.1,130.3,54
2027-02-15 19:00:00,206.6,182.8,81.0,125.6,42
2027-02-15 20:00:00,212.5,172.2,83.3,129.2,47
2027-02-15 21:00:00,211.7,177.6,80.9,130.8,58
2027-02-15 22:00:00,208.1,178.4,78.6,129.5,55
2027-02-15 23:00:00,209.8,181.0,79.5,130.3,48
2027-02-16 00:00:00,210.4,168.0,83.9,126.5,46
2027-02-16 01:00:00,203.4,185.8,81.5,121.9,44
2027-02-16 02:00:00,212.4,195.6,81.3,131.1,43
2027-02-16 03:00:00,211.9,184.8,79.1,132.8,56
2027-02-16 04:00:00,206.8,189.4,80.0,126.8,53
2027-02-16 05:00:00,212.5,176.6,79.5,133.0,50
2027-02-16 06:00:00,203.3,190.0,78.8,124.5,54
2027-02-16 07:00:00,211.0,199.6,79.8,131.2,52
2027-02-16 08:00:00,196.8,182.6,79.4,117.4,44
2027-02-16 09:00:00,202.3,180.4,79.9,122.4,48
2027-02-16 10:00:00,202.5,183.0,78.5,124.0,44
2027-02-16 11:00:00,202.1,177.6,78.1,124.0,53
2027-02-16 12:00:00,198.4,194.0,77.9,120.5,46
2027-02-16 13:00:00,202.5,177.8,80.3,122.2,43
2027-02-16 14:00:00,211.1,189.8,82.8,128.3,50
2027-02-16 15:00:00,200.2,181.0,80.6,119.6,52
2027-02-16 16:00:00,205.3,182.0,82.1,123.2,50
2027-02-16 17:00:00,203.2,182.0,80.7,122.5,41
2027-02-16 18:00:00,193.5,185.0,78.5,115.0,41
2027-02-16 19:00:00,202.0,180.0,83.7,118.3,42
2027-02-16 20:00:00,209.8,187.8,81.4,128.4,56
2027-02-16 21:00:00,203.6,188.0,79.4,124.2,47
2027-02-16 22:00:00,200.6,185.4,77.7,122.9,52
2027-02-16 23:00:00,202.2,186.0,77.9,124.3,53
2027-02-17 00:00:00,197.1,185.8,79.3,117.8,44
2027-02-17 01:00:00,193.8,190.8,76.4,117.4,47
2027-02-17 02:00:00,209.9,191.0,81.6,128.3,45
2027-02-17 03:00:00,212.0,182.4,79.6,132.4,58
2027-02-17 04:00:00,199.4,189.6,76.9,122.5,56
2027-02-17 05:00:00,209.6,183.6,79.8,129.8,55
2027-02-17 06:00:00,208.3,201.2,76.6,131.7,58
2027-02-17 07:00:00,203.4,179.0,77.0,126.4,50
2027-02-17 08:00:00,208.2,186.4,78.2,130.0,51
2027-02-17 09:00:00,208.5,180.0,80.9,127.6,57
2027-02-17 10:00:00,192.6,184.0,78.8,113.8,41
2027-02-17 11:00:00,213.2,187.2,79.6,133.6,53
2027-02-17 12:00:00,202.5,181.8,78.1,124.4,45
2027-02-17 13:00:00,198.2,193.6,81.9,116.3,43
2027-02-17 14:00:00,205.1,192.8,80.1,125.0,54
2027-02-17 15:00:00,199.5,182.2,80.2,119.3,48
2027-02-17 16:00:00,198.8,187.4,77.3,121.5,45
2027-02-17 17:00:00,210.0,196.0,81.1,128.9,51
2027-02-17 18:00:00,189.8,175.0,75.9,113.9,40
2027-02-17 19:00:00,202.7,189.2,80.8,121.9,43
2027-02-17 20:00:00,208.1,176.8,80.6,127.5,54
2027-02-17 21:00:00,203.1,187.2,79.8,123.3,48
2027-02-17 22:00:00,200.4,178.2,76.2,124.2,54
2027-02-17 23:00:00,204.0,175.8,79.2,124.8,43
2027-02-18 00:00:00,198.9,186.6,80.0,118.9,49
2027-02-18 01:00:00,216.8,175.2,83.3,133.5,58
2027-02-18 02:00:00,205.0,183.2,78.7,126.3,49
2027-02-18 03:00:00,200.9,199.4,78.5,122.4,54
2027-02-18 04:00:00,210.1,186.2,76.9,133.2,51
2027-02-18 05:00:00,200.3,186.6,81.1,119.2,42
2027-02-18 06:00:00,203.1,191.6,80.5,122.6,57
2027-02-18 07:00:00,205.4,189.8,77.1,128.3,48
2027-02-18 08:00:00,225.4,189.4,80.1,145.3,59
2027-02-18 09:00:00,211.1,186.4,78.0,133.1,40
2027-02-18 10:00:00,197.6,179.4,79.1,118.5,41
2027-02-18 11:00:00,205.0,187.4,80.3,124.7,41
2027-02-18 12:00:00,188.9,182.4,79.7,109.2,44
2027-02-18 13:00:00,194.6,186.4,77.2,117.4,44
2027-02-18 14:00:00,204.1,187.2,80.3,123.8,47
2027-02-18 15:00:00,213.3,179.4,79.5,133.8,56
2027-02-18 16:00:00,211.6,180.4,81.0,130.6,58
2027-02-18 17:00:00,210.2,190.4,78.2,132.0,49
2027-02-18 18:00:00,205.2,186.2,77.1,128.1,54
2027-02-18 19:00:00,211.2,183.2,78.0,133.2,44
2027-02-18 20:00:00,218.4,181.2,82.1,136.3,57
2027-02-18 21:00:00,208.1,174.4,79.3,128.8,48
2027-02-18 22:00:00,197.4,182.2,81.0,116.4,46
2027-02-18 23:00:00,191.6,185.6,78.7,112.9,48
2027-02-19 00:00:00,204.1,178.0,78.5,125.6,58
2027-02-19 01:00:00,194.5,189.8,79.2,115.3,45
2027-02-19 02:00:00,199.6,184.4,79.9,119.7,48
2027-02-19 03:00:00,210.9,187.2,84.8,126.1,41
2027-02-19 04:00:00,198.7,187.6,81.1,117.6,41
2027-02-19 05:00:00,204.6,180.4,80.1,124.5,41
2027-02-19 06:00:00,204.2,192.8,80.4,123.8,58
2027-02-19 07:00:00,212.2,193.0,82.5,129.7,59
2027-02-19 08:00:00,205.6,177.6,78.5,127.1,41
2027-02-19 09:00:00,198.7,185.4,78.2,120.5,46
2027-02-19 10:00:00,206.3,180.8,79.1,127.2,56
2027-02-19 11:00:00,211.7,179.4,81.5,130.2,56
2027-02-19 12:00:00,194.8,188.4,79.0,115.8,50
2027-02-19 13:00:00,200.4,194.0,79.2,121.2,54
2027-02-19 14:00:00,203.4,193.4,80.8,122.6,50
2027-02-19 15:00:00,201.6,182.0,80.4,121.2,49
2027-02-19 16:00:00,203.0,198.0,80.2,122.8,57
2027-02-19 17:00:00,208.3,188.4,79.4,128.9,44
2027-02-19 18:00:00,207.1,188.0,79.5,127.6,52
2027-02-19 19:00:00,218.7,180.8,82.6,136.1,49
2027-02-19 20:00:00,210.5,190.0,82.2,128.3,53
2027-02-19 21:00:00,199.3,190.4,79.1,120.2,41
2027-02-19 22:00:00,199.8,187.4,81.7,118.1,41
2027-02-19 23:00:00,211.4,189.8,78.5,132.9,58
2027-02-20 00:00:00,198.0,184.8,79.1,118.9,46
2027-02-20 01:00:00,204.6,177.0,76.7,127.9,55
2027-02-20 02:00:00,204.6,189.4,79.2,125.4,43
2027-02-20 03:00:00,209.3,178.6,79.8,129.5,46
2027-02-20 04:00:00,195.1,186.2,81.5,113.6,40
2027-02-20 05:00:00,205.8,185.0,80.6,125.2,53
2027-02-20 06:00:00,198.1,179.6,77.3,120.8,56
2027-02-20 07:00:00,212.3,194.2,81.8,130.5,52
2027-02-20 08:00:00,210.7,194.2,82.2,128.5,44
2027-02-20 09:00:00,208.4,189.0,75.0,133.4,53
2027-02-20 10:00:00,212.3,202.8,80.7,131.6,48
2027-02-20 11:00:00,204.2,189.6,78.0,126.2,50
2027-02-20 12:00:00,205.3,185.4,80.7,124.6,49
2027-02-20 13:00:00,207.8,186.0,76.8,131.0,52
2027-02-20 14:00:00,211.7,194.2,80.8,130.9,58
2027-02-20 15:00:00,208.2,176.6,77.9,130.3,50
2027-02-20 16:00:00,205.0,187.4,79.0,126.0,55
2027-02-20 17:00:00,203.5,186.6,80.4,123.1,43
2027-02-20 18:00:00,213.9,196.2,82.4,131.5,41
2027-02-20 19:00:00,193.3,175.0,80.6,112.7,41
2027-02-20 20:00:00,194.1,186.2,80.2,113.9,49
2027-02-20 21:00:00,207.7,181.8,79.3,128.4,45
2027-02-20 22:00:00,196.3,187.2,87.0,109.3,41
2027-02-20 23:00:00,211.5,183.2,82.2,129.3,57
2027-02-21 00:00:00,211.6,193.4,82.3,129.3,59
2027-02-21 01:00:00,198.2,188.2,80.1,118.1,48
2027-02-21 02:00:00,217.1,187.4,81.6,135.5,58
2027-02-21 03:00:00,214.8,194.8,81.1,133.7,54
2027-02-21 04:00:00,203.9,183.6,79.3,124.6,56
2027-02-21 05:00:00,209.9,190.4,81.6,128.3,48
2027-02-21 06:00:00,208.1,184.0,83.2,124.9,58
2027-02-21 07:00:00,207.0,173.8,81.3,125.7,52
2027-02-21 08:00:00,215.9,172.8,83.2,132.7,59
2027-02-21 09:00:00,191.7,184.6,75.4,116.3,49
2027-02-21 10:00:00,204.3,186.4,82.8,121.5,44
2027-02-21 11:00:00,207.0,186.0,82.0,125.0,44
2027-02-21 12:00:00,199.9,183.0,79.4,120.5,49
2027-02-21 13:00:00,202.4,191.6,83.4,119.0,50
2027-02-21 14:00:00,210.6,182.2,80.4,130.2,52
2027-02-21 15:00:00,214.2,198.2,80.1,134.1,56
2027-02-21 16:00:00,208.8,169.2,81.6,127.2,41
2027-02-21 17:00:00,201.7,178.8,82.9,118.8,49
2027-02-21 18:00:00,195.4,184.2,79.6,115.8,52
2027-02-21 19:00:00,206.2,189.6,76.3,129.9,59
2027-02-21 20:00:00,204.1,186.4,80.8,123.3,46
2027-02-21 21:00:00,205.8,185.8,81.3,124.5,50
2027-02-21 22:00:00,193.8,189.2,80.3,113.5,42
2027-02-21 23:00:00,206.8,189.4,81.0,125.8,47
2027-02-22 00:00:00,206.9,188.8,81.6,125.3,58
2027-02-22 01:00:00,202.4,192.2,81.5,120.9,46
2027-02-22 02:00:00,214.1,186.2,82.9,131.2,57
2027-02-22 03:00:00,195.3,187.0,79.3,116.0,51
2027-02-22 04:00:00,203.9,186.0,78.6,125.3,52
2027-02-22 05:00:00,195.2,176.4,74.6,120.6,47
2027-02-22 06:00:00,213.2,184.8,81.8,131.4,54
2027-02-22 07:00:00,200.6,179.0,76.7,123.9,41
2027-02-22 08:00:00,201.8,192.2,81.0,120.8,43
2027-02-22 09:00:00,204.2,200.2,78.3,125.9,41
2027-02-22 10:00:00,202.6,194.6,81.4,121.2,42
2027-02-22 11:00:00,201.2,194.6,74.9,126.3,45
2027-02-22 12:00:00,194.7,182.4,79.0,115.7,45
2027-02-22 13:00:00,207.1,179.2,80.6,126.5,53
2027-02-22 14:00:00,205.1,195.8,83.3,121.8,44
2027-02-22 15:00:00,208.7,193.4,82.7,126.0,45
2027-02-22 16:00:00,203.1,199.4,76.1,127.0,45
2027-02-22 17:00:00,200.5,196.8,78.6,121.9,52
2027-02-22 18:00:00,190.8,193.8,80.6,110.2,45
2027-02-22 19:00:00,196.1,193.0,80.9,115.2,45
2027-02-22 20:00:00,210.9,189.8,78.9,132.0,52
2027-02-22 21:00:00,203.0,188.4,78.8,124.2,44
2027-02-22 22:00:00,208.4,192.0,83.5,124.9,52
2027-02-22 23:00:00,199.4,192.2,78.1,121.3,58
2027-02-23 00:00:00,208.5,187.6,82.2,126.3,54
2027-02-23 01:00:00,197.3,193.6,80.8,116.5,42
2027-02-23 02:00:00,205.3,205.6,79.0,126.3,40
2027-02-23 03:00:00,219.9,190.0,80.6,139.3,58
2027-02-23 04:00:00,203.3,185.2,78.8,124.5,53
2027-02-23 05:00:00,199.3,194.4,82.5,116.8,41
2027-02-23 06:00:00,197.6,186.2,79.1,118.5,45
2027-02-23 07:00:00,204.1,191.8,78.6,125.5,53
2027-02-23 08:00:00,200.2,178.2,79.7,120.5,42
2027-02-23 09:00:00,203.3,191.2,79.6,123.7,50
2027-02-23 10:00:00,211.4,186.6,80.3,131.1,47
2027-02-23 11:00:00,200.5,195.0,80.0,120.5,46
2027-02-23 12:00:00,209.3,190.0,78.9,130.4,53
2027-02-23 13:00:00,214.0,190.0,82.5,131.5,43
2027-02-23 14:00:00,195.2,191.2,77.7,117.5,47
2027-02-23 15:00:00,194.7,181.0,79.0,115.7,48
2027-02-23 16:00:00,203.3,183.0,77.0,126.3,54
2027-02-23 17:00:00,204.0,185.0,77.0,127.0,46
2027-02-23 18:00:00,211.3,187.0,78.9,132.4,54
2027-02-23 19:00:00,202.8,186.4,78.4,124.4,43
2027-02-23 20:00:00,201.8,201.6,82.5,119.3,42
2027-02-23 21:00:00,213.8,179.4,77.5,136.3,56
2027-02-23 22:00:00,203.5,182.8,79.2,124.3,43
2027-02-23 23:00:00,203.9,185.6,80.9,123.0,45
2027-02-24 00:00:00,201.5,194.0,78.4,123.1,48
2027-02-24 01:00:00,205.5,192.0,79.4,126.1,55
2027-02-24 02:00:00,213.2,193.4,80.2,133.0,43
2027-02-24 03:00:00,210.3,184.2,83.6,126.7,50
2027-02-24 04:00:00,213.1,189.4,81.0,132.1,59
2027-02-24 05:00:00,198.6,191.4,82.9,115.7,44
2027-02-24 06:00:00,206.9,180.0,76.1,130.8,52
2027-02-24 07:00:00,207.4,180.6,78.3,129.1,42
2027-02-24 08:00:00,213.2,187.8,82.1,131.1,56
2027-02-24 09:00:00,206.6,185.6,80.0,126.6,54
2027-02-24 10:00:00,202.7,187.2,81.0,121.7,53
2027-02-24 11:00:00,201.2,188.8,78.2,123.0,52
2027-02-24 12:00:00,203.9,191.6,79.2,124.7,45
2027-02-24 13:00:00,208.7,185.4,80.3,128.4,44
2027-02-24 14:00:00,201.8,185.2,79.6,122.2,40
2027-02-24 15:00:00,211.9,193.2,80.7,131.2,58
2027-02-24 16:00:00,211.4,194.0,78.5,132.9,48
2027-02-24 17:00:00,200.7,184.0,81.5,119.2,44
2027-02-24 18:00:00,204.3,185.0,80.0,124.3,46
2027-02-24 19:00:00,218.7,188.6,81.8,136.9,57
2027-02-24 20:00:00,205.4,183.2,78.8,126.6,50
2027-02-24 21:00:00,202.5,193.6,80.7,121.8,53
2027-02-24 22:00:00,201.0,193.6,79.5,121.5,47
2027-02-24 23:00:00,203.4,193.4,80.6,122.8,56
2027-02-25 00:00:00,196.7,197.8,79.6,117.1,43
2027-02-25 01:00:00,200.1,190.4,79.9,120.2,45
2027-02-25 02:00:00,195.8,186.6,73.9,121.9,46
2027-02-25 03:00:00,198.6,194.2,78.0,120.6,48
2027-02-25 04:00:00,207.9,191.8,80.6,127.3,54
2027-02-25 05:00:00,205.4,193.0,79.6,125.8,44
2027-02-25 06:00:00,200.7,191.4,80.5,120.2,44
2027-02-25 07:00:00,199.9,186.8,79.4,120.5,52
2027-02-25 08:00:00,202.4,182.4,77.8,124.6,55
2027-02-25 09:00:00,197.0,189.0,80.6,116.4,40
2027-02-25 10:00:00,203.7,187.2,77.6,126.1,50
2027-02-25 11:00:00,207.7,182.0,82.3,125.4,54
2027-02-25 12:00:00,208.3,185.8,81.3,127.0,41
2027-02-25 13:00:00,196.1,181.4,80.3,115.8,40
2027-02-25 14:00:00,211.1,188.2,81.6,129.5,54
2027-02-25 15:00:00,198.3,188.4,80.2,118.1,57
2027-02-25 16:00:00,201.0,191.6,79.1,121.9,48
2027-02-25 17:00:00,200.5,184.2,77.2,123.3,51
2027-02-25 18:00:00,200.0,195.6,81.9,118.1,41
2027-02-25 19:00:00,217.3,203.4,82.6,134.7,47
2027-02-25 20:00:00,212.2,187.0,79.9,132.3,48
2027-02-25 21:00:00,206.8,200.4,79.4,127.4,55
2027-02-25 22:00:00,200.3,200.4,78.4,121.9,54
2027-02-25 23:00:00,193.2,192.0,82.2,111.0,44
2027-02-26 00:00:00,215.1,193.8,82.0,133.1,51
2027-02-26 01:00:00,205.9,184.2,82.0,123.9,40
2027-02-26 02:00:00,201.8,193.8,81.9,119.9,53
2027-02-26 03:00:00,211.6,196.4,79.9,131.7,51
2027-02-26 04:00:00,208.0,191.2,80.7,127.3,40
2027-02-26 05:00:00,209.5,189.4,80.8,128.7,59
2027-02-26 06:00:00,214.5,188.0,82.5,132.0,45
2027-02-26 07:00:00,206.8,187.2,81.2,125.6,55
2027-02-26 08:00:00,217.7,195.4,77.6,140.1,58
2027-02-26 09:00:00,209.4,182.6,79.8,129.6,49
2027-02-26 10:00:00,209.6,188.4,79.7,129.9,51
2027-02-26 11:00:00,202.8,187.2,80.6,122.2,57
2027-02-26 12:00:00,207.6,186.6,80.0,127.6,53
2027-02-26 13:00:00,208.3,183.8,78.4,129.9,48
2027-02-26 14:00:00,215.4,201.8,81.8,133.6,59
2027-02-26 15:00:00,201.1,187.0,77.8,123.3,48
2027-02-26 16:00:00,211.1,191.4,80.1,131.0,52
2027-02-26 17:00:00,204.6,189.2,75.6,129.0,53
2027-02-26 18:00:00,199.7,185.4,82.8,116.9,46
2027-02-26 19:00:00,202.2,193.4,80.3,121.9,44
2027-02-26 20:00:00,201.9,188.0,84.4,117.5,53
2027-02-26 21:00:00,195.3,189.2,83.0,112.3,41
2027-02-26 22:00:00,199.5,189.0,79.9,119.6,58
2027-02-26 23:00:00,212.6,196.8,79.2,133.4,53
2027-02-27 00:00:00,209.1,185.4,80.0,129.1,58
2027-02-27 01:00:00,203.3,189.2,78.3,125.0,48
2027-02-27 02:00:00,204.5,194.4,84.8,119.7,46
2027-02-27 03:00:00,207.7,184.0,81.1,126.6,57
2027-02-27 04:00:00,204.5,191.0,80.6,123.9,45
2027-02-27 05:00:00,204.5,193.8,79.0,125.5,48
2027-02-27 06:00:00,200.5,193.4,78.1,122.4,41
2027-02-27 07:00:00,195.6,190.4,78.7,116.9,52
2027-02-27 08:00:00,202.4,188.0,80.5,121.9,51
2027-02-27 09:00:00,205.4,185.6,79.6,125.8,48
2027-02-27 10:00:00,195.7,196.0,79.6,116.1,43
2027-02-27 11:00:00,210.8,191.2,78.7,132.1,58
2027-02-27 12:00:00,199.9,185.2,80.0,119.9,48
2027-02-27 13:00:00,212.7,186.4,80.0,132.7,56
2027-02-27 14:00:00,211.7,195.8,79.7,132.0,51
2027-02-27 15:00:00,208.8,192.8,80.3,128.5,52
2027-02-27 16:00:00,211.3,189.2,80.9,130.4,47
2027-02-27 17:00:00,206.4,194.2,83.7,122.7,54
2027-02-27 18:00:00,199.0,193.2,78.0,121.0,47
2027-02-27 19:00:00,199.2,189.6,80.5,118.7,47
2027-02-27 20:00:00,210.5,192.2,81.6,128.9,52
2027-02-27 21:00:00,196.0,192.2,80.9,115.1,48
2027-02-27 22:00:00,209.6,190.4,80.4,129.2,58
2027-02-27 23:00:00,208.3,194.4,80.0,128.3,57
2027-02-28 00:00:00,208.8,192.2,79.7,129.1,57
2027-02-28 01:00:00,206.7,198.2,81.7,125.0,58
2027-02-28 02:00:00,204.3,195.4,84.4,119.9,43
2027-02-28 03:00:00,210.6,195.2,82.8,127.8,59
2027-02-28 04:00:00,210.3,192.6,79.1,131.2,50
2027-02-28 05:00:00,211.1,192.0,84.1,127.0,59
2027-02-28 06:00:00,213.4,198.2,81.3,132.1,50
2027-02-28 07:00:00,203.3,181.4,78.8,124.5,47
2027-02-28 08:00:00,197.9,190.6,80.0,117.9,41
2027-02-28 09:00:00,204.4,187.4,82.5,121.9,58
2027-02-28 10:00:00,197.5,188.6,76.7,120.8,49
2027-02-28 11:00:00,200.7,189.6,80.3,120.4,58
2027-02-28 12:00:00,206.7,190.8,80.3,126.4,56
2027-02-28 13:00:00,205.7,197.2,81.4,124.3,45
2027-02-28 14:00:00,199.4,183.2,86.3,113.1,40
2027-02-28 15:00:00,202.0,190.0,78.6,123.4,52
2027-02-28 16:00:00,196.7,194.6,78.4,118.3,43
2027-02-28 17:00:00,198.9,190.4,78.7,120.2,53
2027-02-28 18:00:00,199.2,191.4,77.6,121.6,53
2027-02-28 19:00:00,204.5,189.6,79.5,125.0,51
2027-02-28 20:00:00,208.4,201.8,79.6,128.8,55
2027-02-28 21:00:00,198.6,193.8,76.8,121.8,47
2027-02-28 22:00:00,212.8,198.8,80.8,132.0,55
2027-02-28 23:00:00,201.1,186.6,80.0,121.1,47
2027-03-01 00:00:00,197.6,195.2,79.0,118.6,41
2027-03-01 01:00:00,200.8,186.0,81.5,119.3,45
2027-03-01 02:00:00,212.0,203.6,83.4,128.6,54
2027-03-01 03:00:00,202.9,192.8,79.9,123.0,48
2027-03-01 04:00:00,201.0,190.2,78.0,123.0,43
2027-03-01 05:00:00,204.6,206.6,78.1,126.5,59
2027-03-01 06:00:00,200.7,194.4,78.2,122.5,44
2027-03-01 07:00:00,204.9,189.4,78.1,126.8,52
2027-03-01 08:00:00,214.5,186.0,81.6,132.9,48
2027-03-01 09:00:00,201.1,190.4,78.5,122.6,48
2027-03-01 10:00:00,204.9,188.2,77.5,127.4,50
2027-03-01 11:00:00,202.5,198.6,81.4,121.1,41
2027-03-01 12:00:00,212.1,186.6,79.4,132.7,59
2027-03-01 13:00:00,194.0,191.4,77.7,116.3,40
2027-03-01 14:00:00,211.8,192.2,84.8,127.0,48
2027-03-01 15:00:00,207.7,188.0,81.4,126.3,40
2027-03-01 16:00:00,207.8,187.6,80.4,127.4,51
2027-03-01 17:00:00,204.8,188.4,80.6,124.2,48
2027-03-01 18:00:00,203.3,202.0,79.7,123.6,55
2027-03-01 19:00:00,214.9,186.2,81.0,133.9,47
2027-03-01 20:00:00,214.9,196.0,84.4,130.5,53
2027-03-01 21:00:00,205.8,190.2,80.7,125.1,40
2027-03-01 22:00:00,205.9,186.4,81.0,124.9,50
2027-03-01 23:00:00,200.9,188.0,82.3,118.6,45
2027-03-02 00:00:00,206.8,181.8,79.3,127.5,48
2027-03-02 01:00:00,210.9,192.0,78.1,132.8,53
2027-03-02 02:00:00,204.6,199.6,79.0,125.6,58
2027-03-02 03:00:00,199.5,182.0,79.9,119.6,41
2027-03-02 04:00:00,208.4,185.2,79.8,128.6,53
2027-03-02 05:00:00,201.6,188.6,79.2,122.4,53
2027-03-02 06:00:00,197.6,194.8,79.1,118.5,57
2027-03-02 07:00:00,202.9,188.0,78.8,124.1,54
2027-03-02 08:00:00,204.3,190.2,77.6,126.7,48
2027-03-02 09:00:00,215.2,193.4,82.2,133.0,59
2027-03-02 10:00:00,203.8,185.6,82.1,121.7,51
2027-03-02 11:00:00,223.5,188.8,82.4,141.1,59
2027-03-02 12:00:00,207.6,191.8,80.3,127.3,59
2027-03-02 13:00:00,206.4,192.4,77.8,128.6,58
2027-03-02 14:00:00,209.3,202.8,86.2,123.1,49
2027-03-02 15:00:00,199.8,181.0,81.1,118.7,56
2027-03-02 16:00:00,202.4,172.8,80.6,121.8,43
2027-03-02 17:00:00,206.2,191.2,80.7,125.5,54
2027-03-02 18:00:00,202.3,184.8,79.4,122.9,43
2027-03-02 19:00:00,206.2,184.2,78.8,127.4,55
2027-03-02 20:00:00,204.7,186.8,81.9,122.8,40
2027-03-02 21:00:00,200.5,185.2,78.4,122.1,58
2027-03-02 22:00:00,204.7,198.4,80.7,124.0,51
2027-03-02 23:00:00,201.6,194.2,78.6,123.0,41
2027-03-03 00:00:00,198.7,195.0,77.5,121.2,40
2027-03-03 01:00:00,204.1,188.8,79.9,124.2,49
2027-03-03 02:00:00,215.3,200.4,81.2,134.1,54
2027-03-03 03:00:00,205.3,191.2,80.7,124.6,54
2027-03-03 04:00:00,204.3,192.8,80.9,123.4,43
2027-03-03 05:00:00,210.7,199.4,79.6,131.1,46
2027-03-03 06:00:00,199.7,204.6,80.7,119.0,43
2027-03-03 07:00:00,209.8,201.0,77.4,132.4,56
2027-03-03 08:00:00,203.1,193.8,83.3,119.8,47
2027-03-03 09:00:00,209.0,196.6,82.2,126.8,51
2027-03-03 10:00:00,213.3,190.4,82.5,130.8,52
2027-03-03 11:00:00,206.9,195.4,75.5,131.4,54
2027-03-03 12:00:00,206.4,182.0,83.1,123.3,43
2027-03-03 13:00:00,198.1,183.6,76.9,121.2,48
2027-03-03 14:00:00,201.3,181.2,82.4,118.9,51
2027-03-03 15:00:00,195.3,195.6,80.5,114.8,40
2027-03-03 16:00:00,193.9,188.6,79.0,114.9,41
2027-03-03 17:00:00,197.3,188.0,78.8,118.5,43
2027-03-03 18:00:00,204.0,193.4,83.0,121.0,45
2027-03-03 19:00:00,205.0,186.4,74.7,130.3,41
2027-03-03 20:00:00,194.0,188.6,82.1,111.9,49
2027-03-03 21:00:00,207.3,189.8,78.8,128.5,50
2027-03-03 22:00:00,206.0,195.4,77.1,128.9,44
2027-03-03 23:00:00,205.1,180.4,82.0,123.1,49
2027-03-04 00:00:00,200.0,193.8,79.3,120.7,44
2027-03-04 01:00:00,200.8,198.6,83.4,117.4,41
2027-03-04 02:00:00,205.3,194.6,80.5,124.8,43
2027-03-04 03:00:00,210.2,197.4,81.2,129.0,52
2027-03-04 04:00:00,199.1,196.6,80.3,118.8,44
2027-03-04 05:00:00,204.4,201.2,79.3,125.1,53
2027-03-04 06:00:00,209.0,194.4,84.5,124.5,57
2027-03-04 07:00:00,195.5,197.6,78.0,117.5,43
2027-03-04 08:00:00,199.7,191.8,79.2,120.5,48
2027-03-04 09:00:00,203.7,195.4,78.7,125.0,54
2027-03-04 10:00:00,210.5,202.4,80.3,130.2,44
2027-03-04 11:00:00,194.3,196.4,81.1,113.2,44
2027-03-04 12:00:00,210.3,200.6,80.6,129.7,47
2027-03-04 13:00:00,205.4,190.2,80.4,125.0,49
2027-03-04 14:00:00,216.8,191.2,78.2,138.6,57
2027-03-04 15:00:00,204.4,183.2,80.0,124.4,40
2027-03-04 16:00:00,199.3,192.6,78.4,120.9,48
2027-03-04 17:00:00,200.1,198.2,76.4,123.7,41
2027-03-04 18:00:00,207.1,188.0,77.4,129.7,57
2027-03-04 19:00:00,209.8,186.4,77.4,132.4,59
2027-03-04 20:00:00,204.6,200.8,80.9,123.7,48
2027-03-04 21:00:00,209.9,198.2,82.3,127.6,48
2027-03-04 22:00:00,205.9,186.8,78.3,127.6,54
2027-03-04 23:00:00,207.2,182.0,85.0,122.2,58
2027-03-05 00:00:00,203.5,195.2,81.6,121.9,58
2027-03-05 01:00:00,203.4,200.8,80.8,122.6,50
2027-03-05 02:00:00,207.9,191.8,83.7,124.2,49
2027-03-05 03:00:00,208.4,189.6,81.7,126.7,48
2027-03-05 04:00:00,202.2,186.6,83.7,118.5,47
2027-03-05 05:00:00,208.0,191.4,77.3,130.7,59
2027-03-05 06:00:00,204.8,191.6,79.4,125.4,54
2027-03-05 07:00:00,200.1,193.6,77.8,122.3,44
2027-03-05 08:00:00,204.3,188.6,81.5,122.8,49
2027-03-05 09:00:00,209.5,187.2,81.3,128.2,55
2027-03-05 10:00:00,211.3,199.4,81.8,129.5,52
2027-03-05 11:00:00,214.0,182.6,85.1,128.9,55
2027-03-05 12:00:00,201.1,196.0,79.2,121.9,50
2027-03-05 13:00:00,206.8,187.8,79.6,127.2,44
2027-03-05 14:00:00,211.1,200.6,79.3,131.8,56
2027-03-05 15:00:00,212.3,200.2,81.7,130.6,52
2027-03-05 16:00:00,210.7,196.0,82.3,128.4,58
2027-03-05 17:00:00,214.5,188.4,83.4,131.1,49
2027-03-05 18:00:00,210.5,204.2,81.1,129.4,57
2027-03-05 19:00:00,211.8,199.6,80.0,131.8,42
2027-03-05 20:00:00,203.6,191.6,81.9,121.7,57
2027-03-05 21:00:00,191.9,206.2,77.0,114.9,46
2027-03-05 22:00:00,203.6,195.6,82.5,121.1,46
2027-03-05 23:00:00,195.8,178.8,81.8,114.0,42
2027-03-06 00:00:00,211.4,187.8,83.6,127.8,54
2027-03-06 01:00:00,192.4,186.2,78.8,113.6,40
2027-03-06 02:00:00,214.3,194.6,80.8,133.5,57
2027-03-06 03:00:00,202.2,190.2,79.7,122.5,55
2027-03-06 04:00:00,213.0,184.6,78.8,134.2,56
2027-03-06 05:00:00,204.4,198.6,80.6,123.8,45
2027-03-06 06:00:00,204.9,192.8,79.8,125.1,51
2027-03-06 07:00:00,205.8,199.4,83.4,122.4,46
2027-03-06 08:00:00,203.8,189.0,79.8,124.0,45
2027-03-06 09:00:00,203.3,190.2,79.8,123.5,58
2027-03-06 10:00:00,205.2,191.6,84.5,120.7,44
2027-03-06 11:00:00,204.6,191.2,77.5,127.1,54
2027-03-06 12:00:00,194.9,190.8,77.1,117.8,48
2027-03-06 13:00:00,206.5,193.0,78.5,128.0,53
2027-03-06 14:00:00,210.5,206.0,80.8,129.7,46
2027-03-06 15:00:00,205.6,196.6,77.2,128.4,48
2027-03-06 16:00:00,200.3,187.4,79.7,120.6,43
2027-03-06 17:00:00,208.2,187.6,84.1,124.1,45
2027-03-06 18:00:00,213.5,190.8,82.6,130.9,47
2027-03-06 19:00:00,210.1,191.2,81.9,128.2,48
2027-03-06 20:00:00,199.3,188.6,78.7,120.6,45
2027-03-06 21:00:00,210.1,192.2,82.2,127.9,58
2027-03-06 22:00:00,204.2,194.8,76.1,128.1,54
2027-03-06 23:00:00,205.5,178.2,78.4,127.1,58
2027-03-07 00:00:00,199.1,196.0,79.5,119.6,46
2027-03-07 01:00:00,204.7,186.4,81.9,122.8,47
2027-03-07 02:00:00,207.9,195.8,77.1,130.8,53
2027-03-07 03:00:00,208.6,194.8,83.0,125.6,43
2027-03-07 04:00:00,201.5,191.0,79.7,121.8,45
2027-03-07 05:00:00,194.8,197.4,78.0,116.8,43
2027-03-07 06:00:00,202.2,199.0,80.8,121.4,51
2027-03-07 07:00:00,201.5,204.8,82.9,118.6,42
2027-03-07 08:00:00,211.1,194.4,80.4,130.7,52
2027-03-07 09:00:00,199.8,195.6,82.6,117.2,43
2027-03-07 10:00:00,202.0,202.0,80.8,121.2,42
2027-03-07 11:00:00,198.1,202.0,79.7,118.4,44
2027-03-07 12:00:00,203.3,194.6,77.5,125.8,59
2027-03-07 13:00:00,206.1,194.4,76.7,129.4,59
2027-03-07 14:00:00,215.4,192.4,79.1,136.3,58
2027-03-07 15:00:00,201.3,203.8,76.1,125.2,45
2027-03-07 16:00:00,207.6,186.6,80.8,126.8,56
2027-03-07 17:00:00,203.6,189.8,79.1,124.5,56
2027-03-07 18:00:00,203.4,201.2,78.1,125.3,56
2027-03-07 19:00:00,204.4,184.0,82.6,121.8,51
2027-03-07 20:00:00,196.1,202.8,76.3,119.8,42
2027-03-07 21:00:00,214.3,193.8,81.0,133.3,56
2027-03-07 22:00:00,205.0,178.0,77.0,128.0,48
2027-03-07 23:00:00,197.8,189.4,80.3,117.5,40
2027-03-08 00:00:00,200.4,194.2,82.5,117.9,50
2027-03-08 01:00:00,204.6,199.2,79.6,125.0,48
2027-03-08 02:00:00,213.7,198.0,82.8,130.9,55
2027-03-08 03:00:00,208.7,201.2,79.5,129.2,45
2027-03-08 04:00:00,208.6,207.8,78.9,129.7,51
2027-03-08 05:00:00,198.9,191.6,78.3,120.6,45
2027-03-08 06:00:00,204.6,199.2,79.2,125.4,43
2027-03-08 07:00:00,211.5,204.0,83.4,128.1,51
2027-03-08 08:00:00,207.6,185.4,78.5,129.1,48
2027-03-08 09:00:00,193.1,190.2,78.5,114.6,48
2027-03-08 10:00:00,207.3,200.6,81.7,125.6,55
2027-03-08 11:00:00,186.8,198.2,78.0,108.8,41
2027-03-08 12:00:00,213.6,191.2,76.2,137.4,57
2027-03-08 13:00:00,210.5,189.6,79.8,130.7,58
2027-03-08 14:00:00,210.9,195.8,78.7,132.2,58
2027-03-08 15:00:00,205.6,190.4,80.4,125.2,56
2027-03-08 16:00:00,214.7,195.2,80.5,134.2,59
2027-03-08 17:00:00,210.9,193.0,83.0,127.9,54
2027-03-08 18:00:00,207.4,198.4,83.3,124.1,59
2027-03-08 19:00:00,202.2,178.8,79.4,122.8,44
2027-03-08 20:00:00,206.5,200.4,78.6,127.9,49
2027-03-08 21:00:00,202.3,204.4,83.0,119.3,43
2027-03-08 22:00:00,208.2,194.6,81.5,126.7,53
2027-03-08 23:00:00,198.7,194.6,79.0,119.7,44
2027-03-09 00:00:00,195.9,198.0,78.8,117.1,49
2027-03-09 01:00:00,201.0,185.2,78.7,122.3,40
2027-03-09 02:00:00,211.8,200.8,79.2,132.6,57
2027-03-09 03:00:00,210.6,198.6,78.7,131.9,56
2027-03-09 04:00:00,200.9,185.2,82.2,118.7,43
2027-03-09 05:00:00,208.1,195.6,81.1,127.0,53
2027-03-09 06:00:00,207.4,184.4,79.5,127.9,56
2027-03-09 07:00:00,204.7,189.4,81.6,123.1,55
2027-03-09 08:00:00,204.9,201.4,80.4,124.5,44
2027-03-09 09:00:00,201.3,189.6,77.3,124.0,44
2027-03-09 10:00:00,195.9,198.4,79.3,116.6,44
2027-03-09 11:00:00,206.5,204.8,76.7,129.8,48
2027-03-09 12:00:00,205.4,186.6,80.1,125.3,48
2027-03-09 13:00:00,188.1,195.2,77.8,110.3,42
2027-03-09 14:00:00,202.8,207.6,79.3,123.5,56
2027-03-09 15:00:00,214.4,191.6,80.9,133.5,47
2027-03-09 16:00:00,209.6,197.4,81.8,127.8,51
2027-03-09 17:00:00,198.2,194.2,79.2,119.0,58
2027-03-09 18:00:00,205.5,199.6,79.1,126.4,51
2027-03-09 19:00:00,205.8,200.6,79.4,126.4,48
2027-03-09 20:00:00,200.6,193.6,81.4,119.2,46
2027-03-09 21:00:00,205.6,201.4,78.2,127.4,44
2027-03-09 22:00:00,210.7,192.2,77.0,133.7,59
2027-03-09 23:00:00,206.7,191.8,78.3,128.4,40
2027-03-10 00:00:00,196.2,184.4,78.1,118.1,40
2027-03-10 01:00:00,209.0,199.4,82.0,127.0,47
2027-03-10 02:00:00,202.1,194.0,79.5,122.6,40
2027-03-10 03:00:00,201.8,191.6,79.1,122.7,52
2027-03-10 04:00:00,213.7,198.4,80.3,133.4,55
2027-03-10 05:00:00,198.2,198.8,81.7,116.5,53
2027-03-10 06:00:00,202.6,198.6,80.1,122.5,58
2027-03-10 07:00:00,202.1,198.8,75.8,126.3,56
2027-03-10 08:00:00,198.6,193.8,80.7,117.9,52
2027-03-10 09:00:00,207.7,186.0,77.9,129.8,58
2027-03-10 10:00:00,202.4,189.6,79.9,122.5,45
2027-03-10 11:00:00,192.4,181.2,81.7,110.7,43
2027-03-10 12:00:00,199.9,197.0,79.7,120.2,44
2027-03-10 13:00:00,209.4,186.2,80.5,128.9,56
2027-03-10 14:00:00,208.0,202.6,80.4,127.6,57
2027-03-10 15:00:00,206.1,203.4,80.1,126.0,44
2027-03-10 16:00:00,206.3,191.4,80.9,125.4,49
2027-03-10 17:00:00,205.2,205.4,82.7,122.5,54
2027-03-10 18:00:00,197.7,198.0,79.9,117.8,59
2027-03-10 19:00:00,210.7,197.0,80.2,130.5,54
2027-03-10 20:00:00,201.7,200.2,82.4,119.3,49
2027-03-10 21:00:00,196.1,185.6,78.1,118.0,40
2027-03-10 22:00:00,206.4,202.6,80.7,125.7,55
2027-03-10 23:00:00,201.4,196.2,78.4,123.0,57
2027-03-11 00:00:00,204.1,194.2,79.9,124.2,49
2027-03-11 01:00:00,201.5,193.6,78.5,123.0,54
2027-03-11 02:00:00,214.1,193.2,80.9,133.2,55
2027-03-11 03:00:00,207.5,196.8,82.0,125.5,59
2027-03-11 04:00:00,204.7,199.8,78.7,126.0,47
2027-03-11 05:00:00,205.0,199.0,78.8,126.2,59
2027-03-11 06:00:00,204.8,206.4,81.3,123.5,46
2027-03-11 07:00:00,215.1,212.0,80.4,134.7,58
2027-03-11 08:00:00,208.1,213.4,80.5,127.6,49
2027-03-11 09:00:00,197.2,197.8,78.7,118.5,41
2027-03-11 10:00:00,201.7,188.6,78.7,123.0,45
2027-03-11 11:00:00,207.9,193.6,82.2,125.7,56
2027-03-11 12:00:00,204.6,200.2,78.0,126.6,57
2027-03-11 13:00:00,213.5,199.6,80.2,133.3,55
2027-03-11 14:00:00,203.0,207.2,82.1,120.9,54
2027-03-11 15:00:00,201.2,193.4,79.4,121.8,51
2027-03-11 16:00:00,206.6,202.0,81.1,125.5,57
2027-03-11 17:00:00,204.5,198.8,80.5,124.0,40
2027-03-11 18:00:00,199.2,187.8,78.4,120.8,44
2027-03-11 19:00:00,207.4,189.0,82.5,124.9,42
2027-03-11 20:00:00,210.1,205.2,83.1,127.0,43
2027-03-11 21:00:00,202.4,190.8,77.0,125.4,48
2027-03-11 22:00:00,196.2,193.4,81.4,114.8,41
2027-03-11 23:00:00,198.2,198.0,81.0,117.2,44
2027-03-12 00:00:00,218.9,192.4,83.1,135.8,54
2027-03-12 01:00:00,204.2,205.6,77.8,126.4,56
2027-03-12 02:00:00,199.9,206.0,80.5,119.4,40
2027-03-12 03:00:00,195.9,192.8,78.6,117.3,43
2027-03-12 04:00:00,205.4,189.0,80.3,125.1,58
2027-03-12 05:00:00,194.5,200.4,79.6,114.9,40
2027-03-12 06:00:00,198.8,200.6,84.1,114.7,45
2027-03-12 07:00:00,204.5,201.8,82.1,122.4,50
2027-03-12 08:00:00,207.7,196.8,82.4,125.3,40
2027-03-12 09:00:00,200.2,197.0,78.5,121.7,53
2027-03-12 10:00:00,211.2,203.2,78.9,132.3,52
2027-03-12 11:00:00,206.1,199.0,78.7,127.4,55
2027-03-12 12:00:00,206.2,206.0,78.3,127.9,51
2027-03-12 13:00:00,212.8,188.0,77.8,135.0,49
2027-03-12 14:00:00,208.3,189.6,80.4,127.9,54
2027-03-12 15:00:00,207.6,196.2,83.5,124.1,59
2027-03-12 16:00:00,212.8,193.6,76.8,136.0,45
2027-03-12 17:00:00,215.9,189.4,79.9,136.0,58
2027-03-12 18:00:00,209.1,201.0,78.4,130.7,48
2027-03-12 19:00:00,195.8,196.2,76.4,119.4,47
2027-03-12 20:00:00,205.3,200.8,77.4,127.9,53
2027-03-12 21:00:00,202.8,208.4,79.5,123.3,56
2027-03-12 22:00:00,204.0,199.6,76.9,127.1,50
2027-03-12 23:00:00,207.8,207.6,80.2,127.6,53
2027-03-13 00:00:00,212.8,199.4,82.1,130.7,55
2027-03-13 01:00:00,208.6,193.4,81.5,127.1,50
2027-03-13 02:00:00,210.6,204.6,81.2,129.4,52
2027-03-13 03:00:00,205.5,204.4,79.0,126.5,40
2027-03-13 04:00:00,196.3,194.2,79.2,117.1,46
2027-03-13 05:00:00,208.9,197.6,79.5,129.4,58
2027-03-13 06:00:00,204.8,209.2,79.1,125.7,44
2027-03-13 07:00:00,215.0,193.4,84.3,130.7,57
2027-03-13 08:00:00,198.7,208.0,77.0,121.7,45
2027-03-13 09:00:00,207.5,185.6,80.7,126.8,50
2027-03-13 10:00:00,200.4,207.6,79.2,121.2,51
2027-03-13 11:00:00,204.8,205.4,80.4,124.4,57
2027-03-13 12:00:00,191.8,195.6,80.0,111.8,44
2027-03-13 13:00:00,201.3,200.0,81.9,119.4,45
2027-03-13 14:00:00,211.7,187.4,77.8,133.9,57
2027-03-13 15:00:00,214.6,202.2,78.8,135.8,56
2027-03-13 16:00:00,211.0,193.6,80.3,130.7,55
2027-03-13 17:00:00,213.0,201.2,83.4,129.6,50
2027-03-13 18:00:00,205.4,193.6,79.9,125.5,49
2027-03-13 19:00:00,208.7,194.6,80.2,128.5,57
2027-03-13 20:00:00,208.8,196.4,79.1,129.7,41
2027-03-13 21:00:00,209.4,201.0,82.4,127.0,52
2027-03-13 22:00:00,215.7,200.6,78.9,136.8,50
2027-03-13 23:00:00,210.3,186.2,79.7,130.6,59
2027-03-14 00:00:00,217.1,190.2,81.8,135.3,57
2027-03-14 01:00:00,203.8,191.2,80.3,123.5,52
2027-03-14 02:00:00,206.2,203.2,80.0,126.2,47
2027-03-14 03:00:00,209.5,193.0,79.1,130.4,55
2027-03-14 04:00:00,201.4,195.0,79.5,121.9,57
2027-03-14 05:00:00,195.3,198.0,77.6,117.7,46
2027-03-14 06:00:00,192.5,183.2,79.2,113.3,40
2027-03-14 07:00:00,201.5,209.8,81.4,120.1,45
2027-03-14 08:00:00,211.7,200.8,82.8,128.9,56
2027-03-14 09:00:00,208.1,191.0,80.1,128.0,58
2027-03-14 10:00:00,203.8,199.4,78.3,125.5,50
2027-03-14 11:00:00,198.2,197.0,77.1,121.1,44
2027-03-14 12:00:00,207.5,195.6,82.7,124.8,59
2027-03-14 13:00:00,199.5,201.6,78.7,120.8,53
2027-03-14 14:00:00,202.6,199.0,79.7,122.9,54
2027-03-14 15:00:00,211.4,208.0,80.9,130.5,51
2027-03-14 16:00:00,198.3,204.8,79.4,118.9,44
2027-03-14 17:00:00,194.6,188.6,79.7,114.9,49
2027-03-14 18:00:00,202.9,192.4,77.6,125.3,41
2027-03-14 19:00:00,201.6,196.0,79.8,121.8,40
2027-03-14 20:00:00,196.1,195.6,80.3,115.8,51
2027-03-14 21:00:00,198.9,197.0,81.7,117.2,42
2027-03-14 22:00:00,210.3,201.6,82.0,128.3,49
2027-03-14 23:00:00,210.0,201.2,82.9,127.1,48
2027-03-15 00:00:00,199.8,201.8,79.0,120.8,50
2027-03-15 01:00:00,202.7,187.8,78.3,124.4,42
2027-03-15 02:00:00,205.8,198.0,79.7,126.1,54
2027-03-15 03:00:00,206.7,203.4,80.1,126.6,50
2027-03-15 04:00:00,206.3,199.6,78.4,127.9,46
2027-03-15 05:00:00,198.9,198.8,78.6,120.3,41
2027-03-15 06:00:00,209.8,199.4,79.2,130.6,58
2027-03-15 07:00:00,198.1,194.0,79.1,119.0,56
2027-03-15 08:00:00,200.5,195.6,79.3,121.2,53
2027-03-15 09:00:00,207.4,198.6,78.4,129.0,44
2027-03-15 10:00:00,199.5,204.2,77.9,121.6,49
2027-03-15 11:00:00,203.8,206.4,81.1,122.7,51
2027-03-15 12:00:00,207.4,209.2,82.5,124.9,42
2027-03-15 13:00:00,198.9,191.8,79.7,119.2,53
2027-03-15 14:00:00,204.3,192.8,78.8,125.5,59
2027-03-15 15:00:00,201.2,199.6,79.2,122.0,54
2027-03-15 16:00:00,216.9,192.0,79.3,137.6,57
2027-03-15 17:00:00,202.3,200.4,80.7,121.6,45
2027-03-15 18:00:00,208.0,198.8,81.7,126.3,59
2027-03-15 19:00:00,206.9,197.0,76.2,130.7,58
2027-03-15 20:00:00,212.1,200.4,83.0,129.1,58
2027-03-15 21:00:00,208.9,198.6,81.6,127.3,48
2027-03-15 22:00:00,205.7,201.6,80.0,125.7,49
2027-03-15 23:00:00,200.5,200.0,78.7,121.8,42
2027-03-16 00:00:00,203.9,185.0,83.0,120.9,49
2027-03-16 01:00:00,200.9,209.2,79.5,121.4,45
2027-03-16 02:00:00,208.7,197.0,81.8,126.9,58
2027-03-16 03:00:00,204.3,202.0,77.7,126.6,56
2027-03-16 04:00:00,210.4,200.4,83.4,127.0,51
2027-03-16 05:00:00,205.8,205.0,80.0,125.8,48
2027-03-16 06:00:00,195.0,202.0,76.0,119.0,51
2027-03-16 07:00:00,199.3,198.6,79.7,119.6,50
2027-03-16 08:00:00,210.9,193.6,80.2,130.7,50
2027-03-16 09:00:00,208.4,199.8,80.3,128.1,47
2027-03-16 10:00:00,205.6,203.2,80.2,125.4,59
2027-03-16 11:00:00,189.6,193.2,78.1,111.5,40
2027-03-16 12:00:00,201.4,202.2,80.1,121.3,50
2027-03-16 13:00:00,206.7,213.0,79.6,127.1,58
2027-03-16 14:00:00,206.5,198.2,78.3,128.2,55
2027-03-16 15:00:00,207.2,194.2,78.1,129.1,52
2027-03-16 16:00:00,202.7,198.4,82.0,120.7,46
2027-03-16 17:00:00,210.0,197.2,84.1,125.9,51
2027-03-16 18:00:00,196.8,196.6,80.4,116.4,42
2027-03-16 19:00:00,211.2,183.8,81.7,129.5,48
2027-03-16 20:00:00,207.8,204.6,80.8,127.0,43
2027-03-16 21:00:00,217.3,207.2,81.7,135.6,57
2027-03-16 22:00:00,200.0,195.4,76.9,123.1,44
2027-03-16 23:00:00,206.2,198.8,82.5,123.7,44
2027-03-17 00:00:00,208.1,202.6,82.3,125.8,58
2027-03-17 01:00:00,198.1,208.0,80.5,117.6,45
2027-03-17 02:00:00,208.0,186.2,81.6,126.4,48
2027-03-17 03:00:00,191.3,203.8,80.1,111.2,45
2027-03-17 04:00:00,203.6,205.0,82.7,120.9,47
2027-03-17 05:00:00,205.6,196.0,77.8,127.8,43
2027-03-17 06:00:00,206.1,198.4,80.4,125.7,49
2027-03-17 07:00:00,196.5,193.4,79.2,117.3,43
2027-03-17 08:00:00,202.5,207.2,82.8,119.7,46
2027-03-17 09:00:00,218.0,206.2,79.5,138.5,57
2027-03-17 10:00:00,207.7,204.8,81.9,125.8,43
2027-03-17 11:00:00,213.8,206.4,81.4,132.4,56
2027-03-17 12:00:00,203.1,202.2,79.3,123.8,48
2027-03-17 13:00:00,198.6,202.4,78.5,120.1,41
2027-03-17 14:00:00,201.5,203.0,79.5,122.0,41
2027-03-17 15:00:00,206.5,202.2,81.2,125.3,41
2027-03-17 16:00:00,215.5,200.0,79.9,135.6,54
2027-03-17 17:00:00,188.9,191.2,80.7,108.2,43
2027-03-17 18:00:00,202.0,197.2,78.6,123.4,51
2027-03-17 19:00:00,204.8,196.0,83.8,121.0,41
2027-03-17 20:00:00,197.3,193.8,81.5,115.8,45
2027-03-17 21:00:00,208.3,198.6,81.4,126.9,56
2027-03-17 22:00:00,201.7,203.4,83.2,118.5,42
2027-03-17 23:00:00,204.1,205.8,81.0,123.1,45
2027-03-18 00:00:00,201.0,190.6,77.1,123.9,42
2027-03-18 01:00:00,203.0,188.8,81.1,121.9,52
2027-03-18 02:00:00,196.4,212.6,79.4,117.0,40
2027-03-18 03:00:00,207.8,198.6,80.9,126.9,56
2027-03-18 04:00:00,198.6,197.2,78.4,120.2,58
2027-03-18 05:00:00,197.8,209.0,79.2,118.6,42
2027-03-18 06:00:00,218.0,203.6,82.0,136.0,56
2027-03-18 07:00:00,196.8,203.6,80.0,116.8,40
2027-03-18 08:00:00,198.5,199.0,79.5,119.0,47
2027-03-18 09:00:00,210.7,194.4,79.1,131.6,56
2027-03-18 10:00:00,206.5,196.6,78.2,128.3,45
2027-03-18 11:00:00,197.1,198.4,81.5,115.6,40
2027-03-18 12:00:00,200.2,203.0,79.3,120.9,46
2027-03-18 13:00:00,206.1,196.0,80.1,126.0,52
2027-03-18 14:00:00,210.8,197.4,81.9,128.9,52
2027-03-18 15:00:00,207.8,206.0,75.1,132.7,53
2027-03-18 16:00:00,200.6,203.6,79.9,120.7,40
2027-03-18 17:00:00,203.5,200.8,79.3,124.2,47
2027-03-18 18:00:00,206.0,199.6,82.7,123.3,48
2027-03-18 19:00:00,210.5,196.6,78.6,131.9,55
2027-03-18 20:00:00,202.8,203.4,82.1,120.7,51
2027-03-18 21:00:00,205.9,199.6,81.2,124.7,51
2027-03-18 22:00:00,205.8,205.6,78.8,127.0,48
2027-03-18 23:00:00,203.6,198.6,77.5,126.1,48
2027-03-19 00:00:00,199.0,187.4,82.2,116.8,40
2027-03-19 01:00:00,215.9,199.4,80.0,135.9,56
2027-03-19 02:00:00,198.4,201.6,77.6,120.8,40
2027-03-19 03:00:00,208.8,200.8,81.6,127.2,41
2027-03-19 04:00:00,195.5,194.4,78.1,117.4,48
2027-03-19 05:00:00,209.0,193.4,82.1,126.9,57
2027-03-19 06:00:00,197.3,193.4,81.2,116.1,41
2027-03-19 07:00:00,210.0,208.6,81.1,128.9,55
2027-03-19 08:00:00,203.8,207.6,79.1,124.7,56
2027-03-19 09:00:00,194.8,212.8,81.9,112.9,41
2027-03-19 10:00:00,205.5,200.4,79.2,126.3,41
2027-03-19 11:00:00,211.5,198.6,80.9,130.6,54
2027-03-19 12:00:00,207.7,202.6,79.8,127.9,50
2027-03-19 13:00:00,198.1,207.8,79.2,118.9,48
2027-03-19 14:00:00,199.7,211.6,81.8,117.9,40
2027-03-19 15:00:00,205.4,200.6,77.6,127.8,48
2027-03-19 16:00:00,197.3,204.0,77.8,119.5,49
2027-03-19 17:00:00,198.2,211.4,80.7,117.5,46
2027-03-19 18:00:00,204.7,188.6,77.9,126.8,54
2027-03-19 19:00:00,208.2,197.0,79.2,129.0,50
2027-03-19 20:00:00,214.1,199.4,80.8,133.3,52
2027-03-19 21:00:00,202.8,195.2,81.4,121.4,40
2027-03-19 22:00:00,200.9,192.4,79.6,121.3,41
2027-03-19 23:00:00,205.8,204.4,80.3,125.5,52
2027-03-20 00:00:00,206.6,212.6,78.8,127.8,51
2027-03-20 01:00:00,205.9,194.8,82.3,123.6,43
2027-03-20 02:00:00,200.6,203.2,77.0,123.6,44
2027-03-20 03:00:00,215.1,204.2,79.5,135.6,57
2027-03-20 04:00:00,212.3,202.4,77.4,134.9,51
2027-03-20 05:00:00,199.2,202.4,79.1,120.1,50
2027-03-20 06:00:00,207.4,205.0,81.2,126.2,57
2027-03-20 07:00:00,210.6,206.2,83.1,127.5,50
2027-03-20 08:00:00,217.0,200.6,83.8,133.2,58
2027-03-20 09:00:00,208.3,201.4,78.9,129.4,53
2027-03-20 10:00:00,210.7,198.2,82.3,128.4,57
2027-03-20 11:00:00,199.3,194.2,79.8,119.5,52
2027-03-20 12:00:00,197.5,195.4,79.4,118.1,48
2027-03-20 13:00:00,199.9,201.4,78.8,121.1,50
2027-03-20 14:00:00,195.7,192.6,75.4,120.3,43
2027-03-20 15:00:00,215.7,196.0,82.7,133.0,55
2027-03-20 16:00:00,197.7,203.6,78.8,118.9,43
2027-03-20 17:00:00,197.0,199.4,79.8,117.2,42
2027-03-20 18:00:00,206.8,213.2,83.4,123.4,40
2027-03-20 19:00:00,203.9,202.4,79.3,124.6,47
2027-03-20 20:00:00,201.9,202.4,82.5,119.4,46
2027-03-20 21:00:00,202.0,188.4,78.5,123.5,53
2027-03-20 22:00:00,211.1,199.0,83.7,127.4,45
2027-03-20 23:00:00,192.9,203.4,81.5,111.4,40
2027-03-21 00:00:00,206.8,201.8,78.5,128.3,54
2027-03-21 01:00:00,202.9,207.0,78.7,124.2,50
2027-03-21 02:00:00,213.2,204.0,81.8,131.4,59
2027-03-21 03:00:00,192.0,209.8,79.2,112.8,40
2027-03-21 04:00:00,207.0,211.0,80.4,126.6,47
2027-03-21 05:00:00,204.8,208.2,81.7,123.1,50
2027-03-21 06:00:00,205.5,199.4,82.5,123.0,47
2027-03-21 07:00:00,192.3,190.4,78.8,113.5,51
2027-03-21 08:00:00,202.9,202.0,78.6,124.3,44
2027-03-21 09:00:00,197.1,204.4,80.6,116.5,40
2027-03-21 10:00:00,206.0,197.2,80.7,125.3,59
2027-03-21 11:00:00,198.2,209.2,78.6,119.6,56
2027-03-21 12:00:00,204.9,195.0,83.2,121.7,40
2027-03-21 13:00:00,207.3,199.4,80.9,126.4,59
2027-03-21 14:00:00,209.0,208.2,83.0,126.0,44
2027-03-21 15:00:00,203.4,197.0,81.2,122.2,46
2027-03-21 16:00:00,200.2,187.2,76.7,123.5,43
2027-03-21 17:00:00,214.1,207.0,78.5,135.6,57
2027-03-21 18:00:00,200.4,201.6,77.7,122.7,40
2027-03-21 19:00:00,196.2,200.6,79.1,117.1,46
2027-03-21 20:00:00,193.7,204.2,75.3,118.4,47
2027-03-21 21:00:00,205.5,203.6,84.0,121.5,52
2027-03-21 22:00:00,208.7,200.6,79.6,129.1,47
2027-03-21 23:00:00,193.7,191.2,80.3,113.4,40
2027-03-22 00:00:00,200.3,197.0,79.9,120.4,45
2027-03-22 01:00:00,210.5,201.6,81.8,128.7,41
2027-03-22 02:00:00,199.1,202.2,77.5,121.6,46
2027-03-22 03:00:00,215.5,204.4,79.9,135.6,56
2027-03-22 04:00:00,219.6,201.2,81.8,137.8,52
2027-03-22 05:00:00,222.4,204.4,84.0,138.4,58
2027-03-22 06:00:00,204.3,205.8,79.6,124.7,52
2027-03-22 07:00:00,213.4,199.6,82.9,130.5,59
2027-03-22 08:00:00,208.0,203.0,80.0,128.0,54
2027-03-22 09:00:00,209.5,217.4,78.1,131.4,53
2027-03-22 10:00:00,200.0,215.8,80.1,119.9,41
2027-03-22 11:00:00,199.3,194.2,79.5,119.8,41
2027-03-22 12:00:00,198.5,195.0,81.0,117.5,55
2027-03-22 13:00:00,205.9,208.4,82.9,123.0,48
2027-03-22 14:00:00,215.5,209.6,80.3,135.2,57
2027-03-22 15:00:00,215.9,196.0,81.9,134.0,59
2027-03-22 16:00:00,209.7,207.2,82.0,127.7,45
2027-03-22 17:00:00,200.8,199.0,82.4,118.4,42
2027-03-22 18:00:00,214.7,195.2,78.2,136.5,55
2027-03-22 19:00:00,194.5,200.2,81.9,112.6,42
2027-03-22 20:00:00,192.6,200.4,76.1,116.5,42
2027-03-22 21:00:00,208.4,202.2,84.7,123.7,49
2027-03-22 22:00:00,205.3,216.4,81.3,124.0,46
2027-03-22 23:00:00,215.1,210.6,84.3,130.8,49
2027-03-23 00:00:00,202.8,195.4,83.0,119.8,55
2027-03-23 01:00:00,219.4,202.0,81.6,137.8,55
2027-03-23 02:00:00,206.6,196.4,80.3,126.3,44
2027-03-23 03:00:00,216.1,192.4,79.3,136.8,49
2027-03-23 04:00:00,201.8,194.8,79.6,122.2,57
2027-03-23 05:00:00,205.9,200.0,77.3,128.6,59
2027-03-23 06:00:00,204.7,202.4,83.9,120.8,43
2027-03-23 07:00:00,203.8,205.2,81.2,122.6,56
2027-03-23 08:00:00,200.7,203.2,81.1,119.6,47
2027-03-23 09:00:00,211.0,218.4,80.9,130.1,40
2027-03-23 10:00:00,207.4,203.8,77.7,129.7,47
2027-03-23 11:00:00,208.8,201.0,81.4,127.4,52
2027-03-23 12:00:00,213.2,205.2,82.2,131.0,49
2027-03-23 13:00:00,200.5,210.6,79.1,121.4,58
2027-03-23 14:00:00,198.2,210.6,80.3,117.9,42
2027-03-23 15:00:00,199.4,207.6,74.9,124.5,51
2027-03-23 16:00:00,207.5,202.2,82.8,124.7,51
2027-03-23 17:00:00,209.9,197.0,81.1,128.8,56
2027-03-23 18:00:00,198.2,209.6,82.5,115.7,40
2027-03-23 19:00:00,191.9,202.2,76.4,115.5,45
2027-03-23 20:00:00,193.8,201.2,81.8,112.0,45
2027-03-23 21:00:00,198.5,206.2,77.2,121.3,44
2027-03-23 22:00:00,203.6,194.6,79.6,124.0,50
2027-03-23 23:00:00,202.2,201.6,79.4,122.8,48
2027-03-24 00:00:00,213.4,201.4,80.3,133.1,56
2027-03-24 01:00:00,206.1,201.6,80.7,125.4,57
2027-03-24 02:00:00,197.4,192.2,79.1,118.3,51
2027-03-24 03:00:00,198.3,214.0,81.3,117.0,44
2027-03-24 04:00:00,211.6,202.4,83.2,128.4,50
2027-03-24 05:00:00,202.2,203.2,81.7,120.5,43
2027-03-24 06:00:00,216.0,201.8,80.6,135.4,57
2027-03-24 07:00:00,200.1,194.6,80.4,119.7,44
2027-03-24 08:00:00,195.6,207.2,82.3,113.3,46
2027-03-24 09:00:00,206.1,201.2,78.0,128.1,51
2027-03-24 10:00:00,202.1,211.6,81.1,121.0,51
2027-03-24 11:00:00,205.1,203.0,79.5,125.6,43
2027-03-24 12:00:00,199.9,208.2,76.1,123.8,52
2027-03-24 13:00:00,197.2,204.6,76.9,120.3,50
2027-03-24 14:00:00,196.1,197.0,74.8,121.3,52
2027-03-24 15:00:00,199.9,201.6,82.5,117.4,41
2027-03-24 16:00:00,211.6,190.2,81.2,130.4,54
2027-03-24 17:00:00,199.1,204.8,77.8,121.3,41
2027-03-24 18:00:00,210.7,195.8,80.9,129.8,49
2027-03-24 19:00:00,203.5,200.6,81.4,122.1,41
2027-03-24 20:00:00,210.0,197.2,77.8,132.2,44
2027-03-24 21:00:00,207.4,210.4,79.0,128.4,51
2027-03-24 22:00:00,206.4,200.6,80.2,126.2,57
2027-03-24 23:00:00,203.8,202.8,80.7,123.1,52
2027-03-25 00:00:00,212.5,214.0,83.0,129.5,42
2027-03-25 01:00:00,204.7,200.8,81.2,123.5,49
2027-03-25 02:00:00,201.7,209.6,77.4,124.3,45
2027-03-25 03:00:00,205.5,206.8,80.5,125.0,48
2027-03-25 04:00:00,202.2,204.8,79.0,123.2,43
2027-03-25 05:00:00,213.4,211.2,81.5,131.9,53
2027-03-25 06:00:00,213.5,206.6,81.8,131.7,50
2027-03-25 07:00:00,211.4,216.0,78.7,132.7,58
2027-03-25 08:00:00,211.7,208.0,77.6,134.1,51
2027-03-25 09:00:00,203.4,206.0,82.3,121.1,46
2027-03-25 10:00:00,196.9,220.6,77.6,119.3,48
2027-03-25 11:00:00,200.4,195.6,79.9,120.5,45
2027-03-25 12:00:00,197.7,209.0,84.4,113.3,41
2027-03-25 13:00:00,212.7,209.0,85.0,127.7,50
2027-03-25 14:00:00,209.1,212.0,78.4,130.7,48
2027-03-25 15:00:00,214.1,205.0,84.7,129.4,54
2027-03-25 16:00:00,200.5,208.6,81.3,119.2,42
2027-03-25 17:00:00,200.2,203.0,77.7,122.5,52
2027-03-25 18:00:00,208.9,199.8,80.0,128.9,54
2027-03-25 19:00:00,198.3,209.6,79.1,119.2,43
2027-03-25 20:00:00,201.7,203.6,80.9,120.8,53
2027-03-25 21:00:00,208.3,207.6,79.4,128.9,57
2027-03-25 22:00:00,203.1,213.8,81.5,121.6,56
2027-03-25 23:00:00,205.5,206.0,76.7,128.8,46
2027-03-26 00:00:00,201.2,207.6,82.0,119.2,54
2027-03-26 01:00:00,205.9,203.8,79.7,126.2,58
2027-03-26 02:00:00,202.5,202.2,79.9,122.6,58
2027-03-26 03:00:00,202.1,216.6,79.9,122.2,47
2027-03-26 04:00:00,203.1,214.4,77.4,125.7,40
2027-03-26 05:00:00,205.0,194.4,77.5,127.5,55
2027-03-26 06:00:00,211.4,202.6,82.2,129.2,57
2027-03-26 07:00:00,204.4,206.6,80.2,124.2,43
2027-03-26 08:00:00,199.0,196.6,80.5,118.5,47
2027-03-26 09:00:00,212.4,194.6,76.8,135.6,47
2027-03-26 10:00:00,210.4,205.2,82.5,127.9,54
2027-03-26 11:00:00,205.5,206.6,78.3,127.2,57
2027-03-26 12:00:00,199.1,202.6,80.0,119.1,53
2027-03-26 13:00:00,197.3,206.2,79.8,117.5,44
2027-03-26 14:00:00,204.8,209.8,78.2,126.6,56
2027-03-26 15:00:00,203.2,193.2,81.5,121.7,41
2027-03-26 16:00:00,204.5,211.2,78.8,125.7,59
2027-03-26 17:00:00,191.8,211.4,78.4,113.4,48
2027-03-26 18:00:00,209.0,212.8,77.6,131.4,54
2027-03-26 19:00:00,216.6,207.8,81.8,134.8,46
2027-03-26 20:00:00,216.2,198.4,82.4,133.8,59
2027-03-26 21:00:00,204.3,198.4,80.5,123.8,55
2027-03-26 22:00:00,196.7,209.0,79.1,117.6,40
2027-03-26 23:00:00,211.7,204.0,81.7,130.0,49
2027-03-27 00:00:00,210.7,208.2,80.9,129.8,54
2027-03-27 01:00:00,204.6,218.8,81.6,123.0,56
2027-03-27 02:00:00,198.9,204.4,83.9,115.0,42
2027-03-27 03:00:00,212.1,207.6,81.0,131.1,48
2027-03-27 04:00:00,198.0,207.2,80.4,117.6,40
2027-03-27 05:00:00,198.0,207.0,81.3,116.7,40
2027-03-27 06:00:00,202.0,206.0,82.5,119.5,43
2027-03-27 07:00:00,206.7,207.8,80.5,126.2,54
2027-03-27 08:00:00,203.2,202.6,81.0,122.2,57
2027-03-27 09:00:00,203.7,212.4,80.3,123.4,52
2027-03-27 10:00:00,215.3,201.2,83.2,132.1,52
2027-03-27 11:00:00,200.6,200.0,77.2,123.4,41
2027-03-27 12:00:00,193.9,204.0,79.5,114.4,46
2027-03-27 13:00:00,205.2,206.6,77.6,127.6,57
2027-03-27 14:00:00,211.0,210.6,82.3,128.7,59
2027-03-27 15:00:00,178.8,207.6,74.0,104.8,40
2027-03-27 16:00:00,199.6,211.8,78.1,121.5,53
2027-03-27 17:00:00,200.3,214.6,80.3,120.0,45
2027-03-27 18:00:00,208.1,207.6,83.4,124.7,45
2027-03-27 19:00:00,191.5,218.0,79.1,112.4,49
2027-03-27 20:00:00,211.2,205.8,81.0,130.2,59
2027-03-27 21:00:00,198.6,211.4,79.7,118.9,45
2027-03-27 22:00:00,210.5,201.4,78.3,132.2,53
2027-03-27 23:00:00,199.4,202.0,79.6,119.8,55
2027-03-28 00:00:00,211.6,211.8,82.1,129.5,56
2027-03-28 01:00:00,212.9,204.2,82.3,130.6,57
2027-03-28 02:00:00,217.5,202.6,81.7,135.8,55
2027-03-28 03:00:00,214.3,206.6,81.2,133.1,59
2027-03-28 04:00:00,202.9,202.8,76.7,126.2,59
2027-03-28 05:00:00,200.2,210.6,80.3,119.9,53
2027-03-28 06:00:00,204.2,196.0,77.4,126.8,58
2027-03-28 07:00:00,199.8,193.2,82.4,117.4,46
2027-03-28 08:00:00,190.8,205.4,77.2,113.6,50
2027-03-28 09:00:00,207.9,211.6,77.7,130.2,56
2027-03-28 10:00:00,207.3,194.2,79.8,127.5,59
2027-03-28 11:00:00,199.2,205.4,78.2,121.0,54
2027-03-28 12:00:00,201.7,203.4,79.5,122.2,49
2027-03-28 13:00:00,202.1,214.4,76.2,125.9,58
2027-03-28 14:00:00,208.8,202.0,81.2,127.6,55
2027-03-28 15:00:00,206.2,207.0,79.0,127.2,46
2027-03-28 16:00:00,197.7,206.4,81.2,116.5,45
2027-03-28 17:00:00,208.6,200.6,76.8,131.8,50
2027-03-28 18:00:00,199.1,204.8,77.0,122.1,52
2027-03-28 19:00:00,198.9,215.6,80.1,118.8,52
2027-03-28 20:00:00,212.3,202.6,83.1,129.2,59
2027-03-28 21:00:00,205.2,200.2,78.9,126.3,43
2027-03-28 22:00:00,204.2,210.6,80.4,123.8,45
2027-03-28 23:00:00,212.0,213.4,79.9,132.1,55
2027-03-29 00:00:00,208.9,214.2,78.9,130.0,55
2027-03-29 01:00:00,205.1,206.8,80.7,124.4,47
2027-03-29 02:00:00,195.6,199.4,81.9,113.7,46
2027-03-29 03:00:00,206.3,215.6,84.9,121.4,44
2027-03-29 04:00:00,204.8,203.8,80.0,124.8,45
2027-03-29 05:00:00,202.3,215.0,82.2,120.1,45
2027-03-29 06:00:00,207.8,208.8,82.3,125.5,47
2027-03-29 07:00:00,196.0,204.4,79.4,116.6,42
2027-03-29 08:00:00,214.1,208.4,79.1,135.0,53
2027-03-29 09:00:00,205.0,209.4,81.8,123.2,44
2027-03-29 10:00:00,206.2,203.8,79.2,127.0,54
2027-03-29 11:00:00,210.4,210.8,79.9,130.5,58
2027-03-29 12:00:00,213.0,207.4,79.6,133.4,52
2027-03-29 13:00:00,195.8,200.6,75.9,119.9,56
2027-03-29 14:00:00,210.5,209.4,77.7,132.8,51
2027-03-29 15:00:00,196.1,207.4,81.6,114.5,42
2027-03-29 16:00:00,200.4,201.2,77.5,122.9,40
2027-03-29 17:00:00,203.1,212.0,80.1,123.0,57
2027-03-29 18:00:00,202.2,198.2,80.3,121.9,54
2027-03-29 19:00:00,197.0,202.8,80.1,116.9,47
2027-03-29 20:00:00,213.1,210.6,81.5,131.6,59
2027-03-29 21:00:00,196.8,200.6,77.5,119.3,48
2027-03-29 22:00:00,213.7,205.4,82.7,131.0,56
2027-03-29 23:00:00,209.8,206.0,80.5,129.3,56
2027-03-30 00:00:00,207.5,210.8,79.1,128.4,51
2027-03-30 01:00:00,198.7,218.2,77.9,120.8,58
2027-03-30 02:00:00,204.9,214.2,76.3,128.6,56
2027-03-30 03:00:00,197.6,210.6,79.8,117.8,43
2027-03-30 04:00:00,214.1,214.8,79.5,134.6,49
2027-03-30 05:00:00,207.2,210.8,82.5,124.7,59
2027-03-30 06:00:00,199.1,207.8,77.1,122.0,41
2027-03-30 07:00:00,200.0,208.0,81.2,118.8,44
2027-03-30 08:00:00,194.2,200.4,77.6,116.6,40
2027-03-30 09:00:00,204.7,217.4,80.8,123.9,51
2027-03-30 10:00:00,196.6,209.6,77.9,118.7,48
2027-03-30 11:00:00,207.3,212.0,77.6,129.7,58
2027-03-30 12:00:00,211.2,209.8,82.9,128.3,54
2027-03-30 13:00:00,208.5,199.2,81.9,126.6,50
2027-03-30 14:00:00,197.1,213.6,76.8,120.3,45
2027-03-30 15:00:00,207.3,216.4,80.7,126.6,56
2027-03-30 16:00:00,204.7,214.4,80.4,124.3,47
2027-03-30 17:00:00,197.4,197.4,78.6,118.8,49
2027-03-30 18:00:00,207.9,203.4,80.6,127.3,55
2027-03-30 19:00:00,214.7,227.0,79.7,135.0,59
2027-03-30 20:00:00,203.7,211.0,77.6,126.1,41
2027-03-30 21:00:00,213.2,218.0,82.4,130.8,48
2027-03-30 22:00:00,195.4,211.8,79.5,115.9,43
2027-03-30 23:00:00,214.1,210.2,80.0,134.1,59
2027-03-31 00:00:00,210.8,210.8,81.0,129.8,46
2027-03-31 01:00:00,201.1,203.0,79.6,121.5,48
2027-03-31 02:00:00,204.7,202.6,76.1,128.6,56
2027-03-31 03:00:00,208.5,212.8,83.9,124.6,54
2027-03-31 04:00:00,208.8,217.8,75.8,133.0,58
2027-03-31 05:00:00,195.3,202.2,76.4,118.9,43
2027-03-31 06:00:00,210.2,203.2,81.8,128.4,54
2027-03-31 07:00:00,200.9,217.4,77.6,123.3,53
2027-03-31 08:00:00,207.8,214.8,82.8,125.0,42
2027-03-31 09:00:00,211.5,201.6,80.4,131.1,56
2027-03-31 10:00:00,204.8,212.2,80.2,124.6,48
2027-03-31 11:00:00,212.6,212.8,79.8,132.8,54
2027-03-31 12:00:00,202.7,200.2,74.9,127.8,53
2027-03-31 13:00:00,203.7,208.0,79.4,124.3,40
2027-03-31 14:00:00,213.4,199.4,81.4,132.0,56
2027-03-31 15:00:00,211.9,207.2,80.8,131.1,56
2027-03-31 16:00:00,213.1,214.4,78.7,134.4,48
2027-03-31 17:00:00,197.5,212.0,80.3,117.2,43
2027-03-31 18:00:00,206.8,197.8,82.2,124.6,49
2027-03-31 19:00:00,205.1,206.4,80.1,125.0,46
2027-03-31 20:00:00,203.7,215.0,79.6,124.1,47
2027-03-31 21:00:00,207.4,212.4,77.3,130.1,42
2027-03-31 22:00:00,200.8,200.8,79.0,121.8,41
2027-03-31 23:00:00,214.5,201.2,81.9,132.6,43
2027-04-01 00:00:00,206.8,214.0,81.1,125.7,50
2027-04-01 01:00:00,200.4,204.8,83.8,116.6,47
2027-04-01 02:00:00,208.8,207.4,81.8,127.0,59
2027-04-01 03:00:00,199.5,208.6,78.7,120.8,43
2027-04-01 04:00:00,215.8,196.4,83.0,132.8,52
2027-04-01 05:00:00,204.2,209.6,79.5,124.7,51
2027-04-01 06:00:00,202.8,204.4,83.1,119.7,56
2027-04-01 07:00:00,215.2,207.6,81.0,134.2,51
2027-04-01 08:00:00,202.5,210.2,81.9,120.6,42
2027-04-01 09:00:00,207.2,211.6,78.7,128.5,57
2027-04-01 10:00:00,198.9,210.0,79.0,119.9,42
2027-04-01 11:00:00,204.0,204.8,79.5,124.5,43
2027-04-01 12:00:00,215.0,210.2,81.6,133.4,59
2027-04-01 13:00:00,204.7,211.0,77.8,126.9,51
2027-04-01 14:00:00,198.6,207.0,78.7,119.9,41
2027-04-01 15:00:00,201.4,211.4,80.4,121.0,41
2027-04-01 16:00:00,202.0,214.8,77.6,124.4,53
2027-04-01 17:00:00,196.2,200.4,76.0,120.2,49
2027-04-01 18:00:00,208.0,203.0,81.2,126.8,43
2027-04-01 19:00:00,206.0,209.4,80.4,125.6,58
2027-04-01 20:00:00,207.7,204.8,80.0,127.7,47
2027-04-01 21:00:00,198.4,196.0,79.2,119.2,48
2027-04-01 22:00:00,206.5,217.8,78.4,128.1,47
2027-04-01 23:00:00,204.7,205.4,81.6,123.1,45
2027-04-02 00:00:00,200.7,212.2,79.9,120.8,45
2027-04-02 01:00:00,199.7,200.2,80.1,119.6,47
2027-04-02 02:00:00,199.1,215.0,81.3,117.8,42
2027-04-02 03:00:00,201.3,220.6,76.6,124.7,47
2027-04-02 04:00:00,197.9,204.8,79.2,118.7,44
2027-04-02 05:00:00,204.4,203.6,79.4,125.0,51
2027-04-02 06:00:00,213.7,209.4,77.8,135.9,52
2027-04-02 07:00:00,202.5,207.0,78.7,123.8,42
2027-04-02 08:00:00,195.3,213.2,79.0,116.3,51
2027-04-02 09:00:00,198.5,207.4,77.4,121.1,42
2027-04-02 10:00:00,204.2,209.4,81.0,123.2,56
2027-04-02 11:00:00,201.8,218.8,79.5,122.3,52
2027-04-02 12:00:00,196.3,208.0,78.4,117.9,46
2027-04-02 13:00:00,211.8,205.0,83.8,128.0,42
2027-04-02 14:00:00,197.5,211.0,79.7,117.8,40
2027-04-02 15:00:00,201.4,218.2,78.9,122.5,59
2027-04-02 16:00:00,214.5,207.6,78.2,136.3,59
2027-04-02 17:00:00,202.4,212.6,79.0,123.4,40
2027-04-02 18:00:00,219.1,207.4,84.0,135.1,51
2027-04-02 19:00:00,206.4,207.0,81.0,125.4,42
2027-04-02 20:00:00,206.1,213.0,79.6,126.5,56
2027-04-02 21:00:00,205.8,201.6,78.7,127.1,49
2027-04-02 22:00:00,194.8,208.6,78.5,116.3,43
2027-04-02 23:00:00,209.8,215.4,80.8,129.0,41
2027-04-03 00:00:00,199.3,207.2,82.7,116.6,53
2027-04-03 01:00:00,194.0,213.6,78.8,115.2,40
2027-04-03 02:00:00,199.3,204.0,75.4,123.9,49
2027-04-03 03:00:00,207.3,207.8,77.3,130.0,56
2027-04-03 04:00:00,206.3,217.8,79.2,127.1,50
2027-04-03 05:00:00,215.1,214.6,82.2,132.9,57
2027-04-03 06:00:00,208.1,213.2,78.9,129.2,52
2027-04-03 07:00:00,198.1,209.4,79.6,118.5,41
2027-04-03 08:00:00,209.8,211.2,75.3,134.5,53
2027-04-03 09:00:00,214.8,211.2,78.8,136.0,58
2027-04-03 10:00:00,202.7,206.2,80.1,122.6,44
2027-04-03 11:00:00,196.3,207.0,78.2,118.1,45
2027-04-03 12:00:00,203.8,199.0,81.6,122.2,53
2027-04-03 13:00:00,211.5,210.0,81.7,129.8,44
2027-04-03 14:00:00,192.1,209.2,79.4,112.7,44
2027-04-03 15:00:00,198.3,220.8,80.5,117.8,50
2027-04-03 16:00:00,202.0,205.6,80.3,121.7,43
2027-04-03 17:00:00,201.0,209.4,81.1,119.9,51
2027-04-03 18:00:00,204.2,210.6,78.8,125.4,50
2027-04-03 19:00:00,205.5,203.6,81.1,124.4,41
2027-04-03 20:00:00,202.0,205.4,80.8,121.2,52
2027-04-03 21:00:00,216.3,212.4,82.6,133.7,51
2027-04-03 22:00:00,208.5,212.8,79.6,128.9,58
2027-04-03 23:00:00,204.9,209.4,78.0,126.9,44
2027-04-04 00:00:00,203.7,199.0,77.4,126.3,58
2027-04-04 01:00:00,203.7,202.6,80.3,123.4,47
2027-04-04 02:00:00,199.5,211.2,81.8,117.7,47
2027-04-04 03:00:00,190.0,215.2,76.9,113.1,44
2027-04-04 04:00:00,217.8,214.2,82.1,135.7,59
2027-04-04 05:00:00,214.7,221.0,77.3,137.4,59
2027-04-04 06:00:00,202.5,211.0,81.9,120.6,51
2027-04-04 07:00:00,196.1,206.8,79.5,116.6,51
2027-04-04 08:00:00,217.4,211.4,80.5,136.9,57
2027-04-04 09:00:00,212.3,205.6,80.8,131.5,51
2027-04-04 10:00:00,188.2,213.2,79.3,108.9,43
2027-04-04 11:00:00,202.2,214.2,79.9,122.3,44
2027-04-04 12:00:00,203.3,219.2,79.7,123.6,43
2027-04-04 13:00:00,199.8,206.0,80.4,119.4,44
2027-04-04 14:00:00,207.0,213.0,76.0,131.0,52
2027-04-04 15:00:00,204.2,215.4,76.1,128.1,59
2027-04-04 16:00:00,215.4,211.8,77.9,137.5,59
2027-04-04 17:00:00,207.8,214.8,81.7,126.1,52
2027-04-04 18:00:00,203.6,200.4,81.8,121.8,44
2027-04-04 19:00:00,202.0,220.4,80.4,121.6,43
2027-04-04 20:00:00,205.7,213.0,80.8,124.9,46
2027-04-04 21:00:00,207.3,203.0,80.2,127.1,59
2027-04-04 22:00:00,210.7,214.4,82.7,128.0,56
2027-04-04 23:00:00,205.9,208.0,80.0,125.9,49
2027-04-05 00:00:00,210.5,210.8,82.4,128.1,49
2027-04-05 01:00:00,203.9,205.4,80.3,123.6,50
2027-04-05 02:00:00,214.3,210.0,81.3,133.0,47
2027-04-05 03:00:00,208.6,204.6,80.9,127.7,48
2027-04-05 04:00:00,204.9,209.0,80.4,124.5,52
2027-04-05 05:00:00,202.2,211.0,81.5,120.7,40
2027-04-05 06:00:00,210.3,214.8,81.5,128.8,59
2027-04-05 07:00:00,206.3,224.4,78.8,127.5,52
2027-04-05 08:00:00,192.0,217.0,75.1,116.9,44
2027-04-05 09:00:00,204.2,212.2,78.6,125.6,58
2027-04-05 10:00:00,206.4,216.6,81.3,125.1,48
2027-04-05 11:00:00,207.4,218.2,79.1,128.3,47
2027-04-05 12:00:00,202.1,209.8,84.3,117.8,40
2027-04-05 13:00:00,211.9,208.8,81.6,130.3,56
2027-04-05 14:00:00,189.5,211.8,77.7,111.8,43
2027-04-05 15:00:00,201.3,202.0,79.3,122.0,55
2027-04-05 16:00:00,207.5,208.2,82.3,125.2,42
2027-04-05 17:00:00,205.3,211.4,81.7,123.6,51
2027-04-05 18:00:00,195.9,214.2,79.9,116.0,40
2027-04-05 19:00:00,213.5,210.8,78.2,135.3,57
2027-04-05 20:00:00,207.2,204.6,81.4,125.8,59
2027-04-05 21:00:00,204.7,208.4,78.8,125.9,44
2027-04-05 22:00:00,201.4,201.8,81.8,119.6,42
2027-04-05 23:00:00,205.9,210.8,80.0,125.9,52
2027-04-06 00:00:00,197.9,206.6,81.6,116.3,41
2027-04-06 01:00:00,206.8,210.6,79.6,127.2,47
2027-04-06 02:00:00,202.0,204.4,79.7,122.3,43
2027-04-06 03:00:00,203.5,212.6,79.5,124.0,41
2027-04-06 04:00:00,194.4,209.0,77.5,116.9,54
2027-04-06 05:00:00,205.4,209.0,76.6,128.8,48
2027-04-06 06:00:00,208.9,217.2,81.1,127.8,45
2027-04-06 07:00:00,202.1,200.4,77.7,124.4,56
2027-04-06 08:00:00,199.5,214.0,80.1,119.4,55
2027-04-06 09:00:00,207.4,212.8,82.5,124.9,45
2027-04-06 10:00:00,212.8,218.0,79.9,132.9,54
2027-04-06 11:00:00,206.1,213.6,83.1,123.0,45
2027-04-06 12:00:00,207.6,216.0,81.6,126.0,54
2027-04-06 13:00:00,197.1,219.0,79.6,117.5,47
2027-04-06 14:00:00,209.6,223.0,79.2,130.4,49
2027-04-06 15:00:00,212.0,202.0,79.1,132.9,53
2027-04-06 16:00:00,214.2,210.4,78.3,135.9,56
2027-04-06 17:00:00,191.9,215.8,80.4,111.5,43
2027-04-06 18:00:00,203.8,225.0,78.4,125.4,52
2027-04-06 19:00:00,206.2,200.0,80.6,125.6,54
2027-04-06 20:00:00,206.4,215.0,80.4,126.0,49
2027-04-06 21:00:00,198.5,217.6,78.2,120.3,52
2027-04-06 22:00:00,209.4,214.0,75.0,134.4,57
2027-04-06 23:00:00,210.0,214.2,78.5,131.5,43
2027-04-07 00:00:00,202.9,216.8,82.5,120.4,42
2027-04-07 01:00:00,205.3,215.0,81.0,124.3,43
2027-04-07 02:00:00,207.8,206.8,78.8,129.0,58
2027-04-07 03:00:00,208.9,218.6,81.0,127.9,57
2027-04-07 04:00:00,200.0,231.4,75.3,124.7,49
2027-04-07 05:00:00,201.1,209.8,79.3,121.8,52
2027-04-07 06:00:00,204.8,217.2,77.9,126.9,42
2027-04-07 07:00:00,205.2,210.2,77.7,127.5,55
2027-04-07 08:00:00,195.0,224.4,84.1,110.9,44
2027-04-07 09:00:00,202.8,202.4,79.1,123.7,53
2027-04-07 10:00:00,200.9,210.8,79.4,121.5,41
2027-04-07 11:00:00,203.4,219.8,81.1,122.3,44
2027-04-07 12:00:00,200.6,202.2,78.3,122.3,55
2027-04-07 13:00:00,199.9,211.2,78.1,121.8,43
2027-04-07 14:00:00,189.9,212.2,79.8,110.1,41
2027-04-07 15:00:00,217.3,221.6,80.2,137.1,43
2027-04-07 16:00:00,200.0,216.8,80.0,120.0,52
2027-04-07 17:00:00,204.8,218.4,79.9,124.9,56
2027-04-07 18:00:00,200.5,220.4,79.6,120.9,41
2027-04-07 19:00:00,206.6,213.0,82.0,124.6,49
2027-04-07 20:00:00,209.0,211.8,80.3,128.7,50
2027-04-07 21:00:00,197.2,219.4,78.4,118.8,40
2027-04-07 22:00:00,202.0,211.0,80.9,121.1,51
2027-04-07 23:00:00,207.0,208.2,78.3,128.7,56
2027-04-08 00:00:00,200.2,205.6,79.1,121.1,44
2027-04-08 01:00:00,198.4,197.2,80.3,118.1,44
2027-04-08 02:00:00,200.9,222.0,82.3,118.6,57
2027-04-08 03:00:00,199.2,218.0,81.1,118.1,43
2027-04-08 04:00:00,196.8,221.4,82.2,114.6,44
2027-04-08 05:00:00,210.2,199.6,83.0,127.2,43
2027-04-08 06:00:00,192.8,203.8,81.7,111.1,42
2027-04-08 07:00:00,207.2,225.8,78.8,128.4,53
2027-04-08 08:00:00,214.3,209.4,80.9,133.4,59
2027-04-08 09:00:00,204.9,211.4,79.7,125.2,48
2027-04-08 10:00:00,201.0,214.4,84.3,116.7,52
2027-04-08 11:00:00,202.4,213.4,82.3,120.1,47
2027-04-08 12:00:00,202.2,217.0,80.4,121.8,49
2027-04-08 13:00:00,207.7,211.8,78.8,128.9,47
2027-04-08 14:00:00,200.5,201.6,79.7,120.8,56
2027-04-08 15:00:00,207.1,213.8,77.5,129.6,58
2027-04-08 16:00:00,191.4,215.0,75.7,115.7,48
2027-04-08 17:00:00,216.1,205.4,79.2,136.9,50
2027-04-08 18:00:00,205.8,209.8,79.7,126.1,50
2027-04-08 19:00:00,208.6,212.8,80.6,128.0,53
2027-04-08 20:00:00,199.8,212.8,79.6,120.2,46
2027-04-08 21:00:00,203.2,215.8,77.9,125.3,49
2027-04-08 22:00:00,211.3,219.2,82.6,128.7,45
2027-04-08 23:00:00,197.1,213.8,79.2,117.9,44
2027-04-09 00:00:00,204.7,210.8,79.4,125.3,52
2027-04-09 01:00:00,212.6,230.6,82.1,130.5,53
2027-04-09 02:00:00,207.3,221.8,77.0,130.3,50
2027-04-09 03:00:00,202.2,219.0,78.5,123.7,58
2027-04-09 04:00:00,207.3,218.2,80.6,126.7,51
2027-04-09 05:00:00,199.2,213.4,80.6,118.6,50
2027-04-09 06:00:00,213.7,208.8,79.3,134.4,49
2027-04-09 07:00:00,205.1,207.2,81.8,123.3,43
2027-04-09 08:00:00,200.1,203.4,77.2,122.9,59
2027-04-09 09:00:00,213.9,212.0,81.7,132.2,56
2027-04-09 10:00:00,206.9,207.2,81.8,125.1,50
2027-04-09 11:00:00,200.3,205.4,79.4,120.9,42
2027-04-09 12:00:00,213.8,211.6,81.5,132.3,58
2027-04-09 13:00:00,216.6,213.0,83.2,133.4,51
2027-04-09 14:00:00,212.2,224.8,81.8,130.4,57
2027-04-09 15:00:00,200.9,225.8,78.2,122.7,48
2027-04-09 16:00:00,210.1,214.4,80.0,130.1,53
2027-04-09 17:00:00,214.4,216.8,81.2,133.2,58
2027-04-09 18:00:00,206.4,214.4,79.8,126.6,43
2027-04-09 19:00:00,196.8,217.8,77.7,119.1,44
2027-04-09 20:00:00,208.6,217.2,80.8,127.8,51
2027-04-09 21:00:00,193.9,218.6,80.5,113.4,44
2027-04-09 22:00:00,195.5,215.4,81.0,114.5,43
2027-04-09 23:00:00,205.1,216.6,78.0,127.1,58
2027-04-10 00:00:00,204.1,214.4,77.9,126.2,57
2027-04-10 01:00:00,200.8,215.6,80.0,120.8,58
2027-04-10 02:00:00,197.6,216.4,81.8,115.8,40
2027-04-10 03:00:00,212.3,224.4,78.0,134.3,52
2027-04-10 04:00:00,199.5,214.0,76.4,123.1,42
2027-04-10 05:00:00,210.8,213.4,80.2,130.6,56
2027-04-10 06:00:00,206.4,217.0,79.3,127.1,48
2027-04-10 07:00:00,210.1,219.8,80.9,129.2,55
2027-04-10 08:00:00,204.6,214.2,81.3,123.3,45
2027-04-10 09:00:00,199.5,222.6,79.0,120.5,46
2027-04-10 10:00:00,204.0,215.6,78.2,125.8,52
2027-04-10 11:00:00,201.6,223.2,76.7,124.9,42
2027-04-10 12:00:00,200.2,226.6,80.5,119.7,56
2027-04-10 13:00:00,208.7,204.4,82.6,126.1,49
2027-04-10 14:00:00,189.5,213.8,78.8,110.7,41
2027-04-10 15:00:00,200.0,207.8,81.5,118.5,52
2027-04-10 16:00:00,209.9,210.6,78.2,131.7,56
2027-04-10 17:00:00,200.1,216.8,78.2,121.9,49
2027-04-10 18:00:00,204.4,217.4,80.3,124.1,43
2027-04-10 19:00:00,202.3,221.4,75.0,127.3,51
2027-04-10 20:00:00,213.4,211.8,79.3,134.1,58
2027-04-10 21:00:00,202.6,216.2,81.8,120.8,42
2027-04-10 22:00:00,208.8,220.2,77.8,131.0,57
2027-04-10 23:00:00,209.9,222.0,79.1,130.8,55
2027-04-11 00:00:00,197.2,208.6,82.5,114.7,49
2027-04-11 01:00:00,202.1,219.8,80.6,121.5,53
2027-04-11 02:00:00,214.7,210.8,80.2,134.5,57
2027-04-11 03:00:00,201.9,223.8,77.6,124.3,43
2027-04-11 04:00:00,210.1,215.6,81.4,128.7,53
2027-04-11 05:00:00,201.2,227.0,77.4,123.8,56
2027-04-11 06:00:00,205.2,213.8,78.8,126.4,44
2027-04-11 07:00:00,201.1,214.2,79.7,121.4,46
2027-04-11 08:00:00,209.5,218.8,81.2,128.3,54
2027-04-11 09:00:00,199.4,203.6,79.8,119.6,50
2027-04-11 10:00:00,206.0,216.8,80.4,125.6,41
2027-04-11 11:00:00,204.0,206.6,83.1,120.9,50
2027-04-11 12:00:00,200.1,217.8,80.2,119.9,47
2027-04-11 13:00:00,203.7,220.6,80.8,122.9,47
2027-04-11 14:00:00,200.1,217.4,80.1,120.0,43
2027-04-11 15:00:00,207.0,216.8,81.1,125.9,59
2027-04-11 16:00:00,197.6,209.0,79.8,117.8,51
2027-04-11 17:00:00,204.1,204.8,77.6,126.5,49
2027-04-11 18:00:00,209.0,212.0,79.7,129.3,53
2027-04-11 19:00:00,200.1,203.2,81.9,118.2,48
2027-04-11 20:00:00,210.4,217.6,78.4,132.0,56
2027-04-11 21:00:00,201.3,215.2,78.5,122.8,41
2027-04-11 22:00:00,201.7,218.4,79.2,122.5,46
2027-04-11 23:00:00,210.4,210.2,83.5,126.9,50
2027-04-12 00:00:00,204.8,209.0,83.9,120.9,40
2027-04-12 01:00:00,198.2,216.4,82.1,116.1,45
2027-04-12 02:00:00,203.6,219.0,78.6,125.0,54
2027-04-12 03:00:00,198.1,221.0,79.3,118.8,48
2027-04-12 04:00:00,209.1,224.2,79.6,129.5,58
2027-04-12 05:00:00,194.4,225.2,79.4,115.0,41
2027-04-12 06:00:00,201.7,214.8,77.8,123.9,48
2027-04-12 07:00:00,207.1,219.2,83.7,123.4,54
2027-04-12 08:00:00,205.4,212.2,77.8,127.6,42
2027-04-12 09:00:00,205.1,214.0,78.1,127.0,57
2027-04-12 10:00:00,208.6,215.6,81.3,127.3,47
2027-04-12 11:00:00,200.0,210.0,81.2,118.8,50
2027-04-12 12:00:00,207.9,224.4,78.0,129.9,48
2027-04-12 13:00:00,209.6,210.2,79.5,130.1,56
2027-04-12 14:00:00,203.4,209.8,79.3,124.1,53
2027-04-12 15:00:00,206.2,217.8,78.9,127.3,56
2027-04-12 16:00:00,203.7,210.8,81.7,122.0,45
2027-04-12 17:00:00,198.5,214.2,75.4,123.1,51
2027-04-12 18:00:00,211.8,220.8,74.8,137.0,52
2027-04-12 19:00:00,196.8,210.0,81.7,115.1,49
2027-04-12 20:00:00,203.0,211.6,78.7,124.3,58
2027-04-12 21:00:00,207.8,217.2,79.5,128.3,58
2027-04-12 22:00:00,210.8,216.6,78.6,132.2,57
2027-04-12 23:00:00,197.9,214.0,77.1,120.8,51
2027-04-13 00:00:00,210.7,215.0,81.2,129.5,46
2027-04-13 01:00:00,208.8,217.2,76.5,132.3,55
2027-04-13 02:00:00,202.8,217.8,81.6,121.2,57
2027-04-13 03:00:00,206.8,211.6,79.6,127.2,44
2027-04-13 04:00:00,204.9,215.2,77.3,127.6,51
2027-04-13 05:00:00,205.7,212.2,80.9,124.8,54
2027-04-13 06:00:00,211.0,204.4,79.9,131.1,58
2027-04-13 07:00:00,202.8,220.2,80.5,122.3,41
2027-04-13 08:00:00,210.1,216.2,81.6,128.5,53
2027-04-13 09:00:00,212.6,226.0,81.2,131.4,43
2027-04-13 10:00:00,210.3,210.0,79.0,131.3,59
2027-04-13 11:00:00,199.8,218.0,82.2,117.6,42
2027-04-13 12:00:00,206.4,220.6,80.2,126.2,50
2027-04-13 13:00:00,202.7,228.6,76.4,126.3,54
2027-04-13 14:00:00,223.2,213.4,81.6,141.6,59
2027-04-13 15:00:00,196.4,225.6,81.0,115.4,45
2027-04-13 16:00:00,199.1,228.2,81.0,118.1,42
2027-04-13 17:00:00,205.5,209.2,81.3,124.2,50
2027-04-13 18:00:00,209.3,218.8,80.9,128.4,54
2027-04-13 19:00:00,208.8,220.2,77.2,131.6,45
2027-04-13 20:00:00,211.0,214.8,83.8,127.2,47
2027-04-13 21:00:00,192.6,220.0,74.4,118.2,42
2027-04-13 22:00:00,200.4,220.8,78.9,121.5,43
2027-04-13 23:00:00,210.0,216.0,78.1,131.9,49
2027-04-14 00:00:00,204.4,222.0,77.7,126.7,48
2027-04-14 01:00:00,201.7,222.4,78.8,122.9,55
2027-04-14 02:00:00,208.4,212.2,79.1,129.3,56
2027-04-14 03:00:00,194.4,207.4,75.0,119.4,42
2027-04-14 04:00:00,203.8,220.6,80.7,123.1,44
2027-04-14 05:00:00,200.8,214.4,77.9,122.9,57
2027-04-14 06:00:00,204.3,220.0,79.5,124.8,55
2027-04-14 07:00:00,200.1,222.4,80.0,120.1,40
2027-04-14 08:00:00,202.7,225.8,80.8,121.9,44
2027-04-14 09:00:00,211.1,223.0,79.5,131.6,48
2027-04-14 10:00:00,213.5,209.8,80.6,132.9,53
2027-04-14 11:00:00,206.3,221.4,81.4,124.9,54
2027-04-14 12:00:00,213.2,218.4,80.3,132.9,53
2027-04-14 13:00:00,209.9,223.2,84.3,125.6,50
2027-04-14 14:00:00,205.4,205.6,81.9,123.5,44
2027-04-14 15:00:00,197.9,225.6,80.5,117.4,42
2027-04-14 16:00:00,204.2,216.4,79.5,124.7,48
2027-04-14 17:00:00,210.8,217.2,78.7,132.1,57
2027-04-14 18:00:00,201.1,217.2,79.0,122.1,52
2027-04-14 19:00:00,212.3,219.6,78.6,133.7,58
2027-04-14 20:00:00,211.1,217.0,83.4,127.7,52
2027-04-14 21:00:00,204.3,215.6,73.8,130.5,47
2027-04-14 22:00:00,201.2,220.6,83.1,118.1,57
2027-04-14 23:00:00,206.0,223.2,82.1,123.9,52
2027-04-15 00:00:00,201.9,211.4,80.2,121.7,46
2027-04-15 01:00:00,200.5,223.4,78.7,121.8,40
2027-04-15 02:00:00,212.1,210.2,82.5,129.6,48
2027-04-15 03:00:00,204.4,217.2,82.6,121.8,47
2027-04-15 04:00:00,199.7,212.0,77.8,121.9,56
2027-04-15 05:00:00,198.8,221.2,78.5,120.3,57
2027-04-15 06:00:00,200.0,209.6,77.2,122.8,41
2027-04-15 07:00:00,197.7,215.6,79.9,117.8,40
2027-04-15 08:00:00,202.8,217.0,77.9,124.9,40
2027-04-15 09:00:00,199.6,217.0,80.0,119.6,41
2027-04-15 10:00:00,211.6,207.2,80.3,131.3,58
2027-04-15 11:00:00,208.2,221.6,75.8,132.4,49
2027-04-15 12:00:00,201.6,211.4,82.0,119.6,49
2027-04-15 13:00:00,210.3,210.4,78.6,131.7,50
2027-04-15 14:00:00,207.8,220.6,81.2,126.6,42
2027-04-15 15:00:00,198.7,221.4,78.9,119.8,44
2027-04-15 16:00:00,207.7,226.2,80.2,127.5,46
2027-04-15 17:00:00,208.0,217.8,84.1,123.9,49
2027-04-15 18:00:00,205.1,211.6,81.8,123.3,51
2027-04-15 19:00:00,202.6,216.8,79.4,123.2,49
2027-04-15 20:00:00,203.6,215.6,79.6,124.0,53
2027-04-15 21:00:00,205.5,208.0,80.9,124.6,48
2027-04-15 22:00:00,206.0,218.0,81.6,124.4,51
2027-04-15 23:00:00,209.4,227.4,82.4,127.0,50
2027-04-16 00:00:00,213.7,217.0,82.0,131.7,50
2027-04-16 01:00:00,203.5,215.8,75.4,128.1,50
2027-04-16 02:00:00,200.5,225.8,79.4,121.1,41
2027-04-16 03:00:00,200.0,204.2,79.5,120.5,46
2027-04-16 04:00:00,201.5,221.8,78.5,123.0,47
2027-04-16 05:00:00,189.1,220.2,79.4,109.7,45
2027-04-16 06:00:00,199.1,217.6,80.1,119.0,46
2027-04-16 07:00:00,209.9,214.6,78.1,131.8,58
2027-04-16 08:00:00,217.1,231.6,84.5,132.6,51
2027-04-16 09:00:00,214.6,220.6,83.3,131.3,56
2027-04-16 10:00:00,205.7,220.8,80.2,125.5,58
2027-04-16 11:00:00,206.0,217.8,81.3,124.7,53
2027-04-16 12:00:00,206.7,231.2,77.8,128.9,54
2027-04-16 13:00:00,200.0,216.2,80.8,119.2,42
2027-04-16 14:00:00,202.3,214.4,76.7,125.6,52
2027-04-16 15:00:00,208.2,224.0,78.9,129.3,58
2027-04-16 16:00:00,206.7,222.2,80.4,126.3,42
2027-04-16 17:00:00,207.2,229.8,80.9,126.3,50
2027-04-16 18:00:00,219.8,226.2,81.0,138.8,55
2027-04-16 19:00:00,216.7,224.0,79.7,137.0,58
2027-04-16 20:00:00,197.4,213.0,80.8,116.6,48
2027-04-16 21:00:00,203.3,224.8,82.4,120.9,53
2027-04-16 22:00:00,200.1,214.6,80.8,119.3,45
2027-04-16 23:00:00,200.3,217.4,76.2,124.1,55
2027-04-17 00:00:00,195.0,220.0,80.0,115.0,41
2027-04-17 01:00:00,207.5,215.0,77.8,129.7,48
2027-04-17 02:00:00,207.7,214.8,82.5,125.2,41
2027-04-17 03:00:00,201.2,226.8,83.2,118.0,45
2027-04-17 04:00:00,209.7,228.8,79.1,130.6,52
2027-04-17 05:00:00,204.3,213.2,83.0,121.3,49
2027-04-17 06:00:00,207.8,221.2,82.1,125.7,42
2027-04-17 07:00:00,200.7,226.4,80.3,120.4,46
2027-04-17 08:00:00,209.6,219.2,82.2,127.4,43
2027-04-17 09:00:00,195.7,226.4,79.0,116.7,43
2027-04-17 10:00:00,202.6,227.4,78.9,123.7,43
2027-04-17 11:00:00,203.2,224.6,75.5,127.7,57
2027-04-17 12:00:00,208.9,224.0,80.8,128.1,57
2027-04-17 13:00:00,197.8,219.6,75.6,122.2,43
2027-04-17 14:00:00,197.6,210.6,77.3,120.3,40
2027-04-17 15:00:00,207.0,220.4,81.2,125.8,51
2027-04-17 16:00:00,210.0,227.0,81.0,129.0,45
2027-04-17 17:00:00,206.7,224.2,81.2,125.5,48
2027-04-17 18:00:00,203.7,223.0,82.3,121.4,40
2027-04-17 19:00:00,206.5,224.4,81.6,124.9,59
2027-04-17 20:00:00,208.2,221.4,79.5,128.7,50
2027-04-17 21:00:00,204.8,215.0,78.1,126.7,46
2027-04-17 22:00:00,200.5,220.8,79.9,120.6,40
2027-04-17 23:00:00,209.5,226.0,79.5,130.0,47
2027-04-18 00:00:00,201.8,222.6,79.9,121.9,58
2027-04-18 01:00:00,198.5,222.4,81.0,117.5,42
2027-04-18 02:00:00,208.4,231.2,83.1,125.3,43
2027-04-18 03:00:00,202.4,228.4,79.1,123.3,41
2027-04-18 04:00:00,196.4,219.0,79.7,116.7,50
2027-04-18 05:00:00,201.9,223.2,82.1,119.8,47
2027-04-18 06:00:00,194.6,213.6,77.8,116.8,41
2027-04-18 07:00:00,225.6,220.4,80.7,144.9,59
2027-04-18 08:00:00,212.0,219.6,81.9,130.1,58
2027-04-18 09:00:00,201.4,217.2,77.1,124.3,47
2027-04-18 10:00:00,202.2,220.0,84.2,118.0,45
2027-04-18 11:00:00,203.9,228.8,80.7,123.2,49
2027-04-18 12:00:00,210.3,212.4,75.5,134.8,51
2027-04-18 13:00:00,199.0,227.2,79.6,119.4,52
2027-04-18 14:00:00,207.5,224.8,78.4,129.1,47
2027-04-18 15:00:00,202.7,225.2,84.9,117.8,44
2027-04-18 16:00:00,212.9,219.8,82.5,130.4,53
2027-04-18 17:00:00,213.8,224.4,79.3,134.5,52
2027-04-18 18:00:00,211.4,226.2,80.3,131.1,57
2027-04-18 19:00:00,201.2,223.4,78.7,122.5,42
2027-04-18 20:00:00,208.0,219.0,75.7,132.3,52
2027-04-18 21:00:00,206.0,216.2,77.9,128.1,44
2027-04-18 22:00:00,199.3,211.0,79.1,120.2,45
2027-04-18 23:00:00,210.0,223.0,83.3,126.7,43
2027-04-19 00:00:00,210.0,222.8,82.1,127.9,57
2027-04-19 01:00:00,203.3,225.0,82.6,120.7,49
2027-04-19 02:00:00,197.6,216.4,78.2,119.4,40
2027-04-19 03:00:00,199.3,223.2,80.8,118.5,45
2027-04-19 04:00:00,210.2,211.6,81.7,128.5,56
2027-04-19 05:00:00,208.4,233.0,83.2,125.2,46
2027-04-19 06:00:00,193.9,218.2,78.8,115.1,43
2027-04-19 07:00:00,212.7,222.8,81.0,131.7,46
2027-04-19 08:00:00,216.2,222.6,83.8,132.4,54
2027-04-19 09:00:00,202.0,217.2,79.5,122.5,58
2027-04-19 10:00:00,209.4,222.6,80.3,129.1,45
2027-04-19 11:00:00,198.7,231.4,78.4,120.3,54
2027-04-19 12:00:00,206.1,222.8,79.1,127.0,48
2027-04-19 13:00:00,198.4,218.4,79.8,118.6,54
2027-04-19 14:00:00,208.5,221.0,84.4,124.1,54
2027-04-19 15:00:00,199.2,221.4,80.4,118.8,42
2027-04-19 16:00:00,205.0,228.0,81.5,123.5,42
2027-04-19 17:00:00,206.6,224.4,78.6,128.0,52
2027-04-19 18:00:00,213.4,219.6,80.7,132.7,55
2027-04-19 19:00:00,207.1,223.2,80.9,126.2,48
2027-04-19 20:00:00,203.9,220.4,79.6,124.3,43
2027-04-19 21:00:00,207.0,214.4,82.4,124.6,50
2027-04-19 22:00:00,199.2,225.2,80.7,118.5,47
2027-04-19 23:00:00,208.1,214.8,81.6,126.5,57
2027-04-20 00:00:00,211.7,222.0,79.7,132.0,45
2027-04-20 01:00:00,198.7,231.2,82.2,116.5,53
2027-04-20 02:00:00,208.3,211.4,79.5,128.8,42
2027-04-20 03:00:00,213.3,220.2,78.2,135.1,44
2027-04-20 04:00:00,206.2,215.0,79.7,126.5,53
2027-04-20 05:00:00,207.9,217.4,77.9,130.0,59
2027-04-20 06:00:00,206.2,215.8,78.9,127.3,58
2027-04-20 07:00:00,201.0,214.2,77.3,123.7,40
2027-04-20 08:00:00,201.8,228.4,80.7,121.1,56
2027-04-20 09:00:00,206.2,217.2,81.2,125.0,50
2027-04-20 10:00:00,208.7,225.4,80.2,128.5,46
2027-04-20 11:00:00,199.7,220.2,79.0,120.7,40
2027-04-20 12:00:00,199.8,213.6,77.6,122.2,43
2027-04-20 13:00:00,205.6,217.4,80.3,125.3,55
2027-04-20 14:00:00,208.4,211.0,77.8,130.6,58
2027-04-20 15:00:00,203.0,215.0,81.7,121.3,44
2027-04-20 16:00:00,215.7,223.6,78.1,137.6,54
2027-04-20 17:00:00,207.5,226.0,77.8,129.7,58
2027-04-20 18:00:00,207.0,220.2,82.6,124.4,50
2027-04-20 19:00:00,195.4,228.6,76.5,118.9,42
2027-04-20 20:00:00,199.4,222.6,80.9,118.5,45
2027-04-20 21:00:00,193.0,221.4,79.9,113.1,42
2027-04-20 22:00:00,206.3,223.8,79.3,127.0,56
2027-04-20 23:00:00,197.2,218.8,77.5,119.7,49
2027-04-21 00:00:00,209.6,213.4,80.5,129.1,45
2027-04-21 01:00:00,204.5,219.0,78.8,125.7,52
2027-04-21 02:00:00,207.4,226.4,78.0,129.4,47
2027-04-21 03:00:00,199.1,220.6,79.0,120.1,42
2027-04-21 04:00:00,199.1,224.4,75.3,123.8,44
2027-04-21 05:00:00,211.6,220.6,80.3,131.3,54
2027-04-21 06:00:00,206.8,215.6,81.5,125.3,49
2027-04-21 07:00:00,204.4,216.2,80.9,123.5,58
2027-04-21 08:00:00,206.3,222.0,80.0,126.3,41
2027-04-21 09:00:00,200.0,218.8,79.1,120.9,56
2027-04-21 10:00:00,198.6,230.0,79.3,119.3,41
2027-04-21 11:00:00,195.8,226.0,80.3,115.5,48
2027-04-21 12:00:00,207.2,219.4,79.2,128.0,54
2027-04-21 13:00:00,211.1,224.8,81.5,129.6,50
2027-04-21 14:00:00,203.0,223.6,82.8,120.2,42
2027-04-21 15:00:00,210.6,229.2,82.1,128.5,58
2027-04-21 16:00:00,200.2,214.6,79.4,120.8,49
2027-04-21 17:00:00,212.1,227.2,79.6,132.5,57
2027-04-21 18:00:00,203.7,217.6,79.7,124.0,51
2027-04-21 19:00:00,203.8,222.8,79.6,124.2,48
2027-04-21 20:00:00,201.2,220.4,80.9,120.3,44
2027-04-21 21:00:00,201.2,221.0,76.9,124.3,46
2027-04-21 22:00:00,205.9,228.8,80.5,125.4,58
2027-04-21 23:00:00,199.7,230.2,78.7,121.0,41
2027-04-22 00:00:00,204.0,226.4,77.6,126.4,45
2027-04-22 01:00:00,195.4,232.6,80.8,114.6,40
2027-04-22 02:00:00,208.5,231.0,79.4,129.1,56
2027-04-22 03:00:00,207.7,222.2,78.6,129.1,59
2027-04-22 04:00:00,207.5,221.2,81.2,126.3,44
2027-04-22 05:00:00,203.0,211.2,82.6,120.4,50
2027-04-22 06:00:00,208.8,207.0,82.2,126.6,47
2027-04-22 07:00:00,206.9,226.4,78.4,128.5,58
2027-04-22 08:00:00,209.4,222.2,82.8,126.6,40
2027-04-22 09:00:00,196.0,220.2,79.5,116.5,50
2027-04-22 10:00:00,197.8,237.2,78.0,119.8,45
2027-04-22 11:00:00,206.3,214.4,79.9,126.4,43
2027-04-22 12:00:00,203.4,216.2,80.4,123.0,56
2027-04-22 13:00:00,193.7,231.0,79.1,114.6,43
2027-04-22 14:00:00,198.6,223.4,78.8,119.8,42
2027-04-22 15:00:00,203.1,230.0,83.0,120.1,40
2027-04-22 16:00:00,196.8,221.4,79.1,117.7,43
2027-04-22 17:00:00,202.0,226.4,76.4,125.6,56
2027-04-22 18:00:00,205.3,227.8,79.7,125.6,44
2027-04-22 19:00:00,201.8,223.4,81.3,120.5,47
2027-04-22 20:00:00,202.1,237.2,82.8,119.3,43
2027-04-22 21:00:00,208.1,226.6,79.9,128.2,47
2027-04-22 22:00:00,210.5,215.8,80.1,130.4,42
2027-04-22 23:00:00,217.3,230.4,78.0,139.3,59
2027-04-23 00:00:00,204.6,215.0,79.3,125.3,48
2027-04-23 01:00:00,208.3,227.6,81.2,127.1,53
2027-04-23 02:00:00,211.4,226.8,80.6,130.8,53
2027-04-23 03:00:00,193.8,215.4,78.0,115.8,42
2027-04-23 04:00:00,203.2,226.4,79.5,123.7,47
2027-04-23 05:00:00,207.6,227.4,80.4,127.2,46
2027-04-23 06:00:00,199.8,231.8,79.8,120.0,41
2027-04-23 07:00:00,206.0,227.2,76.5,129.5,43
2027-04-23 08:00:00,222.2,231.8,85.2,137.0,54
2027-04-23 09:00:00,198.1,225.0,79.9,118.2,40
2027-04-23 10:00:00,207.3,225.4,80.1,127.2,55
2027-04-23 11:00:00,208.0,235.2,82.8,125.2,44
2027-04-23 12:00:00,202.2,226.6,79.1,123.1,45
2027-04-23 13:00:00,214.2,218.4,80.1,134.1,54
2027-04-23 14:00:00,203.1,220.4,77.6,125.5,54
2027-04-23 15:00:00,199.7,216.8,82.3,117.4,46
2027-04-23 16:00:00,196.7,223.8,75.4,121.3,46
2027-04-23 17:00:00,187.3,219.2,78.2,109.1,45
2027-04-23 18:00:00,196.4,224.2,81.2,115.2,40
2027-04-23 19:00:00,204.3,218.4,77.6,126.7,47
2027-04-23 20:00:00,200.7,223.0,79.4,121.3,41
2027-04-23 21:00:00,207.5,227.0,81.7,125.8,48
2027-04-23 22:00:00,207.9,220.0,80.8,127.1,53
2027-04-23 23:00:00,199.9,219.0,78.9,121.0,46
2027-04-24 00:00:00,213.7,222.2,83.0,130.7,59
2027-04-24 01:00:00,206.9,226.0,81.0,125.9,53
2027-04-24 02:00:00,212.7,239.4,81.0,131.7,51
2027-04-24 03:00:00,201.6,218.0,77.9,123.7,50
2027-04-24 04:00:00,203.6,223.2,76.4,127.2,52
2027-04-24 05:00:00,203.5,221.8,77.0,126.5,57
2027-04-24 06:00:00,207.9,226.2,81.4,126.5,56
2027-04-24 07:00:00,203.0,231.4,76.4,126.6,53
2027-04-24 08:00:00,207.5,230.2,81.6,125.9,47
2027-04-24 09:00:00,210.3,231.2,78.6,131.7,58
2027-04-24 10:00:00,205.4,227.4,80.0,125.4,40
2027-04-24 11:00:00,200.9,231.2,78.4,122.5,45
2027-04-24 12:00:00,209.7,219.4,77.7,132.0,56
2027-04-24 13:00:00,213.1,227.2,79.2,133.9,58
2027-04-24 14:00:00,200.1,219.8,79.6,120.5,52
2027-04-24 15:00:00,219.2,219.2,81.1,138.1,59
2027-04-24 16:00:00,197.7,228.4,78.1,119.6,41
2027-04-24 17:00:00,208.6,233.0,78.5,130.1,52
2027-04-24 18:00:00,196.6,222.8,79.0,117.6,41
2027-04-24 19:00:00,210.7,237.8,79.0,131.7,58
2027-04-24 20:00:00,211.1,227.4,79.4,131.7,50
2027-04-24 21:00:00,200.7,229.2,76.4,124.3,52
2027-04-24 22:00:00,200.5,236.4,81.4,119.1,43
2027-04-24 23:00:00,201.8,229.6,79.5,122.3,46
2027-04-25 00:00:00,204.6,232.2,79.6,125.0,50
2027-04-25 01:00:00,205.6,212.4,82.1,123.5,44
2027-04-25 02:00:00,205.8,235.4,83.6,122.2,48
2027-04-25 03:00:00,211.3,222.2,82.3,129.0,56
2027-04-25 04:00:00,197.6,234.0,81.1,116.5,40
2027-04-25 05:00:00,198.5,230.0,80.5,118.0,44
2027-04-25 06:00:00,223.7,234.0,81.4,142.3,59
2027-04-25 07:00:00,202.9,226.8,83.1,119.8,42
2027-04-25 08:00:00,215.5,224.8,78.8,136.7,55
2027-04-25 09:00:00,203.5,218.8,84.3,119.2,44
2027-04-25 10:00:00,200.6,226.2,82.5,118.1,45
2027-04-25 11:00:00,195.1,219.4,80.4,114.7,42
2027-04-25 12:00:00,199.3,224.2,79.6,119.7,45
2027-04-25 13:00:00,206.5,233.4,80.2,126.3,57
2027-04-25 14:00:00,214.5,225.2,83.7,130.8,57
2027-04-25 15:00:00,203.3,233.0,76.4,126.9,52
2027-04-25 16:00:00,203.7,227.4,80.7,123.0,44
2027-04-25 17:00:00,194.4,235.2,81.1,113.3,41
2027-04-25 18:00:00,204.6,228.4,80.6,124.0,58
2027-04-25 19:00:00,205.4,229.6,80.8,124.6,44
2027-04-25 20:00:00,197.4,219.0,80.0,117.4,43
2027-04-25 21:00:00,205.3,236.2,80.5,124.8,44
2027-04-25 22:00:00,205.5,219.6,79.3,126.2,46
2027-04-25 23:00:00,197.7,226.0,79.4,118.3,42
2027-04-26 00:00:00,201.0,225.8,81.1,119.9,43
2027-04-26 01:00:00,203.2,225.0,80.2,123.0,44
2027-04-26 02:00:00,214.8,232.6,81.0,133.8,55
2027-04-26 03:00:00,215.1,232.6,82.4,132.7,58
2027-04-26 04:00:00,221.7,233.8,81.9,139.8,58
2027-04-26 05:00:00,204.4,220.2,79.6,124.8,50
2027-04-26 06:00:00,205.5,241.4,82.2,123.3,46
2027-04-26 07:00:00,205.3,229.6,83.5,121.8,47
2027-04-26 08:00:00,202.1,219.2,80.0,122.1,40
2027-04-26 09:00:00,199.4,237.2,78.6,120.8,47
2027-04-26 10:00:00,194.6,227.8,78.3,116.3,40
2027-04-26 11:00:00,202.3,223.4,78.4,123.9,59
2027-04-26 12:00:00,200.7,238.0,76.5,124.2,40
2027-04-26 13:00:00,196.7,222.8,78.8,117.9,48
2027-04-26 14:00:00,206.0,230.8,77.7,128.3,47
2027-04-26 15:00:00,201.2,231.6,77.7,123.5,54
2027-04-26 16:00:00,209.9,226.2,76.3,133.6,56
2027-04-26 17:00:00,198.0,228.4,81.0,117.0,40
2027-04-26 18:00:00,199.4,223.6,78.8,120.6,42
2027-04-26 19:00:00,211.9,227.8,81.4,130.5,57
2027-04-26 20:00:00,193.8,224.4,78.3,115.5,52
2027-04-26 21:00:00,195.7,225.2,77.6,118.1,41
2027-04-26 22:00:00,201.0,225.4,83.2,117.8,41
2027-04-26 23:00:00,216.1,229.4,79.3,136.8,58
2027-04-27 00:00:00,209.3,229.6,79.3,130.0,44
2027-04-27 01:00:00,205.1,217.6,79.3,125.8,59
2027-04-27 02:00:00,206.7,221.8,77.5,129.2,52
2027-04-27 03:00:00,199.7,234.8,77.3,122.4,59
2027-04-27 04:00:00,201.1,227.2,79.7,121.4,58
2027-04-27 05:00:00,211.2,233.4,86.6,124.6,46
2027-04-27 06:00:00,196.4,219.6,79.3,117.1,47
2027-04-27 07:00:00,207.5,223.6,80.0,127.5,55
2027-04-27 08:00:00,206.0,222.2,85.2,120.8,49
2027-04-27 09:00:00,210.5,223.2,79.9,130.6,50
2027-04-27 10:00:00,210.3,223.8,83.2,127.1,49
2027-04-27 11:00:00,204.2,223.2,80.5,123.7,47
2027-04-27 12:00:00,204.7,227.8,81.3,123.4,51
2027-04-27 13:00:00,207.8,214.4,78.0,129.8,44
2027-04-27 14:00:00,200.6,226.2,78.9,121.7,49
2027-04-27 15:00:00,205.2,236.4,80.3,124.9,47
2027-04-27 16:00:00,205.5,232.4,80.8,124.7,57
2027-04-27 17:00:00,191.7,234.2,79.5,112.2,40
2027-04-27 18:00:00,202.2,236.6,74.8,127.4,47
2027-04-27 19:00:00,202.0,221.6,80.3,121.7,54
2027-04-27 20:00:00,210.9,233.0,80.7,130.2,48
2027-04-27 21:00:00,198.1,224.8,77.9,120.2,55
2027-04-27 22:00:00,194.5,224.2,80.4,114.1,44
2027-04-27 23:00:00,199.8,222.6,80.9,118.9,42
2027-04-28 00:00:00,183.2,228.8,78.2,105.0,46
2027-04-28 01:00:00,199.7,238.2,79.2,120.5,47
2027-04-28 02:00:00,214.2,225.8,81.0,133.2,51
2027-04-28 03:00:00,203.3,232.2,80.5,122.8,50
2027-04-28 04:00:00,202.9,228.8,76.9,126.0,51
2027-04-28 05:00:00,203.8,235.4,82.4,121.4,45
2027-04-28 06:00:00,201.4,232.0,76.7,124.7,48
2027-04-28 07:00:00,213.6,221.2,79.9,133.7,57
2027-04-28 08:00:00,216.1,221.8,80.7,135.4,55
2027-04-28 09:00:00,206.2,229.8,78.9,127.3,52
2027-04-28 10:00:00,208.1,232.0,80.6,127.5,59
2027-04-28 11:00:00,205.6,218.2,80.4,125.2,47
2027-04-28 12:00:00,191.6,216.0,78.7,112.9,52
2027-04-28 13:00:00,201.5,228.4,81.2,120.3,54
2027-04-28 14:00:00,205.6,229.8,80.4,125.2,52
2027-04-28 15:00:00,208.1,234.6,79.5,128.6,52
2027-04-28 16:00:00,199.6,224.0,77.1,122.5,52
2027-04-28 17:00:00,193.2,228.0,77.5,115.7,44
2027-04-28 18:00:00,197.6,226.4,81.5,116.1,40
2027-04-28 19:00:00,206.6,226.6,82.6,124.0,42
2027-04-28 20:00:00,211.7,232.0,81.7,130.0,54
2027-04-28 21:00:00,205.3,225.8,80.2,125.1,47
2027-04-28 22:00:00,201.6,238.6,77.5,124.1,52
2027-04-28 23:00:00,212.8,225.0,76.7,136.1,59
2027-04-29 00:00:00,214.3,229.0,82.3,132.0,54
2027-04-29 01:00:00,207.5,228.2,79.5,128.0,46
2027-04-29 02:00:00,198.2,236.0,78.7,119.5,41
2027-04-29 03:00:00,202.9,230.2,81.4,121.5,54
2027-04-29 04:00:00,212.6,234.0,81.4,131.2,48
2027-04-29 05:00:00,208.5,228.8,80.9,127.6,59
2027-04-29 06:00:00,207.4,241.2,80.8,126.6,59
2027-04-29 07:00:00,203.2,227.4,81.1,122.1,54
2027-04-29 08:00:00,217.0,233.6,80.8,136.2,50
2027-04-29 09:00:00,220.9,226.4,80.8,140.1,56
2027-04-29 10:00:00,208.8,236.0,81.7,127.1,55
2027-04-29 11:00:00,198.9,224.6,76.3,122.6,55
2027-04-29 12:00:00,203.2,227.2,80.0,123.2,47
2027-04-29 13:00:00,200.2,226.2,79.5,120.7,43
2027-04-29 14:00:00,208.4,227.8,81.1,127.3,41
2027-04-29 15:00:00,202.8,235.6,77.9,124.9,59
2027-04-29 16:00:00,211.2,224.2,81.4,129.8,51
2027-04-29 17:00:00,216.1,225.4,78.9,137.2,47
2027-04-29 18:00:00,196.5,226.4,80.9,115.6,46
2027-04-29 19:00:00,199.8,231.6,84.5,115.3,41
2027-04-29 20:00:00,208.1,222.6,80.6,127.5,45
2027-04-29 21:00:00,199.2,236.4,84.2,115.0,44
2027-04-29 22:00:00,194.2,225.0,79.2,115.0,44
2027-04-29 23:00:00,206.0,228.4,81.1,124.9,45
2027-04-30 00:00:00,205.6,232.8,79.8,125.8,24
2027-04-30 01:00:00,195.2,238.0,81.6,113.6,29
2027-04-30 02:00:00,193.6,230.0,78.2,115.4,30
2027-04-30 03:00:00,190.0,229.4,79.4,110.6,26
2027-04-30 04:00:00,188.1,217.6,81.1,107.0,21
2027-04-30 05:00:00,188.7,229.6,78.6,110.1,28
2027-04-30 06:00:00,191.3,232.2,80.1,111.2,33
2027-04-30 07:00:00,195.9,223.6,83.7,112.2,25
2027-04-30 08:00:00,195.5,232.8,83.8,111.7,27
2027-04-30 09:00:00,203.5,233.6,81.6,121.9,27
2027-04-30 10:00:00,194.9,230.4,79.4,115.5,29
2027-04-30 11:00:00,194.0,238.4,81.0,113.0,24
2027-04-30 12:00:00,194.5,232.2,79.8,114.7,27
2027-04-30 13:00:00,195.1,228.8,79.8,115.3,32
2027-04-30 14:00:00,204.9,223.8,78.2,126.7,32
2027-04-30 15:00:00,188.8,228.2,79.0,109.8,21
2027-04-30 16:00:00,192.5,228.8,81.9,110.6,21
2027-04-30 17:00:00,186.1,233.8,82.0,104.1,23
2027-04-30 18:00:00,185.8,223.0,77.5,108.3,28
2027-04-30 19:00:00,197.8,241.0,81.2,116.6,28
2027-04-30 20:00:00,196.7,226.8,82.1,114.6,32
2027-04-30 21:00:00,187.2,228.6,81.8,105.4,24
2027-04-30 22:00:00,200.9,232.4,79.1,121.8,31
2027-04-30 23:00:00,199.8,229.6,81.7,118.1,28
2027-05-01 00:00:00,200.4,226.0,82.0,118.4,25
2027-05-01 01:00:00,198.1,229.8,78.2,119.9,33
2027-05-01 02:00:00,196.7,239.6,80.9,115.8,21
2027-05-01 03:00:00,187.8,216.4,79.6,108.2,28
2027-05-01 04:00:00,192.3,225.2,82.1,110.2,27
2027-05-01 05:00:00,201.1,223.6,80.2,120.9,31
2027-05-01 06:00:00,199.4,224.8,81.6,117.8,29
2027-05-01 07:00:00,193.8,228.6,83.4,110.4,24
2027-05-01 08:00:00,189.7,231.8,83.9,105.8,21
2027-05-01 09:00:00,209.2,236.0,82.0,127.2,27
2027-05-01 10:00:00,187.9,226.2,79.6,108.3,20
2027-05-01 11:00:00,202.2,232.0,83.0,119.2,26
2027-05-01 12:00:00,190.7,223.6,77.2,113.5,23
2027-05-01 13:00:00,190.0,233.2,79.7,110.3,25
2027-05-01 14:00:00,188.5,228.4,80.0,108.5,33
2027-05-01 15:00:00,192.9,231.0,80.4,112.5,24
2027-05-01 16:00:00,198.9,234.4,81.4,117.5,31
2027-05-01 17:00:00,188.7,224.8,81.3,107.4,25
2027-05-01 18:00:00,187.5,232.2,77.3,110.2,21
2027-05-01 19:00:00,192.2,229.6,81.3,110.9,20
2027-05-01 20:00:00,204.5,231.0,82.2,122.3,30
2027-05-01 21:00:00,200.1,228.2,78.6,121.5,30
2027-05-01 22:00:00,194.2,230.4,85.5,108.7,21
2027-05-01 23:00:00,193.7,223.0,80.2,113.5,32
2027-05-02 00:00:00,192.1,229.2,79.3,112.8,30
2027-05-02 01:00:00,203.8,245.2,82.5,121.3,25
2027-05-02 02:00:00,190.8,229.4,77.7,113.1,32
2027-05-02 03:00:00,196.9,225.6,80.4,116.5,33
2027-05-02 04:00:00,193.5,237.6,79.6,113.9,27
2027-05-02 05:00:00,186.8,233.4,81.8,105.0,28
2027-05-02 06:00:00,199.3,241.2,79.5,119.8,33
2027-05-02 07:00:00,194.6,236.2,81.2,113.4,28
2027-05-02 08:00:00,188.4,226.2,76.0,112.4,27
2027-05-02 09:00:00,182.7,233.8,75.3,107.4,34
2027-05-02 10:00:00,200.2,221.6,88.3,111.9,23
2027-05-02 11:00:00,188.5,232.4,77.8,110.7,20
2027-05-02 12:00:00,192.4,233.4,79.2,113.2,26
2027-05-02 13:00:00,194.1,225.0,80.7,113.4,33
2027-05-02 14:00:00,188.8,237.8,81.6,107.2,22
2027-05-02 15:00:00,190.1,216.0,78.8,111.3,33
2027-05-02 16:00:00,196.2,235.0,78.7,117.5,23
2027-05-02 17:00:00,193.1,233.2,77.2,115.9,29
2027-05-02 18:00:00,194.1,233.4,79.4,114.7,27
2027-05-02 19:00:00,191.6,229.0,81.2,110.4,25
2027-05-02 20:00:00,195.6,232.6,82.7,112.9,30
2027-05-02 21:00:00,192.0,226.4,78.6,113.4,23
2027-05-02 22:00:00,203.1,234.2,80.0,123.1,29
2027-05-02 23:00:00,190.3,236.6,78.2,112.1,34
2027-05-03 00:00:00,194.4,234.0,78.2,116.2,31
2027-05-03 01:00:00,189.0,239.0,83.0,106.0,32
2027-05-03 02:00:00,185.1,235.2,77.5,107.6,20
2027-05-03 03:00:00,186.8,228.2,79.2,107.6,21
2027-05-03 04:00:00,186.0,238.8,77.7,108.3,24
2027-05-03 05:00:00,191.2,233.4,79.9,111.3,31
2027-05-03 06:00:00,190.4,234.8,79.9,110.5,29
2027-05-03 07:00:00,193.7,228.0,82.7,111.0,30
2027-05-03 08:00:00,189.8,232.0,78.1,111.7,22
2027-05-03 09:00:00,198.0,226.4,81.9,116.1,26
2027-05-03 10:00:00,191.5,233.2,83.7,107.8,21
2027-05-03 11:00:00,196.3,229.2,78.6,117.7,31
2027-05-03 12:00:00,197.3,231.6,84.2,113.1,24
2027-05-03 13:00:00,199.6,227.0,82.1,117.5,33
2027-05-03 14:00:00,197.0,237.4,81.7,115.3,29
2027-05-03 15:00:00,189.8,238.0,77.8,112.0,30
2027-05-03 16:00:00,190.5,232.2,78.7,111.8,33
2027-05-03 17:00:00,188.1,228.8,80.0,108.1,22
2027-05-03 18:00:00,201.7,231.4,87.3,114.4,21
2027-05-03 19:00:00,193.6,231.4,78.5,115.1,32
2027-05-03 20:00:00,197.1,232.2,79.3,117.8,34
2027-05-03 21:00:00,199.3,228.4,81.8,117.5,33
2027-05-03 22:00:00,190.1,238.4,82.4,107.7,22
2027-05-03 23:00:00,188.4,231.2,81.9,106.5,24
2027-05-04 00:00:00,193.5,234.0,80.5,113.0,34
2027-05-04 01:00:00,196.3,227.2,80.3,116.0,25
2027-05-04 02:00:00,200.8,232.8,81.9,118.9,32
2027-05-04 03:00:00,199.8,227.6,83.7,116.1,25
2027-05-04 04:00:00,194.4,238.8,79.9,114.5,32
2027-05-04 05:00:00,190.2,236.6,79.2,111.0,27
2027-05-04 06:00:00,197.8,222.8,81.2,116.6,23
2027-05-04 07:00:00,190.2,228.6,81.6,108.6,22
2027-05-04 08:00:00,206.6,231.2,82.3,124.3,25
2027-05-04 09:00:00,195.5,222.6,81.1,114.4,20
2027-05-04 10:00:00,187.4,233.8,79.3,108.1,34
2027-05-04 11:00:00,207.8,236.6,79.8,128.0,33
2027-05-04 12:00:00,192.5,225.0,79.7,112.8,23
2027-05-04 13:00:00,186.0,233.6,80.5,105.5,20
2027-05-04 14:00:00,186.1,229.2,78.9,107.2,24
2027-05-04 15:00:00,192.8,237.6,77.0,115.8,26
2027-05-04 16:00:00,191.0,221.2,79.6,111.4,26
2027-05-04 17:00:00,193.1,243.0,82.2,110.9,24
2027-05-04 18:00:00,188.9,238.4,78.4,110.5,25
2027-05-04 19:00:00,190.6,229.6,79.8,110.8,26
2027-05-04 20:00:00,190.2,231.6,77.8,112.4,26
2027-05-04 21:00:00,198.6,219.6,78.2,120.4,34
2027-05-04 22:00:00,180.0,215.4,76.3,103.7,22
2027-05-04 23:00:00,191.6,234.6,78.5,113.1,25
2027-05-05 00:00:00,189.5,241.0,79.9,109.6,20
2027-05-05 01:00:00,192.6,230.2,77.9,114.7,30
2027-05-05 02:00:00,200.2,244.2,81.6,118.6,31
2027-05-05 03:00:00,192.0,233.2,79.6,112.4,25
2027-05-05 04:00:00,196.8,225.4,84.8,112.0,24
2027-05-05 05:00:00,189.5,228.4,78.8,110.7,20
2027-05-05 06:00:00,186.9,238.2,82.9,104.0,20
2027-05-05 07:00:00,190.2,225.6,77.2,113.0,27
2027-05-05 08:00:00,192.7,239.6,80.4,112.3,32
2027-05-05 09:00:00,191.9,234.6,82.6,109.3,21
2027-05-05 10:00:00,189.0,222.2,78.2,110.8,31
2027-05-05 11:00:00,183.9,233.0,82.2,101.7,22
2027-05-05 12:00:00,186.5,234.4,79.2,107.3,25
2027-05-05 13:00:00,194.9,229.0,79.8,115.1,26
2027-05-05 14:00:00,204.2,234.8,82.3,121.9,32
2027-05-05 15:00:00,199.8,221.0,81.6,118.2,25
2027-05-05 16:00:00,190.1,231.2,82.8,107.3,32
2027-05-05 17:00:00,195.8,227.0,83.7,112.1,24
2027-05-05 18:00:00,193.9,225.8,81.1,112.8,34
2027-05-05 19:00:00,191.1,243.8,79.0,112.1,31
2027-05-05 20:00:00,198.1,229.0,82.3,115.8,22
2027-05-05 21:00:00,200.9,235.0,80.7,120.2,22
2027-05-05 22:00:00,187.5,237.4,76.9,110.6,25
2027-05-05 23:00:00,191.9,234.6,80.0,111.9,23
2027-05-06 00:00:00,191.5,225.4,76.0,115.5,28
2027-05-06 01:00:00,180.2,234.8,74.7,105.5,24
2027-05-06 02:00:00,193.9,228.8,80.6,113.3,26
2027-05-06 03:00:00,191.1,225.6,77.6,113.5,26
2027-05-06 04:00:00,189.4,238.2,80.4,109.0,34
2027-05-06 05:00:00,190.2,240.0,77.9,112.3,21
2027-05-06 06:00:00,196.9,242.2,78.4,118.5,24
2027-05-06 07:00:00,195.9,231.6,80.8,115.1,24
2027-05-06 08:00:00,198.3,237.2,78.5,119.8,33
2027-05-06 09:00:00,191.7,241.4,77.0,114.7,21
2027-05-06 10:00:00,199.1,240.4,76.3,122.8,33
2027-05-06 11:00:00,192.6,234.2,79.2,113.4,32
2027-05-06 12:00:00,191.2,246.0,81.8,109.4,24
2027-05-06 13:00:00,195.1,229.6,79.5,115.6,34
2027-05-06 14:00:00,199.9,237.2,80.7,119.2,29
2027-05-06 15:00:00,203.9,239.0,80.7,123.2,25
2027-05-06 16:00:00,202.4,229.8,79.4,123.0,33
2027-05-06 17:00:00,197.8,232.0,77.9,119.9,32
2027-05-06 18:00:00,198.7,227.0,82.3,116.4,28
2027-05-06 19:00:00,187.2,228.0,78.9,108.3,24
2027-05-06 20:00:00,197.1,229.6,79.5,117.6,22
2027-05-06 21:00:00,190.4,231.8,83.1,107.3,31
2027-05-06 22:00:00,201.3,244.8,82.5,118.8,31
2027-05-06 23:00:00,183.9,229.2,79.2,104.7,23
2027-05-07 00:00:00,198.7,237.4,80.0,118.7,33
2027-05-07 01:00:00,190.9,233.6,78.9,112.0,21
2027-05-07 02:00:00,193.8,241.0,82.5,111.3,24
2027-05-07 03:00:00,192.2,235.8,80.5,111.7,29
2027-05-07 04:00:00,192.5,243.8,81.8,110.7,33
2027-05-07 05:00:00,195.0,228.6,83.5,111.5,22
2027-05-07 06:00:00,190.3,253.6,82.5,107.8,23
2027-05-07 07:00:00,197.5,230.0,81.4,116.1,25
2027-05-07 08:00:00,203.8,225.6,79.2,124.6,34
2027-05-07 09:00:00,188.5,242.6,76.8,111.7,28
2027-05-07 10:00:00,193.8,230.0,80.3,113.5,29
2027-05-07 11:00:00,203.3,229.8,78.8,124.5,34
2027-05-07 12:00:00,184.5,238.8,79.6,104.9,25
2027-05-07 13:00:00,192.4,225.8,78.1,114.3,32
2027-05-07 14:00:00,195.5,231.8,80.0,115.5,34
2027-05-07 15:00:00,191.4,230.2,81.4,110.0,23
2027-05-07 16:00:00,188.7,228.2,78.6,110.1,32
2027-05-07 17:00:00,199.0,233.0,79.2,119.8,34
2027-05-07 18:00:00,188.3,234.8,77.7,110.6,29
2027-05-07 19:00:00,191.6,232.4,78.2,113.4,32
2027-05-07 20:00:00,191.4,233.2,79.2,112.2,22
2027-05-07 21:00:00,189.4,236.2,81.2,108.2,33
2027-05-07 22:00:00,186.8,238.0,78.6,108.2,31
2027-05-07 23:00:00,187.1,241.4,77.3,109.8,24
2027-05-08 00:00:00,199.2,243.8,81.9,117.3,24
2027-05-08 01:00:00,199.8,235.8,83.3,116.5,20
2027-05-08 02:00:00,188.0,228.0,80.0,108.0,20
2027-05-08 03:00:00,199.5,240.8,80.6,118.9,28
2027-05-08 04:00:00,195.8,229.8,80.9,114.9,22
2027-05-08 05:00:00,190.1,226.8,79.9,110.2,31
2027-05-08 06:00:00,200.0,237.4,80.1,119.9,29
2027-05-08 07:00:00,200.4,236.8,79.2,121.2,32
2027-05-08 08:00:00,194.8,238.2,79.9,114.9,25
2027-05-08 09:00:00,200.3,231.2,81.1,119.2,25
2027-05-08 10:00:00,200.4,241.6,76.5,123.9,34
2027-05-08 11:00:00,188.2,243.0,79.5,108.7,27
2027-05-08 12:00:00,189.5,243.2,78.0,111.5,32
2027-05-08 13:00:00,201.6,251.8,81.0,120.6,27
2027-05-08 14:00:00,185.4,225.6,84.9,100.5,22
2027-05-08 15:00:00,201.3,234.2,80.5,120.8,30
2027-05-08 16:00:00,193.8,234.6,82.1,111.7,20
2027-05-08 17:00:00,198.3,241.8,82.9,115.4,29
2027-05-08 18:00:00,192.9,232.6,79.9,113.0,22
2027-05-08 19:00:00,181.6,238.2,79.2,102.4,22
2027-05-08 20:00:00,190.4,228.8,79.3,111.1,23
2027-05-08 21:00:00,186.0,228.4,80.4,105.6,23
2027-05-08 22:00:00,182.4,237.2,80.3,102.1,23
2027-05-08 23:00:00,187.9,235.2,79.5,108.4,26
2027-05-09 00:00:00,184.5,242.4,79.3,105.2,34
2027-05-09 01:00:00,192.3,231.8,80.0,112.3,25
2027-05-09 02:00:00,199.0,239.6,82.4,116.6,31
2027-05-09 03:00:00,192.1,230.8,79.6,112.5,22
2027-05-09 04:00:00,201.9,234.4,84.4,117.5,28
2027-05-09 05:00:00,192.4,240.8,82.6,109.8,34
2027-05-09 06:00:00,192.6,237.0,82.4,110.2,20
2027-05-09 07:00:00,199.9,237.6,83.5,116.4,33
2027-05-09 08:00:00,195.5,237.4,75.3,120.2,25
2027-05-09 09:00:00,188.7,239.4,78.9,109.8,25
2027-05-09 10:00:00,186.6,238.0,80.7,105.9,25
2027-05-09 11:00:00,190.2,230.6,79.9,110.3,34
2027-05-09 12:00:00,198.6,232.4,83.9,114.7,23
2027-05-09 13:00:00,193.4,229.8,83.1,110.3,25
2027-05-09 14:00:00,197.5,237.2,80.4,117.1,28
2027-05-09 15:00:00,188.6,228.4,76.8,111.8,24
2027-05-09 16:00:00,193.1,247.4,78.7,114.4,28
2027-05-09 17:00:00,192.0,226.6,79.7,112.3,23
2027-05-09 18:00:00,196.3,241.0,80.7,115.6,32
2027-05-09 19:00:00,204.7,239.6,82.5,122.2,34
2027-05-09 20:00:00,199.7,236.2,80.7,119.0,27
2027-05-09 21:00:00,189.4,241.4,80.4,109.0,24
2027-05-09 22:00:00,185.1,230.8,81.1,104.0,22
2027-05-09 23:00:00,183.6,228.8,78.6,105.0,22
2027-05-10 00:00:00,192.0,234.0,79.5,112.5,22
2027-05-10 01:00:00,202.8,239.2,82.5,120.3,31
2027-05-10 02:00:00,199.4,241.8,84.0,115.4,24
2027-05-10 03:00:00,186.3,228.8,77.6,108.7,23
2027-05-10 04:00:00,188.3,241.0,78.4,109.9,24
2027-05-10 05:00:00,183.6,236.4,81.0,102.6,31
2027-05-10 06:00:00,194.5,245.8,81.9,112.6,27
2027-05-10 07:00:00,192.8,237.6,78.0,114.8,20
2027-05-10 08:00:00,205.0,247.0,79.4,125.6,34
2027-05-10 09:00:00,188.9,231.4,81.0,107.9,30
2027-05-10 10:00:00,194.7,230.8,77.3,117.4,33
2027-05-10 11:00:00,192.1,236.2,80.8,111.3,31
2027-05-10 12:00:00,200.8,227.0,82.7,118.1,28
2027-05-10 13:00:00,182.6,235.4,80.9,101.7,29
2027-05-10 14:00:00,190.8,231.6,76.8,114.0,33
2027-05-10 15:00:00,184.4,229.2,80.6,103.8,20
2027-05-10 16:00:00,189.3,243.8,79.2,110.1,20
2027-05-10 17:00:00,200.3,239.4,82.1,118.2,30
2027-05-10 18:00:00,187.8,232.2,78.4,109.4,27
2027-05-10 19:00:00,195.1,218.2,79.9,115.2,26
2027-05-10 20:00:00,184.5,229.2,78.4,106.1,30
2027-05-10 21:00:00,191.8,229.0,81.0,110.8,23
2027-05-10 22:00:00,187.5,241.6,78.9,108.6,20
2027-05-10 23:00:00,184.9,231.2,78.3,106.6,26
2027-05-11 00:00:00,195.6,230.8,81.4,114.2,25
2027-05-11 01:00:00,180.1,233.4,75.2,104.9,29
2027-05-11 02:00:00,190.8,240.6,80.4,110.4,22
2027-05-11 03:00:00,191.4,237.0,77.8,113.6,30
2027-05-11 04:00:00,198.5,232.6,83.4,115.1,23
2027-05-11 05:00:00,192.6,231.4,80.9,111.7,28
2027-05-11 06:00:00,196.5,230.4,82.1,114.4,28
2027-05-11 07:00:00,202.5,241.6,81.8,120.7,26
2027-05-11 08:00:00,197.5,245.2,80.4,117.1,32
2027-05-11 09:00:00,195.0,235.6,79.7,115.3,31
2027-05-11 10:00:00,189.9,236.2,81.7,108.2,24
2027-05-11 11:00:00,199.1,244.6,76.9,122.2,29
2027-05-11 12:00:00,193.9,232.0,81.6,112.3,31
2027-05-11 13:00:00,191.3,235.2,77.5,113.8,31
2027-05-11 14:00:00,197.8,241.8,80.3,117.5,20
2027-05-11 15:00:00,190.0,230.4,80.3,109.7,26
2027-05-11 16:00:00,199.6,244.0,80.8,118.8,28
2027-05-11 17:00:00,193.3,225.0,79.2,114.1,25
2027-05-11 18:00:00,194.5,239.0,80.4,114.1,25
2027-05-11 19:00:00,199.6,233.6,79.7,119.9,26
2027-05-11 20:00:00,196.7,233.8,79.9,116.8,25
2027-05-11 21:00:00,192.7,243.6,80.8,111.9,27
2027-05-11 22:00:00,191.0,238.4,81.6,109.4,23
2027-05-11 23:00:00,190.3,240.4,82.4,107.9,25
2027-05-12 00:00:00,194.0,230.4,81.4,112.6,24
2027-05-12 01:00:00,188.3,229.4,79.6,108.7,30
2027-05-12 02:00:00,191.3,247.4,81.1,110.2,23
2027-05-12 03:00:00,193.5,246.4,81.5,112.0,28
2027-05-12 04:00:00,192.6,231.6,79.0,113.6,22
2027-05-12 05:00:00,194.6,249.2,80.3,114.3,22
2027-05-12 06:00:00,200.5,252.4,84.6,115.9,32
2027-05-12 07:00:00,195.9,237.0,78.7,117.2,28
2027-05-12 08:00:00,202.0,239.0,78.4,123.6,23
2027-05-12 09:00:00,194.5,238.0,79.3,115.2,29
2027-05-12 10:00:00,190.3,233.8,77.0,113.3,22
2027-05-12 11:00:00,197.7,242.2,80.6,117.1,27
2027-05-12 12:00:00,199.4,234.4,81.5,117.9,22
2027-05-12 13:00:00,197.0,246.0,79.2,117.8,29
2027-05-12 14:00:00,190.2,224.2,79.0,111.2,33
2027-05-12 15:00:00,202.6,246.0,84.9,117.7,27
2027-05-12 16:00:00,188.2,228.8,80.2,108.0,27
2027-05-12 17:00:00,191.6,247.6,79.7,111.9,26
2027-05-12 18:00:00,195.6,233.8,81.8,113.8,20
2027-05-12 19:00:00,193.7,236.4,77.3,116.4,27
2027-05-12 20:00:00,199.1,239.6,81.3,117.8,28
2027-05-12 21:00:00,194.1,241.0,78.5,115.6,34
2027-05-12 22:00:00,182.5,233.4,80.1,102.4,26
2027-05-12 23:00:00,187.1,233.0,80.8,106.3,20
2027-05-13 00:00:00,196.4,230.2,79.4,117.0,32
2027-05-13 01:00:00,189.2,232.2,79.8,109.4,30
2027-05-13 02:00:00,188.9,232.2,82.2,106.7,26
2027-05-13 03:00:00,189.3,240.6,81.4,107.9,20
2027-05-13 04:00:00,189.9,241.0,79.1,110.8,33
2027-05-13 05:00:00,200.9,240.6,83.9,117.0,32
2027-05-13 06:00:00,190.2,226.0,80.4,109.8,22
2027-05-13 07:00:00,184.9,233.2,78.8,106.1,22
2027-05-13 08:00:00,195.7,244.8,80.2,115.5,34
2027-05-13 09:00:00,191.0,246.2,78.5,112.5,24
2027-05-13 10:00:00,201.5,237.0,82.6,118.9,31
2027-05-13 11:00:00,191.5,228.0,79.8,111.7,34
2027-05-13 12:00:00,194.7,231.2,80.7,114.0,27
2027-05-13 13:00:00,195.9,237.6,79.2,116.7,21
2027-05-13 14:00:00,196.3,235.6,77.1,119.2,33
2027-05-13 15:00:00,192.4,243.0,77.7,114.7,20
2027-05-13 16:00:00,190.7,232.0,79.7,111.0,27
2027-05-13 17:00:00,205.0,236.8,81.1,123.9,24
2027-05-13 18:00:00,203.3,243.0,79.8,123.5,23
2027-05-13 19:00:00,202.3,241.8,80.1,122.2,23
2027-05-13 20:00:00,186.0,231.0,78.8,107.2,34
2027-05-13 21:00:00,200.4,239.2,78.8,121.6,20
2027-05-13 22:00:00,201.2,243.8,84.5,116.7,30
2027-05-13 23:00:00,201.1,246.8,81.9,119.2,33
2027-05-14 00:00:00,185.5,229.0,80.1,105.4,21
2027-05-14 01:00:00,199.6,233.2,79.5,120.1,27
2027-05-14 02:00:00,199.5,237.0,85.5,114.0,26
2027-05-14 03:00:00,194.1,238.6,78.4,115.7,22
2027-05-14 04:00:00,185.5,238.2,81.8,103.7,25
2027-05-14 05:00:00,196.9,238.8,81.3,115.6,27
2027-05-14 06:00:00,186.8,240.8,78.4,108.4,20
2027-05-14 07:00:00,190.2,239.4,82.0,108.2,24
2027-05-14 08:00:00,188.6,230.2,77.2,111.4,24
2027-05-14 09:00:00,201.8,235.8,82.3,119.5,26
2027-05-14 10:00:00,189.1,236.2,82.6,106.5,28
2027-05-14 11:00:00,198.0,228.4,83.1,114.9,34
2027-05-14 12:00:00,188.3,232.2,81.3,107.0,21
2027-05-14 13:00:00,197.1,242.6,80.7,116.4,30
2027-05-14 14:00:00,192.3,245.0,78.4,113.9,31
2027-05-14 15:00:00,193.2,230.4,82.2,111.0,25
2027-05-14 16:00:00,192.0,235.8,79.2,112.8,31
2027-05-14 17:00:00,190.6,243.8,83.7,106.9,27
2027-05-14 18:00:00,196.4,246.2,81.5,114.9,27
2027-05-14 19:00:00,201.8,241.4,82.3,119.5,27
2027-05-14 20:00:00,192.6,226.8,83.3,109.3,22
2027-05-14 21:00:00,195.3,232.2,79.8,115.5,31
2027-05-14 22:00:00,194.0,238.8,82.5,111.5,30
2027-05-14 23:00:00,183.9,245.2,80.7,103.2,26
2027-05-15 00:00:00,191.7,231.6,81.9,109.8,20
2027-05-15 01:00:00,188.8,245.6,82.9,105.9,33
2027-05-15 02:00:00,192.9,227.6,78.5,114.4,22
2027-05-15 03:00:00,192.1,251.8,83.3,108.8,27
2027-05-15 04:00:00,185.6,237.4,76.5,109.1,31
2027-05-15 05:00:00,193.2,232.0,78.7,114.5,30
2027-05-15 06:00:00,188.7,232.0,80.6,108.1,24
2027-05-15 07:00:00,180.1,241.2,78.2,101.9,22
2027-05-15 08:00:00,201.7,252.2,79.3,122.4,24
2027-05-15 09:00:00,185.5,234.6,78.3,107.2,27
2027-05-15 10:00:00,194.3,240.6,79.6,114.7,30
2027-05-15 11:00:00,185.6,241.0,81.2,104.4,21
2027-05-15 12:00:00,196.4,242.2,81.6,114.8,30
2027-05-15 13:00:00,198.3,231.0,83.8,114.5,30
2027-05-15 14:00:00,188.2,241.8,79.1,109.1,25
2027-05-15 15:00:00,185.0,236.8,78.2,106.8,25
2027-05-15 16:00:00,190.7,241.4,81.2,109.5,27
2027-05-15 17:00:00,196.1,230.6,78.8,117.3,32
2027-05-15 18:00:00,193.7,235.8,76.9,116.8,25
2027-05-15 19:00:00,196.4,247.4,80.5,115.9,32
2027-05-15 20:00:00,193.0,255.2,84.2,108.8,21
2027-05-15 21:00:00,194.7,242.6,78.9,115.8,34
2027-05-15 22:00:00,194.0,235.6,82.8,111.2,26
2027-05-15 23:00:00,190.0,239.0,81.4,108.6,27
2027-05-16 00:00:00,191.8,238.2,81.3,110.5,29
2027-05-16 01:00:00,194.7,249.2,80.8,113.9,31
2027-05-16 02:00:00,192.6,239.6,77.0,115.6,29
2027-05-16 03:00:00,198.3,238.4,80.9,117.4,31
2027-05-16 04:00:00,191.2,241.2,78.3,112.9,25
2027-05-16 05:00:00,192.9,234.6,75.7,117.2,21
2027-05-16 06:00:00,190.7,252.6,78.1,112.6,27
2027-05-16 07:00:00,187.4,236.6,76.9,110.5,30
2027-05-16 08:00:00,191.0,237.8,75.7,115.3,20
2027-05-16 09:00:00,196.2,241.8,77.7,118.5,26
2027-05-16 10:00:00,197.0,237.4,80.4,116.6,29
2027-05-16 11:00:00,186.7,242.6,77.2,109.5,20
2027-05-16 12:00:00,191.1,245.0,81.2,109.9,29
2027-05-16 13:00:00,196.7,235.8,84.6,112.1,26
2027-05-16 14:00:00,189.9,240.8,81.9,108.0,27
2027-05-16 15:00:00,197.4,241.4,80.1,117.3,29
2027-05-16 16:00:00,188.3,243.0,80.0,108.3,28
2027-05-16 17:00:00,189.6,238.2,82.6,107.0,24
2027-05-16 18:00:00,198.3,236.6,81.4,116.9,27
2027-05-16 19:00:00,189.4,239.6,77.9,111.5,20
2027-05-16 20:00:00,206.4,228.2,80.3,126.1,33
2027-05-16 21:00:00,204.5,232.0,80.3,124.2,32
2027-05-16 22:00:00,187.8,249.8,78.5,109.3,23
2027-05-16 23:00:00,196.9,241.0,81.6,115.3,30
2027-05-17 00:00:00,199.2,236.8,81.9,117.3,29
2027-05-17 01:00:00,203.4,239.4,77.8,125.6,32
2027-05-17 02:00:00,197.9,233.4,81.9,116.0,21
2027-05-17 03:00:00,194.6,252.2,80.9,113.7,22
2027-05-17 04:00:00,189.5,252.8,79.7,109.8,27
2027-05-17 05:00:00,188.2,240.6,80.5,107.7,32
2027-05-17 06:00:00,192.2,246.4,84.1,108.1,26
2027-05-17 07:00:00,195.2,240.0,81.9,113.3,25
2027-05-17 08:00:00,193.2,238.8,79.1,114.1,33
2027-05-17 09:00:00,188.0,239.6,78.1,109.9,22
2027-05-17 10:00:00,198.0,245.0,76.2,121.8,32
2027-05-17 11:00:00,203.4,238.2,80.3,123.1,30
2027-05-17 12:00:00,194.1,241.4,83.4,110.7,24
2027-05-17 13:00:00,195.0,238.2,79.9,115.1,34
2027-05-17 14:00:00,184.1,226.4,78.8,105.3,32
2027-05-17 15:00:00,192.9,243.4,81.1,111.8,34
2027-05-17 16:00:00,196.2,245.6,83.5,112.7,34
2027-05-17 17:00:00,188.5,238.0,79.0,109.5,21
2027-05-17 18:00:00,201.7,230.2,75.6,126.1,31
2027-05-17 19:00:00,191.3,247.0,77.0,114.3,21
2027-05-17 20:00:00,182.0,245.4,77.6,104.4,25
2027-05-17 21:00:00,189.9,237.2,81.8,108.1,29
2027-05-17 22:00:00,194.4,235.4,78.2,116.2,29
2027-05-17 23:00:00,194.2,241.0,80.0,114.2,21
2027-05-18 00:00:00,187.5,241.6,79.6,107.9,25
2027-05-18 01:00:00,192.7,242.8,81.7,111.0,24
2027-05-18 02:00:00,189.0,240.0,80.3,108.7,33
2027-05-18 03:00:00,190.1,234.8,79.8,110.3,29
2027-05-18 04:00:00,195.4,239.0,77.2,118.2,32
2027-05-18 05:00:00,190.0,235.8,81.7,108.3,22
2027-05-18 06:00:00,195.7,233.8,79.2,116.5,24
2027-05-18 07:00:00,195.0,247.2,79.1,115.9,29
2027-05-18 08:00:00,181.9,244.4,80.5,101.4,20
2027-05-18 09:00:00,195.1,241.2,78.1,117.0,23
2027-05-18 10:00:00,196.2,241.4,80.2,116.0,24
2027-05-18 11:00:00,203.1,241.8,79.1,124.0,34
2027-05-18 12:00:00,205.6,240.0,84.0,121.6,23
2027-05-18 13:00:00,201.6,239.2,80.8,120.8,27
2027-05-18 14:00:00,193.6,234.2,78.8,114.8,21
2027-05-18 15:00:00,196.3,229.6,81.3,115.0,25
2027-05-18 16:00:00,183.7,234.0,81.2,102.5,20
2027-05-18 17:00:00,186.0,238.2,79.0,107.0,29
2027-05-18 18:00:00,191.7,231.4,78.5,113.2,28
2027-05-18 19:00:00,187.2,239.2,79.9,107.3,21
2027-05-18 20:00:00,200.3,243.6,80.8,119.5,26
2027-05-18 21:00:00,183.1,241.4,80.7,102.4,24
2027-05-18 22:00:00,190.6,248.8,75.7,114.9,33
2027-05-18 23:00:00,189.6,238.8,81.3,108.3,21
2027-05-19 00:00:00,192.2,240.0,78.8,113.4,22
2027-05-19 01:00:00,202.8,236.4,80.9,121.9,27
2027-05-19 02:00:00,204.1,236.2,82.3,121.8,30
2027-05-19 03:00:00,197.4,262.4,78.8,118.6,29
2027-05-19 04:00:00,191.4,232.6,81.3,110.1,33
2027-05-19 05:00:00,198.0,249.0,84.3,113.7,29
2027-05-19 06:00:00,186.7,234.4,84.0,102.7,20
2027-05-19 07:00:00,193.0,237.4,82.3,110.7,22
2027-05-19 08:00:00,191.4,243.4,78.7,112.7,27
2027-05-19 09:00:00,194.2,238.4,78.1,116.1,33
2027-05-19 10:00:00,186.1,243.0,81.0,105.1,30
2027-05-19 11:00:00,199.3,240.0,82.1,117.2,22
2027-05-19 12:00:00,196.3,246.0,80.2,116.1,21
2027-05-19 13:00:00,197.4,242.0,83.0,114.4,31
2027-05-19 14:00:00,189.6,239.6,78.5,111.1,32
2027-05-19 15:00:00,189.7,239.4,78.8,110.9,21
2027-05-19 16:00:00,194.5,253.2,78.6,115.9,34
2027-05-19 17:00:00,188.8,243.4,81.5,107.3,20
2027-05-19 18:00:00,202.7,243.0,79.8,122.9,25
2027-05-19 19:00:00,193.1,242.0,79.1,114.0,34
2027-05-19 20:00:00,198.3,245.6,83.9,114.4,31
2027-05-19 21:00:00,186.7,240.6,81.3,105.4,21
2027-05-19 22:00:00,189.7,251.8,80.6,109.1,23
2027-05-19 23:00:00,188.9,240.4,80.1,108.8,21
2027-05-20 00:00:00,195.6,236.4,79.8,115.8,29
2027-05-20 01:00:00,190.5,248.0,80.9,109.6,21
2027-05-20 02:00:00,194.5,248.2,80.2,114.3,34
2027-05-20 03:00:00,194.7,240.8,81.0,113.7,31
2027-05-20 04:00:00,189.3,240.6,79.2,110.1,27
2027-05-20 05:00:00,206.1,240.2,81.8,124.3,32
2027-05-20 06:00:00,179.3,241.8,79.2,100.1,24
2027-05-20 07:00:00,188.6,251.4,78.1,110.5,26
2027-05-20 08:00:00,195.4,239.8,77.1,118.3,20
2027-05-20 09:00:00,204.0,237.8,82.3,121.7,33
2027-05-20 10:00:00,194.4,252.4,76.7,117.7,20
2027-05-20 11:00:00,197.4,234.6,79.9,117.5,31
2027-05-20 12:00:00,201.2,238.4,82.5,118.7,30
2027-05-20 13:00:00,190.9,245.8,79.9,111.0,25
2027-05-20 14:00:00,197.0,231.2,77.1,119.9,30
2027-05-20 15:00:00,199.7,252.2,81.7,118.0,30
2027-05-20 16:00:00,198.7,247.2,81.2,117.5,28
2027-05-20 17:00:00,196.7,244.4,79.2,117.5,33
2027-05-20 18:00:00,186.9,242.8,78.1,108.8,32
2027-05-20 19:00:00,199.2,234.0,80.2,119.0,31
2027-05-20 20:00:00,192.9,250.4,82.3,110.6,24
2027-05-20 21:00:00,190.0,236.6,78.9,111.1,22
2027-05-20 22:00:00,196.7,236.8,85.7,111.0,28
2027-05-20 23:00:00,192.7,242.6,78.1,114.6,30
2027-05-21 00:00:00,182.0,242.8,76.2,105.8,24
2027-05-21 01:00:00,204.1,235.2,80.8,123.3,29
2027-05-21 02:00:00,198.0,247.8,80.2,117.8,33
2027-05-21 03:00:00,191.4,253.0,80.4,111.0,21
2027-05-21 04:00:00,197.0,245.2,80.3,116.7,21
2027-05-21 05:00:00,184.7,234.2,80.0,104.7,25
2027-05-21 06:00:00,202.6,255.2,80.9,121.7,32
2027-05-21 07:00:00,196.8,232.6,84.3,112.5,21
2027-05-21 08:00:00,195.8,244.6,78.8,117.0,29
2027-05-21 09:00:00,190.8,236.6,80.0,110.8,26
2027-05-21 10:00:00,196.7,238.2,78.1,118.6,24
2027-05-21 11:00:00,195.8,248.4,80.4,115.4,22
2027-05-21 12:00:00,188.8,232.2,79.8,109.0,23
2027-05-21 13:00:00,191.0,240.2,80.2,110.8,24
2027-05-21 14:00:00,199.7,250.8,79.1,120.6,25
2027-05-21 15:00:00,197.3,250.6,78.5,118.8,28
2027-05-21 16:00:00,194.6,243.6,81.4,113.2,27
2027-05-21 17:00:00,201.7,243.4,81.6,120.1,22
2027-05-21 18:00:00,191.4,251.0,79.6,111.8,25
2027-05-21 19:00:00,195.2,248.2,80.3,114.9,24
2027-05-21 20:00:00,192.3,241.6,84.0,108.3,27
2027-05-21 21:00:00,199.3,236.2,80.7,118.6,22
2027-05-21 22:00:00,194.9,227.0,84.7,110.2,24
2027-05-21 23:00:00,200.7,237.4,81.6,119.1,34
2027-05-22 00:00:00,201.5,234.8,83.0,118.5,29
2027-05-22 01:00:00,192.3,248.8,79.8,112.5,20
2027-05-22 02:00:00,194.2,235.4,81.1,113.1,33
2027-05-22 03:00:00,185.1,245.0,80.3,104.8,27
2027-05-22 04:00:00,197.4,228.6,79.9,117.5,33
2027-05-22 05:00:00,190.1,256.0,79.4,110.7,22
2027-05-22 06:00:00,185.2,243.4,78.4,106.8,20
2027-05-22 07:00:00,190.7,238.6,78.8,111.9,32
2027-05-22 08:00:00,194.0,245.6,79.8,114.2,29
2027-05-22 09:00:00,193.7,245.6,79.3,114.4,34
2027-05-22 10:00:00,190.3,250.8,77.2,113.1,29
2027-05-22 11:00:00,192.0,234.4,79.4,112.6,26
2027-05-22 12:00:00,189.9,249.0,77.9,112.0,28
2027-05-22 13:00:00,204.6,249.4,80.9,123.7,32
2027-05-22 14:00:00,197.9,243.4,78.7,119.2,26
2027-05-22 15:00:00,190.9,252.4,80.1,110.8,31
2027-05-22 16:00:00,193.9,240.4,80.4,113.5,22
2027-05-22 17:00:00,192.2,241.8,78.1,114.1,34
2027-05-22 18:00:00,184.1,239.0,76.4,107.7,32
2027-05-22 19:00:00,178.6,242.8,77.9,100.7,20
2027-05-22 20:00:00,196.3,246.6,80.5,115.8,23
2027-05-22 21:00:00,195.2,244.2,80.6,114.6,24
2027-05-22 22:00:00,198.5,236.0,80.3,118.2,34
2027-05-22 23:00:00,194.8,241.2,77.6,117.2,24
2027-05-23 00:00:00,196.2,235.4,83.4,112.8,21
2027-05-23 01:00:00,192.6,240.8,77.9,114.7,27
2027-05-23 02:00:00,202.1,248.8,79.9,122.2,31
2027-05-23 03:00:00,205.3,237.0,81.6,123.7,32
2027-05-23 04:00:00,198.8,243.2,80.8,118.0,26
2027-05-23 05:00:00,189.1,237.8,79.9,109.2,29
2027-05-23 06:00:00,195.6,256.6,81.6,114.0,22
2027-05-23 07:00:00,193.5,247.0,78.9,114.6,23
2027-05-23 08:00:00,196.4,256.6,81.2,115.2,29
2027-05-23 09:00:00,191.2,243.4,79.2,112.0,27
2027-05-23 10:00:00,189.3,245.0,81.0,108.3,32
2027-05-23 11:00:00,186.6,240.6,80.7,105.9,31
2027-05-23 12:00:00,191.9,229.8,78.6,113.3,32
2027-05-23 13:00:00,193.6,238.8,79.8,113.8,25
2027-05-23 14:00:00,202.4,249.4,83.8,118.6,32
2027-05-23 15:00:00,187.2,241.0,82.4,104.8,31
2027-05-23 16:00:00,190.5,255.6,82.0,108.5,26
2027-05-23 17:00:00,196.1,242.8,78.1,118.0,25
2027-05-23 18:00:00,188.5,238.8,80.3,108.2,31
2027-05-23 19:00:00,186.6,246.2,77.4,109.2,28
2027-05-23 20:00:00,196.1,233.2,82.8,113.3,29
2027-05-23 21:00:00,195.2,238.2,81.2,114.0,27
2027-05-23 22:00:00,188.9,248.4,79.0,109.9,31
2027-05-23 23:00:00,195.4,236.0,84.1,111.3,22
2027-05-24 00:00:00,194.3,237.8,79.7,114.6,23
2027-05-24 01:00:00,193.8,236.8,77.0,116.8,25
2027-05-24 02:00:00,196.7,246.6,80.4,116.3,24
2027-05-24 03:00:00,188.3,236.6,78.0,110.3,23
2027-05-24 04:00:00,184.4,251.6,79.7,104.7,28
2027-05-24 05:00:00,193.9,238.2,79.0,114.9,29
2027-05-24 06:00:00,195.2,230.8,80.1,115.1,26
2027-05-24 07:00:00,195.4,242.2,81.1,114.3,27
2027-05-24 08:00:00,202.5,242.0,77.7,124.8,34
2027-05-24 09:00:00,202.4,248.2,81.3,121.1,32
2027-05-24 10:00:00,193.7,240.6,79.1,114.6,31
2027-05-24 11:00:00,188.0,236.0,75.8,112.2,25
2027-05-24 12:00:00,194.3,248.8,81.3,113.0,23
2027-05-24 13:00:00,190.9,244.4,82.5,108.4,28
2027-05-24 14:00:00,198.6,241.8,78.0,120.6,24
2027-05-24 15:00:00,190.3,237.4,78.8,111.5,26
2027-05-24 16:00:00,189.0,243.8,80.5,108.5,28
2027-05-24 17:00:00,191.0,249.6,82.1,108.9,34
2027-05-24 18:00:00,189.5,239.0,77.2,112.3,31
2027-05-24 19:00:00,201.8,248.2,85.6,116.2,24
2027-05-24 20:00:00,193.4,232.0,83.2,110.2,26
2027-05-24 21:00:00,190.5,250.6,78.2,112.3,25
2027-05-24 22:00:00,194.3,238.2,80.2,114.1,21
2027-05-24 23:00:00,203.2,243.4,80.1,123.1,20
2027-05-25 00:00:00,189.5,236.2,82.1,107.4,25
2027-05-25 01:00:00,199.8,239.6,82.8,117.0,33
2027-05-25 02:00:00,190.7,241.4,80.3,110.4,28
2027-05-25 03:00:00,198.8,239.2,84.4,114.4,31
2027-05-25 04:00:00,200.8,249.6,79.8,121.0,20
2027-05-25 05:00:00,192.9,245.4,82.0,110.9,33
2027-05-25 06:00:00,198.6,251.0,84.4,114.2,28
2027-05-25 07:00:00,196.8,243.8,80.8,116.0,34
2027-05-25 08:00:00,192.9,248.4,79.0,113.9,25
2027-05-25 09:00:00,190.9,247.0,82.0,108.9,25
2027-05-25 10:00:00,195.5,245.0,79.6,115.9,34
2027-05-25 11:00:00,202.3,245.4,81.4,120.9,27
2027-05-25 12:00:00,191.9,238.2,80.2,111.7,20
2027-05-25 13:00:00,197.6,258.8,79.6,118.0,33
2027-05-25 14:00:00,189.4,256.2,79.3,110.1,25
2027-05-25 15:00:00,197.4,231.4,79.4,118.0,28
2027-05-25 16:00:00,202.4,239.4,80.1,122.3,27
2027-05-25 17:00:00,199.0,247.8,82.5,116.5,26
2027-05-25 18:00:00,194.2,244.0,80.6,113.6,34
2027-05-25 19:00:00,197.1,231.0,75.3,121.8,26
2027-05-25 20:00:00,189.8,247.6,82.8,107.0,22
2027-05-25 21:00:00,203.4,242.4,81.6,121.8,31
2027-05-25 22:00:00,202.5,241.2,80.5,122.0,26
2027-05-25 23:00:00,201.9,244.8,83.8,118.1,34
2027-05-26 00:00:00,179.6,239.8,80.4,99.2,22
2027-05-26 01:00:00,193.3,252.8,78.4,114.9,23
2027-05-26 02:00:00,200.8,244.6,78.4,122.4,24
2027-05-26 03:00:00,194.7,237.4,79.2,115.5,25
2027-05-26 04:00:00,189.4,245.4,79.8,109.6,21
2027-05-26 05:00:00,194.3,257.2,77.0,117.3,33
2027-05-26 06:00:00,193.7,254.6,79.3,114.4,25
2027-05-26 07:00:00,187.0,249.0,78.2,108.8,29
2027-05-26 08:00:00,194.6,254.4,77.9,116.7,34
2027-05-26 09:00:00,200.5,248.8,78.2,122.3,24
2027-05-26 10:00:00,195.1,253.0,77.5,117.6,22
2027-05-26 11:00:00,204.7,244.4,83.9,120.8,30
2027-05-26 12:00:00,181.1,246.0,82.3,98.8,27
2027-05-26 13:00:00,190.8,245.2,83.6,107.2,31
2027-05-26 14:00:00,193.9,245.8,83.4,110.5,30
2027-05-26 15:00:00,190.1,245.8,79.5,110.6,22
2027-05-26 16:00:00,193.4,242.4,76.5,116.9,31
2027-05-26 17:00:00,203.8,239.8,83.2,120.6,21
2027-05-26 18:00:00,198.0,240.6,79.6,118.4,26
2027-05-26 19:00:00,199.8,246.8,78.8,121.0,33
2027-05-26 20:00:00,192.3,247.4,79.3,113.0,32
2027-05-26 21:00:00,193.8,250.4,79.0,114.8,23
2027-05-26 22:00:00,199.6,241.4,83.5,116.1,29
2027-05-26 23:00:00,189.0,252.0,79.8,109.2,21
2027-05-27 00:00:00,202.7,233.8,81.8,120.9,33
2027-05-27 01:00:00,200.6,237.6,82.1,118.5,26
2027-05-27 02:00:00,195.4,249.6,79.0,116.4,34
2027-05-27 03:00:00,188.6,233.0,79.0,109.6,34
2027-05-27 04:00:00,193.7,249.6,79.8,113.9,27
2027-05-27 05:00:00,192.2,250.0,81.1,111.1,25
2027-05-27 06:00:00,183.1,250.2,77.5,105.6,28
2027-05-27 07:00:00,196.5,245.2,82.0,114.5,33
2027-05-27 08:00:00,192.5,257.2,82.4,110.1,34
2027-05-27 09:00:00,187.3,244.8,81.6,105.7,32
2027-05-27 10:00:00,191.8,249.2,78.8,113.0,21
2027-05-27 11:00:00,186.4,240.4,79.1,107.3,23
2027-05-27 12:00:00,189.6,246.2,78.7,110.9,20
2027-05-27 13:00:00,187.3,242.0,78.5,108.8,21
2027-05-27 14:00:00,198.7,246.6,79.8,118.9,28
2027-05-27 15:00:00,185.3,248.6,77.8,107.5,27
2027-05-27 16:00:00,195.1,242.6,78.6,116.5,27
2027-05-27 17:00:00,195.4,250.8,81.9,113.5,33
2027-05-27 18:00:00,201.4,241.8,81.8,119.6,31
2027-05-27 19:00:00,184.2,241.2,78.7,105.5,31
2027-05-27 20:00:00,174.0,247.4,79.2,94.8,25
2027-05-27 21:00:00,198.4,246.0,83.0,115.4,30
2027-05-27 22:00:00,188.2,245.0,80.5,107.7,23
2027-05-27 23:00:00,198.4,242.2,77.0,121.4,30
2027-05-28 00:00:00,202.7,245.4,83.9,118.8,31
2027-05-28 01:00:00,189.5,237.2,80.2,109.3,21
2027-05-28 02:00:00,200.4,239.4,78.1,122.3,33
2027-05-28 03:00:00,197.4,245.8,79.3,118.1,26
2027-05-28 04:00:00,190.4,244.8,80.2,110.2,25
2027-05-28 05:00:00,195.9,253.2,80.2,115.7,28
2027-05-28 06:00:00,194.7,246.6,78.1,116.6,33
2027-05-28 07:00:00,183.1,250.8,78.7,104.4,22
2027-05-28 08:00:00,185.3,248.0,79.4,105.9,25
2027-05-28 09:00:00,193.0,257.6,79.3,113.7,26
2027-05-28 10:00:00,179.4,243.8,79.6,99.8,21
2027-05-28 11:00:00,182.9,248.4,81.9,101.0,25
2027-05-28 12:00:00,188.9,248.6,79.0,109.9,22
2027-05-28 13:00:00,194.8,229.4,77.8,117.0,30
2027-05-28 14:00:00,190.8,246.0,81.5,109.3,21
2027-05-28 15:00:00,200.8,251.4,81.9,118.9,27
2027-05-28 16:00:00,196.2,242.6,81.3,114.9,24
2027-05-28 17:00:00,198.2,259.2,81.4,116.8,31
2027-05-28 18:00:00,202.4,240.0,78.0,124.4,34
2027-05-28 19:00:00,192.9,251.2,81.2,111.7,21
2027-05-28 20:00:00,181.0,242.0,79.4,101.6,25
2027-05-28 21:00:00,200.7,241.2,82.1,118.6,31
2027-05-28 22:00:00,188.3,249.8,79.4,108.9,28
2027-05-28 23:00:00,201.2,252.8,82.2,119.0,32
2027-05-29 00:00:00,195.7,246.8,77.2,118.5,24
2027-05-29 01:00:00,186.9,249.4,80.6,106.3,23
2027-05-29 02:00:00,189.3,248.2,77.7,111.6,31
2027-05-29 03:00:00,193.0,245.0,82.2,110.8,30
2027-05-29 04:00:00,192.4,241.6,77.2,115.2,30
2027-05-29 05:00:00,206.0,240.8,81.7,124.3,34
2027-05-29 06:00:00,182.3,242.4,80.9,101.4,23
2027-05-29 07:00:00,194.4,248.2,82.1,112.3,24
2027-05-29 08:00:00,191.6,237.4,78.6,113.0,29
2027-05-29 09:00:00,191.8,249.2,77.8,114.0,32
2027-05-29 10:00:00,200.5,241.6,80.8,119.7,34
2027-05-29 11:00:00,191.8,241.2,80.4,111.4,27
2027-05-29 12:00:00,196.0,250.8,79.8,116.2,26
2027-05-29 13:00:00,193.6,256.2,78.8,114.8,23
2027-05-29 14:00:00,194.1,250.0,85.5,108.6,20
2027-05-29 15:00:00,199.2,253.2,79.6,119.6,23
2027-05-29 16:00:00,189.4,255.8,80.0,109.4,23
2027-05-29 17:00:00,198.7,250.8,83.4,115.3,25
2027-05-29 18:00:00,190.0,246.2,80.7,109.3,23
2027-05-29 19:00:00,196.0,244.4,79.3,116.7,28
2027-05-29 20:00:00,194.5,247.2,79.5,115.0,26
2027-05-29 21:00:00,198.6,248.0,77.9,120.7,34
2027-05-29 22:00:00,195.4,241.0,82.1,113.3,33
2027-05-29 23:00:00,193.4,249.8,80.4,113.0,29
2027-05-30 00:00:00,189.4,249.8,79.7,109.7,26
2027-05-30 01:00:00,191.0,252.8,80.7,110.3,25
2027-05-30 02:00:00,184.8,258.6,83.8,101.0,25
2027-05-30 03:00:00,186.6,250.8,78.7,107.9,20
2027-05-30 04:00:00,193.8,240.6,78.7,115.1,31
2027-05-30 05:00:00,197.2,244.4,80.6,116.6,32
2027-05-30 06:00:00,194.6,252.2,82.4,112.2,28
2027-05-30 07:00:00,195.5,236.0,80.3,115.2,22
2027-05-30 08:00:00,200.0,241.2,78.5,121.5,31
2027-05-30 09:00:00,190.7,259.8,79.9,110.8,25
2027-05-30 10:00:00,190.7,249.2,78.0,112.7,27
2027-05-30 11:00:00,184.6,246.6,79.5,105.1,23
2027-05-30 12:00:00,194.2,241.2,80.3,113.9,33
2027-05-30 13:00:00,187.0,245.4,76.5,110.5,30
2027-05-30 14:00:00,192.8,244.0,78.5,114.3,20
2027-05-30 15:00:00,196.6,246.0,80.1,116.5,34
2027-05-30 16:00:00,196.3,246.0,80.8,115.5,28
2027-05-30 17:00:00,180.7,240.4,77.2,103.5,22
2027-05-30 18:00:00,198.5,250.2,79.6,118.9,34
2027-05-30 19:00:00,200.0,246.8,81.7,118.3,31
2027-05-30 20:00:00,195.8,249.8,79.2,116.6,25
2027-05-30 21:00:00,192.8,250.0,79.4,113.4,24
2027-05-30 22:00:00,199.5,250.2,81.8,117.7,29
2027-05-30 23:00:00,190.4,246.8,80.6,109.8,31
2027-05-31 00:00:00,192.6,248.8,78.7,113.9,26
2027-05-31 01:00:00,203.0,251.4,82.7,120.3,33
2027-05-31 02:00:00,192.5,236.8,80.3,112.2,22
2027-05-31 03:00:00,198.2,249.0,83.0,115.2,31
2027-05-31 04:00:00,192.4,249.8,80.0,112.4,33
2027-05-31 05:00:00,197.8,254.4,81.7,116.1,23
2027-05-31 06:00:00,190.7,257.0,81.9,108.8,28
2027-05-31 07:00:00,181.0,243.2,80.6,100.4,24
2027-05-31 08:00:00,196.1,243.6,81.7,114.4,30
2027-05-31 09:00:00,192.5,252.4,78.0,114.5,30
2027-05-31 10:00:00,188.6,261.6,77.0,111.6,23
2027-05-31 11:00:00,193.9,251.0,79.0,114.9,34
2027-05-31 12:00:00,187.4,249.4,78.7,108.7,27
2027-05-31 13:00:00,194.4,237.0,82.4,112.0,29
2027-05-31 14:00:00,198.9,247.8,79.6,119.3,26
2027-05-31 15:00:00,192.7,251.8,78.1,114.6,31
2027-05-31 16:00:00,194.8,246.4,79.3,115.5,26
2027-05-31 17:00:00,199.1,235.2,80.8,118.3,30
2027-05-31 18:00:00,197.6,246.2,80.9,116.7,27
2027-05-31 19:00:00,198.2,250.6,82.7,115.5,24
2027-05-31 20:00:00,189.7,237.8,78.3,111.4,23
2027-05-31 21:00:00,190.8,239.0,80.4,110.4,27
2027-05-31 22:00:00,187.9,250.2,82.1,105.8,23
2027-05-31 23:00:00,189.8,249.2,81.2,108.6,26
2027-06-01 00:00:00,199.9,245.2,78.5,121.4,29
2027-06-01 01:00:00,189.4,248.2,81.2,108.2,21
2027-06-01 02:00:00,193.9,251.0,79.2,114.7,34
2027-06-01 03:00:00,184.6,241.8,81.2,103.4,28
2027-06-01 04:00:00,196.0,241.8,81.4,114.6,28
2027-06-01 05:00:00,191.6,247.6,79.1,112.5,27
2027-06-01 06:00:00,182.9,239.8,74.4,108.5,27
2027-06-01 07:00:00,193.3,243.8,85.0,108.3,22
2027-06-01 08:00:00,190.6,248.6,79.8,110.8,31
2027-06-01 09:00:00,197.3,247.2,79.8,117.5,30
2027-06-01 10:00:00,201.2,233.4,82.6,118.6,30
2027-06-01 11:00:00,194.4,240.8,83.2,111.2,24
2027-06-01 12:00:00,187.8,253.2,81.3,106.5,21
2027-06-01 13:00:00,186.2,240.2,80.2,106.0,24
2027-06-01 14:00:00,191.4,242.2,78.4,113.0,23
2027-06-01 15:00:00,195.1,240.6,80.3,114.8,30
2027-06-01 16:00:00,191.2,252.4,80.2,111.0,25
2027-06-01 17:00:00,187.7,259.8,79.1,108.6,28
2027-06-01 18:00:00,195.0,254.0,78.0,117.0,31
2027-06-01 19:00:00,198.5,250.2,81.2,117.3,32
2027-06-01 20:00:00,187.6,241.0,80.5,107.1,33
2027-06-01 21:00:00,206.7,252.0,81.3,125.4,27
2027-06-01 22:00:00,193.1,255.0,78.3,114.8,30
2027-06-01 23:00:00,191.2,250.4,77.8,113.4,28
2027-06-02 00:00:00,193.6,255.0,78.7,114.9,26
2027-06-02 01:00:00,190.9,251.4,81.2,109.7,21
2027-06-02 02:00:00,202.5,257.0,80.0,122.5,28
2027-06-02 03:00:00,190.1,254.8,76.8,113.3,31
2027-06-02 04:00:00,189.5,248.0,79.6,109.9,26
2027-06-02 05:00:00,190.4,241.8,77.7,112.7,29
2027-06-02 06:00:00,195.2,248.4,78.7,116.5,29
2027-06-02 07:00:00,184.5,249.8,77.0,107.5,28
2027-06-02 08:00:00,197.7,257.4,81.3,116.4,30
2027-06-02 09:00:00,198.6,242.2,79.4,119.2,28
2027-06-02 10:00:00,194.1,247.2,81.3,112.8,27
2027-06-02 11:00:00,192.4,245.6,82.9,109.5,24
2027-06-02 12:00:00,200.6,239.4,77.8,122.8,33
2027-06-02 13:00:00,195.1,245.2,81.7,113.4,21
2027-06-02 14:00:00,189.3,241.0,79.1,110.2,33
2027-06-02 15:00:00,189.8,237.2,80.7,109.1,29
2027-06-02 16:00:00,200.4,253.0,82.2,118.2,32
2027-06-02 17:00:00,197.9,258.6,77.7,120.2,32
2027-06-02 18:00:00,191.5,247.2,77.7,113.8,34
2027-06-02 19:00:00,190.1,258.4,80.6,109.5,28
2027-06-02 20:00:00,193.8,248.0,81.0,112.8,31
2027-06-02 21:00:00,186.8,244.0,81.9,104.9,27
2027-06-02 22:00:00,193.4,255.8,79.7,113.7,32
2027-06-02 23:00:00,198.5,250.8,81.1,117.4,32
2027-06-03 00:00:00,195.2,244.4,80.6,114.6,25
2027-06-03 01:00:00,197.7,246.4,80.0,117.7,25
2027-06-03 02:00:00,198.4,252.2,77.7,120.7,27
2027-06-03 03:00:00,192.6,256.6,79.7,112.9,30
2027-06-03 04:00:00,195.3,242.2,82.6,112.7,29
2027-06-03 05:00:00,198.5,243.0,82.5,116.0,24
2027-06-03 06:00:00,190.1,256.2,79.5,110.6,29
2027-06-03 07:00:00,191.6,251.8,81.8,109.8,21
2027-06-03 08:00:00,195.5,253.4,80.3,115.2,25
2027-06-03 09:00:00,194.6,249.4,78.0,116.6,31
2027-06-03 10:00:00,184.4,255.6,80.1,104.3,21
2027-06-03 11:00:00,196.9,256.6,80.1,116.8,34
2027-06-03 12:00:00,195.4,258.2,76.4,119.0,33
2027-06-03 13:00:00,200.8,255.0,82.3,118.5,31
2027-06-03 14:00:00,185.4,254.0,78.5,106.9,32
2027-06-03 15:00:00,197.6,247.2,79.8,117.8,22
2027-06-03 16:00:00,190.0,243.0,82.2,107.8,20
2027-06-03 17:00:00,185.6,239.8,78.1,107.5,24
2027-06-03 18:00:00,189.7,250.8,80.0,109.7,20
2027-06-03 19:00:00,189.1,254.2,82.6,106.5,26
2027-06-03 20:00:00,203.5,246.0,76.9,126.6,34
2027-06-03 21:00:00,191.0,249.6,79.8,111.2,20
2027-06-03 22:00:00,193.6,245.4,80.3,113.3,29
2027-06-03 23:00:00,192.6,246.6,80.8,111.8,24
2027-06-04 00:00:00,195.4,256.8,82.2,113.2,24
2027-06-04 01:00:00,201.0,246.0,78.8,122.2,29
2027-06-04 02:00:00,194.1,248.2,78.6,115.5,33
2027-06-04 03:00:00,193.3,252.2,79.4,113.9,25
2027-06-04 04:00:00,193.3,246.4,82.0,111.3,20
2027-06-04 05:00:00,193.0,258.4,79.6,113.4,27
2027-06-04 06:00:00,198.8,257.4,80.6,118.2,31
2027-06-04 07:00:00,196.7,242.6,76.8,119.9,33
2027-06-04 08:00:00,191.7,239.0,80.9,110.8,29
2027-06-04 09:00:00,193.5,247.4,81.0,112.5,21
2027-06-04 10:00:00,193.6,250.0,80.6,113.0,24
2027-06-04 11:00:00,191.0,252.2,81.1,109.9,21
2027-06-04 12:00:00,197.4,247.6,80.9,116.5,21
2027-06-04 13:00:00,194.9,251.8,81.9,113.0,27
2027-06-04 14:00:00,204.2,239.8,77.8,126.4,34
2027-06-04 15:00:00,192.5,242.6,77.7,114.8,27
2027-06-04 16:00:00,192.6,245.4,79.7,112.9,31
2027-06-04 17:00:00,196.7,246.0,84.0,112.7,29
2027-06-04 18:00:00,185.7,240.4,76.6,109.1,32
2027-06-04 19:00:00,198.5,252.8,80.0,118.5,31
2027-06-04 20:00:00,203.0,244.8,82.3,120.7,32
2027-06-04 21:00:00,196.7,247.8,81.7,115.0,27
2027-06-04 22:00:00,186.4,253.6,81.9,104.5,20
2027-06-04 23:00:00,198.2,252.4,80.9,117.3,33
2027-06-05 00:00:00,190.4,253.0,82.6,107.8,31
2027-06-05 01:00:00,198.4,245.0,81.6,116.8,34
2027-06-05 02:00:00,198.1,249.6,80.8,117.3,29
2027-06-05 03:00:00,188.1,258.0,79.3,108.8,26
2027-06-05 04:00:00,183.3,248.6,80.1,103.2,33
2027-06-05 05:00:00,204.0,256.2,81.3,122.7,26
2027-06-05 06:00:00,193.5,246.2,77.9,115.6,31
2027-06-05 07:00:00,190.3,257.4,78.2,112.1,29
2027-06-05 08:00:00,204.1,243.2,82.9,121.2,33
2027-06-05 09:00:00,200.0,254.2,79.1,120.9,27
2027-06-05 10:00:00,201.2,256.6,81.2,120.0,25
2027-06-05 11:00:00,193.4,247.0,79.9,113.5,22
2027-06-05 12:00:00,194.7,257.0,80.5,114.2,30
2027-06-05 13:00:00,190.6,251.4,78.3,112.3,25
2027-06-05 14:00:00,196.9,252.0,84.0,112.9,29
2027-06-05 15:00:00,198.2,259.2,81.5,116.7,29
2027-06-05 16:00:00,195.1,242.0,79.8,115.3,33
2027-06-05 17:00:00,198.6,252.0,79.6,119.0,20
2027-06-05 18:00:00,189.7,238.6,74.2,115.5,31
2027-06-05 19:00:00,186.1,245.0,80.8,105.3,21
2027-06-05 20:00:00,190.7,232.8,82.1,108.6,21
2027-06-05 21:00:00,204.5,249.0,80.6,123.9,28
2027-06-05 22:00:00,200.2,261.6,79.8,120.4,31
2027-06-05 23:00:00,199.4,244.0,85.9,113.5,26
2027-06-06 00:00:00,204.9,246.8,81.8,123.1,28
2027-06-06 01:00:00,209.7,237.4,82.5,127.2,30
2027-06-06 02:00:00,208.9,249.4,83.8,125.1,33
2027-06-06 03:00:00,208.1,251.0,78.1,130.0,29
2027-06-06 04:00:00,190.8,251.2,77.8,113.0,22
2027-06-06 05:00:00,195.9,251.0,79.9,116.0,22
2027-06-06 06:00:00,199.8,248.2,81.8,118.0,24
2027-06-06 07:00:00,182.1,252.2,80.8,101.3,26
2027-06-06 08:00:00,185.7,249.0,79.6,106.1,20
2027-06-06 09:00:00,200.7,248.0,80.1,120.6,25
2027-06-06 10:00:00,189.7,254.6,81.8,107.9,27
2027-06-06 11:00:00,193.9,253.6,80.5,113.4,20
2027-06-06 12:00:00,188.5,244.4,77.3,111.2,21
2027-06-06 13:00:00,186.7,266.0,82.3,104.4,25
2027-06-06 14:00:00,189.5,246.8,76.5,113.0,24
2027-06-06 15:00:00,191.8,247.6,79.0,112.8,31
2027-06-06 16:00:00,196.9,249.0,81.2,115.7,32
2027-06-06 17:00:00,209.9,258.8,82.4,127.5,27
2027-06-06 18:00:00,186.8,243.8,80.4,106.4,33
2027-06-06 19:00:00,189.3,243.2,80.9,108.4,28
2027-06-06 20:00:00,192.7,245.0,79.0,113.7,31
2027-06-06 21:00:00,205.9,241.2,80.9,125.0,30
2027-06-06 22:00:00,198.7,260.0,81.4,117.3,27
2027-06-06 23:00:00,193.0,246.0,76.0,117.0,27
2027-06-07 00:00:00,193.7,258.0,79.9,113.8,22
2027-06-07 01:00:00,191.3,245.6,76.4,114.9,25
2027-06-07 02:00:00,193.8,254.2,77.2,116.6,34
2027-06-07 03:00:00,184.2,253.8,79.4,104.8,23
2027-06-07 04:00:00,189.2,256.2,77.3,111.9,30
2027-06-07 05:00:00,181.8,260.8,82.2,99.6,21
2027-06-07 06:00:00,196.3,261.4,81.0,115.3,34
2027-06-07 07:00:00,197.2,260.0,82.3,114.9,25
2027-06-07 08:00:00,198.2,247.6,78.0,120.2,28
2027-06-07 09:00:00,197.5,251.2,81.0,116.5,32
2027-06-07 10:00:00,192.2,247.2,80.8,111.4,23
2027-06-07 11:00:00,191.5,252.8,78.4,113.1,25
2027-06-07 12:00:00,194.9,251.4,82.2,112.7,34
2027-06-07 13:00:00,196.6,237.4,79.9,116.7,30
2027-06-07 14:00:00,197.9,253.0,77.3,120.6,30
2027-06-07 15:00:00,192.4,260.2,76.6,115.8,33
2027-06-07 16:00:00,204.7,252.2,82.8,121.9,34
2027-06-07 17:00:00,199.9,240.6,80.8,119.1,30
2027-06-07 18:00:00,192.2,250.0,78.4,113.8,20
2027-06-07 19:00:00,200.1,256.8,78.9,121.2,31
2027-06-07 20:00:00,195.1,247.0,78.2,116.9,33
2027-06-07 21:00:00,203.5,255.8,80.3,123.2,28
2027-06-07 22:00:00,194.8,245.6,79.1,115.7,31
2027-06-07 23:00:00,194.4,253.0,81.3,113.1,26
2027-06-08 00:00:00,196.8,246.2,76.8,120.0,34
2027-06-08 01:00:00,188.8,245.0,78.7,110.1,33
2027-06-08 02:00:00,192.7,258.0,80.0,112.7,21
2027-06-08 03:00:00,199.9,228.0,80.6,119.3,32
2027-06-08 04:00:00,190.4,260.8,79.7,110.7,32
2027-06-08 05:00:00,197.7,260.2,81.6,116.1,29
2027-06-08 06:00:00,197.4,251.4,81.8,115.6,23
2027-06-08 07:00:00,196.0,248.6,77.3,118.7,23
2027-06-08 08:00:00,190.6,252.8,82.2,108.4,25
2027-06-08 09:00:00,189.7,257.8,77.4,112.3,31
2027-06-08 10:00:00,187.0,250.0,80.1,106.9,30
2027-06-08 11:00:00,186.1,251.6,79.4,106.7,31
2027-06-08 12:00:00,199.3,263.6,82.3,117.0,26
2027-06-08 13:00:00,195.1,251.8,81.7,113.4,24
2027-06-08 14:00:00,186.7,259.8,80.6,106.1,22
2027-06-08 15:00:00,188.2,258.4,77.3,110.9,33
2027-06-08 16:00:00,197.0,251.6,78.6,118.4,24
2027-06-08 17:00:00,195.4,254.0,80.3,115.1,25
2027-06-08 18:00:00,190.2,248.2,80.3,109.9,33
2027-06-08 19:00:00,197.2,258.6,76.5,120.7,30
2027-06-08 20:00:00,192.1,253.8,78.8,113.3,25
2027-06-08 21:00:00,183.3,246.2,74.4,108.9,27
2027-06-08 22:00:00,195.6,250.2,79.3,116.3,32
2027-06-08 23:00:00,191.6,250.0,76.9,114.7,27
2027-06-09 00:00:00,194.2,255.6,78.5,115.7,25
2027-06-09 01:00:00,189.8,254.6,79.2,110.6,29
2027-06-09 02:00:00,201.2,256.4,80.3,120.9,31
2027-06-09 03:00:00,194.9,249.4,79.7,115.2,29
2027-06-09 04:00:00,188.2,266.8,83.1,105.1,22
2027-06-09 05:00:00,189.3,251.0,76.3,113.0,25
2027-06-09 06:00:00,204.2,253.6,82.4,121.8,29
2027-06-09 07:00:00,198.8,259.0,80.6,118.2,30
2027-06-09 08:00:00,193.6,257.8,82.4,111.2,25
2027-06-09 09:00:00,198.1,259.8,79.8,118.3,23
2027-06-09 10:00:00,181.9,239.6,79.9,102.0,26
2027-06-09 11:00:00,189.4,245.2,80.8,108.6,22
2027-06-09 12:00:00,189.0,255.8,80.5,108.5,26
2027-06-09 13:00:00,195.7,256.8,79.5,116.2,28
2027-06-09 14:00:00,197.5,255.0,79.8,117.7,33
2027-06-09 15:00:00,197.4,248.4,84.4,113.0,27
2027-06-09 16:00:00,195.4,260.8,80.9,114.5,22
2027-06-09 17:00:00,199.1,250.4,78.1,121.0,34
2027-06-09 18:00:00,190.9,254.6,80.3,110.6,33
2027-06-09 19:00:00,196.0,261.6,82.2,113.8,30
2027-06-09 20:00:00,198.4,259.6,78.5,119.9,29
2027-06-09 21:00:00,187.5,258.8,79.2,108.3,20
2027-06-09 22:00:00,196.2,253.0,81.8,114.4,20
2027-06-09 23:00:00,186.9,254.2,77.1,109.8,25
2027-06-10 00:00:00,193.1,257.2,78.2,114.9,32
2027-06-10 01:00:00,191.6,258.8,78.8,112.8,33
2027-06-10 02:00:00,204.3,245.6,82.9,121.4,33
2027-06-10 03:00:00,194.7,249.0,82.1,112.6,31
2027-06-10 04:00:00,187.0,242.8,80.5,106.5,22
2027-06-10 05:00:00,187.8,246.8,77.9,109.9,27
2027-06-10 06:00:00,192.0,263.4,78.8,113.2,21
2027-06-10 07:00:00,182.9,252.8,78.9,104.0,23
2027-06-10 08:00:00,193.4,258.0,83.5,109.9,22
2027-06-10 09:00:00,190.3,256.4,81.0,109.3,22
2027-06-10 10:00:00,197.8,249.6,79.3,118.5,32
2027-06-10 11:00:00,195.8,251.8,76.6,119.2,29
2027-06-10 12:00:00,199.3,246.8,80.2,119.1,27
2027-06-10 13:00:00,197.1,254.4,80.9,116.2,26
2027-06-10 14:00:00,186.5,258.2,79.4,107.1,20
2027-06-10 15:00:00,198.0,248.4,85.3,112.7,24
2027-06-10 16:00:00,188.7,266.0,79.5,109.2,25
2027-06-10 17:00:00,188.7,252.0,78.6,110.1,26
2027-06-10 18:00:00,198.2,253.4,79.6,118.6,28
2027-06-10 19:00:00,196.5,263.2,82.8,113.7,29
2027-06-10 20:00:00,203.0,249.2,78.1,124.9,27
2027-06-10 21:00:00,190.1,249.6,81.8,108.3,29
2027-06-10 22:00:00,191.9,259.2,78.0,113.9,21
2027-06-10 23:00:00,183.9,253.4,81.6,102.3,24
2027-06-11 00:00:00,198.0,250.2,81.1,116.9,33
2027-06-11 01:00:00,191.7,241.4,80.1,111.6,25
2027-06-11 02:00:00,203.2,252.4,80.0,123.2,29
2027-06-11 03:00:00,194.0,248.8,80.4,113.6,34
2027-06-11 04:00:00,192.0,252.8,80.4,111.6,23
2027-06-11 05:00:00,198.0,262.2,80.5,117.5,20
2027-06-11 06:00:00,203.3,248.4,79.9,123.4,31
2027-06-11 07:00:00,197.1,249.4,78.7,118.4,34
2027-06-11 08:00:00,198.2,250.0,80.7,117.5,32
2027-06-11 09:00:00,193.5,266.6,79.5,114.0,34
2027-06-11 10:00:00,192.0,253.4,76.5,115.5,24
2027-06-11 11:00:00,192.8,260.4,78.8,114.0,25
2027-06-11 12:00:00,193.3,259.4,79.4,113.9,24
2027-06-11 13:00:00,193.7,254.0,81.8,111.9,29
2027-06-11 14:00:00,193.8,246.4,77.4,116.4,31
2027-06-11 15:00:00,197.2,254.4,77.9,119.3,34
2027-06-11 16:00:00,201.5,242.2,82.6,118.9,33
2027-06-11 17:00:00,190.9,241.4,82.3,108.6,34
2027-06-11 18:00:00,199.9,266.0,83.2,116.7,25
2027-06-11 19:00:00,198.3,254.8,82.7,115.6,33
2027-06-11 20:00:00,201.4,253.6,82.4,119.0,32
2027-06-11 21:00:00,196.1,243.0,80.6,115.5,23
2027-06-11 22:00:00,191.2,252.0,77.8,113.4,22
2027-06-11 23:00:00,186.4,249.8,78.4,108.0,26
2027-06-12 00:00:00,201.6,259.6,81.9,119.7,30
2027-06-12 01:00:00,200.0,251.6,79.9,120.1,20
2027-06-12 02:00:00,190.8,250.8,78.7,112.1,27
2027-06-12 03:00:00,199.9,258.0,78.9,121.0,33
2027-06-12 04:00:00,200.1,256.8,79.0,121.1,27
2027-06-12 05:00:00,198.7,254.2,85.3,113.4,30
2027-06-12 06:00:00,192.4,244.0,82.1,110.3,33
2027-06-12 07:00:00,196.8,258.8,77.9,118.9,28
2027-06-12 08:00:00,195.7,259.4,81.6,114.1,31
2027-06-12 09:00:00,201.0,244.2,79.3,121.7,29
2027-06-12 10:00:00,188.5,247.4,82.2,106.3,22
2027-06-12 11:00:00,186.9,256.8,77.6,109.3,26
2027-06-12 12:00:00,192.4,254.6,79.3,113.1,28
2027-06-12 13:00:00,197.9,250.4,82.7,115.2,30
2027-06-12 14:00:00,187.8,250.2,75.9,111.9,26
2027-06-12 15:00:00,192.9,242.6,79.4,113.5,24
2027-06-12 16:00:00,196.9,266.0,79.6,117.3,27
2027-06-12 17:00:00,195.8,253.4,81.4,114.4,29
2027-06-12 18:00:00,198.6,261.8,80.9,117.7,25
2027-06-12 19:00:00,196.5,236.4,78.3,118.2,30
2027-06-12 20:00:00,189.0,255.2,81.4,107.6,20
2027-06-12 21:00:00,194.9,257.4,78.2,116.7,20
2027-06-12 22:00:00,199.0,259.8,80.9,118.1,31
2027-06-12 23:00:00,188.5,249.0,79.9,108.6,28
2027-06-13 00:00:00,189.5,258.6,80.0,109.5,24
2027-06-13 01:00:00,192.3,255.2,82.6,109.7,24
2027-06-13 02:00:00,188.1,239.8,83.9,104.2,28
2027-06-13 03:00:00,198.6,253.6,82.4,116.2,30
2027-06-13 04:00:00,195.1,254.8,77.2,117.9,31
2027-06-13 05:00:00,191.1,251.8,82.0,109.1,23
2027-06-13 06:00:00,175.6,242.4,78.2,97.4,24
2027-06-13 07:00:00,191.8,255.8,78.3,113.5,21
2027-06-13 08:00:00,191.0,255.8,80.8,110.2,23
2027-06-13 09:00:00,193.0,251.0,78.6,114.4,30
2027-06-13 10:00:00,193.7,251.0,79.3,114.4,31
2027-06-13 11:00:00,184.8,242.2,79.5,105.3,22
2027-06-13 12:00:00,209.2,259.6,83.5,125.7,24
2027-06-13 13:00:00,190.0,256.4,79.8,110.2,28
2027-06-13 14:00:00,194.9,269.0,77.2,117.7,28
2027-06-13 15:00:00,193.3,254.2,83.6,109.7,25
2027-06-13 16:00:00,197.6,262.0,79.0,118.6,31
2027-06-13 17:00:00,193.3,245.0,79.0,114.3,33
2027-06-13 18:00:00,183.5,252.4,81.0,102.5,25
2027-06-13 19:00:00,188.3,252.2,79.2,109.1,32
2027-06-13 20:00:00,192.2,255.4,77.2,115.0,34
2027-06-13 21:00:00,194.9,257.0,83.0,111.9,21
2027-06-13 22:00:00,181.9,251.2,77.1,104.8,28
2027-06-13 23:00:00,198.5,245.6,83.1,115.4,22
2027-06-14 00:00:00,192.6,266.6,82.1,110.5,23
2027-06-14 01:00:00,190.5,253.8,81.5,109.0,23
2027-06-14 02:00:00,187.0,249.0,77.0,110.0,21
2027-06-14 03:00:00,192.6,249.8,79.6,113.0,22
2027-06-14 04:00:00,191.7,255.2,79.1,112.6,28
2027-06-14 05:00:00,204.4,244.8,81.0,123.4,33
2027-06-14 06:00:00,199.9,253.6,81.0,118.9,21
2027-06-14 07:00:00,196.9,250.6,77.3,119.6,27
2027-06-14 08:00:00,193.4,256.8,80.0,113.4,31
2027-06-14 09:00:00,184.5,243.0,79.7,104.8,20
2027-06-14 10:00:00,190.1,246.4,81.5,108.6,31
2027-06-14 11:00:00,192.6,248.2,78.2,114.4,23
2027-06-14 12:00:00,190.6,253.4,78.9,111.7,32
2027-06-14 13:00:00,181.3,266.4,76.8,104.5,30
2027-06-14 14:00:00,189.7,245.0,81.0,108.7,22
2027-06-14 15:00:00,190.0,253.2,78.4,111.6,30
2027-06-14 16:00:00,195.3,246.6,79.9,115.4,30
2027-06-14 17:00:00,185.1,257.4,82.6,102.5,29
2027-06-14 18:00:00,186.3,255.4,79.7,106.6,21
2027-06-14 19:00:00,193.3,250.2,80.0,113.3,24
2027-06-14 20:00:00,191.8,264.2,81.5,110.3,29
2027-06-14 21:00:00,193.5,257.8,80.8,112.7,29
2027-06-14 22:00:00,191.0,266.6,80.9,110.1,27
2027-06-14 23:00:00,194.0,252.8,75.2,118.8,31
2027-06-15 00:00:00,196.1,256.2,80.8,115.3,26
2027-06-15 01:00:00,191.8,253.0,79.2,112.6,22
2027-06-15 02:00:00,190.1,269.0,79.6,110.5,23
2027-06-15 03:00:00,196.1,246.0,82.3,113.8,25
2027-06-15 04:00:00,180.0,260.6,79.1,100.9,23
2027-06-15 05:00:00,185.7,255.6,77.7,108.0,34
2027-06-15 06:00:00,192.5,255.2,80.1,112.4,31
2027-06-15 07:00:00,194.0,251.0,80.8,113.2,25
2027-06-15 08:00:00,191.3,253.4,79.8,111.5,28
2027-06-15 09:00:00,203.3,255.2,80.9,122.4,32
2027-06-15 10:00:00,188.4,250.2,78.8,109.6,30
2027-06-15 11:00:00,200.3,253.8,78.7,121.6,29
2027-06-15 12:00:00,191.1,256.8,80.1,111.0,22
2027-06-15 13:00:00,186.4,254.2,79.1,107.3,29
2027-06-15 14:00:00,196.6,256.6,80.3,116.3,32
2027-06-15 15:00:00,191.1,263.6,77.8,113.3,23
2027-06-15 16:00:00,182.4,240.2,80.6,101.8,20
2027-06-15 17:00:00,195.5,253.4,80.7,114.8,34
2027-06-15 18:00:00,200.3,254.4,81.8,118.5,31
2027-06-15 19:00:00,193.1,255.4,80.6,112.5,28
2027-06-15 20:00:00,193.7,248.8,80.4,113.3,23
2027-06-15 21:00:00,192.5,264.2,82.2,110.3,32
2027-06-15 22:00:00,197.5,252.6,80.3,117.2,32
2027-06-15 23:00:00,189.6,259.8,79.4,110.2,22
2027-06-16 00:00:00,198.4,267.0,81.8,116.6,31
2027-06-16 01:00:00,200.5,247.0,80.4,120.1,26
2027-06-16 02:00:00,192.1,253.2,80.8,111.3,24
2027-06-16 03:00:00,196.0,259.2,78.3,117.7,25
2027-06-16 04:00:00,184.9,259.8,79.7,105.2,23
2027-06-16 05:00:00,193.2,251.8,81.0,112.2,23
2027-06-16 06:00:00,187.2,260.2,81.2,106.0,20
2027-06-16 07:00:00,195.9,256.2,79.5,116.4,31
2027-06-16 08:00:00,196.1,250.8,76.6,119.5,24
2027-06-16 09:00:00,192.3,249.2,79.9,112.4,33
2027-06-16 10:00:00,192.0,253.6,79.6,112.4,30
2027-06-16 11:00:00,182.0,254.8,82.3,99.7,20
2027-06-16 12:00:00,206.2,254.8,82.8,123.4,30
2027-06-16 13:00:00,192.8,256.6,79.8,113.0,25
2027-06-16 14:00:00,205.8,251.6,77.1,128.7,32
2027-06-16 15:00:00,183.9,252.4,78.1,105.8,24
2027-06-16 16:00:00,200.0,255.4,83.1,116.9,34
2027-06-16 17:00:00,194.6,263.4,82.5,112.1,32
2027-06-16 18:00:00,177.2,251.8,80.4,96.8,20
2027-06-16 19:00:00,197.7,248.2,80.5,117.2,34
2027-06-16 20:00:00,191.4,248.8,79.7,111.7,20
2027-06-16 21:00:00,189.6,258.6,77.6,112.0,31
2027-06-16 22:00:00,192.9,258.4,80.3,112.6,27
2027-06-16 23:00:00,193.7,258.4,80.5,113.2,23
2027-06-17 00:00:00,191.2,259.4,76.7,114.5,27
2027-06-17 01:00:00,198.3,242.2,81.4,116.9,20
2027-06-17 02:00:00,189.5,254.4,78.4,111.1,24
2027-06-17 03:00:00,195.6,254.4,78.3,117.3,32
2027-06-17 04:00:00,192.5,257.8,81.4,111.1,28
2027-06-17 05:00:00,187.9,245.2,79.6,108.3,27
2027-06-17 06:00:00,187.6,271.6,79.5,108.1,29
2027-06-17 07:00:00,191.3,262.4,83.2,108.1,33
2027-06-17 08:00:00,190.6,255.4,78.9,111.7,26
2027-06-17 09:00:00,189.8,248.4,81.5,108.3,26
2027-06-17 10:00:00,195.1,250.2,81.9,113.2,24
2027-06-17 11:00:00,199.6,257.6,79.9,119.7,30
2027-06-17 12:00:00,185.0,256.4,79.8,105.2,25
2027-06-17 13:00:00,191.3,256.2,81.1,110.2,28
2027-06-17 14:00:00,195.5,251.4,81.7,113.8,32
2027-06-17 15:00:00,189.7,261.6,78.3,111.4,25
2027-06-17 16:00:00,193.2,247.0,79.1,114.1,29
2027-06-17 17:00:00,193.9,251.8,80.0,113.9,32
2027-06-17 18:00:00,187.0,253.0,78.2,108.8,30
2027-06-17 19:00:00,189.7,258.4,77.0,112.7,25
2027-06-17 20:00:00,186.9,252.0,79.2,107.7,24
2027-06-17 21:00:00,188.2,265.8,78.8,109.4,27
2027-06-17 22:00:00,190.8,261.8,79.4,111.4,25
2027-06-17 23:00:00,205.9,256.2,79.6,126.3,33
2027-06-18 00:00:00,173.9,253.6,76.9,97.0,24
2027-06-18 01:00:00,184.5,256.0,82.9,101.6,28
2027-06-18 02:00:00,183.1,248.6,78.8,104.3,21
2027-06-18 03:00:00,197.6,257.4,82.6,115.0,32
2027-06-18 04:00:00,198.6,255.4,82.4,116.2,26
2027-06-18 05:00:00,197.6,258.8,80.1,117.5,29
2027-06-18 06:00:00,192.8,249.8,83.1,109.7,31
2027-06-18 07:00:00,194.3,250.6,81.5,112.8,27
2027-06-18 08:00:00,186.0,267.6,81.3,104.7,20
2027-06-18 09:00:00,202.2,250.4,82.0,120.2,33
2027-06-18 10:00:00,187.2,268.0,77.1,110.1,34
2027-06-18 11:00:00,193.1,267.0,83.3,109.8,27
2027-06-18 12:00:00,184.2,254.4,79.3,104.9,20
2027-06-18 13:00:00,193.6,258.6,77.8,115.8,24
2027-06-18 14:00:00,191.9,252.0,80.6,111.3,22
2027-06-18 15:00:00,201.7,248.2,78.3,123.4,34
2027-06-18 16:00:00,190.8,259.4,77.4,113.4,24
2027-06-18 17:00:00,191.9,255.6,77.4,114.5,28
2027-06-18 18:00:00,198.5,251.2,81.4,117.1,31
2027-06-18 19:00:00,182.4,253.8,79.1,103.3,21
2027-06-18 20:00:00,187.0,256.6,80.1,106.9,21
2027-06-18 21:00:00,192.5,254.2,81.4,111.1,20
2027-06-18 22:00:00,194.7,251.8,82.3,112.4,26
2027-06-18 23:00:00,197.9,249.6,81.6,116.3,31
2027-06-19 00:00:00,195.0,254.4,83.8,111.2,25
2027-06-19 01:00:00,192.5,261.8,80.2,112.3,31
2027-06-19 02:00:00,188.1,260.4,78.3,109.8,27
2027-06-19 03:00:00,198.8,259.2,80.2,118.6,32
2027-06-19 04:00:00,196.4,251.4,77.0,119.4,25
2027-06-19 05:00:00,193.3,253.6,80.2,113.1,30
2027-06-19 06:00:00,194.8,253.4,79.7,115.1,24
2027-06-19 07:00:00,186.8,246.8,79.4,107.4,20
2027-06-19 08:00:00,186.6,246.6,78.2,108.4,28
2027-06-19 09:00:00,193.8,249.8,79.2,114.6,28
2027-06-19 10:00:00,188.4,260.6,76.3,112.1,24
2027-06-19 11:00:00,202.1,258.8,81.0,121.1,30
2027-06-19 12:00:00,198.2,262.0,77.4,120.8,27
2027-06-19 13:00:00,191.9,261.4,80.0,111.9,23
2027-06-19 14:00:00,187.2,261.0,79.6,107.6,24
2027-06-19 15:00:00,193.2,256.8,80.2,113.0,20
2027-06-19 16:00:00,201.1,247.0,83.4,117.7,23
2027-06-19 17:00:00,194.7,256.8,79.9,114.8,30
2027-06-19 18:00:00,190.8,261.0,78.7,112.1,24
2027-06-19 19:00:00,191.9,243.2,79.3,112.6,20
2027-06-19 20:00:00,187.4,254.2,79.7,107.7,22
2027-06-19 21:00:00,186.5,249.6,82.0,104.5,24
2027-06-19 22:00:00,186.9,247.0,79.3,107.6,29
2027-06-19 23:00:00,187.2,269.2,81.8,105.4,28
2027-06-20 00:00:00,185.5,243.6,80.9,104.6,20
2027-06-20 01:00:00,190.3,260.4,79.7,110.6,26
2027-06-20 02:00:00,194.7,258.0,82.9,111.8,25
2027-06-20 03:00:00,186.9,264.0,77.3,109.6,28
2027-06-20 04:00:00,188.5,253.8,75.6,112.9,26
2027-06-20 05:00:00,189.9,256.6,81.7,108.2,29
2027-06-20 06:00:00,185.4,260.8,76.2,109.2,20
2027-06-20 07:00:00,191.8,255.2,80.7,111.1,30
2027-06-20 08:00:00,191.6,274.4,78.9,112.7,26
2027-06-20 09:00:00,191.3,258.4,81.3,110.0,20
2027-06-20 10:00:00,196.4,258.4,77.4,119.0,24
2027-06-20 11:00:00,196.6,248.0,79.7,116.9,28
2027-06-20 12:00:00,191.2,250.2,80.4,110.8,27
2027-06-20 13:00:00,195.4,261.6,76.3,119.1,28
2027-06-20 14:00:00,201.3,254.6,80.2,121.1,34
2027-06-20 15:00:00,199.8,255.2,81.6,118.2,24
2027-06-20 16:00:00,193.7,262.6,76.6,117.1,29
2027-06-20 17:00:00,189.5,253.4,79.6,109.9,34
2027-06-20 18:00:00,200.8,261.0,78.0,122.8,27
2027-06-20 19:00:00,196.3,253.4,77.7,118.6,29
2027-06-20 20:00:00,195.4,257.4,78.7,116.7,31
2027-06-20 21:00:00,193.1,260.8,81.5,111.6,23
2027-06-20 22:00:00,195.5,253.8,78.7,116.8,23
2027-06-20 23:00:00,195.0,256.0,82.5,112.5,28
2027-06-21 00:00:00,197.5,257.2,79.9,117.6,30
2027-06-21 01:00:00,194.1,252.4,81.8,112.3,26
2027-06-21 02:00:00,191.7,252.8,80.7,111.0,32
2027-06-21 03:00:00,181.9,260.8,75.5,106.4,28
2027-06-21 04:00:00,203.4,259.6,80.4,123.0,28
2027-06-21 05:00:00,189.9,258.0,79.3,110.6,25
2027-06-21 06:00:00,196.2,261.4,75.4,120.8,34
2027-06-21 07:00:00,193.3,263.6,80.7,112.6,26
2027-06-21 08:00:00,184.8,248.0,80.7,104.1,22
2027-06-21 09:00:00,184.8,245.2,81.0,103.8,22
2027-06-21 10:00:00,194.2,248.0,80.3,113.9,23
2027-06-21 11:00:00,194.7,251.6,79.5,115.2,31
2027-06-21 12:00:00,194.5,254.0,81.6,112.9,28
2027-06-21 13:00:00,189.2,260.8,80.8,108.4,20
2027-06-21 14:00:00,190.9,258.6,79.3,111.6,25
2027-06-21 15:00:00,182.2,265.0,83.8,98.4,22
2027-06-21 16:00:00,195.8,253.6,82.3,113.5,22
2027-06-21 17:00:00,186.3,237.8,78.6,107.7,22
2027-06-21 18:00:00,202.2,254.2,83.6,118.6,30
2027-06-21 19:00:00,206.7,257.2,80.7,126.0,33
2027-06-21 20:00:00,205.1,261.4,82.9,122.2,33
2027-06-21 21:00:00,190.7,260.2,78.9,111.8,29
2027-06-21 22:00:00,197.1,248.4,77.1,120.0,33
2027-06-21 23:00:00,190.9,257.0,77.9,113.0,33
2027-06-22 00:00:00,194.4,249.6,81.9,112.5,33
2027-06-22 01:00:00,200.9,257.6,78.1,122.8,26
2027-06-22 02:00:00,192.8,260.8,80.1,112.7,24
2027-06-22 03:00:00,189.3,267.2,75.1,114.2,34
2027-06-22 04:00:00,183.6,254.0,74.4,109.2,21
2027-06-22 05:00:00,202.4,258.0,79.9,122.5,29
2027-06-22 06:00:00,195.3,255.2,81.2,114.1,33
2027-06-22 07:00:00,191.1,259.2,80.2,110.9,31
2027-06-22 08:00:00,187.9,256.0,77.0,110.9,22
2027-06-22 09:00:00,185.6,261.8,78.9,106.7,20
2027-06-22 10:00:00,194.7,253.2,77.7,117.0,26
2027-06-22 11:00:00,196.9,252.0,80.1,116.8,28
2027-06-22 12:00:00,194.1,246.4,76.7,117.4,28
2027-06-22 13:00:00,200.3,269.2,80.3,120.0,20
2027-06-22 14:00:00,187.0,259.8,78.9,108.1,20
2027-06-22 15:00:00,200.8,251.4,84.0,116.8,20
2027-06-22 16:00:00,187.8,258.6,80.8,107.0,27
2027-06-22 17:00:00,190.5,258.4,83.6,106.9,21
2027-06-22 18:00:00,180.4,259.8,76.2,104.2,20
2027-06-22 19:00:00,181.3,246.8,80.7,100.6,21
2027-06-22 20:00:00,184.3,262.0,76.8,107.5,28
2027-06-22 21:00:00,199.1,257.8,79.8,119.3,33
2027-06-22 22:00:00,182.2,253.6,81.2,101.0,23
2027-06-22 23:00:00,193.0,256.6,80.5,112.5,24
2027-06-23 00:00:00,193.8,256.2,78.1,115.7,25
2027-06-23 01:00:00,185.2,260.8,79.1,106.1,23
2027-06-23 02:00:00,191.5,264.0,78.1,113.4,24
2027-06-23 03:00:00,195.7,252.8,83.3,112.4,33
2027-06-23 04:00:00,193.9,244.6,84.2,109.7,25
2027-06-23 05:00:00,199.8,251.4,79.6,120.2,34
2027-06-23 06:00:00,190.8,253.4,78.4,112.4,24
2027-06-23 07:00:00,190.8,246.2,76.3,114.5,31
2027-06-23 08:00:00,183.2,253.4,80.2,103.0,31
2027-06-23 09:00:00,186.4,247.0,78.6,107.8,31
2027-06-23 10:00:00,198.3,251.4,82.1,116.2,25
2027-06-23 11:00:00,193.4,253.2,78.5,114.9,33
2027-06-23 12:00:00,187.8,254.8,78.3,109.5,22
2027-06-23 13:00:00,188.6,252.8,79.9,108.7,25
2027-06-23 14:00:00,194.4,263.8,80.7,113.7,20
2027-06-23 15:00:00,193.2,269.6,78.2,115.0,20
2027-06-23 16:00:00,197.6,262.8,80.8,116.8,33
2027-06-23 17:00:00,203.9,253.6,81.2,122.7,33
2027-06-23 18:00:00,200.5,246.8,82.2,118.3,29
2027-06-23 19:00:00,189.6,270.0,78.8,110.8,22
2027-06-23 20:00:00,185.6,270.8,79.9,105.7,23
2027-06-23 21:00:00,204.8,262.2,79.8,125.0,34
2027-06-23 22:00:00,190.9,256.8,81.1,109.8,34
2027-06-23 23:00:00,184.4,255.2,80.8,103.6,23
2027-06-24 00:00:00,193.7,255.8,79.6,114.1,20
2027-06-24 01:00:00,201.3,257.4,81.3,120.0,30
2027-06-24 02:00:00,189.2,251.2,81.8,107.4,21
2027-06-24 03:00:00,200.7,268.6,77.6,123.1,32
2027-06-24 04:00:00,183.6,256.6,75.4,108.2,32
2027-06-24 05:00:00,199.1,262.6,79.1,120.0,32
2027-06-24 06:00:00,192.1,262.4,80.5,111.6,28
2027-06-24 07:00:00,199.6,272.6,82.0,117.6,31
2027-06-24 08:00:00,202.3,260.2,79.5,122.8,26
2027-06-24 09:00:00,192.0,262.6,78.5,113.5,25
2027-06-24 10:00:00,191.9,251.2,79.6,112.3,21
2027-06-24 11:00:00,194.9,263.6,80.9,114.0,28
2027-06-24 12:00:00,185.1,250.8,80.4,104.7,22
2027-06-24 13:00:00,194.2,259.2,80.0,114.2,30
2027-06-24 14:00:00,194.0,269.0,79.6,114.4,25
2027-06-24 15:00:00,198.8,254.2,78.2,120.6,33
2027-06-24 16:00:00,190.5,262.2,80.3,110.2,24
2027-06-24 17:00:00,193.6,258.8,80.3,113.3,33
2027-06-24 18:00:00,199.1,268.6,78.8,120.3,28
2027-06-24 19:00:00,194.1,263.8,79.6,114.5,32
2027-06-24 20:00:00,201.5,261.6,82.6,118.9,29
2027-06-24 21:00:00,202.8,266.6,86.0,116.8,22
2027-06-24 22:00:00,191.8,267.0,81.0,110.8,28
2027-06-24 23:00:00,193.8,266.2,77.1,116.7,28
2027-06-25 00:00:00,191.7,251.8,76.4,115.3,31
2027-06-25 01:00:00,189.5,268.0,81.0,108.5,26
2027-06-25 02:00:00,196.2,260.4,79.5,116.7,34
2027-06-25 03:00:00,187.9,249.4,78.4,109.5,26
2027-06-25 04:00:00,193.7,257.4,79.0,114.7,30
2027-06-25 05:00:00,196.5,261.2,76.5,120.0,30
2027-06-25 06:00:00,189.0,257.4,81.6,107.4,33
2027-06-25 07:00:00,192.8,249.8,77.9,114.9,34
2027-06-25 08:00:00,192.7,263.4,80.4,112.3,34
2027-06-25 09:00:00,193.2,255.0,80.1,113.1,30
2027-06-25 10:00:00,189.2,264.0,81.2,108.0,20
2027-06-25 11:00:00,196.7,257.8,78.6,118.1,22
2027-06-25 12:00:00,184.8,240.4,76.9,107.9,20
2027-06-25 13:00:00,184.0,259.6,78.5,105.5,34
2027-06-25 14:00:00,187.1,241.4,80.5,106.6,28
2027-06-25 15:00:00,179.5,255.0,73.5,106.0,21
2027-06-25 16:00:00,191.0,260.2,79.3,111.7,25
2027-06-25 17:00:00,190.5,255.0,78.4,112.1,29
2027-06-25 18:00:00,181.5,258.4,78.3,103.2,22
2027-06-25 19:00:00,187.3,257.4,80.5,106.8,23
2027-06-25 20:00:00,193.4,259.4,78.4,115.0,22
2027-06-25 21:00:00,203.9,268.0,82.2,121.7,22
2027-06-25 22:00:00,195.1,253.2,80.1,115.0,32
2027-06-25 23:00:00,197.2,253.4,83.7,113.5,21
2027-06-26 00:00:00,195.0,256.4,78.4,116.6,29
2027-06-26 01:00:00,185.5,260.8,78.4,107.1,28
2027-06-26 02:00:00,184.1,255.6,79.1,105.0,22
2027-06-26 03:00:00,192.8,261.4,77.7,115.1,34
2027-06-26 04:00:00,193.7,252.6,76.8,116.9,32
2027-06-26 05:00:00,184.7,260.4,76.9,107.8,22
2027-06-26 06:00:00,203.7,264.0,81.4,122.3,30
2027-06-26 07:00:00,184.8,265.6,76.7,108.1,25
2027-06-26 08:00:00,204.0,252.4,84.1,119.9,26
2027-06-26 09:00:00,199.7,266.8,80.9,118.8,27
2027-06-26 10:00:00,187.0,260.6,76.6,110.4,24
2027-06-26 11:00:00,191.5,253.6,83.7,107.8,21
2027-06-26 12:00:00,203.7,267.8,80.7,123.0,29
2027-06-26 13:00:00,197.1,262.6,81.9,115.2,27
2027-06-26 14:00:00,191.7,259.0,78.5,113.2,30
2027-06-26 15:00:00,198.8,255.6,78.2,120.6,27
2027-06-26 16:00:00,195.5,253.6,80.6,114.9,25
2027-06-26 17:00:00,205.1,254.0,78.6,126.5,33
2027-06-26 18:00:00,188.6,261.8,80.1,108.5,23
2027-06-26 19:00:00,192.6,259.6,80.3,112.3,31
2027-06-26 20:00:00,189.0,252.8,78.2,110.8,22
2027-06-26 21:00:00,202.1,252.6,82.6,119.5,23
2027-06-26 22:00:00,196.8,252.0,80.3,116.5,25
2027-06-26 23:00:00,205.6,254.4,81.9,123.7,30
2027-06-27 00:00:00,196.6,263.2,81.9,114.7,32
2027-06-27 01:00:00,191.4,262.6,81.2,110.2,28
2027-06-27 02:00:00,190.2,259.4,80.5,109.7,26
2027-06-27 03:00:00,188.6,252.6,82.0,106.6,23
2027-06-27 04:00:00,194.0,262.4,79.1,114.9,27
2027-06-27 05:00:00,188.1,253.2,77.4,110.7,30
2027-06-27 06:00:00,187.6,245.0,76.2,111.4,23
2027-06-27 07:00:00,185.8,275.4,79.0,106.8,28
2027-06-27 08:00:00,193.3,264.6,82.1,111.2,27
2027-06-27 09:00:00,191.4,261.8,79.9,111.5,24
2027-06-27 10:00:00,192.5,245.0,78.7,113.8,29
2027-06-27 11:00:00,207.3,253.0,80.0,127.3,33
2027-06-27 12:00:00,191.7,263.4,78.8,112.9,23
2027-06-27 13:00:00,201.5,254.2,80.3,121.2,33
2027-06-27 14:00:00,203.2,261.4,76.6,126.6,34
2027-06-27 15:00:00,197.9,258.4,81.2,116.7,28
2027-06-27 16:00:00,201.6,257.0,81.8,119.8,28
2027-06-27 17:00:00,195.5,254.0,80.8,114.7,20
2027-06-27 18:00:00,191.3,254.4,81.0,110.3,33
2027-06-27 19:00:00,193.2,257.8,80.9,112.3,33
2027-06-27 20:00:00,198.1,255.2,81.2,116.9,20
2027-06-27 21:00:00,191.4,255.4,79.5,111.9,34
2027-06-27 22:00:00,194.9,254.4,79.2,115.7,27
2027-06-27 23:00:00,188.0,255.4,80.0,108.0,33
2027-06-28 00:00:00,196.1,261.2,77.9,118.2,33
2027-06-28 01:00:00,189.6,261.0,81.2,108.4,22
2027-06-28 02:00:00,197.4,255.4,81.0,116.4,26
2027-06-28 03:00:00,200.3,251.2,81.6,118.7,32
2027-06-28 04:00:00,196.1,264.0,81.0,115.1,27
2027-06-28 05:00:00,198.4,257.8,79.5,118.9,34
2027-06-28 06:00:00,192.0,254.6,80.5,111.5,29
2027-06-28 07:00:00,191.5,254.8,79.3,112.2,20
2027-06-28 08:00:00,197.1,257.6,75.9,121.2,28
2027-06-28 09:00:00,201.2,254.0,80.7,120.5,33
2027-06-28 10:00:00,197.4,247.0,78.5,118.9,22
2027-06-28 11:00:00,192.3,261.4,77.3,115.0,22
2027-06-28 12:00:00,188.9,250.6,78.7,110.2,24
2027-06-28 13:00:00,197.9,255.4,80.1,117.8,31
2027-06-28 14:00:00,185.0,244.8,77.1,107.9,26
2027-06-28 15:00:00,187.4,263.8,81.9,105.5,21
2027-06-28 16:00:00,193.9,260.0,80.4,113.5,26
2027-06-28 17:00:00,195.3,260.6,75.9,119.4,22
2027-06-28 18:00:00,190.4,266.0,79.2,111.2,24
2027-06-28 19:00:00,190.0,257.6,80.7,109.3,26
2027-06-28 20:00:00,200.6,256.0,80.0,120.6,34
2027-06-28 21:00:00,198.6,256.8,81.4,117.2,34
2027-06-28 22:00:00,186.9,258.4,78.1,108.8,20
2027-06-28 23:00:00,192.9,251.8,82.2,110.7,26
2027-06-29 00:00:00,185.7,256.2,76.9,108.8,21
2027-06-29 01:00:00,203.0,264.4,81.5,121.5,24
2027-06-29 02:00:00,208.6,261.6,81.7,126.9,34
2027-06-29 03:00:00,191.5,256.6,76.5,115.0,22
2027-06-29 04:00:00,180.8,257.6,77.5,103.3,20
2027-06-29 05:00:00,185.3,257.0,78.3,107.0,31
2027-06-29 06:00:00,197.0,258.4,79.9,117.1,22
2027-06-29 07:00:00,183.8,262.8,77.2,106.6,22
2027-06-29 08:00:00,199.6,262.6,79.2,120.4,29
2027-06-29 09:00:00,194.2,249.6,79.9,114.3,20
2027-06-29 10:00:00,192.1,261.4,78.7,113.4,30
2027-06-29 11:00:00,197.3,250.2,81.9,115.4,29
2027-06-29 12:00:00,201.2,262.0,83.2,118.0,22
2027-06-29 13:00:00,198.6,263.6,82.5,116.1,30
2027-06-29 14:00:00,189.9,260.2,80.2,109.7,30
2027-06-29 15:00:00,186.1,235.0,77.0,109.1,31
2027-06-29 16:00:00,195.3,260.8,81.4,113.9,26
2027-06-29 17:00:00,195.1,259.0,81.3,113.8,28
2027-06-29 18:00:00,190.0,260.8,80.6,109.4,33
2027-06-29 19:00:00,199.1,262.2,77.3,121.8,22
2027-06-29 20:00:00,199.2,259.2,86.0,113.2,28
2027-06-29 21:00:00,189.6,252.6,81.3,108.3,25
2027-06-29 22:00:00,192.3,259.8,82.1,110.2,23
2027-06-29 23:00:00,206.8,251.8,80.5,126.3,32
2027-06-30 00:00:00,191.2,259.0,82.2,109.0,30
2027-06-30 01:00:00,188.9,268.2,78.9,110.0,20
2027-06-30 02:00:00,186.8,259.8,79.7,107.1,28
2027-06-30 03:00:00,197.1,251.6,78.2,118.9,29
2027-06-30 04:00:00,191.0,248.4,77.9,113.1,25
2027-06-30 05:00:00,193.8,255.4,78.7,115.1,26
2027-06-30 06:00:00,194.1,259.0,81.7,112.4,22
2027-06-30 07:00:00,196.6,264.4,80.9,115.7,25
2027-06-30 08:00:00,194.8,256.8,78.2,116.6,23
2027-06-30 09:00:00,192.6,257.4,80.9,111.7,27
2027-06-30 10:00:00,186.7,257.8,79.9,106.8,26
2027-06-30 11:00:00,197.0,261.2,81.2,115.8,29
2027-06-30 12:00:00,203.1,264.6,81.3,121.8,28
2027-06-30 13:00:00,190.0,267.2,82.6,107.4,21
2027-06-30 14:00:00,197.6,259.8,79.1,118.5,32
2027-06-30 15:00:00,202.6,259.8,79.9,122.7,34
2027-06-30 16:00:00,190.7,247.6,80.1,110.6,25
2027-06-30 17:00:00,186.2,258.6,81.1,105.1,23
2027-06-30 18:00:00,193.5,258.0,81.7,111.8,33
2027-06-30 19:00:00,199.7,249.2,77.2,122.5,34
2027-06-30 20:00:00,184.5,256.8,79.8,104.7,25
2027-06-30 21:00:00,192.9,256.8,78.3,114.6,33
2027-06-30 22:00:00,188.4,260.2,79.0,109.4,23
2027-06-30 23:00:00,191.3,261.0,84.3,107.0,20
2027-07-01 00:00:00,191.7,265.8,80.6,111.1,22
2027-07-01 01:00:00,185.7,261.6,77.0,108.7,25
2027-07-01 02:00:00,193.6,256.8,78.4,115.2,32
2027-07-01 03:00:00,187.5,250.8,80.0,107.5,23
2027-07-01 04:00:00,200.7,254.4,79.8,120.9,29
2027-07-01 05:00:00,193.4,254.2,79.5,113.9,34
2027-07-01 06:00:00,191.7,259.4,78.1,113.6,24
2027-07-01 07:00:00,195.9,272.2,80.0,115.9,24
2027-07-01 08:00:00,194.5,265.8,82.6,111.9,33
2027-07-01 09:00:00,185.2,253.2,76.8,108.4,24
2027-07-01 10:00:00,196.4,265.2,78.8,117.6,30
2027-07-01 11:00:00,194.3,255.6,81.6,112.7,25
2027-07-01 12:00:00,200.6,259.2,79.0,121.6,28
2027-07-01 13:00:00,195.5,246.6,79.1,116.4,31
2027-07-01 14:00:00,193.2,255.0,78.2,115.0,31
2027-07-01 15:00:00,198.0,253.0,79.0,119.0,25
2027-07-01 16:00:00,201.5,253.0,75.7,125.8,31
2027-07-01 17:00:00,195.1,263.2,82.5,112.6,26
2027-07-01 18:00:00,183.8,253.4,81.7,102.1,21
2027-07-01 19:00:00,197.1,258.0,81.5,115.6,32
2027-07-01 20:00:00,189.8,268.8,77.5,112.3,25
2027-07-01 21:00:00,188.1,253.8,77.1,111.0,24
2027-07-01 22:00:00,202.7,259.4,83.3,119.4,27
2027-07-01 23:00:00,199.2,255.8,79.5,119.7,33
2027-07-02 00:00:00,199.0,261.6,79.5,119.5,32
2027-07-02 01:00:00,197.9,258.4,79.4,118.5,29
2027-07-02 02:00:00,189.7,262.4,78.7,111.0,26
2027-07-02 03:00:00,194.6,255.8,79.2,115.4,21
2027-07-02 04:00:00,192.9,253.6,77.6,115.3,31
2027-07-02 05:00:00,194.5,268.8,81.6,112.9,21
2027-07-02 06:00:00,175.9,260.8,80.2,95.7,27
2027-07-02 07:00:00,199.7,251.6,78.9,120.8,25
2027-07-02 08:00:00,184.9,257.2,78.4,106.5,23
2027-07-02 09:00:00,199.8,252.6,79.7,120.1,32
2027-07-02 10:00:00,195.5,267.4,81.2,114.3,30
2027-07-02 11:00:00,198.4,263.0,78.9,119.5,25
2027-07-02 12:00:00,197.6,254.6,78.1,119.5,26
2027-07-02 13:00:00,192.0,249.0,82.1,109.9,23
2027-07-02 14:00:00,196.6,271.8,80.8,115.8,34
2027-07-02 15:00:00,194.6,256.2,79.7,114.9,29
2027-07-02 16:00:00,191.6,264.8,75.9,115.7,34
2027-07-02 17:00:00,184.3,261.2,81.5,102.8,23
2027-07-02 18:00:00,194.6,255.6,76.9,117.7,25
2027-07-02 19:00:00,189.9,263.8,82.1,107.8,23
2027-07-02 20:00:00,200.7,256.4,81.1,119.6,31
2027-07-02 21:00:00,188.1,261.6,79.6,108.5,30
2027-07-02 22:00:00,187.9,257.4,78.3,109.6,24
2027-07-02 23:00:00,200.2,257.6,78.1,122.1,28
2027-07-03 00:00:00,205.2,267.0,78.5,126.7,25
2027-07-03 01:00:00,190.4,260.4,78.3,112.1,26
2027-07-03 02:00:00,186.0,253.0,77.9,108.1,21
2027-07-03 03:00:00,204.6,254.8,79.7,124.9,24
2027-07-03 04:00:00,181.7,256.4,75.6,106.1,28
2027-07-03 05:00:00,181.8,268.4,79.8,102.0,31
2027-07-03 06:00:00,200.2,251.4,80.6,119.6,32
2027-07-03 07:00:00,198.1,265.4,83.4,114.7,23
2027-07-03 08:00:00,192.9,256.0,80.4,112.5,28
2027-07-03 09:00:00,201.4,255.6,79.2,122.2,29
2027-07-03 10:00:00,194.0,260.8,79.4,114.6,28
2027-07-03 11:00:00,198.5,265.2,80.1,118.4,29
2027-07-03 12:00:00,193.8,257.2,78.6,115.2,24
2027-07-03 13:00:00,191.1,255.8,81.2,109.9,22
2027-07-03 14:00:00,188.6,259.2,78.1,110.5,21
2027-07-03 15:00:00,194.3,251.8,79.8,114.5,25
2027-07-03 16:00:00,195.7,243.6,74.5,121.2,33
2027-07-03 17:00:00,186.7,255.6,79.5,107.2,21
2027-07-03 18:00:00,198.6,249.8,82.4,116.2,28
2027-07-03 19:00:00,192.6,253.0,83.2,109.4,27
2027-07-03 20:00:00,195.3,256.2,80.6,114.7,32
2027-07-03 21:00:00,194.9,271.4,79.9,115.0,29
2027-07-03 22:00:00,194.1,269.4,80.0,114.1,31
2027-07-03 23:00:00,204.3,269.0,84.4,119.9,22
2027-07-04 00:00:00,190.2,266.4,79.7,110.5,25
2027-07-04 01:00:00,188.8,260.8,80.5,108.3,25
2027-07-04 02:00:00,193.4,258.6,79.3,114.1,30
2027-07-04 03:00:00,196.2,259.4,81.3,114.9,28
2027-07-04 04:00:00,192.4,253.2,82.0,110.4,22
2027-07-04 05:00:00,189.8,255.6,77.3,112.5,33
2027-07-04 06:00:00,196.7,260.0,83.2,113.5,28
2027-07-04 07:00:00,186.1,263.2,80.5,105.6,21
2027-07-04 08:00:00,194.2,262.8,79.3,114.9,27
2027-07-04 09:00:00,193.7,264.4,78.9,114.8,22
2027-07-04 10:00:00,188.9,254.2,79.9,109.0,25
2027-07-04 11:00:00,194.8,247.0,80.8,114.0,31
2027-07-04 12:00:00,192.4,249.8,81.4,111.0,20
2027-07-04 13:00:00,187.7,256.6,78.4,109.3,33
2027-07-04 14:00:00,195.1,262.4,81.8,113.3,24
2027-07-04 15:00:00,189.0,261.0,78.9,110.1,27
2027-07-04 16:00:00,187.6,260.6,79.8,107.8,23
2027-07-04 17:00:00,189.9,260.4,76.9,113.0,28
2027-07-04 18:00:00,193.5,256.4,76.8,116.7,31
2027-07-04 19:00:00,199.9,256.6,80.1,119.8,25
2027-07-04 20:00:00,198.1,254.4,83.6,114.5,32
2027-07-04 21:00:00,188.8,258.2,78.7,110.1,30
2027-07-04 22:00:00,196.9,254.8,81.4,115.5,32
2027-07-04 23:00:00,193.1,254.4,78.6,114.5,30
2027-07-05 00:00:00,193.3,263.0,77.3,116.0,30
2027-07-05 01:00:00,190.3,266.2,79.9,110.4,24
2027-07-05 02:00:00,190.6,263.8,79.4,111.2,29
2027-07-05 03:00:00,188.0,259.8,78.3,109.7,20
2027-07-05 04:00:00,196.4,262.0,78.9,117.5,24
2027-07-05 05:00:00,199.8,255.8,82.4,117.4,33
2027-07-05 06:00:00,194.0,255.6,79.7,114.3,23
2027-07-05 07:00:00,188.1,264.8,80.0,108.1,22
2027-07-05 08:00:00,188.6,251.8,83.9,104.7,21
2027-07-05 09:00:00,192.9,266.0,83.5,109.4,28
2027-07-05 10:00:00,189.4,244.6,76.2,113.2,32
2027-07-05 11:00:00,196.1,264.2,81.1,115.0,28
2027-07-05 12:00:00,200.7,260.4,82.6,118.1,32
2027-07-05 13:00:00,204.7,263.0,82.1,122.6,33
2027-07-05 14:00:00,204.4,258.6,79.6,124.8,33
2027-07-05 15:00:00,202.5,259.4,81.4,121.1,26
2027-07-05 16:00:00,183.7,261.6,79.5,104.2,20
2027-07-05 17:00:00,194.2,259.8,79.4,114.8,28
2027-07-05 18:00:00,186.6,260.2,79.8,106.8,25
2027-07-05 19:00:00,193.0,254.0,78.4,114.6,28
2027-07-05 20:00:00,202.2,254.4,77.0,125.2,30
2027-07-05 21:00:00,193.6,259.0,80.1,113.5,22
2027-07-05 22:00:00,202.1,270.4,80.9,121.2,29
2027-07-05 23:00:00,199.6,266.6,78.7,120.9,29
2027-07-06 00:00:00,199.3,253.6,81.3,118.0,30
2027-07-06 01:00:00,186.8,276.8,81.2,105.6,21
2027-07-06 02:00:00,187.9,267.4,81.0,106.9,22
2027-07-06 03:00:00,192.9,254.2,78.7,114.2,20
2027-07-06 04:00:00,190.7,250.0,79.2,111.5,33
2027-07-06 05:00:00,203.5,263.0,86.2,117.3,32
2027-07-06 06:00:00,190.7,255.0,77.4,113.3,33
2027-07-06 07:00:00,195.8,269.2,81.2,114.6,20
2027-07-06 08:00:00,187.1,260.4,78.4,108.7,27
2027-07-06 09:00:00,185.0,267.0,74.7,110.3,33
2027-07-06 10:00:00,184.3,263.6,80.0,104.3,23
2027-07-06 11:00:00,191.9,264.4,85.2,106.7,28
2027-07-06 12:00:00,194.1,245.6,81.4,112.7,33
2027-07-06 13:00:00,198.3,257.8,83.8,114.5,34
2027-07-06 14:00:00,190.9,250.2,82.0,108.9,25
2027-07-06 15:00:00,191.0,265.0,75.6,115.4,30
2027-07-06 16:00:00,188.6,256.8,79.9,108.7,20
2027-07-06 17:00:00,201.9,257.0,81.0,120.9,34
2027-07-06 18:00:00,197.0,262.8,79.5,117.5,33
2027-07-06 19:00:00,198.3,255.8,79.1,119.2,28
2027-07-06 20:00:00,187.2,258.8,77.3,109.9,32
2027-07-06 21:00:00,189.7,256.2,74.7,115.0,33
2027-07-06 22:00:00,198.0,250.8,81.0,117.0,24
2027-07-06 23:00:00,192.7,264.8,77.5,115.2,32
2027-07-07 00:00:00,194.8,263.2,82.2,112.6,33
2027-07-07 01:00:00,191.4,271.6,79.9,111.5,26
2027-07-07 02:00:00,184.8,265.6,75.4,109.4,30
2027-07-07 03:00:00,194.2,267.6,80.5,113.7,26
2027-07-07 04:00:00,190.9,271.6,79.6,111.3,27
2027-07-07 05:00:00,197.7,259.0,80.3,117.4,28
2027-07-07 06:00:00,186.3,258.4,79.0,107.3,21
2027-07-07 07:00:00,208.0,245.2,81.8,126.2,34
2027-07-07 08:00:00,199.7,267.4,80.8,118.9,21
2027-07-07 09:00:00,202.6,259.2,80.4,122.2,33
2027-07-07 10:00:00,185.6,260.0,73.0,112.6,23
2027-07-07 11:00:00,190.1,259.8,76.7,113.4,33
2027-07-07 12:00:00,182.5,257.2,77.3,105.2,20
2027-07-07 13:00:00,197.9,258.4,76.1,121.8,22
2027-07-07 14:00:00,198.1,260.0,79.3,118.8,32
2027-07-07 15:00:00,197.4,255.4,82.2,115.2,32
2027-07-07 16:00:00,182.1,263.6,80.0,102.1,25
2027-07-07 17:00:00,194.3,257.4,78.7,115.6,26
2027-07-07 18:00:00,198.6,266.6,77.2,121.4,26
2027-07-07 19:00:00,203.1,261.2,82.6,120.5,32
2027-07-07 20:00:00,189.4,264.6,82.9,106.5,22
2027-07-07 21:00:00,201.3,259.0,82.8,118.5,24
2027-07-07 22:00:00,188.7,257.4,81.5,107.2,21
2027-07-07 23:00:00,186.2,262.2,75.6,110.6,27
2027-07-08 00:00:00,187.1,256.8,77.6,109.5,23
2027-07-08 01:00:00,178.0,266.2,76.9,101.1,22
2027-07-08 02:00:00,190.1,250.8,75.4,114.7,23
2027-07-08 03:00:00,192.9,259.8,81.4,111.5,21
2027-07-08 04:00:00,184.8,266.6,80.0,104.8,21
2027-07-08 05:00:00,185.3,261.2,81.7,103.6,22
2027-07-08 06:00:00,191.2,266.8,81.4,109.8,24
2027-07-08 07:00:00,202.5,262.4,82.0,120.5,33
2027-07-08 08:00:00,185.1,265.0,81.2,103.9,30
2027-07-08 09:00:00,196.3,251.2,80.8,115.5,28
2027-07-08 10:00:00,197.9,265.6,80.0,117.9,33
2027-07-08 11:00:00,181.2,256.4,78.4,102.8,26
2027-07-08 12:00:00,194.5,254.6,81.3,113.2,26
2027-07-08 13:00:00,192.8,256.4,78.4,114.4,32
2027-07-08 14:00:00,198.0,256.8,81.7,116.3,30
2027-07-08 15:00:00,190.9,254.6,80.2,110.7,32
2027-07-08 16:00:00,197.2,254.0,82.3,114.9,29
2027-07-08 17:00:00,201.2,259.0,81.6,119.6,22
2027-07-08 18:00:00,195.9,262.0,79.5,116.4,24
2027-07-08 19:00:00,202.9,256.8,82.6,120.3,30
2027-07-08 20:00:00,193.7,266.0,81.8,111.9,25
2027-07-08 21:00:00,193.3,279.2,75.7,117.6,30
2027-07-08 22:00:00,191.7,274.6,82.5,109.2,22
2027-07-08 23:00:00,193.8,259.6,80.5,113.3,28
2027-07-09 00:00:00,182.4,268.6,82.0,100.4,22
2027-07-09 01:00:00,200.4,254.4,83.7,116.7,32
2027-07-09 02:00:00,183.9,264.0,78.5,105.4,21
2027-07-09 03:00:00,190.6,261.0,79.9,110.7,20
2027-07-09 04:00:00,201.4,256.0,84.3,117.1,25
2027-07-09 05:00:00,182.1,262.8,75.7,106.4,24
2027-07-09 06:00:00,191.0,262.6,79.8,111.2,32
2027-07-09 07:00:00,199.4,250.8,80.8,118.6,32
2027-07-09 08:00:00,192.4,261.0,81.3,111.1,26
2027-07-09 09:00:00,201.7,262.8,81.6,120.1,31
2027-07-09 10:00:00,184.2,252.2,78.1,106.1,22
2027-07-09 11:00:00,200.3,250.2,81.6,118.7,21
2027-07-09 12:00:00,185.7,263.0,78.9,106.8,21
2027-07-09 13:00:00,188.0,260.4,83.3,104.7,28
2027-07-09 14:00:00,196.6,264.6,81.9,114.7,31
2027-07-09 15:00:00,188.6,257.4,77.6,111.0,26
2027-07-09 16:00:00,194.4,266.0,79.7,114.7,26
2027-07-09 17:00:00,194.4,261.0,79.8,114.6,34
2027-07-09 18:00:00,201.9,271.6,79.5,122.4,32
2027-07-09 19:00:00,202.6,252.6,83.1,119.5,29
2027-07-09 20:00:00,190.4,257.8,78.1,112.3,27
2027-07-09 21:00:00,199.8,263.6,83.5,116.3,34
2027-07-09 22:00:00,199.9,248.2,82.0,117.9,27
2027-07-09 23:00:00,196.6,263.0,78.5,118.1,32
2027-07-10 00:00:00,195.6,249.8,81.4,114.2,22
2027-07-10 01:00:00,204.5,268.4,81.7,122.8,32
2027-07-10 02:00:00,187.0,252.0,78.7,108.3,32
2027-07-10 03:00:00,189.5,262.0,79.2,110.3,27
2027-07-10 04:00:00,193.8,261.2,80.8,113.0,27
2027-07-10 05:00:00,182.0,259.0,80.1,101.9,21
2027-07-10 06:00:00,186.7,252.0,77.5,109.2,27
2027-07-10 07:00:00,197.7,250.6,79.8,117.9,32
2027-07-10 08:00:00,191.4,258.0,79.8,111.6,33
2027-07-10 09:00:00,190.0,261.0,81.6,108.4,34
2027-07-10 10:00:00,178.6,257.2,80.9,97.7,23
2027-07-10 11:00:00,201.0,252.2,80.8,120.2,23
2027-07-10 12:00:00,200.2,251.0,84.6,115.6,21
2027-07-10 13:00:00,196.2,265.0,80.8,115.4,24
2027-07-10 14:00:00,183.4,265.0,80.9,102.5,20
2027-07-10 15:00:00,190.9,266.4,78.4,112.5,24
2027-07-10 16:00:00,203.3,252.0,83.8,119.5,30
2027-07-10 17:00:00,207.9,263.2,79.6,128.3,30
2027-07-10 18:00:00,195.6,256.6,79.5,116.1,29
2027-07-10 19:00:00,187.0,250.0,78.3,108.7,25
2027-07-10 20:00:00,191.5,261.0,78.1,113.4,34
2027-07-10 21:00:00,189.3,263.6,81.7,107.6,30
2027-07-10 22:00:00,178.2,272.4,77.6,100.6,24
2027-07-10 23:00:00,185.5,257.6,78.7,106.8,20
2027-07-11 00:00:00,190.1,251.6,80.9,109.2,24
2027-07-11 01:00:00,199.4,261.6,81.9,117.5,30
2027-07-11 02:00:00,184.3,257.6,80.0,104.3,20
2027-07-11 03:00:00,203.8,258.8,82.0,121.8,34
2027-07-11 04:00:00,189.9,261.0,78.5,111.4,23
2027-07-11 05:00:00,192.0,257.8,79.2,112.8,30
2027-07-11 06:00:00,197.7,257.8,77.0,120.7,33
2027-07-11 07:00:00,189.7,261.8,79.3,110.4,27
2027-07-11 08:00:00,189.2,263.4,78.0,111.2,20
2027-07-11 09:00:00,203.2,243.8,82.3,120.9,27
2027-07-11 10:00:00,201.1,273.4,79.9,121.2,28
2027-07-11 11:00:00,200.9,264.8,82.0,118.9,28
2027-07-11 12:00:00,188.0,259.6,80.2,107.8,20
2027-07-11 13:00:00,203.0,247.0,79.7,123.3,34
2027-07-11 14:00:00,193.6,262.0,79.7,113.9,26
2027-07-11 15:00:00,192.5,244.2,76.1,116.4,29
2027-07-11 16:00:00,202.1,267.2,84.7,117.4,23
2027-07-11 17:00:00,187.6,253.0,78.6,109.0,21
2027-07-11 18:00:00,201.3,258.0,83.3,118.0,30
2027-07-11 19:00:00,199.7,255.2,81.5,118.2,20
2027-07-11 20:00:00,193.3,261.0,80.6,112.7,20
2027-07-11 21:00:00,193.2,265.2,81.6,111.6,34
2027-07-11 22:00:00,190.0,252.4,78.6,111.4,25
2027-07-11 23:00:00,187.5,260.4,79.5,108.0,20
2027-07-12 00:00:00,191.3,254.2,76.9,114.4,31
2027-07-12 01:00:00,187.7,266.6,77.2,110.5,22
2027-07-12 02:00:00,199.2,269.4,82.6,116.6,32
2027-07-12 03:00:00,190.6,262.2,78.0,112.6,20
2027-07-12 04:00:00,200.0,260.8,82.2,117.8,30
2027-07-12 05:00:00,194.6,267.0,80.3,114.3,26
2027-07-12 06:00:00,184.3,265.2,79.0,105.3,31
2027-07-12 07:00:00,190.2,255.6,82.0,108.2,20
2027-07-12 08:00:00,186.2,262.0,76.9,109.3,25
2027-07-12 09:00:00,188.2,256.4,78.5,109.7,20
2027-07-12 10:00:00,181.1,267.6,78.2,102.9,24
2027-07-12 11:00:00,185.1,261.6,78.2,106.9,21
2027-07-12 12:00:00,203.1,258.0,83.4,119.7,33
2027-07-12 13:00:00,192.0,255.0,79.5,112.5,29
2027-07-12 14:00:00,197.8,254.4,81.1,116.7,30
2027-07-12 15:00:00,195.6,260.0,83.8,111.8,27
2027-07-12 16:00:00,191.7,256.6,76.8,114.9,21
2027-07-12 17:00:00,183.2,253.8,77.0,106.2,32
2027-07-12 18:00:00,196.2,260.2,78.9,117.3,26
2027-07-12 19:00:00,193.5,268.0,80.3,113.2,26
2027-07-12 20:00:00,197.0,260.6,83.1,113.9,27
2027-07-12 21:00:00,196.1,262.0,79.9,116.2,20
2027-07-12 22:00:00,205.7,255.6,80.1,125.6,32
2027-07-12 23:00:00,194.5,261.2,82.9,111.6,31
2027-07-13 00:00:00,197.3,252.2,84.1,113.2,20
2027-07-13 01:00:00,199.7,243.6,80.9,118.8,32
2027-07-13 02:00:00,197.7,273.6,78.5,119.2,29
2027-07-13 03:00:00,200.3,270.8,80.9,119.4,29
2027-07-13 04:00:00,187.0,241.2,76.4,110.6,29
2027-07-13 05:00:00,196.7,263.4,79.6,117.1,29
2027-07-13 06:00:00,191.6,260.6,80.5,111.1,21
2027-07-13 07:00:00,193.1,266.4,81.1,112.0,27
2027-07-13 08:00:00,192.3,261.2,75.2,117.1,26
2027-07-13 09:00:00,190.2,266.8,82.1,108.1,31
2027-07-13 10:00:00,199.1,272.4,78.0,121.1,29
2027-07-13 11:00:00,190.1,262.4,80.3,109.8,21
2027-07-13 12:00:00,186.8,265.6,81.0,105.8,25
2027-07-13 13:00:00,192.1,261.4,80.1,112.0,28
2027-07-13 14:00:00,190.5,266.8,81.6,108.9,20
2027-07-13 15:00:00,194.9,256.4,81.0,113.9,27
2027-07-13 16:00:00,184.9,255.6,79.3,105.6,22
2027-07-13 17:00:00,187.8,259.4,76.1,111.7,21
2027-07-13 18:00:00,185.6,256.8,81.2,104.4,23
2027-07-13 19:00:00,206.0,269.6,82.5,123.5,31
2027-07-13 20:00:00,196.9,255.6,83.2,113.7,22
2027-07-13 21:00:00,193.8,248.8,81.3,112.5,30
2027-07-13 22:00:00,199.2,263.8,83.6,115.6,28
2027-07-13 23:00:00,204.7,259.4,85.9,118.8,32
2027-07-14 00:00:00,194.0,257.0,80.2,113.8,24
2027-07-14 01:00:00,187.7,262.6,76.9,110.8,22
2027-07-14 02:00:00,188.9,263.0,82.0,106.9,26
2027-07-14 03:00:00,193.6,269.8,81.9,111.7,29
2027-07-14 04:00:00,201.6,266.6,82.6,119.0,23
2027-07-14 05:00:00,198.6,255.8,82.2,116.4,26
2027-07-14 06:00:00,184.5,256.8,81.0,103.5,22
2027-07-14 07:00:00,191.3,265.0,82.3,109.0,20
2027-07-14 08:00:00,187.5,261.4,82.6,104.9,22
2027-07-14 09:00:00,192.0,257.4,79.5,112.5,24
2027-07-14 10:00:00,185.1,259.0,79.7,105.4,26
2027-07-14 11:00:00,193.3,263.8,80.4,112.9,34
2027-07-14 12:00:00,186.9,260.4,79.7,107.2,23
2027-07-14 13:00:00,194.0,263.2,79.6,114.4,29
2027-07-14 14:00:00,189.2,262.4,78.8,110.4,21
2027-07-14 15:00:00,202.5,250.8,80.7,121.8,27
2027-07-14 16:00:00,193.1,261.4,79.6,113.5,29
2027-07-14 17:00:00,201.1,263.4,83.0,118.1,34
2027-07-14 18:00:00,196.2,260.2,78.0,118.2,32
2027-07-14 19:00:00,193.4,255.8,81.9,111.5,33
2027-07-14 20:00:00,187.8,259.8,79.7,108.1,31
2027-07-14 21:00:00,195.0,269.2,77.5,117.5,25
2027-07-14 22:00:00,207.8,261.8,81.0,126.8,34
2027-07-14 23:00:00,195.5,257.6,81.4,114.1,31
2027-07-15 00:00:00,196.8,258.0,79.3,117.5,31
2027-07-15 01:00:00,190.9,255.0,76.8,114.1,27
2027-07-15 02:00:00,198.7,262.0,85.0,113.7,32
2027-07-15 03:00:00,184.9,257.8,80.8,104.1,28
2027-07-15 04:00:00,206.5,241.4,81.9,124.6,33
2027-07-15 05:00:00,194.9,275.4,79.2,115.7,30
2027-07-15 06:00:00,201.1,249.2,83.8,117.3,25
2027-07-15 07:00:00,200.1,255.4,82.9,117.2,34
2027-07-15 08:00:00,191.7,265.4,79.2,112.5,26
2027-07-15 09:00:00,194.5,255.8,78.0,116.5,23
2027-07-15 10:00:00,204.8,260.6,80.8,124.0,31
2027-07-15 11:00:00,196.4,257.0,80.0,116.4,24
2027-07-15 12:00:00,191.5,245.8,80.4,111.1,31
2027-07-15 13:00:00,196.1,257.0,80.5,115.6,33
2027-07-15 14:00:00,197.2,270.6,79.3,117.9,27
2027-07-15 15:00:00,196.5,264.0,80.1,116.4,27
2027-07-15 16:00:00,190.1,257.6,77.9,112.2,24
2027-07-15 17:00:00,196.7,256.2,82.2,114.5,31
2027-07-15 18:00:00,185.0,246.0,80.6,104.4,21
2027-07-15 19:00:00,188.9,261.2,78.7,110.2,21
2027-07-15 20:00:00,183.1,251.4,79.7,103.4,22
2027-07-15 21:00:00,190.2,262.6,78.8,111.4,27
2027-07-15 22:00:00,190.4,260.6,77.9,112.5,29
2027-07-15 23:00:00,195.8,251.0,80.4,115.4,33
2027-07-16 00:00:00,206.6,266.2,77.9,128.7,32
2027-07-16 01:00:00,194.3,249.8,81.4,112.9,29
2027-07-16 02:00:00,187.9,243.4,76.8,111.1,28
2027-07-16 03:00:00,192.7,258.2,78.1,114.6,25
2027-07-16 04:00:00,189.2,271.4,77.2,112.0,23
2027-07-16 05:00:00,192.7,259.2,78.6,114.1,32
2027-07-16 06:00:00,184.6,264.0,80.8,103.8,20
2027-07-16 07:00:00,184.7,260.8,81.5,103.2,23
2027-07-16 08:00:00,196.7,251.8,81.7,115.0,33
2027-07-16 09:00:00,188.6,259.0,81.1,107.5,20
2027-07-16 10:00:00,206.3,259.4,78.9,127.4,31
2027-07-16 11:00:00,184.7,257.6,81.2,103.5,25
2027-07-16 12:00:00,187.5,250.0,80.4,107.1,27
2027-07-16 13:00:00,184.9,273.8,79.6,105.3,22
2027-07-16 14:00:00,189.7,256.2,80.2,109.5,27
2027-07-16 15:00:00,205.1,260.8,84.1,121.0,30
2027-07-16 16:00:00,187.1,257.6,77.7,109.4,21
2027-07-16 17:00:00,200.4,258.8,80.1,120.3,34
2027-07-16 18:00:00,185.4,255.2,81.0,104.4,25
2027-07-16 19:00:00,195.2,256.2,77.3,117.9,26
2027-07-16 20:00:00,195.0,263.2,82.7,112.3,21
2027-07-16 21:00:00,192.5,257.0,79.2,113.3,27
2027-07-16 22:00:00,196.4,256.0,80.0,116.4,27
2027-07-16 23:00:00,191.5,255.0,79.8,111.7,30
2027-07-17 00:00:00,193.9,263.8,80.3,113.6,24
2027-07-17 01:00:00,195.9,264.6,81.4,114.5,32
2027-07-17 02:00:00,201.2,260.4,81.9,119.3,24
2027-07-17 03:00:00,195.5,252.2,79.5,116.0,32
2027-07-17 04:00:00,195.6,263.0,80.6,115.0,20
2027-07-17 05:00:00,193.8,259.2,81.9,111.9,32
2027-07-17 06:00:00,201.8,264.6,83.0,118.8,28
2027-07-17 07:00:00,197.1,258.6,80.9,116.2,32
2027-07-17 08:00:00,184.2,263.8,77.1,107.1,26
2027-07-17 09:00:00,193.3,254.2,83.8,109.5,32
2027-07-17 10:00:00,195.5,249.2,79.5,116.0,30
2027-07-17 11:00:00,182.1,262.4,79.5,102.6,22
2027-07-17 12:00:00,191.9,256.6,78.4,113.5,30
2027-07-17 13:00:00,190.8,256.0,79.8,111.0,27
2027-07-17 14:00:00,186.4,268.2,77.4,109.0,21
2027-07-17 15:00:00,178.8,269.0,80.6,98.2,26
2027-07-17 16:00:00,190.5,259.4,82.8,107.7,26
2027-07-17 17:00:00,194.0,256.8,79.7,114.3,26
2027-07-17 18:00:00,199.9,271.4,78.5,121.4,33
2027-07-17 19:00:00,190.8,253.8,79.1,111.7,28
2027-07-17 20:00:00,199.6,265.0,81.5,118.1,34
2027-07-17 21:00:00,186.8,260.2,77.9,108.9,26
2027-07-17 22:00:00,193.0,262.0,79.9,113.1,23
2027-07-17 23:00:00,195.2,262.8,80.5,114.7,34
2027-07-18 00:00:00,201.7,253.4,79.2,122.5,28
2027-07-18 01:00:00,199.0,256.8,78.1,120.9,29
2027-07-18 02:00:00,190.8,262.8,79.6,111.2,30
2027-07-18 03:00:00,201.8,253.2,83.2,118.6,26
2027-07-18 04:00:00,185.6,256.6,78.1,107.5,32
2027-07-18 05:00:00,194.6,267.2,80.0,114.6,21
2027-07-18 06:00:00,194.5,254.6,78.2,116.3,30
2027-07-18 07:00:00,192.9,260.0,82.5,110.4,26
2027-07-18 08:00:00,194.9,252.0,79.8,115.1,26
2027-07-18 09:00:00,201.7,266.4,76.8,124.9,32
2027-07-18 10:00:00,199.2,262.4,79.1,120.1,30
2027-07-18 11:00:00,187.2,263.0,82.8,104.4,26
2027-07-18 12:00:00,192.8,264.8,79.6,113.2,32
2027-07-18 13:00:00,195.0,263.8,82.2,112.8,29
2027-07-18 14:00:00,192.6,253.4,80.4,112.2,20
2027-07-18 15:00:00,186.0,267.2,79.6,106.4,20
2027-07-18 16:00:00,188.1,259.8,82.0,106.1,20
2027-07-18 17:00:00,198.4,257.2,79.0,119.4,31
2027-07-18 18:00:00,195.4,261.0,80.0,115.4,30
2027-07-18 19:00:00,189.1,260.8,78.8,110.3,24
2027-07-18 20:00:00,186.0,253.8,78.1,107.9,25
2027-07-18 21:00:00,198.0,256.4,77.2,120.8,30
2027-07-18 22:00:00,197.3,257.6,80.6,116.7,30
2027-07-18 23:00:00,195.8,269.2,81.0,114.8,21
2027-07-19 00:00:00,199.3,264.8,81.6,117.7,23
2027-07-19 01:00:00,191.3,263.6,80.8,110.5,30
2027-07-19 02:00:00,187.4,273.8,82.3,105.1,24
2027-07-19 03:00:00,190.4,256.6,78.3,112.1,21
2027-07-19 04:00:00,187.0,256.0,79.4,107.6,22
2027-07-19 05:00:00,184.0,257.6,79.0,105.0,20
2027-07-19 06:00:00,184.5,268.0,81.5,103.0,31
2027-07-19 07:00:00,191.4,258.8,79.0,112.4,24
2027-07-19 08:00:00,194.2,259.6,82.4,111.8,32
2027-07-19 09:00:00,178.9,267.2,75.2,103.7,24
2027-07-19 10:00:00,195.3,258.8,77.8,117.5,27
2027-07-19 11:00:00,185.9,261.4,79.8,106.1,21
2027-07-19 12:00:00,190.4,254.4,79.5,110.9,32
2027-07-19 13:00:00,193.2,251.2,81.3,111.9,29
2027-07-19 14:00:00,181.6,247.4,78.9,102.7,21
2027-07-19 15:00:00,201.9,250.6,80.9,121.0,29
2027-07-19 16:00:00,184.5,248.0,80.0,104.5,22
2027-07-19 17:00:00,187.0,252.0,82.0,105.0,21
2027-07-19 18:00:00,187.0,254.6,79.4,107.6,24
2027-07-19 19:00:00,183.7,269.4,79.7,104.0,29
2027-07-19 20:00:00,193.2,258.4,80.2,113.0,34
2027-07-19 21:00:00,184.0,257.0,80.7,103.3,24
2027-07-19 22:00:00,197.6,254.0,81.5,116.1,22
2027-07-19 23:00:00,187.0,262.8,80.7,106.3,28
2027-07-20 00:00:00,190.1,252.2,81.4,108.7,22
2027-07-20 01:00:00,209.5,264.0,79.1,130.4,34
2027-07-20 02:00:00,197.9,263.8,79.2,118.7,33
2027-07-20 03:00:00,200.0,268.8,83.7,116.3,24
2027-07-20 04:00:00,179.8,267.2,78.5,101.3,28
2027-07-20 05:00:00,192.4,258.2,79.7,112.7,29
2027-07-20 06:00:00,204.2,258.8,83.5,120.7,32
2027-07-20 07:00:00,189.1,257.6,81.5,107.6,29
2027-07-20 08:00:00,194.3,254.2,79.6,114.7,31
2027-07-20 09:00:00,196.8,265.8,80.1,116.7,22
2027-07-20 10:00:00,207.1,252.6,81.5,125.6,31
2027-07-20 11:00:00,198.1,247.4,81.3,116.8,24
2027-07-20 12:00:00,190.3,257.0,80.4,109.9,27
2027-07-20 13:00:00,194.1,266.2,79.6,114.5,31
2027-07-20 14:00:00,195.8,258.6,81.1,114.7,34
2027-07-20 15:00:00,193.6,266.0,77.2,116.4,31
2027-07-20 16:00:00,198.5,263.0,82.7,115.8,20
2027-07-20 17:00:00,189.5,258.0,78.3,111.2,20
2027-07-20 18:00:00,202.6,265.8,79.9,122.7,32
2027-07-20 19:00:00,205.1,255.4,79.8,125.3,26
2027-07-20 20:00:00,201.9,256.0,83.1,118.8,22
2027-07-20 21:00:00,201.7,260.4,80.7,121.0,34
2027-07-20 22:00:00,198.1,252.8,81.4,116.7,25
2027-07-20 23:00:00,199.5,257.6,82.1,117.4,31
2027-07-21 00:00:00,177.5,253.4,78.0,99.5,22
2027-07-21 01:00:00,189.7,266.8,80.3,109.4,33
2027-07-21 02:00:00,191.0,255.4,81.7,109.3,21
2027-07-21 03:00:00,191.6,268.2,78.7,112.9,24
2027-07-21 04:00:00,188.7,258.6,78.1,110.6,20
2027-07-21 05:00:00,187.3,261.6,80.7,106.6,27
2027-07-21 06:00:00,197.7,258.4,78.9,118.8,28
2027-07-21 07:00:00,183.6,262.6,77.1,106.5,28
2027-07-21 08:00:00,203.7,254.6,84.4,119.3,29
2027-07-21 09:00:00,198.0,269.0,79.0,119.0,20
2027-07-21 10:00:00,190.6,253.8,80.2,110.4,24
2027-07-21 11:00:00,191.0,270.4,82.2,108.8,25
2027-07-21 12:00:00,203.9,265.4,83.6,120.3,30
2027-07-21 13:00:00,200.1,255.8,82.6,117.5,33
2027-07-21 14:00:00,195.8,259.8,82.7,113.1,28
2027-07-21 15:00:00,195.1,254.4,78.9,116.2,24
2027-07-21 16:00:00,189.4,245.6,80.4,109.0,31
2027-07-21 17:00:00,191.0,258.8,79.2,111.8,24
2027-07-21 18:00:00,200.6,256.0,80.9,119.7,31
2027-07-21 19:00:00,196.6,264.2,78.1,118.5,27
2027-07-21 20:00:00,198.3,263.6,78.2,120.1,22
2027-07-21 21:00:00,191.0,254.0,80.5,110.5,20
2027-07-21 22:00:00,196.5,258.6,76.9,119.6,24
2027-07-21 23:00:00,187.6,263.6,82.2,105.4,20
2027-07-22 00:00:00,190.6,262.8,82.8,107.8,30
2027-07-22 01:00:00,200.8,270.0,79.8,121.0,27
2027-07-22 02:00:00,199.0,265.8,81.6,117.4,34
2027-07-22 03:00:00,194.3,254.4,78.8,115.5,32
2027-07-22 04:00:00,198.4,263.6,82.7,115.7,24
2027-07-22 05:00:00,192.6,267.2,83.2,109.4,30
2027-07-22 06:00:00,190.7,262.2,76.4,114.3,29
2027-07-22 07:00:00,195.5,256.2,78.3,117.2,26
2027-07-22 08:00:00,196.2,271.4,83.9,112.3,25
2027-07-22 09:00:00,197.6,244.6,82.9,114.7,30
2027-07-22 10:00:00,190.0,265.6,77.3,112.7,26
2027-07-22 11:00:00,202.9,265.6,80.6,122.3,31
2027-07-22 12:00:00,181.8,275.0,78.1,103.7,25
2027-07-22 13:00:00,186.5,272.0,81.0,105.5,21
2027-07-22 14:00:00,202.6,257.2,79.0,123.6,33
2027-07-22 15:00:00,182.8,268.8,80.4,102.4,28
2027-07-22 16:00:00,179.0,266.4,81.9,97.1,22
2027-07-22 17:00:00,195.7,261.2,79.5,116.2,24
2027-07-22 18:00:00,182.4,256.6,80.8,101.6,29
2027-07-22 19:00:00,188.9,261.4,78.9,110.0,30
2027-07-22 20:00:00,188.5,266.6,77.9,110.6,24
2027-07-22 21:00:00,193.3,252.2,77.2,116.1,31
2027-07-22 22:00:00,209.2,263.8,81.3,127.9,27
2027-07-22 23:00:00,202.5,264.8,81.7,120.8,27
2027-07-23 00:00:00,190.3,248.2,76.9,113.4,23
2027-07-23 01:00:00,196.4,261.4,79.4,117.0,23
2027-07-23 02:00:00,201.6,258.8,80.7,120.9,34
2027-07-23 03:00:00,198.2,257.8,78.3,119.9,31
2027-07-23 04:00:00,188.0,249.0,81.3,106.7,25
2027-07-23 05:00:00,194.1,262.0,80.2,113.9,24
2027-07-23 06:00:00,192.2,249.6,78.2,114.0,23
2027-07-23 07:00:00,196.2,257.2,78.8,117.4,30
2027-07-23 08:00:00,193.2,251.0,80.4,112.8,22
2027-07-23 09:00:00,189.8,264.6,79.2,110.6,21
2027-07-23 10:00:00,193.5,263.8,79.5,114.0,24
2027-07-23 11:00:00,181.1,272.0,73.5,107.6,32
2027-07-23 12:00:00,194.0,262.2,79.0,115.0,27
2027-07-23 13:00:00,198.6,260.6,80.0,118.6,33
2027-07-23 14:00:00,196.8,248.6,78.9,117.9,29
2027-07-23 15:00:00,196.3,266.0,78.9,117.4,28
2027-07-23 16:00:00,187.4,262.4,80.3,107.1,32
2027-07-23 17:00:00,189.3,264.8,78.1,111.2,32
2027-07-23 18:00:00,183.7,262.0,76.8,106.9,25
2027-07-23 19:00:00,200.4,259.0,80.1,120.3,34
2027-07-23 20:00:00,190.7,254.8,79.6,111.1,34
2027-07-23 21:00:00,193.5,264.0,77.9,115.6,24
2027-07-23 22:00:00,192.9,251.2,74.5,118.4,34
2027-07-23 23:00:00,194.5,259.6,80.9,113.6,30
2027-07-24 00:00:00,204.3,263.8,82.7,121.6,34
2027-07-24 01:00:00,190.2,267.6,79.7,110.5,21
2027-07-24 02:00:00,206.7,265.8,83.7,123.0,27
2027-07-24 03:00:00,184.3,262.8,77.7,106.6,23
2027-07-24 04:00:00,192.4,246.8,79.1,113.3,29
2027-07-24 05:00:00,189.1,252.0,79.9,109.2,24
2027-07-24 06:00:00,187.2,264.2,78.3,108.9,29
2027-07-24 07:00:00,191.8,255.2,81.4,110.4,28
2027-07-24 08:00:00,186.3,266.6,78.5,107.8,25
2027-07-24 09:00:00,189.4,257.8,77.4,112.0,28
2027-07-24 10:00:00,189.5,264.8,78.5,111.0,27
2027-07-24 11:00:00,198.5,260.8,79.8,118.7,28
2027-07-24 12:00:00,196.1,259.0,78.2,117.9,21
2027-07-24 13:00:00,195.8,254.0,83.5,112.3,27
2027-07-24 14:00:00,205.2,263.6,84.2,121.0,32
2027-07-24 15:00:00,200.7,259.8,79.4,121.3,34
2027-07-24 16:00:00,191.8,266.6,77.5,114.3,29
2027-07-24 17:00:00,191.5,261.8,78.4,113.1,25
2027-07-24 18:00:00,191.8,260.0,82.6,109.2,21
2027-07-24 19:00:00,190.0,257.8,82.4,107.6,26
2027-07-24 20:00:00,196.9,259.0,79.3,117.6,27
2027-07-24 21:00:00,203.8,268.4,83.2,120.6,32
2027-07-24 22:00:00,198.3,252.4,81.4,116.9,25
2027-07-24 23:00:00,191.1,264.0,79.5,111.6,29
2027-07-25 00:00:00,198.7,269.6,80.5,118.2,34
2027-07-25 01:00:00,195.8,256.8,79.6,116.2,25
2027-07-25 02:00:00,200.9,246.8,79.9,121.0,25
2027-07-25 03:00:00,190.8,257.0,79.9,110.9,27
2027-07-25 04:00:00,199.0,264.0,78.3,120.7,30
2027-07-25 05:00:00,201.6,251.6,86.2,115.4,20
2027-07-25 06:00:00,196.4,262.2,81.7,114.7,30
2027-07-25 07:00:00,194.1,267.4,76.5,117.6,29
2027-07-25 08:00:00,203.0,252.2,81.0,122.0,33
2027-07-25 09:00:00,199.6,266.8,79.4,120.2,33
2027-07-25 10:00:00,202.6,257.6,83.1,119.5,32
2027-07-25 11:00:00,198.5,265.2,80.0,118.5,26
2027-07-25 12:00:00,191.7,256.0,81.2,110.5,21
2027-07-25 13:00:00,187.9,260.0,79.8,108.1,27
2027-07-25 14:00:00,188.0,261.6,80.3,107.7,26
2027-07-25 15:00:00,190.7,267.0,83.9,106.8,22
2027-07-25 16:00:00,191.7,257.4,80.0,111.7,20
2027-07-25 17:00:00,194.2,262.8,79.0,115.2,24
2027-07-25 18:00:00,199.4,262.0,79.9,119.5,27
2027-07-25 19:00:00,191.7,255.6,79.5,112.2,23
2027-07-25 20:00:00,184.1,259.0,79.5,104.6,20
2027-07-25 21:00:00,195.7,248.4,81.4,114.3,32
2027-07-25 22:00:00,189.3,263.2,81.4,107.9,28
2027-07-25 23:00:00,194.7,262.4,81.7,113.0,28
2027-07-26 00:00:00,184.5,263.6,79.6,104.9,23
2027-07-26 01:00:00,197.1,268.4,80.9,116.2,29
2027-07-26 02:00:00,187.5,251.2,79.6,107.9,23
2027-07-26 03:00:00,189.7,262.2,80.3,109.4,28
2027-07-26 04:00:00,175.4,265.2,78.0,97.4,30
2027-07-26 05:00:00,196.4,254.6,77.9,118.5,25
2027-07-26 06:00:00,190.0,266.2,80.6,109.4,24
2027-07-26 07:00:00,191.8,262.8,80.4,111.4,21
2027-07-26 08:00:00,190.5,255.6,79.0,111.5,26
2027-07-26 09:00:00,196.0,254.0,80.8,115.2,27
2027-07-26 10:00:00,178.9,269.4,80.2,98.7,20
2027-07-26 11:00:00,178.7,251.4,78.9,99.8,22
2027-07-26 12:00:00,196.9,266.6,81.1,115.8,22
2027-07-26 13:00:00,192.9,263.2,77.1,115.8,32
2027-07-26 14:00:00,197.0,256.0,79.9,117.1,33
2027-07-26 15:00:00,194.8,246.2,80.1,114.7,28
2027-07-26 16:00:00,198.2,259.2,78.8,119.4,30
2027-07-26 17:00:00,201.8,258.6,81.8,120.0,34
2027-07-26 18:00:00,190.2,262.6,78.1,112.1,21
2027-07-26 19:00:00,197.6,259.4,82.8,114.8,22
2027-07-26 20:00:00,187.0,255.2,79.9,107.1,22
2027-07-26 21:00:00,196.0,256.0,79.8,116.2,32
2027-07-26 22:00:00,184.0,249.2,77.5,106.5,29
2027-07-26 23:00:00,190.7,250.2,82.2,108.5,33
2027-07-27 00:00:00,192.4,253.6,78.5,113.9,33
2027-07-27 01:00:00,191.5,254.0,79.6,111.9,28
2027-07-27 02:00:00,199.2,253.2,81.0,118.2,31
2027-07-27 03:00:00,195.9,265.2,81.4,114.5,22
2027-07-27 04:00:00,198.7,262.4,82.3,116.4,27
2027-07-27 05:00:00,195.0,260.4,81.7,113.3,24
2027-07-27 06:00:00,194.6,258.8,78.4,116.2,34
2027-07-27 07:00:00,195.1,258.6,83.6,111.5,24
2027-07-27 08:00:00,187.1,264.8,81.3,105.8,24
2027-07-27 09:00:00,198.3,250.8,78.7,119.6,27
2027-07-27 10:00:00,202.4,262.4,82.1,120.3,30
2027-07-27 11:00:00,198.4,264.0,80.6,117.8,21
2027-07-27 12:00:00,193.4,259.0,78.9,114.5,22
2027-07-27 13:00:00,189.7,258.0,80.1,109.6,20
2027-07-27 14:00:00,186.0,252.6,79.1,106.9,21
2027-07-27 15:00:00,194.4,262.2,81.1,113.3,25
2027-07-27 16:00:00,196.5,265.2,79.3,117.2,34
2027-07-27 17:00:00,193.5,261.6,80.4,113.1,29
2027-07-27 18:00:00,189.6,254.8,78.8,110.8,29
2027-07-27 19:00:00,189.8,262.6,81.8,108.0,22
2027-07-27 20:00:00,190.1,267.2,82.1,108.0,23
2027-07-27 21:00:00,198.0,256.4,82.5,115.5,33
2027-07-27 22:00:00,190.4,255.8,81.9,108.5,27
2027-07-27 23:00:00,202.9,265.0,79.1,123.8,29
2027-07-28 00:00:00,195.5,258.6,84.0,111.5,23
2027-07-28 01:00:00,200.1,258.6,80.5,119.6,26
2027-07-28 02:00:00,188.3,262.6,81.5,106.8,29
2027-07-28 03:00:00,208.9,254.6,78.9,130.0,22
2027-07-28 04:00:00,184.6,242.6,80.1,104.5,21
2027-07-28 05:00:00,199.7,253.2,79.6,120.1,25
2027-07-28 06:00:00,193.1,267.8,81.1,112.0,32
2027-07-28 07:00:00,185.3,257.4,83.2,102.1,22
2027-07-28 08:00:00,191.3,269.0,79.4,111.9,24
2027-07-28 09:00:00,198.4,253.6,82.3,116.1,26
2027-07-28 10:00:00,200.8,254.6,80.9,119.9,34
2027-07-28 11:00:00,190.7,265.6,81.1,109.6,25
2027-07-28 12:00:00,197.7,262.2,78.8,118.9,26
2027-07-28 13:00:00,187.8,252.8,77.0,110.8,30
2027-07-28 14:00:00,200.9,259.2,77.8,123.1,32
2027-07-28 15:00:00,185.4,258.0,76.3,109.1,24
2027-07-28 16:00:00,191.0,246.6,82.5,108.5,20
2027-07-28 17:00:00,204.7,272.4,84.0,120.7,26
2027-07-28 18:00:00,193.2,259.2,77.9,115.3,31
2027-07-28 19:00:00,192.4,253.2,80.9,111.5,31
2027-07-28 20:00:00,187.4,256.2,78.3,109.1,22
2027-07-28 21:00:00,191.6,270.6,81.9,109.7,22
2027-07-28 22:00:00,194.2,251.8,79.8,114.4,24
2027-07-28 23:00:00,191.8,268.2,80.3,111.5,20
2027-07-29 00:00:00,195.6,265.0,84.1,111.5,34
2027-07-29 01:00:00,197.2,259.0,79.4,117.8,30
2027-07-29 02:00:00,184.9,258.0,76.3,108.6,25
2027-07-29 03:00:00,200.6,253.2,80.3,120.3,30
2027-07-29 04:00:00,197.4,253.8,81.1,116.3,31
2027-07-29 05:00:00,200.6,257.0,80.2,120.4,29
2027-07-29 06:00:00,199.2,264.6,82.1,117.1,33
2027-07-29 07:00:00,183.7,258.8,77.6,106.1,25
2027-07-29 08:00:00,195.1,252.6,81.4,113.7,34
2027-07-29 09:00:00,193.5,257.2,76.2,117.3,28
2027-07-29 10:00:00,201.8,245.0,79.0,122.8,32
2027-07-29 11:00:00,187.9,248.4,75.9,112.0,29
2027-07-29 12:00:00,193.6,244.8,81.4,112.2,26
2027-07-29 13:00:00,184.9,263.0,76.6,108.3,28
2027-07-29 14:00:00,196.1,269.8,83.3,112.8,24
2027-07-29 15:00:00,185.8,254.4,77.1,108.7,23
2027-07-29 16:00:00,189.1,257.0,79.4,109.7,24
2027-07-29 17:00:00,190.5,274.0,83.6,106.9,21
2027-07-29 18:00:00,196.5,251.8,80.3,116.2,28
2027-07-29 19:00:00,189.3,261.0,79.3,110.0,22
2027-07-29 20:00:00,191.2,266.0,78.3,112.9,31
2027-07-29 21:00:00,186.2,265.2,79.6,106.6,28
2027-07-29 22:00:00,198.0,247.4,80.4,117.6,34
2027-07-29 23:00:00,197.7,262.4,76.9,120.8,30
2027-07-30 00:00:00,199.7,268.6,83.2,116.5,27
2027-07-30 01:00:00,189.3,254.4,77.5,111.8,25
2027-07-30 02:00:00,192.3,265.0,78.2,114.1,31
2027-07-30 03:00:00,197.9,254.2,80.9,117.0,33
2027-07-30 04:00:00,190.1,255.4,79.3,110.8,28
2027-07-30 05:00:00,178.1,270.0,77.7,100.4,25
2027-07-30 06:00:00,201.1,257.8,80.1,121.0,34
2027-07-30 07:00:00,192.4,255.4,78.8,113.6,27
2027-07-30 08:00:00,197.0,266.8,81.7,115.3,28
2027-07-30 09:00:00,205.2,258.2,81.9,123.3,26
2027-07-30 10:00:00,199.3,254.8,78.9,120.4,26
2027-07-30 11:00:00,195.7,251.4,79.6,116.1,27
2027-07-30 12:00:00,190.5,258.8,79.6,110.9,20
2027-07-30 13:00:00,202.9,264.8,79.9,123.0,28
2027-07-30 14:00:00,193.5,255.8,79.7,113.8,29
2027-07-30 15:00:00,196.4,262.2,78.6,117.8,28
2027-07-30 16:00:00,182.4,264.0,79.1,103.3,21
2027-07-30 17:00:00,202.6,259.4,79.7,122.9,25
2027-07-30 18:00:00,205.0,255.8,80.1,124.9,32
2027-07-30 19:00:00,192.6,256.6,81.4,111.2,23
2027-07-30 20:00:00,188.2,244.8,80.9,107.3,22
2027-07-30 21:00:00,198.8,248.0,82.6,116.2,29
2027-07-30 22:00:00,189.4,248.2,81.0,108.4,25
2027-07-30 23:00:00,199.1,255.8,77.7,121.4,26
2027-07-31 00:00:00,194.6,248.8,76.8,117.8,30
2027-07-31 01:00:00,187.8,264.6,83.3,104.5,20
2027-07-31 02:00:00,192.9,261.4,79.2,113.7,20
2027-07-31 03:00:00,191.4,255.6,78.2,113.2,34
2027-07-31 04:00:00,191.4,257.8,76.3,115.1,24
2027-07-31 05:00:00,198.6,251.8,82.5,116.1,28
2027-07-31 06:00:00,190.4,258.6,79.3,111.1,26
2027-07-31 07:00:00,196.8,252.4,79.0,117.8,33
2027-07-31 08:00:00,196.2,254.4,82.7,113.5,26
2027-07-31 09:00:00,193.5,266.2,83.6,109.9,25
2027-07-31 10:00:00,186.1,255.8,82.0,104.1,31
2027-07-31 11:00:00,191.4,264.2,80.3,111.1,33
2027-07-31 12:00:00,186.3,247.6,80.1,106.2,23
2027-07-31 13:00:00,199.7,252.4,81.6,118.1,29
2027-07-31 14:00:00,194.7,254.6,80.3,114.4,20
2027-07-31 15:00:00,204.2,256.8,81.7,122.5,33
2027-07-31 16:00:00,185.4,258.6,78.9,106.5,21
2027-07-31 17:00:00,194.7,263.6,81.5,113.2,33
2027-07-31 18:00:00,204.9,255.2,79.6,125.3,34
2027-07-31 19:00:00,188.3,258.0,77.0,111.3,21
2027-07-31 20:00:00,193.6,249.0,80.3,113.3,33
2027-07-31 21:00:00,193.6,270.6,81.9,111.7,33
2027-07-31 22:00:00,188.7,249.4,78.2,110.5,33
2027-07-31 23:00:00,204.3,254.2,79.3,125.0,25
2027-08-01 00:00:00,193.0,245.2,82.3,110.7,22
2027-08-01 01:00:00,196.9,259.0,82.1,114.8,28
2027-08-01 02:00:00,192.0,258.0,79.7,112.3,30
2027-08-01 03:00:00,195.4,259.8,79.7,115.7,28
2027-08-01 04:00:00,189.1,270.0,77.9,111.2,24
2027-08-01 05:00:00,187.3,265.0,79.9,107.4,27
2027-08-01 06:00:00,192.4,265.8,80.1,112.3,32
2027-08-01 07:00:00,199.0,263.8,79.1,119.9,32
2027-08-01 08:00:00,194.1,265.0,80.8,113.3,24
2027-08-01 09:00:00,186.0,264.0,79.8,106.2,21
2027-08-01 10:00:00,194.1,259.4,80.7,113.4,34
2027-08-01 11:00:00,199.7,251.8,84.3,115.4,32
2027-08-01 12:00:00,200.9,268.2,80.7,120.2,33
2027-08-01 13:00:00,191.8,259.6,83.1,108.7,20
2027-08-01 14:00:00,188.3,253.4,79.2,109.1,27
2027-08-01 15:00:00,197.1,256.8,78.6,118.5,24
2027-08-01 16:00:00,196.3,256.8,81.0,115.3,31
2027-08-01 17:00:00,198.2,247.0,79.0,119.2,32
2027-08-01 18:00:00,192.4,261.8,81.8,110.6,21
2027-08-01 19:00:00,187.3,259.4,79.4,107.9,21
2027-08-01 20:00:00,198.3,262.4,79.7,118.6,31
2027-08-01 21:00:00,196.7,258.4,81.2,115.5,33
2027-08-01 22:00:00,193.1,261.6,78.7,114.4,26
2027-08-01 23:00:00,189.0,263.8,81.0,108.0,26
2027-08-02 00:00:00,199.9,260.2,85.3,114.6,21
2027-08-02 01:00:00,192.1,258.8,86.0,106.1,20
2027-08-02 02:00:00,189.1,271.8,78.3,110.8,20
2027-08-02 03:00:00,191.0,257.8,80.2,110.8,27
2027-08-02 04:00:00,202.2,258.0,81.6,120.6,34
2027-08-02 05:00:00,193.4,254.2,80.6,112.8,23
2027-08-02 06:00:00,197.1,272.4,77.5,119.6,23
2027-08-02 07:00:00,180.4,252.2,78.1,102.3,20
2027-08-02 08:00:00,190.0,254.0,79.0,111.0,26
2027-08-02 09:00:00,200.1,252.8,81.0,119.1,28
2027-08-02 10:00:00,192.9,262.2,81.8,111.1,28
2027-08-02 11:00:00,195.0,263.0,78.5,116.5,34
2027-08-02 12:00:00,187.5,261.4,77.6,109.9,32
2027-08-02 13:00:00,190.2,270.0,79.5,110.7,20
2027-08-02 14:00:00,200.0,256.6,82.3,117.7,23
2027-08-02 15:00:00,195.9,260.6,81.4,114.5,24
2027-08-02 16:00:00,197.2,261.6,82.6,114.6,32
2027-08-02 17:00:00,178.8,263.6,74.4,104.4,26
2027-08-02 18:00:00,194.3,256.2,83.0,111.3,27
2027-08-02 19:00:00,202.7,265.6,83.7,119.0,34
2027-08-02 20:00:00,196.5,244.6,80.9,115.6,29
2027-08-02 21:00:00,191.9,261.0,81.2,110.7,24
2027-08-02 22:00:00,190.7,250.4,79.9,110.8,27
2027-08-02 23:00:00,184.9,252.8,77.0,107.9,32
2027-08-03 00:00:00,190.4,250.2,80.2,110.2,33
2027-08-03 01:00:00,193.4,257.8,79.1,114.3,28
2027-08-03 02:00:00,189.9,256.4,79.7,110.2,26
2027-08-03 03:00:00,186.8,249.6,80.9,105.9,21
2027-08-03 04:00:00,194.3,251.4,78.5,115.8,26
2027-08-03 05:00:00,191.4,260.4,82.6,108.8,24
2027-08-03 06:00:00,197.4,265.4,81.2,116.2,25
2027-08-03 07:00:00,197.8,252.2,81.4,116.4,33
2027-08-03 08:00:00,194.6,263.8,80.4,114.2,24
2027-08-03 09:00:00,205.2,242.2,79.5,125.7,34
2027-08-03 10:00:00,197.8,259.8,80.6,117.2,30
2027-08-03 11:00:00,200.0,256.0,77.8,122.2,24
2027-08-03 12:00:00,192.1,266.8,81.3,110.8,28
2027-08-03 13:00:00,199.1,261.6,81.3,117.8,26
2027-08-03 14:00:00,189.6,256.8,77.1,112.5,23
2027-08-03 15:00:00,197.3,260.0,80.3,117.0,25
2027-08-03 16:00:00,196.4,255.0,80.4,116.0,26
2027-08-03 17:00:00,191.7,261.0,81.0,110.7,26
2027-08-03 18:00:00,195.1,263.4,79.9,115.2,21
2027-08-03 19:00:00,190.1,256.2,79.1,111.0,32
2027-08-03 20:00:00,201.6,260.4,80.8,120.8,32
2027-08-03 21:00:00,196.6,257.8,82.1,114.5,25
2027-08-03 22:00:00,196.8,260.8,78.7,118.1,30
2027-08-03 23:00:00,202.5,252.8,82.0,120.5,23
2027-08-04 00:00:00,194.4,265.4,77.6,116.8,22
2027-08-04 01:00:00,191.2,250.0,79.9,111.3,21
2027-08-04 02:00:00,192.1,265.8,76.9,115.2,21
2027-08-04 03:00:00,197.2,262.8,81.2,116.0,30
2027-08-04 04:00:00,193.2,251.8,82.1,111.1,31
2027-08-04 05:00:00,193.5,266.8,74.7,118.8,29
2027-08-04 06:00:00,184.8,262.6,80.7,104.1,22
2027-08-04 07:00:00,185.9,253.6,80.4,105.5,29
2027-08-04 08:00:00,188.3,248.2,76.7,111.6,27
2027-08-04 09:00:00,196.2,269.4,80.5,115.7,32
2027-08-04 10:00:00,195.7,255.4,78.8,116.9,31
2027-08-04 11:00:00,204.7,249.8,80.9,123.8,32
2027-08-04 12:00:00,184.6,257.2,78.0,106.6,20
2027-08-04 13:00:00,197.8,258.2,82.2,115.6,32
2027-08-04 14:00:00,185.9,257.4,78.8,107.1,20
2027-08-04 15:00:00,192.0,267.8,80.2,111.8,20
2027-08-04 16:00:00,196.2,257.8,75.6,120.6,25
2027-08-04 17:00:00,196.5,256.2,82.6,113.9,31
2027-08-04 18:00:00,186.8,268.8,80.1,106.7,34
2027-08-04 19:00:00,197.9,258.4,79.2,118.7,30
2027-08-04 20:00:00,188.8,260.0,77.4,111.4,29
2027-08-04 21:00:00,192.7,249.8,77.5,115.2,24
2027-08-04 22:00:00,191.5,255.2,81.3,110.2,29
2027-08-04 23:00:00,197.9,256.0,80.8,117.1,27
2027-08-05 00:00:00,198.0,253.6,82.7,115.3,27
2027-08-05 01:00:00,187.0,259.2,76.2,110.8,27
2027-08-05 02:00:00,199.6,253.6,78.2,121.4,33
2027-08-05 03:00:00,177.5,257.4,78.0,99.5,21
2027-08-05 04:00:00,195.6,265.8,83.5,112.1,31
2027-08-05 05:00:00,184.0,252.2,78.4,105.6,24
2027-08-05 06:00:00,188.7,258.0,78.8,109.9,20
2027-08-05 07:00:00,195.4,256.8,79.5,115.9,31
2027-08-05 08:00:00,194.8,248.4,79.1,115.7,29
2027-08-05 09:00:00,198.8,254.4,78.8,120.0,28
2027-08-05 10:00:00,185.2,268.0,77.6,107.6,31
2027-08-05 11:00:00,195.0,255.8,81.8,113.2,32
2027-08-05 12:00:00,199.0,266.6,79.9,119.1,27
2027-08-05 13:00:00,183.4,257.8,77.1,106.3,26
2027-08-05 14:00:00,191.5,257.0,82.5,109.0,22
2027-08-05 15:00:00,187.4,262.6,77.9,109.5,23
2027-08-05 16:00:00,193.3,249.6,76.8,116.5,22
2027-08-05 17:00:00,195.6,249.8,82.6,113.0,20
2027-08-05 18:00:00,198.2,266.8,79.8,118.4,30
2027-08-05 19:00:00,192.8,244.2,80.8,112.0,21
2027-08-05 20:00:00,185.2,257.6,76.3,108.9,24
2027-08-05 21:00:00,192.6,250.8,80.4,112.2,27
2027-08-05 22:00:00,188.7,262.2,76.9,111.8,29
2027-08-05 23:00:00,198.2,259.6,82.4,115.8,21
2027-08-06 00:00:00,203.5,253.6,81.2,122.3,31
2027-08-06 01:00:00,179.9,250.8,77.9,102.0,22
2027-08-06 02:00:00,198.2,259.4,79.8,118.4,34
2027-08-06 03:00:00,182.9,262.0,79.2,103.7,25
2027-08-06 04:00:00,204.7,255.6,83.8,120.9,33
2027-08-06 05:00:00,193.8,260.0,82.0,111.8,23
2027-08-06 06:00:00,197.5,258.4,80.4,117.1,32
2027-08-06 07:00:00,193.9,270.2,80.6,113.3,28
2027-08-06 08:00:00,191.0,241.8,76.6,114.4,27
2027-08-06 09:00:00,196.2,256.6,79.9,116.3,29
2027-08-06 10:00:00,198.4,267.2,81.2,117.2,23
2027-08-06 11:00:00,198.6,253.8,78.7,119.9,32
2027-08-06 12:00:00,195.9,267.2,80.8,115.1,24
2027-08-06 13:00:00,205.5,256.8,81.5,124.0,26
2027-08-06 14:00:00,188.9,259.2,79.7,109.2,22
2027-08-06 15:00:00,188.0,254.8,78.0,110.0,23
2027-08-06 16:00:00,187.0,247.6,81.0,106.0,20
2027-08-06 17:00:00,192.5,262.8,81.5,111.0,33
2027-08-06 18:00:00,183.6,260.0,80.9,102.7,30
2027-08-06 19:00:00,200.0,252.2,79.3,120.7,24
2027-08-06 20:00:00,197.4,261.6,78.7,118.7,26
2027-08-06 21:00:00,197.3,262.6,77.5,119.8,34
2027-08-06 22:00:00,201.8,259.6,83.0,118.8,25
2027-08-06 23:00:00,194.8,249.6,78.6,116.2,33
2027-08-07 00:00:00,193.3,254.8,77.1,116.2,29
2027-08-07 01:00:00,187.0,263.4,79.2,107.8,22
2027-08-07 02:00:00,198.9,264.4,82.1,116.8,30
2027-08-07 03:00:00,193.9,247.4,81.1,112.8,26
2027-08-07 04:00:00,187.6,256.6,78.2,109.4,32
2027-08-07 05:00:00,187.7,254.6,78.0,109.7,20
2027-08-07 06:00:00,193.7,260.6,80.4,113.3,30
2027-08-07 07:00:00,200.5,261.4,79.7,120.8,29
2027-08-07 08:00:00,196.6,268.6,83.4,113.2,30
2027-08-07 09:00:00,196.5,261.4,80.1,116.4,25
2027-08-07 10:00:00,203.4,260.6,79.0,124.4,34
2027-08-07 11:00:00,191.7,263.2,80.8,110.9,29
2027-08-07 12:00:00,195.8,262.8,79.6,116.2,26
2027-08-07 13:00:00,194.3,259.0,81.2,113.1,33
2027-08-07 14:00:00,189.4,252.0,78.9,110.5,28
2027-08-07 15:00:00,194.5,268.2,77.1,117.4,32
2027-08-07 16:00:00,202.5,260.8,84.3,118.2,26
2027-08-07 17:00:00,199.6,253.8,80.6,119.0,24
2027-08-07 18:00:00,191.9,257.4,81.1,110.8,27
2027-08-07 19:00:00,197.3,244.0,77.4,119.9,34
2027-08-07 20:00:00,195.4,254.4,80.2,115.2,30
2027-08-07 21:00:00,185.9,270.6,79.5,106.4,33
2027-08-07 22:00:00,195.0,255.8,82.2,112.8,23
2027-08-07 23:00:00,197.2,250.6,77.1,120.1,32
2027-08-08 00:00:00,199.8,265.4,81.5,118.3,31
2027-08-08 01:00:00,189.3,256.0,82.9,106.4,20
2027-08-08 02:00:00,194.2,256.4,81.8,112.4,28
2027-08-08 03:00:00,196.9,252.6,79.3,117.6,28
2027-08-08 04:00:00,195.0,258.8,80.6,114.4,23
2027-08-08 05:00:00,189.9,252.8,79.8,110.1,22
2027-08-08 06:00:00,194.9,256.8,83.1,111.8,23
2027-08-08 07:00:00,197.4,253.6,77.7,119.7,34
2027-08-08 08:00:00,189.7,269.4,81.7,108.0,21
2027-08-08 09:00:00,192.9,259.4,78.3,114.6,24
2027-08-08 10:00:00,192.8,256.0,80.0,112.8,33
2027-08-08 11:00:00,197.1,260.2,81.0,116.1,32
2027-08-08 12:00:00,194.8,257.4,79.6,115.2,24
2027-08-08 13:00:00,192.0,254.8,78.4,113.6,28
2027-08-08 14:00:00,186.9,248.8,79.5,107.4,22
2027-08-08 15:00:00,190.5,254.6,80.9,109.6,32
2027-08-08 16:00:00,196.1,247.6,80.3,115.8,26
2027-08-08 17:00:00,199.2,258.6,78.6,120.6,26
2027-08-08 18:00:00,195.2,251.4,82.8,112.4,24
2027-08-08 19:00:00,189.0,253.6,80.9,108.1,33
2027-08-08 20:00:00,190.7,265.8,79.6,111.1,25
2027-08-08 21:00:00,194.2,265.0,79.0,115.2,32
2027-08-08 22:00:00,194.8,249.4,79.4,115.4,27
2027-08-08 23:00:00,195.0,259.2,79.7,115.3,33
2027-08-09 00:00:00,193.3,238.0,76.4,116.9,24
2027-08-09 01:00:00,196.2,261.2,80.2,116.0,20
2027-08-09 02:00:00,200.5,262.8,81.6,118.9,24
2027-08-09 03:00:00,195.1,263.2,81.7,113.4,24
2027-08-09 04:00:00,195.2,254.2,79.6,115.6,33
2027-08-09 05:00:00,205.0,269.8,79.3,125.7,34
2027-08-09 06:00:00,181.5,260.0,80.8,100.7,24
2027-08-09 07:00:00,193.0,244.4,80.1,112.9,23
2027-08-09 08:00:00,198.1,260.2,80.4,117.7,31
2027-08-09 09:00:00,190.3,258.4,81.3,109.0,29
2027-08-09 10:00:00,185.9,255.2,77.2,108.7,34
2027-08-09 11:00:00,193.5,253.4,78.1,115.4,26
2027-08-09 12:00:00,188.2,255.6,79.0,109.2,33
2027-08-09 13:00:00,198.1,270.8,76.4,121.7,30
2027-08-09 14:00:00,191.4,243.6,82.4,109.0,22
2027-08-09 15:00:00,192.0,256.4,80.6,111.4,26
2027-08-09 16:00:00,197.8,274.6,83.6,114.2,28
2027-08-09 17:00:00,190.4,255.2,82.4,108.0,26
2027-08-09 18:00:00,192.2,258.6,81.5,110.7,21
2027-08-09 19:00:00,199.1,250.6,79.6,119.5,32
2027-08-09 20:00:00,197.0,258.8,81.3,115.7,31
2027-08-09 21:00:00,189.1,250.2,80.4,108.7,25
2027-08-09 22:00:00,199.8,253.8,80.4,119.4,28
2027-08-09 23:00:00,190.2,265.6,80.9,109.3,27
2027-08-10 00:00:00,189.9,260.4,77.5,112.4,23
2027-08-10 01:00:00,193.8,253.0,79.0,114.8,27
2027-08-10 02:00:00,186.8,261.6,79.2,107.6,22
2027-08-10 03:00:00,194.6,256.2,77.3,117.3,29
2027-08-10 04:00:00,192.5,251.2,79.8,112.7,23
2027-08-10 05:00:00,177.0,266.6,76.8,100.2,21
2027-08-10 06:00:00,200.6,267.8,82.8,117.8,34
2027-08-10 07:00:00,194.1,254.0,80.0,114.1,22
2027-08-10 08:00:00,190.9,252.6,79.9,111.0,31
2027-08-10 09:00:00,197.3,253.8,80.7,116.6,22
2027-08-10 10:00:00,194.5,243.8,76.5,118.0,26
2027-08-10 11:00:00,205.4,255.6,82.9,122.5,29
2027-08-10 12:00:00,193.5,254.2,79.8,113.7,20
2027-08-10 13:00:00,192.5,250.6,78.5,114.0,33
2027-08-10 14:00:00,204.9,256.6,82.6,122.3,34
2027-08-10 15:00:00,194.1,253.0,77.8,116.3,26
2027-08-10 16:00:00,190.7,242.0,80.2,110.5,26
2027-08-10 17:00:00,195.7,259.8,84.6,111.1,21
2027-08-10 18:00:00,197.9,270.6,76.3,121.6,32
2027-08-10 19:00:00,194.7,254.8,78.5,116.2,34
2027-08-10 20:00:00,189.7,257.8,79.2,110.5,28
2027-08-10 21:00:00,197.1,250.2,79.6,117.5,30
2027-08-10 22:00:00,192.3,250.2,76.5,115.8,34
2027-08-10 23:00:00,183.2,252.4,82.4,100.8,20
2027-08-11 00:00:00,194.9,255.2,79.5,115.4,31
2027-08-11 01:00:00,186.8,253.4,80.2,106.6,25
2027-08-11 02:00:00,201.4,247.0,81.3,120.1,32
2027-08-11 03:00:00,194.8,263.6,77.8,117.0,26
2027-08-11 04:00:00,189.0,258.8,77.8,111.2,33
2027-08-11 05:00:00,186.5,259.2,75.6,110.9,30
2027-08-11 06:00:00,181.4,269.0,77.8,103.6,22
2027-08-11 07:00:00,197.7,257.0,81.2,116.5,27
2027-08-11 08:00:00,192.6,243.4,79.2,113.4,25
2027-08-11 09:00:00,196.2,254.6,81.8,114.4,24
2027-08-11 10:00:00,194.1,254.0,83.5,110.6,26
2027-08-11 11:00:00,195.5,266.2,79.5,116.0,24
2027-08-11 12:00:00,177.9,256.2,77.5,100.4,21
2027-08-11 13:00:00,187.0,260.0,80.0,107.0,23
2027-08-11 14:00:00,202.2,261.2,80.7,121.5,32
2027-08-11 15:00:00,188.5,247.8,77.4,111.1,23
2027-08-11 16:00:00,189.3,255.4,79.6,109.7,29
2027-08-11 17:00:00,198.3,256.8,78.7,119.6,32
2027-08-11 18:00:00,186.8,259.6,79.2,107.6,25
2027-08-11 19:00:00,204.6,258.0,81.4,123.2,32
2027-08-11 20:00:00,191.0,253.2,80.1,110.9,24
2027-08-11 21:00:00,194.3,259.0,78.5,115.8,31
2027-08-11 22:00:00,199.5,245.2,79.3,120.2,34
2027-08-11 23:00:00,198.3,253.8,81.0,117.3,26
2027-08-12 00:00:00,187.2,253.4,80.2,107.0,24
2027-08-12 01:00:00,197.0,246.8,82.0,115.0,26
2027-08-12 02:00:00,196.8,258.6,82.6,114.2,31
2027-08-12 03:00:00,191.9,249.8,79.1,112.8,25
2027-08-12 04:00:00,204.8,243.4,81.3,123.5,32
2027-08-12 05:00:00,191.1,258.2,79.9,111.2,31
2027-08-12 06:00:00,194.1,254.6,80.1,114.0,23
2027-08-12 07:00:00,199.6,263.4,79.6,120.0,32
2027-08-12 08:00:00,194.0,251.0,78.6,115.4,34
2027-08-12 09:00:00,186.9,257.0,77.9,109.0,21
2027-08-12 10:00:00,185.2,247.8,75.3,109.9,28
2027-08-12 11:00:00,194.1,258.8,79.6,114.5,22
2027-08-12 12:00:00,197.4,262.4,79.2,118.2,33
2027-08-12 13:00:00,187.3,258.6,80.9,106.4,20
2027-08-12 14:00:00,192.8,250.2,78.5,114.3,31
2027-08-12 15:00:00,196.5,245.2,79.6,116.9,31
2027-08-12 16:00:00,197.4,254.0,78.3,119.1,31
2027-08-12 17:00:00,186.0,251.4,81.4,104.6,30
2027-08-12 18:00:00,186.0,250.8,79.5,106.5,20
2027-08-12 19:00:00,194.5,257.6,80.4,114.1,25
2027-08-12 20:00:00,183.1,258.0,77.5,105.6,31
2027-08-12 21:00:00,185.2,253.4,79.2,106.0,24
2027-08-12 22:00:00,195.3,255.4,81.3,114.0,25
2027-08-12 23:00:00,196.9,247.8,81.0,115.9,20
2027-08-13 00:00:00,201.4,244.8,80.9,120.5,27
2027-08-13 01:00:00,180.1,255.8,78.6,101.5,25
2027-08-13 02:00:00,193.3,261.2,80.2,113.1,27
2027-08-13 03:00:00,191.1,256.2,79.2,111.9,30
2027-08-13 04:00:00,183.4,249.6,76.5,106.9,32
2027-08-13 05:00:00,190.6,250.8,80.3,110.3,21
2027-08-13 06:00:00,189.8,266.6,80.2,109.6,22
2027-08-13 07:00:00,200.2,255.4,81.6,118.6,26
2027-08-13 08:00:00,184.4,256.0,79.2,105.2,21
2027-08-13 09:00:00,196.1,255.0,82.6,113.5,34
2027-08-13 10:00:00,191.0,263.6,78.5,112.5,22
2027-08-13 11:00:00,202.7,257.0,78.0,124.7,32
2027-08-13 12:00:00,188.7,256.2,79.2,109.5,28
2027-08-13 13:00:00,191.8,258.6,81.3,110.5,30
2027-08-13 14:00:00,195.4,262.0,79.3,116.1,23
2027-08-13 15:00:00,185.8,261.2,81.1,104.7,21
2027-08-13 16:00:00,202.7,249.2,82.1,120.6,29
2027-08-13 17:00:00,201.3,254.6,83.2,118.1,27
2027-08-13 18:00:00,194.9,259.2,74.6,120.3,33
2027-08-13 19:00:00,184.5,255.6,76.7,107.8,21
2027-08-13 20:00:00,195.4,257.4,78.8,116.6,31
2027-08-13 21:00:00,184.7,256.6,81.1,103.6,26
2027-08-13 22:00:00,188.8,250.6,79.0,109.8,22
2027-08-13 23:00:00,192.9,249.6,81.8,111.1,31
2027-08-14 00:00:00,206.1,260.6,79.7,126.4,31
2027-08-14 01:00:00,199.9,258.0,78.2,121.7,29
2027-08-14 02:00:00,196.5,254.2,79.2,117.3,32
2027-08-14 03:00:00,189.8,254.0,79.3,110.5,32
2027-08-14 04:00:00,191.6,252.8,79.2,112.4,34
2027-08-14 05:00:00,194.4,257.2,81.4,113.0,34
2027-08-14 06:00:00,195.3,250.0,80.8,114.5,30
2027-08-14 07:00:00,204.0,262.0,77.4,126.6,34
2027-08-14 08:00:00,194.8,259.8,81.0,113.8,22
2027-08-14 09:00:00,190.3,253.0,80.0,110.3,24
2027-08-14 10:00:00,196.4,253.2,76.6,119.8,33
2027-08-14 11:00:00,198.1,264.2,79.6,118.5,30
2027-08-14 12:00:00,199.0,253.4,82.8,116.2,33
2027-08-14 13:00:00,195.1,257.8,80.0,115.1,20
2027-08-14 14:00:00,195.8,266.8,82.8,113.0,28
2027-08-14 15:00:00,190.7,254.6,80.9,109.8,29
2027-08-14 16:00:00,191.0,252.4,81.4,109.6,33
2027-08-14 17:00:00,187.8,252.8,77.4,110.4,30
2027-08-14 18:00:00,200.5,256.2,82.1,118.4,24
2027-08-14 19:00:00,188.1,249.4,80.7,107.4,21
2027-08-14 20:00:00,193.6,254.6,77.7,115.9,33
2027-08-14 21:00:00,186.3,254.6,77.2,109.1,28
2027-08-14 22:00:00,199.2,254.2,78.4,120.8,33
2027-08-14 23:00:00,202.3,247.0,80.0,122.3,34
2027-08-15 00:00:00,195.9,250.6,80.4,115.5,30
2027-08-15 01:00:00,184.4,266.8,77.3,107.1,25
2027-08-15 02:00:00,187.9,245.8,81.0,106.9,27
2027-08-15 03:00:00,192.3,269.2,78.1,114.2,31
2027-08-15 04:00:00,197.7,253.0,78.2,119.5,25
2027-08-15 05:00:00,202.4,255.2,81.2,121.2,28
2027-08-15 06:00:00,195.7,250.0,80.8,114.9,24
2027-08-15 07:00:00,183.4,259.8,77.4,106.0,26
2027-08-15 08:00:00,200.4,260.6,81.1,119.3,32
2027-08-15 09:00:00,203.8,264.4,81.3,122.5,28
2027-08-15 10:00:00,206.1,275.6,82.2,123.9,25
2027-08-15 11:00:00,181.6,256.8,80.0,101.6,21
2027-08-15 12:00:00,187.6,254.6,76.3,111.3,30
2027-08-15 13:00:00,187.5,249.2,77.0,110.5,23
2027-08-15 14:00:00,209.2,253.0,83.3,125.9,27
2027-08-15 15:00:00,189.6,242.2,79.1,110.5,27
2027-08-15 16:00:00,193.1,250.2,80.1,113.0,33
2027-08-15 17:00:00,189.8,241.0,81.6,108.2,34
2027-08-15 18:00:00,200.5,253.2,78.6,121.9,30
2027-08-15 19:00:00,191.3,251.4,79.4,111.9,29
2027-08-15 20:00:00,194.1,261.4,76.9,117.2,33
2027-08-15 21:00:00,198.6,260.0,81.9,116.7,22
2027-08-15 22:00:00,202.4,269.0,85.0,117.4,30
2027-08-15 23:00:00,190.1,245.4,80.6,109.5,26
2027-08-16 00:00:00,201.2,245.2,80.3,120.9,33
2027-08-16 01:00:00,187.0,262.4,79.3,107.7,21
2027-08-16 02:00:00,188.8,252.0,85.0,103.8,23
2027-08-16 03:00:00,192.1,249.8,79.0,113.1,27
2027-08-16 04:00:00,193.7,252.6,79.0,114.7,31
2027-08-16 05:00:00,194.0,254.2,80.3,113.7,22
2027-08-16 06:00:00,184.3,249.2,80.2,104.1,20
2027-08-16 07:00:00,187.1,247.6,77.0,110.1,32
2027-08-16 08:00:00,204.8,246.6,82.5,122.3,29
2027-08-16 09:00:00,199.3,257.2,80.7,118.6,27
2027-08-16 10:00:00,201.1,258.4,79.0,122.1,32
2027-08-16 11:00:00,192.5,248.6,82.6,109.9,32
2027-08-16 12:00:00,193.2,259.6,78.0,115.2,34
2027-08-16 13:00:00,190.7,257.0,77.9,112.8,28
2027-08-16 14:00:00,190.9,251.8,81.3,109.6,32
2027-08-16 15:00:00,190.7,249.0,79.5,111.2,31
2027-08-16 16:00:00,194.1,249.0,80.9,113.2,20
2027-08-16 17:00:00,200.0,253.4,83.5,116.5,22
2027-08-16 18:00:00,193.2,262.0,79.4,113.8,33
2027-08-16 19:00:00,190.2,258.0,82.2,108.0,23
2027-08-16 20:00:00,191.2,256.2,77.8,113.4,20
2027-08-16 21:00:00,195.1,255.2,79.2,115.9,22
2027-08-16 22:00:00,195.4,252.4,77.1,118.3,32
2027-08-16 23:00:00,197.2,262.0,81.5,115.7,21
2027-08-17 00:00:00,193.2,252.8,76.4,116.8,21
2027-08-17 01:00:00,200.9,261.8,80.1,120.8,27
2027-08-17 02:00:00,189.8,247.8,79.7,110.1,24
2027-08-17 03:00:00,193.6,248.0,81.9,111.7,27
2027-08-17 04:00:00,176.1,259.2,82.4,93.7,20
2027-08-17 05:00:00,188.4,263.8,80.7,107.7,28
2027-08-17 06:00:00,202.1,255.6,81.2,120.9,34
2027-08-17 07:00:00,198.2,249.4,80.1,118.1,28
2027-08-17 08:00:00,193.3,249.4,81.7,111.6,29
2027-08-17 09:00:00,193.6,248.0,83.2,110.4,20
2027-08-17 10:00:00,204.9,250.0,80.4,124.5,33
2027-08-17 11:00:00,190.4,255.2,77.6,112.8,23
2027-08-17 12:00:00,198.6,247.0,82.2,116.4,33
2027-08-17 13:00:00,191.5,260.4,79.7,111.8,27
2027-08-17 14:00:00,188.6,264.4,82.0,106.6,20
2027-08-17 15:00:00,186.7,260.0,80.9,105.8,20
2027-08-17 16:00:00,190.4,235.6,78.8,111.6,24
2027-08-17 17:00:00,189.6,256.4,78.8,110.8,27
2027-08-17 18:00:00,191.1,254.4,81.7,109.4,30
2027-08-17 19:00:00,193.2,270.0,83.0,110.2,21
2027-08-17 20:00:00,194.6,245.0,78.6,116.0,20
2027-08-17 21:00:00,191.8,255.0,83.0,108.8,34
2027-08-17 22:00:00,190.6,256.0,83.6,107.0,34
2027-08-17 23:00:00,197.2,251.6,82.3,114.9,22
2027-08-18 00:00:00,200.4,248.0,82.5,117.9,30
2027-08-18 01:00:00,192.1,255.0,80.8,111.3,23
2027-08-18 02:00:00,194.5,247.0,79.2,115.3,20
2027-08-18 03:00:00,195.0,256.4,80.4,114.6,32
2027-08-18 04:00:00,185.1,245.4,78.2,106.9,21
2027-08-18 05:00:00,196.6,254.8,81.3,115.3,28
2027-08-18 06:00:00,201.8,256.8,82.9,118.9,33
2027-08-18 07:00:00,191.3,252.0,77.5,113.8,28
2027-08-18 08:00:00,180.9,254.2,76.3,104.6,32
2027-08-18 09:00:00,193.7,261.8,81.7,112.0,28
2027-08-18 10:00:00,191.6,246.6,79.8,111.8,22
2027-08-18 11:00:00,187.3,247.2,79.4,107.9,20
2027-08-18 12:00:00,185.7,248.4,79.0,106.7,23
2027-08-18 13:00:00,191.6,269.6,79.5,112.1,24
2027-08-18 14:00:00,193.5,255.4,75.6,117.9,34
2027-08-18 15:00:00,191.9,253.8,80.1,111.8,32
2027-08-18 16:00:00,195.4,262.4,79.2,116.2,24
2027-08-18 17:00:00,197.0,262.0,81.4,115.6,34
2027-08-18 18:00:00,185.7,257.8,81.6,104.1,25
2027-08-18 19:00:00,197.8,246.8,80.0,117.8,34
2027-08-18 20:00:00,189.3,251.4,80.3,109.0,20
2027-08-18 21:00:00,182.1,252.8,76.9,105.2,22
2027-08-18 22:00:00,194.7,242.0,81.7,113.0,26
2027-08-18 23:00:00,192.7,257.8,79.4,113.3,28
2027-08-19 00:00:00,188.5,247.6,81.4,107.1,27
2027-08-19 01:00:00,191.7,259.8,80.9,110.8,34
2027-08-19 02:00:00,204.1,258.6,81.0,123.1,25
2027-08-19 03:00:00,195.4,246.2,78.9,116.5,22
2027-08-19 04:00:00,201.1,254.8,82.3,118.8,33
2027-08-19 05:00:00,195.0,258.6,81.5,113.5,26
2027-08-19 06:00:00,184.1,256.2,79.6,104.5,21
2027-08-19 07:00:00,199.3,257.0,80.4,118.9,22
2027-08-19 08:00:00,191.3,252.2,77.8,113.5,26
2027-08-19 09:00:00,198.6,256.0,80.5,118.1,26
2027-08-19 10:00:00,189.6,262.4,82.0,107.6,28
2027-08-19 11:00:00,193.4,249.4,80.0,113.4,27
2027-08-19 12:00:00,186.5,259.8,79.0,107.5,33
2027-08-19 13:00:00,196.7,256.4,82.6,114.1,22
2027-08-19 14:00:00,198.0,254.6,82.8,115.2,25
2027-08-19 15:00:00,191.5,259.4,77.6,113.9,23
2027-08-19 16:00:00,193.5,245.2,80.7,112.8,34
2027-08-19 17:00:00,193.8,250.2,81.8,112.0,25
2027-08-19 18:00:00,195.0,243.0,80.3,114.7,29
2027-08-19 19:00:00,194.9,253.2,79.7,115.2,22
2027-08-19 20:00:00,200.8,258.2,79.6,121.2,27
2027-08-19 21:00:00,194.1,249.6,78.9,115.2,33
2027-08-19 22:00:00,193.7,249.8,77.8,115.9,31
2027-08-19 23:00:00,191.5,248.2,80.7,110.8,24
2027-08-20 00:00:00,195.1,247.8,79.7,115.4,21
2027-08-20 01:00:00,199.2,258.6,82.7,116.5,26
2027-08-20 02:00:00,187.7,248.6,76.3,111.4,20
2027-08-20 03:00:00,193.2,247.0,75.4,117.8,23
2027-08-20 04:00:00,190.0,261.0,81.0,109.0,33
2027-08-20 05:00:00,192.0,257.2,83.1,108.9,25
2027-08-20 06:00:00,188.7,259.0,79.7,109.0,24
2027-08-20 07:00:00,185.5,258.6,78.4,107.1,23
2027-08-20 08:00:00,192.3,252.4,80.5,111.8,23
2027-08-20 09:00:00,193.5,251.2,79.4,114.1,31
2027-08-20 10:00:00,196.5,259.6,80.5,116.0,31
2027-08-20 11:00:00,197.5,253.6,81.4,116.1,25
2027-08-20 12:00:00,193.5,245.6,81.6,111.9,24
2027-08-20 13:00:00,192.4,256.8,78.0,114.4,25
2027-08-20 14:00:00,195.8,241.6,81.6,114.2,31
2027-08-20 15:00:00,186.2,252.4,79.1,107.1,23
2027-08-20 16:00:00,190.7,254.0,80.5,110.2,22
2027-08-20 17:00:00,197.1,251.2,79.7,117.4,28
2027-08-20 18:00:00,193.2,250.4,82.1,111.1,31
2027-08-20 19:00:00,188.2,242.6,79.1,109.1,25
2027-08-20 20:00:00,199.3,248.8,78.1,121.2,31
2027-08-20 21:00:00,187.6,255.0,81.8,105.8,24
2027-08-20 22:00:00,184.7,250.6,79.1,105.6,21
2027-08-20 23:00:00,202.6,245.0,81.3,121.3,25
2027-08-21 00:00:00,187.0,258.4,79.1,107.9,30
2027-08-21 01:00:00,188.9,243.6,79.0,109.9,26
2027-08-21 02:00:00,197.0,252.6,82.9,114.1,33
2027-08-21 03:00:00,187.1,257.8,79.7,107.4,27
2027-08-21 04:00:00,196.1,256.4,78.9,117.2,30
2027-08-21 05:00:00,198.0,258.2,76.8,121.2,27
2027-08-21 06:00:00,189.0,239.2,77.9,111.1,30
2027-08-21 07:00:00,201.6,246.2,80.5,121.1,30
2027-08-21 08:00:00,179.9,253.0,76.1,103.8,24
2027-08-21 09:00:00,195.9,257.4,81.8,114.1,32
2027-08-21 10:00:00,195.8,252.8,82.4,113.4,31
2027-08-21 11:00:00,200.5,251.8,80.9,119.6,33
2027-08-21 12:00:00,192.1,248.2,80.3,111.8,32
2027-08-21 13:00:00,201.1,254.4,81.6,119.5,23
2027-08-21 14:00:00,191.9,235.8,81.3,110.6,27
2027-08-21 15:00:00,195.0,268.6,78.6,116.4,28
2027-08-21 16:00:00,196.8,248.4,79.6,117.2,27
2027-08-21 17:00:00,199.0,252.2,79.1,119.9,30
2027-08-21 18:00:00,201.0,248.4,81.0,120.0,33
2027-08-21 19:00:00,189.9,259.0,81.7,108.2,34
2027-08-21 20:00:00,200.3,247.4,79.7,120.6,27
2027-08-21 21:00:00,192.0,256.0,75.2,116.8,22
2027-08-21 22:00:00,193.7,254.6,77.9,115.8,32
2027-08-21 23:00:00,196.9,247.6,79.6,117.3,21
2027-08-22 00:00:00,186.0,257.6,80.3,105.7,23
2027-08-22 01:00:00,195.2,248.2,80.9,114.3,30
2027-08-22 02:00:00,203.0,244.0,83.3,119.7,31
2027-08-22 03:00:00,198.1,254.2,81.7,116.4,34
2027-08-22 04:00:00,186.9,257.6,78.8,108.1,20
2027-08-22 05:00:00,197.7,258.8,77.9,119.8,24
2027-08-22 06:00:00,187.2,249.6,79.2,108.0,24
2027-08-22 07:00:00,197.2,262.6,81.8,115.4,22
2027-08-22 08:00:00,195.2,240.6,76.1,119.1,29
2027-08-22 09:00:00,195.6,253.2,78.7,116.9,24
2027-08-22 10:00:00,186.6,251.0,81.0,105.6,23
2027-08-22 11:00:00,191.9,252.0,77.6,114.3,24
2027-08-22 12:00:00,192.8,250.6,79.7,113.1,21
2027-08-22 13:00:00,188.9,258.6,80.6,108.3,26
2027-08-22 14:00:00,194.2,246.0,78.4,115.8,32
2027-08-22 15:00:00,193.6,253.4,79.6,114.0,29
2027-08-22 16:00:00,195.9,244.8,79.7,116.2,34
2027-08-22 17:00:00,192.3,247.8,81.5,110.8,23
2027-08-22 18:00:00,187.1,253.2,79.9,107.2,21
2027-08-22 19:00:00,195.4,258.4,81.8,113.6,21
2027-08-22 20:00:00,191.1,250.6,80.2,110.9,27
2027-08-22 21:00:00,194.0,243.4,78.7,115.3,25
2027-08-22 22:00:00,206.7,257.4,85.4,121.3,34
2027-08-22 23:00:00,197.2,256.0,84.9,112.3,27
2027-08-23 00:00:00,203.3,247.6,78.2,125.1,23
2027-08-23 01:00:00,203.5,242.0,81.5,122.0,29
2027-08-23 02:00:00,195.4,248.2,81.8,113.6,33
2027-08-23 03:00:00,206.6,251.0,81.1,125.5,23
2027-08-23 04:00:00,198.3,249.2,82.3,116.0,25
2027-08-23 05:00:00,186.9,257.6,77.8,109.1,21
2027-08-23 06:00:00,195.5,257.2,81.7,113.8,22
2027-08-23 07:00:00,192.8,261.6,81.1,111.7,32
2027-08-23 08:00:00,193.4,248.0,81.4,112.0,23
2027-08-23 09:00:00,202.2,253.0,83.6,118.6,34
2027-08-23 10:00:00,201.1,260.6,77.1,124.0,24
2027-08-23 11:00:00,193.9,245.8,82.1,111.8,30
2027-08-23 12:00:00,190.7,240.0,80.8,109.9,23
2027-08-23 13:00:00,188.5,252.8,79.8,108.7,22
2027-08-23 14:00:00,207.1,247.2,80.1,127.0,28
2027-08-23 15:00:00,193.0,248.6,81.5,111.5,24
2027-08-23 16:00:00,188.7,253.0,77.2,111.5,32
2027-08-23 17:00:00,199.9,256.6,78.3,121.6,32
2027-08-23 18:00:00,199.1,248.0,77.7,121.4,30
2027-08-23 19:00:00,192.1,253.0,78.3,113.8,33
2027-08-23 20:00:00,187.4,254.0,80.6,106.8,21
2027-08-23 21:00:00,190.5,249.8,76.7,113.8,30
2027-08-23 22:00:00,198.1,247.8,83.0,115.1,34
2027-08-23 23:00:00,201.2,262.8,79.0,122.2,32
2027-08-24 00:00:00,185.8,249.0,78.2,107.6,24
2027-08-24 01:00:00,191.4,249.4,79.3,112.1,26
2027-08-24 02:00:00,196.0,252.8,79.6,116.4,26
2027-08-24 03:00:00,187.3,249.2,79.2,108.1,20
2027-08-24 04:00:00,194.2,253.4,79.6,114.6,23
2027-08-24 05:00:00,195.8,253.2,78.7,117.1,30
2027-08-24 06:00:00,203.0,247.4,81.9,121.1,28
2027-08-24 07:00:00,195.2,242.6,81.6,113.6,22
2027-08-24 08:00:00,192.4,242.0,78.6,113.8,30
2027-08-24 09:00:00,188.1,253.0,80.0,108.1,21
2027-08-24 10:00:00,193.0,254.6,78.2,114.8,27
2027-08-24 11:00:00,197.5,259.4,81.4,116.1,25
2027-08-24 12:00:00,195.5,248.6,81.6,113.9,29
2027-08-24 13:00:00,191.4,249.2,79.0,112.4,24
2027-08-24 14:00:00,190.1,263.8,80.2,109.9,25
2027-08-24 15:00:00,184.7,241.8,80.9,103.8,22
2027-08-24 16:00:00,189.3,246.4,78.7,110.6,23
2027-08-24 17:00:00,195.8,260.4,76.4,119.4,29
2027-08-24 18:00:00,202.0,248.6,79.3,122.7,26
2027-08-24 19:00:00,189.9,252.8,81.6,108.3,30
2027-08-24 20:00:00,190.4,253.2,80.2,110.2,25
2027-08-24 21:00:00,191.0,250.8,79.4,111.6,33
2027-08-24 22:00:00,190.6,246.4,77.4,113.2,26
2027-08-24 23:00:00,195.8,240.4,77.8,118.0,22
2027-08-25 00:00:00,191.8,250.0,81.5,110.3,25
2027-08-25 01:00:00,189.8,259.2,79.7,110.1,31
2027-08-25 02:00:00,185.6,248.2,77.8,107.8,21
2027-08-25 03:00:00,197.5,241.8,80.3,117.2,30
2027-08-25 04:00:00,185.2,253.8,78.7,106.5,30
2027-08-25 05:00:00,193.9,262.6,79.3,114.6,22
2027-08-25 06:00:00,197.5,247.4,81.4,116.1,29
2027-08-25 07:00:00,199.3,253.4,81.2,118.1,30
2027-08-25 08:00:00,188.5,244.6,79.2,109.3,21
2027-08-25 09:00:00,196.1,250.8,84.2,111.9,24
2027-08-25 10:00:00,191.6,254.8,78.1,113.5,27
2027-08-25 11:00:00,188.4,255.0,82.0,106.4,22
2027-08-25 12:00:00,182.7,252.4,81.2,101.5,32
2027-08-25 13:00:00,190.7,250.6,77.4,113.3,29
2027-08-25 14:00:00,201.6,251.2,79.3,122.3,28
2027-08-25 15:00:00,195.1,251.0,82.1,113.0,28
2027-08-25 16:00:00,188.3,257.8,80.1,108.2,30
2027-08-25 17:00:00,191.1,251.4,74.9,116.2,32
2027-08-25 18:00:00,194.0,248.4,76.4,117.6,23
2027-08-25 19:00:00,193.2,248.6,81.1,112.1,25
2027-08-25 20:00:00,194.5,247.6,79.3,115.2,27
2027-08-25 21:00:00,196.3,257.0,78.7,117.6,28
2027-08-25 22:00:00,194.9,250.6,76.9,118.0,33
2027-08-25 23:00:00,192.8,243.4,79.3,113.5,20
2027-08-26 00:00:00,196.1,244.0,82.0,114.1,28
2027-08-26 01:00:00,205.7,250.0,80.3,125.4,34
2027-08-26 02:00:00,199.3,259.6,81.4,117.9,32
2027-08-26 03:00:00,189.8,255.0,82.1,107.7,26
2027-08-26 04:00:00,187.6,256.2,76.4,111.2,20
2027-08-26 05:00:00,186.7,255.8,78.1,108.6,25
2027-08-26 06:00:00,183.1,253.4,78.9,104.2,22
2027-08-26 07:00:00,183.7,251.8,79.9,103.8,22
2027-08-26 08:00:00,201.4,255.0,80.4,121.0,24
2027-08-26 09:00:00,188.8,246.8,79.5,109.3,28
2027-08-26 10:00:00,205.7,248.4,79.2,126.5,34
2027-08-26 11:00:00,183.8,252.2,80.1,103.7,20
2027-08-26 12:00:00,197.4,252.0,79.3,118.1,23
2027-08-26 13:00:00,191.5,254.2,79.9,111.6,24
2027-08-26 14:00:00,204.8,257.4,79.7,125.1,34
2027-08-26 15:00:00,211.0,253.2,80.6,130.4,29
2027-08-26 16:00:00,196.3,248.2,80.6,115.7,33
2027-08-26 17:00:00,194.6,257.0,80.3,114.3,33
2027-08-26 18:00:00,208.2,235.0,82.2,126.0,33
2027-08-26 19:00:00,186.6,258.4,80.5,106.1,24
2027-08-26 20:00:00,192.6,265.2,84.8,107.8,24
2027-08-26 21:00:00,194.4,247.8,77.1,117.3,29
2027-08-26 22:00:00,196.7,247.8,80.2,116.5,23
2027-08-26 23:00:00,184.1,258.6,82.4,101.7,20
2027-08-27 00:00:00,191.4,241.2,79.4,112.0,23
2027-08-27 01:00:00,187.2,247.6,77.6,109.6,26
2027-08-27 02:00:00,194.6,251.2,79.6,115.0,29
2027-08-27 03:00:00,190.5,256.6,80.3,110.2,29
2027-08-27 04:00:00,191.5,253.4,81.0,110.5,30
2027-08-27 05:00:00,179.8,254.0,79.3,100.5,25
2027-08-27 06:00:00,194.4,250.4,83.5,110.9,20
2027-08-27 07:00:00,198.7,244.6,81.0,117.7,22
2027-08-27 08:00:00,208.7,250.6,82.1,126.6,30
2027-08-27 09:00:00,192.9,260.0,79.5,113.4,33
2027-08-27 10:00:00,195.6,253.6,80.3,115.3,24
2027-08-27 11:00:00,193.8,247.4,81.5,112.3,32
2027-08-27 12:00:00,198.2,262.6,78.2,120.0,29
2027-08-27 13:00:00,188.5,257.0,79.5,109.0,23
2027-08-27 14:00:00,198.5,245.4,79.2,119.3,33
2027-08-27 15:00:00,200.0,256.6,82.8,117.2,28
2027-08-27 16:00:00,186.6,241.2,80.5,106.1,21
2027-08-27 17:00:00,194.9,242.0,78.1,116.8,26
2027-08-27 18:00:00,181.4,248.0,74.0,107.4,33
2027-08-27 19:00:00,189.1,242.2,76.0,113.1,25
2027-08-27 20:00:00,185.2,245.8,76.2,109.0,23
2027-08-27 21:00:00,194.3,249.6,77.7,116.6,24
2027-08-27 22:00:00,191.4,244.2,78.9,112.5,24
2027-08-27 23:00:00,186.9,256.0,81.0,105.9,20
2027-08-28 00:00:00,195.6,247.6,78.4,117.2,27
2027-08-28 01:00:00,188.0,250.6,77.8,110.2,21
2027-08-28 02:00:00,201.2,251.4,77.5,123.7,30
2027-08-28 03:00:00,197.0,246.6,79.4,117.6,26
2027-08-28 04:00:00,188.7,258.0,79.3,109.4,30
2027-08-28 05:00:00,197.8,254.8,80.1,117.7,21
2027-08-28 06:00:00,193.6,245.2,80.9,112.7,30
2027-08-28 07:00:00,201.4,251.2,80.4,121.0,20
2027-08-28 08:00:00,193.2,254.2,80.8,112.4,20
2027-08-28 09:00:00,194.3,244.0,81.1,113.2,20
2027-08-28 10:00:00,183.5,239.8,79.3,104.2,27
2027-08-28 11:00:00,204.6,251.0,83.0,121.6,27
2027-08-28 12:00:00,198.4,248.4,83.0,115.4,28
2027-08-28 13:00:00,193.4,253.4,83.2,110.2,29
2027-08-28 14:00:00,200.2,245.4,80.2,120.0,33
2027-08-28 15:00:00,185.6,260.0,80.1,105.5,20
2027-08-28 16:00:00,193.7,243.6,80.7,113.0,24
2027-08-28 17:00:00,196.7,253.0,81.8,114.9,33
2027-08-28 18:00:00,198.3,247.8,76.4,121.9,26
2027-08-28 19:00:00,182.3,251.2,78.7,103.6,20
2027-08-28 20:00:00,196.8,241.8,83.8,113.0,27
2027-08-28 21:00:00,197.4,246.2,76.9,120.5,27
2027-08-28 22:00:00,201.1,246.0,82.1,119.0,25
2027-08-28 23:00:00,200.5,252.2,78.9,121.6,32
2027-08-29 00:00:00,204.8,252.2,82.7,122.1,50
2027-08-29 01:00:00,195.7,250.2,82.7,113.0,43
2027-08-29 02:00:00,205.8,247.2,78.9,126.9,44
2027-08-29 03:00:00,211.2,250.6,80.8,130.4,53
2027-08-29 04:00:00,200.7,251.0,79.5,121.2,51
2027-08-29 05:00:00,201.5,243.0,79.0,122.5,49
2027-08-29 06:00:00,202.1,250.0,79.3,122.8,41
2027-08-29 07:00:00,205.9,254.4,79.3,126.6,54
2027-08-29 08:00:00,193.8,237.6,79.8,114.0,53
2027-08-29 09:00:00,208.3,254.6,80.1,128.2,54
2027-08-29 10:00:00,207.5,237.6,79.3,128.2,56
2027-08-29 11:00:00,206.7,264.2,78.9,127.8,56
2027-08-29 12:00:00,206.3,246.8,79.1,127.2,57
2027-08-29 13:00:00,202.3,251.4,76.5,125.8,44
2027-08-29 14:00:00,219.5,254.2,78.1,141.4,55
2027-08-29 15:00:00,202.7,249.0,80.6,122.1,48
2027-08-29 16:00:00,207.1,247.2,79.1,128.0,52
2027-08-29 17:00:00,205.8,245.0,79.1,126.7,53
2027-08-29 18:00:00,192.1,245.4,79.3,112.8,46
2027-08-29 19:00:00,212.3,250.6,83.6,128.7,42
2027-08-29 20:00:00,202.3,241.6,79.1,123.2,56
2027-08-29 21:00:00,198.0,239.0,78.2,119.8,41
2027-08-29 22:00:00,198.6,252.0,80.0,118.6,45
2027-08-29 23:00:00,198.0,244.0,80.3,117.7,40
2027-08-30 00:00:00,206.6,244.0,79.0,127.6,52
2027-08-30 01:00:00,198.4,239.0,79.0,119.4,42
2027-08-30 02:00:00,213.3,243.4,83.8,129.5,51
2027-08-30 03:00:00,214.7,245.8,77.4,137.3,57
2027-08-30 04:00:00,191.5,247.2,78.7,112.8,41
2027-08-30 05:00:00,197.2,240.4,82.0,115.2,49
2027-08-30 06:00:00,207.8,252.2,80.3,127.5,57
2027-08-30 07:00:00,198.8,249.8,78.2,120.6,43
2027-08-30 08:00:00,197.6,249.6,79.9,117.7,49
2027-08-30 09:00:00,209.6,240.0,79.4,130.2,48
2027-08-30 10:00:00,200.3,238.0,78.4,121.9,54
2027-08-30 11:00:00,209.8,241.0,76.8,133.0,59
2027-08-30 12:00:00,210.4,253.6,78.8,131.6,55
2027-08-30 13:00:00,200.6,244.0,80.1,120.5,40
2027-08-30 14:00:00,205.4,245.4,80.5,124.9,46
2027-08-30 15:00:00,198.9,253.6,77.4,121.5,52
2027-08-30 16:00:00,205.6,241.8,82.7,122.9,46
2027-08-30 17:00:00,200.2,246.0,80.8,119.4,43
2027-08-30 18:00:00,202.0,237.8,78.1,123.9,42
2027-08-30 19:00:00,202.8,240.4,79.5,123.3,47
2027-08-30 20:00:00,206.6,261.8,80.5,126.1,50
2027-08-30 21:00:00,216.2,263.4,83.0,133.2,57
2027-08-30 22:00:00,208.8,247.6,81.0,127.8,59
2027-08-30 23:00:00,208.6,246.0,77.7,130.9,59
2027-08-31 00:00:00,219.7,259.4,84.2,135.5,54
2027-08-31 01:00:00,206.1,256.4,82.3,123.8,47
2027-08-31 02:00:00,199.0,252.2,76.6,122.4,43
2027-08-31 03:00:00,193.5,241.8,76.3,117.2,58
2027-08-31 04:00:00,202.9,253.4,79.7,123.2,45
2027-08-31 05:00:00,191.8,248.8,78.9,112.9,41
2027-08-31 06:00:00,200.3,245.6,80.3,120.0,45
2027-08-31 07:00:00,203.3,251.2,79.1,124.2,56
2027-08-31 08:00:00,197.9,249.8,80.3,117.6,52
2027-08-31 09:00:00,201.5,257.0,80.6,120.9,40
2027-08-31 10:00:00,192.8,247.8,78.6,114.2,41
2027-08-31 11:00:00,204.0,254.8,82.4,121.6,59
2027-08-31 12:00:00,193.4,248.8,75.6,117.8,43
2027-08-31 13:00:00,199.8,242.4,79.6,120.2,44
2027-08-31 14:00:00,192.3,254.0,78.0,114.3,42
2027-08-31 15:00:00,205.2,244.4,79.5,125.7,57
2027-08-31 16:00:00,213.3,240.0,82.3,131.0,44
2027-08-31 17:00:00,212.3,242.4,80.7,131.6,57
2027-08-31 18:00:00,195.0,239.0,81.4,113.6,45
2027-08-31 19:00:00,207.8,251.2,81.8,126.0,59
2027-08-31 20:00:00,206.9,242.6,83.3,123.6,55
2027-08-31 21:00:00,200.9,241.0,80.6,120.3,52
2027-08-31 22:00:00,197.3,248.2,80.9,116.4,43
2027-08-31 23:00:00,212.1,247.0,80.6,131.5,46
2027-09-01 00:00:00,205.9,252.6,79.5,126.4,47
2027-09-01 01:00:00,204.9,241.2,76.6,128.3,54
2027-09-01 02:00:00,203.6,250.8,80.0,123.6,47
2027-09-01 03:00:00,208.6,239.0,80.8,127.8,44
2027-09-01 04:00:00,207.7,256.8,80.1,127.6,45
2027-09-01 05:00:00,204.7,246.8,80.5,124.2,56
2027-09-01 06:00:00,206.0,249.8,77.8,128.2,57
2027-09-01 07:00:00,197.2,245.2,80.5,116.7,43
2027-09-01 08:00:00,212.7,242.0,79.5,133.2,59
2027-09-01 09:00:00,208.5,248.4,76.7,131.8,51
2027-09-01 10:00:00,202.7,239.6,84.5,118.2,40
2027-09-01 11:00:00,202.7,242.2,79.0,123.7,52
2027-09-01 12:00:00,209.2,254.8,82.2,127.0,46
2027-09-01 13:00:00,208.8,241.4,80.7,128.1,55
2027-09-01 14:00:00,194.6,251.0,78.9,115.7,41
2027-09-01 15:00:00,187.4,251.8,79.6,107.8,53
2027-09-01 16:00:00,201.0,256.6,77.7,123.3,48
2027-09-01 17:00:00,209.3,253.4,79.4,129.9,57
2027-09-01 18:00:00,203.7,254.6,81.1,122.6,48
2027-09-01 19:00:00,199.2,241.0,76.6,122.6,50
2027-09-01 20:00:00,198.5,247.2,77.7,120.8,49
2027-09-01 21:00:00,204.8,248.2,77.0,127.8,57
2027-09-01 22:00:00,213.7,240.6,79.7,134.0,59
2027-09-01 23:00:00,211.1,252.2,82.2,128.9,41
2027-09-02 00:00:00,196.6,245.4,76.9,119.7,54
2027-09-02 01:00:00,209.1,253.6,84.6,124.5,43
2027-09-02 02:00:00,209.4,248.4,81.6,127.8,47
2027-09-02 03:00:00,201.2,244.2,81.3,119.9,55
2027-09-02 04:00:00,215.8,247.8,82.9,132.9,54
2027-09-02 05:00:00,201.0,253.4,83.8,117.2,45
2027-09-02 06:00:00,206.3,254.8,79.5,126.8,57
2027-09-02 07:00:00,219.6,250.4,77.7,141.9,59
2027-09-02 08:00:00,211.7,234.2,78.9,132.8,47
2027-09-02 09:00:00,190.6,248.0,78.3,112.3,43
2027-09-02 10:00:00,203.9,244.0,79.6,124.3,50
2027-09-02 11:00:00,190.2,245.8,75.7,114.5,52
2027-09-02 12:00:00,200.3,242.8,76.8,123.5,49
2027-09-02 13:00:00,202.6,252.8,79.4,123.2,56
2027-09-02 14:00:00,202.2,252.6,77.5,124.7,53
2027-09-02 15:00:00,200.3,244.6,77.6,122.7,48
2027-09-02 16:00:00,209.1,247.4,78.8,130.3,59
2027-09-02 17:00:00,195.9,250.0,75.3,120.6,59
2027-09-02 18:00:00,197.8,251.0,75.2,122.6,47
2027-09-02 19:00:00,211.8,245.6,79.2,132.6,44
2027-09-02 20:00:00,203.7,245.6,79.0,124.7,47
2027-09-02 21:00:00,206.1,242.0,76.1,130.0,54
2027-09-02 22:00:00,200.7,250.6,77.3,123.4,47
2027-09-02 23:00:00,213.6,236.8,82.5,131.1,51
2027-09-03 00:00:00,194.2,260.0,79.4,114.8,54
2027-09-03 01:00:00,189.7,248.0,76.6,113.1,41
2027-09-03 02:00:00,213.2,258.2,82.5,130.7,49
2027-09-03 03:00:00,200.2,251.4,77.7,122.5,45
2027-09-03 04:00:00,197.6,237.2,78.9,118.7,46
2027-09-03 05:00:00,210.7,246.6,80.7,130.0,48
2027-09-03 06:00:00,197.5,255.2,78.5,119.0,45
2027-09-03 07:00:00,200.1,256.0,81.5,118.6,53
2027-09-03 08:00:00,205.6,257.8,82.7,122.9,45
2027-09-03 09:00:00,191.7,246.4,78.7,113.0,47
2027-09-03 10:00:00,204.1,248.6,81.1,123.0,48
2027-09-03 11:00:00,205.9,239.8,84.0,121.9,43
2027-09-03 12:00:00,204.8,258.4,72.5,132.3,54
2027-09-03 13:00:00,213.6,245.2,76.3,137.3,51
2027-09-03 14:00:00,195.0,241.0,77.7,117.3,41
2027-09-03 15:00:00,207.5,253.2,84.4,123.1,47
2027-09-03 16:00:00,205.0,245.8,80.3,124.7,54
2027-09-03 17:00:00,198.2,253.2,79.0,119.2,51
2027-09-03 18:00:00,190.0,255.2,79.3,110.7,40
2027-09-03 19:00:00,203.1,245.0,80.8,122.3,40
2027-09-03 20:00:00,199.6,245.2,81.1,118.5,42
2027-09-03 21:00:00,201.5,248.8,79.7,121.8,53
2027-09-03 22:00:00,203.5,249.0,79.2,124.3,41
2027-09-03 23:00:00,201.7,247.4,79.1,122.6,49
2027-09-04 00:00:00,199.2,248.0,83.5,115.7,48
2027-09-04 01:00:00,201.9,241.8,78.9,123.0,42
2027-09-04 02:00:00,213.5,243.6,79.4,134.1,45
2027-09-04 03:00:00,214.1,246.6,82.4,131.7,57
2027-09-04 04:00:00,199.6,238.8,80.4,119.2,54
2027-09-04 05:00:00,202.4,253.2,78.9,123.5,53
2027-09-04 06:00:00,194.4,244.2,78.1,116.3,42
2027-09-04 07:00:00,210.1,246.6,80.0,130.1,56
2027-09-04 08:00:00,210.3,250.0,78.0,132.3,58
2027-09-04 09:00:00,205.6,240.8,81.0,124.6,51
2027-09-04 10:00:00,200.7,247.0,78.3,122.4,44
2027-09-04 11:00:00,213.5,248.4,85.7,127.8,49
2027-09-04 12:00:00,206.8,248.2,81.6,125.2,55
2027-09-04 13:00:00,190.2,244.4,77.9,112.3,45
2027-09-04 14:00:00,205.7,245.8,77.0,128.7,43
2027-09-04 15:00:00,204.9,240.6,82.7,122.2,58
2027-09-04 16:00:00,205.4,245.0,79.7,125.7,52
2027-09-04 17:00:00,208.4,242.2,83.3,125.1,45
2027-09-04 18:00:00,203.8,243.4,79.1,124.7,41
2027-09-04 19:00:00,200.7,247.6,80.3,120.4,41
2027-09-04 20:00:00,209.1,258.6,81.2,127.9,45
2027-09-04 21:00:00,197.2,241.0,79.7,117.5,43
2027-09-04 22:00:00,206.0,246.4,78.0,128.0,51
2027-09-04 23:00:00,194.9,247.4,78.3,116.6,42
2027-09-05 00:00:00,203.3,249.4,80.0,123.3,50
2027-09-05 01:00:00,203.6,248.6,78.9,124.7,50
2027-09-05 02:00:00,209.4,242.0,81.2,128.2,53
2027-09-05 03:00:00,207.9,253.8,80.0,127.9,54
2027-09-05 04:00:00,210.6,245.0,80.5,130.1,51
2027-09-05 05:00:00,212.2,245.6,80.7,131.5,59
2027-09-05 06:00:00,210.0,253.8,81.4,128.6,55
2027-09-05 07:00:00,198.2,247.0,77.0,121.2,46
2027-09-05 08:00:00,199.5,258.0,78.3,121.2,59
2027-09-05 09:00:00,197.1,251.8,77.8,119.3,43
2027-09-05 10:00:00,204.5,246.0,78.9,125.6,59
2027-09-05 11:00:00,207.0,232.8,78.6,128.4,53
2027-09-05 12:00:00,211.0,241.6,81.9,129.1,47
2027-09-05 13:00:00,208.7,250.4,81.0,127.7,47
2027-09-05 14:00:00,206.8,242.0,82.5,124.3,46
2027-09-05 15:00:00,207.1,241.0,78.3,128.8,51
2027-09-05 16:00:00,212.3,248.4,83.1,129.2,56
2027-09-05 17:00:00,212.7,240.0,79.1,133.6,53
2027-09-05 18:00:00,204.2,234.8,81.3,122.9,53
2027-09-05 19:00:00,204.3,243.2,82.2,122.1,48
2027-09-05 20:00:00,204.4,246.2,79.6,124.8,47
2027-09-05 21:00:00,204.1,249.2,80.4,123.7,49
2027-09-05 22:00:00,198.6,244.6,78.4,120.2,45
2027-09-05 23:00:00,215.9,241.4,81.4,134.5,57
2027-09-06 00:00:00,203.6,244.2,80.6,123.0,44
2027-09-06 01:00:00,206.5,248.2,83.5,123.0,54
2027-09-06 02:00:00,212.5,243.8,83.1,129.4,45
2027-09-06 03:00:00,213.0,236.8,82.9,130.1,51
2027-09-06 04:00:00,207.6,255.4,80.8,126.8,47
2027-09-06 05:00:00,202.8,255.8,78.7,124.1,46
2027-09-06 06:00:00,206.6,239.6,79.1,127.5,41
2027-09-06 07:00:00,196.7,243.0,79.1,117.6,46
2027-09-06 08:00:00,220.1,247.8,80.9,139.2,58
2027-09-06 09:00:00,208.1,247.0,81.6,126.5,56
2027-09-06 10:00:00,197.6,244.4,78.6,119.0,47
2027-09-06 11:00:00,200.1,230.6,79.7,120.4,51
2027-09-06 12:00:00,201.0,246.0,75.2,125.8,59
2027-09-06 13:00:00,202.5,250.8,78.7,123.8,45
2027-09-06 14:00:00,200.6,252.0,80.9,119.7,45
2027-09-06 15:00:00,198.2,243.8,82.6,115.6,45
2027-09-06 16:00:00,205.0,245.2,82.6,122.4,45
2027-09-06 17:00:00,204.6,245.4,79.4,125.2,50
2027-09-06 18:00:00,197.9,247.4,79.5,118.4,56
2027-09-06 19:00:00,194.6,248.6,79.9,114.7,40
2027-09-06 20:00:00,202.3,249.6,85.5,116.8,52
2027-09-06 21:00:00,203.7,241.4,76.8,126.9,46
2027-09-06 22:00:00,203.9,248.6,78.6,125.3,50
2027-09-06 23:00:00,205.7,257.8,83.1,122.6,42
2027-09-07 00:00:00,199.4,243.8,80.8,118.6,52
2027-09-07 01:00:00,206.2,246.4,80.5,125.7,56
2027-09-07 02:00:00,204.6,253.8,82.5,122.1,57
2027-09-07 03:00:00,196.5,239.4,78.1,118.4,40
2027-09-07 04:00:00,207.6,240.6,82.3,125.3,49
2027-09-07 05:00:00,195.2,245.8,78.3,116.9,41
2027-09-07 06:00:00,214.9,245.4,78.0,136.9,58
2027-09-07 07:00:00,210.9,242.6,78.8,132.1,59
2027-09-07 08:00:00,206.2,239.8,77.8,128.4,48
2027-09-07 09:00:00,205.5,241.2,77.9,127.6,51
2027-09-07 10:00:00,199.1,245.0,81.0,118.1,44
2027-09-07 11:00:00,204.1,243.2,85.6,118.5,40
2027-09-07 12:00:00,199.7,249.6,79.8,119.9,59
2027-09-07 13:00:00,208.8,252.0,78.3,130.5,48
2027-09-07 14:00:00,217.3,236.4,81.0,136.3,59
2027-09-07 15:00:00,216.5,251.6,79.3,137.2,56
2027-09-07 16:00:00,218.8,247.2,79.2,139.6,58
2027-09-07 17:00:00,207.5,246.8,79.5,128.0,48
2027-09-07 18:00:00,209.1,243.4,80.8,128.3,56
2027-09-07 19:00:00,207.2,247.4,78.9,128.3,46
2027-09-07 20:00:00,202.7,238.2,81.1,121.6,58
2027-09-07 21:00:00,198.9,246.8,79.4,119.5,44
2027-09-07 22:00:00,195.6,237.8,78.2,117.4,44
2027-09-07 23:00:00,201.7,235.6,78.8,122.9,43
2027-09-08 00:00:00,204.1,246.4,79.7,124.4,57
2027-09-08 01:00:00,186.5,243.2,76.2,110.3,44
2027-09-08 02:00:00,209.7,242.8,79.4,130.3,48
2027-09-08 03:00:00,203.0,236.8,79.2,123.8,47
2027-09-08 04:00:00,198.4,250.2,78.8,119.6,44
2027-09-08 05:00:00,205.7,257.4,83.7,122.0,47
2027-09-08 06:00:00,193.9,241.6,79.3,114.6,52
2027-09-08 07:00:00,197.4,245.0,80.0,117.4,50
2027-09-08 08:00:00,210.3,246.8,79.5,130.8,45
2027-09-08 09:00:00,201.7,243.8,79.7,122.0,45
2027-09-08 10:00:00,208.6,241.4,80.5,128.1,47
2027-09-08 11:00:00,218.0,243.6,84.5,133.5,58
2027-09-08 12:00:00,207.5,243.8,83.0,124.5,43
2027-09-08 13:00:00,207.4,250.6,80.1,127.3,56
2027-09-08 14:00:00,206.1,245.0,78.8,127.3,50
2027-09-08 15:00:00,205.5,238.6,79.8,125.7,43
2027-09-08 16:00:00,207.7,238.4,78.8,128.9,48
2027-09-08 17:00:00,192.6,242.4,81.7,110.9,44
2027-09-08 18:00:00,218.8,246.6,83.8,135.0,52
2027-09-08 19:00:00,198.3,240.4,83.7,114.6,41
2027-09-08 20:00:00,214.0,247.4,85.3,128.7,55
2027-09-08 21:00:00,203.9,236.6,81.4,122.5,41
2027-09-08 22:00:00,205.3,241.8,81.3,124.0,45
2027-09-08 23:00:00,215.6,247.8,82.7,132.9,59
2027-09-09 00:00:00,205.0,242.2,82.5,122.5,54
2027-09-09 01:00:00,207.7,251.8,81.2,126.5,47
2027-09-09 02:00:00,203.9,253.6,80.2,123.7,59
2027-09-09 03:00:00,203.6,247.8,84.3,119.3,47
2027-09-09 04:00:00,204.2,257.6,78.9,125.3,48
2027-09-09 05:00:00,200.6,250.4,77.5,123.1,48
2027-09-09 06:00:00,216.7,236.6,82.6,134.1,53
2027-09-09 07:00:00,205.4,239.6,79.3,126.1,50
2027-09-09 08:00:00,202.7,245.4,81.2,121.5,48
2027-09-09 09:00:00,208.9,247.2,79.4,129.5,52
2027-09-09 10:00:00,210.8,244.2,80.9,129.9,47
2027-09-09 11:00:00,209.8,248.6,82.5,127.3,51
2027-09-09 12:00:00,201.8,237.6,79.6,122.2,45
2027-09-09 13:00:00,208.3,248.4,79.5,128.8,53
2027-09-09 14:00:00,216.3,246.4,80.7,135.6,57
2027-09-09 15:00:00,200.9,232.8,81.1,119.8,53
2027-09-09 16:00:00,207.3,243.2,79.1,128.2,54
2027-09-09 17:00:00,198.7,241.0,81.0,117.7,52
2027-09-09 18:00:00,204.8,237.2,79.4,125.4,44
2027-09-09 19:00:00,212.0,247.4,76.8,135.2,57
2027-09-09 20:00:00,210.5,251.0,78.1,132.4,49
2027-09-09 21:00:00,215.1,245.8,82.3,132.8,52
2027-09-09 22:00:00,200.3,239.4,73.5,126.8,54
2027-09-09 23:00:00,201.0,232.8,80.1,120.9,47
2027-09-10 00:00:00,212.5,251.2,80.2,132.3,54
2027-09-10 01:00:00,201.4,243.0,82.5,118.9,57
2027-09-10 02:00:00,211.3,236.6,82.8,128.5,53
2027-09-10 03:00:00,204.2,248.0,81.0,123.2,44
2027-09-10 04:00:00,205.6,234.8,80.0,125.6,50
2027-09-10 05:00:00,201.6,247.0,80.9,120.7,59
2027-09-10 06:00:00,205.2,251.0,81.0,124.2,51
2027-09-10 07:00:00,205.8,239.8,77.7,128.1,46
2027-09-10 08:00:00,207.4,241.2,78.9,128.5,54
2027-09-10 09:00:00,202.4,248.0,81.6,120.8,43
2027-09-10 10:00:00,201.9,240.2,76.9,125.0,41
2027-09-10 11:00:00,197.7,244.2,77.8,119.9,51
2027-09-10 12:00:00,199.0,248.6,80.8,118.2,45
2027-09-10 13:00:00,193.8,238.8,77.8,116.0,41
2027-09-10 14:00:00,204.9,246.0,80.5,124.4,48
2027-09-10 15:00:00,219.1,251.4,82.7,136.4,52
2027-09-10 16:00:00,221.0,241.8,85.4,135.6,53
2027-09-10 17:00:00,203.2,244.2,77.9,125.3,43
2027-09-10 18:00:00,215.6,250.8,81.9,133.7,54
2027-09-10 19:00:00,206.7,234.4,83.5,123.2,41
2027-09-10 20:00:00,205.3,239.0,79.5,125.8,41
2027-09-10 21:00:00,207.1,249.0,77.1,130.0,51
2027-09-10 22:00:00,208.5,238.8,79.1,129.4,58
2027-09-10 23:00:00,200.4,237.4,81.7,118.7,44
2027-09-11 00:00:00,201.6,246.0,75.6,126.0,55
2027-09-11 01:00:00,217.7,249.4,83.0,134.7,58
2027-09-11 02:00:00,202.2,237.2,83.5,118.7,45
2027-09-11 03:00:00,205.7,243.8,81.9,123.8,50
2027-09-11 04:00:00,198.7,245.4,80.3,118.4,56
2027-09-11 05:00:00,206.8,242.2,81.5,125.3,48
2027-09-11 06:00:00,210.3,234.2,77.1,133.2,58
2027-09-11 07:00:00,200.1,228.8,80.8,119.3,48
2027-09-11 08:00:00,215.3,247.8,79.5,135.8,59
2027-09-11 09:00:00,198.1,239.6,79.8,118.3,43
2027-09-11 10:00:00,202.7,233.6,79.4,123.3,44
2027-09-11 11:00:00,207.8,247.0,83.3,124.5,55
2027-09-11 12:00:00,202.8,250.0,79.6,123.2,51
2027-09-11 13:00:00,212.4,227.8,77.3,135.1,59
2027-09-11 14:00:00,212.3,246.6,81.7,130.6,52
2027-09-11 15:00:00,206.0,235.4,82.0,124.0,57
2027-09-11 16:00:00,198.1,238.2,74.3,123.8,40
2027-09-11 17:00:00,211.0,236.4,80.9,130.1,58
2027-09-11 18:00:00,208.5,243.6,79.5,129.0,51
2027-09-11 19:00:00,212.9,246.8,81.3,131.6,51
2027-09-11 20:00:00,208.8,242.2,78.4,130.4,59
2027-09-11 21:00:00,214.8,245.4,84.8,130.0,59
2027-09-11 22:00:00,209.6,248.6,80.0,129.6,55
2027-09-11 23:00:00,191.9,248.8,75.2,116.7,40
2027-09-12 00:00:00,201.3,240.0,81.5,119.8,44
2027-09-12 01:00:00,212.8,241.0,81.8,131.0,48
2027-09-12 02:00:00,219.9,249.4,81.1,138.8,59
2027-09-12 03:00:00,196.6,237.2,77.1,119.5,59
2027-09-12 04:00:00,216.5,233.2,83.1,133.4,48
2027-09-12 05:00:00,216.3,232.6,79.6,136.7,51
2027-09-12 06:00:00,211.2,246.4,77.2,134.0,58
2027-09-12 07:00:00,198.4,252.0,78.9,119.5,40
2027-09-12 08:00:00,195.9,250.6,83.6,112.3,40
2027-09-12 09:00:00,198.5,243.8,76.2,122.3,40
2027-09-12 10:00:00,212.7,248.6,81.0,131.7,49
2027-09-12 11:00:00,212.9,250.2,80.2,132.7,56
2027-09-12 12:00:00,212.1,235.4,84.6,127.5,54
2027-09-12 13:00:00,200.6,241.2,77.7,122.9,48
2027-09-12 14:00:00,200.5,239.8,76.2,124.3,49
2027-09-12 15:00:00,207.9,230.4,78.0,129.9,57
2027-09-12 16:00:00,203.8,247.0,79.7,124.1,50
2027-09-12 17:00:00,202.2,234.4,77.6,124.6,46
2027-09-12 18:00:00,205.3,243.2,83.5,121.8,44
2027-09-12 19:00:00,204.6,244.8,80.0,124.6,52
2027-09-12 20:00:00,197.8,237.8,76.4,121.4,49
2027-09-12 21:00:00,208.9,245.0,80.4,128.5,44
2027-09-12 22:00:00,208.1,253.2,81.3,126.8,56
2027-09-12 23:00:00,202.0,233.6,81.4,120.6,44
2027-09-13 00:00:00,203.8,244.4,79.8,124.0,51
2027-09-13 01:00:00,207.2,244.6,81.7,125.5,46
2027-09-13 02:00:00,206.5,243.6,77.0,129.5,57
2027-09-13 03:00:00,208.9,235.6,84.3,124.6,50
2027-09-13 04:00:00,204.3,245.6,78.8,125.5,51
2027-09-13 05:00:00,194.4,236.4,78.1,116.3,46
2027-09-13 06:00:00,196.6,239.8,80.9,115.7,48
2027-09-13 07:00:00,209.2,236.4,81.4,127.8,56
2027-09-13 08:00:00,208.4,248.0,79.5,128.9,52
2027-09-13 09:00:00,207.8,244.4,76.9,130.9,58
2027-09-13 10:00:00,203.1,238.0,80.7,122.4,49
2027-09-13 11:00:00,204.7,244.8,77.3,127.4,56
2027-09-13 12:00:00,205.3,240.8,80.5,124.8,53
2027-09-13 13:00:00,200.9,238.6,83.6,117.3,56
2027-09-13 14:00:00,211.4,232.8,79.0,132.4,55
2027-09-13 15:00:00,203.5,238.6,77.7,125.8,56
2027-09-13 16:00:00,204.4,246.0,79.4,125.0,57
2027-09-13 17:00:00,196.2,242.0,80.7,115.5,42
2027-09-13 18:00:00,208.4,242.6,76.2,132.2,51
2027-09-13 19:00:00,203.3,237.6,78.7,124.6,52
2027-09-13 20:00:00,202.4,240.2,79.1,123.3,43
2027-09-13 21:00:00,207.4,246.4,78.6,128.8,59
2027-09-13 22:00:00,207.2,244.8,80.0,127.2,57
2027-09-13 23:00:00,206.6,241.6,81.1,125.5,46
2027-09-14 00:00:00,212.6,246.0,78.5,134.1,57
2027-09-14 01:00:00,200.3,234.4,79.5,120.8,46
2027-09-14 02:00:00,211.1,248.6,77.6,133.5,59
2027-09-14 03:00:00,197.3,242.4,79.9,117.4,43
2027-09-14 04:00:00,207.1,239.2,82.2,124.9,47
2027-09-14 05:00:00,204.8,237.6,82.3,122.5,46
2027-09-14 06:00:00,197.6,248.4,76.6,121.0,45
2027-09-14 07:00:00,199.3,250.2,82.8,116.5,42
2027-09-14 08:00:00,215.3,240.8,80.8,134.5,55
2027-09-14 09:00:00,200.0,240.2,79.1,120.9,54
2027-09-14 10:00:00,196.4,236.0,76.8,119.6,48
2027-09-14 11:00:00,201.8,246.0,76.5,125.3,43
2027-09-14 12:00:00,206.3,235.8,83.6,122.7,42
2027-09-14 13:00:00,206.1,237.6,79.5,126.6,55
2027-09-14 14:00:00,210.5,248.2,81.2,129.3,49
2027-09-14 15:00:00,211.0,243.0,81.3,129.7,56
2027-09-14 16:00:00,213.9,236.0,82.4,131.5,57
2027-09-14 17:00:00,204.7,240.2,77.5,127.2,55
2027-09-14 18:00:00,197.8,242.8,77.3,120.5,41
2027-09-14 19:00:00,206.6,237.0,79.9,126.7,54
2027-09-14 20:00:00,216.3,250.2,79.7,136.6,48
2027-09-14 21:00:00,213.8,230.8,80.6,133.2,54
2027-09-14 22:00:00,202.0,245.6,80.6,121.4,43
2027-09-14 23:00:00,199.7,236.4,82.9,116.8,40
2027-09-15 00:00:00,206.6,224.2,78.6,128.0,55
2027-09-15 01:00:00,201.4,238.8,79.6,121.8,52
2027-09-15 02:00:00,210.5,234.2,81.5,129.0,56
2027-09-15 03:00:00,204.1,244.4,80.7,123.4,54
2027-09-15 04:00:00,208.9,236.0,80.8,128.1,50
2027-09-15 05:00:00,207.1,244.6,80.6,126.5,57
2027-09-15 06:00:00,202.2,244.2,79.1,123.1,47
2027-09-15 07:00:00,205.1,228.0,79.5,125.6,48
2027-09-15 08:00:00,199.7,241.2,77.8,121.9,52
2027-09-15 09:00:00,208.8,244.6,78.5,130.3,56
2027-09-15 10:00:00,202.0,237.2,79.5,122.5,50
2027-09-15 11:00:00,209.9,231.0,81.9,128.0,46
2027-09-15 12:00:00,208.4,244.0,78.8,129.6,48
2027-09-15 13:00:00,203.7,254.0,78.1,125.6,52
2027-09-15 14:00:00,207.4,256.2,80.1,127.3,54
2027-09-15 15:00:00,203.2,243.4,78.1,125.1,47
2027-09-15 16:00:00,202.5,245.0,78.3,124.2,55
2027-09-15 17:00:00,213.9,237.4,79.5,134.4,53
2027-09-15 18:00:00,206.4,233.8,81.2,125.2,53
2027-09-15 19:00:00,206.4,248.4,82.1,124.3,47
2027-09-15 20:00:00,197.9,235.6,79.6,118.3,43
2027-09-15 21:00:00,208.5,232.6,80.3,128.2,43
2027-09-15 22:00:00,207.5,228.0,80.5,127.0,50
2027-09-15 23:00:00,207.1,250.4,81.2,125.9,43
2027-09-16 00:00:00,212.0,243.6,81.9,130.1,50
2027-09-16 01:00:00,207.3,237.4,79.7,127.6,59
2027-09-16 02:00:00,208.0,219.0,81.9,126.1,41
2027-09-16 03:00:00,201.5,247.2,82.5,119.0,52
2027-09-16 04:00:00,193.9,237.2,77.5,116.4,45
2027-09-16 05:00:00,201.1,247.6,81.7,119.4,46
2027-09-16 06:00:00,203.9,235.6,80.9,123.0,54
2027-09-16 07:00:00,209.9,234.4,80.4,129.5,58
2027-09-16 08:00:00,202.8,246.8,79.6,123.2,55
2027-09-16 09:00:00,201.2,244.4,80.5,120.7,40
2027-09-16 10:00:00,207.4,245.0,75.3,132.1,40
2027-09-16 11:00:00,207.6,241.4,80.8,126.8,47
2027-09-16 12:00:00,188.2,245.2,76.0,112.2,45
2027-09-16 13:00:00,208.3,235.0,76.1,132.2,58
2027-09-16 14:00:00,204.1,230.2,79.6,124.5,53
2027-09-16 15:00:00,202.8,240.2,79.3,123.5,49
2027-09-16 16:00:00,213.8,231.4,77.5,136.3,59
2027-09-16 17:00:00,201.1,243.4,78.0,123.1,58
2027-09-16 18:00:00,189.5,248.2,79.7,109.8,43
2027-09-16 19:00:00,202.1,239.4,78.1,124.0,51
2027-09-16 20:00:00,204.4,244.8,82.0,122.4,51
2027-09-16 21:00:00,205.9,231.4,77.9,128.0,53
2027-09-16 22:00:00,203.6,230.6,79.9,123.7,45
2027-09-16 23:00:00,204.6,230.0,80.4,124.2,46
2027-09-17 00:00:00,217.8,243.4,80.2,137.6,53
2027-09-17 01:00:00,213.1,250.0,84.7,128.4,55
2027-09-17 02:00:00,204.3,232.6,80.3,124.0,49
2027-09-17 03:00:00,208.4,242.8,83.1,125.3,47
2027-09-17 04:00:00,220.5,245.6,81.5,139.0,59
2027-09-17 05:00:00,211.6,241.8,85.9,125.7,41
2027-09-17 06:00:00,205.2,240.0,83.5,121.7,42
2027-09-17 07:00:00,203.9,242.0,81.3,122.6,49
2027-09-17 08:00:00,212.2,245.8,81.0,131.2,58
2027-09-17 09:00:00,203.4,244.4,83.0,120.4,44
2027-09-17 10:00:00,201.0,236.4,78.4,122.6,49
2027-09-17 11:00:00,191.4,237.2,78.1,113.3,50
2027-09-17 12:00:00,204.1,248.2,79.7,124.4,49
2027-09-17 13:00:00,205.7,234.0,78.7,127.0,48
2027-09-17 14:00:00,199.0,225.8,76.6,122.4,44
2027-09-17 15:00:00,200.4,235.4,78.4,122.0,48
2027-09-17 16:00:00,193.6,244.2,83.5,110.1,40
2027-09-17 17:00:00,203.1,231.6,81.1,122.0,57
2027-09-17 18:00:00,210.1,231.4,80.2,129.9,42
2027-09-17 19:00:00,209.2,249.4,78.8,130.4,56
2027-09-17 20:00:00,203.3,240.0,83.4,119.9,47
2027-09-17 21:00:00,209.5,232.2,79.1,130.4,55
2027-09-17 22:00:00,196.6,229.8,82.3,114.3,47
2027-09-17 23:00:00,201.5,228.8,80.6,120.9,43
2027-09-18 00:00:00,196.2,240.6,79.0,117.2,46
2027-09-18 01:00:00,209.4,247.2,81.9,127.5,50
2027-09-18 02:00:00,203.0,239.6,78.2,124.8,50
2027-09-18 03:00:00,199.9,245.6,79.7,120.2,42
2027-09-18 04:00:00,197.8,229.6,80.5,117.3,53
2027-09-18 05:00:00,215.3,236.4,82.5,132.8,51
2027-09-18 06:00:00,212.0,237.0,79.8,132.2,48
2027-09-18 07:00:00,206.2,234.2,78.0,128.2,44
2027-09-18 08:00:00,208.6,239.6,80.6,128.0,45
2027-09-18 09:00:00,203.7,233.8,84.9,118.8,40
2027-09-18 10:00:00,184.4,229.4,79.0,105.4,40
2027-09-18 11:00:00,197.7,237.4,75.4,122.3,58
2027-09-18 12:00:00,206.2,239.0,78.3,127.9,56
2027-09-18 13:00:00,202.9,235.2,80.7,122.2,44
2027-09-18 14:00:00,196.5,248.2,78.4,118.1,52
2027-09-18 15:00:00,197.5,242.6,79.6,117.9,55
2027-09-18 16:00:00,211.1,233.4,76.4,134.7,54
2027-09-18 17:00:00,197.2,249.0,79.0,118.2,44
2027-09-18 18:00:00,203.9,236.2,75.3,128.6,53
2027-09-18 19:00:00,206.4,244.4,81.9,124.5,45
2027-09-18 20:00:00,198.1,240.8,78.1,120.0,40
2027-09-18 21:00:00,210.4,239.8,82.7,127.7,58
2027-09-18 22:00:00,207.7,228.4,81.4,126.3,52
2027-09-18 23:00:00,205.5,232.0,83.6,121.9,46
2027-09-19 00:00:00,206.5,236.8,80.5,126.0,43
2027-09-19 01:00:00,210.9,233.8,80.1,130.8,59
2027-09-19 02:00:00,209.0,238.6,83.4,125.6,54
2027-09-19 03:00:00,201.9,234.4,78.8,123.1,43
2027-09-19 04:00:00,205.7,235.0,79.0,126.7,43
2027-09-19 05:00:00,205.1,248.6,81.8,123.3,46
2027-09-19 06:00:00,199.9,238.8,80.1,119.8,41
2027-09-19 07:00:00,213.9,234.0,82.0,131.9,41
2027-09-19 08:00:00,198.8,235.0,81.2,117.6,45
2027-09-19 09:00:00,203.3,239.4,79.1,124.2,41
2027-09-19 10:00:00,207.9,245.0,79.2,128.7,57
2027-09-19 11:00:00,201.9,238.4,80.6,121.3,47
2027-09-19 12:00:00,197.6,244.4,78.6,119.0,59
2027-09-19 13:00:00,194.1,234.2,79.1,115.0,47
2027-09-19 14:00:00,220.8,240.8,86.6,134.2,57
2027-09-19 15:00:00,204.9,228.2,83.2,121.7,57
2027-09-19 16:00:00,205.8,236.6,79.0,126.8,50
2027-09-19 17:00:00,205.2,240.6,81.1,124.1,59
2027-09-19 18:00:00,200.0,233.2,80.1,119.9,42
2027-09-19 19:00:00,207.7,233.2,78.3,129.4,47
2027-09-19 20:00:00,219.0,238.4,79.2,139.8,58
2027-09-19 21:00:00,207.9,243.0,80.1,127.8,53
2027-09-19 22:00:00,211.1,233.6,80.2,130.9,51
2027-09-19 23:00:00,208.8,233.2,80.3,128.5,51
2027-09-20 00:00:00,200.0,228.2,79.1,120.9,52
2027-09-20 01:00:00,206.1,224.0,78.0,128.1,59
2027-09-20 02:00:00,206.8,238.4,77.7,129.1,51
2027-09-20 03:00:00,210.7,230.6,80.9,129.8,50
2027-09-20 04:00:00,207.1,247.6,81.2,125.9,59
2027-09-20 05:00:00,206.7,240.2,78.0,128.7,57
2027-09-20 06:00:00,200.3,243.8,78.1,122.2,47
2027-09-20 07:00:00,217.4,236.4,80.0,137.4,58
2027-09-20 08:00:00,204.6,232.4,79.8,124.8,40
2027-09-20 09:00:00,211.2,241.0,83.9,127.3,40
2027-09-20 10:00:00,197.1,236.8,78.9,118.2,41
2027-09-20 11:00:00,200.2,244.0,81.0,119.2,43
2027-09-20 12:00:00,200.5,244.0,78.5,122.0,59
2027-09-20 13:00:00,201.3,240.4,80.3,121.0,48
2027-09-20 14:00:00,202.8,244.6,80.0,122.8,47
2027-09-20 15:00:00,211.0,239.4,84.4,126.6,58
2027-09-20 16:00:00,201.5,232.8,81.9,119.6,53
2027-09-20 17:00:00,204.9,237.4,81.2,123.7,53
2027-09-20 18:00:00,222.3,241.6,80.5,141.8,59
2027-09-20 19:00:00,195.9,241.4,82.1,113.8,42
2027-09-20 20:00:00,203.2,229.0,83.6,119.6,56
2027-09-20 21:00:00,212.8,250.4,83.4,129.4,54
2027-09-20 22:00:00,208.1,245.0,84.8,123.3,50
2027-09-20 23:00:00,201.6,235.6,79.1,122.5,42
2027-09-21 00:00:00,206.6,240.2,78.6,128.0,56
2027-09-21 01:00:00,202.5,241.0,79.7,122.8,56
2027-09-21 02:00:00,192.4,235.0,76.9,115.5,48
2027-09-21 03:00:00,206.1,240.6,79.5,126.6,46
2027-09-21 04:00:00,202.5,242.4,80.6,121.9,46
2027-09-21 05:00:00,217.7,229.6,78.6,139.1,44
2027-09-21 06:00:00,195.8,249.0,76.1,119.7,44
2027-09-21 07:00:00,205.1,227.2,77.4,127.7,54
2027-09-21 08:00:00,203.3,233.6,82.6,120.7,55
2027-09-21 09:00:00,208.7,227.0,80.5,128.2,51
2027-09-21 10:00:00,219.2,243.4,81.9,137.3,56
2027-09-21 11:00:00,204.5,235.2,75.2,129.3,57
2027-09-21 12:00:00,204.5,242.2,84.4,120.1,40
2027-09-21 13:00:00,199.4,231.6,78.1,121.3,46
2027-09-21 14:00:00,203.5,241.2,82.7,120.8,59
2027-09-21 15:00:00,206.7,234.0,79.7,127.0,50
2027-09-21 16:00:00,195.0,231.2,77.9,117.1,52
2027-09-21 17:00:00,205.7,244.4,81.3,124.4,50
2027-09-21 18:00:00,196.3,223.8,76.3,120.0,43
2027-09-21 19:00:00,205.5,243.8,75.7,129.8,49
2027-09-21 20:00:00,193.5,238.4,79.2,114.3,42
2027-09-21 21:00:00,192.8,230.0,80.0,112.8,44
2027-09-21 22:00:00,210.3,242.2,79.3,131.0,44
2027-09-21 23:00:00,199.7,240.8,80.2,119.5,42
2027-09-22 00:00:00,211.2,233.0,82.6,128.6,59
2027-09-22 01:00:00,201.1,231.4,78.2,122.9,45
2027-09-22 02:00:00,210.5,236.4,81.8,128.7,59
2027-09-22 03:00:00,206.8,238.2,80.7,126.1,50
2027-09-22 04:00:00,197.0,234.0,79.4,117.6,50
2027-09-22 05:00:00,203.6,230.6,81.6,122.0,54
2027-09-22 06:00:00,207.4,236.4,80.4,127.0,50
2027-09-22 07:00:00,199.5,244.8,80.4,119.1,53
2027-09-22 08:00:00,200.9,235.0,77.3,123.6,41
2027-09-22 09:00:00,195.8,241.2,78.1,117.7,42
2027-09-22 10:00:00,211.0,235.2,79.5,131.5,56
2027-09-22 11:00:00,196.7,231.4,81.2,115.5,41
2027-09-22 12:00:00,212.0,228.4,79.7,132.3,57
2027-09-22 13:00:00,196.2,229.6,80.2,116.0,46
2027-09-22 14:00:00,200.4,238.0,77.1,123.3,53
2027-09-22 15:00:00,210.7,237.8,84.6,126.1,42
2027-09-22 16:00:00,209.4,239.2,78.6,130.8,54
2027-09-22 17:00:00,211.8,234.0,81.5,130.3,58
2027-09-22 18:00:00,196.3,236.4,77.0,119.3,40
2027-09-22 19:00:00,202.0,241.4,78.7,123.3,55
2027-09-22 20:00:00,212.5,242.0,83.2,129.3,50
2027-09-22 21:00:00,206.3,238.0,81.2,125.1,45
2027-09-22 22:00:00,199.9,245.0,81.2,118.7,43
2027-09-22 23:00:00,202.7,247.6,80.2,122.5,51
2027-09-23 00:00:00,206.7,233.6,81.8,124.9,52
2027-09-23 01:00:00,202.7,233.2,78.8,123.9,51
2027-09-23 02:00:00,200.6,242.6,82.1,118.5,40
2027-09-23 03:00:00,200.4,233.8,77.9,122.5,51
2027-09-23 04:00:00,211.0,238.6,80.4,130.6,58
2027-09-23 05:00:00,210.2,236.4,80.1,130.1,51
2027-09-23 06:00:00,202.9,229.0,79.9,123.0,40
2027-09-23 07:00:00,202.2,234.0,78.8,123.4,51
2027-09-23 08:00:00,205.3,238.6,79.4,125.9,49
2027-09-23 09:00:00,206.4,230.4,82.8,123.6,43
2027-09-23 10:00:00,201.5,225.4,79.6,121.9,50
2027-09-23 11:00:00,203.6,236.6,81.1,122.5,44
2027-09-23 12:00:00,210.6,240.2,76.6,134.0,43
2027-09-23 13:00:00,200.2,229.4,79.3,120.9,40
2027-09-23 14:00:00,207.0,234.6,80.5,126.5,40
2027-09-23 15:00:00,192.4,226.6,78.2,114.2,56
2027-09-23 16:00:00,200.7,230.0,77.0,123.7,49
2027-09-23 17:00:00,193.0,237.8,77.6,115.4,40
2027-09-23 18:00:00,198.9,235.4,80.7,118.2,41
2027-09-23 19:00:00,201.4,239.8,79.4,122.0,46
2027-09-23 20:00:00,208.5,239.4,79.9,128.6,43
2027-09-23 21:00:00,204.7,231.4,83.6,121.1,43
2027-09-23 22:00:00,199.8,237.4,79.2,120.6,45
2027-09-23 23:00:00,211.9,239.0,80.8,131.1,47
2027-09-24 00:00:00,215.7,241.4,81.8,133.9,56
2027-09-24 01:00:00,211.2,233.6,79.0,132.2,59
2027-09-24 02:00:00,211.5,224.4,82.3,129.2,49
2027-09-24 03:00:00,200.9,220.8,82.1,118.8,45
2027-09-24 04:00:00,206.8,227.6,80.3,126.5,59
2027-09-24 05:00:00,206.5,240.2,81.6,124.9,43
2027-09-24 06:00:00,209.2,243.2,82.2,127.0,48
2027-09-24 07:00:00,194.3,232.6,78.2,116.1,52
2027-09-24 08:00:00,198.6,244.8,75.2,123.4,51
2027-09-24 09:00:00,216.4,244.4,81.2,135.2,54
2027-09-24 10:00:00,198.2,236.8,79.8,118.4,46
2027-09-24 11:00:00,201.8,233.0,81.2,120.6,51
2027-09-24 12:00:00,206.7,220.4,82.8,123.9,49
2027-09-24 13:00:00,199.1,237.6,78.3,120.8,48
2027-09-24 14:00:00,190.4,236.2,79.1,111.3,42
2027-09-24 15:00:00,201.5,236.6,81.2,120.3,59
2027-09-24 16:00:00,212.3,224.4,78.6,133.7,57
2027-09-24 17:00:00,196.8,223.8,78.8,118.0,42
2027-09-24 18:00:00,201.2,240.4,79.6,121.6,51
2027-09-24 19:00:00,200.3,236.0,78.7,121.6,57
2027-09-24 20:00:00,207.7,230.0,80.7,127.0,49
2027-09-24 21:00:00,203.9,241.6,81.0,122.9,54
2027-09-24 22:00:00,203.0,224.0,80.0,123.0,49
2027-09-24 23:00:00,200.8,231.0,79.3,121.5,43
2027-09-25 00:00:00,207.1,230.4,79.9,127.2,56
2027-09-25 01:00:00,210.9,231.2,83.0,127.9,54
2027-09-25 02:00:00,217.0,229.4,79.5,137.5,58
2027-09-25 03:00:00,200.3,233.8,77.8,122.5,56
2027-09-25 04:00:00,199.2,241.6,77.0,122.2,58
2027-09-25 05:00:00,207.1,218.6,79.3,127.8,50
2027-09-25 06:00:00,215.6,239.6,79.8,135.8,58
2027-09-25 07:00:00,199.0,233.8,77.9,121.1,55
2027-09-25 08:00:00,205.1,231.6,79.0,126.1,54
2027-09-25 09:00:00,210.5,223.0,82.5,128.0,56
2027-09-25 10:00:00,189.4,232.6,77.1,112.3,48
2027-09-25 11:00:00,206.7,232.0,79.1,127.6,43
2027-09-25 12:00:00,195.0,237.0,80.2,114.8,42
2027-09-25 13:00:00,203.3,230.6,79.5,123.8,46
2027-09-25 14:00:00,205.4,237.8,77.5,127.9,59
2027-09-25 15:00:00,203.9,234.6,77.9,126.0,50
2027-09-25 16:00:00,199.3,221.8,80.2,119.1,50
2027-09-25 17:00:00,203.0,233.8,81.0,122.0,46
2027-09-25 18:00:00,208.5,245.0,80.1,128.4,44
2027-09-25 19:00:00,203.6,232.2,79.0,124.6,50
2027-09-25 20:00:00,209.3,226.6,83.3,126.0,52
2027-09-25 21:00:00,206.2,237.0,82.3,123.9,43
2027-09-25 22:00:00,207.9,235.6,79.5,128.4,55
2027-09-25 23:00:00,211.5,224.4,84.0,127.5,48
2027-09-26 00:00:00,199.5,228.4,77.8,121.7,52
2027-09-26 01:00:00,206.9,239.2,80.5,126.4,44
2027-09-26 02:00:00,215.7,231.4,83.5,132.2,53
2027-09-26 03:00:00,218.1,224.2,82.2,135.9,57
2027-09-26 04:00:00,213.6,234.2,83.5,130.1,53
2027-09-26 05:00:00,209.5,237.0,81.9,127.6,57
2027-09-26 06:00:00,214.1,226.0,80.3,133.8,56
2027-09-26 07:00:00,211.0,243.0,79.8,131.2,56
2027-09-26 08:00:00,212.3,244.6,79.1,133.2,57
2027-09-26 09:00:00,202.5,231.4,79.2,123.3,45
2027-09-26 10:00:00,192.3,233.4,75.1,117.2,42
2027-09-26 11:00:00,202.5,232.8,79.2,123.3,45
2027-09-26 12:00:00,215.8,236.4,80.3,135.5,56
2027-09-26 13:00:00,197.9,223.6,79.8,118.1,47
2027-09-26 14:00:00,206.8,234.8,81.0,125.8,51
2027-09-26 15:00:00,209.8,237.2,80.1,129.7,56
2027-09-26 16:00:00,205.2,247.6,78.7,126.5,41
2027-09-26 17:00:00,208.1,240.2,79.9,128.2,53
2027-09-26 18:00:00,204.3,225.4,78.9,125.4,55
2027-09-26 19:00:00,213.8,228.8,76.8,137.0,54
2027-09-26 20:00:00,211.2,241.2,81.7,129.5,54
2027-09-26 21:00:00,204.2,239.4,79.7,124.5,48
2027-09-26 22:00:00,195.1,238.0,79.5,115.6,49
2027-09-26 23:00:00,205.3,225.4,79.5,125.8,49
2027-09-27 00:00:00,212.3,224.4,77.0,135.3,50
2027-09-27 01:00:00,207.2,239.8,85.3,121.9,42
2027-09-27 02:00:00,196.9,243.8,80.4,116.5,45
2027-09-27 03:00:00,220.8,239.4,83.4,137.4,58
2027-09-27 04:00:00,203.4,238.0,76.2,127.2,53
2027-09-27 05:00:00,205.6,231.6,82.1,123.5,51
2027-09-27 06:00:00,215.8,233.8,82.6,133.2,57
2027-09-27 07:00:00,207.9,232.2,81.5,126.4,41
2027-09-27 08:00:00,187.1,228.0,79.0,108.1,44
2027-09-27 09:00:00,216.9,239.2,84.0,132.9,45
2027-09-27 10:00:00,193.8,234.2,79.2,114.6,43
2027-09-27 11:00:00,203.1,237.6,80.4,122.7,43
2027-09-27 12:00:00,202.6,238.8,81.7,120.9,46
2027-09-27 13:00:00,212.3,229.6,81.2,131.1,56
2027-09-27 14:00:00,206.6,233.2,80.2,126.4,53
2027-09-27 15:00:00,205.6,234.2,76.9,128.7,56
2027-09-27 16:00:00,203.2,241.2,78.3,124.9,44
2027-09-27 17:00:00,200.3,240.0,77.9,122.4,41
2027-09-27 18:00:00,200.1,241.0,82.3,117.8,55
2027-09-27 19:00:00,197.4,225.8,77.3,120.1,49
2027-09-27 20:00:00,214.6,235.0,79.8,134.8,53
2027-09-27 21:00:00,208.1,236.6,79.5,128.6,48
2027-09-27 22:00:00,204.4,222.4,77.3,127.1,56
2027-09-27 23:00:00,209.9,223.2,79.0,130.9,55
2027-09-28 00:00:00,196.2,233.4,75.3,120.9,43
2027-09-28 01:00:00,205.4,233.4,78.8,126.6,59
2027-09-28 02:00:00,198.8,231.0,78.3,120.5,40
2027-09-28 03:00:00,209.5,237.0,81.6,127.9,43
2027-09-28 04:00:00,198.7,240.8,83.5,115.2,53
2027-09-28 05:00:00,204.4,241.0,75.0,129.4,52
2027-09-28 06:00:00,214.5,236.2,82.7,131.8,53
2027-09-28 07:00:00,204.6,234.6,80.0,124.6,52
2027-09-28 08:00:00,207.4,227.4,78.9,128.5,47
2027-09-28 09:00:00,212.9,217.8,77.4,135.5,45
2027-09-28 10:00:00,198.8,231.8,74.2,124.6,41
2027-09-28 11:00:00,201.4,231.2,79.3,122.1,46
2027-09-28 12:00:00,205.7,226.4,79.3,126.4,52
2027-09-28 13:00:00,204.7,235.0,80.7,124.0,53
2027-09-28 14:00:00,206.0,231.0,82.0,124.0,44
2027-09-28 15:00:00,215.7,239.0,77.0,138.7,58
2027-09-28 16:00:00,199.7,239.4,79.6,120.1,41
2027-09-28 17:00:00,195.2,230.4,81.1,114.1,46
2027-09-28 18:00:00,191.9,223.4,78.4,113.5,42
2027-09-28 19:00:00,201.4,234.6,77.3,124.1,45
2027-09-28 20:00:00,208.0,235.4,82.1,125.9,55
2027-09-28 21:00:00,206.4,239.0,81.0,125.4,53
2027-09-28 22:00:00,200.0,239.6,79.3,120.7,52
2027-09-28 23:00:00,197.5,233.0,77.6,119.9,42
2027-09-29 00:00:00,206.1,240.8,80.6,125.5,43
2027-09-29 01:00:00,196.2,231.4,77.2,119.0,57
2027-09-29 02:00:00,194.3,227.2,79.7,114.6,41
2027-09-29 03:00:00,197.0,227.6,76.5,120.5,43
2027-09-29 04:00:00,207.9,226.4,78.9,129.0,55
2027-09-29 05:00:00,203.3,249.0,80.3,123.0,43
2027-09-29 06:00:00,213.7,238.0,80.3,133.4,52
2027-09-29 07:00:00,210.0,224.6,79.1,130.9,57
2027-09-29 08:00:00,209.9,232.4,79.4,130.5,59
2027-09-29 09:00:00,206.7,230.6,80.5,126.2,50
2027-09-29 10:00:00,210.9,221.6,78.8,132.1,53
2027-09-29 11:00:00,209.9,222.8,81.4,128.5,56
2027-09-29 12:00:00,195.2,240.2,79.7,115.5,45
2027-09-29 13:00:00,210.1,233.0,79.8,130.3,56
2027-09-29 14:00:00,208.2,231.8,82.9,125.3,53
2027-09-29 15:00:00,195.6,227.2,77.9,117.7,40
2027-09-29 16:00:00,205.2,230.6,79.3,125.9,55
2027-09-29 17:00:00,200.8,227.0,79.8,121.0,56
2027-09-29 18:00:00,216.9,228.6,80.2,136.7,56
2027-09-29 19:00:00,194.5,226.2,78.7,115.8,42
2027-09-29 20:00:00,200.4,226.2,78.7,121.7,44
2027-09-29 21:00:00,210.0,240.2,80.3,129.7,50
2027-09-29 22:00:00,201.8,239.2,79.6,122.2,40
2027-09-29 23:00:00,200.9,231.2,76.4,124.5,41
2027-09-30 00:00:00,212.5,227.2,82.3,130.2,46
2027-09-30 01:00:00,202.2,231.0,80.8,121.4,40
2027-09-30 02:00:00,203.9,218.0,78.3,125.6,54
2027-09-30 03:00:00,210.6,219.6,82.9,127.7,54
2027-09-30 04:00:00,203.8,232.4,79.2,124.6,40
2027-09-30 05:00:00,211.6,236.8,79.4,132.2,46
2027-09-30 06:00:00,199.9,228.6,80.5,119.4,56
2027-09-30 07:00:00,202.9,226.4,75.7,127.2,43
2027-09-30 08:00:00,203.1,235.8,78.3,124.8,40
2027-09-30 09:00:00,212.1,236.4,80.4,131.7,59
2027-09-30 10:00:00,208.3,226.4,78.5,129.8,58
2027-09-30 11:00:00,206.8,234.4,80.2,126.6,45
2027-09-30 12:00:00,204.9,225.4,80.3,124.6,48
2027-09-30 13:00:00,207.0,230.2,80.8,126.2,45
2027-09-30 14:00:00,208.4,233.8,77.7,130.7,50
2027-09-30 15:00:00,216.4,238.0,78.4,138.0,58
2027-09-30 16:00:00,204.3,232.0,80.1,124.2,56
2027-09-30 17:00:00,198.8,221.2,79.8,119.0,47
2027-09-30 18:00:00,215.0,224.8,80.6,134.4,57
2027-09-30 19:00:00,202.0,220.8,80.7,121.3,56
2027-09-30 20:00:00,208.8,234.0,82.1,126.7,45
2027-09-30 21:00:00,196.6,227.6,80.1,116.5,40
2027-09-30 22:00:00,210.6,235.2,81.4,129.2,52
2027-09-30 23:00:00,202.6,237.0,78.5,124.1,59
2027-10-01 00:00:00,209.1,231.0,80.2,128.9,52
2027-10-01 01:00:00,207.7,222.6,79.5,128.2,53
2027-10-01 02:00:00,201.1,231.4,76.9,124.2,50
2027-10-01 03:00:00,203.4,224.0,79.2,124.2,54
2027-10-01 04:00:00,213.1,226.2,82.9,130.2,50
2027-10-01 05:00:00,197.6,221.2,81.1,116.5,43
2027-10-01 06:00:00,210.6,224.0,80.0,130.6,54
2027-10-01 07:00:00,203.7,235.2,80.2,123.5,49
2027-10-01 08:00:00,206.7,229.0,81.0,125.7,45
2027-10-01 09:00:00,202.2,227.0,79.0,123.2,48
2027-10-01 10:00:00,198.6,227.2,81.5,117.1,44
2027-10-01 11:00:00,214.3,222.4,79.1,135.2,59
2027-10-01 12:00:00,203.8,218.4,81.7,122.1,50
2027-10-01 13:00:00,199.0,231.2,80.8,118.2,50
2027-10-01 14:00:00,208.7,231.6,80.9,127.8,49
2027-10-01 15:00:00,204.7,220.0,80.6,124.1,51
2027-10-01 16:00:00,189.7,227.0,80.1,109.6,52
2027-10-01 17:00:00,196.0,234.2,78.5,117.5,44
2027-10-01 18:00:00,212.1,222.2,83.0,129.1,47
2027-10-01 19:00:00,203.1,228.0,78.9,124.2,40
2027-10-01 20:00:00,201.1,228.4,76.4,124.7,55
2027-10-01 21:00:00,211.1,226.4,80.9,130.2,50
2027-10-01 22:00:00,194.0,225.0,78.0,116.0,40
2027-10-01 23:00:00,202.9,219.6,76.5,126.4,58
2027-10-02 00:00:00,213.6,230.0,86.4,127.2,53
2027-10-02 01:00:00,200.5,229.6,80.1,120.4,46
2027-10-02 02:00:00,200.9,227.8,77.6,123.3,50
2027-10-02 03:00:00,191.4,240.4,78.9,112.5,44
2027-10-02 04:00:00,195.1,229.0,80.2,114.9,44
2027-10-02 05:00:00,212.6,229.8,81.7,130.9,57
2027-10-02 06:00:00,208.2,228.2,83.3,124.9,56
2027-10-02 07:00:00,201.4,230.4,77.7,123.7,47
2027-10-02 08:00:00,204.1,238.8,79.9,124.2,41
2027-10-02 09:00:00,206.3,231.2,79.8,126.5,59
2027-10-02 10:00:00,200.8,226.0,78.9,121.9,57
2027-10-02 11:00:00,217.9,235.2,82.0,135.9,50
2027-10-02 12:00:00,200.2,220.6,81.2,119.0,43
2027-10-02 13:00:00,208.5,237.2,78.4,130.1,58
2027-10-02 14:00:00,216.3,222.0,84.2,132.1,55
2027-10-02 15:00:00,201.8,243.8,80.0,121.8,45
2027-10-02 16:00:00,204.3,230.8,78.3,126.0,50
2027-10-02 17:00:00,207.9,238.0,79.7,128.2,53
2027-10-02 18:00:00,209.8,221.0,75.9,133.9,54
2027-10-02 19:00:00,203.6,216.0,78.9,124.7,51
2027-10-02 20:00:00,213.6,227.8,81.6,132.0,55
2027-10-02 21:00:00,204.0,218.8,79.9,124.1,50
2027-10-02 22:00:00,202.1,223.2,79.5,122.6,50
2027-10-02 23:00:00,206.5,218.2,78.5,128.0,53
2027-10-03 00:00:00,212.6,229.0,81.8,130.8,58
2027-10-03 01:00:00,206.2,239.0,83.1,123.1,46
2027-10-03 02:00:00,206.6,229.6,78.8,127.8,58
2027-10-03 03:00:00,203.7,228.0,80.3,123.4,41
2027-10-03 04:00:00,201.0,236.4,78.4,122.6,48
2027-10-03 05:00:00,199.6,220.2,79.3,120.3,50
2027-10-03 06:00:00,211.5,227.2,80.6,130.9,42
2027-10-03 07:00:00,195.7,230.4,78.4,117.3,53
2027-10-03 08:00:00,213.8,231.4,79.2,134.6,58
2027-10-03 09:00:00,205.4,233.6,79.3,126.1,49
2027-10-03 10:00:00,208.7,222.4,79.8,128.9,51
2027-10-03 11:00:00,206.7,231.2,80.9,125.8,44
2027-10-03 12:00:00,197.3,217.4,75.3,122.0,46
2027-10-03 13:00:00,195.7,233.8,79.0,116.7,43
2027-10-03 14:00:00,202.8,237.6,80.0,122.8,56
2027-10-03 15:00:00,200.2,220.4,77.9,122.3,44
2027-10-03 16:00:00,200.3,239.2,79.2,121.1,51
2027-10-03 17:00:00,196.8,231.0,78.4,118.4,40
2027-10-03 18:00:00,207.9,231.0,79.1,128.8,59
2027-10-03 19:00:00,205.7,229.0,77.6,128.1,44
2027-10-03 20:00:00,205.7,229.6,76.9,128.8,41
2027-10-03 21:00:00,198.5,232.0,77.2,121.3,45
2027-10-03 22:00:00,207.3,240.6,82.0,125.3,42
2027-10-03 23:00:00,203.0,227.2,78.1,124.9,47
2027-10-04 00:00:00,207.1,227.0,82.2,124.9,56
2027-10-04 01:00:00,212.0,228.6,80.8,131.2,46
2027-10-04 02:00:00,212.1,222.8,79.1,133.0,58
2027-10-04 03:00:00,199.4,234.4,79.7,119.7,49
2027-10-04 04:00:00,206.0,240.6,80.2,125.8,42
2027-10-04 05:00:00,209.1,218.8,78.2,130.9,50
2027-10-04 06:00:00,210.7,222.2,78.1,132.6,53
2027-10-04 07:00:00,198.1,224.8,78.5,119.6,47
2027-10-04 08:00:00,203.2,229.8,79.3,123.9,43
2027-10-04 09:00:00,197.3,228.8,79.9,117.4,48
2027-10-04 10:00:00,202.6,236.2,76.1,126.5,52
2027-10-04 11:00:00,209.0,228.6,79.2,129.8,58
2027-10-04 12:00:00,212.0,248.0,79.6,132.4,53
2027-10-04 13:00:00,212.0,240.2,80.3,131.7,56
2027-10-04 14:00:00,200.9,219.8,79.6,121.3,44
2027-10-04 15:00:00,202.4,236.2,79.0,123.4,55
2027-10-04 16:00:00,212.9,229.4,81.4,131.5,42
2027-10-04 17:00:00,207.3,234.8,81.2,126.1,43
2027-10-04 18:00:00,195.2,226.4,78.4,116.8,46
2027-10-04 19:00:00,202.2,225.2,80.4,121.8,41
2027-10-04 20:00:00,203.7,227.4,77.9,125.8,53
2027-10-04 21:00:00,195.6,222.0,77.9,117.7,42
2027-10-04 22:00:00,213.9,230.8,81.5,132.4,51
2027-10-04 23:00:00,206.9,220.2,80.5,126.4,59
2027-10-05 00:00:00,208.7,238.0,77.9,130.8,59
2027-10-05 01:00:00,199.0,229.2,80.4,118.6,45
2027-10-05 02:00:00,209.5,218.2,82.0,127.5,52
2027-10-05 03:00:00,203.9,227.0,81.0,122.9,55
2027-10-05 04:00:00,197.6,229.6,82.0,115.6,48
2027-10-05 05:00:00,209.8,224.4,81.4,128.4,44
2027-10-05 06:00:00,195.0,227.8,81.7,113.3,43
2027-10-05 07:00:00,201.4,242.8,79.7,121.7,41
2027-10-05 08:00:00,210.7,224.8,80.3,130.4,59
2027-10-05 09:00:00,201.3,234.0,76.6,124.7,57
2027-10-05 10:00:00,202.3,219.0,81.9,120.4,40
2027-10-05 11:00:00,205.4,229.6,76.5,128.9,48
2027-10-05 12:00:00,202.3,224.4,76.5,125.8,46
2027-10-05 13:00:00,199.3,224.0,79.8,119.5,48
2027-10-05 14:00:00,201.1,230.8,78.8,122.3,45
2027-10-05 15:00:00,209.3,215.6,82.9,126.4,53
2027-10-05 16:00:00,203.1,235.6,79.4,123.7,56
2027-10-05 17:00:00,198.6,226.6,84.5,114.1,42
2027-10-05 18:00:00,209.5,224.8,80.1,129.4,42
2027-10-05 19:00:00,206.7,223.6,81.6,125.1,52
2027-10-05 20:00:00,202.7,226.2,81.0,121.7,44
2027-10-05 21:00:00,202.5,226.0,81.9,120.6,48
2027-10-05 22:00:00,202.4,222.6,79.5,122.9,48
2027-10-05 23:00:00,207.1,223.2,81.0,126.1,51
2027-10-06 00:00:00,211.6,227.4,78.2,133.4,57
2027-10-06 01:00:00,193.9,232.8,78.7,115.2,41
2027-10-06 02:00:00,208.0,224.4,80.0,128.0,51
2027-10-06 03:00:00,213.4,226.0,77.8,135.6,58
2027-10-06 04:00:00,196.8,242.0,79.6,117.2,50
2027-10-06 05:00:00,201.9,228.8,79.1,122.8,52
2027-10-06 06:00:00,207.0,226.0,78.2,128.8,51
2027-10-06 07:00:00,205.7,216.4,81.5,124.2,56
2027-10-06 08:00:00,203.2,229.2,78.6,124.6,40
2027-10-06 09:00:00,195.7,231.8,77.3,118.4,55
2027-10-06 10:00:00,213.8,229.4,81.3,132.5,59
2027-10-06 11:00:00,204.8,222.8,81.0,123.8,56
2027-10-06 12:00:00,207.3,226.6,81.6,125.7,47
2027-10-06 13:00:00,214.0,220.2,77.3,136.7,58
2027-10-06 14:00:00,203.0,237.4,81.2,121.8,48
2027-10-06 15:00:00,196.5,223.4,78.5,118.0,49
2027-10-06 16:00:00,214.8,227.6,81.8,133.0,44
2027-10-06 17:00:00,202.9,233.0,77.6,125.3,57
2027-10-06 18:00:00,197.4,237.6,78.2,119.2,56
2027-10-06 19:00:00,204.7,226.2,85.0,119.7,53
2027-10-06 20:00:00,200.2,226.6,77.8,122.4,50
2027-10-06 21:00:00,195.5,226.0,80.3,115.2,59
2027-10-06 22:00:00,200.2,223.6,79.2,121.0,48
2027-10-06 23:00:00,204.1,220.0,80.4,123.7,55
2027-10-07 00:00:00,210.5,230.0,80.2,130.3,54
2027-10-07 01:00:00,199.5,220.4,78.0,121.5,58
2027-10-07 02:00:00,210.6,239.8,81.1,129.5,53
2027-10-07 03:00:00,205.4,221.2,78.4,127.0,51
2027-10-07 04:00:00,202.0,230.4,82.5,119.5,45
2027-10-07 05:00:00,211.3,225.8,83.8,127.5,55
2027-10-07 06:00:00,196.2,237.2,78.9,117.3,58
2027-10-07 07:00:00,211.2,226.0,80.9,130.3,54
2027-10-07 08:00:00,191.7,223.0,81.5,110.2,50
2027-10-07 09:00:00,210.0,220.4,80.8,129.2,51
2027-10-07 10:00:00,203.0,233.4,79.4,123.6,42
2027-10-07 11:00:00,208.9,229.0,80.6,128.3,47
2027-10-07 12:00:00,203.8,226.2,81.5,122.3,43
2027-10-07 13:00:00,217.0,231.8,80.1,136.9,51
2027-10-07 14:00:00,207.7,218.6,81.8,125.9,43
2027-10-07 15:00:00,195.0,220.8,76.8,118.2,47
2027-10-07 16:00:00,208.0,229.4,78.3,129.7,59
2027-10-07 17:00:00,207.1,229.2,82.1,125.0,54
2027-10-07 18:00:00,203.3,235.8,84.7,118.6,55
2027-10-07 19:00:00,213.6,234.8,80.8,132.8,57
2027-10-07 20:00:00,209.1,219.8,79.0,130.1,54
2027-10-07 21:00:00,206.0,233.0,82.5,123.5,45
2027-10-07 22:00:00,197.8,238.0,77.9,119.9,54
2027-10-07 23:00:00,212.5,227.8,79.2,133.3,55
2027-10-08 00:00:00,205.4,210.6,81.5,123.9,53
2027-10-08 01:00:00,215.8,215.6,83.7,132.1,50
2027-10-08 02:00:00,201.9,236.2,76.7,125.2,51
2027-10-08 03:00:00,196.8,220.0,81.8,115.0,54
2027-10-08 04:00:00,199.1,225.4,76.9,122.2,48
2027-10-08 05:00:00,204.6,219.0,79.9,124.7,50
2027-10-08 06:00:00,206.7,225.2,82.5,124.2,54
2027-10-08 07:00:00,199.3,223.2,76.9,122.4,51
2027-10-08 08:00:00,206.2,225.6,82.0,124.2,57
2027-10-08 09:00:00,216.5,225.6,77.2,139.3,59
2027-10-08 10:00:00,195.6,229.0,78.7,116.9,56
2027-10-08 11:00:00,203.3,223.8,79.5,123.8,51
2027-10-08 12:00:00,215.8,229.2,77.1,138.7,56
2027-10-08 13:00:00,204.5,221.0,82.0,122.5,57
2027-10-08 14:00:00,203.4,219.2,81.2,122.2,47
2027-10-08 15:00:00,207.5,230.4,81.6,125.9,52
2027-10-08 16:00:00,209.3,229.8,80.9,128.4,56
2027-10-08 17:00:00,202.7,228.8,79.6,123.1,41
2027-10-08 18:00:00,204.0,222.4,79.3,124.7,56
2027-10-08 19:00:00,214.1,220.6,78.4,135.7,53
2027-10-08 20:00:00,205.5,233.2,80.6,124.9,56
2027-10-08 21:00:00,212.5,230.6,76.4,136.1,58
2027-10-08 22:00:00,195.0,229.4,76.0,119.0,42
2027-10-08 23:00:00,211.0,227.8,80.4,130.6,53
2027-10-09 00:00:00,193.0,232.2,79.1,113.9,46
2027-10-09 01:00:00,200.6,227.6,80.7,119.9,47
2027-10-09 02:00:00,195.9,224.6,78.3,117.6,42
2027-10-09 03:00:00,202.5,234.8,78.8,123.7,47
2027-10-09 04:00:00,214.9,227.8,82.0,132.9,47
2027-10-09 05:00:00,200.9,225.6,79.5,121.4,56
2027-10-09 06:00:00,200.8,228.8,78.1,122.7,41
2027-10-09 07:00:00,200.6,227.8,81.0,119.6,45
2027-10-09 08:00:00,211.2,222.6,79.1,132.1,52
2027-10-09 09:00:00,209.9,228.4,82.2,127.7,59
2027-10-09 10:00:00,200.4,214.6,78.9,121.5,57
2027-10-09 11:00:00,203.7,226.8,80.0,123.7,45
2027-10-09 12:00:00,201.9,234.6,77.8,124.1,48
2027-10-09 13:00:00,200.8,215.4,81.0,119.8,47
2027-10-09 14:00:00,205.0,226.0,82.6,122.4,41
2027-10-09 15:00:00,206.3,226.2,80.4,125.9,50
2027-10-09 16:00:00,206.5,229.0,78.1,128.4,57
2027-10-09 17:00:00,198.5,214.6,80.8,117.7,41
2027-10-09 18:00:00,212.7,222.0,79.2,133.5,59
2027-10-09 19:00:00,200.6,223.0,79.7,120.9,48
2027-10-09 20:00:00,197.5,233.4,80.8,116.7,41
2027-10-09 21:00:00,200.8,221.4,80.0,120.8,41
2027-10-09 22:00:00,211.2,227.2,79.4,131.8,52
2027-10-09 23:00:00,202.8,214.6,78.2,124.6,52
2027-10-10 00:00:00,208.0,227.4,82.5,125.5,46
2027-10-10 01:00:00,210.4,224.8,81.4,129.0,53
2027-10-10 02:00:00,208.5,227.2,81.2,127.3,53
2027-10-10 03:00:00,203.8,230.6,80.0,123.8,52
2027-10-10 04:00:00,202.3,221.0,75.9,126.4,49
2027-10-10 05:00:00,200.5,218.8,80.7,119.8,45
2027-10-10 06:00:00,195.0,223.0,77.2,117.8,42
2027-10-10 07:00:00,198.7,234.2,78.4,120.3,43
2027-10-10 08:00:00,204.3,231.4,77.0,127.3,58
2027-10-10 09:00:00,210.2,227.4,77.1,133.1,56
2027-10-10 10:00:00,207.1,216.0,81.2,125.9,47
2027-10-10 11:00:00,202.4,219.6,78.4,124.0,46
2027-10-10 12:00:00,210.8,223.2,78.6,132.2,59
2027-10-10 13:00:00,199.2,231.0,81.5,117.7,54
2027-10-10 14:00:00,204.6,222.4,80.4,124.2,50
2027-10-10 15:00:00,209.9,226.4,80.0,129.9,49
2027-10-10 16:00:00,200.2,228.6,79.4,120.8,40
2027-10-10 17:00:00,201.7,219.0,75.0,126.7,45
2027-10-10 18:00:00,196.8,216.4,77.8,119.0,40
2027-10-10 19:00:00,199.8,216.6,75.9,123.9,52
2027-10-10 20:00:00,200.2,223.6,79.1,121.1,50
2027-10-10 21:00:00,209.0,213.8,81.3,127.7,47
2027-10-10 22:00:00,209.9,219.4,81.0,128.9,51
2027-10-10 23:00:00,197.3,217.4,85.3,112.0,45
2027-10-11 00:00:00,205.5,219.8,81.3,124.2,44
2027-10-11 01:00:00,210.6,212.4,79.6,131.0,56
2027-10-11 02:00:00,212.4,221.6,79.6,132.8,54
2027-10-11 03:00:00,202.3,235.8,84.2,118.1,48
2027-10-11 04:00:00,207.8,225.8,79.3,128.5,54
2027-10-11 05:00:00,200.2,221.0,81.0,119.2,43
2027-10-11 06:00:00,204.4,218.6,80.8,123.6,48
2027-10-11 07:00:00,204.8,230.6,77.2,127.6,59
2027-10-11 08:00:00,190.7,223.6,79.7,111.0,40
2027-10-11 09:00:00,201.6,217.0,82.5,119.1,50
2027-10-11 10:00:00,198.9,214.4,79.8,119.1,59
2027-10-11 11:00:00,205.2,218.8,81.1,124.1,58
2027-10-11 12:00:00,198.6,230.8,78.8,119.8,47
2027-10-11 13:00:00,207.2,227.2,79.6,127.6,52
2027-10-11 14:00:00,208.1,226.8,77.4,130.7,42
2027-10-11 15:00:00,211.7,214.6,82.1,129.6,58
2027-10-11 16:00:00,199.1,224.8,79.3,119.8,41
2027-10-11 17:00:00,200.0,219.4,78.9,121.1,43
2027-10-11 18:00:00,211.6,210.6,79.2,132.4,55
2027-10-11 19:00:00,207.0,219.4,76.8,130.2,54
2027-10-11 20:00:00,200.8,217.2,76.8,124.0,56
2027-10-11 21:00:00,207.5,220.0,80.5,127.0,46
2027-10-11 22:00:00,204.6,212.4,81.2,123.4,47
2027-10-11 23:00:00,187.3,225.4,80.4,106.9,40
2027-10-12 00:00:00,210.6,226.2,81.2,129.4,57
2027-10-12 01:00:00,201.6,222.8,79.1,122.5,46
2027-10-12 02:00:00,206.0,231.2,83.1,122.9,57
2027-10-12 03:00:00,203.0,229.8,81.8,121.2,40
2027-10-12 04:00:00,205.7,218.4,78.1,127.6,46
2027-10-12 05:00:00,220.1,222.0,82.2,137.9,54
2027-10-12 06:00:00,203.4,220.8,78.7,124.7,53
2027-10-12 07:00:00,205.2,210.0,80.8,124.4,49
2027-10-12 08:00:00,211.8,222.4,79.4,132.4,55
2027-10-12 09:00:00,210.2,230.0,84.6,125.6,53
2027-10-12 10:00:00,202.6,219.2,77.9,124.7,40
2027-10-12 11:00:00,205.5,221.0,80.0,125.5,57
2027-10-12 12:00:00,211.0,223.8,79.0,132.0,52
2027-10-12 13:00:00,207.1,219.0,80.0,127.1,46
2027-10-12 14:00:00,211.7,229.0,83.5,128.2,46
2027-10-12 15:00:00,198.2,226.2,79.8,118.4,40
2027-10-12 16:00:00,200.5,219.2,77.8,122.7,49
2027-10-12 17:00:00,210.9,211.6,80.7,130.2,53
2027-10-12 18:00:00,213.8,221.6,78.0,135.8,49
2027-10-12 19:00:00,209.4,226.2,82.8,126.6,44
2027-10-12 20:00:00,207.0,223.6,79.7,127.3,49
2027-10-12 21:00:00,201.9,220.8,78.7,123.2,52
2027-10-12 22:00:00,202.5,215.8,80.1,122.4,49
2027-10-12 23:00:00,204.4,218.2,81.6,122.8,44
2027-10-13 00:00:00,207.2,216.2,77.6,129.6,55
2027-10-13 01:00:00,210.3,225.2,78.6,131.7,49
2027-10-13 02:00:00,212.1,229.6,80.9,131.2,45
2027-10-13 03:00:00,199.6,219.6,81.0,118.6,42
2027-10-13 04:00:00,201.8,210.4,80.0,121.8,40
2027-10-13 05:00:00,211.5,219.2,82.1,129.4,45
2027-10-13 06:00:00,199.6,213.0,82.5,117.1,41
2027-10-13 07:00:00,196.0,218.8,78.0,118.0,42
2027-10-13 08:00:00,206.9,230.2,82.4,124.5,44
2027-10-13 09:00:00,198.9,227.4,79.8,119.1,43
2027-10-13 10:00:00,207.5,219.6,81.6,125.9,44
2027-10-13 11:00:00,208.0,213.8,80.1,127.9,49
2027-10-13 12:00:00,198.1,220.2,79.6,118.5,47
2027-10-13 13:00:00,208.9,224.6,81.9,127.0,50
2027-10-13 14:00:00,209.9,226.4,77.8,132.1,58
2027-10-13 15:00:00,200.8,227.2,80.1,120.7,40
2027-10-13 16:00:00,204.4,217.6,82.0,122.4,46
2027-10-13 17:00:00,206.5,222.0,79.5,127.0,44
2027-10-13 18:00:00,208.4,225.4,81.0,127.4,58
2027-10-13 19:00:00,204.3,222.2,81.4,122.9,42
2027-10-13 20:00:00,216.8,215.2,82.9,133.9,50
2027-10-13 21:00:00,199.2,228.0,76.9,122.3,41
2027-10-13 22:00:00,200.8,218.0,84.4,116.4,41
2027-10-13 23:00:00,204.4,228.8,83.0,121.4,41
2027-10-14 00:00:00,206.6,222.0,81.1,125.5,49
2027-10-14 01:00:00,212.0,232.2,80.6,131.4,50
2027-10-14 02:00:00,200.0,212.0,80.8,119.2,49
2027-10-14 03:00:00,204.2,215.8,73.9,130.3,55
2027-10-14 04:00:00,206.4,215.8,78.3,128.1,48
2027-10-14 05:00:00,206.1,217.0,79.2,126.9,52
2027-10-14 06:00:00,209.1,220.0,80.1,129.0,52
2027-10-14 07:00:00,211.7,216.0,83.5,128.2,56
2027-10-14 08:00:00,204.4,214.0,77.4,127.0,50
2027-10-14 09:00:00,212.7,225.2,79.3,133.4,57
2027-10-14 10:00:00,195.6,214.4,80.0,115.6,46
2027-10-14 11:00:00,205.6,219.8,81.2,124.4,55
2027-10-14 12:00:00,196.0,226.2,79.8,116.2,41
2027-10-14 13:00:00,203.4,231.6,83.6,119.8,44
2027-10-14 14:00:00,204.1,221.0,78.8,125.3,46
2027-10-14 15:00:00,202.7,225.2,79.8,122.9,49
2027-10-14 16:00:00,209.5,214.2,81.1,128.4,59
2027-10-14 17:00:00,190.3,228.4,81.9,108.4,44
2027-10-14 18:00:00,196.1,224.6,79.9,116.2,46
2027-10-14 19:00:00,201.9,208.2,79.9,122.0,56
2027-10-14 20:00:00,206.4,225.0,83.3,123.1,41
2027-10-14 21:00:00,197.7,226.6,79.8,117.9,58
2027-10-14 22:00:00,201.6,225.6,78.7,122.9,52
2027-10-14 23:00:00,195.6,216.0,79.6,116.0,44
2027-10-15 00:00:00,201.7,210.4,78.6,123.1,40
2027-10-15 01:00:00,202.7,210.2,81.6,121.1,41
2027-10-15 02:00:00,206.4,219.2,85.3,121.1,43
2027-10-15 03:00:00,207.4,219.2,81.2,126.2,48
2027-10-15 04:00:00,206.8,227.4,79.7,127.1,46
2027-10-15 05:00:00,200.4,218.4,84.0,116.4,44
2027-10-15 06:00:00,203.5,213.4,78.5,125.0,49
2027-10-15 07:00:00,194.1,223.4,80.7,113.4,45
2027-10-15 08:00:00,202.8,222.0,81.1,121.7,54
2027-10-15 09:00:00,199.3,224.0,77.3,122.0,45
2027-10-15 10:00:00,198.9,228.8,76.5,122.4,49
2027-10-15 11:00:00,203.0,217.0,79.2,123.8,53
2027-10-15 12:00:00,199.7,213.8,78.7,121.0,48
2027-10-15 13:00:00,201.5,227.6,79.3,122.2,43
2027-10-15 14:00:00,202.1,235.2,82.1,120.0,48
2027-10-15 15:00:00,208.2,238.0,77.9,130.3,41
2027-10-15 16:00:00,195.9,218.4,77.5,118.4,45
2027-10-15 17:00:00,206.9,216.4,80.3,126.6,46
2027-10-15 18:00:00,204.6,215.2,79.8,124.8,44
2027-10-15 19:00:00,187.2,228.0,76.3,110.9,44
2027-10-15 20:00:00,203.2,219.4,79.8,123.4,43
2027-10-15 21:00:00,197.3,216.0,80.0,117.3,46
2027-10-15 22:00:00,200.5,218.6,79.9,120.6,50
2027-10-15 23:00:00,207.4,222.4,82.2,125.2,45
2027-10-16 00:00:00,202.9,220.0,82.2,120.7,43
2027-10-16 01:00:00,205.7,215.8,78.5,127.2,57
2027-10-16 02:00:00,196.5,210.0,78.7,117.8,44
2027-10-16 03:00:00,205.8,223.8,77.8,128.0,40
2027-10-16 04:00:00,211.5,232.4,82.1,129.4,59
2027-10-16 05:00:00,210.9,225.0,77.4,133.5,59
2027-10-16 06:00:00,206.0,219.4,79.6,126.4,54
2027-10-16 07:00:00,212.6,224.0,77.7,134.9,49
2027-10-16 08:00:00,195.1,222.6,80.3,114.8,45
2027-10-16 09:00:00,198.6,219.4,80.5,118.1,51
2027-10-16 10:00:00,207.2,222.4,79.2,128.0,49
2027-10-16 11:00:00,208.1,220.0,80.5,127.6,52
2027-10-16 12:00:00,201.3,212.8,79.7,121.6,51
2027-10-16 13:00:00,207.5,217.8,80.4,127.1,50
2027-10-16 14:00:00,199.4,215.6,78.6,120.8,50
2027-10-16 15:00:00,211.9,228.2,76.9,135.0,48
2027-10-16 16:00:00,202.4,219.0,79.2,123.2,53
2027-10-16 17:00:00,202.6,219.2,85.9,116.7,42
2027-10-16 18:00:00,200.4,218.6,81.9,118.5,42
2027-10-16 19:00:00,198.8,222.4,80.0,118.8,49
2027-10-16 20:00:00,198.9,207.2,81.5,117.4,43
2027-10-16 21:00:00,199.4,220.0,78.4,121.0,56
2027-10-16 22:00:00,203.4,223.8,79.1,124.3,54
2027-10-16 23:00:00,206.6,226.4,78.9,127.7,52
2027-10-17 00:00:00,212.6,212.4,81.3,131.3,56
2027-10-17 01:00:00,197.8,226.4,76.2,121.6,46
2027-10-17 02:00:00,201.3,220.2,79.1,122.2,56
2027-10-17 03:00:00,201.0,222.2,77.0,124.0,51
2027-10-17 04:00:00,208.8,219.2,79.3,129.5,58
2027-10-17 05:00:00,201.8,215.2,81.2,120.6,49
2027-10-17 06:00:00,204.3,223.6,78.9,125.4,49
2027-10-17 07:00:00,201.6,206.4,82.4,119.2,50
2027-10-17 08:00:00,202.0,227.0,81.6,120.4,43
2027-10-17 09:00:00,207.3,221.0,80.1,127.2,41
2027-10-17 10:00:00,199.9,217.6,78.6,121.3,50
2027-10-17 11:00:00,202.8,223.6,79.2,123.6,41
2027-10-17 12:00:00,201.2,219.0,77.1,124.1,43
2027-10-17 13:00:00,199.8,216.6,79.1,120.7,49
2027-10-17 14:00:00,206.1,212.2,79.0,127.1,56
2027-10-17 15:00:00,199.8,215.2,79.1,120.7,47
2027-10-17 16:00:00,199.6,227.0,79.3,120.3,49
2027-10-17 17:00:00,199.0,209.8,80.6,118.4,46
2027-10-17 18:00:00,194.9,215.0,77.5,117.4,49
2027-10-17 19:00:00,207.1,226.8,78.5,128.6,55
2027-10-17 20:00:00,214.9,218.6,81.1,133.8,51
2027-10-17 21:00:00,194.9,228.8,75.0,119.9,46
2027-10-17 22:00:00,204.7,230.6,80.1,124.6,53
2027-10-17 23:00:00,215.7,208.8,80.5,135.2,56
2027-10-18 00:00:00,210.8,213.6,79.8,131.0,57
2027-10-18 01:00:00,195.3,213.8,82.1,113.2,46
2027-10-18 02:00:00,198.4,222.2,77.7,120.7,50
2027-10-18 03:00:00,200.8,219.0,80.5,120.3,51
2027-10-18 04:00:00,205.4,209.8,78.1,127.3,56
2027-10-18 05:00:00,201.2,230.6,78.6,122.6,42
2027-10-18 06:00:00,214.2,214.8,77.8,136.4,46
2027-10-18 07:00:00,209.3,214.6,82.1,127.2,52
2027-10-18 08:00:00,207.9,217.6,81.7,126.2,52
2027-10-18 09:00:00,198.7,217.4,81.0,117.7,47
2027-10-18 10:00:00,190.2,220.2,76.0,114.2,40
2027-10-18 11:00:00,202.0,225.6,79.3,122.7,53
2027-10-18 12:00:00,202.5,226.4,80.6,121.9,46
2027-10-18 13:00:00,210.0,220.8,80.0,130.0,43
2027-10-18 14:00:00,201.7,209.0,80.9,120.8,50
2027-10-18 15:00:00,200.8,211.2,82.3,118.5,49
2027-10-18 16:00:00,206.4,219.6,80.8,125.6,53
2027-10-18 17:00:00,193.7,216.6,78.4,115.3,49
2027-10-18 18:00:00,200.9,220.8,81.6,119.3,47
2027-10-18 19:00:00,195.9,225.8,77.7,118.2,41
2027-10-18 20:00:00,209.2,216.0,80.8,128.4,55
2027-10-18 21:00:00,197.7,214.0,79.2,118.5,44
2027-10-18 22:00:00,204.0,224.2,83.8,120.2,44
2027-10-18 23:00:00,216.4,225.0,79.1,137.3,55
2027-10-19 00:00:00,203.7,223.4,79.3,124.4,46
2027-10-19 01:00:00,206.7,215.2,81.0,125.7,57
2027-10-19 02:00:00,218.6,221.0,81.4,137.2,54
2027-10-19 03:00:00,210.9,212.4,79.6,131.3,49
2027-10-19 04:00:00,201.8,223.0,81.7,120.1,42
2027-10-19 05:00:00,200.5,219.2,76.3,124.2,46
2027-10-19 06:00:00,199.2,211.2,79.1,120.1,53
2027-10-19 07:00:00,199.8,214.2,79.2,120.6,41
2027-10-19 08:00:00,214.2,226.4,81.7,132.5,52
2027-10-19 09:00:00,197.7,215.8,79.2,118.5,40
2027-10-19 10:00:00,202.2,217.2,80.8,121.4,56
2027-10-19 11:00:00,199.5,213.4,79.2,120.3,40
2027-10-19 12:00:00,213.4,216.2,77.8,135.6,49
2027-10-19 13:00:00,197.4,216.2,78.1,119.3,46
2027-10-19 14:00:00,210.2,215.6,77.3,132.9,58
2027-10-19 15:00:00,200.5,220.6,77.8,122.7,43
2027-10-19 16:00:00,194.3,219.2,81.0,113.3,49
2027-10-19 17:00:00,201.3,220.8,80.1,121.2,56
2027-10-19 18:00:00,210.6,221.0,77.8,132.8,54
2027-10-19 19:00:00,204.2,228.4,80.1,124.1,43
2027-10-19 20:00:00,206.7,218.0,83.4,123.3,40
2027-10-19 21:00:00,206.7,211.4,77.8,128.9,55
2027-10-19 22:00:00,198.5,212.0,79.1,119.4,50
2027-10-19 23:00:00,207.9,220.8,78.6,129.3,48
2027-10-20 00:00:00,201.7,204.6,82.1,119.6,41
2027-10-20 01:00:00,206.6,214.6,79.2,127.4,55
2027-10-20 02:00:00,206.5,218.0,82.6,123.9,59
2027-10-20 03:00:00,210.4,218.0,81.4,129.0,51
2027-10-20 04:00:00,213.2,224.4,80.2,133.0,55
2027-10-20 05:00:00,204.6,207.6,81.9,122.7,42
2027-10-20 06:00:00,195.1,215.0,80.7,114.4,47
2027-10-20 07:00:00,209.8,211.6,80.4,129.4,55
2027-10-20 08:00:00,205.9,210.2,80.1,125.8,59
2027-10-20 09:00:00,202.5,211.4,76.4,126.1,44
2027-10-20 10:00:00,203.8,212.2,80.6,123.2,53
2027-10-20 11:00:00,205.1,215.8,81.8,123.3,46
2027-10-20 12:00:00,213.0,218.8,80.1,132.9,59
2027-10-20 13:00:00,201.2,227.2,76.4,124.8,52
2027-10-20 14:00:00,198.4,220.4,79.8,118.6,43
2027-10-20 15:00:00,208.6,210.6,80.8,127.8,58
2027-10-20 16:00:00,196.7,214.0,80.4,116.3,44
2027-10-20 17:00:00,210.9,204.4,80.5,130.4,52
2027-10-20 18:00:00,210.7,212.0,78.9,131.8,52
2027-10-20 19:00:00,211.9,208.2,79.4,132.5,50
2027-10-20 20:00:00,214.4,222.0,82.8,131.6,56
2027-10-20 21:00:00,211.3,228.6,80.1,131.2,45
2027-10-20 22:00:00,202.4,217.4,79.1,123.3,43
2027-10-20 23:00:00,209.5,219.0,83.9,125.6,46
2027-10-21 00:00:00,207.7,230.2,77.7,130.0,58
2027-10-21 01:00:00,201.9,217.4,81.3,120.6,40
2027-10-21 02:00:00,211.1,214.6,80.6,130.5,58
2027-10-21 03:00:00,204.7,211.6,80.7,124.0,49
2027-10-21 04:00:00,210.7,219.8,83.0,127.7,45
2027-10-21 05:00:00,210.0,209.6,81.4,128.6,50
2027-10-21 06:00:00,190.5,212.8,76.4,114.1,59
2027-10-21 07:00:00,214.9,212.6,82.8,132.1,57
2027-10-21 08:00:00,205.0,209.6,80.7,124.3,40
2027-10-21 09:00:00,210.9,217.0,80.1,130.8,58
2027-10-21 10:00:00,195.4,217.2,78.0,117.4,44
2027-10-21 11:00:00,202.0,226.4,79.8,122.2,48
2027-10-21 12:00:00,207.1,219.0,80.4,126.7,58
2027-10-21 13:00:00,207.6,216.8,80.1,127.5,55
2027-10-21 14:00:00,200.0,212.8,81.4,118.6,49
2027-10-21 15:00:00,208.2,223.4,76.9,131.3,56
2027-10-21 16:00:00,194.2,215.0,77.0,117.2,44
2027-10-21 17:00:00,207.4,217.8,75.6,131.8,58
2027-10-21 18:00:00,201.5,210.0,80.4,121.1,42
2027-10-21 19:00:00,207.7,223.8,79.1,128.6,55
2027-10-21 20:00:00,207.3,209.6,77.3,130.0,43
2027-10-21 21:00:00,214.7,221.8,80.7,134.0,58
2027-10-21 22:00:00,198.2,227.4,80.0,118.2,41
2027-10-21 23:00:00,195.6,211.2,76.3,119.3,42
2027-10-22 00:00:00,200.4,209.8,79.8,120.6,53
2027-10-22 01:00:00,198.5,214.0,78.3,120.2,42
2027-10-22 02:00:00,211.0,227.8,80.1,130.9,54
2027-10-22 03:00:00,198.2,222.2,75.9,122.3,53
2027-10-22 04:00:00,201.2,213.4,77.6,123.6,45
2027-10-22 05:00:00,207.0,212.4,77.2,129.8,52
2027-10-22 06:00:00,206.0,204.6,77.5,128.5,47
2027-10-22 07:00:00,208.1,217.4,79.3,128.8,56
2027-10-22 08:00:00,199.8,217.0,77.5,122.3,43
2027-10-22 09:00:00,205.3,223.8,79.2,126.1,57
2027-10-22 10:00:00,209.6,219.4,80.5,129.1,58
2027-10-22 11:00:00,202.0,219.4,81.5,120.5,42
2027-10-22 12:00:00,209.5,208.4,84.2,125.3,50
2027-10-22 13:00:00,208.2,209.8,83.0,125.2,42
2027-10-22 14:00:00,205.0,211.8,79.3,125.7,49
2027-10-22 15:00:00,213.0,212.4,80.6,132.4,57
2027-10-22 16:00:00,201.9,226.8,81.8,120.1,40
2027-10-22 17:00:00,203.5,224.2,79.6,123.9,54
2027-10-22 18:00:00,205.2,212.6,82.0,123.2,45
2027-10-22 19:00:00,209.5,222.6,81.1,128.4,54
2027-10-22 20:00:00,203.4,222.0,81.2,122.2,58
2027-10-22 21:00:00,199.6,225.6,84.0,115.6,49
2027-10-22 22:00:00,199.7,210.6,75.7,124.0,45
2027-10-22 23:00:00,209.3,223.2,81.8,127.5,48
2027-10-23 00:00:00,211.7,205.8,83.2,128.5,51
2027-10-23 01:00:00,207.4,221.2,80.4,127.0,50
2027-10-23 02:00:00,197.2,221.4,80.2,117.0,43
2027-10-23 03:00:00,201.1,209.8,79.2,121.9,46
2027-10-23 04:00:00,199.0,217.0,80.7,118.3,46
2027-10-23 05:00:00,204.5,219.2,82.7,121.8,52
2027-10-23 06:00:00,192.1,223.4,78.9,113.2,41
2027-10-23 07:00:00,199.7,221.4,79.9,119.8,47
2027-10-23 08:00:00,208.9,215.6,81.7,127.2,54
2027-10-23 09:00:00,211.5,218.2,80.2,131.3,58
2027-10-23 10:00:00,205.4,213.4,80.5,124.9,52
2027-10-23 11:00:00,212.7,213.6,79.7,133.0,55
2027-10-23 12:00:00,208.2,217.2,77.5,130.7,55
2027-10-23 13:00:00,208.9,214.6,81.4,127.5,51
2027-10-23 14:00:00,208.2,212.0,78.2,130.0,53
2027-10-23 15:00:00,204.7,219.2,83.3,121.4,46
2027-10-23 16:00:00,203.8,206.2,82.8,121.0,41
2027-10-23 17:00:00,213.0,216.2,79.9,133.1,56
2027-10-23 18:00:00,212.1,209.0,86.0,126.1,58
2027-10-23 19:00:00,197.1,217.2,81.3,115.8,44
2027-10-23 20:00:00,197.6,207.2,76.8,120.8,50
2027-10-23 21:00:00,204.5,221.8,80.6,123.9,50
2027-10-23 22:00:00,209.3,212.6,82.6,126.7,56
2027-10-23 23:00:00,210.5,212.0,80.0,130.5,58
2027-10-24 00:00:00,195.2,206.2,80.4,114.8,41
2027-10-24 01:00:00,209.1,214.0,76.2,132.9,55
2027-10-24 02:00:00,205.8,211.2,79.8,126.0,43
2027-10-24 03:00:00,209.7,213.4,79.2,130.5,53
2027-10-24 04:00:00,202.7,215.2,74.8,127.9,59
2027-10-24 05:00:00,210.4,210.4,81.6,128.8,55
2027-10-24 06:00:00,197.9,217.4,81.8,116.1,42
2027-10-24 07:00:00,198.1,208.6,84.8,113.3,40
2027-10-24 08:00:00,201.8,211.2,81.4,120.4,48
2027-10-24 09:00:00,200.2,216.6,81.5,118.7,47
2027-10-24 10:00:00,202.0,206.8,77.7,124.3,55
2027-10-24 11:00:00,202.1,207.4,78.9,123.2,54
2027-10-24 12:00:00,201.4,214.8,78.0,123.4,48
2027-10-24 13:00:00,210.8,202.6,85.2,125.6,50
2027-10-24 14:00:00,204.8,201.4,78.4,126.4,48
2027-10-24 15:00:00,204.0,225.0,78.9,125.1,54
2027-10-24 16:00:00,211.3,209.6,83.2,128.1,45
2027-10-24 17:00:00,217.5,207.8,76.8,140.7,52
2027-10-24 18:00:00,212.3,217.2,79.1,133.2,57
2027-10-24 19:00:00,196.4,207.0,80.9,115.5,50
2027-10-24 20:00:00,213.3,219.0,81.9,131.4,54
2027-10-24 21:00:00,202.2,213.6,81.3,120.9,47
2027-10-24 22:00:00,195.4,204.4,80.7,114.7,42
2027-10-24 23:00:00,206.9,209.6,80.9,126.0,55
2027-10-25 00:00:00,212.3,216.2,80.4,131.9,56
2027-10-25 01:00:00,190.3,215.8,77.7,112.6,42
2027-10-25 02:00:00,204.1,213.6,77.2,126.9,59
2027-10-25 03:00:00,218.9,218.2,80.2,138.7,53
2027-10-25 04:00:00,204.9,214.6,79.3,125.6,57
2027-10-25 05:00:00,203.8,212.2,82.5,121.3,47
2027-10-25 06:00:00,207.3,213.4,81.6,125.7,46
2027-10-25 07:00:00,200.9,211.0,79.2,121.7,54
2027-10-25 08:00:00,200.0,214.2,77.0,123.0,41
2027-10-25 09:00:00,192.9,213.8,75.2,117.7,41
2027-10-25 10:00:00,207.1,198.8,80.0,127.1,42
2027-10-25 11:00:00,215.8,210.2,77.1,138.7,54
2027-10-25 12:00:00,207.3,219.6,80.8,126.5,55
2027-10-25 13:00:00,208.8,211.8,80.1,128.7,55
2027-10-25 14:00:00,209.2,214.0,80.7,128.5,48
2027-10-25 15:00:00,206.8,218.6,80.7,126.1,52
2027-10-25 16:00:00,203.6,222.0,81.2,122.4,43
2027-10-25 17:00:00,204.8,208.4,78.1,126.7,57
2027-10-25 18:00:00,221.0,211.8,82.2,138.8,55
2027-10-25 19:00:00,205.9,210.0,82.5,123.4,41
2027-10-25 20:00:00,206.3,210.6,78.4,127.9,55
2027-10-25 21:00:00,208.5,210.6,78.6,129.9,57
2027-10-25 22:00:00,205.5,196.4,80.3,125.2,51
2027-10-25 23:00:00,212.7,218.2,81.3,131.4,58
2027-10-26 00:00:00,200.8,215.0,80.0,120.8,52
2027-10-26 01:00:00,202.9,202.6,75.4,127.5,49
2027-10-26 02:00:00,198.3,200.2,81.3,117.0,45
2027-10-26 03:00:00,197.7,222.4,78.9,118.8,44
2027-10-26 04:00:00,205.5,203.8,79.9,125.6,51
2027-10-26 05:00:00,197.7,216.4,78.8,118.9,45
2027-10-26 06:00:00,199.2,208.2,79.5,119.7,53
2027-10-26 07:00:00,203.5,206.6,78.2,125.3,50
2027-10-26 08:00:00,211.2,199.8,77.7,133.5,59
2027-10-26 09:00:00,201.3,210.8,83.1,118.2,44
2027-10-26 10:00:00,199.1,213.6,80.9,118.2,47
2027-10-26 11:00:00,209.2,219.8,83.6,125.6,47
2027-10-26 12:00:00,200.3,214.4,79.0,121.3,46
2027-10-26 13:00:00,204.8,205.2,78.3,126.5,51
2027-10-26 14:00:00,200.0,218.0,80.2,119.8,43
2027-10-26 15:00:00,197.3,213.2,80.0,117.3,47
2027-10-26 16:00:00,213.9,221.4,78.1,135.8,56
2027-10-26 17:00:00,201.9,202.6,81.3,120.6,49
2027-10-26 18:00:00,200.4,213.0,77.7,122.7,44
2027-10-26 19:00:00,207.2,211.4,80.1,127.1,57
2027-10-26 20:00:00,205.0,215.4,77.0,128.0,49
2027-10-26 21:00:00,208.0,210.6,79.1,128.9,43
2027-10-26 22:00:00,201.9,219.2,79.3,122.6,47
2027-10-26 23:00:00,204.3,218.0,80.8,123.5,53
2027-10-27 00:00:00,198.2,217.2,78.1,120.1,45
2027-10-27 01:00:00,215.8,218.6,81.6,134.2,48
2027-10-27 02:00:00,210.0,205.2,80.3,129.7,48
2027-10-27 03:00:00,207.0,219.8,80.0,127.0,54
2027-10-27 04:00:00,212.0,218.4,80.5,131.5,46
2027-10-27 05:00:00,199.6,216.6,80.4,119.2,58
2027-10-27 06:00:00,208.0,206.4,77.8,130.2,41
2027-10-27 07:00:00,200.5,202.4,82.1,118.4,44
2027-10-27 08:00:00,200.2,213.4,82.5,117.7,40
2027-10-27 09:00:00,202.1,222.4,77.1,125.0,53
2027-10-27 10:00:00,211.2,206.8,83.0,128.2,49
2027-10-27 11:00:00,210.5,222.6,79.2,131.3,54
2027-10-27 12:00:00,201.1,216.0,78.8,122.3,47
2027-10-27 13:00:00,202.2,213.4,78.7,123.5,55
2027-10-27 14:00:00,207.7,214.8,82.8,124.9,53
2027-10-27 15:00:00,193.7,204.4,78.6,115.1,40
2027-10-27 16:00:00,208.5,204.4,79.6,128.9,52
2027-10-27 17:00:00,198.5,215.2,75.5,123.0,43
2027-10-27 18:00:00,213.7,220.0,79.7,134.0,45
2027-10-27 19:00:00,206.1,211.0,79.9,126.2,58
2027-10-27 20:00:00,195.5,211.4,77.5,118.0,56
2027-10-27 21:00:00,201.8,206.4,77.4,124.4,53
2027-10-27 22:00:00,194.3,215.0,79.4,114.9,41
2027-10-27 23:00:00,206.1,215.0,83.7,122.4,44
2027-10-28 00:00:00,199.3,206.8,79.7,119.6,41
2027-10-28 01:00:00,204.7,206.4,81.2,123.5,40
2027-10-28 02:00:00,206.9,221.6,82.6,124.3,49
2027-10-28 03:00:00,199.7,207.2,77.8,121.9,42
2027-10-28 04:00:00,208.7,219.8,82.0,126.7,53
2027-10-28 05:00:00,204.7,208.0,82.0,122.7,53
2027-10-28 06:00:00,205.7,210.6,76.6,129.1,49
2027-10-28 07:00:00,213.8,208.4,84.2,129.6,54
2027-10-28 08:00:00,203.6,212.6,81.5,122.1,51
2027-10-28 09:00:00,206.0,210.6,82.5,123.5,44
2027-10-28 10:00:00,201.9,198.0,81.5,120.4,54
2027-10-28 11:00:00,207.2,207.8,81.7,125.5,51
2027-10-28 12:00:00,202.3,223.0,81.4,120.9,44
2027-10-28 13:00:00,205.6,215.4,78.7,126.9,49
2027-10-28 14:00:00,210.3,220.2,82.8,127.5,59
2027-10-28 15:00:00,207.7,212.4,82.7,125.0,50
2027-10-28 16:00:00,214.0,215.2,79.7,134.3,58
2027-10-28 17:00:00,213.1,212.4,77.0,136.1,58
2027-10-28 18:00:00,197.8,207.0,78.1,119.7,40
2027-10-28 19:00:00,210.2,214.0,81.0,129.2,51
2027-10-28 20:00:00,204.0,214.4,83.3,120.7,43
2027-10-28 21:00:00,207.1,204.8,75.5,131.6,58
2027-10-28 22:00:00,215.9,210.4,81.3,134.6,54
2027-10-28 23:00:00,209.8,202.2,77.3,132.5,57
2027-10-29 00:00:00,208.6,215.2,76.4,132.2,40
2027-10-29 01:00:00,201.1,209.2,80.3,120.8,51
2027-10-29 02:00:00,204.4,212.6,79.2,125.2,57
2027-10-29 03:00:00,195.6,220.2,78.7,116.9,40
2027-10-29 04:00:00,203.8,215.4,79.8,124.0,43
2027-10-29 05:00:00,207.5,214.6,80.8,126.7,58
2027-10-29 06:00:00,206.1,212.6,77.8,128.3,48
2027-10-29 07:00:00,201.6,208.4,78.9,122.7,49
2027-10-29 08:00:00,191.3,211.8,80.1,111.2,46
2027-10-29 09:00:00,203.2,204.2,79.4,123.8,44
2027-10-29 10:00:00,201.3,208.6,79.1,122.2,51
2027-10-29 11:00:00,203.3,209.0,80.0,123.3,46
2027-10-29 12:00:00,204.5,217.2,79.7,124.8,55
2027-10-29 13:00:00,209.3,213.0,80.2,129.1,49
2027-10-29 14:00:00,211.1,206.8,77.8,133.3,49
2027-10-29 15:00:00,205.0,198.4,83.9,121.1,47
2027-10-29 16:00:00,200.2,216.4,79.8,120.4,43
2027-10-29 17:00:00,195.4,217.2,81.5,113.9,49
2027-10-29 18:00:00,203.1,223.6,81.0,122.1,48
2027-10-29 19:00:00,204.5,204.6,80.6,123.9,53
2027-10-29 20:00:00,196.2,206.8,80.5,115.7,47
2027-10-29 21:00:00,208.2,222.8,81.9,126.3,40
2027-10-29 22:00:00,207.6,218.8,79.5,128.1,55
2027-10-29 23:00:00,211.4,210.0,80.2,131.2,54
2027-10-30 00:00:00,201.8,204.0,79.2,122.6,48
2027-10-30 01:00:00,200.2,209.6,79.7,120.5,45
2027-10-30 02:00:00,198.5,209.8,75.5,123.0,49
2027-10-30 03:00:00,209.2,197.2,81.2,128.0,50
2027-10-30 04:00:00,200.1,208.6,83.1,117.0,48
2027-10-30 05:00:00,198.8,211.8,76.1,122.7,47
2027-10-30 06:00:00,191.2,217.2,76.3,114.9,50
2027-10-30 07:00:00,200.9,219.0,81.6,119.3,59
2027-10-30 08:00:00,204.3,211.0,77.8,126.5,58
2027-10-30 09:00:00,205.5,213.6,78.4,127.1,47
2027-10-30 10:00:00,197.5,218.6,80.6,116.9,41
2027-10-30 11:00:00,201.4,202.6,79.0,122.4,49
2027-10-30 12:00:00,207.7,211.0,80.6,127.1,47
2027-10-30 13:00:00,193.2,206.4,75.7,117.5,40
2027-10-30 14:00:00,205.5,208.0,77.4,128.1,51
2027-10-30 15:00:00,203.9,213.4,80.2,123.7,57
2027-10-30 16:00:00,195.4,206.4,76.2,119.2,45
2027-10-30 17:00:00,194.7,207.2,81.0,113.7,42
2027-10-30 18:00:00,195.0,212.8,78.8,116.2,43
2027-10-30 19:00:00,213.3,217.0,83.3,130.0,53
2027-10-30 20:00:00,205.4,203.8,81.5,123.9,49
2027-10-30 21:00:00,212.7,210.4,82.1,130.6,53
2027-10-30 22:00:00,203.6,206.2,80.4,123.2,42
2027-10-30 23:00:00,196.7,219.0,81.1,115.6,41
2027-10-31 00:00:00,200.5,205.4,79.0,121.5,46
2027-10-31 01:00:00,212.2,207.2,83.6,128.6,46
2027-10-31 02:00:00,202.5,203.4,81.4,121.1,45
2027-10-31 03:00:00,202.8,215.8,84.7,118.1,41
2027-10-31 04:00:00,212.2,202.8,80.5,131.7,55
2027-10-31 05:00:00,202.3,202.6,80.9,121.4,43
2027-10-31 06:00:00,202.8,215.8,78.2,124.6,52
2027-10-31 07:00:00,202.2,201.6,76.7,125.5,54
2027-10-31 08:00:00,203.0,208.8,79.9,123.1,50
2027-10-31 09:00:00,200.1,201.6,81.4,118.7,49
2027-10-31 10:00:00,207.6,204.2,81.7,125.9,58
2027-10-31 11:00:00,201.3,197.0,76.0,125.3,56
2027-10-31 12:00:00,204.1,214.2,77.8,126.3,40
2027-10-31 13:00:00,205.0,202.8,79.8,125.2,47
2027-10-31 14:00:00,196.8,209.0,78.8,118.0,48
2027-10-31 15:00:00,191.3,219.8,74.9,116.4,46
2027-10-31 16:00:00,212.2,217.8,79.1,133.1,55
2027-10-31 17:00:00,195.9,212.6,79.4,116.5,41
2027-10-31 18:00:00,197.4,202.4,79.1,118.3,42
2027-10-31 19:00:00,201.5,196.2,81.6,119.9,51
2027-10-31 20:00:00,210.4,209.4,80.3,130.1,43
2027-10-31 21:00:00,194.8,209.6,79.7,115.1,40
2027-10-31 22:00:00,209.1,209.2,80.2,128.9,56
2027-10-31 23:00:00,209.9,212.2,81.5,128.4,52
2027-11-01 00:00:00,202.2,203.4,82.7,119.5,48
2027-11-01 01:00:00,208.8,204.6,75.8,133.0,59
2027-11-01 02:00:00,199.2,215.2,79.8,119.4,40
2027-11-01 03:00:00,201.2,211.4,80.0,121.2,42
2027-11-01 04:00:00,199.0,207.6,83.2,115.8,40
2027-11-01 05:00:00,203.7,206.6,79.0,124.7,51
2027-11-01 06:00:00,205.5,217.6,77.5,128.0,40
2027-11-01 07:00:00,207.4,205.2,79.7,127.7,55
2027-11-01 08:00:00,205.2,203.4,79.8,125.4,53
2027-11-01 09:00:00,209.0,209.8,78.5,130.5,48
2027-11-01 10:00:00,203.8,221.4,80.4,123.4,59
2027-11-01 11:00:00,211.7,216.6,83.4,128.3,58
2027-11-01 12:00:00,197.3,211.2,77.7,119.6,43
2027-11-01 13:00:00,198.9,212.6,79.5,119.4,57
2027-11-01 14:00:00,209.8,207.6,80.6,129.2,56
2027-11-01 15:00:00,194.7,216.2,77.8,116.9,42
2027-11-01 16:00:00,201.7,219.8,78.6,123.1,45
2027-11-01 17:00:00,201.0,219.6,77.5,123.5,48
2027-11-01 18:00:00,208.5,198.2,78.6,129.9,56
2027-11-01 19:00:00,192.1,208.2,76.6,115.5,46
2027-11-01 20:00:00,198.8,205.4,80.3,118.5,45
2027-11-01 21:00:00,214.9,210.6,82.9,132.0,52
2027-11-01 22:00:00,203.1,216.0,81.7,121.4,44
2027-11-01 23:00:00,194.6,201.8,72.1,122.5,45
2027-11-02 00:00:00,197.9,216.2,81.3,116.6,40
2027-11-02 01:00:00,197.8,207.0,78.3,119.5,44
2027-11-02 02:00:00,203.0,207.0,81.0,122.0,53
2027-11-02 03:00:00,207.0,211.0,78.6,128.4,57
2027-11-02 04:00:00,199.7,210.0,78.0,121.7,55
2027-11-02 05:00:00,196.2,213.4,80.0,116.2,46
2027-11-02 06:00:00,207.4,205.4,79.8,127.6,45
2027-11-02 07:00:00,198.8,198.8,80.4,118.4,42
2027-11-02 08:00:00,209.2,202.4,79.4,129.8,55
2027-11-02 09:00:00,204.8,207.2,79.0,125.8,51
2027-11-02 10:00:00,206.6,207.0,84.7,121.9,57
2027-11-02 11:00:00,200.9,217.6,80.2,120.7,53
2027-11-02 12:00:00,203.0,204.6,80.9,122.1,43
2027-11-02 13:00:00,219.2,202.4,81.8,137.4,58
2027-11-02 14:00:00,203.6,202.4,79.6,124.0,59
2027-11-02 15:00:00,201.4,208.2,80.8,120.6,51
2027-11-02 16:00:00,216.5,205.6,79.0,137.5,52
2027-11-02 17:00:00,206.7,200.6,83.9,122.8,48
2027-11-02 18:00:00,202.3,204.8,80.8,121.5,41
2027-11-02 19:00:00,199.0,204.4,76.7,122.3,47
2027-11-02 20:00:00,199.4,206.8,78.9,120.5,50
2027-11-02 21:00:00,209.1,204.2,78.9,130.2,58
2027-11-02 22:00:00,206.7,211.4,80.6,126.1,54
2027-11-02 23:00:00,195.9,212.4,77.0,118.9,41
2027-11-03 00:00:00,207.3,204.6,82.1,125.2,47
2027-11-03 01:00:00,205.0,207.8,77.8,127.2,56
2027-11-03 02:00:00,207.5,201.6,78.7,128.8,46
2027-11-03 03:00:00,206.0,198.4,77.5,128.5,48
2027-11-03 04:00:00,209.2,207.0,77.6,131.6,42
2027-11-03 05:00:00,199.1,196.6,80.4,118.7,45
2027-11-03 06:00:00,204.3,210.0,79.0,125.3,51
2027-11-03 07:00:00,194.2,203.0,79.6,114.6,40
2027-11-03 08:00:00,200.3,202.8,75.5,124.8,57
2027-11-03 09:00:00,204.6,197.8,79.8,124.8,56
2027-11-03 10:00:00,204.0,207.4,78.6,125.4,51
2027-11-03 11:00:00,199.8,210.0,82.3,117.5,50
2027-11-03 12:00:00,199.2,217.4,81.7,117.5,42
2027-11-03 13:00:00,214.5,205.0,83.7,130.8,59
2027-11-03 14:00:00,215.6,202.0,80.4,135.2,49
2027-11-03 15:00:00,204.6,211.0,77.4,127.2,51
2027-11-03 16:00:00,216.8,209.0,83.4,133.4,54
2027-11-03 17:00:00,203.1,214.8,79.1,124.0,52
2027-11-03 18:00:00,206.9,216.2,80.7,126.2,46
2027-11-03 19:00:00,209.6,219.0,80.6,129.0,51
2027-11-03 20:00:00,208.8,199.2,80.2,128.6,59
2027-11-03 21:00:00,206.5,210.0,74.9,131.6,58
2027-11-03 22:00:00,210.6,201.4,80.1,130.5,49
2027-11-03 23:00:00,205.1,209.8,80.0,125.1,45
2027-11-04 00:00:00,200.4,216.4,77.7,122.7,48
2027-11-04 01:00:00,217.8,220.0,82.7,135.1,58
2027-11-04 02:00:00,203.7,218.2,82.2,121.5,45
2027-11-04 03:00:00,219.8,208.2,80.4,139.4,59
2027-11-04 04:00:00,201.3,214.2,80.8,120.5,56
2027-11-04 05:00:00,199.8,215.2,80.6,119.2,45
2027-11-04 06:00:00,205.4,192.8,79.5,125.9,44
2027-11-04 07:00:00,208.9,209.0,84.4,124.5,42
2027-11-04 08:00:00,207.8,205.6,82.6,125.2,57
2027-11-04 09:00:00,204.1,211.2,81.1,123.0,45
2027-11-04 10:00:00,200.6,211.4,79.7,120.9,55
2027-11-04 11:00:00,196.4,205.2,81.6,114.8,41
2027-11-04 12:00:00,208.3,206.6,80.8,127.5,54
2027-11-04 13:00:00,204.1,211.0,78.2,125.9,46
2027-11-04 14:00:00,201.6,202.2,79.0,122.6,54
2027-11-04 15:00:00,195.8,217.6,79.1,116.7,51
2027-11-04 16:00:00,209.7,200.8,82.9,126.8,54
2027-11-04 17:00:00,210.7,202.4,79.8,130.9,59
2027-11-04 18:00:00,187.2,212.6,77.2,110.0,47
2027-11-04 19:00:00,208.7,201.6,77.5,131.2,57
2027-11-04 20:00:00,203.9,219.2,79.6,124.3,52
2027-11-04 21:00:00,202.4,202.8,76.7,125.7,56
2027-11-04 22:00:00,213.6,197.6,79.3,134.3,54
2027-11-04 23:00:00,195.1,215.6,80.0,115.1,41
2027-11-05 00:00:00,207.6,201.0,77.0,130.6,54
2027-11-05 01:00:00,215.5,208.8,81.3,134.2,55
2027-11-05 02:00:00,201.4,199.0,79.3,122.1,42
2027-11-05 03:00:00,197.8,207.2,81.1,116.7,54
2027-11-05 04:00:00,198.2,203.6,79.5,118.7,43
2027-11-05 05:00:00,203.4,204.6,77.3,126.1,53
2027-11-05 06:00:00,206.7,204.2,80.2,126.5,41
2027-11-05 07:00:00,212.5,204.2,81.6,130.9,58
2027-11-05 08:00:00,208.5,199.2,78.8,129.7,55
2027-11-05 09:00:00,219.6,212.0,78.9,140.7,55
2027-11-05 10:00:00,205.2,200.2,80.9,124.3,52
2027-11-05 11:00:00,207.3,210.8,77.4,129.9,59
2027-11-05 12:00:00,206.4,203.8,81.2,125.2,52
2027-11-05 13:00:00,203.1,203.0,82.3,120.8,52
2027-11-05 14:00:00,205.6,211.2,82.4,123.2,52
2027-11-05 15:00:00,196.5,206.4,81.0,115.5,55
2027-11-05 16:00:00,198.3,199.8,77.2,121.1,41
2027-11-05 17:00:00,197.1,206.2,79.4,117.7,43
2027-11-05 18:00:00,208.3,198.6,80.7,127.6,56
2027-11-05 19:00:00,209.8,205.8,84.0,125.8,47
2027-11-05 20:00:00,194.8,217.0,82.7,112.1,44
2027-11-05 21:00:00,199.1,200.6,79.1,120.0,49
2027-11-05 22:00:00,217.2,200.4,83.3,133.9,55
2027-11-05 23:00:00,202.6,213.8,79.8,122.8,57
2027-11-06 00:00:00,202.3,201.6,74.1,128.2,52
2027-11-06 01:00:00,209.2,214.2,79.3,129.9,55
2027-11-06 02:00:00,206.2,196.8,77.0,129.2,49
2027-11-06 03:00:00,202.8,209.8,81.6,121.2,43
2027-11-06 04:00:00,199.1,211.6,79.8,119.3,40
2027-11-06 05:00:00,200.6,207.0,78.7,121.9,43
2027-11-06 06:00:00,201.2,210.2,81.1,120.1,45
2027-11-06 07:00:00,213.7,195.6,78.0,135.7,54
2027-11-06 08:00:00,202.7,211.2,80.9,121.8,40
2027-11-06 09:00:00,200.5,195.2,78.7,121.8,54
2027-11-06 10:00:00,206.8,199.6,78.1,128.7,46
2027-11-06 11:00:00,201.8,210.4,81.9,119.9,56
2027-11-06 12:00:00,208.0,202.4,82.1,125.9,47
2027-11-06 13:00:00,193.7,204.8,78.8,114.9,47
2027-11-06 14:00:00,218.0,210.8,82.0,136.0,53
2027-11-06 15:00:00,197.7,208.2,80.0,117.7,44
2027-11-06 16:00:00,203.3,200.8,79.9,123.4,46
2027-11-06 17:00:00,198.3,213.8,79.3,119.0,42
2027-11-06 18:00:00,204.6,211.0,78.0,126.6,53
2027-11-06 19:00:00,192.2,208.2,79.5,112.7,49
2027-11-06 20:00:00,203.8,198.8,82.3,121.5,49
2027-11-06 21:00:00,207.5,216.8,80.5,127.0,41
2027-11-06 22:00:00,216.5,209.8,78.5,138.0,58
2027-11-06 23:00:00,192.1,200.2,77.5,114.6,42
2027-11-07 00:00:00,202.3,202.0,81.5,120.8,52
2027-11-07 01:00:00,199.7,206.6,76.0,123.7,49
2027-11-07 02:00:00,212.8,206.8,78.8,134.0,51
2027-11-07 03:00:00,212.9,208.4,81.3,131.6,53
2027-11-07 04:00:00,209.7,206.0,82.6,127.1,44
2027-11-07 05:00:00,200.2,199.4,80.1,120.1,44
2027-11-07 06:00:00,203.8,206.0,77.7,126.1,51
2027-11-07 07:00:00,208.2,212.6,77.1,131.1,59
2027-11-07 08:00:00,208.5,204.6,79.2,129.3,55
2027-11-07 09:00:00,206.6,207.4,78.6,128.0,55
2027-11-07 10:00:00,202.0,203.6,78.3,123.7,47
2027-11-07 11:00:00,201.8,209.2,78.5,123.3,45
2027-11-07 12:00:00,204.9,206.4,82.4,122.5,50
2027-11-07 13:00:00,203.2,206.2,78.7,124.5,59
2027-11-07 14:00:00,202.5,201.2,80.0,122.5,53
2027-11-07 15:00:00,213.1,205.0,78.7,134.4,51
2027-11-07 16:00:00,217.9,198.2,82.7,135.2,51
2027-11-07 17:00:00,204.3,206.4,80.5,123.8,50
2027-11-07 18:00:00,207.9,202.2,78.7,129.2,58
2027-11-07 19:00:00,204.6,200.0,78.9,125.7,44
2027-11-07 20:00:00,208.7,210.0,80.4,128.3,46
2027-11-07 21:00:00,207.1,201.8,77.4,129.7,53
2027-11-07 22:00:00,197.5,202.2,79.7,117.8,52
2027-11-07 23:00:00,208.8,204.6,79.6,129.2,48
2027-11-08 00:00:00,205.6,204.6,75.6,130.0,46
2027-11-08 01:00:00,196.7,207.6,78.2,118.5,40
2027-11-08 02:00:00,208.3,204.2,81.9,126.4,50
2027-11-08 03:00:00,200.6,209.2,78.8,121.8,41
2027-11-08 04:00:00,210.9,200.4,80.3,130.6,48
2027-11-08 05:00:00,206.5,201.4,80.6,125.9,56
2027-11-08 06:00:00,197.8,211.6,80.7,117.1,49
2027-11-08 07:00:00,195.8,199.4,82.2,113.6,41
2027-11-08 08:00:00,209.4,205.8,78.5,130.9,49
2027-11-08 09:00:00,217.6,200.4,81.3,136.3,54
2027-11-08 10:00:00,201.5,205.0,78.5,123.0,54
2027-11-08 11:00:00,200.7,201.4,79.6,121.1,57
2027-11-08 12:00:00,211.4,200.8,80.0,131.4,58
2027-11-08 13:00:00,199.7,216.2,78.1,121.6,47
2027-11-08 14:00:00,200.4,204.0,80.4,120.0,46
2027-11-08 15:00:00,209.9,191.4,82.1,127.8,54
2027-11-08 16:00:00,204.3,218.8,81.5,122.8,48
2027-11-08 17:00:00,196.4,213.2,80.3,116.1,47
2027-11-08 18:00:00,211.3,217.8,82.1,129.2,58
2027-11-08 19:00:00,204.2,212.2,79.2,125.0,51
2027-11-08 20:00:00,204.2,200.2,79.5,124.7,42
2027-11-08 21:00:00,208.8,209.0,80.8,128.0,57
2027-11-08 22:00:00,199.0,199.8,77.9,121.1,50
2027-11-08 23:00:00,210.0,211.0,80.6,129.4,53
2027-11-09 00:00:00,219.1,205.4,79.9,139.2,56
2027-11-09 01:00:00,209.9,199.0,81.9,128.0,58
2027-11-09 02:00:00,204.7,202.8,79.8,124.9,50
2027-11-09 03:00:00,195.1,212.2,79.6,115.5,47
2027-11-09 04:00:00,203.7,195.6,80.3,123.4,55
2027-11-09 05:00:00,195.0,204.0,76.9,118.1,44
2027-11-09 06:00:00,202.7,194.6,80.0,122.7,46
2027-11-09 07:00:00,197.0,203.6,77.1,119.9,43
2027-11-09 08:00:00,210.7,199.0,79.7,131.0,59
2027-11-09 09:00:00,210.2,200.2,80.6,129.6,59
2027-11-09 10:00:00,188.4,197.6,77.0,111.4,42
2027-11-09 11:00:00,198.6,200.6,78.4,120.2,53
2027-11-09 12:00:00,203.9,203.6,79.7,124.2,40
2027-11-09 13:00:00,209.1,196.2,83.8,125.3,53
2027-11-09 14:00:00,212.8,210.4,78.2,134.6,55
2027-11-09 15:00:00,207.8,204.0,82.6,125.2,47
2027-11-09 16:00:00,199.9,203.4,79.8,120.1,45
2027-11-09 17:00:00,209.2,201.0,78.4,130.8,55
2027-11-09 18:00:00,204.5,189.4,78.6,125.9,44
2027-11-09 19:00:00,202.4,199.2,81.0,121.4,48
2027-11-09 20:00:00,206.4,198.6,76.5,129.9,58
2027-11-09 21:00:00,190.3,203.4,77.6,112.7,45
2027-11-09 22:00:00,215.5,194.8,77.2,138.3,47
2027-11-09 23:00:00,207.6,214.2,78.3,129.3,55
2027-11-10 00:00:00,194.0,199.0,80.1,113.9,42
2027-11-10 01:00:00,205.2,198.8,79.3,125.9,51
2027-11-10 02:00:00,199.6,201.0,77.0,122.6,46
2027-11-10 03:00:00,196.2,216.6,77.3,118.9,50
2027-11-10 04:00:00,197.4,203.8,78.4,119.0,41
2027-11-10 05:00:00,200.4,203.2,83.6,116.8,40
2027-11-10 06:00:00,210.2,194.0,79.7,130.5,50
2027-11-10 07:00:00,208.6,209.0,79.0,129.6,57
2027-11-10 08:00:00,213.1,205.2,80.8,132.3,54
2027-11-10 09:00:00,189.4,201.8,79.2,110.2,42
2027-11-10 10:00:00,200.8,202.0,77.0,123.8,44
2027-11-10 11:00:00,205.1,216.0,80.0,125.1,47
2027-11-10 12:00:00,200.8,199.6,78.0,122.8,40
2027-11-10 13:00:00,200.1,202.6,80.8,119.3,46
2027-11-10 14:00:00,204.7,192.0,77.8,126.9,48
2027-11-10 15:00:00,202.6,200.8,78.9,123.7,44
2027-11-10 16:00:00,202.4,205.0,78.0,124.4,56
2027-11-10 17:00:00,205.2,203.2,80.1,125.1,48
2027-11-10 18:00:00,195.7,201.0,80.4,115.3,40
2027-11-10 19:00:00,204.3,199.6,81.4,122.9,43
2027-11-10 20:00:00,200.6,193.8,76.4,124.2,57
2027-11-10 21:00:00,203.2,203.4,82.3,120.9,43
2027-11-10 22:00:00,206.0,211.6,79.6,126.4,51
2027-11-10 23:00:00,209.5,205.2,80.3,129.2,52
2027-11-11 00:00:00,210.5,195.8,82.8,127.7,51
2027-11-11 01:00:00,207.7,204.4,81.4,126.3,40
2027-11-11 02:00:00,211.0,198.8,79.0,132.0,58
2027-11-11 03:00:00,215.1,198.6,82.4,132.7,59
2027-11-11 04:00:00,208.2,205.0,79.8,128.4,44
2027-11-11 05:00:00,203.9,199.0,78.4,125.5,46
2027-11-11 06:00:00,205.9,204.4,83.0,122.9,51
2027-11-11 07:00:00,203.9,208.2,82.0,121.9,56
2027-11-11 08:00:00,213.2,209.4,82.1,131.1,53
2027-11-11 09:00:00,206.7,198.4,80.4,126.3,46
2027-11-11 10:00:00,200.2,202.0,81.4,118.8,42
2027-11-11 11:00:00,197.4,197.8,81.2,116.2,47
2027-11-11 12:00:00,201.9,200.8,82.3,119.6,45
2027-11-11 13:00:00,199.7,202.4,77.4,122.3,50
2027-11-11 14:00:00,204.3,205.6,78.8,125.5,57
2027-11-11 15:00:00,209.2,210.4,80.7,128.5,57
2027-11-11 16:00:00,201.2,197.8,77.0,124.2,42
2027-11-11 17:00:00,207.5,201.0,79.6,127.9,57
2027-11-11 18:00:00,206.3,205.0,81.1,125.2,51
2027-11-11 19:00:00,202.2,202.8,80.5,121.7,49
2027-11-11 20:00:00,197.4,200.2,81.5,115.9,54
2027-11-11 21:00:00,200.7,214.2,81.0,119.7,44
2027-11-11 22:00:00,196.5,199.0,77.3,119.2,40
2027-11-11 23:00:00,211.4,207.8,79.8,131.6,59
2027-11-12 00:00:00,202.1,201.4,79.2,122.9,57
2027-11-12 01:00:00,212.7,200.2,80.6,132.1,48
2027-11-12 02:00:00,208.2,198.8,76.3,131.9,53
2027-11-12 03:00:00,203.2,202.6,78.8,124.4,42
2027-11-12 04:00:00,210.3,197.4,80.9,129.4,52
2027-11-12 05:00:00,207.9,211.4,82.3,125.6,50
2027-11-12 06:00:00,195.7,200.6,80.0,115.7,48
2027-11-12 07:00:00,209.1,210.6,81.8,127.3,44
2027-11-12 08:00:00,204.1,197.8,81.7,122.4,40
2027-11-12 09:00:00,191.0,193.2,77.2,113.8,52
2027-11-12 10:00:00,202.8,203.0,80.4,122.4,50
2027-11-12 11:00:00,215.4,204.2,81.9,133.5,57
2027-11-12 12:00:00,213.5,208.4,80.1,133.4,57
2027-11-12 13:00:00,203.1,200.8,82.3,120.8,53
2027-11-12 14:00:00,201.4,200.0,82.4,119.0,41
2027-11-12 15:00:00,203.6,197.8,80.1,123.5,43
2027-11-12 16:00:00,210.5,211.2,77.0,133.5,57
2027-11-12 17:00:00,216.8,202.2,79.7,137.1,50
2027-11-12 18:00:00,207.9,206.8,79.2,128.7,53
2027-11-12 19:00:00,201.9,197.8,79.3,122.6,45
2027-11-12 20:00:00,220.1,196.6,82.2,137.9,55
2027-11-12 21:00:00,203.0,206.2,80.0,123.0,43
2027-11-12 22:00:00,203.0,205.4,81.6,121.4,43
2027-11-12 23:00:00,206.3,193.4,78.4,127.9,45
2027-11-13 00:00:00,199.5,211.0,79.5,120.0,51
2027-11-13 01:00:00,212.0,194.8,82.8,129.2,53
2027-11-13 02:00:00,195.1,193.2,78.7,116.4,49
2027-11-13 03:00:00,218.9,213.2,83.5,135.4,56
2027-11-13 04:00:00,205.8,195.0,82.0,123.8,47
2027-11-13 05:00:00,212.7,202.0,80.3,132.4,48
2027-11-13 06:00:00,191.3,208.8,76.7,114.6,43
2027-11-13 07:00:00,211.4,199.2,77.4,134.0,58
2027-11-13 08:00:00,194.2,193.4,79.2,115.0,40
2027-11-13 09:00:00,201.2,203.2,78.5,122.7,43
2027-11-13 10:00:00,203.6,190.6,77.5,126.1,52
2027-11-13 11:00:00,206.7,203.2,77.4,129.3,59
2027-11-13 12:00:00,201.0,198.2,79.7,121.3,54
2027-11-13 13:00:00,201.6,203.4,80.9,120.7,48
2027-11-13 14:00:00,215.7,201.8,81.0,134.7,55
2027-11-13 15:00:00,208.4,197.4,79.6,128.8,59
2027-11-13 16:00:00,194.4,210.8,77.5,116.9,53
2027-11-13 17:00:00,214.2,197.4,79.4,134.8,56
2027-11-13 18:00:00,203.9,213.2,79.6,124.3,51
2027-11-13 19:00:00,206.0,209.4,79.7,126.3,58
2027-11-13 20:00:00,204.7,200.8,78.5,126.2,51
2027-11-13 21:00:00,211.3,199.4,78.5,132.8,54
2027-11-13 22:00:00,192.1,201.4,76.3,115.8,44
2027-11-13 23:00:00,213.2,200.6,80.9,132.3,54
2027-11-14 00:00:00,204.3,194.0,77.8,126.5,57
2027-11-14 01:00:00,207.9,202.6,80.5,127.4,43
2027-11-14 02:00:00,201.6,200.0,83.9,117.7,45
2027-11-14 03:00:00,214.4,207.4,81.4,133.0,59
2027-11-14 04:00:00,215.1,195.0,80.5,134.6,51
2027-11-14 05:00:00,205.4,198.0,81.7,123.7,50
2027-11-14 06:00:00,195.4,193.6,80.0,115.4,51
2027-11-14 07:00:00,200.6,189.6,74.5,126.1,47
2027-11-14 08:00:00,212.9,190.6,83.9,129.0,59
2027-11-14 09:00:00,199.6,209.6,79.1,120.5,49
2027-11-14 10:00:00,204.5,191.0,79.9,124.6,48
2027-11-14 11:00:00,214.3,199.8,83.1,131.2,57
2027-11-14 12:00:00,196.8,212.8,77.3,119.5,40
2027-11-14 13:00:00,200.5,202.2,80.7,119.8,42
2027-11-14 14:00:00,211.8,201.2,82.1,129.7,56
2027-11-14 15:00:00,209.7,197.4,80.3,129.4,58
2027-11-14 16:00:00,201.7,205.8,79.3,122.4,56
2027-11-14 17:00:00,209.5,212.8,78.4,131.1,51
2027-11-14 18:00:00,201.4,203.8,81.4,120.0,43
2027-11-14 19:00:00,204.8,191.4,80.5,124.3,41
2027-11-14 20:00:00,207.2,207.2,74.6,132.6,57
2027-11-14 21:00:00,203.3,187.4,78.7,124.6,50
2027-11-14 22:00:00,206.0,199.0,79.5,126.5,48
2027-11-14 23:00:00,202.1,206.6,80.9,121.2,45
2027-11-15 00:00:00,203.5,200.2,79.1,124.4,58
2027-11-15 01:00:00,202.8,195.8,83.3,119.5,52
2027-11-15 02:00:00,202.3,200.4,80.4,121.9,43
2027-11-15 03:00:00,200.6,203.6,82.0,118.6,47
2027-11-15 04:00:00,205.1,205.4,77.3,127.8,54
2027-11-15 05:00:00,195.1,201.4,78.6,116.5,44
2027-11-15 06:00:00,208.8,205.4,78.7,130.1,42
2027-11-15 07:00:00,212.3,196.0,78.1,134.2,52
2027-11-15 08:00:00,215.5,198.4,82.5,133.0,48
2027-11-15 09:00:00,201.9,209.8,79.9,122.0,41
2027-11-15 10:00:00,207.9,208.4,79.4,128.5,56
2027-11-15 11:00:00,211.0,185.2,80.4,130.6,58
2027-11-15 12:00:00,197.9,202.6,77.9,120.0,45
2027-11-15 13:00:00,190.7,201.2,76.1,114.6,57
2027-11-15 14:00:00,199.1,201.6,78.8,120.3,54
2027-11-15 15:00:00,200.1,206.2,77.6,122.5,46
2027-11-15 16:00:00,200.8,195.2,79.7,121.1,49
2027-11-15 17:00:00,197.9,201.6,80.9,117.0,46
2027-11-15 18:00:00,201.9,193.4,81.9,120.0,41
2027-11-15 19:00:00,214.8,201.8,83.5,131.3,51
2027-11-15 20:00:00,196.6,203.2,75.5,121.1,58
2027-11-15 21:00:00,203.4,197.0,79.6,123.8,58
2027-11-15 22:00:00,207.2,194.2,77.6,129.6,58
2027-11-15 23:00:00,201.3,202.6,80.2,121.1,44
2027-11-16 00:00:00,213.0,205.0,77.5,135.5,59
2027-11-16 01:00:00,194.6,197.2,77.6,117.0,44
2027-11-16 02:00:00,201.4,192.0,81.7,119.7,44
2027-11-16 03:00:00,202.5,197.8,81.2,121.3,48
2027-11-16 04:00:00,207.0,199.2,81.8,125.2,42
2027-11-16 05:00:00,207.0,205.8,82.9,124.1,44
2027-11-16 06:00:00,207.7,213.4,76.6,131.1,53
2027-11-16 07:00:00,212.3,198.4,82.0,130.3,52
2027-11-16 08:00:00,212.9,204.0,79.8,133.1,59
2027-11-16 09:00:00,202.3,207.2,80.6,121.7,55
2027-11-16 10:00:00,210.7,200.4,81.1,129.6,45
2027-11-16 11:00:00,203.1,197.2,79.9,123.2,49
2027-11-16 12:00:00,207.6,204.6,78.7,128.9,47
2027-11-16 13:00:00,215.4,196.8,82.1,133.3,51
2027-11-16 14:00:00,217.5,198.6,79.6,137.9,58
2027-11-16 15:00:00,215.4,198.0,81.7,133.7,54
2027-11-16 16:00:00,209.0,202.6,79.6,129.4,45
2027-11-16 17:00:00,214.6,208.2,78.3,136.3,50
2027-11-16 18:00:00,201.4,200.8,81.1,120.3,43
2027-11-16 19:00:00,212.1,212.2,82.5,129.6,54
2027-11-16 20:00:00,213.2,202.2,82.7,130.5,48
2027-11-16 21:00:00,204.6,197.2,81.9,122.7,55
2027-11-16 22:00:00,195.3,194.8,79.3,116.0,45
2027-11-16 23:00:00,200.5,201.4,79.6,120.9,45
2027-11-17 00:00:00,202.9,195.4,80.1,122.8,44
2027-11-17 01:00:00,197.3,200.6,75.7,121.6,51
2027-11-17 02:00:00,211.0,208.0,78.4,132.6,55
2027-11-17 03:00:00,205.6,193.0,78.5,127.1,51
2027-11-17 04:00:00,208.7,202.6,79.8,128.9,43
2027-11-17 05:00:00,203.6,184.6,78.1,125.5,52
2027-11-17 06:00:00,192.8,199.0,80.0,112.8,40
2027-11-17 07:00:00,214.3,192.8,82.8,131.5,58
2027-11-17 08:00:00,203.1,195.2,81.5,121.6,45
2027-11-17 09:00:00,208.4,196.6,77.4,131.0,47
2027-11-17 10:00:00,206.1,209.6,80.8,125.3,46
2027-11-17 11:00:00,204.1,201.0,81.9,122.2,42
2027-11-17 12:00:00,205.4,192.2,81.0,124.4,47
2027-11-17 13:00:00,201.6,198.2,80.4,121.2,46
2027-11-17 14:00:00,207.2,190.2,82.5,124.7,57
2027-11-17 15:00:00,205.5,203.4,78.7,126.8,44
2027-11-17 16:00:00,197.4,205.0,81.8,115.6,40
2027-11-17 17:00:00,206.6,190.2,79.8,126.8,57
2027-11-17 18:00:00,207.7,210.8,80.0,127.7,44
2027-11-17 19:00:00,212.9,201.2,81.3,131.6,57
2027-11-17 20:00:00,204.3,204.2,82.3,122.0,50
2027-11-17 21:00:00,202.1,200.6,77.4,124.7,50
2027-11-17 22:00:00,204.6,208.4,80.1,124.5,48
2027-11-17 23:00:00,213.0,212.0,80.3,132.7,59
2027-11-18 00:00:00,209.1,195.4,76.4,132.7,45
2027-11-18 01:00:00,203.3,201.6,79.3,124.0,41
2027-11-18 02:00:00,201.1,203.8,78.1,123.0,50
2027-11-18 03:00:00,206.6,201.2,82.8,123.8,52
2027-11-18 04:00:00,202.3,198.4,78.6,123.7,55
2027-11-18 05:00:00,209.1,200.2,83.3,125.8,58
2027-11-18 06:00:00,206.1,191.4,80.4,125.7,55
2027-11-18 07:00:00,207.5,191.6,77.5,130.0,48
2027-11-18 08:00:00,204.1,195.2,80.9,123.2,57
2027-11-18 09:00:00,199.7,202.8,79.6,120.1,46
2027-11-18 10:00:00,207.1,196.2,81.0,126.1,56
2027-11-18 11:00:00,204.3,199.4,78.9,125.4,46
2027-11-18 12:00:00,195.7,206.4,80.1,115.6,48
2027-11-18 13:00:00,197.5,192.6,83.3,114.2,42
2027-11-18 14:00:00,211.2,203.2,80.6,130.6,58
2027-11-18 15:00:00,215.5,190.8,81.7,133.8,43
2027-11-18 16:00:00,195.7,197.2,79.3,116.4,43
2027-11-18 17:00:00,210.5,192.4,80.2,130.3,51
2027-11-18 18:00:00,205.2,206.0,79.7,125.5,56
2027-11-18 19:00:00,210.8,197.8,83.3,127.5,55
2027-11-18 20:00:00,202.5,201.0,79.0,123.5,54
2027-11-18 21:00:00,209.0,187.0,79.1,129.9,57
2027-11-18 22:00:00,198.7,195.2,81.7,117.0,43
2027-11-18 23:00:00,216.8,186.0,80.4,136.4,51
2027-11-19 00:00:00,205.6,202.8,80.2,125.4,47
2027-11-19 01:00:00,209.4,203.8,80.7,128.7,49
2027-11-19 02:00:00,201.4,203.4,77.2,124.2,51
2027-11-19 03:00:00,216.2,193.8,83.8,132.4,59
2027-11-19 04:00:00,206.6,196.0,81.6,125.0,46
2027-11-19 05:00:00,201.7,195.0,77.8,123.9,52
2027-11-19 06:00:00,209.1,193.6,80.1,129.0,54
2027-11-19 07:00:00,207.6,201.2,84.5,123.1,46
2027-11-19 08:00:00,202.0,194.2,81.9,120.1,41
2027-11-19 09:00:00,202.1,201.4,78.4,123.7,45
2027-11-19 10:00:00,211.0,200.6,81.9,129.1,48
2027-11-19 11:00:00,210.6,200.8,83.0,127.6,49
2027-11-19 12:00:00,209.4,206.2,81.3,128.1,58
2027-11-19 13:00:00,207.4,199.4,77.8,129.6,52
2027-11-19 14:00:00,196.7,199.6,79.7,117.0,46
2027-11-19 15:00:00,203.8,194.2,79.5,124.3,46
2027-11-19 16:00:00,200.5,196.0,79.3,121.2,43
2027-11-19 17:00:00,213.2,198.0,81.7,131.5,59
2027-11-19 18:00:00,195.6,192.8,81.1,114.5,51
2027-11-19 19:00:00,196.4,192.4,79.1,117.3,51
2027-11-19 20:00:00,205.7,196.2,80.2,125.5,48
2027-11-19 21:00:00,212.6,208.4,80.6,132.0,58
2027-11-19 22:00:00,203.9,187.8,78.7,125.2,52
2027-11-19 23:00:00,212.0,184.2,79.4,132.6,59
2027-11-20 00:00:00,191.7,197.8,75.6,116.1,58
2027-11-20 01:00:00,196.3,197.8,77.4,118.9,44
2027-11-20 02:00:00,196.8,203.0,78.5,118.3,53
2027-11-20 03:00:00,208.4,201.2,78.7,129.7,59
2027-11-20 04:00:00,209.0,205.0,82.0,127.0,47
2027-11-20 05:00:00,197.8,197.4,76.4,121.4,48
2027-11-20 06:00:00,198.7,202.2,79.3,119.4,43
2027-11-20 07:00:00,216.7,205.4,82.5,134.2,57
2027-11-20 08:00:00,202.3,199.2,80.6,121.7,55
2027-11-20 09:00:00,200.9,197.6,79.0,121.9,49
2027-11-20 10:00:00,200.2,196.0,80.2,120.0,46
2027-11-20 11:00:00,200.7,197.0,81.3,119.4,44
2027-11-20 12:00:00,207.3,195.2,79.8,127.5,48
2027-11-20 13:00:00,208.6,190.2,79.8,128.8,47
2027-11-20 14:00:00,198.1,204.4,77.1,121.0,50
2027-11-20 15:00:00,200.3,198.8,79.9,120.4,46
2027-11-20 16:00:00,202.3,205.0,79.8,122.5,52
2027-11-20 17:00:00,197.3,195.8,76.3,121.0,48
2027-11-20 18:00:00,209.9,198.6,83.2,126.7,42
2027-11-20 19:00:00,201.8,187.2,81.1,120.7,42
2027-11-20 20:00:00,211.1,204.0,78.4,132.7,58
2027-11-20 21:00:00,201.1,201.2,81.2,119.9,47
2027-11-20 22:00:00,209.4,197.2,82.0,127.4,56
2027-11-20 23:00:00,208.0,199.4,79.0,129.0,58
2027-11-21 00:00:00,209.0,207.6,80.5,128.5,55
2027-11-21 01:00:00,206.7,206.6,83.6,123.1,45
2027-11-21 02:00:00,201.1,196.4,77.8,123.3,43
2027-11-21 03:00:00,213.4,193.2,81.1,132.3,50
2027-11-21 04:00:00,206.9,211.0,82.1,124.8,48
2027-11-21 05:00:00,205.3,201.2,79.7,125.6,46
2027-11-21 06:00:00,212.7,210.0,81.5,131.2,56
2027-11-21 07:00:00,200.9,186.2,77.6,123.3,52
2027-11-21 08:00:00,209.4,197.8,84.2,125.2,40
2027-11-21 09:00:00,204.7,195.2,78.7,126.0,48
2027-11-21 10:00:00,196.2,192.2,81.2,115.0,45
2027-11-21 11:00:00,197.4,201.2,79.2,118.2,42
2027-11-21 12:00:00,198.0,195.8,78.2,119.8,46
2027-11-21 13:00:00,200.3,193.8,81.6,118.7,40
2027-11-21 14:00:00,199.5,193.4,79.7,119.8,45
2027-11-21 15:00:00,199.4,193.8,81.5,117.9,43
2027-11-21 16:00:00,203.9,211.0,79.2,124.7,51
2027-11-21 17:00:00,214.3,187.4,80.3,134.0,59
2027-11-21 18:00:00,196.3,197.8,81.5,114.8,41
2027-11-21 19:00:00,199.5,186.4,80.2,119.3,50
2027-11-21 20:00:00,207.1,203.2,81.4,125.7,48
2027-11-21 21:00:00,211.8,194.8,80.3,131.5,54
2027-11-21 22:00:00,204.9,209.6,80.9,124.0,45
2027-11-21 23:00:00,202.4,200.2,82.9,119.5,45
2027-11-22 00:00:00,208.0,192.8,80.7,127.3,57
2027-11-22 01:00:00,209.3,192.2,81.2,128.1,52
2027-11-22 02:00:00,200.4,194.0,80.4,120.0,51
2027-11-22 03:00:00,199.8,206.0,76.2,123.6,50
2027-11-22 04:00:00,203.1,201.8,78.8,124.3,52
2027-11-22 05:00:00,198.7,184.0,75.9,122.8,46
2027-11-22 06:00:00,192.5,200.4,79.0,113.5,46
2027-11-22 07:00:00,206.9,195.6,78.9,128.0,41
2027-11-22 08:00:00,204.1,206.6,78.6,125.5,59
2027-11-22 09:00:00,207.4,197.2,82.7,124.7,45
2027-11-22 10:00:00,194.1,188.4,79.8,114.3,40
2027-11-22 11:00:00,202.6,212.8,83.7,118.9,40
2027-11-22 12:00:00,209.3,196.4,80.4,128.9,58
2027-11-22 13:00:00,212.5,188.6,81.8,130.7,54
2027-11-22 14:00:00,208.0,191.6,80.0,128.0,58
2027-11-22 15:00:00,209.2,203.8,77.7,131.5,59
2027-11-22 16:00:00,199.5,206.0,80.2,119.3,47
2027-11-22 17:00:00,210.6,196.2,82.3,128.3,49
2027-11-22 18:00:00,205.2,205.2,84.1,121.1,48
2027-11-22 19:00:00,207.4,201.4,84.5,122.9,47
2027-11-22 20:00:00,207.7,204.6,76.3,131.4,54
2027-11-22 21:00:00,211.2,195.0,82.4,128.8,51
2027-11-22 22:00:00,209.5,194.0,81.9,127.6,47
2027-11-22 23:00:00,209.8,197.8,80.8,129.0,58
2027-11-23 00:00:00,208.1,186.0,79.1,129.0,59
2027-11-23 01:00:00,200.1,187.2,77.9,122.2,44
2027-11-23 02:00:00,199.5,193.0,76.7,122.8,47
2027-11-23 03:00:00,209.9,193.8,78.6,131.3,49
2027-11-23 04:00:00,210.1,195.4,82.0,128.1,52
2027-11-23 05:00:00,212.4,205.8,80.1,132.3,59
2027-11-23 06:00:00,209.9,181.0,80.8,129.1,55
2027-11-23 07:00:00,201.1,199.8,77.8,123.3,49
2027-11-23 08:00:00,208.2,200.4,79.1,129.1,47
2027-11-23 09:00:00,219.9,197.6,81.5,138.4,53
2027-11-23 10:00:00,201.4,206.0,78.5,122.9,40
2027-11-23 11:00:00,197.4,201.4,80.4,117.0,41
2027-11-23 12:00:00,210.3,201.6,81.2,129.1,54
2027-11-23 13:00:00,203.1,197.4,78.0,125.1,40
2027-11-23 14:00:00,191.8,208.6,77.8,114.0,46
2027-11-23 15:00:00,208.3,198.0,79.7,128.6,55
2027-11-23 16:00:00,200.6,203.8,78.4,122.2,46
2027-11-23 17:00:00,195.4,206.2,77.6,117.8,41
2027-11-23 18:00:00,200.4,201.4,77.1,123.3,56
2027-11-23 19:00:00,204.0,193.4,80.4,123.6,45
2027-11-23 20:00:00,209.7,190.0,79.3,130.4,55
2027-11-23 21:00:00,198.1,185.6,78.0,120.1,41
2027-11-23 22:00:00,205.0,194.2,77.5,127.5,54
2027-11-23 23:00:00,214.2,188.4,80.6,133.6,48
2027-11-24 00:00:00,207.0,194.2,80.7,126.3,55
2027-11-24 01:00:00,201.0,200.4,81.6,119.4,43
2027-11-24 02:00:00,190.3,190.2,77.4,112.9,55
2027-11-24 03:00:00,204.0,183.6,82.8,121.2,45
2027-11-24 04:00:00,206.8,198.0,84.7,122.1,47
2027-11-24 05:00:00,208.3,204.8,79.4,128.9,53
2027-11-24 06:00:00,200.0,196.0,81.4,118.6,43
2027-11-24 07:00:00,205.2,197.8,79.7,125.5,58
2027-11-24 08:00:00,203.4,201.6,79.1,124.3,56
2027-11-24 09:00:00,195.9,198.0,79.3,116.6,41
2027-11-24 10:00:00,207.2,189.4,80.6,126.6,47
2027-11-24 11:00:00,205.9,197.8,79.8,126.1,59
2027-11-24 12:00:00,199.6,196.4,77.7,121.9,50
2027-11-24 13:00:00,215.0,201.0,81.5,133.5,57
2027-11-24 14:00:00,199.8,201.6,79.2,120.6,55
2027-11-24 15:00:00,191.4,196.0,79.0,112.4,40
2027-11-24 16:00:00,198.0,198.0,76.2,121.8,56
2027-11-24 17:00:00,207.8,190.8,84.1,123.7,44
2027-11-24 18:00:00,209.3,197.4,84.1,125.2,54
2027-11-24 19:00:00,210.0,198.8,81.9,128.1,54
2027-11-24 20:00:00,197.9,185.4,79.7,118.2,44
2027-11-24 21:00:00,203.3,194.8,81.3,122.0,43
2027-11-24 22:00:00,211.3,183.8,80.0,131.3,52
2027-11-24 23:00:00,199.9,185.4,80.2,119.7,41
2027-11-25 00:00:00,190.3,198.8,82.8,107.5,42
2027-11-25 01:00:00,207.3,194.8,80.3,127.0,52
2027-11-25 02:00:00,217.6,205.8,83.9,133.7,53
2027-11-25 03:00:00,199.5,194.2,78.6,120.9,49
2027-11-25 04:00:00,208.7,195.8,77.3,131.4,52
2027-11-25 05:00:00,212.9,201.4,80.2,132.7,53
2027-11-25 06:00:00,205.3,191.2,80.9,124.4,51
2027-11-25 07:00:00,203.7,198.8,79.3,124.4,48
2027-11-25 08:00:00,208.9,214.2,83.4,125.5,46
2027-11-25 09:00:00,205.0,177.0,82.6,122.4,52
2027-11-25 10:00:00,197.5,198.0,80.3,117.2,46
2027-11-25 11:00:00,211.6,187.6,78.6,133.0,59
2027-11-25 12:00:00,199.7,198.8,81.9,117.8,46
2027-11-25 13:00:00,202.7,195.4,78.7,124.0,55
2027-11-25 14:00:00,204.2,197.0,79.2,125.0,53
2027-11-25 15:00:00,201.4,192.4,77.5,123.9,57
2027-11-25 16:00:00,197.8,187.2,76.0,121.8,55
2027-11-25 17:00:00,199.6,193.4,80.4,119.2,54
2027-11-25 18:00:00,207.8,193.4,82.7,125.1,56
2027-11-25 19:00:00,199.7,196.6,78.6,121.1,43
2027-11-25 20:00:00,213.3,193.2,83.0,130.3,58
2027-11-25 21:00:00,208.8,203.6,78.4,130.4,57
2027-11-25 22:00:00,201.5,191.8,79.0,122.5,48
2027-11-25 23:00:00,214.2,201.8,82.1,132.1,54
2027-11-26 00:00:00,210.1,190.6,78.9,131.2,59
2027-11-26 01:00:00,198.9,182.8,78.5,120.4,51
2027-11-26 02:00:00,202.9,197.2,80.4,122.5,54
2027-11-26 03:00:00,208.5,188.6,81.5,127.0,52
2027-11-26 04:00:00,198.0,187.0,77.9,120.1,42
2027-11-26 05:00:00,197.5,203.6,75.5,122.0,41
2027-11-26 06:00:00,193.1,201.8,77.7,115.4,46
2027-11-26 07:00:00,210.8,195.0,82.2,128.6,56
2027-11-26 08:00:00,206.1,193.0,79.3,126.8,44
2027-11-26 09:00:00,203.6,190.2,83.6,120.0,51
2027-11-26 10:00:00,202.8,199.0,81.3,121.5,42
2027-11-26 11:00:00,200.4,194.2,81.3,119.1,41
2027-11-26 12:00:00,203.4,194.6,78.0,125.4,50
2027-11-26 13:00:00,200.6,187.6,80.1,120.5,42
2027-11-26 14:00:00,195.7,194.0,76.3,119.4,46
2027-11-26 15:00:00,214.1,186.0,80.7,133.4,50
2027-11-26 16:00:00,206.7,194.6,76.3,130.4,47
2027-11-26 17:00:00,193.2,202.6,79.4,113.8,41
2027-11-26 18:00:00,194.9,200.8,77.6,117.3,42
2027-11-26 19:00:00,204.5,198.0,78.3,126.2,44
2027-11-26 20:00:00,199.1,199.8,79.6,119.5,47
2027-11-26 21:00:00,193.3,189.0,77.1,116.2,48
2027-11-26 22:00:00,198.9,190.6,79.4,119.5,45
2027-11-26 23:00:00,199.7,185.2,77.2,122.5,41
2027-11-27 00:00:00,212.0,190.8,78.8,133.2,54
2027-11-27 01:00:00,194.9,197.8,78.2,116.7,43
2027-11-27 02:00:00,207.8,174.2,78.0,129.8,59
2027-11-27 03:00:00,204.2,191.4,79.6,124.6,50
2027-11-27 04:00:00,201.7,192.4,84.4,117.3,43
2027-11-27 05:00:00,201.2,197.2,80.6,120.6,59
2027-11-27 06:00:00,204.2,199.4,80.0,124.2,43
2027-11-27 07:00:00,197.2,187.0,79.3,117.9,40
2027-11-27 08:00:00,206.6,184.0,76.3,130.3,58
2027-11-27 09:00:00,198.0,193.8,80.5,117.5,47
2027-11-27 10:00:00,213.5,197.8,80.7,132.8,51
2027-11-27 11:00:00,206.6,190.0,77.0,129.6,46
2027-11-27 12:00:00,199.5,200.6,77.5,122.0,49
2027-11-27 13:00:00,211.0,186.8,82.0,129.0,45
2027-11-27 14:00:00,199.3,193.2,79.0,120.3,58
2027-11-27 15:00:00,199.7,191.4,82.2,117.5,43
2027-11-27 16:00:00,188.1,202.2,79.0,109.1,44
2027-11-27 17:00:00,208.6,182.6,80.4,128.2,51
2027-11-27 18:00:00,209.4,196.2,79.9,129.5,56
2027-11-27 19:00:00,200.7,192.8,76.9,123.8,51
2027-11-27 20:00:00,205.9,186.6,81.3,124.6,50
2027-11-27 21:00:00,201.3,201.2,75.1,126.2,52
2027-11-27 22:00:00,202.9,186.4,84.0,118.9,41
2027-11-27 23:00:00,212.7,199.2,78.9,133.8,58
2027-11-28 00:00:00,201.0,190.4,77.2,123.8,51
2027-11-28 01:00:00,205.7,190.4,80.4,125.3,57
2027-11-28 02:00:00,197.1,188.2,82.4,114.7,50
2027-11-28 03:00:00,206.1,191.4,82.6,123.5,41
2027-11-28 04:00:00,203.7,196.8,75.4,128.3,58
2027-11-28 05:00:00,200.5,190.6,80.1,120.4,42
2027-11-28 06:00:00,206.2,192.0,79.8,126.4,40
2027-11-28 07:00:00,197.8,189.4,81.3,116.5,40
2027-11-28 08:00:00,218.3,199.2,80.0,138.3,44
2027-11-28 09:00:00,207.7,183.8,79.2,128.5,52
2027-11-28 10:00:00,205.3,197.8,76.7,128.6,41
2027-11-28 11:00:00,202.1,201.4,83.4,118.7,42
2027-11-28 12:00:00,207.9,192.0,81.0,126.9,52
2027-11-28 13:00:00,203.9,194.6,77.1,126.8,55
2027-11-28 14:00:00,196.6,195.2,78.1,118.5,49
2027-11-28 15:00:00,214.6,197.2,79.1,135.5,58
2027-11-28 16:00:00,209.2,198.4,81.0,128.2,41
2027-11-28 17:00:00,209.0,182.2,78.4,130.6,54
2027-11-28 18:00:00,210.6,190.8,77.1,133.5,49
2027-11-28 19:00:00,210.7,188.6,82.8,127.9,44
2027-11-28 20:00:00,203.3,197.6,78.7,124.6,47
2027-11-28 21:00:00,205.8,187.8,82.7,123.1,45
2027-11-28 22:00:00,207.8,195.2,82.3,125.5,48
2027-11-28 23:00:00,201.8,192.8,77.7,124.1,45
2027-11-29 00:00:00,207.8,189.6,76.8,131.0,53
2027-11-29 01:00:00,205.3,193.0,77.2,128.1,44
2027-11-29 02:00:00,210.1,201.6,82.7,127.4,51
2027-11-29 03:00:00,194.8,196.6,77.3,117.5,50
2027-11-29 04:00:00,207.8,184.2,78.3,129.5,58
2027-11-29 05:00:00,212.1,189.8,81.7,130.4,45
2027-11-29 06:00:00,209.5,180.4,79.9,129.6,52
2027-11-29 07:00:00,199.5,196.2,77.7,121.8,51
2027-11-29 08:00:00,205.0,184.8,77.3,127.7,53
2027-11-29 09:00:00,201.9,189.8,81.9,120.0,46
2027-11-29 10:00:00,202.1,188.0,81.0,121.1,55
2027-11-29 11:00:00,212.6,198.6,84.1,128.5,51
2027-11-29 12:00:00,196.5,191.2,81.2,115.3,48
2027-11-29 13:00:00,207.7,192.8,81.2,126.5,45
2027-11-29 14:00:00,195.6,178.6,79.3,116.3,40
2027-11-29 15:00:00,203.7,202.6,78.9,124.8,45
2027-11-29 16:00:00,209.6,184.8,81.8,127.8,46
2027-11-29 17:00:00,209.4,191.4,82.6,126.8,55
2027-11-29 18:00:00,203.2,195.8,80.7,122.5,51
2027-11-29 19:00:00,197.1,191.6,81.9,115.2,42
2027-11-29 20:00:00,210.4,192.2,81.5,128.9,52
2027-11-29 21:00:00,208.3,187.8,78.6,129.7,58
2027-11-29 22:00:00,206.6,196.4,79.7,126.9,51
2027-11-29 23:00:00,206.3,189.0,83.1,123.2,57
2027-11-30 00:00:00,201.8,184.8,81.2,120.6,40
2027-11-30 01:00:00,197.0,186.2,79.5,117.5,40
2027-11-30 02:00:00,198.1,190.4,77.3,120.8,49
2027-11-30 03:00:00,189.7,204.4,83.1,106.6,43
2027-11-30 04:00:00,193.5,188.2,78.9,114.6,46
2027-11-30 05:00:00,207.3,191.8,81.4,125.9,56
2027-11-30 06:00:00,196.7,196.8,77.1,119.6,50
2027-11-30 07:00:00,197.0,179.6,78.0,119.0,46
2027-11-30 08:00:00,201.4,184.2,81.4,120.0,47
2027-11-30 09:00:00,201.5,190.4,79.9,121.6,59
2027-11-30 10:00:00,206.1,198.8,76.7,129.4,54
2027-11-30 11:00:00,201.3,193.2,81.9,119.4,48
2027-11-30 12:00:00,199.4,190.2,81.6,117.8,43
2027-11-30 13:00:00,198.8,201.4,84.1,114.7,47
2027-11-30 14:00:00,204.0,186.8,81.7,122.3,45
2027-11-30 15:00:00,203.0,189.6,78.9,124.1,44
2027-11-30 16:00:00,209.8,192.0,80.8,129.0,45
2027-11-30 17:00:00,204.2,185.4,79.2,125.0,52
2027-11-30 18:00:00,211.1,196.2,82.4,128.7,55
2027-11-30 19:00:00,205.1,191.4,81.0,124.1,55
2027-11-30 20:00:00,196.4,194.4,81.5,114.9,40
2027-11-30 21:00:00,211.7,198.2,82.0,129.7,59
2027-11-30 22:00:00,207.9,186.2,77.2,130.7,49
2027-11-30 23:00:00,205.6,183.2,81.0,124.6,44
2027-12-01 00:00:00,220.9,198.6,81.0,139.9,53
2027-12-01 01:00:00,203.2,186.6,80.5,122.7,42
2027-12-01 02:00:00,208.4,194.4,82.9,125.5,48
2027-12-01 03:00:00,194.8,182.8,76.9,117.9,48
2027-12-01 04:00:00,202.7,180.6,78.9,123.8,52
2027-12-01 05:00:00,200.7,192.2,78.0,122.7,46
2027-12-01 06:00:00,197.8,174.8,78.5,119.3,53
2027-12-01 07:00:00,204.3,189.6,84.1,120.2,50
2027-12-01 08:00:00,208.8,187.6,81.5,127.3,42
2027-12-01 09:00:00,203.5,200.4,78.4,125.1,54
2027-12-01 10:00:00,208.9,179.6,80.8,128.1,52
2027-12-01 11:00:00,208.7,179.0,78.7,130.0,59
2027-12-01 12:00:00,206.0,196.2,77.7,128.3,48
2027-12-01 13:00:00,213.0,195.4,83.1,129.9,52
2027-12-01 14:00:00,210.1,182.4,78.8,131.3,57
2027-12-01 15:00:00,210.7,194.4,81.1,129.6,53
2027-12-01 16:00:00,206.2,192.0,78.8,127.4,55
2027-12-01 17:00:00,207.4,193.6,81.2,126.2,42
2027-12-01 18:00:00,191.0,178.0,77.7,113.3,42
2027-12-01 19:00:00,204.2,186.8,82.6,121.6,44
2027-12-01 20:00:00,203.0,188.6,81.6,121.4,56
2027-12-01 21:00:00,207.4,199.0,81.7,125.7,55
2027-12-01 22:00:00,220.2,185.8,80.1,140.1,58
2027-12-01 23:00:00,208.8,192.6,77.7,131.1,59
2027-12-02 00:00:00,192.1,189.4,76.9,115.2,41
2027-12-02 01:00:00,212.4,191.8,79.5,132.9,57
2027-12-02 02:00:00,224.0,186.6,82.0,142.0,59
2027-12-02 03:00:00,200.3,192.0,80.7,119.6,44
2027-12-02 04:00:00,205.1,190.0,76.1,129.0,57
2027-12-02 05:00:00,199.3,185.6,80.1,119.2,40
2027-12-02 06:00:00,200.2,194.8,81.8,118.4,40
2027-12-02 07:00:00,202.6,194.8,82.0,120.6,43
2027-12-02 08:00:00,215.0,188.6,80.9,134.1,55
2027-12-02 09:00:00,204.1,189.4,79.4,124.7,44
2027-12-02 10:00:00,206.7,191.8,84.3,122.4,46
2027-12-02 11:00:00,204.9,191.4,80.9,124.0,49
2027-12-02 12:00:00,210.4,184.0,78.7,131.7,55
2027-12-02 13:00:00,198.3,187.8,76.9,121.4,53
2027-12-02 14:00:00,198.4,189.8,80.3,118.1,44
2027-12-02 15:00:00,206.8,179.8,77.8,129.0,51
2027-12-02 16:00:00,204.2,183.6,80.7,123.5,54
2027-12-02 17:00:00,196.4,181.2,77.1,119.3,53
2027-12-02 18:00:00,211.8,189.4,77.1,134.7,56
2027-12-02 19:00:00,210.2,199.6,85.3,124.9,52
2027-12-02 20:00:00,209.2,183.4,80.0,129.2,51
2027-12-02 21:00:00,207.1,192.8,77.8,129.3,57
2027-12-02 22:00:00,194.1,193.6,80.9,113.2,45
2027-12-02 23:00:00,207.4,196.2,79.2,128.2,44
2027-12-03 00:00:00,207.0,187.6,83.9,123.1,48
2027-12-03 01:00:00,208.3,194.6,81.2,127.1,51
2027-12-03 02:00:00,199.6,196.2,75.7,123.9,42
2027-12-03 03:00:00,200.0,192.6,80.1,119.9,47
2027-12-03 04:00:00,197.6,202.2,78.6,119.0,42
2027-12-03 05:00:00,211.8,189.0,83.9,127.9,56
2027-12-03 06:00:00,198.1,193.4,80.1,118.0,48
2027-12-03 07:00:00,214.5,194.8,83.0,131.5,54
2027-12-03 08:00:00,209.4,197.0,82.3,127.1,54
2027-12-03 09:00:00,200.4,183.2,78.5,121.9,45
2027-12-03 10:00:00,207.2,188.4,81.3,125.9,48
2027-12-03 11:00:00,207.8,184.8,81.2,126.6,55
2027-12-03 12:00:00,202.6,193.6,78.0,124.6,53
2027-12-03 13:00:00,199.4,193.0,77.5,121.9,41
2027-12-03 14:00:00,201.3,198.8,86.1,115.2,42
2027-12-03 15:00:00,194.1,187.4,78.8,115.3,44
2027-12-03 16:00:00,203.8,193.6,77.9,125.9,46
2027-12-03 17:00:00,211.3,179.4,81.5,129.8,54
2027-12-03 18:00:00,199.1,184.2,78.5,120.6,57
2027-12-03 19:00:00,197.6,183.8,80.2,117.4,44
2027-12-03 20:00:00,199.7,190.6,81.0,118.7,44
2027-12-03 21:00:00,198.5,188.0,78.1,120.4,59
2027-12-03 22:00:00,212.5,195.8,80.1,132.4,48
2027-12-03 23:00:00,201.0,185.6,78.2,122.8,50
2027-12-04 00:00:00,198.3,188.2,80.3,118.0,41
2027-12-04 01:00:00,205.4,184.4,80.1,125.3,47
2027-12-04 02:00:00,210.0,190.6,85.2,124.8,40
2027-12-04 03:00:00,211.8,206.8,81.9,129.9,46
2027-12-04 04:00:00,204.7,190.4,80.9,123.8,43
2027-12-04 05:00:00,213.0,191.4,84.4,128.6,53
2027-12-04 06:00:00,213.0,196.0,82.4,130.6,50
2027-12-04 07:00:00,206.1,189.2,81.9,124.2,42
2027-12-04 08:00:00,201.4,190.2,80.0,121.4,47
2027-12-04 09:00:00,209.2,194.8,83.7,125.5,52
2027-12-04 10:00:00,211.7,185.8,81.7,130.0,55
2027-12-04 11:00:00,211.7,193.2,85.0,126.7,46
2027-12-04 12:00:00,209.4,190.6,79.8,129.6,48
2027-12-04 13:00:00,202.1,198.0,79.5,122.6,48
2027-12-04 14:00:00,204.6,197.2,77.4,127.2,51
2027-12-04 15:00:00,202.5,184.2,82.0,120.5,50
2027-12-04 16:00:00,208.2,190.2,79.5,128.7,55
2027-12-04 17:00:00,199.4,201.8,78.3,121.1,42
2027-12-04 18:00:00,200.7,194.4,78.9,121.8,45
2027-12-04 19:00:00,204.4,186.8,78.8,125.6,48
2027-12-04 20:00:00,215.9,190.6,81.1,134.8,52
2027-12-04 21:00:00,210.9,187.6,80.1,130.8,56
2027-12-04 22:00:00,209.8,194.4,79.2,130.6,52
2027-12-04 23:00:00,216.5,200.8,81.5,135.0,57
2027-12-05 00:00:00,199.7,189.0,83.3,116.4,45
2027-12-05 01:00:00,206.2,182.0,80.3,125.9,57
2027-12-05 02:00:00,207.2,185.6,79.4,127.8,57
2027-12-05 03:00:00,193.9,174.8,76.3,117.6,42
2027-12-05 04:00:00,206.4,189.4,76.4,130.0,55
2027-12-05 05:00:00,207.9,189.8,79.3,128.6,47
2027-12-05 06:00:00,208.9,189.6,80.9,128.0,55
2027-12-05 07:00:00,204.7,193.6,78.9,125.8,42
2027-12-05 08:00:00,206.0,196.6,79.5,126.5,40
2027-12-05 09:00:00,209.7,201.4,79.2,130.5,45
2027-12-05 10:00:00,212.5,196.6,83.4,129.1,58
2027-12-05 11:00:00,198.7,184.4,79.6,119.1,50
2027-12-05 12:00:00,194.8,184.0,83.3,111.5,42
2027-12-05 13:00:00,201.4,201.0,81.0,120.4,45
2027-12-05 14:00:00,206.3,189.8,81.4,124.9,59
2027-12-05 15:00:00,201.9,193.4,77.2,124.7,55
2027-12-05 16:00:00,213.8,201.0,79.1,134.7,51
2027-12-05 17:00:00,203.2,193.2,76.6,126.6,47
2027-12-05 18:00:00,201.6,187.8,77.7,123.9,48
2027-12-05 19:00:00,197.7,187.4,79.3,118.4,43
2027-12-05 20:00:00,209.9,201.4,80.3,129.6,49
2027-12-05 21:00:00,203.0,194.8,77.9,125.1,52
2027-12-05 22:00:00,196.4,195.0,76.2,120.2,40
2027-12-05 23:00:00,205.3,191.4,81.7,123.6,56
2027-12-06 00:00:00,207.6,189.8,79.8,127.8,57
2027-12-06 01:00:00,210.1,201.4,85.5,124.6,50
2027-12-06 02:00:00,208.1,188.4,78.1,130.0,47
2027-12-06 03:00:00,200.6,188.8,78.5,122.1,49
2027-12-06 04:00:00,201.6,183.0,79.1,122.5,46
2027-12-06 05:00:00,205.8,177.4,80.8,125.0,59
2027-12-06 06:00:00,216.1,193.0,79.4,136.7,53
2027-12-06 07:00:00,204.1,195.6,80.5,123.6,46
2027-12-06 08:00:00,194.5,192.6,79.7,114.8,42
2027-12-06 09:00:00,203.3,182.2,78.1,125.2,46
2027-12-06 10:00:00,208.8,187.6,79.8,129.0,54
2027-12-06 11:00:00,208.5,187.2,78.0,130.5,56
2027-12-06 12:00:00,205.3,171.0,79.6,125.7,59
2027-12-06 13:00:00,205.2,190.0,77.4,127.8,45
2027-12-06 14:00:00,191.0,190.2,77.2,113.8,52
2027-12-06 15:00:00,206.6,188.8,83.0,123.6,40
2027-12-06 16:00:00,207.8,198.6,80.3,127.5,57
2027-12-06 17:00:00,206.0,189.2,83.2,122.8,43
2027-12-06 18:00:00,204.6,189.2,80.4,124.2,55
2027-12-06 19:00:00,218.8,198.6,81.8,137.0,52
2027-12-06 20:00:00,209.9,181.8,81.2,128.7,57
2027-12-06 21:00:00,199.1,183.0,82.1,117.0,53
2027-12-06 22:00:00,197.8,183.0,81.7,116.1,45
2027-12-06 23:00:00,201.3,196.8,82.7,118.6,40
2027-12-07 00:00:00,212.4,201.0,80.2,132.2,59
2027-12-07 01:00:00,197.9,191.2,79.1,118.8,51
2027-12-07 02:00:00,216.3,194.2,79.5,136.8,47
2027-12-07 03:00:00,204.3,190.8,82.5,121.8,43
2027-12-07 04:00:00,209.7,198.8,76.9,132.8,48
2027-12-07 05:00:00,211.7,179.0,78.7,133.0,59
2027-12-07 06:00:00,194.6,199.4,78.0,116.6,42
2027-12-07 07:00:00,204.6,186.4,81.3,123.3,47
2027-12-07 08:00:00,208.5,194.0,82.4,126.1,57
2027-12-07 09:00:00,217.0,194.2,78.7,138.3,58
2027-12-07 10:00:00,202.9,191.4,78.3,124.6,49
2027-12-07 11:00:00,198.5,185.0,82.3,116.2,45
2027-12-07 12:00:00,199.8,188.0,83.1,116.7,46
2027-12-07 13:00:00,206.7,183.4,82.0,124.7,49
2027-12-07 14:00:00,207.9,196.2,82.1,125.8,58
2027-12-07 15:00:00,207.6,194.6,81.8,125.8,41
2027-12-07 16:00:00,200.0,187.0,76.9,123.1,48
2027-12-07 17:00:00,197.5,194.0,79.4,118.1,42
2027-12-07 18:00:00,222.0,181.6,81.3,140.7,55
2027-12-07 19:00:00,198.1,192.4,78.8,119.3,40
2027-12-07 20:00:00,211.8,189.6,78.0,133.8,55
2027-12-07 21:00:00,223.8,188.4,83.0,140.8,58
2027-12-07 22:00:00,203.8,191.8,80.4,123.4,49
2027-12-07 23:00:00,207.0,190.8,80.6,126.4,57
2027-12-08 00:00:00,203.4,188.0,79.9,123.5,56
2027-12-08 01:00:00,207.6,171.4,81.6,126.0,41
2027-12-08 02:00:00,212.0,191.6,80.2,131.8,56
2027-12-08 03:00:00,191.5,195.6,79.0,112.5,40
2027-12-08 04:00:00,212.2,189.6,81.5,130.7,58
2027-12-08 05:00:00,216.4,193.4,81.9,134.5,49
2027-12-08 06:00:00,199.1,188.0,79.7,119.4,55
2027-12-08 07:00:00,190.5,187.8,76.5,114.0,48
2027-12-08 08:00:00,209.6,188.8,77.9,131.7,54
2027-12-08 09:00:00,212.5,188.2,77.9,134.6,57
2027-12-08 10:00:00,191.8,189.8,79.9,111.9,40
2027-12-08 11:00:00,207.7,203.4,79.0,128.7,57
2027-12-08 12:00:00,202.1,197.0,78.6,123.5,43
2027-12-08 13:00:00,195.3,197.6,80.0,115.3,41
2027-12-08 14:00:00,195.8,186.4,76.4,119.4,41
2027-12-08 15:00:00,202.1,191.2,78.1,124.0,46
2027-12-08 16:00:00,196.9,187.2,81.6,115.3,42
2027-12-08 17:00:00,214.5,189.2,81.9,132.6,59
2027-12-08 18:00:00,206.3,188.6,82.2,124.1,47
2027-12-08 19:00:00,203.5,190.2,80.4,123.1,48
2027-12-08 20:00:00,196.9,195.8,80.9,116.0,46
2027-12-08 21:00:00,206.8,182.0,79.9,126.9,49
2027-12-08 22:00:00,204.6,184.0,79.2,125.4,51
2027-12-08 23:00:00,207.4,195.4,75.0,132.4,56
2027-12-09 00:00:00,214.5,180.6,83.3,131.2,50
2027-12-09 01:00:00,192.3,183.4,80.8,111.5,40
2027-12-09 02:00:00,206.4,190.0,78.5,127.9,56
2027-12-09 03:00:00,208.7,180.4,76.2,132.5,58
2027-12-09 04:00:00,202.4,184.4,78.6,123.8,41
2027-12-09 05:00:00,207.6,195.4,79.7,127.9,56
2027-12-09 06:00:00,204.2,192.0,83.6,120.6,45
2027-12-09 07:00:00,202.4,194.0,78.6,123.8,44
2027-12-09 08:00:00,203.3,178.8,80.6,122.7,56
2027-12-09 09:00:00,195.6,181.4,83.0,112.6,45
2027-12-09 10:00:00,201.7,197.8,84.4,117.3,42
2027-12-09 11:00:00,200.4,176.6,79.0,121.4,52
2027-12-09 12:00:00,195.8,189.6,78.2,117.6,53
2027-12-09 13:00:00,206.6,181.8,78.7,127.9,48
2027-12-09 14:00:00,197.2,190.6,79.2,118.0,51
2027-12-09 15:00:00,204.5,185.0,77.9,126.6,51
2027-12-09 16:00:00,199.3,193.4,78.6,120.7,40
2027-12-09 17:00:00,208.9,192.4,83.6,125.3,47
2027-12-09 18:00:00,197.6,192.4,80.5,117.1,49
2027-12-09 19:00:00,206.7,197.0,82.3,124.4,53
2027-12-09 20:00:00,206.6,196.2,77.9,128.7,58
2027-12-09 21:00:00,208.6,184.2,81.6,127.0,51
2027-12-09 22:00:00,209.9,187.6,81.5,128.4,52
2027-12-09 23:00:00,200.9,190.2,80.0,120.9,47
2027-12-10 00:00:00,206.1,193.8,78.9,127.2,50
2027-12-10 01:00:00,198.9,183.0,78.2,120.7,57
2027-12-10 02:00:00,206.9,193.0,81.4,125.5,52
2027-12-10 03:00:00,202.1,194.0,79.9,122.2,49
2027-12-10 04:00:00,219.0,190.0,78.5,140.5,58
2027-12-10 05:00:00,203.2,191.2,80.8,122.4,58
2027-12-10 06:00:00,198.9,197.2,82.0,116.9,42
2027-12-10 07:00:00,196.8,189.2,77.9,118.9,49
2027-12-10 08:00:00,210.3,193.0,83.1,127.2,52
2027-12-10 09:00:00,208.1,186.8,78.1,130.0,54
2027-12-10 10:00:00,209.6,188.8,81.1,128.5,53
2027-12-10 11:00:00,214.7,191.8,80.8,133.9,55
2027-12-10 12:00:00,196.2,192.8,79.2,117.0,40
2027-12-10 13:00:00,200.5,185.0,76.0,124.5,50
2027-12-10 14:00:00,209.6,192.4,84.5,125.1,56
2027-12-10 15:00:00,207.8,183.8,81.3,126.5,53
2027-12-10 16:00:00,197.1,194.8,78.1,119.0,55
2027-12-10 17:00:00,197.7,178.4,76.7,121.0,43
2027-12-10 18:00:00,199.6,194.2,76.3,123.3,40
2027-12-10 19:00:00,216.0,183.6,80.3,135.7,59
2027-12-10 20:00:00,203.1,188.8,77.6,125.5,45
2027-12-10 21:00:00,207.2,195.4,80.8,126.4,58
2027-12-10 22:00:00,198.8,195.2,79.5,119.3,58
2027-12-10 23:00:00,204.1,190.0,79.4,124.7,55
2027-12-11 00:00:00,206.7,183.8,81.3,125.4,51
2027-12-11 01:00:00,202.2,192.6,79.6,122.6,51
2027-12-11 02:00:00,189.5,185.0,75.1,114.4,41
2027-12-11 03:00:00,199.1,193.4,74.2,124.9,56
2027-12-11 04:00:00,215.6,191.0,83.8,131.8,54
2027-12-11 05:00:00,203.3,183.0,82.4,120.9,44
2027-12-11 06:00:00,209.5,180.8,79.4,130.1,54
2027-12-11 07:00:00,214.9,181.0,78.9,136.0,59
2027-12-11 08:00:00,193.1,192.8,81.9,111.2,42
2027-12-11 09:00:00,203.4,191.2,80.5,122.9,51
2027-12-11 10:00:00,193.2,184.4,78.3,114.9,58
2027-12-11 11:00:00,204.8,194.8,78.6,126.2,42
2027-12-11 12:00:00,208.1,181.4,77.8,130.3,52
2027-12-11 13:00:00,210.6,181.8,78.8,131.8,53
2027-12-11 14:00:00,207.3,183.4,78.0,129.3,45
2027-12-11 15:00:00,206.2,194.8,82.5,123.7,52
2027-12-11 16:00:00,208.1,192.6,82.8,125.3,55
2027-12-11 17:00:00,209.9,183.8,80.1,129.8,57
2027-12-11 18:00:00,209.1,182.0,81.0,128.1,48
2027-12-11 19:00:00,210.8,180.0,82.5,128.3,54
2027-12-11 20:00:00,208.5,185.2,81.1,127.4,55
2027-12-11 21:00:00,202.1,193.8,77.5,124.6,43
2027-12-11 22:00:00,199.8,186.0,76.7,123.1,52
2027-12-11 23:00:00,214.0,188.2,82.3,131.7,54
2027-12-12 00:00:00,199.4,193.0,78.1,121.3,58
2027-12-12 01:00:00,201.6,186.4,77.8,123.8,57
2027-12-12 02:00:00,196.8,202.8,82.3,114.5,40
2027-12-12 03:00:00,202.4,191.6,75.5,126.9,56
2027-12-12 04:00:00,210.5,197.4,83.0,127.5,49
2027-12-12 05:00:00,209.1,184.8,78.1,131.0,59
2027-12-12 06:00:00,205.8,186.4,79.5,126.3,47
2027-12-12 07:00:00,210.3,190.2,82.4,127.9,44
2027-12-12 08:00:00,202.7,186.0,77.3,125.4,57
2027-12-12 09:00:00,213.1,193.4,75.5,137.6,57
2027-12-12 10:00:00,206.0,178.6,79.1,126.9,48
2027-12-12 11:00:00,204.8,189.8,78.8,126.0,52
2027-12-12 12:00:00,204.6,197.4,80.4,124.2,46
2027-12-12 13:00:00,199.9,191.8,81.2,118.7,45
2027-12-12 14:00:00,200.6,184.0,77.2,123.4,47
2027-12-12 15:00:00,189.4,194.0,78.9,110.5,40
2027-12-12 16:00:00,200.4,187.6,78.5,121.9,56
2027-12-12 17:00:00,209.7,187.2,78.1,131.6,56
2027-12-12 18:00:00,207.1,179.6,79.9,127.2,54
2027-12-12 19:00:00,201.9,179.2,80.0,121.9,44
2027-12-12 20:00:00,203.4,183.0,82.7,120.7,47
2027-12-12 21:00:00,210.5,191.2,82.5,128.0,52
2027-12-12 22:00:00,192.8,195.6,80.7,112.1,42
2027-12-12 23:00:00,208.9,183.4,78.6,130.3,58
2027-12-13 00:00:00,207.5,188.0,78.8,128.7,50
2027-12-13 01:00:00,201.5,186.2,78.2,123.3,58
2027-12-13 02:00:00,216.1,186.0,81.0,135.1,58
2027-12-13 03:00:00,206.3,191.6,81.1,125.2,55
2027-12-13 04:00:00,196.1,201.6,78.5,117.6,44
2027-12-13 05:00:00,208.4,186.0,79.1,129.3,57
2027-12-13 06:00:00,218.9,182.0,79.4,139.5,56
2027-12-13 07:00:00,211.4,174.8,79.8,131.6,56
2027-12-13 08:00:00,200.2,189.6,79.5,120.7,46
2027-12-13 09:00:00,208.0,184.4,76.3,131.7,56
2027-12-13 10:00:00,205.8,181.8,81.2,124.6,46
2027-12-13 11:00:00,205.3,183.2,79.7,125.6,54
2027-12-13 12:00:00,211.5,182.2,78.2,133.3,57
2027-12-13 13:00:00,206.5,180.8,79.3,127.2,53
2027-12-13 14:00:00,199.5,197.4,78.9,120.6,50
2027-12-13 15:00:00,199.6,190.8,79.3,120.3,56
2027-12-13 16:00:00,199.8,183.6,79.1,120.7,44
2027-12-13 17:00:00,205.7,186.2,80.7,125.0,48
2027-12-13 18:00:00,208.3,184.6,78.4,129.9,59
2027-12-13 19:00:00,202.0,186.4,80.1,121.9,44
2027-12-13 20:00:00,204.9,178.0,80.9,124.0,43
2027-12-13 21:00:00,191.9,190.6,77.2,114.7,42
2027-12-13 22:00:00,208.8,180.0,79.9,128.9,54
2027-12-13 23:00:00,193.1,183.6,77.8,115.3,42
2027-12-14 00:00:00,199.9,182.2,82.4,117.5,49
2027-12-14 01:00:00,194.8,187.4,79.1,115.7,44
2027-12-14 02:00:00,199.4,176.4,76.0,123.4,41
2027-12-14 03:00:00,200.7,179.8,77.9,122.8,45
2027-12-14 04:00:00,197.3,179.0,78.2,119.1,49
2027-12-14 05:00:00,205.5,196.0,80.6,124.9,46
2027-12-14 06:00:00,196.1,184.6,78.4,117.7,40
2027-12-14 07:00:00,199.5,188.0,79.9,119.6,46
2027-12-14 08:00:00,208.2,196.2,79.4,128.8,52
2027-12-14 09:00:00,199.4,186.8,80.8,118.6,46
2027-12-14 10:00:00,201.8,182.6,82.3,119.5,50
2027-12-14 11:00:00,189.6,188.0,78.9,110.7,41
2027-12-14 12:00:00,203.6,178.8,80.9,122.7,57
2027-12-14 13:00:00,190.2,197.4,76.9,113.3,40
2027-12-14 14:00:00,210.9,184.0,79.8,131.1,56
2027-12-14 15:00:00,206.0,184.0,79.0,127.0,59
2027-12-14 16:00:00,218.2,189.6,80.7,137.5,55
2027-12-14 17:00:00,205.1,179.4,83.5,121.6,54
2027-12-14 18:00:00,190.7,181.0,78.4,112.3,42
2027-12-14 19:00:00,205.0,189.0,80.7,124.3,56
2027-12-14 20:00:00,218.1,180.2,82.9,135.2,58
2027-12-14 21:00:00,208.2,188.0,79.1,129.1,43
2027-12-14 22:00:00,203.4,188.4,79.2,124.2,48
2027-12-14 23:00:00,202.7,187.8,79.2,123.5,43
2027-12-15 00:00:00,199.1,185.0,78.9,120.2,48
2027-12-15 01:00:00,207.9,193.0,80.1,127.8,44
2027-12-15 02:00:00,207.3,180.0,80.9,126.4,49
2027-12-15 03:00:00,216.7,189.8,82.7,134.0,58
2027-12-15 04:00:00,206.6,185.8,82.0,124.6,41
2027-12-15 05:00:00,200.8,195.8,80.9,119.9,42
2027-12-15 06:00:00,218.6,181.4,79.5,139.1,55
2027-12-15 07:00:00,196.7,187.0,78.0,118.7,48
2027-12-15 08:00:00,207.9,176.6,79.6,128.3,49
2027-12-15 09:00:00,208.1,193.8,82.2,125.9,54
2027-12-15 10:00:00,200.2,186.6,79.2,121.0,43
2027-12-15 11:00:00,201.2,179.2,78.8,122.4,58
2027-12-15 12:00:00,215.7,185.8,83.9,131.8,45
2027-12-15 13:00:00,201.8,185.4,81.9,119.9,43
2027-12-15 14:00:00,201.8,180.4,81.7,120.1,55
2027-12-15 15:00:00,204.2,177.2,81.6,122.6,47
2027-12-15 16:00:00,206.3,169.6,76.1,130.2,50
2027-12-15 17:00:00,205.4,181.4,80.0,125.4,46
2027-12-15 18:00:00,199.3,185.2,78.5,120.8,42
2027-12-15 19:00:00,205.2,189.2,80.5,124.7,41
2027-12-15 20:00:00,203.5,179.2,81.3,122.2,45
2027-12-15 21:00:00,203.0,191.2,80.6,122.4,51
2027-12-15 22:00:00,199.1,177.8,80.4,118.7,45
2027-12-15 23:00:00,209.0,181.0,79.2,129.8,52
2027-12-16 00:00:00,207.5,180.0,78.0,129.5,59
2027-12-16 01:00:00,207.4,186.4,79.6,127.8,52
2027-12-16 02:00:00,204.5,186.6,77.3,127.2,51
2027-12-16 03:00:00,208.6,187.4,80.4,128.2,51
2027-12-16 04:00:00,212.8,185.6,80.0,132.8,52
2027-12-16 05:00:00,209.3,177.8,81.0,128.3,50
2027-12-16 06:00:00,215.0,193.8,80.0,135.0,49
2027-12-16 07:00:00,209.9,180.6,79.0,130.9,55
2027-12-16 08:00:00,199.7,177.2,80.0,119.7,55
2027-12-16 09:00:00,202.2,190.4,83.1,119.1,43
2027-12-16 10:00:00,211.6,199.6,79.6,132.0,40
2027-12-16 11:00:00,197.4,184.8,79.8,117.6,50
2027-12-16 12:00:00,208.8,189.6,81.5,127.3,44
2027-12-16 13:00:00,203.0,182.4,79.0,124.0,43
2027-12-16 14:00:00,206.2,179.2,81.9,124.3,42
2027-12-16 15:00:00,192.0,181.0,78.0,114.0,47
2027-12-16 16:00:00,212.5,191.4,83.9,128.6,55
2027-12-16 17:00:00,200.8,182.2,80.0,120.8,53
2027-12-16 18:00:00,197.7,183.2,78.1,119.6,59
2027-12-16 19:00:00,209.3,191.2,82.4,126.9,40
2027-12-16 20:00:00,199.1,190.0,86.5,112.6,45
2027-12-16 21:00:00,211.2,180.8,81.2,130.0,55
2027-12-16 22:00:00,206.4,186.4,77.5,128.9,50
2027-12-16 23:00:00,204.8,190.8,79.3,125.5,42
2027-12-17 00:00:00,205.6,188.6,84.3,121.3,42
2027-12-17 01:00:00,200.1,190.2,81.3,118.8,48
2027-12-17 02:00:00,200.7,184.2,81.4,119.3,45
2027-12-17 03:00:00,206.6,182.4,81.8,124.8,40
2027-12-17 04:00:00,210.3,186.0,81.5,128.8,58
2027-12-17 05:00:00,208.0,187.4,82.9,125.1,45
2027-12-17 06:00:00,197.8,186.2,80.5,117.3,41
2027-12-17 07:00:00,200.4,189.8,79.6,120.8,47
2027-12-17 08:00:00,210.4,188.2,79.7,130.7,42
2027-12-17 09:00:00,204.9,184.8,82.4,122.5,51
2027-12-17 10:00:00,204.9,191.0,77.4,127.5,57
2027-12-17 11:00:00,205.5,188.6,81.2,124.3,57
2027-12-17 12:00:00,213.1,188.0,85.0,128.1,54
2027-12-17 13:00:00,203.1,182.4,78.2,124.9,43
2027-12-17 14:00:00,203.5,189.6,79.3,124.2,42
2027-12-17 15:00:00,198.8,184.0,76.8,122.0,55
2027-12-17 16:00:00,206.1,181.6,77.2,128.9,59
2027-12-17 17:00:00,221.0,176.8,80.5,140.5,55
2027-12-17 18:00:00,208.3,192.4,80.4,127.9,49
2027-12-17 19:00:00,200.0,183.2,80.1,119.9,49
2027-12-17 20:00:00,196.2,185.2,77.3,118.9,53
2027-12-17 21:00:00,205.9,190.0,79.8,126.1,51
2027-12-17 22:00:00,190.9,176.2,79.0,111.9,44
2027-12-17 23:00:00,217.2,194.8,78.1,139.1,56
2027-12-18 00:00:00,198.9,185.8,75.0,123.9,51
2027-12-18 01:00:00,201.4,185.6,85.3,116.1,46
2027-12-18 02:00:00,212.5,190.2,82.2,130.3,44
2027-12-18 03:00:00,207.2,179.6,81.2,126.0,46
2027-12-18 04:00:00,197.4,173.6,78.8,118.6,55
2027-12-18 05:00:00,214.2,185.0,80.9,133.3,41
2027-12-18 06:00:00,205.5,201.8,83.8,121.7,45
2027-12-18 07:00:00,194.7,182.8,81.6,113.1,42
2027-12-18 08:00:00,198.8,193.8,80.7,118.1,41
2027-12-18 09:00:00,201.5,183.2,84.6,116.9,42
2027-12-18 10:00:00,204.3,185.0,79.0,125.3,56
2027-12-18 11:00:00,218.9,179.8,81.5,137.4,59
2027-12-18 12:00:00,210.9,180.2,79.1,131.8,59
2027-12-18 13:00:00,209.9,187.0,79.1,130.8,50
2027-12-18 14:00:00,196.9,180.0,78.4,118.5,49
2027-12-18 15:00:00,209.2,190.4,79.4,129.8,52
2027-12-18 16:00:00,221.1,190.2,81.8,139.3,58
2027-12-18 17:00:00,206.6,182.0,82.1,124.5,52
2027-12-18 18:00:00,201.2,183.4,78.9,122.3,49
2027-12-18 19:00:00,207.3,190.6,78.0,129.3,52
2027-12-18 20:00:00,204.2,185.6,83.4,120.8,40
2027-12-18 21:00:00,211.1,189.4,80.7,130.4,54
2027-12-18 22:00:00,196.6,180.6,80.2,116.4,43
2027-12-18 23:00:00,207.1,181.6,79.0,128.1,53
2027-12-19 00:00:00,193.2,175.4,80.8,112.4,45
2027-12-19 01:00:00,210.8,192.4,80.9,129.9,52
2027-12-19 02:00:00,209.9,181.2,82.1,127.8,55
2027-12-19 03:00:00,201.7,193.8,82.0,119.7,49
2027-12-19 04:00:00,201.1,185.2,79.3,121.8,50
2027-12-19 05:00:00,209.6,183.4,80.7,128.9,56
2027-12-19 06:00:00,197.4,181.0,82.6,114.8,55
2027-12-19 07:00:00,207.9,185.6,79.9,128.0,44
2027-12-19 08:00:00,208.9,172.8,76.8,132.1,58
2027-12-19 09:00:00,210.2,181.2,81.9,128.3,56
2027-12-19 10:00:00,205.5,193.0,79.8,125.7,57
2027-12-19 11:00:00,210.0,174.2,79.5,130.5,56
2027-12-19 12:00:00,213.4,189.2,80.3,133.1,57
2027-12-19 13:00:00,210.2,171.6,80.8,129.4,58
2027-12-19 14:00:00,203.9,187.4,79.4,124.5,45
2027-12-19 15:00:00,197.4,179.8,82.6,114.8,42
2027-12-19 16:00:00,196.0,179.6,78.7,117.3,49
2027-12-19 17:00:00,205.9,196.4,79.7,126.2,49
2027-12-19 18:00:00,198.4,190.4,77.6,120.8,42
2027-12-19 19:00:00,211.1,175.2,82.8,128.3,41
2027-12-19 20:00:00,196.9,184.4,78.6,118.3,46
2027-12-19 21:00:00,204.5,193.8,80.9,123.6,42
2027-12-19 22:00:00,202.6,178.2,82.1,120.5,40
2027-12-19 23:00:00,209.3,179.8,80.2,129.1,56
2027-12-20 00:00:00,206.1,185.0,79.0,127.1,44
2027-12-20 01:00:00,200.0,184.6,81.4,118.6,41
2027-12-20 02:00:00,204.5,177.4,78.9,125.6,52
2027-12-20 03:00:00,197.4,191.6,78.5,118.9,42
2027-12-20 04:00:00,194.1,180.0,76.6,117.5,57
2027-12-20 05:00:00,203.6,182.4,78.5,125.1,48
2027-12-20 06:00:00,204.0,184.0,77.9,126.1,54
2027-12-20 07:00:00,218.5,178.8,81.4,137.1,51
2027-12-20 08:00:00,208.4,182.0,79.8,128.6,43
2027-12-20 09:00:00,208.4,184.0,79.5,128.9,43
2027-12-20 10:00:00,208.4,186.2,81.1,127.3,53
2027-12-20 11:00:00,207.9,186.2,80.5,127.4,51
2027-12-20 12:00:00,197.5,179.0,79.3,118.2,46
2027-12-20 13:00:00,202.5,175.4,83.5,119.0,52
2027-12-20 14:00:00,206.7,173.2,80.8,125.9,54
2027-12-20 15:00:00,211.5,188.0,80.0,131.5,57
2027-12-20 16:00:00,206.4,193.8,77.7,128.7,56
2027-12-20 17:00:00,204.4,179.2,79.1,125.3,47
2027-12-20 18:00:00,202.4,184.0,80.7,121.7,56
2027-12-20 19:00:00,200.6,180.8,76.0,124.6,51
2027-12-20 20:00:00,208.4,197.8,78.3,130.1,41
2027-12-20 21:00:00,206.2,182.2,77.8,128.4,52
2027-12-20 22:00:00,206.1,191.2,81.8,124.3,51
2027-12-20 23:00:00,201.8,178.0,80.4,121.4,41
2027-12-21 00:00:00,208.2,184.2,79.4,128.8,59
2027-12-21 01:00:00,205.6,183.6,79.4,126.2,47
2027-12-21 02:00:00,203.5,184.8,82.3,121.2,52
2027-12-21 03:00:00,196.1,170.0,81.8,114.3,52
2027-12-21 04:00:00,199.0,181.8,79.0,120.0,56
2027-12-21 05:00:00,193.6,190.0,76.6,117.0,43
2027-12-21 06:00:00,202.2,200.4,82.3,119.9,44
2027-12-21 07:00:00,206.9,190.6,77.0,129.9,51
2027-12-21 08:00:00,210.8,187.8,78.9,131.9,55
2027-12-21 09:00:00,208.1,196.0,78.0,130.1,49
2027-12-21 10:00:00,206.6,175.2,83.1,123.5,49
2027-12-21 11:00:00,210.2,174.2,81.4,128.8,58
2027-12-21 12:00:00,207.2,180.4,80.8,126.4,52
2027-12-21 13:00:00,206.8,184.4,78.5,128.3,52
2027-12-21 14:00:00,212.9,176.2,79.2,133.7,44
2027-12-21 15:00:00,208.9,175.2,81.6,127.3,53
2027-12-21 16:00:00,197.9,179.6,81.0,116.9,52
2027-12-21 17:00:00,205.3,195.2,77.8,127.5,56
2027-12-21 18:00:00,205.9,185.0,80.2,125.7,41
2027-12-21 19:00:00,199.3,181.4,79.4,119.9,44
2027-12-21 20:00:00,199.6,178.4,82.7,116.9,46
2027-12-21 21:00:00,196.7,180.8,80.7,116.0,44
2027-12-21 22:00:00,213.6,189.8,83.7,129.9,50
2027-12-21 23:00:00,206.8,172.2,78.5,128.3,56
2027-12-22 00:00:00,208.0,181.4,80.0,128.0,46
2027-12-22 01:00:00,207.8,178.8,81.7,126.1,42
2027-12-22 02:00:00,196.3,183.6,76.3,120.0,41
2027-12-22 03:00:00,196.9,178.4,79.4,117.5,57
2027-12-22 04:00:00,207.3,179.0,76.6,130.7,58
2027-12-22 05:00:00,207.9,175.6,81.5,126.4,50
2027-12-22 06:00:00,196.9,191.0,78.8,118.1,51
2027-12-22 07:00:00,204.0,174.2,80.9,123.1,43
2027-12-22 08:00:00,217.4,195.0,79.4,138.0,55
2027-12-22 09:00:00,207.3,175.0,79.6,127.7,49
2027-12-22 10:00:00,204.7,193.0,83.5,121.2,47
2027-12-22 11:00:00,219.0,187.6,80.1,138.9,56
2027-12-22 12:00:00,215.3,178.6,81.1,134.2,52
2027-12-22 13:00:00,202.9,176.4,80.6,122.3,56
2027-12-22 14:00:00,203.0,190.6,77.6,125.4,41
2027-12-22 15:00:00,203.7,178.6,78.1,125.6,44
2027-12-22 16:00:00,199.4,176.8,78.4,121.0,49
2027-12-22 17:00:00,205.2,179.4,80.5,124.7,56
2027-12-22 18:00:00,196.4,184.6,79.6,116.8,41
2027-12-22 19:00:00,195.3,173.8,78.6,116.7,48
2027-12-22 20:00:00,208.8,183.4,82.1,126.7,53
2027-12-22 21:00:00,203.5,186.4,79.8,123.7,56
2027-12-22 22:00:00,204.1,183.8,81.9,122.2,45
2027-12-22 23:00:00,197.3,173.4,82.8,114.5,40
2027-12-23 00:00:00,205.0,194.4,82.0,123.0,48
2027-12-23 01:00:00,213.0,192.6,81.1,131.9,53
2027-12-23 02:00:00,207.9,183.6,80.6,127.3,46
2027-12-23 03:00:00,204.9,192.6,78.6,126.3,48
2027-12-23 04:00:00,204.1,192.8,81.7,122.4,58
2027-12-23 05:00:00,194.7,179.0,80.2,114.5,41
2027-12-23 06:00:00,201.3,189.4,78.4,122.9,47
2027-12-23 07:00:00,204.5,190.0,81.2,123.3,57
2027-12-23 08:00:00,208.0,171.6,82.4,125.6,45
2027-12-23 09:00:00,197.2,179.6,78.2,119.0,42
2027-12-23 10:00:00,208.8,192.0,81.2,127.6,40
2027-12-23 11:00:00,209.3,177.6,81.4,127.9,56
2027-12-23 12:00:00,206.9,184.0,78.3,128.6,46
2027-12-23 13:00:00,208.9,176.8,79.4,129.5,59
2027-12-23 14:00:00,210.5,185.8,83.1,127.4,55
2027-12-23 15:00:00,206.1,180.2,79.4,126.7,43
2027-12-23 16:00:00,201.7,188.0,81.4,120.3,45
2027-12-23 17:00:00,209.6,175.0,80.4,129.2,59
2027-12-23 18:00:00,213.2,182.8,81.3,131.9,58
2027-12-23 19:00:00,207.6,187.6,81.8,125.8,50
2027-12-23 20:00:00,201.4,180.8,79.7,121.7,57
2027-12-23 21:00:00,207.0,187.6,77.0,130.0,41
2027-12-23 22:00:00,201.5,190.6,79.3,122.2,58
2027-12-23 23:00:00,198.1,188.2,76.6,121.5,55
2027-12-24 00:00:00,216.2,187.4,84.0,132.2,56
2027-12-24 01:00:00,195.4,173.2,77.8,117.6,41
2027-12-24 02:00:00,212.1,179.4,81.2,130.9,41
2027-12-24 03:00:00,203.6,180.0,81.2,122.4,40
2027-12-24 04:00:00,204.7,176.4,82.0,122.7,50
2027-12-24 05:00:00,208.4,190.4,78.8,129.6,57
2027-12-24 06:00:00,196.5,190.4,79.4,117.1,46
2027-12-24 07:00:00,190.7,182.0,78.5,112.2,40
2027-12-24 08:00:00,196.5,182.8,76.7,119.8,41
2027-12-24 09:00:00,212.2,178.2,82.1,130.1,58
2027-12-24 10:00:00,219.3,196.2,79.0,140.3,57
2027-12-24 11:00:00,202.6,183.2,79.3,123.3,57
2027-12-24 12:00:00,196.3,182.6,77.1,119.2,42
2027-12-24 13:00:00,208.3,186.4,80.3,128.0,41
2027-12-24 14:00:00,205.6,187.2,83.2,122.4,44
2027-12-24 15:00:00,210.7,183.2,78.0,132.7,49
2027-12-24 16:00:00,203.1,186.4,81.4,121.7,57
2027-12-24 17:00:00,200.1,174.8,80.2,119.9,45
2027-12-24 18:00:00,216.0,187.2,78.3,137.7,55
2027-12-24 19:00:00,202.8,179.0,82.1,120.7,57
2027-12-24 20:00:00,206.7,192.0,78.3,128.4,56
2027-12-24 21:00:00,208.9,179.6,84.7,124.2,45
2027-12-24 22:00:00,200.4,181.4,78.6,121.8,51
2027-12-24 23:00:00,214.7,182.8,82.3,132.4,52
2027-12-25 00:00:00,207.3,182.6,79.9,127.4,52
2027-12-25 01:00:00,207.8,179.4,81.6,126.2,45
2027-12-25 02:00:00,214.4,187.4,81.9,132.5,55
2027-12-25 03:00:00,205.5,183.4,83.8,121.7,45
2027-12-25 04:00:00,207.7,174.0,80.5,127.2,58
2027-12-25 05:00:00,210.9,184.6,78.9,132.0,49
2027-12-25 06:00:00,219.0,177.2,81.6,137.4,51
2027-12-25 07:00:00,203.3,184.0,78.2,125.1,55
2027-12-25 08:00:00,201.2,173.6,82.1,119.1,52
2027-12-25 09:00:00,202.2,183.4,78.9,123.3,55
2027-12-25 10:00:00,212.7,182.0,81.4,131.3,57
2027-12-25 11:00:00,212.2,181.2,84.9,127.3,49
2027-12-25 12:00:00,197.6,184.4,79.3,118.3,47
2027-12-25 13:00:00,195.8,191.0,77.6,118.2,42
2027-12-25 14:00:00,197.8,182.4,79.1,118.7,41
2027-12-25 15:00:00,195.4,179.2,76.7,118.7,49
2027-12-25 16:00:00,191.9,183.0,79.1,112.8,40
2027-12-25 17:00:00,190.1,199.0,76.0,114.1,48
2027-12-25 18:00:00,215.7,192.2,81.0,134.7,59
2027-12-25 19:00:00,207.5,180.6,79.6,127.9,55
2027-12-25 20:00:00,213.3,189.4,81.6,131.7,47
2027-12-25 21:00:00,194.6,190.6,80.1,114.5,49
2027-12-25 22:00:00,196.7,171.4,78.5,118.2,49
2027-12-25 23:00:00,192.9,177.2,80.1,112.8,47
2027-12-26 00:00:00,198.2,179.2,81.5,116.7,44
2027-12-26 01:00:00,213.6,174.2,81.9,131.7,51
2027-12-26 02:00:00,205.9,175.2,77.8,128.1,55
2027-12-26 03:00:00,206.2,181.2,82.2,124.0,54
2027-12-26 04:00:00,205.3,183.2,78.9,126.4,55
2027-12-26 05:00:00,206.5,172.8,81.3,125.2,55
2027-12-26 06:00:00,199.5,174.6,81.0,118.5,43
2027-12-26 07:00:00,217.7,176.4,81.1,136.6,47
2027-12-26 08:00:00,204.6,188.8,82.0,122.6,49
2027-12-26 09:00:00,195.6,173.2,76.5,119.1,42
2027-12-26 10:00:00,205.7,179.4,79.9,125.8,42
2027-12-26 11:00:00,201.7,191.0,82.3,119.4,42
2027-12-26 12:00:00,198.3,196.8,83.7,114.6,49
2027-12-26 13:00:00,207.8,173.2,80.4,127.4,47
2027-12-26 14:00:00,198.7,189.0,77.1,121.6,53
2027-12-26 15:00:00,197.8,190.0,72.9,124.9,49
2027-12-26 16:00:00,204.6,188.0,80.6,124.0,40
2027-12-26 17:00:00,207.4,179.2,81.8,125.6,42
2027-12-26 18:00:00,215.2,171.4,80.3,134.9,55
2027-12-26 19:00:00,200.0,183.4,77.7,122.3,48
2027-12-26 20:00:00,205.7,186.8,79.6,126.1,47
2027-12-26 21:00:00,201.3,186.0,77.2,124.1,45
2027-12-26 22:00:00,199.6,180.6,82.4,117.2,51
2027-12-26 23:00:00,197.4,186.6,82.9,114.5,46
2027-12-27 00:00:00,210.8,183.0,80.8,130.0,56
2027-12-27 01:00:00,203.0,177.2,81.9,121.1,50
2027-12-27 02:00:00,202.3,170.4,79.6,122.7,52
2027-12-27 03:00:00,203.7,174.6,77.1,126.6,40
2027-12-27 04:00:00,207.2,185.2,80.8,126.4,48
2027-12-27 05:00:00,209.1,179.8,81.2,127.9,49
2027-12-27 06:00:00,210.6,179.6,81.3,129.3,57
2027-12-27 07:00:00,202.8,180.0,79.2,123.6,51
2027-12-27 08:00:00,202.0,188.8,75.1,126.9,46
2027-12-27 09:00:00,209.5,179.8,79.2,130.3,57
2027-12-27 10:00:00,204.5,171.0,81.5,123.0,55
2027-12-27 11:00:00,217.1,174.4,81.3,135.8,56
2027-12-27 12:00:00,203.3,187.8,81.2,122.1,42
2027-12-27 13:00:00,204.8,174.8,81.2,123.6,55
2027-12-27 14:00:00,211.5,182.4,78.3,133.2,50
2027-12-27 15:00:00,214.2,188.4,83.3,130.9,56
2027-12-27 16:00:00,214.9,178.2,82.5,132.4,41
2027-12-27 17:00:00,204.2,187.6,74.7,129.5,58
2027-12-27 18:00:00,195.8,188.6,77.6,118.2,53
2027-12-27 19:00:00,198.8,183.6,73.0,125.8,51
2027-12-27 20:00:00,186.4,184.4,76.6,109.8,47
2027-12-27 21:00:00,203.1,168.8,79.2,123.9,58
2027-12-27 22:00:00,208.4,188.0,80.3,128.1,46
2027-12-27 23:00:00,199.1,182.4,79.4,119.7,45
2027-12-28 00:00:00,213.2,182.0,83.9,129.3,58
2027-12-28 01:00:00,212.2,187.6,81.5,130.7,59
2027-12-28 02:00:00,202.8,197.6,80.9,121.9,42
2027-12-28 03:00:00,205.0,177.0,81.3,123.7,44
2027-12-28 04:00:00,203.2,173.4,80.5,122.7,47
2027-12-28 05:00:00,202.5,178.6,79.7,122.8,50
2027-12-28 06:00:00,220.1,177.0,80.3,139.8,56
2027-12-28 07:00:00,197.5,186.8,75.4,122.1,56
2027-12-28 08:00:00,186.2,173.8,75.4,110.8,40
2027-12-28 09:00:00,217.7,192.4,80.1,137.6,56
2027-12-28 10:00:00,209.6,183.8,80.8,128.8,51
2027-12-28 11:00:00,214.9,174.4,82.1,132.8,48
2027-12-28 12:00:00,205.7,178.6,80.8,124.9,54
2027-12-28 13:00:00,196.1,184.4,77.6,118.5,47
2027-12-28 14:00:00,206.6,188.6,81.9,124.7,56
2027-12-28 15:00:00,211.2,185.8,82.0,129.2,57
2027-12-28 16:00:00,209.2,185.4,83.1,126.1,50
2027-12-28 17:00:00,206.2,181.8,82.5,123.7,40
2027-12-28 18:00:00,206.2,176.6,80.1,126.1,54
2027-12-28 19:00:00,197.6,175.2,80.2,117.4,45
2027-12-28 20:00:00,207.1,192.4,77.2,129.9,54
2027-12-28 21:00:00,202.4,188.0,81.7,120.7,50
2027-12-28 22:00:00,204.5,182.2,81.7,122.8,41
2027-12-28 23:00:00,217.5,180.2,81.5,136.0,47
2027-12-29 00:00:00,215.5,179.0,83.5,132.0,52
2027-12-29 01:00:00,200.8,177.0,81.9,118.9,43
2027-12-29 02:00:00,195.1,185.4,77.0,118.1,46
2027-12-29 03:00:00,194.9,185.6,79.6,115.3,42
2027-12-29 04:00:00,214.4,183.8,83.1,131.3,52
2027-12-29 05:00:00,212.5,177.4,81.2,131.3,56
2027-12-29 06:00:00,199.8,174.6,79.7,120.1,45
2027-12-29 07:00:00,209.6,186.4,82.5,127.1,53
2027-12-29 08:00:00,199.3,173.2,80.4,118.9,47
2027-12-29 09:00:00,208.5,172.0,82.6,125.9,56
2027-12-29 10:00:00,200.2,179.8,79.0,121.2,52
2027-12-29 11:00:00,203.2,186.2,78.0,125.2,53
2027-12-29 12:00:00,210.8,181.8,80.1,130.7,48
2027-12-29 13:00:00,210.1,184.0,81.4,128.7,53
2027-12-29 14:00:00,202.4,175.4,80.7,121.7,54
2027-12-29 15:00:00,202.1,179.4,77.5,124.6,47
2027-12-29 16:00:00,210.5,185.6,78.6,131.9,58
2027-12-29 17:00:00,197.9,181.4,79.6,118.3,43
2027-12-29 18:00:00,201.4,183.4,80.7,120.7,40
2027-12-29 19:00:00,208.3,191.2,81.2,127.1,59
2027-12-29 20:00:00,210.7,190.2,80.4,130.3,51
2027-12-29 21:00:00,205.7,180.2,80.6,125.1,57
2027-12-29 22:00:00,203.5,172.6,80.1,123.4,49
2027-12-29 23:00:00,204.1,177.0,80.9,123.2,58
2027-12-30 00:00:00,205.7,189.2,79.9,125.8,54
2027-12-30 01:00:00,205.4,177.6,81.9,123.5,40
2027-12-30 02:00:00,203.5,183.0,79.4,124.1,50
2027-12-30 03:00:00,206.4,186.0,84.1,122.3,46
2027-12-30 04:00:00,196.4,182.8,80.3,116.1,46
2027-12-30 05:00:00,206.7,171.4,79.4,127.3,53
2027-12-30 06:00:00,202.7,182.0,76.2,126.5,43
2027-12-30 07:00:00,202.9,178.0,79.6,123.3,59
2027-12-30 08:00:00,199.1,180.6,79.0,120.1,45
2027-12-30 09:00:00,204.5,177.2,84.0,120.5,41
2027-12-30 10:00:00,205.3,177.4,81.6,123.7,47
2027-12-30 11:00:00,203.4,188.8,80.5,122.9,44
2027-12-30 12:00:00,201.1,181.6,80.4,120.7,44
2027-12-30 13:00:00,195.1,183.6,79.0,116.1,47
2027-12-30 14:00:00,202.1,181.2,79.4,122.7,44
2027-12-30 15:00:00,202.7,185.2,79.9,122.8,45
2027-12-30 16:00:00,204.4,188.2,80.3,124.1,56
2027-12-30 17:00:00,213.5,174.6,79.6,133.9,59
2027-12-30 18:00:00,199.4,176.6,80.5,118.9,49
2027-12-30 19:00:00,219.5,188.0,80.5,139.0,45
2027-12-30 20:00:00,202.8,186.2,80.2,122.6,45
2027-12-30 21:00:00,207.6,172.8,79.4,128.2,56
2027-12-30 22:00:00,207.0,180.6,79.6,127.4,54
2027-12-30 23:00:00,211.5,185.6,83.0,128.5,41
2027-12-31 00:00:00,207.5,173.4,81.8,125.7,47
2027-12-31 01:00:00,208.8,177.8,79.9,128.9,50
2027-12-31 02:00:00,197.4,183.8,80.3,117.1,43
2027-12-31 03:00:00,204.1,178.6,81.5,122.6,47
2027-12-31 04:00:00,211.2,173.4,83.7,127.5,42
2027-12-31 05:00:00,204.9,175.0,77.6,127.3,48
2027-12-31 06:00:00,208.1,185.8,75.8,132.3,53
2027-12-31 07:00:00,206.3,183.6,81.4,124.9,51
2027-12-31 08:00:00,203.4,188.6,80.5,122.9,54
2027-12-31 09:00:00,210.7,180.4,81.5,129.2,46
2027-12-31 10:00:00,210.3,176.6,80.7,129.6,51
2027-12-31 11:00:00,193.0,184.6,81.4,111.6,42
2027-12-31 12:00:00,197.4,192.4,79.1,118.3,51
2027-12-31 13:00:00,196.8,175.0,79.6,117.2,49
2027-12-31 14:00:00,194.3,176.4,81.1,113.2,41
2027-12-31 15:00:00,204.3,183.2,80.4,123.9,53
2027-12-31 16:00:00,204.3,186.0,78.4,125.9,48
2027-12-31 17:00:00,208.5,185.2,81.0,127.5,43
2027-12-31 18:00:00,205.5,179.2,78.0,127.5,54
2027-12-31 19:00:00,206.8,176.8,80.2,126.6,55
2027-12-31 20:00:00,199.0,180.6,78.8,120.2,46
2027-12-31 21:00:00,186.1,186.6,78.0,108.1,41
2027-12-31 22:00:00,217.4,179.2,83.4,134.0,57
2027-12-31 23:00:00,201.4,178.8,76.7,124.7,50
