timestamp,temperature_c,wind_speed_ms,solar_irradiance_wm2,cloud_cover_pct,wind_direction_deg,humidity_pct,pressure_hpa
2026-01-01 00:00:00,-15.1,11.6,0.0,92,29,81,982.4
2026-01-01 01:00:00,-17.1,5.5,0.0,89,148,82,985.1
2026-01-01 02:00:00,-17.2,15.4,0.0,18,280,77,1005.3
2026-01-01 03:00:00,-17.1,9.8,0.0,3,166,78,989.6
2026-01-01 04:00:00,-18.6,15.1,0.0,84,341,78,968.6
2026-01-01 05:00:00,-14.9,8.4,308.3,50,228,45,975.4
2026-01-01 06:00:00,-17.2,6.6,311.5,12,41,63,990.1
2026-01-01 07:00:00,-14.8,22.0,444.5,13,139,61,986.4
2026-01-01 08:00:00,-16.1,14.1,177.7,60,60,67,982.8
2026-01-01 09:00:00,-16.8,3.9,369.9,81,105,56,984.3
2026-01-01 10:00:00,-10.2,12.0,379.0,66,276,69,975.0
2026-01-01 11:00:00,-10.2,15.6,542.8,19,105,82,983.6
2026-01-01 12:00:00,-12.9,5.8,289.1,37,327,63,965.3
2026-01-01 13:00:00,-21.1,1.8,489.1,66,298,61,977.7
2026-01-01 14:00:00,-18.1,17.1,409.1,76,87,74,969.9
2026-01-01 15:00:00,-11.3,9.2,303.0,33,12,82,983.6
2026-01-01 16:00:00,-13.8,11.2,273.5,92,207,85,975.4
2026-01-01 17:00:00,-11.2,15.1,425.2,25,198,49,997.3
2026-01-01 18:00:00,-16.9,17.4,590.2,0,62,89,999.0
2026-01-01 19:00:00,-17.8,12.5,425.1,1,278,46,984.0
2026-01-01 20:00:00,-20.0,14.3,380.1,75,38,57,983.2
2026-01-01 21:00:00,-11.7,9.3,620.3,49,228,63,974.5
2026-01-01 22:00:00,-15.9,12.5,0.0,3,8,56,991.6
2026-01-01 23:00:00,-13.0,14.4,0.0,4,227,44,980.7
2026-01-02 00:00:00,-17.9,14.2,0.0,28,236,73,976.2
2026-01-02 01:00:00,-16.7,8.3,0.0,66,32,86,982.1
2026-01-02 02:00:00,-16.2,15.1,0.0,43,266,64,974.7
2026-01-02 03:00:00,-17.4,13.8,0.0,15,315,88,968.9
2026-01-02 04:00:00,-12.0,12.7,0.0,99,353,49,994.9
2026-01-02 05:00:00,-11.4,7.0,534.2,35,119,59,967.4
2026-01-02 06:00:00,-12.2,10.8,287.0,80,240,85,972.8
2026-01-02 07:00:00,-15.6,9.3,417.3,58,240,86,976.6
2026-01-02 08:00:00,-15.1,11.9,525.5,33,129,86,993.1
2026-01-02 09:00:00,-18.5,9.5,468.5,35,250,50,979.7
2026-01-02 10:00:00,-11.7,11.1,372.0,1,249,70,969.0
2026-01-02 11:00:00,-14.4,10.5,394.1,70,248,60,994.8
2026-01-02 12:00:00,-15.2,18.8,389.4,20,350,69,955.0
2026-01-02 13:00:00,-9.8,7.5,418.9,37,169,78,993.7
2026-01-02 14:00:00,-18.0,11.9,412.0,7,0,63,991.5
2026-01-02 15:00:00,-14.5,12.3,201.1,97,7,89,973.6
2026-01-02 16:00:00,-15.4,16.5,558.3,41,236,76,981.3
2026-01-02 17:00:00,-16.2,17.3,537.3,73,327,52,978.3
2026-01-02 18:00:00,-17.0,14.1,397.8,99,228,49,985.3
2026-01-02 19:00:00,-10.4,10.6,355.0,2,13,43,982.0
2026-01-02 20:00:00,-16.3,15.9,285.3,1,307,41,1002.5
2026-01-02 21:00:00,-13.0,10.0,309.7,12,293,80,974.4
2026-01-02 22:00:00,-16.3,11.6,0.0,14,276,53,988.5
2026-01-02 23:00:00,-14.7,12.8,0.0,65,356,60,975.3
2026-01-03 00:00:00,-12.5,9.9,0.0,70,284,56,993.5
2026-01-03 01:00:00,-13.9,11.9,0.0,9,251,63,986.5
2026-01-03 02:00:00,-17.1,13.0,0.0,76,118,40,986.0
2026-01-03 03:00:00,-13.2,14.7,0.0,12,257,57,967.1
2026-01-03 04:00:00,-16.6,17.9,0.0,65,121,60,1003.8
2026-01-03 05:00:00,-14.8,10.4,409.2,37,200,71,980.5
2026-01-03 06:00:00,-14.8,12.1,425.1,56,331,76,982.9
2026-01-03 07:00:00,-17.3,10.7,357.0,57,331,51,977.0
2026-01-03 08:00:00,-15.8,14.2,550.3,46,17,65,970.5
2026-01-03 09:00:00,-14.4,15.5,475.3,54,41,59,979.6
2026-01-03 10:00:00,-19.2,12.4,366.1,15,172,66,971.7
2026-01-03 11:00:00,-14.0,8.3,387.2,15,331,52,967.4
2026-01-03 12:00:00,-13.8,12.1,413.7,22,115,75,978.5
2026-01-03 13:00:00,-12.0,14.0,280.0,97,248,74,993.4
2026-01-03 14:00:00,-14.2,16.4,626.4,59,93,65,976.0
2026-01-03 15:00:00,-20.0,20.1,581.5,27,103,60,992.0
2026-01-03 16:00:00,-16.4,14.9,464.5,63,146,54,974.0
2026-01-03 17:00:00,-12.9,1.2,273.5,56,338,86,976.8
2026-01-03 18:00:00,-11.0,0.5,389.9,17,277,81,970.4
2026-01-03 19:00:00,-16.8,5.1,380.6,52,64,67,980.9
2026-01-03 20:00:00,-14.9,7.4,428.4,25,145,67,983.7
2026-01-03 21:00:00,-15.2,7.2,421.4,23,337,51,976.0
2026-01-03 22:00:00,-14.4,18.2,0.0,50,179,58,978.0
2026-01-03 23:00:00,-13.2,10.1,0.0,55,98,62,955.1
2026-01-04 00:00:00,-16.5,19.0,0.0,2,139,65,990.1
2026-01-04 01:00:00,-20.4,4.1,0.0,91,72,44,970.9
2026-01-04 02:00:00,-15.7,9.0,0.0,0,310,64,969.0
2026-01-04 03:00:00,-14.7,20.2,0.0,90,265,52,989.2
2026-01-04 04:00:00,-18.5,12.7,0.0,88,135,87,976.0
2026-01-04 05:00:00,-14.2,7.7,378.6,32,285,50,995.2
2026-01-04 06:00:00,-19.7,9.8,307.5,42,51,77,967.3
2026-01-04 07:00:00,-16.6,11.6,414.2,7,57,51,980.5
2026-01-04 08:00:00,-16.2,18.3,403.0,83,176,78,978.2
2026-01-04 09:00:00,-15.1,13.3,337.6,49,187,85,986.4
2026-01-04 10:00:00,-15.9,10.1,579.6,100,300,60,980.0
2026-01-04 11:00:00,-14.2,15.9,399.1,13,34,42,989.9
2026-01-04 12:00:00,-16.4,12.8,421.0,10,128,58,966.2
2026-01-04 13:00:00,-12.1,8.5,510.3,37,225,83,972.4
2026-01-04 14:00:00,-14.6,8.4,289.1,42,57,73,970.1
2026-01-04 15:00:00,-15.2,17.2,314.4,80,315,89,979.7
2026-01-04 16:00:00,-17.4,11.9,425.9,59,348,40,970.7
2026-01-04 17:00:00,-12.8,11.5,378.5,29,264,52,971.6
2026-01-04 18:00:00,-18.2,12.6,440.1,36,44,67,981.2
2026-01-04 19:00:00,-10.3,13.4,354.9,47,82,86,980.3
2026-01-04 20:00:00,-12.2,12.1,159.9,54,154,47,979.1
2026-01-04 21:00:00,-17.1,17.0,452.6,24,326,56,971.2
2026-01-04 22:00:00,-14.6,10.7,0.0,22,267,46,988.9
2026-01-04 23:00:00,-12.4,8.7,0.0,41,59,64,958.4
2026-01-05 00:00:00,-14.3,14.7,0.0,55,132,46,993.8
2026-01-05 01:00:00,-17.4,11.3,0.0,53,141,58,993.7
2026-01-05 02:00:00,-11.4,19.6,0.0,15,53,69,982.1
2026-01-05 03:00:00,-16.3,9.7,0.0,22,205,80,982.9
2026-01-05 04:00:00,-16.1,18.8,0.0,76,111,57,977.9
2026-01-05 05:00:00,-11.8,13.1,419.0,7,176,76,965.2
2026-01-05 06:00:00,-14.3,11.1,517.5,68,318,88,979.8
2026-01-05 07:00:00,-17.1,16.1,344.6,23,143,69,978.5
2026-01-05 08:00:00,-18.1,0.9,547.8,57,95,86,981.6
2026-01-05 09:00:00,-14.2,0.0,387.5,75,149,45,981.5
2026-01-05 10:00:00,-10.6,13.5,266.6,1,121,85,989.2
2026-01-05 11:00:00,-16.7,10.0,390.2,21,105,40,995.1
2026-01-05 12:00:00,-13.1,10.2,367.1,23,74,73,974.0
2026-01-05 13:00:00,-16.9,7.3,442.5,96,292,76,980.1
2026-01-05 14:00:00,-13.8,0.0,444.1,19,210,85,979.7
2026-01-05 15:00:00,-16.3,9.6,402.8,75,180,53,985.1
2026-01-05 16:00:00,-17.6,5.4,531.5,74,73,55,986.5
2026-01-05 17:00:00,-15.5,12.6,297.8,52,96,52,972.7
2026-01-05 18:00:00,-16.3,10.6,493.8,66,247,69,976.2
2026-01-05 19:00:00,-9.7,22.4,509.5,41,280,70,973.7
2026-01-05 20:00:00,-20.4,11.4,451.2,81,212,44,973.2
2026-01-05 21:00:00,-16.7,11.9,281.8,62,258,51,995.7
2026-01-05 22:00:00,-19.6,15.6,0.0,51,1,58,978.0
2026-01-05 23:00:00,-13.1,3.0,0.0,27,323,56,998.0
2026-01-06 00:00:00,-16.9,16.3,0.0,6,52,52,986.1
2026-01-06 01:00:00,-10.4,19.3,0.0,32,123,42,980.8
2026-01-06 02:00:00,-13.6,9.9,0.0,40,167,59,973.0
2026-01-06 03:00:00,-13.8,12.2,0.0,18,223,62,969.6
2026-01-06 04:00:00,-14.9,16.2,0.0,95,30,70,983.3
2026-01-06 05:00:00,-12.3,12.4,507.0,82,264,80,982.0
2026-01-06 06:00:00,-15.9,11.8,583.8,37,337,77,975.4
2026-01-06 07:00:00,-12.4,18.3,286.6,51,85,83,997.1
2026-01-06 08:00:00,-14.7,18.0,494.9,50,213,49,979.2
2026-01-06 09:00:00,-9.1,5.7,389.6,73,273,54,990.7
2026-01-06 10:00:00,-19.6,2.1,306.6,62,32,68,960.4
2026-01-06 11:00:00,-14.7,14.1,321.7,83,64,53,1000.0
2026-01-06 12:00:00,-11.6,19.7,338.8,17,227,52,965.2
2026-01-06 13:00:00,-15.5,18.3,254.7,44,76,66,979.9
2026-01-06 14:00:00,-15.5,16.7,224.1,76,354,45,984.4
2026-01-06 15:00:00,-15.3,25.6,353.9,73,39,87,979.2
2026-01-06 16:00:00,-10.4,18.4,456.3,7,157,50,985.3
2026-01-06 17:00:00,-17.7,7.6,463.4,60,214,84,983.7
2026-01-06 18:00:00,-16.5,6.7,436.4,11,204,86,976.2
2026-01-06 19:00:00,-14.8,9.2,512.9,90,148,66,999.1
2026-01-06 20:00:00,-17.2,16.9,341.0,21,154,49,966.9
2026-01-06 21:00:00,-12.4,14.3,508.4,47,96,76,962.6
2026-01-06 22:00:00,-13.1,8.4,0.0,13,209,75,987.5
2026-01-06 23:00:00,-13.8,18.4,0.0,74,69,82,990.9
2026-01-07 00:00:00,-13.0,21.6,0.0,67,201,69,965.6
2026-01-07 01:00:00,-16.2,6.0,0.0,92,245,45,979.8
2026-01-07 02:00:00,-9.9,8.7,0.0,84,94,79,968.0
2026-01-07 03:00:00,-15.3,11.1,0.0,15,22,47,978.1
2026-01-07 04:00:00,-16.7,17.2,0.0,59,168,47,985.8
2026-01-07 05:00:00,-15.1,9.7,505.6,51,77,53,974.4
2026-01-07 06:00:00,-20.4,9.8,368.9,84,204,51,974.5
2026-01-07 07:00:00,-14.7,12.3,335.9,100,137,55,967.3
2026-01-07 08:00:00,-14.4,12.1,495.1,38,229,60,966.3
2026-01-07 09:00:00,-21.3,18.5,362.0,52,108,43,982.2
2026-01-07 10:00:00,-19.8,17.6,342.2,62,243,47,976.8
2026-01-07 11:00:00,-7.8,17.0,464.1,15,169,44,966.0
2026-01-07 12:00:00,-13.2,5.9,222.2,36,184,73,990.3
2026-01-07 13:00:00,-15.8,9.7,498.4,0,266,41,972.8
2026-01-07 14:00:00,-17.2,5.8,446.6,98,333,80,982.8
2026-01-07 15:00:00,-16.2,8.6,389.2,17,161,83,984.0
2026-01-07 16:00:00,-12.1,13.2,356.8,4,191,66,986.8
2026-01-07 17:00:00,-16.3,4.5,414.8,86,282,48,980.6
2026-01-07 18:00:00,-12.2,8.9,300.4,91,172,81,971.8
2026-01-07 19:00:00,-11.0,19.9,487.5,26,28,77,980.1
2026-01-07 20:00:00,-15.8,16.8,597.7,53,140,63,985.1
2026-01-07 21:00:00,-13.8,8.3,388.7,11,24,73,980.3
2026-01-07 22:00:00,-17.4,8.6,0.0,17,184,84,974.3
2026-01-07 23:00:00,-14.5,13.0,0.0,75,198,40,984.0
2026-01-08 00:00:00,-17.8,25.5,0.0,84,275,87,981.3
2026-01-08 01:00:00,-12.7,12.7,0.0,82,42,65,976.5
2026-01-08 02:00:00,-17.1,12.3,0.0,57,97,50,970.1
2026-01-08 03:00:00,-14.3,4.3,0.0,56,26,74,981.9
2026-01-08 04:00:00,-21.5,8.9,0.0,78,308,89,974.8
2026-01-08 05:00:00,-17.3,11.5,403.6,48,292,54,979.2
2026-01-08 06:00:00,-14.9,14.6,459.4,79,260,80,995.3
2026-01-08 07:00:00,-18.8,6.5,313.8,66,174,81,981.4
2026-01-08 08:00:00,-12.4,15.7,427.6,88,234,88,994.9
2026-01-08 09:00:00,-12.4,11.1,566.9,17,130,86,1000.6
2026-01-08 10:00:00,-20.7,17.1,347.3,65,7,66,981.1
2026-01-08 11:00:00,-18.3,21.9,349.2,7,329,76,976.1
2026-01-08 12:00:00,-13.4,15.2,460.1,78,227,46,974.4
2026-01-08 13:00:00,-15.1,16.4,531.6,17,35,66,988.7
2026-01-08 14:00:00,-17.5,24.2,307.8,72,140,79,983.4
2026-01-08 15:00:00,-19.0,20.4,361.8,12,111,78,975.2
2026-01-08 16:00:00,-16.6,21.4,437.8,47,21,84,1010.5
2026-01-08 17:00:00,-16.3,12.6,601.9,87,93,78,969.4
2026-01-08 18:00:00,-17.5,0.0,339.4,33,308,45,974.7
2026-01-08 19:00:00,-18.8,8.6,462.7,32,108,83,983.5
2026-01-08 20:00:00,-20.4,9.7,410.1,37,156,63,980.9
2026-01-08 21:00:00,-15.7,14.5,491.2,3,255,73,986.5
2026-01-08 22:00:00,-9.9,15.3,0.0,32,174,72,992.8
2026-01-08 23:00:00,-16.3,7.2,0.0,100,106,65,970.3
2026-01-09 00:00:00,-18.0,10.9,0.0,57,306,47,974.6
2026-01-09 01:00:00,-13.4,6.7,0.0,15,266,64,979.4
2026-01-09 02:00:00,-18.0,16.0,0.0,93,125,83,980.0
2026-01-09 03:00:00,-10.2,11.7,0.0,10,216,79,980.6
2026-01-09 04:00:00,-16.8,23.6,0.0,1,134,74,975.7
2026-01-09 05:00:00,-14.1,12.6,304.5,54,203,49,981.0
2026-01-09 06:00:00,-17.4,2.7,473.9,29,264,59,962.4
2026-01-09 07:00:00,-13.6,11.4,356.2,98,221,55,987.6
2026-01-09 08:00:00,-13.6,13.9,535.7,30,271,68,976.6
2026-01-09 09:00:00,-10.1,14.6,407.9,7,217,62,982.4
2026-01-09 10:00:00,-17.2,5.9,439.6,66,17,52,977.4
2026-01-09 11:00:00,-21.2,14.6,382.8,86,350,84,977.9
2026-01-09 12:00:00,-13.8,10.5,367.9,64,250,80,989.5
2026-01-09 13:00:00,-19.9,17.6,358.4,9,191,69,969.8
2026-01-09 14:00:00,-14.1,14.4,384.7,51,116,54,964.7
2026-01-09 15:00:00,-14.4,12.7,197.7,44,349,49,979.4
2026-01-09 16:00:00,-14.1,12.8,359.0,49,316,70,979.7
2026-01-09 17:00:00,-16.7,2.6,520.9,10,53,55,978.7
2026-01-09 18:00:00,-13.8,14.4,398.9,5,76,66,981.7
2026-01-09 19:00:00,-15.7,11.7,526.5,30,197,44,976.0
2026-01-09 20:00:00,-14.0,7.6,390.4,33,119,48,988.3
2026-01-09 21:00:00,-10.7,18.7,431.1,60,57,48,976.9
2026-01-09 22:00:00,-12.8,14.6,0.0,77,278,70,960.3
2026-01-09 23:00:00,-13.3,21.3,0.0,39,153,81,971.2
2026-01-10 00:00:00,-10.6,6.4,0.0,3,93,51,976.9
2026-01-10 01:00:00,-11.7,18.5,0.0,6,179,78,979.1
2026-01-10 02:00:00,-8.9,9.6,0.0,82,327,59,965.3
2026-01-10 03:00:00,-12.7,15.0,0.0,19,193,51,977.5
2026-01-10 04:00:00,-17.3,12.9,0.0,99,144,54,975.5
2026-01-10 05:00:00,-14.8,16.2,248.4,14,37,77,953.2
2026-01-10 06:00:00,-14.3,13.8,477.1,74,279,78,989.3
2026-01-10 07:00:00,-12.7,13.1,618.6,57,15,66,979.2
2026-01-10 08:00:00,-12.5,0.0,349.5,15,352,74,978.3
2026-01-10 09:00:00,-18.0,5.3,332.0,15,237,58,985.7
2026-01-10 10:00:00,-14.0,18.4,525.2,70,203,66,980.1
2026-01-10 11:00:00,-11.2,8.6,476.3,0,293,67,969.3
2026-01-10 12:00:00,-15.6,17.5,351.1,8,73,73,990.7
2026-01-10 13:00:00,-14.9,16.1,566.7,37,328,76,977.0
2026-01-10 14:00:00,-13.6,12.4,341.8,30,324,50,970.0
2026-01-10 15:00:00,-16.5,4.7,277.6,14,151,89,986.4
2026-01-10 16:00:00,-17.4,12.5,405.2,18,302,86,990.7
2026-01-10 17:00:00,-20.0,18.8,341.4,92,30,82,960.0
2026-01-10 18:00:00,-12.5,11.0,418.7,19,6,48,982.6
2026-01-10 19:00:00,-17.7,4.9,341.3,50,342,56,974.1
2026-01-10 20:00:00,-21.7,17.2,492.3,69,295,75,984.7
2026-01-10 21:00:00,-18.5,8.4,284.9,73,274,72,997.9
2026-01-10 22:00:00,-13.0,8.6,0.0,8,288,89,988.6
2026-01-10 23:00:00,-16.1,9.6,0.0,4,194,88,965.7
2026-01-11 00:00:00,-14.4,9.0,0.0,4,176,87,974.4
2026-01-11 01:00:00,-15.8,17.2,0.0,13,93,66,972.5
2026-01-11 02:00:00,-6.6,18.9,0.0,22,154,43,989.1
2026-01-11 03:00:00,-11.3,10.2,0.0,42,298,54,975.6
2026-01-11 04:00:00,-9.3,0.0,0.0,66,306,65,974.9
2026-01-11 05:00:00,-13.0,10.0,294.1,50,87,50,979.0
2026-01-11 06:00:00,-12.5,6.8,381.1,82,128,88,989.1
2026-01-11 07:00:00,-14.3,9.7,495.2,40,167,88,988.8
2026-01-11 08:00:00,-15.6,10.7,100.9,77,46,65,961.2
2026-01-11 09:00:00,-17.5,18.0,348.3,10,188,77,963.7
2026-01-11 10:00:00,-16.9,5.3,223.3,84,63,79,991.1
2026-01-11 11:00:00,-15.4,11.2,456.2,59,141,40,994.9
2026-01-11 12:00:00,-21.3,10.1,471.9,81,83,57,975.8
2026-01-11 13:00:00,-19.0,20.4,430.5,74,122,46,989.4
2026-01-11 14:00:00,-17.1,10.4,356.4,5,255,78,988.6
2026-01-11 15:00:00,-13.0,9.8,274.8,19,194,58,966.6
2026-01-11 16:00:00,-11.5,14.0,402.4,18,267,71,975.4
2026-01-11 17:00:00,-15.6,11.5,424.4,32,84,67,970.9
2026-01-11 18:00:00,-13.9,4.4,477.5,100,243,88,975.2
2026-01-11 19:00:00,-10.1,15.0,303.2,67,267,63,977.1
2026-01-11 20:00:00,-16.3,20.6,267.7,41,166,86,996.8
2026-01-11 21:00:00,-16.1,9.1,419.5,81,221,49,985.7
2026-01-11 22:00:00,-10.3,6.0,0.0,73,24,76,969.6
2026-01-11 23:00:00,-7.7,9.3,0.0,66,320,43,997.8
2026-01-12 00:00:00,-16.4,10.9,0.0,0,145,74,972.3
2026-01-12 01:00:00,-16.6,9.0,0.0,60,92,66,989.4
2026-01-12 02:00:00,-15.6,5.2,0.0,55,261,85,984.1
2026-01-12 03:00:00,-12.2,16.7,0.0,23,199,44,976.1
2026-01-12 04:00:00,-14.6,11.2,0.0,60,322,40,989.4
2026-01-12 05:00:00,-20.1,12.8,408.0,31,131,48,981.4
2026-01-12 06:00:00,-19.6,14.2,366.8,80,61,55,975.0
2026-01-12 07:00:00,-17.5,14.2,330.6,36,67,82,984.7
2026-01-12 08:00:00,-18.3,14.2,345.6,56,63,49,982.0
2026-01-12 09:00:00,-12.7,8.1,270.0,25,43,57,998.6
2026-01-12 10:00:00,-12.9,10.0,405.8,65,242,62,981.3
2026-01-12 11:00:00,-17.1,15.8,412.1,68,289,78,970.5
2026-01-12 12:00:00,-16.6,10.4,333.2,100,136,40,968.9
2026-01-12 13:00:00,-17.8,10.5,142.8,71,118,58,968.8
2026-01-12 14:00:00,-13.7,18.3,502.4,85,273,67,983.7
2026-01-12 15:00:00,-13.3,6.3,606.1,19,70,51,979.1
2026-01-12 16:00:00,-12.4,0.3,403.9,21,325,52,991.4
2026-01-12 17:00:00,-9.0,0.9,337.8,67,201,40,979.4
2026-01-12 18:00:00,-18.6,17.0,438.4,59,49,53,974.6
2026-01-12 19:00:00,-16.6,8.8,544.8,27,220,68,975.1
2026-01-12 20:00:00,-11.1,5.8,426.5,85,146,65,985.2
2026-01-12 21:00:00,-17.2,16.5,428.6,28,88,74,984.5
2026-01-12 22:00:00,-22.3,15.1,0.0,35,213,76,989.9
2026-01-12 23:00:00,-12.9,14.7,0.0,54,43,65,979.1
2026-01-13 00:00:00,-17.4,10.7,0.0,60,97,56,968.1
2026-01-13 01:00:00,-13.5,10.9,0.0,66,216,46,974.6
2026-01-13 02:00:00,-16.9,8.5,0.0,56,143,83,988.1
2026-01-13 03:00:00,-14.2,16.5,0.0,67,132,78,980.0
2026-01-13 04:00:00,-17.0,15.5,0.0,31,28,63,981.5
2026-01-13 05:00:00,-12.9,24.2,272.0,41,187,45,981.8
2026-01-13 06:00:00,-15.0,15.7,271.1,69,189,49,976.2
2026-01-13 07:00:00,-16.2,3.7,191.1,76,242,47,988.5
2026-01-13 08:00:00,-13.6,5.0,564.5,13,309,62,982.2
2026-01-13 09:00:00,-9.5,5.2,437.2,14,187,74,981.4
2026-01-13 10:00:00,-9.8,13.4,388.1,19,156,67,978.5
2026-01-13 11:00:00,-16.5,10.0,399.6,10,55,58,990.2
2026-01-13 12:00:00,-11.5,10.0,487.4,12,189,80,978.5
2026-01-13 13:00:00,-13.6,11.8,311.2,62,149,70,979.5
2026-01-13 14:00:00,-18.9,10.9,585.3,49,291,69,981.4
2026-01-13 15:00:00,-17.1,2.2,360.0,80,3,77,971.3
2026-01-13 16:00:00,-16.6,11.4,532.6,29,88,70,995.1
2026-01-13 17:00:00,-17.0,8.2,360.2,59,225,45,975.4
2026-01-13 18:00:00,-14.3,1.9,351.2,94,140,53,976.0
2026-01-13 19:00:00,-14.4,8.9,462.1,63,352,50,978.8
2026-01-13 20:00:00,-19.2,21.1,461.7,74,59,80,975.5
2026-01-13 21:00:00,-5.6,18.9,424.5,4,219,55,995.9
2026-01-13 22:00:00,-12.6,10.5,0.0,56,274,63,982.6
2026-01-13 23:00:00,-16.3,20.5,0.0,35,336,50,988.9
2026-01-14 00:00:00,-18.2,13.2,0.0,51,194,50,982.9
2026-01-14 01:00:00,-12.7,16.7,0.0,49,207,53,974.7
2026-01-14 02:00:00,-17.6,18.5,0.0,0,165,48,981.4
2026-01-14 03:00:00,-13.5,6.6,0.0,67,270,85,993.5
2026-01-14 04:00:00,-13.7,7.1,0.0,54,337,62,975.9
2026-01-14 05:00:00,-19.0,11.8,526.3,88,168,49,987.0
2026-01-14 06:00:00,-16.7,23.6,289.0,86,265,66,980.3
2026-01-14 07:00:00,-11.9,4.1,399.7,91,154,89,971.6
2026-01-14 08:00:00,-18.0,15.0,493.3,33,304,49,966.5
2026-01-14 09:00:00,-15.2,14.3,245.2,38,31,54,984.7
2026-01-14 10:00:00,-13.6,11.7,439.2,43,105,66,981.0
2026-01-14 11:00:00,-19.2,7.4,480.1,47,126,78,970.3
2026-01-14 12:00:00,-18.3,19.1,542.1,20,7,65,986.5
2026-01-14 13:00:00,-12.7,5.3,289.5,49,253,53,978.4
2026-01-14 14:00:00,-15.6,10.7,491.0,96,312,67,993.1
2026-01-14 15:00:00,-11.3,18.4,462.1,28,154,54,982.3
2026-01-14 16:00:00,-13.9,7.3,328.7,11,287,81,987.5
2026-01-14 17:00:00,-17.9,6.6,573.3,4,143,69,975.3
2026-01-14 18:00:00,-13.6,8.9,353.4,62,4,64,976.6
2026-01-14 19:00:00,-13.6,4.3,477.1,78,93,68,974.0
2026-01-14 20:00:00,-14.5,4.4,368.9,96,337,51,990.2
2026-01-14 21:00:00,-11.0,13.7,490.1,91,30,56,978.7
2026-01-14 22:00:00,-19.0,11.4,0.0,55,300,76,994.7
2026-01-14 23:00:00,-18.1,3.3,0.0,21,52,58,973.4
2026-01-15 00:00:00,-12.4,17.2,0.0,18,186,74,976.6
2026-01-15 01:00:00,-16.4,20.0,0.0,30,231,88,954.9
2026-01-15 02:00:00,-17.6,15.7,0.0,71,82,62,998.3
2026-01-15 03:00:00,-21.3,10.7,0.0,69,276,75,972.0
2026-01-15 04:00:00,-14.1,8.2,0.0,33,196,77,982.7
2026-01-15 05:00:00,-17.6,21.0,495.2,53,90,84,984.5
2026-01-15 06:00:00,-15.9,14.0,441.3,16,307,65,974.8
2026-01-15 07:00:00,-21.2,14.6,439.6,93,338,74,979.7
2026-01-15 08:00:00,-10.8,13.0,570.6,80,176,54,969.8
2026-01-15 09:00:00,-16.3,22.7,351.7,67,346,62,986.2
2026-01-15 10:00:00,-15.8,19.2,416.2,35,32,79,1004.3
2026-01-15 11:00:00,-11.5,9.6,382.9,83,148,77,995.5
2026-01-15 12:00:00,-16.0,13.4,449.7,33,62,61,987.0
2026-01-15 13:00:00,-14.8,13.1,550.9,69,39,80,997.1
2026-01-15 14:00:00,-14.1,3.3,388.6,53,211,64,997.3
2026-01-15 15:00:00,-12.4,8.8,429.1,44,29,65,981.4
2026-01-15 16:00:00,-14.7,11.8,216.2,91,346,53,981.2
2026-01-15 17:00:00,-12.6,12.6,451.0,58,201,59,975.4
2026-01-15 18:00:00,-21.3,13.9,512.2,81,202,87,978.1
2026-01-15 19:00:00,-16.5,10.5,492.6,16,291,63,986.4
2026-01-15 20:00:00,-10.0,13.0,306.8,16,172,42,978.2
2026-01-15 21:00:00,-18.7,15.0,408.0,21,218,55,983.3
2026-01-15 22:00:00,-12.8,3.4,0.0,71,165,40,971.1
2026-01-15 23:00:00,-15.8,10.3,0.0,83,332,46,975.6
2026-01-16 00:00:00,-10.4,9.9,0.0,7,231,53,971.8
2026-01-16 01:00:00,-11.1,15.4,0.0,45,321,55,975.4
2026-01-16 02:00:00,-13.8,21.5,0.0,71,330,83,977.9
2026-01-16 03:00:00,-17.4,12.4,0.0,40,179,48,984.6
2026-01-16 04:00:00,-17.0,8.9,0.0,94,276,83,990.8
2026-01-16 05:00:00,-15.8,9.4,427.3,82,235,54,989.6
2026-01-16 06:00:00,-15.0,11.5,463.3,78,272,84,975.9
2026-01-16 07:00:00,-11.7,18.2,484.1,64,204,83,978.2
2026-01-16 08:00:00,-18.7,19.1,345.4,0,36,50,980.6
2026-01-16 09:00:00,-23.1,9.8,330.5,22,114,78,993.2
2026-01-16 10:00:00,-20.6,22.2,386.2,98,272,58,982.9
2026-01-16 11:00:00,-13.1,11.2,599.9,19,28,73,971.8
2026-01-16 12:00:00,-13.8,9.4,476.0,1,254,79,969.8
2026-01-16 13:00:00,-15.2,19.2,350.4,67,293,58,981.0
2026-01-16 14:00:00,-18.9,7.0,415.6,28,191,48,996.7
2026-01-16 15:00:00,-17.1,13.3,416.3,73,208,63,980.9
2026-01-16 16:00:00,-11.4,17.2,552.3,35,300,67,975.6
2026-01-16 17:00:00,-13.3,9.5,494.1,88,163,75,960.4
2026-01-16 18:00:00,-15.4,14.1,337.8,67,248,85,970.0
2026-01-16 19:00:00,-16.7,17.2,401.0,86,349,40,982.2
2026-01-16 20:00:00,-11.9,11.6,440.3,89,308,75,978.0
2026-01-16 21:00:00,-13.9,19.9,378.7,9,133,52,978.0
2026-01-16 22:00:00,-14.0,11.7,0.0,14,225,56,972.2
2026-01-16 23:00:00,-17.7,15.9,0.0,34,173,59,979.9
2026-01-17 00:00:00,-11.4,13.2,0.0,23,328,46,978.4
2026-01-17 01:00:00,-15.8,23.8,0.0,91,147,41,968.5
2026-01-17 02:00:00,-17.1,12.9,0.0,71,344,79,972.7
2026-01-17 03:00:00,-11.7,13.0,0.0,98,3,71,995.4
2026-01-17 04:00:00,-13.0,10.8,0.0,97,64,83,983.2
2026-01-17 05:00:00,-21.1,9.0,323.5,29,238,87,983.7
2026-01-17 06:00:00,-10.4,8.4,388.5,42,3,55,995.4
2026-01-17 07:00:00,-17.2,10.1,391.5,32,174,50,985.8
2026-01-17 08:00:00,-14.3,15.0,324.9,3,181,50,1001.9
2026-01-17 09:00:00,-15.0,10.9,418.5,83,85,44,977.1
2026-01-17 10:00:00,-14.4,15.2,521.7,27,51,48,987.9
2026-01-17 11:00:00,-16.8,15.1,356.9,21,114,43,978.0
2026-01-17 12:00:00,-20.2,8.7,509.4,1,71,74,974.7
2026-01-17 13:00:00,-14.2,6.0,495.2,37,32,85,986.2
2026-01-17 14:00:00,-14.2,10.7,410.3,36,207,60,988.2
2026-01-17 15:00:00,-10.8,12.9,237.1,41,88,76,969.7
2026-01-17 16:00:00,-21.3,17.7,473.9,59,135,46,982.5
2026-01-17 17:00:00,-12.2,12.9,453.4,30,152,52,961.1
2026-01-17 18:00:00,-18.0,10.2,437.3,38,106,57,988.5
2026-01-17 19:00:00,-14.9,11.7,449.2,64,60,51,991.0
2026-01-17 20:00:00,-15.8,18.8,315.1,65,293,87,977.4
2026-01-17 21:00:00,-18.8,5.1,408.2,38,176,49,981.0
2026-01-17 22:00:00,-17.0,19.7,0.0,1,299,89,974.7
2026-01-17 23:00:00,-13.4,11.0,0.0,79,238,78,995.1
2026-01-18 00:00:00,-20.8,12.4,0.0,51,23,69,987.8
2026-01-18 01:00:00,-14.3,10.3,0.0,75,334,65,970.0
2026-01-18 02:00:00,-15.9,7.5,0.0,23,272,57,986.2
2026-01-18 03:00:00,-20.7,10.1,0.0,49,357,78,989.6
2026-01-18 04:00:00,-14.1,12.6,0.0,82,152,80,979.3
2026-01-18 05:00:00,-13.5,4.3,381.4,18,9,61,977.5
2026-01-18 06:00:00,-18.7,7.3,320.2,26,349,42,985.4
2026-01-18 07:00:00,-16.1,11.1,450.5,37,343,41,967.0
2026-01-18 08:00:00,-13.1,16.4,385.5,29,116,82,971.3
2026-01-18 09:00:00,-19.1,5.9,336.6,35,324,60,984.5
2026-01-18 10:00:00,-12.4,11.8,333.1,83,346,83,962.0
2026-01-18 11:00:00,-15.5,15.3,333.3,17,84,54,989.8
2026-01-18 12:00:00,-20.9,11.6,287.3,9,93,56,981.1
2026-01-18 13:00:00,-18.6,10.1,336.3,13,280,48,972.3
2026-01-18 14:00:00,-16.4,12.9,479.6,69,176,58,995.8
2026-01-18 15:00:00,-11.0,3.8,475.1,57,92,65,972.1
2026-01-18 16:00:00,-13.8,10.2,524.2,0,25,86,975.2
2026-01-18 17:00:00,-14.8,6.5,257.7,36,321,48,980.8
2026-01-18 18:00:00,-11.8,15.2,535.6,95,355,73,985.0
2026-01-18 19:00:00,-16.4,9.7,560.5,73,69,50,972.1
2026-01-18 20:00:00,-17.3,7.8,337.9,65,318,87,989.0
2026-01-18 21:00:00,-16.9,12.1,410.4,76,13,46,970.4
2026-01-18 22:00:00,-17.1,6.4,0.0,18,150,79,1000.6
2026-01-18 23:00:00,-13.6,12.1,0.0,90,298,76,996.3
2026-01-19 00:00:00,-16.5,14.2,0.0,22,308,78,955.0
2026-01-19 01:00:00,-14.6,10.8,0.0,83,327,54,976.7
2026-01-19 02:00:00,-12.2,28.2,0.0,70,172,54,984.8
2026-01-19 03:00:00,-21.1,3.9,0.0,34,33,46,974.1
2026-01-19 04:00:00,-14.6,7.0,0.0,50,337,69,972.6
2026-01-19 05:00:00,-14.0,16.9,461.3,60,3,62,980.9
2026-01-19 06:00:00,-11.2,11.8,342.9,43,76,69,965.7
2026-01-19 07:00:00,-17.9,20.0,533.1,41,271,60,970.5
2026-01-19 08:00:00,-12.4,8.8,258.0,42,279,85,999.9
2026-01-19 09:00:00,-14.7,10.5,310.0,7,353,84,994.6
2026-01-19 10:00:00,-16.9,13.6,279.0,42,137,49,973.2
2026-01-19 11:00:00,-12.6,13.0,361.0,74,266,82,975.3
2026-01-19 12:00:00,-15.7,17.1,427.9,72,349,53,974.0
2026-01-19 13:00:00,-14.2,13.7,433.4,94,179,88,989.3
2026-01-19 14:00:00,-11.0,20.2,260.5,42,313,72,977.3
2026-01-19 15:00:00,-14.0,7.1,564.1,11,161,52,978.7
2026-01-19 16:00:00,-16.3,6.9,515.5,9,62,61,988.3
2026-01-19 17:00:00,-16.1,17.8,244.7,40,287,70,983.9
2026-01-19 18:00:00,-14.9,15.6,468.6,39,144,70,991.6
2026-01-19 19:00:00,-13.0,10.8,396.4,71,41,85,984.1
2026-01-19 20:00:00,-15.9,12.0,479.3,59,270,46,973.9
2026-01-19 21:00:00,-11.5,15.4,468.1,71,207,61,981.4
2026-01-19 22:00:00,-17.0,10.9,0.0,77,241,72,970.6
2026-01-19 23:00:00,-12.6,1.9,0.0,74,275,73,982.2
2026-01-20 00:00:00,-11.8,9.5,0.0,9,238,46,980.6
2026-01-20 01:00:00,-14.6,21.9,0.0,4,196,73,977.1
2026-01-20 02:00:00,-13.2,8.9,0.0,52,226,85,978.3
2026-01-20 03:00:00,-14.4,9.1,0.0,72,219,77,977.5
2026-01-20 04:00:00,-10.3,11.8,0.0,21,47,69,979.4
2026-01-20 05:00:00,-16.7,17.5,318.7,29,86,56,979.8
2026-01-20 06:00:00,-15.2,12.5,448.8,92,350,41,972.4
2026-01-20 07:00:00,-12.4,13.0,524.7,54,116,81,979.8
2026-01-20 08:00:00,-17.2,10.7,313.0,56,131,80,981.7
2026-01-20 09:00:00,-15.9,15.2,439.4,85,140,51,964.4
2026-01-20 10:00:00,-17.4,9.1,241.8,11,283,68,970.8
2026-01-20 11:00:00,-13.4,12.3,536.4,5,225,73,991.2
2026-01-20 12:00:00,-10.0,5.2,384.6,35,332,44,973.8
2026-01-20 13:00:00,-16.6,15.2,452.8,55,303,68,994.8
2026-01-20 14:00:00,-15.6,24.9,353.9,49,251,85,977.0
2026-01-20 15:00:00,-10.3,8.5,403.5,46,86,61,996.4
2026-01-20 16:00:00,-14.0,15.3,344.4,28,304,56,986.4
2026-01-20 17:00:00,-16.7,14.7,224.3,25,268,80,977.7
2026-01-20 18:00:00,-15.2,4.9,284.0,38,327,69,975.8
2026-01-20 19:00:00,-14.0,4.1,409.0,40,278,68,985.0
2026-01-20 20:00:00,-8.5,13.0,342.1,2,119,86,980.7
2026-01-20 21:00:00,-11.0,13.2,263.3,18,347,40,981.9
2026-01-20 22:00:00,-14.4,3.0,0.0,84,239,56,986.8
2026-01-20 23:00:00,-11.8,15.7,0.0,14,139,87,959.2
2026-01-21 00:00:00,-12.1,15.2,0.0,91,104,81,975.7
2026-01-21 01:00:00,-12.2,10.3,0.0,81,182,57,975.7
2026-01-21 02:00:00,-14.5,11.8,0.0,43,234,67,987.3
2026-01-21 03:00:00,-19.0,4.2,0.0,21,179,85,992.1
2026-01-21 04:00:00,-17.6,12.8,0.0,9,260,47,975.7
2026-01-21 05:00:00,-16.9,14.7,376.2,62,317,60,973.5
2026-01-21 06:00:00,-12.0,18.8,373.8,92,18,79,992.9
2026-01-21 07:00:00,-15.7,15.2,236.3,87,169,48,984.5
2026-01-21 08:00:00,-19.6,20.1,279.1,36,213,50,982.5
2026-01-21 09:00:00,-13.8,19.6,414.6,46,11,65,971.7
2026-01-21 10:00:00,-16.4,10.6,485.8,64,207,72,968.9
2026-01-21 11:00:00,-14.9,17.7,381.5,66,239,81,965.2
2026-01-21 12:00:00,-17.5,13.7,351.5,97,284,65,977.7
2026-01-21 13:00:00,-13.2,18.0,310.8,66,333,72,959.3
2026-01-21 14:00:00,-7.1,15.5,486.6,28,105,81,981.0
2026-01-21 15:00:00,-14.5,16.5,509.0,60,53,80,998.0
2026-01-21 16:00:00,-11.6,10.5,494.2,43,95,69,980.9
2026-01-21 17:00:00,-8.8,24.5,405.4,74,261,74,988.9
2026-01-21 18:00:00,-11.2,13.5,552.5,13,357,67,989.1
2026-01-21 19:00:00,-16.8,16.9,373.7,60,193,70,977.7
2026-01-21 20:00:00,-12.1,19.6,388.3,2,165,51,986.0
2026-01-21 21:00:00,-16.6,12.4,609.3,81,316,69,986.0
2026-01-21 22:00:00,-10.9,13.1,0.0,8,348,66,980.9
2026-01-21 23:00:00,-15.8,4.4,0.0,39,160,44,992.4
2026-01-22 00:00:00,-21.7,10.4,0.0,13,56,52,982.4
2026-01-22 01:00:00,-13.6,3.2,0.0,73,353,84,996.7
2026-01-22 02:00:00,-12.3,12.5,0.0,97,258,71,995.6
2026-01-22 03:00:00,-18.3,20.0,0.0,1,292,76,959.7
2026-01-22 04:00:00,-18.4,7.3,0.0,59,138,69,983.4
2026-01-22 05:00:00,-14.2,16.6,487.8,18,204,76,977.6
2026-01-22 06:00:00,-10.1,6.4,513.0,84,189,75,982.0
2026-01-22 07:00:00,-13.3,11.6,399.0,4,144,72,999.0
2026-01-22 08:00:00,-16.8,11.5,360.9,94,320,59,983.0
2026-01-22 09:00:00,-13.3,15.7,310.9,70,129,77,1013.4
2026-01-22 10:00:00,-17.0,13.0,475.0,64,173,51,976.6
2026-01-22 11:00:00,-15.4,9.4,517.4,19,162,41,986.1
2026-01-22 12:00:00,-18.8,11.3,239.0,67,38,68,980.4
2026-01-22 13:00:00,-14.8,8.8,327.7,15,119,67,962.6
2026-01-22 14:00:00,-21.8,7.5,213.2,24,242,71,989.8
2026-01-22 15:00:00,-17.2,17.5,279.3,29,121,74,967.9
2026-01-22 16:00:00,-16.1,11.0,591.4,86,190,72,986.3
2026-01-22 17:00:00,-17.4,15.3,488.1,66,194,61,974.5
2026-01-22 18:00:00,-13.2,8.2,400.7,17,284,42,977.8
2026-01-22 19:00:00,-14.2,12.1,374.9,59,332,81,975.6
2026-01-22 20:00:00,-20.0,15.7,383.7,1,118,42,988.6
2026-01-22 21:00:00,-14.1,11.0,288.2,26,4,53,968.9
2026-01-22 22:00:00,-14.7,21.3,0.0,90,115,40,962.6
2026-01-22 23:00:00,-17.0,5.9,0.0,37,209,47,970.3
2026-01-23 00:00:00,-16.4,3.3,0.0,74,50,53,977.8
2026-01-23 01:00:00,-11.9,6.9,0.0,74,13,65,986.9
2026-01-23 02:00:00,-17.4,9.7,0.0,72,182,68,979.5
2026-01-23 03:00:00,-13.6,21.4,0.0,52,220,68,973.9
2026-01-23 04:00:00,-13.1,6.2,0.0,32,270,68,966.2
2026-01-23 05:00:00,-17.4,9.4,207.1,48,88,80,969.3
2026-01-23 06:00:00,-16.4,9.4,421.6,7,115,49,983.0
2026-01-23 07:00:00,-14.9,21.9,301.6,6,285,47,983.1
2026-01-23 08:00:00,-20.2,20.0,337.5,51,71,75,984.6
2026-01-23 09:00:00,-13.7,25.4,418.6,24,347,82,975.6
2026-01-23 10:00:00,-15.4,14.1,425.7,8,350,77,964.3
2026-01-23 11:00:00,-15.3,5.2,376.5,6,280,55,983.6
2026-01-23 12:00:00,-13.4,5.3,435.0,9,142,54,981.9
2026-01-23 13:00:00,-19.0,9.4,297.8,33,123,85,980.8
2026-01-23 14:00:00,-20.5,13.3,163.6,51,24,82,987.8
2026-01-23 15:00:00,-13.9,9.3,555.5,55,31,83,978.9
2026-01-23 16:00:00,-17.5,14.8,231.4,13,120,87,981.6
2026-01-23 17:00:00,-11.2,11.9,254.8,17,304,76,968.9
2026-01-23 18:00:00,-12.2,11.0,426.9,78,118,80,976.8
2026-01-23 19:00:00,-8.7,6.4,366.9,52,146,71,977.7
2026-01-23 20:00:00,-16.0,14.3,368.0,55,190,69,994.9
2026-01-23 21:00:00,-15.0,17.7,330.5,62,111,79,971.3
2026-01-23 22:00:00,-13.8,11.2,0.0,71,226,78,974.9
2026-01-23 23:00:00,-11.9,18.6,0.0,7,236,78,990.1
2026-01-24 00:00:00,-14.0,20.1,0.0,58,120,67,986.3
2026-01-24 01:00:00,-14.0,13.9,0.0,76,342,48,964.6
2026-01-24 02:00:00,-15.2,14.3,0.0,41,238,51,977.1
2026-01-24 03:00:00,-14.4,11.6,0.0,42,41,80,992.8
2026-01-24 04:00:00,-21.7,8.4,0.0,86,112,62,972.2
2026-01-24 05:00:00,-16.0,6.3,338.9,62,240,82,974.1
2026-01-24 06:00:00,-18.4,12.4,242.9,40,205,89,952.1
2026-01-24 07:00:00,-13.8,0.6,369.9,97,11,76,974.0
2026-01-24 08:00:00,-13.6,15.7,448.0,29,34,76,980.9
2026-01-24 09:00:00,-16.4,8.0,345.6,25,70,43,980.8
2026-01-24 10:00:00,-16.2,23.0,590.3,9,103,68,996.4
2026-01-24 11:00:00,-10.8,10.4,321.4,91,308,89,970.4
2026-01-24 12:00:00,-17.2,12.1,450.1,95,319,67,981.9
2026-01-24 13:00:00,-17.7,8.3,674.1,85,335,77,977.3
2026-01-24 14:00:00,-13.9,7.7,478.9,55,249,82,968.1
2026-01-24 15:00:00,-18.7,18.0,479.2,41,110,49,965.6
2026-01-24 16:00:00,-14.1,10.2,339.7,35,321,58,968.1
2026-01-24 17:00:00,-16.1,10.9,447.4,36,138,52,991.5
2026-01-24 18:00:00,-12.9,6.8,571.4,88,2,66,980.9
2026-01-24 19:00:00,-15.8,18.8,313.0,28,58,82,976.0
2026-01-24 20:00:00,-6.2,21.0,489.0,0,145,70,979.4
2026-01-24 21:00:00,-13.6,8.4,445.6,50,342,53,994.6
2026-01-24 22:00:00,-14.9,11.0,0.0,77,169,59,970.0
2026-01-24 23:00:00,-12.9,13.8,0.0,4,256,59,957.4
2026-01-25 00:00:00,-14.1,5.3,0.0,10,195,45,985.4
2026-01-25 01:00:00,-13.3,4.2,0.0,37,99,68,971.3
2026-01-25 02:00:00,-9.7,10.1,0.0,1,206,74,991.4
2026-01-25 03:00:00,-9.4,16.4,0.0,81,42,42,974.0
2026-01-25 04:00:00,-15.3,13.0,0.0,17,216,40,970.7
2026-01-25 05:00:00,-16.2,6.6,305.3,23,3,74,995.9
2026-01-25 06:00:00,-9.3,2.1,259.2,42,120,61,974.6
2026-01-25 07:00:00,-20.6,9.3,433.2,17,135,81,986.7
2026-01-25 08:00:00,-12.3,19.2,168.5,66,86,56,977.0
2026-01-25 09:00:00,-13.5,11.8,345.9,81,266,87,980.7
2026-01-25 10:00:00,-13.0,13.1,418.2,91,330,67,974.1
2026-01-25 11:00:00,-18.3,21.5,456.3,13,258,50,999.3
2026-01-25 12:00:00,-11.4,13.4,406.3,62,261,70,983.6
2026-01-25 13:00:00,-18.3,6.8,428.4,17,290,76,983.9
2026-01-25 14:00:00,-10.5,18.9,335.9,48,60,55,993.3
2026-01-25 15:00:00,-17.5,17.6,354.8,95,190,59,983.3
2026-01-25 16:00:00,-12.9,7.1,483.8,29,165,74,962.8
2026-01-25 17:00:00,-20.8,13.8,379.1,53,105,66,975.7
2026-01-25 18:00:00,-17.3,11.5,464.3,84,169,87,995.7
2026-01-25 19:00:00,-20.1,5.0,504.9,100,53,45,984.8
2026-01-25 20:00:00,-11.6,11.1,407.4,98,241,85,989.4
2026-01-25 21:00:00,-15.6,11.7,474.4,62,279,58,975.3
2026-01-25 22:00:00,-19.7,9.4,0.0,30,225,46,988.8
2026-01-25 23:00:00,-21.0,6.9,0.0,56,197,71,989.8
2026-01-26 00:00:00,-11.3,10.3,0.0,36,35,60,982.4
2026-01-26 01:00:00,-10.0,7.9,0.0,25,113,73,972.3
2026-01-26 02:00:00,-13.9,1.2,0.0,86,176,79,996.6
2026-01-26 03:00:00,-12.4,17.2,0.0,0,177,87,997.3
2026-01-26 04:00:00,-17.5,15.5,0.0,9,285,55,983.9
2026-01-26 05:00:00,-11.5,8.2,294.2,5,183,65,981.3
2026-01-26 06:00:00,-16.1,17.0,489.3,36,129,73,981.5
2026-01-26 07:00:00,-17.1,15.3,196.4,9,90,72,975.4
2026-01-26 08:00:00,-16.7,12.6,561.9,34,162,84,997.4
2026-01-26 09:00:00,-17.6,9.4,239.3,59,221,80,971.6
2026-01-26 10:00:00,-16.3,18.0,486.0,67,331,85,981.1
2026-01-26 11:00:00,-14.3,9.3,458.8,5,234,77,978.7
2026-01-26 12:00:00,-15.3,14.8,495.0,67,173,47,984.3
2026-01-26 13:00:00,-16.1,1.8,281.2,81,279,63,968.6
2026-01-26 14:00:00,-19.1,20.4,289.5,47,64,58,990.2
2026-01-26 15:00:00,-13.5,17.9,422.7,64,97,47,979.9
2026-01-26 16:00:00,-13.4,11.9,487.3,5,53,71,986.6
2026-01-26 17:00:00,-11.4,9.5,501.7,85,338,78,976.9
2026-01-26 18:00:00,-17.0,16.1,459.4,31,116,42,968.9
2026-01-26 19:00:00,-14.8,11.4,346.3,25,314,68,996.8
2026-01-26 20:00:00,-14.3,6.4,433.9,22,43,44,1001.0
2026-01-26 21:00:00,-13.9,9.8,483.1,77,146,75,980.5
2026-01-26 22:00:00,-12.1,1.6,0.0,31,84,89,975.7
2026-01-26 23:00:00,-19.6,11.9,0.0,25,29,85,972.7
2026-01-27 00:00:00,-17.9,5.1,0.0,3,25,67,983.7
2026-01-27 01:00:00,-14.9,16.9,0.0,28,144,50,983.2
2026-01-27 02:00:00,-16.4,16.2,0.0,40,132,71,994.2
2026-01-27 03:00:00,-14.9,7.0,0.0,41,104,43,992.6
2026-01-27 04:00:00,-15.9,14.4,0.0,6,25,67,969.7
2026-01-27 05:00:00,-13.1,5.9,173.1,54,166,68,970.5
2026-01-27 06:00:00,-15.5,20.1,467.2,35,244,88,980.5
2026-01-27 07:00:00,-16.8,4.6,456.3,72,183,75,977.0
2026-01-27 08:00:00,-12.5,9.6,514.5,62,63,81,976.0
2026-01-27 09:00:00,-9.0,23.1,396.0,27,136,58,982.3
2026-01-27 10:00:00,-18.0,12.0,423.6,35,280,58,974.0
2026-01-27 11:00:00,-14.1,16.9,486.3,85,240,45,968.1
2026-01-27 12:00:00,-12.4,17.5,293.5,76,84,44,985.5
2026-01-27 13:00:00,-20.2,4.3,419.2,47,52,48,996.8
2026-01-27 14:00:00,-17.0,7.3,433.8,84,90,43,978.2
2026-01-27 15:00:00,-15.5,12.6,507.9,46,353,82,987.1
2026-01-27 16:00:00,-10.0,10.4,508.5,60,137,87,977.7
2026-01-27 17:00:00,-20.7,11.3,328.5,28,16,64,989.4
2026-01-27 18:00:00,-11.5,18.7,525.0,79,85,66,981.2
2026-01-27 19:00:00,-19.9,14.6,419.6,59,200,40,978.9
2026-01-27 20:00:00,-19.3,6.7,271.7,44,180,65,1006.5
2026-01-27 21:00:00,-15.5,16.2,360.6,91,12,84,984.8
2026-01-27 22:00:00,-16.3,9.5,0.0,94,47,74,980.3
2026-01-27 23:00:00,-15.3,15.8,0.0,97,335,55,1000.2
2026-01-28 00:00:00,-13.8,15.1,0.0,88,255,61,990.8
2026-01-28 01:00:00,-11.8,12.2,0.0,39,65,82,1002.0
2026-01-28 02:00:00,-14.2,13.9,0.0,90,135,75,973.8
2026-01-28 03:00:00,-21.6,10.0,0.0,28,79,63,968.1
2026-01-28 04:00:00,-17.3,6.2,0.0,10,323,48,1001.2
2026-01-28 05:00:00,-13.0,1.4,570.8,36,165,85,995.2
2026-01-28 06:00:00,-16.3,7.6,268.3,91,212,89,989.3
2026-01-28 07:00:00,-20.0,12.9,471.0,44,180,40,974.7
2026-01-28 08:00:00,-12.7,14.4,458.5,13,313,86,982.0
2026-01-28 09:00:00,-20.3,13.6,374.1,0,320,88,978.3
2026-01-28 10:00:00,-16.2,10.3,477.4,79,170,84,984.1
2026-01-28 11:00:00,-12.0,0.0,254.9,59,106,73,984.4
2026-01-28 12:00:00,-17.3,19.3,281.6,93,176,51,983.6
2026-01-28 13:00:00,-14.7,14.4,526.2,4,85,44,998.7
2026-01-28 14:00:00,-15.8,16.5,281.8,81,33,44,977.3
2026-01-28 15:00:00,-15.7,6.2,417.2,83,328,58,974.7
2026-01-28 16:00:00,-13.8,18.6,465.9,45,312,82,996.6
2026-01-28 17:00:00,-16.0,5.6,371.1,1,136,77,968.5
2026-01-28 18:00:00,-9.3,7.7,413.6,52,218,75,967.4
2026-01-28 19:00:00,-12.4,5.0,394.7,75,140,73,966.4
2026-01-28 20:00:00,-15.9,18.1,454.1,36,67,81,977.5
2026-01-28 21:00:00,-16.6,0.1,382.6,73,18,68,969.5
2026-01-28 22:00:00,-19.7,10.0,0.0,18,141,48,985.8
2026-01-28 23:00:00,-15.5,16.2,0.0,100,36,81,974.9
2026-01-29 00:00:00,-16.0,9.6,0.0,40,29,88,992.3
2026-01-29 01:00:00,-25.0,1.6,0.0,68,357,83,986.5
2026-01-29 02:00:00,-19.4,13.2,0.0,13,123,76,983.3
2026-01-29 03:00:00,-12.8,23.1,0.0,48,327,49,985.7
2026-01-29 04:00:00,-16.8,5.8,0.0,50,237,55,981.0
2026-01-29 05:00:00,-13.0,12.3,372.8,98,205,58,980.7
2026-01-29 06:00:00,-15.9,14.2,518.5,84,223,63,990.9
2026-01-29 07:00:00,-17.9,4.0,270.1,46,272,85,998.5
2026-01-29 08:00:00,-13.0,18.8,383.8,13,31,64,979.4
2026-01-29 09:00:00,-16.4,9.7,517.5,98,200,43,977.5
2026-01-29 10:00:00,-14.2,18.1,358.8,40,225,81,958.2
2026-01-29 11:00:00,-14.0,11.2,484.9,95,293,68,978.5
2026-01-29 12:00:00,-17.6,18.8,417.3,34,198,50,974.5
2026-01-29 13:00:00,-11.7,12.4,412.8,67,55,58,972.4
2026-01-29 14:00:00,-17.3,9.7,418.4,38,13,65,972.4
2026-01-29 15:00:00,-15.8,9.2,525.2,55,151,86,984.5
2026-01-29 16:00:00,-16.3,2.8,336.0,33,295,63,973.3
2026-01-29 17:00:00,-12.8,7.4,445.3,99,75,43,982.1
2026-01-29 18:00:00,-9.6,11.3,459.2,89,94,61,969.8
2026-01-29 19:00:00,-20.9,15.3,471.9,22,119,57,986.7
2026-01-29 20:00:00,-23.4,13.5,424.2,11,356,46,988.0
2026-01-29 21:00:00,-14.9,12.3,333.5,83,353,47,956.2
2026-01-29 22:00:00,-14.7,8.5,0.0,69,252,40,961.5
2026-01-29 23:00:00,-12.7,11.9,0.0,47,98,85,967.1
2026-01-30 00:00:00,-18.4,18.6,0.0,85,121,50,988.8
2026-01-30 01:00:00,-16.1,17.3,0.0,48,33,64,988.4
2026-01-30 02:00:00,-13.8,15.7,0.0,18,4,89,977.3
2026-01-30 03:00:00,-14.3,16.5,0.0,83,262,58,982.4
2026-01-30 04:00:00,-12.4,14.9,0.0,94,252,87,983.7
2026-01-30 05:00:00,-18.2,12.4,364.2,38,212,61,975.3
2026-01-30 06:00:00,-13.0,20.7,383.1,77,293,73,992.7
2026-01-30 07:00:00,-12.4,8.8,392.5,71,101,51,966.1
2026-01-30 08:00:00,-15.7,7.9,378.6,29,238,63,984.6
2026-01-30 09:00:00,-16.5,15.6,411.1,2,184,72,969.2
2026-01-30 10:00:00,-14.2,21.3,461.9,70,257,43,966.6
2026-01-30 11:00:00,-18.6,15.0,418.9,58,353,83,968.1
2026-01-30 12:00:00,-17.3,10.3,387.4,40,78,82,979.4
2026-01-30 13:00:00,-17.1,8.6,400.7,0,106,84,983.4
2026-01-30 14:00:00,-10.7,16.2,396.9,60,57,73,990.3
2026-01-30 15:00:00,-10.2,11.3,450.7,3,32,57,986.0
2026-01-30 16:00:00,-19.7,14.5,457.5,81,190,51,968.9
2026-01-30 17:00:00,-15.7,19.3,491.4,6,308,84,960.5
2026-01-30 18:00:00,-14.0,10.4,286.4,28,171,62,992.8
2026-01-30 19:00:00,-18.0,5.2,301.8,97,36,89,985.8
2026-01-30 20:00:00,-15.3,17.1,375.8,97,262,40,992.4
2026-01-30 21:00:00,-13.4,21.1,521.1,88,62,69,989.9
2026-01-30 22:00:00,-16.2,14.3,0.0,76,159,65,957.6
2026-01-30 23:00:00,-21.9,9.9,0.0,1,181,52,991.8
2026-01-31 00:00:00,-14.3,9.0,0.0,79,351,79,981.5
2026-01-31 01:00:00,-10.6,10.3,0.0,12,95,81,980.0
2026-01-31 02:00:00,-13.6,9.1,0.0,41,187,74,983.3
2026-01-31 03:00:00,-8.9,12.0,0.0,99,281,86,974.5
2026-01-31 04:00:00,-15.1,18.1,0.0,94,179,40,975.0
2026-01-31 05:00:00,-21.0,1.9,455.8,89,165,85,964.4
2026-01-31 06:00:00,-20.5,9.5,468.8,58,4,79,971.2
2026-01-31 07:00:00,-19.0,4.5,508.8,57,286,50,977.7
2026-01-31 08:00:00,-11.6,6.8,421.0,13,34,73,965.7
2026-01-31 09:00:00,-15.3,11.6,341.6,24,169,53,981.8
2026-01-31 10:00:00,-17.4,16.8,354.0,3,76,81,981.5
2026-01-31 11:00:00,-18.0,14.3,399.5,86,111,79,974.4
2026-01-31 12:00:00,-17.4,15.6,433.9,58,159,83,976.3
2026-01-31 13:00:00,-16.0,12.7,458.4,39,9,76,984.0
2026-01-31 14:00:00,-18.8,6.4,305.6,81,167,89,999.6
2026-01-31 15:00:00,-19.4,14.0,516.8,6,139,71,991.3
2026-01-31 16:00:00,-22.6,11.4,377.4,55,262,66,997.8
2026-01-31 17:00:00,-18.8,14.9,376.1,87,94,47,977.9
2026-01-31 18:00:00,-15.0,14.7,382.4,33,332,51,972.3
2026-01-31 19:00:00,-15.0,13.1,481.5,16,258,58,986.6
2026-01-31 20:00:00,-18.4,16.3,265.9,44,130,89,980.3
2026-01-31 21:00:00,-17.0,13.9,464.0,57,1,63,985.7
2026-01-31 22:00:00,-18.5,9.7,0.0,64,186,50,994.7
2026-01-31 23:00:00,-14.3,12.7,0.0,70,266,69,989.7
2026-02-01 00:00:00,-17.2,20.5,0.0,44,113,73,998.8
2026-02-01 01:00:00,-16.6,18.5,0.0,61,2,55,983.0
2026-02-01 02:00:00,-15.2,12.1,0.0,36,312,68,1000.7
2026-02-01 03:00:00,-23.0,16.7,0.0,30,157,71,987.1
2026-02-01 04:00:00,-16.0,20.7,0.0,34,261,53,971.9
2026-02-01 05:00:00,-18.9,8.8,454.2,57,129,57,985.1
2026-02-01 06:00:00,-14.9,8.0,331.5,100,70,51,982.7
2026-02-01 07:00:00,-13.2,11.9,395.6,21,45,48,960.9
2026-02-01 08:00:00,-15.8,6.1,355.8,4,208,58,994.7
2026-02-01 09:00:00,-15.1,10.0,385.1,79,201,79,954.6
2026-02-01 10:00:00,-13.2,16.2,386.7,10,176,78,977.3
2026-02-01 11:00:00,-16.8,2.4,565.2,64,153,68,982.3
2026-02-01 12:00:00,-17.8,6.6,526.4,91,276,60,978.4
2026-02-01 13:00:00,-15.5,9.6,278.4,67,267,86,977.5
2026-02-01 14:00:00,-14.5,12.2,501.1,90,335,59,993.6
2026-02-01 15:00:00,-16.9,15.7,269.8,84,111,70,985.1
2026-02-01 16:00:00,-13.1,15.0,211.8,86,81,67,978.4
2026-02-01 17:00:00,-17.8,8.1,474.9,16,248,45,965.7
2026-02-01 18:00:00,-19.1,8.6,355.4,75,139,74,973.4
2026-02-01 19:00:00,-16.8,8.9,235.3,10,18,45,981.5
2026-02-01 20:00:00,-9.5,4.9,456.6,10,84,68,958.5
2026-02-01 21:00:00,-19.7,0.1,349.0,28,106,63,991.9
2026-02-01 22:00:00,-14.7,8.1,0.0,40,115,76,999.7
2026-02-01 23:00:00,-17.7,10.2,0.0,68,125,51,975.5
2026-02-02 00:00:00,-12.3,13.5,0.0,73,154,69,977.6
2026-02-02 01:00:00,-17.2,18.5,0.0,55,351,77,982.0
2026-02-02 02:00:00,-17.9,8.8,0.0,35,250,66,975.2
2026-02-02 03:00:00,-17.8,13.8,0.0,2,11,88,975.5
2026-02-02 04:00:00,-14.5,7.8,0.0,31,219,41,998.3
2026-02-02 05:00:00,-15.7,8.5,501.6,16,183,40,987.0
2026-02-02 06:00:00,-23.8,19.0,328.0,14,264,75,973.1
2026-02-02 07:00:00,-13.3,10.6,464.5,54,334,60,960.2
2026-02-02 08:00:00,-17.6,10.4,530.7,43,218,60,964.8
2026-02-02 09:00:00,-14.6,5.4,344.0,33,116,80,970.7
2026-02-02 10:00:00,-18.7,16.0,468.2,69,282,65,987.1
2026-02-02 11:00:00,-11.4,17.7,300.4,68,239,52,962.5
2026-02-02 12:00:00,-13.1,17.8,470.5,18,82,77,997.4
2026-02-02 13:00:00,-11.0,14.4,442.5,31,62,86,990.5
2026-02-02 14:00:00,-19.3,6.9,380.6,18,163,76,981.8
2026-02-02 15:00:00,-10.6,19.5,365.6,21,354,62,999.7
2026-02-02 16:00:00,-18.8,5.9,390.4,24,259,73,965.3
2026-02-02 17:00:00,-15.4,13.3,296.3,1,120,60,983.4
2026-02-02 18:00:00,-17.0,15.9,275.3,45,261,73,973.9
2026-02-02 19:00:00,-15.6,16.9,589.7,44,298,52,968.4
2026-02-02 20:00:00,-14.8,12.6,469.7,10,37,63,962.4
2026-02-02 21:00:00,-15.5,15.2,616.6,81,144,85,989.2
2026-02-02 22:00:00,-16.8,8.3,0.0,95,28,49,974.8
2026-02-02 23:00:00,-9.8,6.5,0.0,59,173,76,976.9
2026-02-03 00:00:00,-12.9,6.3,0.0,10,4,65,972.8
2026-02-03 01:00:00,-13.8,5.8,0.0,64,252,62,985.8
2026-02-03 02:00:00,-17.2,16.6,0.0,88,189,62,998.7
2026-02-03 03:00:00,-19.3,12.5,0.0,35,259,46,976.4
2026-02-03 04:00:00,-10.9,11.9,0.0,82,249,66,973.6
2026-02-03 05:00:00,-19.3,14.8,442.8,93,132,66,987.2
2026-02-03 06:00:00,-17.5,15.8,382.1,0,187,55,991.7
2026-02-03 07:00:00,-22.4,21.6,490.0,50,61,64,971.0
2026-02-03 08:00:00,-13.6,20.2,408.5,3,241,79,984.2
2026-02-03 09:00:00,-20.6,22.9,251.6,8,205,74,994.6
2026-02-03 10:00:00,-19.8,20.4,400.5,15,344,82,976.7
2026-02-03 11:00:00,-11.2,11.8,526.9,95,52,64,989.3
2026-02-03 12:00:00,-14.5,12.8,494.6,47,57,61,971.2
2026-02-03 13:00:00,-14.3,8.1,264.4,78,3,86,988.9
2026-02-03 14:00:00,-15.4,12.5,250.9,74,151,59,1001.8
2026-02-03 15:00:00,-15.1,13.1,430.7,50,170,85,967.4
2026-02-03 16:00:00,-17.5,13.0,296.1,61,94,44,971.7
2026-02-03 17:00:00,-13.6,19.9,400.2,98,194,72,968.5
2026-02-03 18:00:00,-16.9,11.3,315.8,15,33,72,974.5
2026-02-03 19:00:00,-13.7,14.5,473.8,99,137,54,979.2
2026-02-03 20:00:00,-15.6,9.3,344.6,88,54,85,988.1
2026-02-03 21:00:00,-19.5,11.0,362.7,60,151,50,998.7
2026-02-03 22:00:00,-13.6,12.6,0.0,35,327,66,975.8
2026-02-03 23:00:00,-15.9,20.9,0.0,12,88,65,984.1
2026-02-04 00:00:00,-15.6,19.1,0.0,90,111,44,976.4
2026-02-04 01:00:00,-13.9,22.1,0.0,71,19,66,989.3
2026-02-04 02:00:00,-14.6,13.6,0.0,64,132,56,979.6
2026-02-04 03:00:00,-16.1,16.6,0.0,100,356,80,978.9
2026-02-04 04:00:00,-16.5,10.5,0.0,54,157,88,974.5
2026-02-04 05:00:00,-9.9,10.1,341.4,11,40,40,981.0
2026-02-04 06:00:00,-21.6,15.1,211.5,15,262,48,982.0
2026-02-04 07:00:00,-13.7,8.9,297.5,100,299,52,969.6
2026-02-04 08:00:00,-15.9,11.5,453.0,10,54,43,978.5
2026-02-04 09:00:00,-13.6,17.1,471.6,84,34,57,963.5
2026-02-04 10:00:00,-15.8,13.8,503.6,82,292,45,965.0
2026-02-04 11:00:00,-17.6,1.9,297.9,47,276,88,978.3
2026-02-04 12:00:00,-19.8,18.1,381.7,85,144,88,980.0
2026-02-04 13:00:00,-14.9,13.6,431.5,44,110,52,990.7
2026-02-04 14:00:00,-19.0,25.9,370.5,71,317,56,977.4
2026-02-04 15:00:00,-15.2,9.4,378.8,29,217,49,997.1
2026-02-04 16:00:00,-17.4,17.4,341.2,66,338,64,968.0
2026-02-04 17:00:00,-8.4,0.6,303.4,47,31,83,971.8
2026-02-04 18:00:00,-23.3,7.7,352.7,52,282,58,981.3
2026-02-04 19:00:00,-18.5,13.3,225.9,30,299,72,978.1
2026-02-04 20:00:00,-17.1,21.1,312.3,100,103,76,986.3
2026-02-04 21:00:00,-19.4,8.5,368.9,16,235,60,967.8
2026-02-04 22:00:00,-19.7,12.6,0.0,48,131,49,983.5
2026-02-04 23:00:00,-16.0,19.0,0.0,76,179,81,968.4
2026-02-05 00:00:00,-18.0,22.1,0.0,16,191,56,992.0
2026-02-05 01:00:00,-15.1,24.7,0.0,62,88,89,987.3
2026-02-05 02:00:00,-16.7,16.9,0.0,56,132,89,982.5
2026-02-05 03:00:00,-17.1,7.2,0.0,81,172,70,979.4
2026-02-05 04:00:00,-11.7,18.6,0.0,27,180,56,972.0
2026-02-05 05:00:00,-13.9,24.4,532.0,58,246,63,980.7
2026-02-05 06:00:00,-8.8,2.8,433.5,4,279,81,966.7
2026-02-05 07:00:00,-20.1,9.2,447.7,1,123,49,989.4
2026-02-05 08:00:00,-7.0,10.5,386.0,96,276,41,980.8
2026-02-05 09:00:00,-17.0,15.4,444.2,78,8,52,962.7
2026-02-05 10:00:00,-16.0,14.9,474.4,66,152,61,988.5
2026-02-05 11:00:00,-18.8,5.3,253.9,49,297,59,967.8
2026-02-05 12:00:00,-12.1,9.0,429.5,35,13,83,991.2
2026-02-05 13:00:00,-16.1,7.5,446.7,97,133,55,966.5
2026-02-05 14:00:00,-12.9,17.4,381.3,96,136,83,968.2
2026-02-05 15:00:00,-14.9,9.9,505.4,84,71,75,969.1
2026-02-05 16:00:00,-21.1,11.8,483.4,33,289,74,965.6
2026-02-05 17:00:00,-15.0,7.5,506.5,72,103,65,976.5
2026-02-05 18:00:00,-16.4,17.7,485.4,85,87,56,970.5
2026-02-05 19:00:00,-14.8,6.6,565.2,84,300,57,960.2
2026-02-05 20:00:00,-18.8,10.7,265.2,49,89,41,980.6
2026-02-05 21:00:00,-20.0,15.2,543.2,34,331,45,985.8
2026-02-05 22:00:00,-14.6,9.9,0.0,83,221,46,983.5
2026-02-05 23:00:00,-13.7,11.6,0.0,46,330,61,973.7
2026-02-06 00:00:00,-19.5,16.4,0.0,8,290,86,969.3
2026-02-06 01:00:00,-15.1,0.0,0.0,0,341,86,988.7
2026-02-06 02:00:00,-14.4,7.5,0.0,46,316,51,983.9
2026-02-06 03:00:00,-20.0,6.9,0.0,53,96,73,976.7
2026-02-06 04:00:00,-7.8,8.3,0.0,99,307,55,982.0
2026-02-06 05:00:00,-13.2,2.4,526.3,92,82,53,976.2
2026-02-06 06:00:00,-16.1,5.4,273.5,27,95,48,997.5
2026-02-06 07:00:00,-12.6,15.5,571.2,4,169,69,984.7
2026-02-06 08:00:00,-14.5,11.4,422.8,1,40,75,979.3
2026-02-06 09:00:00,-17.2,12.0,224.5,73,252,73,981.0
2026-02-06 10:00:00,-20.6,15.6,335.2,24,261,81,986.0
2026-02-06 11:00:00,-16.2,13.5,265.3,78,307,50,973.6
2026-02-06 12:00:00,-19.0,9.5,337.0,87,151,50,973.4
2026-02-06 13:00:00,-14.6,11.1,482.3,47,74,78,979.0
2026-02-06 14:00:00,-15.2,21.8,496.7,12,237,50,987.6
2026-02-06 15:00:00,-11.8,14.0,415.7,22,62,71,986.4
2026-02-06 16:00:00,-18.4,18.4,582.6,18,203,86,980.1
2026-02-06 17:00:00,-18.4,6.2,338.9,49,325,75,969.2
2026-02-06 18:00:00,-16.0,7.3,443.2,99,25,42,994.6
2026-02-06 19:00:00,-15.5,8.9,463.1,84,225,67,959.8
2026-02-06 20:00:00,-18.9,10.8,449.4,37,143,62,971.0
2026-02-06 21:00:00,-12.5,7.5,235.3,15,155,71,978.0
2026-02-06 22:00:00,-19.4,15.3,0.0,54,291,77,965.0
2026-02-06 23:00:00,-18.1,14.4,0.0,43,274,56,998.0
2026-02-07 00:00:00,-16.3,7.9,0.0,55,179,89,958.5
2026-02-07 01:00:00,-17.1,14.5,0.0,18,242,78,971.7
2026-02-07 02:00:00,-20.8,8.2,0.0,13,54,51,979.7
2026-02-07 03:00:00,-13.3,3.7,0.0,12,214,43,985.4
2026-02-07 04:00:00,-14.4,5.6,0.0,71,347,50,968.2
2026-02-07 05:00:00,-21.8,12.3,184.2,6,45,52,982.8
2026-02-07 06:00:00,-13.4,12.7,600.2,66,254,73,987.1
2026-02-07 07:00:00,-15.4,23.4,536.0,7,189,63,984.4
2026-02-07 08:00:00,-16.0,19.8,546.3,69,315,55,986.5
2026-02-07 09:00:00,-18.3,9.0,441.4,10,34,82,973.9
2026-02-07 10:00:00,-12.8,7.8,360.9,14,335,54,984.4
2026-02-07 11:00:00,-19.0,10.9,285.7,49,118,44,980.5
2026-02-07 12:00:00,-17.9,15.0,603.5,25,144,51,978.2
2026-02-07 13:00:00,-22.5,10.4,439.1,14,313,75,986.1
2026-02-07 14:00:00,-14.7,10.5,211.5,42,114,74,975.3
2026-02-07 15:00:00,-14.3,10.2,317.5,34,188,49,978.0
2026-02-07 16:00:00,-15.7,10.3,432.8,97,252,46,981.5
2026-02-07 17:00:00,-20.0,15.5,244.9,31,281,64,984.8
2026-02-07 18:00:00,-12.3,15.1,424.4,61,273,76,984.4
2026-02-07 19:00:00,-17.4,12.9,418.6,33,58,80,981.9
2026-02-07 20:00:00,-17.7,5.8,346.3,66,235,86,989.0
2026-02-07 21:00:00,-22.2,22.2,307.7,11,141,66,978.9
2026-02-07 22:00:00,-17.8,3.1,0.0,17,345,58,976.1
2026-02-07 23:00:00,-20.7,4.9,0.0,45,211,54,989.2
2026-02-08 00:00:00,-14.9,13.6,0.0,26,21,88,997.3
2026-02-08 01:00:00,-19.0,6.3,0.0,55,86,65,985.9
2026-02-08 02:00:00,-15.2,12.1,0.0,30,195,78,981.0
2026-02-08 03:00:00,-17.6,13.9,0.0,79,197,76,975.1
2026-02-08 04:00:00,-19.3,2.7,0.0,62,251,46,979.1
2026-02-08 05:00:00,-15.2,15.4,458.0,37,48,52,970.5
2026-02-08 06:00:00,-18.5,15.5,167.6,51,109,89,966.9
2026-02-08 07:00:00,-11.4,18.9,407.3,70,75,85,977.3
2026-02-08 08:00:00,-16.2,3.6,505.4,74,221,49,974.0
2026-02-08 09:00:00,-18.9,19.2,365.9,16,166,80,971.3
2026-02-08 10:00:00,-11.9,12.9,512.3,76,89,55,982.8
2026-02-08 11:00:00,-19.8,8.1,391.0,34,18,86,960.1
2026-02-08 12:00:00,-15.1,11.8,371.3,11,325,63,969.3
2026-02-08 13:00:00,-20.5,20.1,468.9,74,265,65,970.9
2026-02-08 14:00:00,-16.2,7.6,423.8,85,7,76,976.0
2026-02-08 15:00:00,-14.5,9.4,306.0,38,117,60,958.8
2026-02-08 16:00:00,-14.8,4.3,269.5,28,209,86,979.8
2026-02-08 17:00:00,-15.1,9.4,316.7,58,179,77,972.4
2026-02-08 18:00:00,-17.8,14.4,177.4,95,358,52,981.4
2026-02-08 19:00:00,-17.5,16.4,486.9,28,148,58,978.8
2026-02-08 20:00:00,-13.9,20.2,571.1,82,77,44,972.7
2026-02-08 21:00:00,-15.9,26.1,412.8,66,160,64,980.5
2026-02-08 22:00:00,-18.1,10.3,0.0,84,115,42,995.6
2026-02-08 23:00:00,-16.1,19.4,0.0,17,311,76,983.1
2026-02-09 00:00:00,-20.2,12.0,0.0,99,208,79,983.7
2026-02-09 01:00:00,-17.4,18.2,0.0,92,303,53,965.7
2026-02-09 02:00:00,-18.5,18.0,0.0,92,290,57,987.4
2026-02-09 03:00:00,-19.9,12.8,0.0,47,115,61,971.7
2026-02-09 04:00:00,-14.5,4.1,0.0,49,289,88,970.8
2026-02-09 05:00:00,-21.7,12.2,456.5,29,27,42,972.2
2026-02-09 06:00:00,-15.8,20.0,495.1,16,283,82,956.1
2026-02-09 07:00:00,-10.7,3.4,437.6,76,174,67,981.5
2026-02-09 08:00:00,-14.1,13.3,538.6,2,27,76,979.1
2026-02-09 09:00:00,-12.8,15.4,333.9,73,220,76,975.6
2026-02-09 10:00:00,-18.3,6.8,499.1,76,264,58,1002.8
2026-02-09 11:00:00,-17.5,8.0,419.4,77,15,65,978.4
2026-02-09 12:00:00,-22.7,9.8,276.3,96,182,80,967.6
2026-02-09 13:00:00,-19.0,7.0,254.9,0,331,86,980.2
2026-02-09 14:00:00,-13.3,17.8,356.6,3,222,81,992.8
2026-02-09 15:00:00,-15.7,13.0,343.6,74,207,75,981.3
2026-02-09 16:00:00,-19.9,14.9,385.0,61,168,80,980.2
2026-02-09 17:00:00,-17.9,22.3,396.3,32,32,47,984.5
2026-02-09 18:00:00,-16.8,25.5,467.3,9,46,88,984.9
2026-02-09 19:00:00,-25.7,14.8,662.9,37,260,55,982.8
2026-02-09 20:00:00,-21.3,9.2,431.2,93,253,72,980.7
2026-02-09 21:00:00,-19.3,4.3,351.0,22,30,59,973.5
2026-02-09 22:00:00,-17.1,11.9,0.0,28,283,73,982.3
2026-02-09 23:00:00,-15.3,13.3,0.0,69,325,49,983.3
2026-02-10 00:00:00,-19.0,9.1,0.0,8,173,43,985.8
2026-02-10 01:00:00,-12.2,10.2,0.0,17,253,58,970.2
2026-02-10 02:00:00,-18.2,5.8,0.0,99,80,80,974.0
2026-02-10 03:00:00,-15.7,11.6,0.0,97,10,51,985.7
2026-02-10 04:00:00,-23.8,14.8,0.0,15,191,54,972.6
2026-02-10 05:00:00,-13.3,9.0,575.1,34,7,63,969.5
2026-02-10 06:00:00,-17.4,24.2,467.8,96,340,64,964.8
2026-02-10 07:00:00,-14.1,16.5,272.3,12,326,47,982.7
2026-02-10 08:00:00,-17.3,6.7,495.5,94,6,75,993.7
2026-02-10 09:00:00,-13.9,18.6,418.1,4,187,49,970.0
2026-02-10 10:00:00,-18.5,13.7,262.3,59,220,85,988.9
2026-02-10 11:00:00,-16.3,6.8,466.0,82,316,88,980.9
2026-02-10 12:00:00,-21.4,8.0,265.2,59,234,86,986.5
2026-02-10 13:00:00,-13.5,15.5,415.8,28,105,87,985.7
2026-02-10 14:00:00,-17.4,22.8,528.3,30,158,51,965.9
2026-02-10 15:00:00,-18.9,12.1,453.7,69,235,76,958.0
2026-02-10 16:00:00,-16.4,10.3,319.0,20,318,68,967.8
2026-02-10 17:00:00,-16.6,7.5,358.0,34,142,67,993.2
2026-02-10 18:00:00,-20.7,10.0,412.9,29,274,68,975.7
2026-02-10 19:00:00,-15.5,19.0,478.2,56,17,84,1003.6
2026-02-10 20:00:00,-20.6,7.2,266.1,47,288,87,994.6
2026-02-10 21:00:00,-11.6,3.1,284.8,52,118,80,984.4
2026-02-10 22:00:00,-16.2,14.9,0.0,3,137,57,979.7
2026-02-10 23:00:00,-14.9,20.5,0.0,45,241,70,979.9
2026-02-11 00:00:00,-15.2,14.3,0.0,5,276,44,977.1
2026-02-11 01:00:00,-21.0,8.7,0.0,37,15,81,985.2
2026-02-11 02:00:00,-16.2,10.3,0.0,91,195,71,993.1
2026-02-11 03:00:00,-16.6,16.0,0.0,58,19,76,993.1
2026-02-11 04:00:00,-16.1,9.6,0.0,75,257,80,965.4
2026-02-11 05:00:00,-18.4,3.9,413.4,14,291,83,975.1
2026-02-11 06:00:00,-21.5,17.1,387.1,49,212,46,1001.4
2026-02-11 07:00:00,-18.3,6.3,446.5,53,212,88,987.9
2026-02-11 08:00:00,-14.2,8.7,373.0,76,106,74,968.7
2026-02-11 09:00:00,-16.2,19.1,529.9,80,334,43,995.4
2026-02-11 10:00:00,-18.1,10.9,228.2,30,178,76,971.5
2026-02-11 11:00:00,-18.3,14.2,454.1,10,44,59,976.5
2026-02-11 12:00:00,-17.3,6.0,470.4,13,161,54,972.5
2026-02-11 13:00:00,-21.2,7.6,505.8,31,212,87,975.2
2026-02-11 14:00:00,-18.7,15.7,343.0,46,203,80,972.5
2026-02-11 15:00:00,-11.7,15.4,531.7,45,80,53,979.7
2026-02-11 16:00:00,-20.1,16.3,568.4,10,312,78,970.3
2026-02-11 17:00:00,-19.0,11.0,453.8,9,82,47,977.3
2026-02-11 18:00:00,-17.6,16.1,401.4,60,178,87,973.9
2026-02-11 19:00:00,-20.3,9.7,423.2,82,325,74,971.8
2026-02-11 20:00:00,-21.2,15.9,402.2,11,283,86,988.7
2026-02-11 21:00:00,-15.0,14.9,373.5,2,36,41,986.1
2026-02-11 22:00:00,-15.5,20.3,0.0,71,247,70,979.1
2026-02-11 23:00:00,-15.4,11.0,0.0,52,327,50,958.1
2026-02-12 00:00:00,-15.7,8.7,0.0,1,81,65,989.9
2026-02-12 01:00:00,-17.8,20.6,0.0,94,23,71,986.3
2026-02-12 02:00:00,-8.8,22.0,0.0,47,218,80,967.9
2026-02-12 03:00:00,-13.9,13.4,0.0,16,240,63,994.5
2026-02-12 04:00:00,-17.6,12.8,0.0,78,204,65,981.1
2026-02-12 05:00:00,-17.3,9.0,414.9,78,251,70,976.6
2026-02-12 06:00:00,-13.5,7.2,311.7,65,268,72,966.5
2026-02-12 07:00:00,-17.6,16.5,391.2,24,194,70,973.2
2026-02-12 08:00:00,-15.9,26.1,618.8,90,35,83,989.9
2026-02-12 09:00:00,-17.3,24.2,182.6,78,195,50,986.7
2026-02-12 10:00:00,-15.9,21.8,473.0,25,232,74,1011.9
2026-02-12 11:00:00,-13.7,9.1,286.7,47,350,40,966.9
2026-02-12 12:00:00,-20.2,6.4,408.4,39,160,65,974.9
2026-02-12 13:00:00,-15.3,10.3,412.4,18,31,57,987.4
2026-02-12 14:00:00,-16.3,18.4,383.6,18,19,85,977.8
2026-02-12 15:00:00,-15.7,15.7,463.0,69,205,81,985.2
2026-02-12 16:00:00,-16.8,18.0,437.6,38,298,88,981.7
2026-02-12 17:00:00,-10.1,1.6,476.3,24,250,49,979.9
2026-02-12 18:00:00,-17.2,13.8,491.8,6,43,53,985.7
2026-02-12 19:00:00,-18.8,18.4,277.3,44,105,43,1001.4
2026-02-12 20:00:00,-18.4,15.7,378.8,12,40,81,970.8
2026-02-12 21:00:00,-14.8,9.4,432.8,80,89,74,993.5
2026-02-12 22:00:00,-20.8,10.4,0.0,84,319,41,973.5
2026-02-12 23:00:00,-19.3,13.0,0.0,33,141,82,981.0
2026-02-13 00:00:00,-19.8,19.2,0.0,14,340,53,978.1
2026-02-13 01:00:00,-16.3,3.4,0.0,16,270,87,983.2
2026-02-13 02:00:00,-20.1,7.5,0.0,47,11,78,981.8
2026-02-13 03:00:00,-13.1,9.3,0.0,51,18,62,975.8
2026-02-13 04:00:00,-14.5,14.0,0.0,93,340,46,993.6
2026-02-13 05:00:00,-18.4,5.9,457.0,51,342,66,987.7
2026-02-13 06:00:00,-20.4,9.2,365.5,3,215,49,970.8
2026-02-13 07:00:00,-16.1,5.3,452.1,89,241,55,984.1
2026-02-13 08:00:00,-19.4,7.3,399.0,41,345,45,985.5
2026-02-13 09:00:00,-16.4,11.9,486.7,31,69,66,975.7
2026-02-13 10:00:00,-14.4,17.1,346.3,51,10,50,975.5
2026-02-13 11:00:00,-20.0,22.4,315.7,38,204,77,975.6
2026-02-13 12:00:00,-16.8,18.7,478.3,46,326,50,986.5
2026-02-13 13:00:00,-18.2,16.1,357.4,40,60,86,989.5
2026-02-13 14:00:00,-16.4,10.2,276.9,59,203,58,983.3
2026-02-13 15:00:00,-11.9,10.0,336.8,3,285,80,1002.7
2026-02-13 16:00:00,-22.4,4.5,424.5,54,39,50,976.2
2026-02-13 17:00:00,-20.2,10.9,422.9,61,320,71,976.0
2026-02-13 18:00:00,-15.1,9.7,397.4,2,255,43,979.5
2026-02-13 19:00:00,-16.1,15.0,407.1,60,266,70,973.9
2026-02-13 20:00:00,-14.6,12.2,300.5,96,310,52,986.2
2026-02-13 21:00:00,-19.1,14.6,293.7,94,179,81,1002.3
2026-02-13 22:00:00,-14.0,5.0,0.0,32,346,40,982.2
2026-02-13 23:00:00,-21.2,9.1,0.0,68,338,65,984.6
2026-02-14 00:00:00,-22.9,10.3,0.0,19,240,83,996.1
2026-02-14 01:00:00,-14.5,12.0,0.0,20,320,52,971.0
2026-02-14 02:00:00,-14.1,19.0,0.0,36,178,52,983.5
2026-02-14 03:00:00,-20.6,15.2,0.0,9,161,81,971.4
2026-02-14 04:00:00,-18.6,5.8,0.0,59,355,70,967.9
2026-02-14 05:00:00,-13.8,12.4,373.8,56,200,60,983.6
2026-02-14 06:00:00,-15.7,8.0,392.5,80,187,79,967.5
2026-02-14 07:00:00,-16.5,0.0,343.7,23,221,74,983.3
2026-02-14 08:00:00,-13.0,11.2,386.2,64,66,43,981.2
2026-02-14 09:00:00,-19.1,10.5,351.4,15,16,67,994.5
2026-02-14 10:00:00,-21.5,14.3,283.0,48,59,45,988.3
2026-02-14 11:00:00,-17.3,0.4,325.7,84,41,69,979.9
2026-02-14 12:00:00,-18.8,13.1,295.0,6,97,89,983.0
2026-02-14 13:00:00,-16.9,22.7,405.9,46,127,74,973.0
2026-02-14 14:00:00,-15.8,7.8,330.3,75,192,73,974.5
2026-02-14 15:00:00,-14.1,8.0,267.1,52,222,63,994.0
2026-02-14 16:00:00,-16.3,15.9,398.3,60,246,67,997.9
2026-02-14 17:00:00,-17.4,9.1,324.3,68,271,86,986.3
2026-02-14 18:00:00,-20.7,19.4,369.8,40,186,73,991.6
2026-02-14 19:00:00,-19.0,8.4,434.0,85,325,68,972.2
2026-02-14 20:00:00,-21.4,14.7,475.5,9,251,59,964.4
2026-02-14 21:00:00,-19.2,9.5,194.2,84,2,84,987.3
2026-02-14 22:00:00,-13.8,5.8,0.0,62,306,69,983.7
2026-02-14 23:00:00,-14.9,9.8,0.0,12,199,77,986.4
2026-02-15 00:00:00,-17.8,15.8,0.0,69,109,88,984.7
2026-02-15 01:00:00,-19.9,12.7,0.0,98,59,54,982.2
2026-02-15 02:00:00,-11.8,10.9,0.0,83,313,61,969.6
2026-02-15 03:00:00,-15.2,14.0,0.0,17,112,57,977.0
2026-02-15 04:00:00,-14.5,19.8,0.0,40,310,51,958.9
2026-02-15 05:00:00,-14.8,3.7,434.1,24,47,58,974.5
2026-02-15 06:00:00,-14.0,9.5,449.6,78,231,52,978.2
2026-02-15 07:00:00,-16.7,8.0,387.0,81,145,45,998.5
2026-02-15 08:00:00,-15.9,15.6,478.2,61,332,88,981.1
2026-02-15 09:00:00,-11.9,9.0,468.5,85,301,72,973.0
2026-02-15 10:00:00,-15.7,10.1,449.5,52,265,76,985.1
2026-02-15 11:00:00,-18.1,10.5,361.9,84,272,74,978.0
2026-02-15 12:00:00,-20.2,13.1,364.3,89,162,81,978.6
2026-02-15 13:00:00,-14.5,5.0,489.4,1,147,48,958.6
2026-02-15 14:00:00,-14.4,0.7,308.7,53,293,62,973.0
2026-02-15 15:00:00,-14.2,8.5,362.9,2,281,51,979.5
2026-02-15 16:00:00,-20.6,9.4,319.3,29,99,74,968.0
2026-02-15 17:00:00,-13.9,12.5,399.3,38,153,68,978.3
2026-02-15 18:00:00,-16.3,9.4,356.4,60,104,78,986.4
2026-02-15 19:00:00,-16.4,8.3,371.6,29,148,86,977.8
2026-02-15 20:00:00,-20.3,9.3,410.7,51,3,50,971.8
2026-02-15 21:00:00,-17.9,16.1,232.8,23,78,41,979.1
2026-02-15 22:00:00,-13.5,17.9,0.0,90,199,71,986.5
2026-02-15 23:00:00,-22.9,11.3,0.0,54,310,76,977.5
2026-02-16 00:00:00,-16.5,14.5,0.0,56,136,48,996.7
2026-02-16 01:00:00,-19.6,13.2,0.0,6,203,71,981.2
2026-02-16 02:00:00,-18.2,14.7,0.0,42,356,64,997.7
2026-02-16 03:00:00,-18.7,14.6,0.0,97,251,85,971.9
2026-02-16 04:00:00,-16.3,9.9,0.0,24,114,64,978.6
2026-02-16 05:00:00,-17.5,16.7,373.4,6,359,84,970.2
2026-02-16 06:00:00,-20.5,8.9,268.7,36,270,40,970.8
2026-02-16 07:00:00,-17.4,2.7,448.5,60,105,87,982.4
2026-02-16 08:00:00,-14.8,13.1,352.8,61,3,54,973.8
2026-02-16 09:00:00,-15.4,9.2,372.0,20,128,53,983.3
2026-02-16 10:00:00,-18.0,16.1,223.2,93,260,66,974.7
2026-02-16 11:00:00,-12.7,15.4,260.3,8,245,73,978.8
2026-02-16 12:00:00,-13.1,17.7,457.4,78,198,89,992.3
2026-02-16 13:00:00,-12.8,15.3,453.5,70,231,65,970.4
2026-02-16 14:00:00,-19.1,15.1,435.0,89,213,87,966.5
2026-02-16 15:00:00,-22.8,13.2,630.7,69,259,81,984.1
2026-02-16 16:00:00,-25.3,17.1,299.6,69,0,40,961.5
2026-02-16 17:00:00,-20.5,20.3,369.6,33,141,66,985.9
2026-02-16 18:00:00,-18.1,14.2,201.8,88,189,85,979.5
2026-02-16 19:00:00,-19.3,7.3,339.8,8,211,40,975.3
2026-02-16 20:00:00,-20.6,9.5,432.2,81,258,46,982.9
2026-02-16 21:00:00,-19.1,14.3,266.3,59,45,79,977.6
2026-02-16 22:00:00,-15.0,13.8,0.0,89,220,63,998.9
2026-02-16 23:00:00,-23.7,10.6,0.0,90,217,48,979.4
2026-02-17 00:00:00,-18.6,12.3,0.0,65,150,54,973.6
2026-02-17 01:00:00,-19.8,13.2,0.0,46,159,54,965.6
2026-02-17 02:00:00,-18.9,2.9,0.0,42,53,47,971.2
2026-02-17 03:00:00,-23.2,19.5,0.0,74,246,83,976.9
2026-02-17 04:00:00,-12.4,18.8,0.0,21,227,83,988.4
2026-02-17 05:00:00,-14.8,9.6,429.0,88,64,78,972.4
2026-02-17 06:00:00,-22.5,2.0,407.3,2,55,66,976.6
2026-02-17 07:00:00,-14.5,15.8,282.3,46,313,48,989.5
2026-02-17 08:00:00,-16.7,17.1,480.9,91,220,48,984.6
2026-02-17 09:00:00,-18.2,8.8,435.2,41,249,41,995.1
2026-02-17 10:00:00,-17.5,10.3,437.8,7,310,89,975.4
2026-02-17 11:00:00,-20.7,9.8,395.2,57,128,64,976.6
2026-02-17 12:00:00,-19.7,10.7,339.2,14,102,43,996.1
2026-02-17 13:00:00,-15.1,20.1,369.6,58,129,68,973.1
2026-02-17 14:00:00,-15.3,7.2,507.5,93,3,80,974.0
2026-02-17 15:00:00,-19.7,13.2,349.3,23,40,81,983.7
2026-02-17 16:00:00,-16.9,13.3,240.8,90,48,89,976.4
2026-02-17 17:00:00,-13.8,9.7,417.8,64,220,78,977.4
2026-02-17 18:00:00,-20.7,15.5,455.9,81,298,47,985.0
2026-02-17 19:00:00,-20.2,11.3,480.4,7,195,69,990.1
2026-02-17 20:00:00,-17.1,10.1,600.7,29,321,40,991.7
2026-02-17 21:00:00,-15.3,16.0,241.4,19,323,73,961.5
2026-02-17 22:00:00,-24.1,10.4,0.0,60,266,88,1003.5
2026-02-17 23:00:00,-9.0,16.6,0.0,24,130,63,973.9
2026-02-18 00:00:00,-13.4,12.4,0.0,3,213,57,975.3
2026-02-18 01:00:00,-17.6,3.8,0.0,22,308,87,987.2
2026-02-18 02:00:00,-19.5,17.7,0.0,9,294,44,1007.4
2026-02-18 03:00:00,-15.3,6.1,0.0,85,98,82,978.6
2026-02-18 04:00:00,-19.1,10.7,0.0,7,225,85,962.9
2026-02-18 05:00:00,-20.0,5.2,268.4,25,96,43,986.3
2026-02-18 06:00:00,-17.8,17.3,578.3,91,345,89,976.6
2026-02-18 07:00:00,-17.2,4.9,217.4,76,250,54,971.8
2026-02-18 08:00:00,-17.3,0.0,334.9,78,51,53,989.5
2026-02-18 09:00:00,-15.9,14.6,419.1,56,11,69,984.4
2026-02-18 10:00:00,-18.8,7.8,214.6,59,48,80,998.7
2026-02-18 11:00:00,-18.5,14.7,310.3,98,47,89,996.3
2026-02-18 12:00:00,-13.8,12.8,458.6,65,48,81,995.5
2026-02-18 13:00:00,-16.3,13.6,435.2,59,44,73,972.9
2026-02-18 14:00:00,-16.5,16.0,515.5,25,22,63,974.0
2026-02-18 15:00:00,-13.2,9.4,443.5,73,340,71,987.3
2026-02-18 16:00:00,-18.8,13.8,404.5,49,111,51,985.7
2026-02-18 17:00:00,-20.3,14.4,353.3,56,18,74,986.4
2026-02-18 18:00:00,-18.0,19.9,322.9,33,78,71,977.2
2026-02-18 19:00:00,-17.4,10.3,196.4,6,35,54,970.0
2026-02-18 20:00:00,-16.4,18.7,394.3,72,158,61,974.9
2026-02-18 21:00:00,-17.7,10.0,373.1,70,232,51,983.1
2026-02-18 22:00:00,-19.2,10.3,0.0,33,136,50,980.9
2026-02-18 23:00:00,-22.3,13.6,0.0,79,93,88,998.1
2026-02-19 00:00:00,-20.9,10.4,0.0,87,183,85,980.3
2026-02-19 01:00:00,-22.1,15.7,0.0,58,324,43,984.1
2026-02-19 02:00:00,-17.6,19.9,0.0,70,55,69,982.3
2026-02-19 03:00:00,-23.4,15.7,0.0,95,278,64,972.7
2026-02-19 04:00:00,-20.5,14.4,0.0,99,171,84,988.2
2026-02-19 05:00:00,-17.1,21.3,350.0,58,198,63,985.2
2026-02-19 06:00:00,-20.2,12.6,398.1,78,312,88,969.9
2026-02-19 07:00:00,-20.7,19.8,448.9,100,265,68,972.6
2026-02-19 08:00:00,-21.5,9.6,184.8,83,102,67,986.1
2026-02-19 09:00:00,-16.1,20.5,561.1,14,61,88,973.5
2026-02-19 10:00:00,-19.6,10.4,436.9,18,229,79,989.0
2026-02-19 11:00:00,-17.5,14.1,174.5,73,168,67,986.6
2026-02-19 12:00:00,-17.1,10.5,262.5,46,274,77,991.4
2026-02-19 13:00:00,-19.2,16.7,505.4,30,295,68,977.7
2026-02-19 14:00:00,-22.5,3.5,412.9,23,353,75,970.0
2026-02-19 15:00:00,-13.3,19.9,394.0,76,51,81,978.1
2026-02-19 16:00:00,-19.3,14.3,414.7,63,75,46,977.0
2026-02-19 17:00:00,-25.4,19.9,450.6,47,29,53,981.4
2026-02-19 18:00:00,-20.4,4.5,421.4,41,306,46,977.2
2026-02-19 19:00:00,-21.7,18.6,490.8,35,22,87,978.1
2026-02-19 20:00:00,-16.3,9.3,465.7,74,139,67,975.7
2026-02-19 21:00:00,-16.4,9.8,457.4,59,291,48,982.6
2026-02-19 22:00:00,-21.9,13.4,0.0,77,220,63,990.0
2026-02-19 23:00:00,-24.5,21.4,0.0,67,227,69,971.6
2026-02-20 00:00:00,-22.4,7.0,0.0,95,157,86,974.7
2026-02-20 01:00:00,-18.0,11.8,0.0,34,161,67,967.8
2026-02-20 02:00:00,-17.1,3.3,0.0,35,243,64,978.0
2026-02-20 03:00:00,-20.0,9.0,0.0,6,47,48,985.0
2026-02-20 04:00:00,-18.4,2.5,0.0,37,154,54,984.8
2026-02-20 05:00:00,-16.4,12.7,518.9,58,21,53,966.1
2026-02-20 06:00:00,-18.5,2.2,432.3,41,312,79,975.5
2026-02-20 07:00:00,-17.1,13.1,268.5,73,242,41,979.8
2026-02-20 08:00:00,-18.1,10.1,349.3,11,294,82,970.0
2026-02-20 09:00:00,-19.0,16.7,393.2,58,34,78,974.3
2026-02-20 10:00:00,-18.2,7.6,359.4,71,120,51,987.0
2026-02-20 11:00:00,-18.6,23.1,232.6,89,187,48,986.7
2026-02-20 12:00:00,-18.5,11.7,275.8,51,63,72,976.4
2026-02-20 13:00:00,-21.5,10.8,315.8,35,291,47,970.8
2026-02-20 14:00:00,-18.3,6.1,235.7,4,210,64,964.2
2026-02-20 15:00:00,-15.2,15.0,474.7,38,47,87,966.1
2026-02-20 16:00:00,-21.1,8.4,367.5,12,166,86,969.1
2026-02-20 17:00:00,-21.0,7.3,416.1,85,63,60,991.3
2026-02-20 18:00:00,-16.6,16.8,545.5,9,322,84,966.5
2026-02-20 19:00:00,-12.6,12.7,447.3,100,133,69,966.5
2026-02-20 20:00:00,-19.3,11.6,213.6,7,203,62,968.1
2026-02-20 21:00:00,-16.9,6.0,258.0,100,336,71,985.2
2026-02-20 22:00:00,-22.0,9.5,0.0,28,81,51,990.1
2026-02-20 23:00:00,-16.8,17.3,0.0,5,13,55,969.5
2026-02-21 00:00:00,-19.8,2.9,0.0,49,138,67,994.9
2026-02-21 01:00:00,-18.9,0.3,0.0,55,281,78,966.8
2026-02-21 02:00:00,-18.4,9.2,0.0,85,240,55,991.5
2026-02-21 03:00:00,-20.9,18.5,0.0,48,121,52,991.9
2026-02-21 04:00:00,-21.0,11.9,0.0,64,41,58,977.1
2026-02-21 05:00:00,-14.3,10.4,440.2,61,264,80,965.5
2026-02-21 06:00:00,-16.0,18.4,533.4,70,76,52,975.3
2026-02-21 07:00:00,-20.9,11.6,325.3,33,235,77,992.0
2026-02-21 08:00:00,-18.9,5.4,494.8,61,59,79,971.1
2026-02-21 09:00:00,-20.6,9.6,445.5,46,331,62,973.7
2026-02-21 10:00:00,-18.5,8.6,447.1,53,14,74,964.8
2026-02-21 11:00:00,-20.7,7.7,468.9,42,3,52,968.8
2026-02-21 12:00:00,-26.6,14.4,208.2,19,165,48,981.8
2026-02-21 13:00:00,-20.6,20.8,304.1,17,116,67,978.5
2026-02-21 14:00:00,-16.2,13.1,406.4,89,289,50,976.6
2026-02-21 15:00:00,-17.0,15.9,233.8,60,13,40,987.3
2026-02-21 16:00:00,-16.6,11.3,570.4,29,268,80,988.3
2026-02-21 17:00:00,-19.1,11.3,448.5,10,153,51,986.3
2026-02-21 18:00:00,-13.3,12.8,293.1,55,239,71,958.4
2026-02-21 19:00:00,-18.5,13.8,431.2,50,262,75,989.6
2026-02-21 20:00:00,-24.3,6.1,337.2,48,55,55,992.6
2026-02-21 21:00:00,-19.1,11.3,312.0,48,335,89,978.2
2026-02-21 22:00:00,-18.5,9.8,0.0,88,234,60,1000.4
2026-02-21 23:00:00,-19.9,15.2,0.0,78,294,87,996.3
2026-02-22 00:00:00,-23.5,13.5,0.0,74,141,83,978.6
2026-02-22 01:00:00,-20.5,9.2,0.0,33,130,72,968.9
2026-02-22 02:00:00,-19.3,15.9,0.0,59,256,72,992.2
2026-02-22 03:00:00,-19.2,17.4,0.0,80,26,52,988.5
2026-02-22 04:00:00,-21.1,13.0,0.0,51,114,52,972.4
2026-02-22 05:00:00,-13.9,15.2,411.8,89,253,45,975.2
2026-02-22 06:00:00,-18.0,5.3,344.4,94,321,76,961.6
2026-02-22 07:00:00,-20.2,7.1,472.5,23,56,56,978.5
2026-02-22 08:00:00,-17.0,12.1,310.7,5,64,58,991.9
2026-02-22 09:00:00,-20.5,13.6,467.1,100,308,73,988.6
2026-02-22 10:00:00,-23.6,13.9,467.1,42,197,84,964.1
2026-02-22 11:00:00,-15.4,8.2,360.9,92,281,72,972.6
2026-02-22 12:00:00,-18.9,12.8,504.5,0,12,88,975.7
2026-02-22 13:00:00,-22.7,14.7,390.7,45,243,84,993.0
2026-02-22 14:00:00,-19.2,15.4,313.8,39,28,82,977.0
2026-02-22 15:00:00,-20.8,0.0,187.7,49,127,86,977.3
2026-02-22 16:00:00,-20.0,17.4,456.6,63,293,83,986.0
2026-02-22 17:00:00,-21.1,18.5,547.6,21,284,57,962.6
2026-02-22 18:00:00,-15.0,12.8,269.3,70,183,73,970.7
2026-02-22 19:00:00,-21.7,14.7,373.8,4,31,84,989.5
2026-02-22 20:00:00,-19.6,9.4,349.5,7,109,48,996.9
2026-02-22 21:00:00,-19.5,6.4,345.3,12,128,45,979.2
2026-02-22 22:00:00,-21.4,9.5,0.0,22,195,63,981.0
2026-02-22 23:00:00,-19.7,7.1,0.0,49,79,48,981.7
2026-02-23 00:00:00,-14.6,17.0,0.0,25,234,59,966.1
2026-02-23 01:00:00,-16.7,14.2,0.0,30,99,47,960.7
2026-02-23 02:00:00,-21.6,10.5,0.0,28,55,86,986.5
2026-02-23 03:00:00,-21.4,7.8,0.0,69,132,87,973.9
2026-02-23 04:00:00,-18.7,9.6,0.0,97,195,81,986.7
2026-02-23 05:00:00,-17.3,13.7,284.9,90,14,55,984.4
2026-02-23 06:00:00,-24.3,2.8,326.9,14,0,69,991.8
2026-02-23 07:00:00,-17.9,23.9,150.0,72,323,72,971.0
2026-02-23 08:00:00,-17.0,4.6,300.4,89,148,69,976.0
2026-02-23 09:00:00,-16.2,17.7,418.8,11,85,45,977.6
2026-02-23 10:00:00,-19.9,11.5,598.9,94,229,83,978.4
2026-02-23 11:00:00,-19.4,7.5,494.7,99,323,80,990.4
2026-02-23 12:00:00,-21.1,15.1,301.0,33,88,78,979.3
2026-02-23 13:00:00,-13.5,23.3,325.5,49,65,54,971.2
2026-02-23 14:00:00,-18.8,17.2,327.7,94,147,59,976.4
2026-02-23 15:00:00,-18.0,8.9,519.4,41,359,64,970.7
2026-02-23 16:00:00,-16.7,10.4,408.5,65,242,70,973.4
2026-02-23 17:00:00,-19.8,12.7,496.5,80,277,47,972.1
2026-02-23 18:00:00,-18.6,13.1,378.3,58,273,41,966.8
2026-02-23 19:00:00,-9.2,14.6,544.5,2,142,68,983.1
2026-02-23 20:00:00,-20.2,15.2,251.0,73,31,61,983.1
2026-02-23 21:00:00,-16.9,13.0,365.1,58,288,82,978.2
2026-02-23 22:00:00,-19.7,11.2,0.0,45,324,84,975.8
2026-02-23 23:00:00,-23.2,14.3,0.0,94,176,69,975.9
2026-02-24 00:00:00,-21.1,2.8,0.0,67,254,83,995.9
2026-02-24 01:00:00,-22.7,11.3,0.0,100,38,71,971.9
2026-02-24 02:00:00,-23.3,0.7,0.0,36,134,77,994.8
2026-02-24 03:00:00,-19.4,14.2,0.0,44,65,86,958.2
2026-02-24 04:00:00,-20.4,16.8,0.0,14,40,50,972.4
2026-02-24 05:00:00,-17.6,0.0,316.0,67,263,55,984.9
2026-02-24 06:00:00,-19.7,13.9,247.0,76,189,58,972.5
2026-02-24 07:00:00,-21.3,15.4,498.7,77,73,52,992.3
2026-02-24 08:00:00,-22.4,15.6,457.6,6,234,45,979.9
2026-02-24 09:00:00,-19.0,12.8,565.8,35,178,66,978.2
2026-02-24 10:00:00,-22.4,13.0,221.8,38,241,45,985.3
2026-02-24 11:00:00,-22.4,10.0,639.5,65,257,74,974.2
2026-02-24 12:00:00,-21.1,16.2,436.3,10,139,70,981.7
2026-02-24 13:00:00,-19.8,8.5,444.1,42,7,61,995.3
2026-02-24 14:00:00,-18.8,15.0,475.8,79,192,83,968.6
2026-02-24 15:00:00,-19.3,7.9,184.8,73,144,67,985.1
2026-02-24 16:00:00,-20.3,10.5,507.2,14,291,49,970.2
2026-02-24 17:00:00,-16.3,5.0,377.2,41,257,49,992.1
2026-02-24 18:00:00,-15.0,9.4,291.6,64,68,53,990.2
2026-02-24 19:00:00,-23.0,11.4,386.4,43,277,58,985.0
2026-02-24 20:00:00,-13.1,11.6,403.5,85,203,72,991.5
2026-02-24 21:00:00,-17.6,12.4,464.6,64,55,73,983.7
2026-02-24 22:00:00,-19.5,19.8,0.0,82,299,74,978.3
2026-02-24 23:00:00,-18.0,5.6,0.0,54,301,81,961.5
2026-02-25 00:00:00,-21.7,20.4,0.0,66,27,56,988.9
2026-02-25 01:00:00,-21.4,16.6,0.0,32,278,46,978.0
2026-02-25 02:00:00,-18.1,9.8,0.0,62,30,43,982.8
2026-02-25 03:00:00,-17.0,19.0,0.0,83,340,70,981.2
2026-02-25 04:00:00,-19.3,6.2,0.0,89,144,81,978.7
2026-02-25 05:00:00,-20.2,6.6,495.1,74,67,74,993.2
2026-02-25 06:00:00,-16.8,12.2,329.6,27,253,88,976.4
2026-02-25 07:00:00,-23.8,14.5,496.6,25,27,43,982.6
2026-02-25 08:00:00,-18.6,17.5,381.9,61,192,43,990.8
2026-02-25 09:00:00,-17.3,10.2,358.3,45,231,73,978.0
2026-02-25 10:00:00,-21.1,5.6,376.8,14,264,50,995.9
2026-02-25 11:00:00,-13.5,11.8,297.6,19,281,76,970.0
2026-02-25 12:00:00,-24.2,3.4,429.9,76,193,67,985.0
2026-02-25 13:00:00,-12.0,9.7,319.2,22,136,77,968.1
2026-02-25 14:00:00,-20.9,13.8,248.7,83,277,52,982.8
2026-02-25 15:00:00,-20.2,16.0,251.8,52,154,84,973.9
2026-02-25 16:00:00,-19.0,8.2,417.5,66,49,65,977.9
2026-02-25 17:00:00,-20.3,24.7,533.5,99,182,57,994.9
2026-02-25 18:00:00,-23.3,10.2,559.7,60,275,85,989.0
2026-02-25 19:00:00,-18.2,9.1,503.7,12,68,49,967.4
2026-02-25 20:00:00,-22.6,14.3,423.7,79,359,89,990.4
2026-02-25 21:00:00,-15.8,13.0,443.0,66,192,62,989.0
2026-02-25 22:00:00,-17.0,14.1,0.0,16,200,50,1005.0
2026-02-25 23:00:00,-18.5,13.0,0.0,29,164,46,983.4
2026-02-26 00:00:00,-24.1,11.7,0.0,37,191,50,973.9
2026-02-26 01:00:00,-22.3,5.6,0.0,54,272,73,986.8
2026-02-26 02:00:00,-22.4,7.7,0.0,25,163,79,981.2
2026-02-26 03:00:00,-18.8,8.8,0.0,55,345,61,967.0
2026-02-26 04:00:00,-17.3,6.7,0.0,52,71,49,986.0
2026-02-26 05:00:00,-19.4,10.2,307.8,96,234,64,973.6
2026-02-26 06:00:00,-22.1,11.0,421.6,4,276,89,987.0
2026-02-26 07:00:00,-20.1,17.2,458.8,92,201,43,989.6
2026-02-26 08:00:00,-18.1,12.4,409.5,66,120,47,961.8
2026-02-26 09:00:00,-20.3,12.4,293.5,73,139,54,978.6
2026-02-26 10:00:00,-15.1,12.5,381.0,4,279,43,991.0
2026-02-26 11:00:00,-23.3,11.6,257.0,91,114,50,988.6
2026-02-26 12:00:00,-25.7,8.5,387.4,23,240,87,987.1
2026-02-26 13:00:00,-20.6,13.1,361.1,48,185,64,966.3
2026-02-26 14:00:00,-15.5,0.9,452.2,45,130,50,996.4
2026-02-26 15:00:00,-22.5,7.0,303.1,33,73,67,968.8
2026-02-26 16:00:00,-20.0,11.7,446.8,88,158,58,980.1
2026-02-26 17:00:00,-18.6,13.5,353.8,7,219,82,986.6
2026-02-26 18:00:00,-21.8,11.8,346.7,58,68,46,983.0
2026-02-26 19:00:00,-14.5,22.2,422.0,68,206,58,983.4
2026-02-26 20:00:00,-21.2,15.5,439.0,68,14,68,977.8
2026-02-26 21:00:00,-20.2,16.8,417.8,72,188,68,976.4
2026-02-26 22:00:00,-22.3,9.2,0.0,85,84,44,988.2
2026-02-26 23:00:00,-16.3,12.9,0.0,10,278,69,993.3
2026-02-27 00:00:00,-15.8,13.1,0.0,47,69,53,973.9
2026-02-27 01:00:00,-22.7,19.3,0.0,26,273,88,979.5
2026-02-27 02:00:00,-20.7,17.6,0.0,5,343,59,967.0
2026-02-27 03:00:00,-22.6,11.4,0.0,40,66,89,988.6
2026-02-27 04:00:00,-14.8,10.6,0.0,49,232,86,975.6
2026-02-27 05:00:00,-20.4,13.1,495.4,66,307,52,990.7
2026-02-27 06:00:00,-22.1,15.3,273.5,10,343,73,979.5
2026-02-27 07:00:00,-15.6,14.7,519.2,84,341,62,983.8
2026-02-27 08:00:00,-22.8,11.3,385.2,46,49,56,982.4
2026-02-27 09:00:00,-21.1,15.5,359.3,86,154,73,967.4
2026-02-27 10:00:00,-21.6,18.8,448.3,64,320,49,974.3
2026-02-27 11:00:00,-18.9,15.6,434.6,69,327,70,995.1
2026-02-27 12:00:00,-24.9,5.5,394.3,77,344,61,996.3
2026-02-27 13:00:00,-21.9,22.6,426.2,27,6,75,970.1
2026-02-27 14:00:00,-23.8,3.3,262.7,33,84,58,962.2
2026-02-27 15:00:00,-19.8,9.0,439.1,2,19,51,965.5
2026-02-27 16:00:00,-16.6,14.1,423.9,0,47,68,989.9
2026-02-27 17:00:00,-25.4,3.0,394.2,77,85,75,976.9
2026-02-27 18:00:00,-19.4,10.9,449.1,64,308,61,973.1
2026-02-27 19:00:00,-17.0,13.3,383.2,81,11,78,1005.2
2026-02-27 20:00:00,-18.3,10.7,442.5,44,75,80,993.0
2026-02-27 21:00:00,-18.0,4.3,616.5,89,141,62,962.0
2026-02-27 22:00:00,-19.8,13.1,0.0,20,31,65,985.9
2026-02-27 23:00:00,-18.1,6.4,0.0,9,106,83,973.7
2026-02-28 00:00:00,-19.7,15.4,0.0,21,328,86,963.7
2026-02-28 01:00:00,-22.0,9.1,0.0,65,329,67,987.3
2026-02-28 02:00:00,-17.6,8.0,0.0,72,320,44,986.0
2026-02-28 03:00:00,-18.1,10.3,0.0,45,92,43,980.2
2026-02-28 04:00:00,-26.8,9.0,0.0,29,290,48,965.7
2026-02-28 05:00:00,-17.5,8.5,499.1,21,140,43,979.7
2026-02-28 06:00:00,-13.3,9.8,374.1,31,336,61,976.4
2026-02-28 07:00:00,-14.3,15.8,317.1,66,126,74,981.2
2026-02-28 08:00:00,-17.8,0.0,453.3,40,279,53,985.7
2026-02-28 09:00:00,-19.8,16.8,456.0,53,70,53,971.8
2026-02-28 10:00:00,-21.1,13.7,386.5,1,127,40,979.2
2026-02-28 11:00:00,-20.2,17.2,277.2,87,153,43,976.3
2026-02-28 12:00:00,-22.3,10.2,369.8,94,61,55,974.8
2026-02-28 13:00:00,-19.6,12.5,433.1,76,184,48,975.9
2026-02-28 14:00:00,-21.2,14.3,492.3,72,202,80,980.6
2026-02-28 15:00:00,-19.3,10.1,435.1,94,219,74,994.9
2026-02-28 16:00:00,-19.8,2.0,433.5,80,219,42,989.5
2026-02-28 17:00:00,-21.4,17.4,238.6,87,90,67,983.8
2026-02-28 18:00:00,-19.6,3.3,348.2,57,56,81,985.6
2026-02-28 19:00:00,-25.5,11.9,307.7,22,125,62,983.6
2026-02-28 20:00:00,-23.5,9.7,357.0,55,243,44,980.5
2026-02-28 21:00:00,-18.4,14.5,540.2,10,219,59,975.3
2026-02-28 22:00:00,-19.8,23.4,0.0,91,195,64,983.9
2026-02-28 23:00:00,-21.2,8.9,0.0,61,308,45,999.2
2026-03-01 00:00:00,-20.1,14.7,0.0,68,218,64,985.2
2026-03-01 01:00:00,-18.2,10.6,0.0,93,102,57,986.8
2026-03-01 02:00:00,-20.1,8.2,0.0,47,0,78,992.2
2026-03-01 03:00:00,-19.0,6.4,0.0,63,51,45,974.4
2026-03-01 04:00:00,-21.8,11.6,0.0,93,16,72,966.3
2026-03-01 05:00:00,-20.1,16.2,334.0,65,234,44,975.0
2026-03-01 06:00:00,-22.4,6.4,259.7,6,179,43,979.9
2026-03-01 07:00:00,-19.6,8.8,290.3,61,280,81,968.6
2026-03-01 08:00:00,-22.0,8.0,314.2,20,186,62,973.4
2026-03-01 09:00:00,-16.7,12.8,277.5,42,140,83,982.0
2026-03-01 10:00:00,-16.4,12.6,377.9,100,89,55,980.9
2026-03-01 11:00:00,-20.7,9.7,442.0,4,176,52,983.6
2026-03-01 12:00:00,-22.1,12.2,275.6,40,230,40,995.2
2026-03-01 13:00:00,-22.3,15.8,407.2,80,127,86,988.8
2026-03-01 14:00:00,-22.9,10.8,497.6,29,183,69,984.8
2026-03-01 15:00:00,-22.4,10.2,403.6,72,197,69,980.6
2026-03-01 16:00:00,-22.0,6.1,479.2,98,253,87,976.4
2026-03-01 17:00:00,-21.3,10.3,338.5,32,239,81,993.4
2026-03-01 18:00:00,-21.8,14.2,442.1,13,336,66,969.0
2026-03-01 19:00:00,-18.9,9.1,252.5,77,71,78,986.2
2026-03-01 20:00:00,-24.3,7.9,577.2,19,308,54,981.5
2026-03-01 21:00:00,-11.7,2.9,485.7,35,317,40,979.4
2026-03-01 22:00:00,-19.3,8.3,0.0,57,106,88,960.7
2026-03-01 23:00:00,-20.0,6.6,0.0,52,55,81,980.1
2026-03-02 00:00:00,-22.6,15.4,0.0,9,303,88,982.4
2026-03-02 01:00:00,-16.9,10.3,0.0,68,244,79,986.2
2026-03-02 02:00:00,-17.8,7.4,0.0,53,53,42,972.4
2026-03-02 03:00:00,-12.5,7.9,0.0,8,10,54,976.8
2026-03-02 04:00:00,-23.8,12.3,0.0,32,358,73,980.8
2026-03-02 05:00:00,-19.7,13.7,413.6,53,124,47,984.5
2026-03-02 06:00:00,-20.5,15.0,366.5,99,288,82,986.7
2026-03-02 07:00:00,-21.9,9.7,444.0,86,63,50,953.3
2026-03-02 08:00:00,-26.8,15.9,380.9,2,259,73,965.4
2026-03-02 09:00:00,-19.3,9.5,321.3,69,56,76,973.1
2026-03-02 10:00:00,-17.8,14.3,358.3,1,227,83,973.4
2026-03-02 11:00:00,-23.1,8.8,367.5,82,301,83,992.9
2026-03-02 12:00:00,-21.7,13.4,344.8,99,181,63,992.3
2026-03-02 13:00:00,-21.4,16.7,379.7,84,33,52,1001.5
2026-03-02 14:00:00,-14.1,9.6,432.4,97,352,75,999.3
2026-03-02 15:00:00,-22.7,10.2,444.2,61,54,42,959.8
2026-03-02 16:00:00,-18.7,5.2,517.7,41,24,41,996.9
2026-03-02 17:00:00,-18.7,11.2,455.4,98,196,51,992.2
2026-03-02 18:00:00,-19.2,15.7,335.3,90,169,57,981.9
2026-03-02 19:00:00,-30.0,15.0,475.9,14,37,67,973.4
2026-03-02 20:00:00,-23.1,6.5,399.2,54,6,67,961.2
2026-03-02 21:00:00,-24.1,6.8,436.1,42,92,75,972.1
2026-03-02 22:00:00,-20.9,17.0,0.0,96,266,42,986.5
2026-03-02 23:00:00,-19.8,12.5,0.0,39,228,84,979.4
2026-03-03 00:00:00,-19.1,10.5,0.0,90,102,81,969.9
2026-03-03 01:00:00,-22.0,18.1,0.0,89,316,79,985.4
2026-03-03 02:00:00,-18.1,7.5,0.0,35,255,72,1002.4
2026-03-03 03:00:00,-21.2,6.9,0.0,8,235,73,980.6
2026-03-03 04:00:00,-24.7,16.3,0.0,9,297,58,968.8
2026-03-03 05:00:00,-25.6,10.9,417.5,84,351,61,981.1
2026-03-03 06:00:00,-17.7,11.4,240.8,58,256,57,956.6
2026-03-03 07:00:00,-17.3,11.8,329.9,60,256,44,977.3
2026-03-03 08:00:00,-23.7,15.4,222.9,24,345,89,979.7
2026-03-03 09:00:00,-20.0,11.1,588.6,98,6,63,984.7
2026-03-03 10:00:00,-27.0,11.4,254.3,86,274,77,971.3
2026-03-03 11:00:00,-21.6,16.2,587.6,97,58,50,975.6
2026-03-03 12:00:00,-22.0,0.0,361.1,90,252,86,972.9
2026-03-03 13:00:00,-16.1,10.1,570.9,37,50,44,988.4
2026-03-03 14:00:00,-18.0,1.1,415.8,27,205,62,982.5
2026-03-03 15:00:00,-18.6,12.2,427.9,6,17,71,968.4
2026-03-03 16:00:00,-18.4,14.8,502.9,46,352,85,986.2
2026-03-03 17:00:00,-15.6,11.2,457.3,97,221,79,987.7
2026-03-03 18:00:00,-24.2,19.4,445.9,74,129,75,983.0
2026-03-03 19:00:00,-22.5,13.6,370.3,88,320,80,984.0
2026-03-03 20:00:00,-25.4,9.5,342.6,44,352,78,971.8
2026-03-03 21:00:00,-20.8,9.2,298.6,16,247,56,975.5
2026-03-03 22:00:00,-21.7,9.8,0.0,3,67,70,970.6
2026-03-03 23:00:00,-25.0,19.7,0.0,55,10,60,982.7
2026-03-04 00:00:00,-22.4,13.9,0.0,72,324,61,977.9
2026-03-04 01:00:00,-23.1,6.2,0.0,70,347,50,982.1
2026-03-04 02:00:00,-20.4,11.2,0.0,45,163,84,978.9
2026-03-04 03:00:00,-20.8,14.8,0.0,19,242,65,963.0
2026-03-04 04:00:00,-20.8,14.1,0.0,98,45,63,977.8
2026-03-04 05:00:00,-23.1,12.1,501.6,38,141,70,981.7
2026-03-04 06:00:00,-21.3,19.3,391.8,65,324,57,995.3
2026-03-04 07:00:00,-26.1,12.0,440.7,96,120,51,967.1
2026-03-04 08:00:00,-24.3,22.5,518.1,49,69,78,948.9
2026-03-04 09:00:00,-21.0,19.6,205.9,40,351,61,982.4
2026-03-04 10:00:00,-22.8,10.5,182.8,72,34,70,971.3
2026-03-04 11:00:00,-20.2,10.3,310.8,86,356,68,983.7
2026-03-04 12:00:00,-25.6,11.0,445.8,26,325,51,976.4
2026-03-04 13:00:00,-28.1,12.6,392.3,42,292,50,1001.9
2026-03-04 14:00:00,-21.5,8.2,219.7,81,338,81,986.6
2026-03-04 15:00:00,-27.0,18.3,430.9,95,173,43,984.6
2026-03-04 16:00:00,-20.2,14.4,374.8,82,194,56,999.2
2026-03-04 17:00:00,-23.5,12.1,557.0,31,291,87,987.4
2026-03-04 18:00:00,-24.8,20.1,353.5,0,204,61,999.2
2026-03-04 19:00:00,-28.2,8.6,454.7,39,264,76,982.5
2026-03-04 20:00:00,-19.3,6.6,447.4,98,262,79,976.1
2026-03-04 21:00:00,-18.9,18.0,322.6,18,255,62,965.4
2026-03-04 22:00:00,-22.8,14.1,0.0,44,340,77,982.4
2026-03-04 23:00:00,-21.6,17.6,0.0,66,202,64,959.9
2026-03-05 00:00:00,-20.1,0.8,0.0,43,255,51,975.7
2026-03-05 01:00:00,-20.9,11.1,0.0,84,80,44,983.6
2026-03-05 02:00:00,-19.5,13.8,0.0,89,257,44,977.0
2026-03-05 03:00:00,-24.7,16.1,0.0,1,90,75,999.5
2026-03-05 04:00:00,-24.9,12.5,0.0,65,26,61,984.0
2026-03-05 05:00:00,-25.2,1.9,357.2,35,260,80,983.2
2026-03-05 06:00:00,-21.8,16.0,300.7,38,241,67,985.5
2026-03-05 07:00:00,-21.9,16.0,357.1,73,287,83,991.8
2026-03-05 08:00:00,-19.6,24.5,529.8,37,349,46,972.6
2026-03-05 09:00:00,-30.2,16.2,227.3,51,306,89,975.6
2026-03-05 10:00:00,-25.4,16.0,368.9,41,178,41,976.9
2026-03-05 11:00:00,-20.5,8.7,344.7,17,54,40,983.4
2026-03-05 12:00:00,-19.9,10.6,569.1,10,330,70,971.2
2026-03-05 13:00:00,-24.5,13.5,384.1,100,156,70,980.0
2026-03-05 14:00:00,-22.1,7.9,439.1,31,122,44,992.6
2026-03-05 15:00:00,-12.5,12.4,515.8,70,34,65,977.8
2026-03-05 16:00:00,-15.3,8.6,425.9,41,216,78,965.7
2026-03-05 17:00:00,-16.7,0.0,491.1,54,285,69,973.4
2026-03-05 18:00:00,-22.0,16.8,585.1,13,47,64,987.4
2026-03-05 19:00:00,-25.5,15.7,217.9,14,138,63,974.7
2026-03-05 20:00:00,-19.9,7.6,423.6,62,309,86,993.4
2026-03-05 21:00:00,-25.1,4.6,192.9,60,133,89,967.0
2026-03-05 22:00:00,-24.5,6.9,0.0,60,137,48,968.1
2026-03-05 23:00:00,-26.2,4.5,0.0,4,72,73,979.2
2026-03-06 00:00:00,-20.2,15.3,0.0,44,304,87,998.9
2026-03-06 01:00:00,-27.1,11.5,0.0,85,27,86,973.9
2026-03-06 02:00:00,-21.3,11.3,0.0,21,280,58,986.6
2026-03-06 03:00:00,-24.2,10.7,0.0,69,79,49,969.2
2026-03-06 04:00:00,-20.1,17.8,0.0,96,167,51,954.5
2026-03-06 05:00:00,-22.1,6.9,350.2,95,306,72,1012.1
2026-03-06 06:00:00,-19.8,16.2,390.7,21,69,82,971.2
2026-03-06 07:00:00,-24.5,12.3,453.4,34,4,66,992.3
2026-03-06 08:00:00,-19.2,23.0,171.0,9,30,54,972.9
2026-03-06 09:00:00,-19.1,8.8,222.3,90,353,60,987.5
2026-03-06 10:00:00,-24.1,10.1,504.4,62,252,69,972.9
2026-03-06 11:00:00,-18.3,14.5,522.6,84,306,50,984.3
2026-03-06 12:00:00,-25.7,17.6,442.3,91,276,65,982.3
2026-03-06 13:00:00,-24.7,1.0,376.4,44,99,77,973.6
2026-03-06 14:00:00,-20.2,15.2,335.3,79,99,51,994.3
2026-03-06 15:00:00,-18.8,7.0,439.5,42,208,43,983.3
2026-03-06 16:00:00,-18.3,6.5,571.6,42,196,42,979.9
2026-03-06 17:00:00,-17.5,15.6,286.7,59,118,43,981.4
2026-03-06 18:00:00,-28.8,15.2,498.9,9,157,47,978.4
2026-03-06 19:00:00,-22.5,18.9,164.9,11,74,69,954.9
2026-03-06 20:00:00,-20.2,4.8,391.1,34,299,59,994.5
2026-03-06 21:00:00,-17.8,6.8,263.4,87,7,81,984.6
2026-03-06 22:00:00,-19.8,9.3,0.0,50,62,40,974.6
2026-03-06 23:00:00,-22.1,18.0,0.0,17,99,83,984.6
2026-03-07 00:00:00,-19.3,14.5,0.0,6,331,59,979.3
2026-03-07 01:00:00,-17.9,6.6,0.0,83,95,49,982.9
2026-03-07 02:00:00,-20.2,5.1,0.0,73,274,61,980.6
2026-03-07 03:00:00,-24.9,12.5,0.0,90,219,84,989.5
2026-03-07 04:00:00,-17.3,12.3,0.0,65,180,85,978.0
2026-03-07 05:00:00,-22.0,10.0,487.5,6,62,75,989.9
2026-03-07 06:00:00,-22.7,0.0,584.9,43,343,84,977.6
2026-03-07 07:00:00,-21.5,13.1,551.2,75,91,47,978.2
2026-03-07 08:00:00,-23.1,11.5,549.1,76,108,71,972.1
2026-03-07 09:00:00,-20.3,4.6,274.1,4,290,86,957.4
2026-03-07 10:00:00,-23.7,16.9,391.8,34,320,44,976.5
2026-03-07 11:00:00,-20.4,0.6,441.3,46,40,69,958.3
2026-03-07 12:00:00,-23.2,12.7,416.8,29,145,77,970.8
2026-03-07 13:00:00,-20.0,7.0,537.1,84,105,61,964.8
2026-03-07 14:00:00,-25.8,14.9,379.0,13,155,42,986.9
2026-03-07 15:00:00,-27.8,8.9,574.6,45,56,80,977.2
2026-03-07 16:00:00,-19.0,11.3,384.3,70,299,81,985.2
2026-03-07 17:00:00,-20.6,1.8,469.1,36,92,50,978.1
2026-03-07 18:00:00,-20.3,11.1,483.0,6,162,80,981.2
2026-03-07 19:00:00,-20.6,18.9,416.1,56,104,88,994.4
2026-03-07 20:00:00,-24.0,9.2,341.7,60,102,62,987.6
2026-03-07 21:00:00,-22.5,4.7,380.0,5,221,52,986.4
2026-03-07 22:00:00,-22.3,1.8,0.0,97,211,84,978.1
2026-03-07 23:00:00,-21.8,15.8,0.0,35,119,88,966.3
2026-03-08 00:00:00,-20.2,14.0,0.0,5,24,53,975.3
2026-03-08 01:00:00,-28.2,11.2,0.0,27,7,78,966.8
2026-03-08 02:00:00,-21.1,10.0,0.0,63,302,89,981.2
2026-03-08 03:00:00,-23.6,17.9,0.0,69,115,63,970.9
2026-03-08 04:00:00,-23.0,17.0,0.0,81,44,42,968.2
2026-03-08 05:00:00,-22.3,14.4,437.5,1,174,68,997.9
2026-03-08 06:00:00,-24.6,14.8,386.5,3,82,68,981.9
2026-03-08 07:00:00,-21.0,19.0,279.0,79,173,77,980.2
2026-03-08 08:00:00,-22.7,12.6,327.2,45,106,54,993.6
2026-03-08 09:00:00,-22.5,17.6,292.9,75,209,82,987.8
2026-03-08 10:00:00,-19.7,10.0,445.6,92,342,41,964.8
2026-03-08 11:00:00,-28.7,4.5,475.7,1,158,54,1005.9
2026-03-08 12:00:00,-23.7,13.5,380.3,65,79,82,998.8
2026-03-08 13:00:00,-22.0,14.7,293.3,31,176,63,966.8
2026-03-08 14:00:00,-23.9,14.4,396.3,78,354,76,973.7
2026-03-08 15:00:00,-25.9,5.3,480.1,10,287,48,984.3
2026-03-08 16:00:00,-21.2,7.6,429.3,35,136,53,984.0
2026-03-08 17:00:00,-22.7,2.1,338.6,96,153,88,990.5
2026-03-08 18:00:00,-24.4,13.7,333.4,1,262,52,982.1
2026-03-08 19:00:00,-25.9,12.2,466.3,45,354,41,974.0
2026-03-08 20:00:00,-20.2,7.3,454.7,65,151,56,982.8
2026-03-08 21:00:00,-22.8,8.3,429.0,44,234,72,980.5
2026-03-08 22:00:00,-24.3,15.3,0.0,34,173,77,973.4
2026-03-08 23:00:00,-22.0,14.3,0.0,48,178,61,967.7
2026-03-09 00:00:00,-21.7,9.7,0.0,84,316,81,970.0
2026-03-09 01:00:00,-24.6,19.0,0.0,76,122,49,980.6
2026-03-09 02:00:00,-19.6,10.9,0.0,41,90,57,996.3
2026-03-09 03:00:00,-24.6,18.6,0.0,30,136,73,983.5
2026-03-09 04:00:00,-23.8,10.9,0.0,47,108,52,990.9
2026-03-09 05:00:00,-21.0,8.5,352.2,61,354,62,992.5
2026-03-09 06:00:00,-23.6,17.4,462.8,51,181,79,987.8
2026-03-09 07:00:00,-18.6,8.6,210.8,25,22,42,975.8
2026-03-09 08:00:00,-27.9,10.0,555.8,58,323,85,960.1
2026-03-09 09:00:00,-21.0,12.3,401.7,18,57,71,971.0
2026-03-09 10:00:00,-20.9,13.6,455.6,12,171,78,990.1
2026-03-09 11:00:00,-19.1,24.3,354.5,50,27,62,970.7
2026-03-09 12:00:00,-25.2,7.3,380.8,71,318,74,991.9
2026-03-09 13:00:00,-21.1,9.4,358.8,100,289,79,992.8
2026-03-09 14:00:00,-21.9,10.6,480.6,99,261,73,988.6
2026-03-09 15:00:00,-25.7,7.6,304.4,45,44,79,984.7
2026-03-09 16:00:00,-21.3,2.5,499.8,12,330,78,988.9
2026-03-09 17:00:00,-17.4,14.3,401.5,64,238,70,984.9
2026-03-09 18:00:00,-16.7,5.5,426.1,16,58,68,976.5
2026-03-09 19:00:00,-20.9,17.0,288.0,21,130,59,992.1
2026-03-09 20:00:00,-22.1,15.6,353.0,19,56,59,992.7
2026-03-09 21:00:00,-20.3,12.0,288.1,90,131,41,992.1
2026-03-09 22:00:00,-21.2,12.3,0.0,29,156,83,982.6
2026-03-09 23:00:00,-20.3,19.0,0.0,82,70,81,987.4
2026-03-10 00:00:00,-21.2,6.8,0.0,97,219,87,986.3
2026-03-10 01:00:00,-23.8,10.7,0.0,20,108,88,987.8
2026-03-10 02:00:00,-23.8,15.8,0.0,51,33,66,973.3
2026-03-10 03:00:00,-19.8,15.8,0.0,21,62,71,985.4
2026-03-10 04:00:00,-24.5,15.9,0.0,61,139,62,978.3
2026-03-10 05:00:00,-26.7,10.1,245.9,58,98,58,960.9
2026-03-10 06:00:00,-25.1,12.8,150.4,86,188,80,989.2
2026-03-10 07:00:00,-20.2,9.9,527.6,34,34,84,991.4
2026-03-10 08:00:00,-22.6,11.2,383.5,29,53,40,957.4
2026-03-10 09:00:00,-23.2,15.0,367.6,51,118,58,989.6
2026-03-10 10:00:00,-25.5,2.6,556.1,6,169,75,997.0
2026-03-10 11:00:00,-21.4,14.8,499.4,46,252,72,990.9
2026-03-10 12:00:00,-25.7,10.0,350.7,48,350,86,969.7
2026-03-10 13:00:00,-20.7,8.8,298.3,12,328,59,981.6
2026-03-10 14:00:00,-24.5,16.4,363.8,88,253,58,988.9
2026-03-10 15:00:00,-22.0,3.3,394.1,94,59,50,977.5
2026-03-10 16:00:00,-20.8,1.9,371.4,53,194,41,974.7
2026-03-10 17:00:00,-20.8,8.5,325.7,95,127,42,991.0
2026-03-10 18:00:00,-23.2,20.1,532.6,29,259,80,994.3
2026-03-10 19:00:00,-21.4,12.6,389.1,64,199,80,974.5
2026-03-10 20:00:00,-21.4,13.1,579.9,43,298,76,971.7
2026-03-10 21:00:00,-23.6,12.0,316.9,55,253,41,1005.4
2026-03-10 22:00:00,-22.0,24.0,0.0,77,244,88,977.9
2026-03-10 23:00:00,-23.9,15.6,0.0,64,118,68,991.4
2026-03-11 00:00:00,-21.9,7.1,0.0,69,170,49,990.6
2026-03-11 01:00:00,-24.5,6.7,0.0,94,33,85,986.0
2026-03-11 02:00:00,-27.8,9.2,0.0,55,276,59,977.9
2026-03-11 03:00:00,-23.2,12.3,0.0,16,133,45,979.1
2026-03-11 04:00:00,-16.6,4.8,0.0,27,192,61,959.9
2026-03-11 05:00:00,-23.7,10.1,248.2,99,110,75,977.9
2026-03-11 06:00:00,-20.5,14.2,479.0,58,31,81,1000.3
2026-03-11 07:00:00,-28.8,12.9,323.1,48,142,40,979.5
2026-03-11 08:00:00,-27.4,18.7,450.0,42,164,44,984.7
2026-03-11 09:00:00,-25.2,12.3,467.7,76,46,60,960.8
2026-03-11 10:00:00,-25.9,2.4,365.0,90,116,80,983.9
2026-03-11 11:00:00,-24.7,8.3,307.0,86,38,85,993.0
2026-03-11 12:00:00,-19.9,13.0,503.5,86,330,66,998.9
2026-03-11 13:00:00,-22.5,12.8,380.6,10,174,41,972.7
2026-03-11 14:00:00,-23.2,11.5,362.7,57,176,68,1014.2
2026-03-11 15:00:00,-21.8,17.2,266.9,23,30,71,966.3
2026-03-11 16:00:00,-24.1,17.7,512.2,4,90,76,973.6
2026-03-11 17:00:00,-19.3,20.4,406.5,76,223,57,979.3
2026-03-11 18:00:00,-22.4,12.9,370.8,74,318,54,972.2
2026-03-11 19:00:00,-21.9,14.4,325.0,71,214,48,977.1
2026-03-11 20:00:00,-20.3,8.1,246.7,47,139,70,981.5
2026-03-11 21:00:00,-28.8,12.7,343.5,84,102,84,977.2
2026-03-11 22:00:00,-26.0,15.8,0.0,80,357,76,991.4
2026-03-11 23:00:00,-23.8,1.2,0.0,2,324,47,990.6
2026-03-12 00:00:00,-20.9,9.4,0.0,7,232,89,979.3
2026-03-12 01:00:00,-23.8,7.7,0.0,6,134,88,958.7
2026-03-12 02:00:00,-24.5,11.4,0.0,75,330,45,980.5
2026-03-12 03:00:00,-22.8,11.6,0.0,4,275,86,963.1
2026-03-12 04:00:00,-26.1,7.7,0.0,99,113,48,973.2
2026-03-12 05:00:00,-21.6,13.4,409.9,61,290,80,990.3
2026-03-12 06:00:00,-24.7,8.4,451.4,79,97,72,980.6
2026-03-12 07:00:00,-21.4,13.9,321.4,24,157,70,971.3
2026-03-12 08:00:00,-23.6,12.9,455.1,78,312,75,961.4
2026-03-12 09:00:00,-25.1,6.3,335.7,28,311,55,978.5
2026-03-12 10:00:00,-26.4,2.1,439.5,78,5,84,977.9
2026-03-12 11:00:00,-26.9,15.2,632.1,75,16,69,977.8
2026-03-12 12:00:00,-26.6,13.7,442.0,43,286,88,968.4
2026-03-12 13:00:00,-22.4,14.5,536.3,27,71,56,980.5
2026-03-12 14:00:00,-25.7,4.2,494.4,21,36,43,968.1
2026-03-12 15:00:00,-20.6,10.5,508.8,32,247,73,959.9
2026-03-12 16:00:00,-22.5,14.7,544.0,59,296,76,975.1
2026-03-12 17:00:00,-22.5,18.9,368.3,53,117,56,964.9
2026-03-12 18:00:00,-21.9,5.7,389.8,30,208,55,997.4
2026-03-12 19:00:00,-23.4,12.7,443.7,48,14,87,973.1
2026-03-12 20:00:00,-22.6,17.8,500.0,98,9,45,979.6
2026-03-12 21:00:00,-22.3,7.6,380.7,0,324,66,989.8
2026-03-12 22:00:00,-25.2,15.3,0.0,0,150,63,970.7
2026-03-12 23:00:00,-24.5,15.9,0.0,48,183,49,982.0
2026-03-13 00:00:00,-20.9,15.7,0.0,67,255,56,979.7
2026-03-13 01:00:00,-21.5,11.6,0.0,27,7,52,965.2
2026-03-13 02:00:00,-24.3,11.4,0.0,79,40,61,982.9
2026-03-13 03:00:00,-19.6,21.9,0.0,53,314,75,1003.5
2026-03-13 04:00:00,-22.3,1.5,0.0,65,233,57,980.9
2026-03-13 05:00:00,-22.0,10.3,423.2,81,313,50,990.3
2026-03-13 06:00:00,-20.8,14.3,212.1,29,174,50,983.2
2026-03-13 07:00:00,-27.1,20.7,219.5,84,11,85,978.6
2026-03-13 08:00:00,-27.2,10.8,443.1,53,194,86,969.0
2026-03-13 09:00:00,-21.3,10.0,375.0,33,273,55,973.4
2026-03-13 10:00:00,-19.1,12.0,522.8,37,264,75,982.9
2026-03-13 11:00:00,-28.3,10.6,295.3,26,128,78,969.9
2026-03-13 12:00:00,-22.4,10.6,512.8,7,132,87,987.3
2026-03-13 13:00:00,-23.9,15.0,416.2,58,155,71,976.0
2026-03-13 14:00:00,-27.3,8.0,244.1,59,11,64,969.9
2026-03-13 15:00:00,-23.6,5.6,170.8,57,306,40,979.8
2026-03-13 16:00:00,-26.6,10.2,338.1,82,162,73,974.5
2026-03-13 17:00:00,-23.3,14.8,350.6,14,235,59,971.1
2026-03-13 18:00:00,-25.5,12.4,416.0,27,270,46,992.3
2026-03-13 19:00:00,-25.7,13.0,275.8,50,320,75,966.7
2026-03-13 20:00:00,-20.8,9.0,324.0,11,266,52,973.7
2026-03-13 21:00:00,-21.3,7.3,375.4,92,151,54,991.4
2026-03-13 22:00:00,-26.9,13.4,0.0,8,218,49,972.4
2026-03-13 23:00:00,-27.2,24.2,0.0,75,354,48,994.9
2026-03-14 00:00:00,-28.1,11.9,0.0,36,183,88,973.6
2026-03-14 01:00:00,-27.7,5.3,0.0,93,70,57,992.0
2026-03-14 02:00:00,-26.0,13.8,0.0,61,26,76,974.5
2026-03-14 03:00:00,-25.9,18.2,0.0,89,155,84,973.0
2026-03-14 04:00:00,-25.1,12.6,0.0,8,83,44,981.4
2026-03-14 05:00:00,-17.7,24.1,529.4,18,16,70,980.3
2026-03-14 06:00:00,-25.1,11.0,260.4,6,190,44,972.8
2026-03-14 07:00:00,-24.1,15.8,575.5,64,2,57,980.9
2026-03-14 08:00:00,-29.6,12.0,597.9,66,10,43,983.2
2026-03-14 09:00:00,-25.3,8.7,366.1,46,213,50,987.9
2026-03-14 10:00:00,-23.3,12.1,175.6,12,268,40,991.1
2026-03-14 11:00:00,-27.0,14.8,608.1,83,228,53,955.1
2026-03-14 12:00:00,-25.9,16.7,387.6,11,314,85,981.9
2026-03-14 13:00:00,-23.6,15.1,359.4,6,97,44,971.5
2026-03-14 14:00:00,-28.3,14.1,410.0,12,234,41,979.2
2026-03-14 15:00:00,-23.2,19.2,182.7,51,96,73,995.6
2026-03-14 16:00:00,-23.0,16.1,530.2,88,136,69,984.3
2026-03-14 17:00:00,-19.2,11.8,399.9,98,182,40,977.7
2026-03-14 18:00:00,-25.6,17.4,544.3,2,165,83,986.8
2026-03-14 19:00:00,-21.1,0.0,228.3,55,319,59,965.6
2026-03-14 20:00:00,-18.7,16.6,370.0,82,133,49,979.6
2026-03-14 21:00:00,-25.8,17.1,377.6,2,269,47,971.1
2026-03-14 22:00:00,-20.6,14.7,0.0,25,183,77,988.1
2026-03-14 23:00:00,-24.3,12.1,0.0,50,174,72,981.0
2026-03-15 00:00:00,-25.5,9.8,0.0,24,307,65,974.6
2026-03-15 01:00:00,-22.6,17.4,0.0,100,237,40,980.7
2026-03-15 02:00:00,-32.7,19.2,0.0,16,353,52,987.1
2026-03-15 03:00:00,-32.1,21.8,0.0,42,96,83,981.0
2026-03-15 04:00:00,-21.7,16.7,0.0,12,122,65,978.7
2026-03-15 05:00:00,-26.7,11.9,425.3,30,27,80,980.5
2026-03-15 06:00:00,-26.2,0.0,451.1,86,344,52,976.1
2026-03-15 07:00:00,-24.8,13.4,555.8,87,221,85,973.9
2026-03-15 08:00:00,-27.1,17.2,209.5,50,265,51,986.7
2026-03-15 09:00:00,-26.6,8.4,460.9,52,56,61,992.3
2026-03-15 10:00:00,-25.5,14.0,666.6,87,335,53,977.4
2026-03-15 11:00:00,-22.8,12.4,476.2,74,87,65,958.9
2026-03-15 12:00:00,-19.2,21.4,286.7,67,186,76,976.6
2026-03-15 13:00:00,-25.3,8.7,479.7,75,183,88,971.6
2026-03-15 14:00:00,-24.0,23.7,456.6,97,68,53,986.2
2026-03-15 15:00:00,-26.9,16.8,405.6,68,270,70,978.5
2026-03-15 16:00:00,-26.3,1.9,322.2,29,132,55,965.0
2026-03-15 17:00:00,-23.3,6.0,464.7,25,155,67,993.6
2026-03-15 18:00:00,-26.6,18.3,301.1,97,116,57,970.2
2026-03-15 19:00:00,-23.3,17.0,440.4,39,242,55,977.1
2026-03-15 20:00:00,-27.4,4.6,300.5,60,341,61,987.4
2026-03-15 21:00:00,-27.8,14.2,442.3,57,28,64,963.5
2026-03-15 22:00:00,-29.3,13.8,0.0,52,337,49,968.9
2026-03-15 23:00:00,-25.5,4.9,0.0,98,71,88,991.7
2026-03-16 00:00:00,-27.1,6.9,0.0,93,122,87,989.8
2026-03-16 01:00:00,-28.6,17.7,0.0,50,356,73,989.8
2026-03-16 02:00:00,-25.2,16.5,0.0,83,203,72,998.4
2026-03-16 03:00:00,-23.8,15.4,0.0,77,23,60,991.0
2026-03-16 04:00:00,-22.0,2.7,0.0,16,67,73,999.8
2026-03-16 05:00:00,-29.2,14.2,407.1,84,103,55,981.9
2026-03-16 06:00:00,-21.4,14.4,560.4,87,75,81,970.9
2026-03-16 07:00:00,-22.3,11.3,421.4,3,215,77,989.6
2026-03-16 08:00:00,-24.0,15.7,287.3,85,41,86,959.2
2026-03-16 09:00:00,-21.6,17.9,537.9,15,90,87,986.7
2026-03-16 10:00:00,-28.4,12.9,389.6,27,256,77,972.0
2026-03-16 11:00:00,-24.4,14.1,196.6,16,273,60,987.2
2026-03-16 12:00:00,-19.8,15.3,550.2,58,181,77,974.3
2026-03-16 13:00:00,-23.7,17.8,227.0,39,115,67,980.9
2026-03-16 14:00:00,-33.3,8.9,529.2,71,75,48,988.5
2026-03-16 15:00:00,-24.3,13.1,509.4,100,1,88,975.8
2026-03-16 16:00:00,-18.3,16.3,442.0,13,327,74,985.5
2026-03-16 17:00:00,-27.7,9.3,288.8,17,72,54,979.6
2026-03-16 18:00:00,-24.6,17.9,615.7,16,322,64,979.0
2026-03-16 19:00:00,-23.3,10.9,291.4,57,289,85,992.4
2026-03-16 20:00:00,-22.4,17.4,456.0,71,345,70,968.9
2026-03-16 21:00:00,-24.1,9.5,517.6,95,99,65,963.8
2026-03-16 22:00:00,-25.7,17.2,0.0,20,199,42,974.4
2026-03-16 23:00:00,-24.5,17.5,0.0,45,312,83,977.2
2026-03-17 00:00:00,-24.3,18.8,0.0,76,108,82,988.6
2026-03-17 01:00:00,-18.6,13.0,0.0,29,28,52,993.1
2026-03-17 02:00:00,-29.2,9.1,0.0,19,23,74,975.9
2026-03-17 03:00:00,-26.0,12.0,0.0,8,23,54,1003.0
2026-03-17 04:00:00,-24.4,13.6,0.0,78,40,77,988.9
2026-03-17 05:00:00,-21.8,6.7,428.1,88,262,71,971.7
2026-03-17 06:00:00,-29.8,12.6,337.5,45,274,52,983.7
2026-03-17 07:00:00,-22.6,9.2,350.6,55,67,65,983.1
2026-03-17 08:00:00,-25.9,11.5,254.0,0,244,66,961.8
2026-03-17 09:00:00,-23.1,25.7,466.7,42,75,89,964.6
2026-03-17 10:00:00,-26.6,6.1,355.0,21,183,85,996.7
2026-03-17 11:00:00,-28.3,7.5,417.0,53,20,76,980.4
2026-03-17 12:00:00,-23.2,11.4,166.7,26,359,73,983.7
2026-03-17 13:00:00,-30.6,10.7,576.6,44,53,40,970.1
2026-03-17 14:00:00,-28.4,18.0,455.7,35,303,55,985.8
2026-03-17 15:00:00,-24.9,5.7,311.6,99,151,79,982.6
2026-03-17 16:00:00,-27.7,12.7,400.6,89,131,70,971.0
2026-03-17 17:00:00,-26.3,8.2,535.0,77,131,41,961.2
2026-03-17 18:00:00,-27.3,13.5,452.9,88,142,51,971.3
2026-03-17 19:00:00,-32.4,14.5,312.5,10,257,66,971.3
2026-03-17 20:00:00,-30.5,16.3,272.1,54,30,54,995.5
2026-03-17 21:00:00,-23.4,12.9,513.5,73,321,40,979.8
2026-03-17 22:00:00,-27.8,15.3,0.0,56,305,47,998.9
2026-03-17 23:00:00,-17.3,19.7,0.0,85,193,50,992.2
2026-03-18 00:00:00,-26.1,13.0,0.0,91,302,51,983.3
2026-03-18 01:00:00,-25.9,20.6,0.0,87,178,65,966.2
2026-03-18 02:00:00,-24.5,18.4,0.0,92,231,58,993.4
2026-03-18 03:00:00,-25.5,9.8,0.0,43,169,57,983.1
2026-03-18 04:00:00,-26.2,14.8,0.0,77,286,47,986.7
2026-03-18 05:00:00,-24.2,21.1,401.9,51,335,83,995.0
2026-03-18 06:00:00,-21.7,12.9,531.5,97,307,85,980.3
2026-03-18 07:00:00,-23.8,13.9,412.2,15,31,70,976.0
2026-03-18 08:00:00,-21.9,8.0,568.2,39,228,71,963.0
2026-03-18 09:00:00,-26.3,10.4,176.1,89,127,68,986.7
2026-03-18 10:00:00,-20.7,15.8,331.8,95,93,85,982.9
2026-03-18 11:00:00,-26.6,17.5,298.8,42,239,58,976.5
2026-03-18 12:00:00,-21.2,11.7,498.1,62,27,82,1006.9
2026-03-18 13:00:00,-21.5,18.8,355.6,56,141,54,981.4
2026-03-18 14:00:00,-26.1,13.7,321.3,29,134,40,982.3
2026-03-18 15:00:00,-27.6,2.8,649.1,79,87,58,982.4
2026-03-18 16:00:00,-20.1,15.1,420.9,65,68,40,982.9
2026-03-18 17:00:00,-25.1,15.0,491.3,85,127,49,987.7
2026-03-18 18:00:00,-30.2,13.5,375.1,75,129,48,978.3
2026-03-18 19:00:00,-23.9,11.2,467.2,29,154,67,965.7
2026-03-18 20:00:00,-26.0,13.8,506.0,26,333,55,965.7
2026-03-18 21:00:00,-27.6,13.1,300.4,30,133,56,975.7
2026-03-18 22:00:00,-23.7,12.3,0.0,83,357,85,974.4
2026-03-18 23:00:00,-26.4,15.7,0.0,52,320,44,980.2
2026-03-19 00:00:00,-29.2,14.9,0.0,4,299,72,961.9
2026-03-19 01:00:00,-22.7,12.7,0.0,9,122,57,994.0
2026-03-19 02:00:00,-25.6,4.1,0.0,30,354,40,958.1
2026-03-19 03:00:00,-28.4,22.0,0.0,31,135,54,984.4
2026-03-19 04:00:00,-27.4,8.5,0.0,80,39,88,975.7
2026-03-19 05:00:00,-22.1,16.4,372.7,28,88,47,984.9
2026-03-19 06:00:00,-27.5,5.7,395.9,45,287,78,980.8
2026-03-19 07:00:00,-27.9,15.8,315.5,56,158,72,971.8
2026-03-19 08:00:00,-26.1,9.2,482.5,97,185,57,975.9
2026-03-19 09:00:00,-26.0,5.2,309.4,48,219,48,970.7
2026-03-19 10:00:00,-26.2,15.3,370.2,75,336,44,984.7
2026-03-19 11:00:00,-28.7,12.8,369.5,92,138,86,978.5
2026-03-19 12:00:00,-26.9,8.8,366.7,38,192,47,974.9
2026-03-19 13:00:00,-28.1,12.0,427.1,55,343,82,980.2
2026-03-19 14:00:00,-23.6,8.0,472.0,9,138,61,967.1
2026-03-19 15:00:00,-22.4,14.9,379.3,29,59,87,990.2
2026-03-19 16:00:00,-24.6,4.7,307.2,2,266,47,983.6
2026-03-19 17:00:00,-26.6,12.6,341.9,83,359,56,982.4
2026-03-19 18:00:00,-24.7,4.6,327.7,49,323,76,984.0
2026-03-19 19:00:00,-27.3,12.6,389.6,98,219,57,972.3
2026-03-19 20:00:00,-21.4,12.3,465.7,62,125,84,969.5
2026-03-19 21:00:00,-24.7,9.1,568.9,7,163,71,974.9
2026-03-19 22:00:00,-29.0,13.0,0.0,90,202,56,990.1
2026-03-19 23:00:00,-27.3,19.1,0.0,33,66,88,980.7
2026-03-20 00:00:00,-29.3,2.7,0.0,84,143,45,985.7
2026-03-20 01:00:00,-22.6,12.7,0.0,25,242,78,980.0
2026-03-20 02:00:00,-29.2,16.7,0.0,32,153,82,985.5
2026-03-20 03:00:00,-25.8,11.7,0.0,72,217,53,973.8
2026-03-20 04:00:00,-24.3,14.4,0.0,40,85,73,990.1
2026-03-20 05:00:00,-29.5,8.8,466.6,7,334,68,973.5
2026-03-20 06:00:00,-33.3,4.2,401.9,60,124,54,960.3
2026-03-20 07:00:00,-25.0,11.7,302.0,55,239,55,973.2
2026-03-20 08:00:00,-30.3,15.1,338.9,97,28,71,983.2
2026-03-20 09:00:00,-22.4,12.9,417.7,4,310,61,969.0
2026-03-20 10:00:00,-25.6,13.5,508.9,75,249,89,985.2
2026-03-20 11:00:00,-27.4,6.3,300.5,31,28,64,967.1
2026-03-20 12:00:00,-32.5,11.2,335.2,0,56,65,978.2
2026-03-20 13:00:00,-24.3,17.8,365.4,31,149,45,969.0
2026-03-20 14:00:00,-29.8,10.9,376.8,44,273,89,977.2
2026-03-20 15:00:00,-28.5,14.0,468.7,30,84,70,976.4
2026-03-20 16:00:00,-21.5,3.0,522.2,24,300,86,973.8
2026-03-20 17:00:00,-31.1,14.2,551.1,97,354,40,981.6
2026-03-20 18:00:00,-22.7,6.8,396.6,40,127,84,967.0
2026-03-20 19:00:00,-24.3,9.9,487.6,40,6,60,981.9
2026-03-20 20:00:00,-22.0,13.4,222.1,48,98,84,987.2
2026-03-20 21:00:00,-28.4,7.7,582.9,75,44,84,997.0
2026-03-20 22:00:00,-27.5,9.6,0.0,1,318,55,977.4
2026-03-20 23:00:00,-26.2,20.6,0.0,75,43,78,993.7
2026-03-21 00:00:00,-20.5,16.0,0.0,49,238,68,982.8
2026-03-21 01:00:00,-32.6,9.4,0.0,65,140,54,986.3
2026-03-21 02:00:00,-31.1,15.8,0.0,15,204,74,987.6
2026-03-21 03:00:00,-21.3,13.8,0.0,49,62,61,962.6
2026-03-21 04:00:00,-20.3,15.3,0.0,74,120,56,983.6
2026-03-21 05:00:00,-17.8,8.5,400.6,26,338,57,993.7
2026-03-21 06:00:00,-20.7,4.8,433.4,48,70,54,978.7
2026-03-21 07:00:00,-29.8,8.4,560.9,7,136,40,977.2
2026-03-21 08:00:00,-30.0,9.9,498.5,66,175,57,992.6
2026-03-21 09:00:00,-25.1,13.3,363.8,63,72,56,973.5
2026-03-21 10:00:00,-28.4,11.1,413.7,59,6,82,988.9
2026-03-21 11:00:00,-28.4,11.6,530.6,18,124,58,992.1
2026-03-21 12:00:00,-25.0,6.4,503.1,31,86,72,993.9
2026-03-21 13:00:00,-29.0,18.5,223.8,60,183,68,976.6
2026-03-21 14:00:00,-26.0,13.0,459.4,6,160,49,994.3
2026-03-21 15:00:00,-28.4,12.4,451.6,4,246,77,981.3
2026-03-21 16:00:00,-23.4,10.6,383.7,29,332,86,979.9
2026-03-21 17:00:00,-24.2,8.9,356.4,61,85,78,981.9
2026-03-21 18:00:00,-24.1,11.2,273.0,84,38,40,981.8
2026-03-21 19:00:00,-28.7,19.4,495.3,4,84,81,984.0
2026-03-21 20:00:00,-27.8,14.2,323.2,67,293,67,1003.5
2026-03-21 21:00:00,-27.8,6.8,403.8,46,272,53,989.5
2026-03-21 22:00:00,-28.5,10.9,0.0,96,297,59,970.5
2026-03-21 23:00:00,-20.5,14.9,0.0,1,90,85,975.3
2026-03-22 00:00:00,-30.0,7.6,0.0,3,55,50,984.9
2026-03-22 01:00:00,-29.6,4.2,0.0,65,37,41,977.2
2026-03-22 02:00:00,-28.1,15.9,0.0,49,235,77,986.7
2026-03-22 03:00:00,-24.0,6.1,0.0,61,85,46,977.0
2026-03-22 04:00:00,-30.4,12.5,0.0,76,179,46,983.0
2026-03-22 05:00:00,-23.9,8.0,425.3,33,190,76,975.6
2026-03-22 06:00:00,-27.1,11.4,316.8,20,45,57,977.1
2026-03-22 07:00:00,-25.1,16.4,508.6,71,7,60,980.6
2026-03-22 08:00:00,-24.3,8.1,440.0,68,234,66,983.3
2026-03-22 09:00:00,-25.1,11.8,400.6,27,254,71,980.7
2026-03-22 10:00:00,-26.9,23.6,493.5,52,176,46,993.5
2026-03-22 11:00:00,-29.8,16.1,264.2,51,89,78,978.9
2026-03-22 12:00:00,-25.6,9.7,507.3,40,56,66,999.9
2026-03-22 13:00:00,-28.9,6.9,369.4,16,259,44,992.7
2026-03-22 14:00:00,-26.5,15.7,266.5,13,139,85,996.1
2026-03-22 15:00:00,-28.9,7.6,503.5,100,251,48,982.2
2026-03-22 16:00:00,-26.1,12.9,308.6,62,88,76,984.5
2026-03-22 17:00:00,-22.8,9.9,299.5,34,183,67,968.6
2026-03-22 18:00:00,-28.8,11.3,541.5,30,128,60,987.4
2026-03-22 19:00:00,-28.6,6.7,364.6,94,87,58,973.4
2026-03-22 20:00:00,-24.9,0.6,510.7,6,311,63,969.8
2026-03-22 21:00:00,-23.4,12.4,336.0,15,252,54,968.9
2026-03-22 22:00:00,-26.0,5.0,0.0,76,118,77,977.0
2026-03-22 23:00:00,-31.8,13.9,0.0,58,49,76,977.7
2026-03-23 00:00:00,-24.4,17.1,0.0,65,115,57,973.4
2026-03-23 01:00:00,-28.6,4.0,0.0,44,30,45,972.4
2026-03-23 02:00:00,-27.4,10.7,0.0,91,256,56,975.6
2026-03-23 03:00:00,-25.9,5.8,0.0,17,217,88,980.9
2026-03-23 04:00:00,-33.0,13.5,0.0,68,335,50,984.3
2026-03-23 05:00:00,-28.2,5.2,520.2,77,315,67,981.9
2026-03-23 06:00:00,-28.1,19.5,438.0,4,229,43,975.6
2026-03-23 07:00:00,-28.2,16.5,413.9,17,148,47,983.2
2026-03-23 08:00:00,-27.0,4.3,352.5,56,225,77,978.5
2026-03-23 09:00:00,-24.9,13.7,238.2,31,276,50,992.9
2026-03-23 10:00:00,-26.1,15.0,261.7,1,127,47,999.3
2026-03-23 11:00:00,-24.9,13.9,333.2,71,114,40,984.9
2026-03-23 12:00:00,-32.6,12.3,351.9,80,87,69,987.9
2026-03-23 13:00:00,-30.1,7.9,456.0,48,73,47,977.2
2026-03-23 14:00:00,-26.7,14.4,465.3,30,244,74,991.3
2026-03-23 15:00:00,-26.0,9.3,343.3,38,13,76,965.1
2026-03-23 16:00:00,-25.4,10.4,440.2,96,124,46,999.6
2026-03-23 17:00:00,-22.0,1.7,308.3,5,151,40,977.8
2026-03-23 18:00:00,-23.8,7.3,328.8,60,95,89,975.8
2026-03-23 19:00:00,-29.1,11.8,381.2,63,268,48,985.8
2026-03-23 20:00:00,-24.2,10.6,383.8,50,163,45,971.3
2026-03-23 21:00:00,-25.0,15.5,486.1,65,196,70,983.8
2026-03-23 22:00:00,-29.0,14.7,0.0,18,86,46,995.7
2026-03-23 23:00:00,-22.8,11.8,0.0,81,349,59,971.2
2026-03-24 00:00:00,-23.5,20.4,0.0,98,335,63,986.5
2026-03-24 01:00:00,-25.5,13.1,0.0,77,263,80,981.1
2026-03-24 02:00:00,-29.5,21.7,0.0,17,294,40,980.4
2026-03-24 03:00:00,-29.4,9.2,0.0,61,97,74,1001.6
2026-03-24 04:00:00,-25.2,7.7,0.0,79,146,41,972.2
2026-03-24 05:00:00,-28.3,15.3,700.6,26,238,58,979.6
2026-03-24 06:00:00,-27.3,7.6,376.0,55,2,50,987.5
2026-03-24 07:00:00,-31.1,17.4,361.1,95,108,69,995.8
2026-03-24 08:00:00,-31.9,1.4,527.0,91,246,69,992.0
2026-03-24 09:00:00,-28.6,14.8,442.2,44,184,74,990.3
2026-03-24 10:00:00,-23.1,11.8,428.3,52,221,75,978.5
2026-03-24 11:00:00,-31.3,10.2,529.3,17,150,70,978.9
2026-03-24 12:00:00,-27.4,8.4,445.7,90,214,69,954.3
2026-03-24 13:00:00,-28.5,9.1,489.3,38,221,65,992.9
2026-03-24 14:00:00,-25.8,11.6,397.0,73,170,47,965.6
2026-03-24 15:00:00,-29.1,17.3,403.0,50,15,88,980.5
2026-03-24 16:00:00,-33.0,14.9,436.2,73,3,54,979.3
2026-03-24 17:00:00,-29.2,9.0,368.5,99,267,60,982.7
2026-03-24 18:00:00,-26.4,17.6,46.1,11,40,46,978.3
2026-03-24 19:00:00,-30.6,6.6,316.2,88,4,61,993.4
2026-03-24 20:00:00,-30.0,4.1,477.6,65,130,40,984.3
2026-03-24 21:00:00,-29.0,15.3,325.3,81,310,69,981.0
2026-03-24 22:00:00,-26.1,11.0,0.0,51,192,52,975.7
2026-03-24 23:00:00,-23.8,7.0,0.0,25,216,83,981.0
2026-03-25 00:00:00,-32.4,14.9,0.0,83,335,73,963.1
2026-03-25 01:00:00,-24.9,11.8,0.0,36,288,68,980.6
2026-03-25 02:00:00,-27.6,3.4,0.0,33,325,51,960.6
2026-03-25 03:00:00,-22.3,13.3,0.0,92,268,58,980.4
2026-03-25 04:00:00,-33.0,12.3,0.0,38,274,55,967.8
2026-03-25 05:00:00,-26.2,19.3,377.8,40,18,57,993.4
2026-03-25 06:00:00,-25.2,7.5,203.0,34,141,69,991.8
2026-03-25 07:00:00,-27.0,11.5,358.0,52,185,68,973.0
2026-03-25 08:00:00,-27.3,7.5,420.5,25,149,40,982.9
2026-03-25 09:00:00,-34.5,2.9,471.2,12,27,66,997.0
2026-03-25 10:00:00,-31.0,18.2,463.5,22,284,63,989.8
2026-03-25 11:00:00,-27.2,12.2,321.5,85,0,82,972.2
2026-03-25 12:00:00,-28.4,18.5,490.4,90,244,48,993.2
2026-03-25 13:00:00,-31.5,13.1,332.1,57,241,75,963.1
2026-03-25 14:00:00,-29.9,4.1,201.7,66,49,64,976.8
2026-03-25 15:00:00,-29.7,6.4,342.0,16,152,68,983.2
2026-03-25 16:00:00,-27.1,17.3,321.5,93,301,86,980.1
2026-03-25 17:00:00,-34.0,10.9,553.2,75,151,62,968.1
2026-03-25 18:00:00,-31.3,12.9,327.8,29,69,67,973.4
2026-03-25 19:00:00,-30.4,2.0,482.2,25,48,65,982.7
2026-03-25 20:00:00,-32.2,8.7,451.9,35,22,80,976.1
2026-03-25 21:00:00,-29.3,18.4,156.1,79,289,72,993.5
2026-03-25 22:00:00,-30.3,4.5,0.0,90,111,86,985.3
2026-03-25 23:00:00,-26.1,13.1,0.0,52,61,89,964.4
2026-03-26 00:00:00,-22.8,12.0,0.0,94,274,72,990.6
2026-03-26 01:00:00,-25.3,10.0,0.0,59,198,50,971.8
2026-03-26 02:00:00,-22.2,5.1,0.0,44,183,58,969.8
2026-03-26 03:00:00,-28.3,5.4,0.0,53,304,52,973.5
2026-03-26 04:00:00,-24.6,13.2,0.0,52,294,50,967.9
2026-03-26 05:00:00,-26.8,13.3,285.0,84,293,72,986.6
2026-03-26 06:00:00,-30.2,7.3,177.0,69,49,52,960.5
2026-03-26 07:00:00,-27.6,14.6,323.7,26,163,54,975.1
2026-03-26 08:00:00,-20.2,11.4,514.2,38,327,56,971.6
2026-03-26 09:00:00,-26.5,8.8,308.1,25,30,64,978.8
2026-03-26 10:00:00,-29.8,13.6,320.7,44,69,66,963.0
2026-03-26 11:00:00,-28.7,17.0,267.0,57,56,71,984.9
2026-03-26 12:00:00,-28.1,10.2,352.9,43,188,41,988.9
2026-03-26 13:00:00,-25.3,13.0,185.4,56,355,73,973.0
2026-03-26 14:00:00,-33.6,3.0,477.7,67,78,65,983.1
2026-03-26 15:00:00,-31.7,10.8,167.0,13,147,44,978.6
2026-03-26 16:00:00,-21.3,14.3,379.6,19,290,68,980.3
2026-03-26 17:00:00,-25.6,0.0,519.7,92,99,74,971.7
2026-03-26 18:00:00,-22.6,11.7,249.9,12,29,53,971.0
2026-03-26 19:00:00,-29.6,6.1,383.8,40,32,43,973.5
2026-03-26 20:00:00,-32.2,13.6,471.7,51,13,89,996.6
2026-03-26 21:00:00,-24.0,17.8,215.1,45,255,59,1007.1
2026-03-26 22:00:00,-26.2,8.9,0.0,37,359,41,971.4
2026-03-26 23:00:00,-26.3,13.7,0.0,20,63,79,962.1
2026-03-27 00:00:00,-31.6,10.5,0.0,64,316,55,983.7
2026-03-27 01:00:00,-26.4,18.7,0.0,45,302,45,990.7
2026-03-27 02:00:00,-30.9,9.7,0.0,10,7,49,970.7
2026-03-27 03:00:00,-27.8,6.2,0.0,54,295,66,968.3
2026-03-27 04:00:00,-22.3,4.5,0.0,85,39,50,979.2
2026-03-27 05:00:00,-28.4,3.1,476.7,88,249,76,966.9
2026-03-27 06:00:00,-30.5,7.8,622.0,93,65,88,990.4
2026-03-27 07:00:00,-30.6,7.8,487.7,7,102,51,969.4
2026-03-27 08:00:00,-32.3,12.0,412.9,1,311,81,980.0
2026-03-27 09:00:00,-28.6,17.4,259.5,52,176,47,973.1
2026-03-27 10:00:00,-28.6,15.7,404.4,47,3,50,976.1
2026-03-27 11:00:00,-27.3,12.3,442.9,55,159,82,975.2
2026-03-27 12:00:00,-27.0,18.7,405.4,29,79,45,969.2
2026-03-27 13:00:00,-31.0,19.9,436.6,49,111,45,985.1
2026-03-27 14:00:00,-22.0,15.3,521.3,33,166,56,970.6
2026-03-27 15:00:00,-35.0,12.9,548.7,28,281,45,972.0
2026-03-27 16:00:00,-32.2,10.4,231.0,19,329,74,987.5
2026-03-27 17:00:00,-31.0,9.6,565.1,72,21,84,975.8
2026-03-27 18:00:00,-24.4,15.3,436.9,88,211,72,1000.5
2026-03-27 19:00:00,-27.0,7.9,320.2,46,10,88,991.3
2026-03-27 20:00:00,-31.4,11.0,422.6,18,214,62,972.7
2026-03-27 21:00:00,-30.7,14.6,324.6,15,205,57,988.8
2026-03-27 22:00:00,-29.1,11.7,0.0,13,128,89,980.4
2026-03-27 23:00:00,-26.8,10.5,0.0,53,118,52,966.8
2026-03-28 00:00:00,-26.9,13.0,0.0,45,274,53,972.9
2026-03-28 01:00:00,-31.4,12.1,0.0,94,220,87,977.8
2026-03-28 02:00:00,-30.4,10.7,0.0,50,8,74,996.9
2026-03-28 03:00:00,-28.1,14.5,0.0,67,302,50,981.5
2026-03-28 04:00:00,-27.0,13.8,0.0,37,173,79,992.6
2026-03-28 05:00:00,-26.6,9.2,313.0,47,43,45,990.9
2026-03-28 06:00:00,-33.9,10.8,365.2,49,352,56,975.6
2026-03-28 07:00:00,-26.5,20.2,244.3,43,180,67,978.4
2026-03-28 08:00:00,-32.9,1.7,415.3,60,221,70,963.9
2026-03-28 09:00:00,-30.1,15.1,344.5,17,156,76,976.5
2026-03-28 10:00:00,-28.6,4.1,473.9,98,328,88,994.2
2026-03-28 11:00:00,-30.2,12.3,305.5,47,77,89,969.5
2026-03-28 12:00:00,-34.8,6.2,351.9,50,329,66,996.6
2026-03-28 13:00:00,-24.9,9.4,205.4,55,357,57,972.6
2026-03-28 14:00:00,-30.9,7.2,429.7,50,285,52,990.7
2026-03-28 15:00:00,-27.6,12.7,425.8,45,306,63,981.4
2026-03-28 16:00:00,-32.7,12.5,328.9,83,104,78,973.2
2026-03-28 17:00:00,-29.2,14.8,499.8,18,72,77,957.3
2026-03-28 18:00:00,-28.2,9.0,600.0,46,115,56,985.4
2026-03-28 19:00:00,-24.0,2.1,376.5,78,167,80,990.5
2026-03-28 20:00:00,-28.0,7.7,358.0,35,161,59,987.4
2026-03-28 21:00:00,-20.5,9.8,501.9,39,21,81,967.6
2026-03-28 22:00:00,-24.6,15.6,0.0,18,332,81,993.0
2026-03-28 23:00:00,-32.0,12.0,0.0,31,69,73,978.4
2026-03-29 00:00:00,-31.6,6.4,0.0,1,286,57,973.2
2026-03-29 01:00:00,-32.3,17.4,0.0,48,1,50,985.2
2026-03-29 02:00:00,-26.2,9.7,0.0,68,121,80,983.8
2026-03-29 03:00:00,-29.8,18.9,0.0,3,262,72,977.7
2026-03-29 04:00:00,-31.7,22.6,0.0,28,207,41,984.5
2026-03-29 05:00:00,-25.4,9.2,426.4,26,87,56,977.3
2026-03-29 06:00:00,-28.5,4.0,546.4,8,119,85,972.7
2026-03-29 07:00:00,-32.1,9.4,525.3,75,58,54,1001.0
2026-03-29 08:00:00,-36.2,11.4,489.3,76,54,88,973.7
2026-03-29 09:00:00,-23.9,15.1,321.4,52,148,54,971.8
2026-03-29 10:00:00,-26.2,8.3,281.9,75,250,63,969.7
2026-03-29 11:00:00,-26.2,13.3,470.6,6,299,62,969.7
2026-03-29 12:00:00,-31.0,15.5,257.2,86,234,50,1001.1
2026-03-29 13:00:00,-29.1,15.0,306.8,99,145,89,973.9
2026-03-29 14:00:00,-27.6,11.0,493.3,76,248,88,964.6
2026-03-29 15:00:00,-27.1,7.6,571.8,40,119,50,966.8
2026-03-29 16:00:00,-27.5,21.4,314.0,100,211,46,976.9
2026-03-29 17:00:00,-31.3,10.0,503.4,78,174,59,991.9
2026-03-29 18:00:00,-29.6,7.0,469.0,63,136,46,988.9
2026-03-29 19:00:00,-29.2,13.6,303.6,72,59,45,975.0
2026-03-29 20:00:00,-28.8,11.0,294.3,23,25,45,977.1
2026-03-29 21:00:00,-31.3,9.9,496.3,56,131,54,978.6
2026-03-29 22:00:00,-34.5,8.4,0.0,92,64,73,975.9
2026-03-29 23:00:00,-38.7,8.9,0.0,70,93,67,976.5
2026-03-30 00:00:00,-27.3,18.0,0.0,77,139,57,970.3
2026-03-30 01:00:00,-30.3,5.6,0.0,54,8,51,989.1
2026-03-30 02:00:00,-24.8,11.5,0.0,2,167,43,976.1
2026-03-30 03:00:00,-27.5,20.2,0.0,9,280,44,982.0
2026-03-30 04:00:00,-29.2,19.5,0.0,71,115,72,987.5
2026-03-30 05:00:00,-28.1,15.6,417.6,79,301,81,974.8
2026-03-30 06:00:00,-29.5,14.7,474.8,24,152,78,992.3
2026-03-30 07:00:00,-28.5,2.8,396.1,18,175,42,968.4
2026-03-30 08:00:00,-30.5,12.6,306.7,97,96,83,999.3
2026-03-30 09:00:00,-32.1,24.0,354.0,40,219,62,982.2
2026-03-30 10:00:00,-28.9,8.9,549.4,96,57,72,983.4
2026-03-30 11:00:00,-31.3,18.2,183.7,5,173,65,990.7
2026-03-30 12:00:00,-29.8,7.1,333.4,54,111,56,953.4
2026-03-30 13:00:00,-27.1,11.7,447.7,41,340,66,984.4
2026-03-30 14:00:00,-30.0,12.7,490.6,81,200,42,981.1
2026-03-30 15:00:00,-27.8,26.1,379.9,44,194,80,998.0
2026-03-30 16:00:00,-29.6,14.4,635.0,15,315,76,951.6
2026-03-30 17:00:00,-29.3,15.9,479.5,17,194,82,993.6
2026-03-30 18:00:00,-27.0,10.5,356.8,83,302,60,999.9
2026-03-30 19:00:00,-26.8,12.4,400.0,49,81,71,986.9
2026-03-30 20:00:00,-29.4,8.7,372.5,30,203,48,982.8
2026-03-30 21:00:00,-28.7,12.4,264.5,28,39,41,975.8
2026-03-30 22:00:00,-28.9,13.1,0.0,4,277,52,983.4
2026-03-30 23:00:00,-34.7,13.9,0.0,64,45,41,980.9
2026-03-31 00:00:00,-29.5,19.6,0.0,22,150,76,1007.4
2026-03-31 01:00:00,-24.7,12.7,0.0,76,283,56,982.6
2026-03-31 02:00:00,-36.7,13.8,0.0,20,344,87,989.2
2026-03-31 03:00:00,-29.3,10.0,0.0,32,317,68,980.1
2026-03-31 04:00:00,-26.2,11.4,0.0,80,356,68,983.6
2026-03-31 05:00:00,-36.0,12.5,596.9,8,43,74,981.6
2026-03-31 06:00:00,-33.5,20.2,445.0,85,227,64,971.3
2026-03-31 07:00:00,-24.1,11.1,361.3,6,348,43,986.2
2026-03-31 08:00:00,-23.8,7.8,361.6,92,216,59,988.9
2026-03-31 09:00:00,-26.9,4.7,362.5,95,54,89,978.3
2026-03-31 10:00:00,-28.4,18.2,327.5,5,222,55,978.0
2026-03-31 11:00:00,-30.0,13.1,398.9,60,51,81,971.0
2026-03-31 12:00:00,-31.6,10.5,532.6,82,119,81,977.8
2026-03-31 13:00:00,-31.1,13.5,446.1,91,203,51,981.6
2026-03-31 14:00:00,-33.1,21.0,211.9,71,18,50,979.4
2026-03-31 15:00:00,-29.3,19.8,439.7,43,311,83,981.0
2026-03-31 16:00:00,-23.6,9.6,217.4,44,22,83,989.7
2026-03-31 17:00:00,-26.7,14.8,229.4,75,4,57,995.2
2026-03-31 18:00:00,-25.4,9.9,565.6,11,292,75,973.7
2026-03-31 19:00:00,-27.7,14.7,323.6,75,345,88,987.0
2026-03-31 20:00:00,-25.8,17.5,385.8,57,167,89,972.7
2026-03-31 21:00:00,-26.3,6.7,460.4,13,340,89,983.5
2026-03-31 22:00:00,-27.5,5.6,0.0,41,123,66,979.9
2026-03-31 23:00:00,-34.8,10.0,0.0,38,246,48,972.5
2026-04-01 00:00:00,-34.5,1.9,0.0,98,358,80,990.5
2026-04-01 01:00:00,-34.6,14.8,0.0,100,12,76,973.6
2026-04-01 02:00:00,-30.8,6.7,0.0,44,173,41,955.9
2026-04-01 03:00:00,-29.6,4.9,0.0,53,95,73,976.3
2026-04-01 04:00:00,-25.7,3.6,0.0,21,145,67,977.3
2026-04-01 05:00:00,-28.2,11.6,488.4,60,328,72,973.1
2026-04-01 06:00:00,-29.6,16.9,322.9,58,81,57,962.5
2026-04-01 07:00:00,-33.6,10.2,432.1,8,313,81,970.2
2026-04-01 08:00:00,-35.1,9.1,539.8,29,309,57,994.3
2026-04-01 09:00:00,-29.7,12.3,227.0,60,38,79,987.6
2026-04-01 10:00:00,-24.4,12.1,456.6,100,284,47,984.6
2026-04-01 11:00:00,-27.0,18.5,436.0,32,71,44,984.4
2026-04-01 12:00:00,-30.2,0.9,370.0,99,342,88,978.7
2026-04-01 13:00:00,-30.5,9.2,315.4,7,8,54,968.1
2026-04-01 14:00:00,-26.1,16.8,476.4,36,44,42,996.4
2026-04-01 15:00:00,-24.7,9.4,337.0,85,18,56,979.4
2026-04-01 16:00:00,-28.2,12.2,601.4,8,11,46,986.1
2026-04-01 17:00:00,-33.9,9.0,440.8,4,18,87,993.7
2026-04-01 18:00:00,-29.1,4.7,612.6,78,1,81,981.5
2026-04-01 19:00:00,-26.3,13.6,596.0,99,253,66,978.9
2026-04-01 20:00:00,-34.5,7.4,392.0,92,295,61,994.2
2026-04-01 21:00:00,-27.7,10.5,411.4,79,202,57,968.2
2026-04-01 22:00:00,-32.8,8.4,0.0,43,129,66,962.8
2026-04-01 23:00:00,-31.7,8.9,0.0,40,53,65,969.2
2026-04-02 00:00:00,-30.6,15.0,0.0,8,334,68,986.2
2026-04-02 01:00:00,-26.1,11.8,0.0,4,47,43,994.5
2026-04-02 02:00:00,-27.8,12.3,0.0,39,175,86,978.0
2026-04-02 03:00:00,-30.8,17.7,0.0,3,141,80,959.4
2026-04-02 04:00:00,-30.1,17.5,0.0,93,353,81,982.5
2026-04-02 05:00:00,-30.9,8.6,306.5,73,96,53,985.0
2026-04-02 06:00:00,-30.5,20.8,541.8,53,260,47,970.2
2026-04-02 07:00:00,-29.8,16.5,269.1,76,264,71,963.4
2026-04-02 08:00:00,-33.7,13.6,325.6,29,85,50,992.1
2026-04-02 09:00:00,-26.9,10.3,348.5,84,47,76,977.2
2026-04-02 10:00:00,-31.8,16.7,382.8,1,172,88,982.0
2026-04-02 11:00:00,-34.9,15.0,316.3,70,139,73,989.1
2026-04-02 12:00:00,-34.5,16.8,397.9,64,96,43,978.3
2026-04-02 13:00:00,-28.7,3.4,356.1,42,348,63,971.6
2026-04-02 14:00:00,-32.9,10.8,416.9,64,308,66,968.8
2026-04-02 15:00:00,-24.8,8.5,422.3,59,19,89,975.8
2026-04-02 16:00:00,-29.0,16.7,418.9,41,60,58,982.9
2026-04-02 17:00:00,-27.4,4.5,430.5,44,307,80,988.3
2026-04-02 18:00:00,-30.7,10.7,419.7,99,270,64,970.2
2026-04-02 19:00:00,-29.1,13.3,402.1,33,134,61,981.7
2026-04-02 20:00:00,-34.1,10.5,230.6,74,261,84,958.1
2026-04-02 21:00:00,-31.8,11.6,438.9,10,136,47,977.0
2026-04-02 22:00:00,-29.2,12.2,0.0,68,141,71,987.0
2026-04-02 23:00:00,-31.0,8.1,0.0,26,2,60,981.3
2026-04-03 00:00:00,-30.2,14.0,0.0,41,330,63,972.5
2026-04-03 01:00:00,-24.9,13.1,0.0,13,153,46,985.6
2026-04-03 02:00:00,-28.9,12.0,0.0,48,239,71,990.2
2026-04-03 03:00:00,-33.3,14.3,0.0,28,76,57,981.2
2026-04-03 04:00:00,-34.4,20.1,0.0,67,266,48,970.7
2026-04-03 05:00:00,-27.6,11.8,420.8,22,135,72,980.1
2026-04-03 06:00:00,-29.5,13.1,407.8,24,213,88,968.4
2026-04-03 07:00:00,-31.1,9.6,421.0,99,16,57,990.2
2026-04-03 08:00:00,-32.7,15.5,291.9,18,151,62,980.4
2026-04-03 09:00:00,-34.2,19.7,465.8,99,167,52,971.0
2026-04-03 10:00:00,-33.1,4.2,375.1,57,70,58,985.8
2026-04-03 11:00:00,-29.3,15.1,396.2,42,48,63,975.4
2026-04-03 12:00:00,-28.3,9.5,470.9,93,237,66,988.7
2026-04-03 13:00:00,-27.6,11.5,191.7,84,91,56,989.8
2026-04-03 14:00:00,-31.5,6.9,279.9,39,270,54,989.2
2026-04-03 15:00:00,-27.0,18.7,294.5,47,33,54,994.9
2026-04-03 16:00:00,-24.1,17.0,395.6,83,98,42,978.8
2026-04-03 17:00:00,-34.7,9.9,559.9,12,120,83,989.8
2026-04-03 18:00:00,-30.4,2.2,347.6,2,197,77,988.6
2026-04-03 19:00:00,-32.3,11.8,351.2,11,48,78,975.5
2026-04-03 20:00:00,-27.4,10.3,293.1,60,186,84,972.9
2026-04-03 21:00:00,-29.1,6.9,507.2,41,345,46,964.4
2026-04-03 22:00:00,-30.6,14.3,0.0,38,151,45,969.7
2026-04-03 23:00:00,-26.3,16.4,0.0,95,182,46,983.7
2026-04-04 00:00:00,-32.0,24.5,0.0,96,314,55,986.9
2026-04-04 01:00:00,-35.1,8.6,0.0,37,252,86,969.3
2026-04-04 02:00:00,-30.6,12.6,0.0,26,88,52,981.3
2026-04-04 03:00:00,-33.1,14.1,0.0,53,170,89,991.3
2026-04-04 04:00:00,-28.8,9.7,0.0,40,37,48,970.8
2026-04-04 05:00:00,-30.6,0.0,342.8,44,305,40,991.5
2026-04-04 06:00:00,-28.7,0.3,361.4,7,203,57,980.2
2026-04-04 07:00:00,-35.7,12.1,538.3,28,114,40,974.0
2026-04-04 08:00:00,-26.1,9.1,389.5,52,28,42,968.8
2026-04-04 09:00:00,-23.0,14.8,371.3,57,185,86,975.4
2026-04-04 10:00:00,-34.6,14.6,460.3,30,133,52,965.6
2026-04-04 11:00:00,-38.3,8.2,342.4,51,231,51,989.0
2026-04-04 12:00:00,-29.7,16.4,263.9,33,172,82,992.0
2026-04-04 13:00:00,-28.2,12.1,296.1,4,193,73,998.8
2026-04-04 14:00:00,-33.1,17.7,374.7,5,146,53,978.9
2026-04-04 15:00:00,-29.3,7.4,395.3,57,254,69,994.9
2026-04-04 16:00:00,-24.5,18.2,391.5,89,110,49,985.5
2026-04-04 17:00:00,-26.8,5.7,395.5,16,132,53,988.1
2026-04-04 18:00:00,-27.2,9.2,261.2,86,306,84,987.1
2026-04-04 19:00:00,-29.9,12.3,363.9,66,230,69,981.0
2026-04-04 20:00:00,-28.2,6.5,247.4,8,14,81,962.3
2026-04-04 21:00:00,-34.1,18.2,590.7,96,81,49,985.6
2026-04-04 22:00:00,-25.1,12.2,0.0,86,117,62,968.3
2026-04-04 23:00:00,-30.0,10.2,0.0,10,182,59,974.5
2026-04-05 00:00:00,-29.3,14.4,0.0,87,353,58,963.2
2026-04-05 01:00:00,-31.5,8.1,0.0,63,71,88,1004.3
2026-04-05 02:00:00,-31.5,14.4,0.0,87,347,62,987.0
2026-04-05 03:00:00,-32.5,10.9,0.0,93,316,86,977.4
2026-04-05 04:00:00,-29.4,11.4,0.0,58,161,79,986.6
2026-04-05 05:00:00,-31.5,7.5,369.9,14,311,70,973.4
2026-04-05 06:00:00,-29.7,21.4,303.3,36,86,49,984.4
2026-04-05 07:00:00,-33.7,15.7,310.4,52,90,86,971.0
2026-04-05 08:00:00,-31.6,14.4,493.2,74,65,44,988.2
2026-04-05 09:00:00,-32.5,14.3,452.3,68,274,80,979.4
2026-04-05 10:00:00,-26.0,6.5,369.1,32,146,49,979.1
2026-04-05 11:00:00,-27.9,7.1,531.1,100,341,84,987.3
2026-04-05 12:00:00,-32.0,17.5,459.0,30,167,87,969.9
2026-04-05 13:00:00,-32.1,11.7,484.9,52,22,62,969.2
2026-04-05 14:00:00,-29.3,6.6,377.5,51,188,72,984.6
2026-04-05 15:00:00,-32.1,9.6,448.8,10,20,56,985.1
2026-04-05 16:00:00,-31.0,8.1,280.2,93,91,64,977.0
2026-04-05 17:00:00,-30.4,9.6,431.6,37,38,88,987.2
2026-04-05 18:00:00,-29.0,11.2,453.4,10,355,76,978.7
2026-04-05 19:00:00,-32.5,12.3,564.1,30,164,82,990.8
2026-04-05 20:00:00,-28.4,18.6,391.9,55,266,68,1002.5
2026-04-05 21:00:00,-30.1,12.7,370.7,64,204,86,999.3
2026-04-05 22:00:00,-30.1,12.9,0.0,47,302,71,988.4
2026-04-05 23:00:00,-32.2,14.9,0.0,65,59,54,979.9
2026-04-06 00:00:00,-31.3,9.0,0.0,78,328,84,967.0
2026-04-06 01:00:00,-30.6,6.5,0.0,94,326,65,973.7
2026-04-06 02:00:00,-32.3,9.2,0.0,61,278,68,987.0
2026-04-06 03:00:00,-27.9,17.5,0.0,22,248,85,980.9
2026-04-06 04:00:00,-28.2,7.0,0.0,99,156,41,996.2
2026-04-06 05:00:00,-33.9,10.4,538.6,96,4,89,976.5
2026-04-06 06:00:00,-28.2,13.2,342.7,48,154,47,983.0
2026-04-06 07:00:00,-35.4,12.1,364.7,31,116,81,974.3
2026-04-06 08:00:00,-30.9,7.4,200.3,96,110,75,975.3
2026-04-06 09:00:00,-34.0,13.9,151.0,47,259,61,995.0
2026-04-06 10:00:00,-33.3,19.7,321.6,1,37,75,999.4
2026-04-06 11:00:00,-27.1,14.2,473.9,80,336,86,985.6
2026-04-06 12:00:00,-32.3,6.0,549.8,36,172,75,977.0
2026-04-06 13:00:00,-33.9,12.0,448.0,39,65,64,979.0
2026-04-06 14:00:00,-36.8,12.3,390.2,32,96,79,989.3
2026-04-06 15:00:00,-27.1,13.0,237.3,64,181,44,969.1
2026-04-06 16:00:00,-26.2,1.9,334.1,31,70,87,978.1
2026-04-06 17:00:00,-27.5,12.5,460.0,10,14,74,984.1
2026-04-06 18:00:00,-30.0,9.3,510.3,1,287,68,983.9
2026-04-06 19:00:00,-34.0,12.6,157.3,5,352,86,986.4
2026-04-06 20:00:00,-27.6,10.1,409.7,11,51,68,974.7
2026-04-06 21:00:00,-29.8,17.7,314.2,48,351,44,982.3
2026-04-06 22:00:00,-34.4,17.9,0.0,47,108,65,973.0
2026-04-06 23:00:00,-32.1,3.4,0.0,48,80,72,974.7
2026-04-07 00:00:00,-26.6,14.4,0.0,68,317,54,982.7
2026-04-07 01:00:00,-32.4,6.3,0.0,40,358,65,966.4
2026-04-07 02:00:00,-29.4,10.6,0.0,74,78,59,966.6
2026-04-07 03:00:00,-35.6,11.7,0.0,73,47,86,994.1
2026-04-07 04:00:00,-30.1,11.6,0.0,22,129,65,982.1
2026-04-07 05:00:00,-29.7,8.8,213.3,43,261,80,983.3
2026-04-07 06:00:00,-29.8,7.0,378.9,93,51,50,981.6
2026-04-07 07:00:00,-29.7,8.0,531.4,72,286,86,975.3
2026-04-07 08:00:00,-37.2,12.6,454.7,28,178,48,1001.5
2026-04-07 09:00:00,-30.8,13.5,352.8,28,180,72,963.9
2026-04-07 10:00:00,-33.4,11.2,362.3,56,131,62,981.9
2026-04-07 11:00:00,-30.0,16.9,573.5,50,320,71,968.0
2026-04-07 12:00:00,-34.6,10.3,395.4,16,340,61,980.9
2026-04-07 13:00:00,-34.0,11.1,439.6,73,228,88,979.2
2026-04-07 14:00:00,-34.5,6.8,285.9,6,356,46,975.1
2026-04-07 15:00:00,-33.6,12.2,335.3,54,171,76,985.3
2026-04-07 16:00:00,-30.6,3.2,414.0,40,239,43,993.9
2026-04-07 17:00:00,-32.8,5.2,209.2,66,352,79,971.5
2026-04-07 18:00:00,-33.5,15.9,283.6,69,240,87,975.9
2026-04-07 19:00:00,-29.5,16.5,430.8,17,351,57,977.5
2026-04-07 20:00:00,-36.1,5.3,349.5,84,282,75,997.4
2026-04-07 21:00:00,-31.2,9.3,342.6,17,167,77,974.7
2026-04-07 22:00:00,-35.0,18.3,0.0,55,236,57,969.5
2026-04-07 23:00:00,-29.9,8.3,0.0,31,302,78,977.8
2026-04-08 00:00:00,-30.2,7.4,0.0,44,168,55,982.5
2026-04-08 01:00:00,-28.4,10.2,0.0,59,174,82,972.6
2026-04-08 02:00:00,-30.8,7.7,0.0,11,202,41,971.0
2026-04-08 03:00:00,-28.0,7.8,0.0,92,294,51,998.0
2026-04-08 04:00:00,-33.3,11.3,0.0,6,332,86,980.4
2026-04-08 05:00:00,-31.5,7.1,380.9,21,287,68,980.3
2026-04-08 06:00:00,-32.4,15.5,438.8,15,104,62,981.9
2026-04-08 07:00:00,-31.1,4.9,360.3,43,222,89,990.7
2026-04-08 08:00:00,-30.0,11.1,177.1,41,118,71,971.7
2026-04-08 09:00:00,-33.3,7.4,243.0,8,328,57,982.7
2026-04-08 10:00:00,-33.0,9.4,192.0,85,180,66,967.2
2026-04-08 11:00:00,-34.1,2.4,356.0,64,136,46,979.9
2026-04-08 12:00:00,-33.0,13.8,509.2,69,200,43,965.8
2026-04-08 13:00:00,-35.1,16.8,263.6,37,248,57,986.1
2026-04-08 14:00:00,-24.7,14.8,355.6,80,181,69,975.7
2026-04-08 15:00:00,-28.7,18.3,513.6,24,64,47,984.0
2026-04-08 16:00:00,-30.5,14.3,364.6,48,217,66,976.3
2026-04-08 17:00:00,-33.9,16.9,475.2,96,154,47,983.0
2026-04-08 18:00:00,-32.2,15.7,318.5,51,42,77,974.8
2026-04-08 19:00:00,-29.3,18.9,369.2,89,344,40,959.0
2026-04-08 20:00:00,-29.7,12.6,439.2,53,89,65,975.5
2026-04-08 21:00:00,-38.7,6.9,413.8,78,38,44,992.7
2026-04-08 22:00:00,-34.1,14.3,0.0,10,320,48,979.5
2026-04-08 23:00:00,-37.3,15.4,0.0,32,199,41,976.0
2026-04-09 00:00:00,-31.2,12.0,0.0,33,177,73,969.4
2026-04-09 01:00:00,-34.4,4.1,0.0,56,182,75,985.7
2026-04-09 02:00:00,-31.3,3.7,0.0,27,133,82,993.9
2026-04-09 03:00:00,-36.7,10.5,0.0,79,54,46,985.4
2026-04-09 04:00:00,-36.9,12.0,0.0,45,59,84,992.0
2026-04-09 05:00:00,-29.4,9.9,444.6,35,65,53,978.4
2026-04-09 06:00:00,-33.5,14.2,313.5,18,251,87,972.8
2026-04-09 07:00:00,-34.2,12.0,330.2,77,179,44,995.1
2026-04-09 08:00:00,-32.7,19.0,346.4,61,167,68,970.6
2026-04-09 09:00:00,-29.2,3.0,389.7,54,31,84,992.1
2026-04-09 10:00:00,-27.1,21.3,533.3,84,288,51,970.7
2026-04-09 11:00:00,-34.6,14.9,515.0,11,93,63,957.2
2026-04-09 12:00:00,-29.6,15.4,371.8,20,197,51,977.3
2026-04-09 13:00:00,-27.1,12.1,331.9,29,10,62,987.9
2026-04-09 14:00:00,-35.0,14.7,514.6,43,196,77,980.1
2026-04-09 15:00:00,-35.1,14.7,372.3,24,13,50,984.9
2026-04-09 16:00:00,-33.0,12.0,447.4,62,38,48,980.3
2026-04-09 17:00:00,-34.4,12.1,324.5,12,26,74,970.0
2026-04-09 18:00:00,-34.4,7.1,230.3,59,269,72,976.3
2026-04-09 19:00:00,-31.1,18.5,518.2,44,26,56,985.5
2026-04-09 20:00:00,-29.4,11.9,473.9,24,295,46,996.3
2026-04-09 21:00:00,-31.9,10.6,504.2,78,288,85,970.4
2026-04-09 22:00:00,-31.0,13.4,0.0,7,69,75,963.1
2026-04-09 23:00:00,-27.4,10.7,0.0,17,81,73,969.7
2026-04-10 00:00:00,-31.9,17.9,0.0,57,295,74,981.2
2026-04-10 01:00:00,-35.9,8.1,0.0,18,66,86,989.0
2026-04-10 02:00:00,-32.5,12.9,0.0,97,206,86,973.8
2026-04-10 03:00:00,-34.5,13.0,0.0,0,51,42,988.6
2026-04-10 04:00:00,-30.6,8.8,0.0,54,225,46,983.2
2026-04-10 05:00:00,-31.0,11.0,295.8,4,13,61,981.6
2026-04-10 06:00:00,-26.0,9.1,448.5,23,46,73,980.3
2026-04-10 07:00:00,-30.1,11.5,539.1,16,6,62,965.5
2026-04-10 08:00:00,-28.2,6.1,374.8,21,179,87,972.4
2026-04-10 09:00:00,-35.5,5.8,341.0,69,98,50,968.9
2026-04-10 10:00:00,-34.5,0.0,552.8,92,227,77,986.7
2026-04-10 11:00:00,-34.4,13.7,257.4,42,120,46,979.4
2026-04-10 12:00:00,-30.4,7.8,411.2,42,345,53,970.4
2026-04-10 13:00:00,-28.8,12.5,319.5,88,193,44,979.7
2026-04-10 14:00:00,-32.5,11.7,466.5,50,240,44,954.1
2026-04-10 15:00:00,-32.5,8.6,585.9,39,59,85,970.8
2026-04-10 16:00:00,-31.2,16.7,455.0,7,215,89,970.5
2026-04-10 17:00:00,-31.0,19.8,416.5,54,229,42,973.5
2026-04-10 18:00:00,-37.3,0.0,352.7,81,76,44,979.9
2026-04-10 19:00:00,-35.4,9.4,355.8,21,241,43,982.2
2026-04-10 20:00:00,-33.4,11.9,324.4,17,305,43,970.2
2026-04-10 21:00:00,-34.2,17.3,315.4,19,254,53,988.6
2026-04-10 22:00:00,-37.2,14.6,0.0,80,346,46,988.9
2026-04-10 23:00:00,-33.2,15.7,0.0,38,358,80,984.2
2026-04-11 00:00:00,-36.1,16.9,0.0,13,8,50,980.8
2026-04-11 01:00:00,-36.7,10.8,0.0,34,266,44,989.7
2026-04-11 02:00:00,-33.4,13.2,0.0,82,284,47,987.1
2026-04-11 03:00:00,-31.0,12.7,0.0,58,119,85,973.4
2026-04-11 04:00:00,-29.8,15.6,0.0,58,94,66,969.0
2026-04-11 05:00:00,-32.9,8.3,467.8,15,327,74,960.4
2026-04-11 06:00:00,-36.4,14.3,492.2,53,166,87,986.0
2026-04-11 07:00:00,-33.7,25.9,366.4,57,147,51,971.8
2026-04-11 08:00:00,-29.1,20.9,343.5,9,142,40,991.2
2026-04-11 09:00:00,-29.6,17.3,422.7,93,335,75,967.6
2026-04-11 10:00:00,-31.6,12.2,331.7,9,200,87,999.8
2026-04-11 11:00:00,-32.5,12.4,237.4,99,84,77,970.9
2026-04-11 12:00:00,-31.8,13.8,462.2,96,190,87,982.8
2026-04-11 13:00:00,-35.1,11.9,297.9,57,280,48,980.6
2026-04-11 14:00:00,-33.5,15.1,256.3,52,274,59,990.8
2026-04-11 15:00:00,-33.9,13.5,372.4,42,203,69,978.7
2026-04-11 16:00:00,-29.5,0.0,493.8,75,71,82,985.5
2026-04-11 17:00:00,-27.6,13.4,407.7,20,302,89,972.4
2026-04-11 18:00:00,-34.5,4.0,399.5,15,342,40,987.4
2026-04-11 19:00:00,-37.7,1.7,573.5,87,67,55,981.6
2026-04-11 20:00:00,-33.3,12.4,443.8,67,336,82,978.6
2026-04-11 21:00:00,-35.9,12.1,329.9,26,336,87,976.5
2026-04-11 22:00:00,-33.6,1.5,0.0,5,81,67,973.2
2026-04-11 23:00:00,-39.9,11.3,0.0,41,199,57,982.3
2026-04-12 00:00:00,-36.9,9.4,0.0,83,1,56,989.1
2026-04-12 01:00:00,-32.2,9.7,0.0,67,188,86,969.5
2026-04-12 02:00:00,-34.7,11.4,0.0,33,0,40,992.8
2026-04-12 03:00:00,-28.4,13.3,0.0,17,82,57,972.7
2026-04-12 04:00:00,-30.5,10.8,0.0,80,296,61,972.2
2026-04-12 05:00:00,-29.0,5.9,467.2,13,14,43,975.0
2026-04-12 06:00:00,-36.9,10.9,345.1,48,73,79,986.2
2026-04-12 07:00:00,-33.5,16.7,482.9,95,31,81,964.3
2026-04-12 08:00:00,-33.0,0.1,359.8,79,265,63,987.4
2026-04-12 09:00:00,-31.0,9.4,223.3,67,154,56,960.2
2026-04-12 10:00:00,-31.9,5.9,399.1,83,93,58,971.7
2026-04-12 11:00:00,-31.8,8.9,649.7,82,112,40,985.9
2026-04-12 12:00:00,-33.0,16.5,272.6,82,320,88,971.4
2026-04-12 13:00:00,-31.5,13.0,299.3,31,298,50,968.5
2026-04-12 14:00:00,-31.2,12.5,245.7,48,333,58,989.6
2026-04-12 15:00:00,-33.4,13.3,463.5,72,303,58,972.4
2026-04-12 16:00:00,-34.9,9.1,518.6,52,342,56,973.5
2026-04-12 17:00:00,-29.7,7.0,493.9,88,234,59,977.6
2026-04-12 18:00:00,-28.5,13.7,314.9,67,183,55,988.1
2026-04-12 19:00:00,-38.8,17.7,479.7,33,118,59,997.1
2026-04-12 20:00:00,-33.4,19.9,333.6,69,314,52,968.7
2026-04-12 21:00:00,-31.9,21.4,137.8,87,124,62,981.8
2026-04-12 22:00:00,-31.6,9.9,0.0,89,225,65,968.0
2026-04-12 23:00:00,-37.9,16.6,0.0,43,204,67,996.7
2026-04-13 00:00:00,-39.9,14.4,0.0,33,62,76,964.0
2026-04-13 01:00:00,-35.7,10.5,0.0,3,95,61,966.0
2026-04-13 02:00:00,-30.6,13.8,0.0,90,117,49,971.9
2026-04-13 03:00:00,-34.4,12.7,0.0,22,138,73,985.3
2026-04-13 04:00:00,-33.8,9.5,0.0,32,122,76,981.5
2026-04-13 05:00:00,-34.4,6.2,261.1,66,321,43,967.8
2026-04-13 06:00:00,-40.3,4.2,344.2,32,181,70,963.5
2026-04-13 07:00:00,-37.0,6.8,340.2,93,335,44,971.1
2026-04-13 08:00:00,-37.7,11.3,222.0,24,237,44,978.8
2026-04-13 09:00:00,-35.7,17.7,223.8,26,140,58,977.1
2026-04-13 10:00:00,-34.5,4.4,484.9,34,60,47,975.2
2026-04-13 11:00:00,-31.7,14.4,349.2,84,31,62,980.5
2026-04-13 12:00:00,-31.6,9.4,395.0,51,114,69,983.5
2026-04-13 13:00:00,-32.5,5.9,571.1,18,249,80,970.8
2026-04-13 14:00:00,-32.0,10.6,374.0,37,138,68,984.0
2026-04-13 15:00:00,-35.7,2.9,295.1,9,192,60,987.8
2026-04-13 16:00:00,-28.6,22.6,503.2,30,4,81,977.3
2026-04-13 17:00:00,-30.5,12.2,417.9,57,237,46,987.1
2026-04-13 18:00:00,-35.1,17.2,449.8,48,319,43,977.7
2026-04-13 19:00:00,-35.0,6.3,457.0,10,102,73,1004.9
2026-04-13 20:00:00,-29.0,8.0,373.9,38,106,47,968.9
2026-04-13 21:00:00,-31.5,8.8,319.9,6,60,81,996.0
2026-04-13 22:00:00,-34.3,15.7,0.0,33,128,73,990.6
2026-04-13 23:00:00,-35.4,21.8,0.0,28,341,62,967.1
2026-04-14 00:00:00,-32.1,13.0,0.0,100,150,55,997.3
2026-04-14 01:00:00,-34.5,11.8,0.0,29,299,47,991.3
2026-04-14 02:00:00,-31.5,14.4,0.0,0,358,48,967.8
2026-04-14 03:00:00,-32.1,7.8,0.0,5,22,74,997.4
2026-04-14 04:00:00,-31.4,16.2,0.0,64,122,71,983.4
2026-04-14 05:00:00,-29.4,9.7,352.6,19,250,56,972.3
2026-04-14 06:00:00,-35.5,12.6,616.3,86,113,65,969.2
2026-04-14 07:00:00,-34.7,17.9,380.8,31,84,40,973.8
2026-04-14 08:00:00,-33.7,13.3,354.6,2,245,63,976.4
2026-04-14 09:00:00,-30.1,7.4,593.1,32,156,46,981.8
2026-04-14 10:00:00,-38.2,4.6,518.9,54,91,80,969.9
2026-04-14 11:00:00,-35.0,17.0,450.8,95,320,53,980.3
2026-04-14 12:00:00,-29.8,12.5,301.1,6,176,77,997.4
2026-04-14 13:00:00,-34.3,18.1,496.5,26,218,45,994.8
2026-04-14 14:00:00,-39.0,16.3,258.6,88,128,49,968.6
2026-04-14 15:00:00,-35.1,12.2,346.5,73,246,40,991.9
2026-04-14 16:00:00,-35.1,8.9,367.7,43,303,77,975.1
2026-04-14 17:00:00,-30.3,7.4,409.3,96,202,78,966.3
2026-04-14 18:00:00,-38.6,8.6,465.6,47,181,89,964.5
2026-04-14 19:00:00,-30.5,8.6,322.9,65,338,51,997.2
2026-04-14 20:00:00,-29.7,23.3,265.2,18,213,80,973.4
2026-04-14 21:00:00,-38.6,5.9,438.7,90,336,54,968.0
2026-04-14 22:00:00,-28.9,16.2,0.0,71,34,56,995.0
2026-04-14 23:00:00,-33.8,17.6,0.0,97,256,72,975.7
2026-04-15 00:00:00,-33.7,9.7,0.0,21,319,85,968.2
2026-04-15 01:00:00,-34.1,9.6,0.0,69,43,44,991.1
2026-04-15 02:00:00,-36.7,9.3,0.0,44,17,46,986.2
2026-04-15 03:00:00,-33.6,13.3,0.0,13,273,69,987.1
2026-04-15 04:00:00,-37.9,7.0,0.0,44,174,73,997.3
2026-04-15 05:00:00,-36.8,13.7,462.0,95,180,65,984.1
2026-04-15 06:00:00,-30.3,13.0,478.5,74,304,53,964.1
2026-04-15 07:00:00,-32.0,4.7,203.9,15,218,54,997.0
2026-04-15 08:00:00,-29.9,17.3,429.7,6,21,82,992.0
2026-04-15 09:00:00,-29.6,14.4,475.1,94,201,66,973.9
2026-04-15 10:00:00,-35.7,11.0,282.6,37,61,89,973.0
2026-04-15 11:00:00,-31.5,9.4,236.6,16,182,62,966.1
2026-04-15 12:00:00,-37.3,9.3,336.4,82,227,74,981.8
2026-04-15 13:00:00,-37.1,8.9,450.2,66,77,66,985.7
2026-04-15 14:00:00,-37.2,14.5,391.5,94,45,72,967.7
2026-04-15 15:00:00,-38.3,14.0,422.5,78,247,79,984.0
2026-04-15 16:00:00,-32.3,2.9,311.8,86,129,88,976.8
2026-04-15 17:00:00,-31.6,9.0,536.6,38,153,77,984.7
2026-04-15 18:00:00,-39.0,4.7,428.1,32,304,63,975.9
2026-04-15 19:00:00,-35.9,11.1,448.2,39,61,53,981.2
2026-04-15 20:00:00,-38.2,9.6,536.4,17,46,77,969.3
2026-04-15 21:00:00,-32.3,15.5,241.5,97,20,75,990.4
2026-04-15 22:00:00,-36.4,13.1,0.0,33,257,52,985.0
2026-04-15 23:00:00,-30.0,8.8,0.0,87,340,60,980.7
2026-04-16 00:00:00,-33.5,5.8,0.0,13,94,68,1001.0
2026-04-16 01:00:00,-39.2,11.1,0.0,2,227,88,988.6
2026-04-16 02:00:00,-37.0,7.1,0.0,100,244,57,983.5
2026-04-16 03:00:00,-32.7,13.3,0.0,35,114,44,968.5
2026-04-16 04:00:00,-38.5,9.2,0.0,68,359,45,998.6
2026-04-16 05:00:00,-37.2,8.8,464.4,16,57,46,982.6
2026-04-16 06:00:00,-41.2,13.2,445.8,70,243,64,982.0
2026-04-16 07:00:00,-36.8,12.2,516.3,15,183,67,969.8
2026-04-16 08:00:00,-34.8,19.2,396.3,48,29,49,982.9
2026-04-16 09:00:00,-35.0,9.7,473.9,94,287,68,986.2
2026-04-16 10:00:00,-33.3,0.0,264.2,4,280,65,984.0
2026-04-16 11:00:00,-34.4,20.6,446.7,98,56,52,971.4
2026-04-16 12:00:00,-38.8,12.6,303.0,93,9,82,974.3
2026-04-16 13:00:00,-32.1,18.3,409.7,48,98,58,972.1
2026-04-16 14:00:00,-40.0,11.5,383.9,52,33,71,978.0
2026-04-16 15:00:00,-32.9,14.9,342.3,81,140,46,990.0
2026-04-16 16:00:00,-33.8,7.4,477.1,56,250,59,973.5
2026-04-16 17:00:00,-35.0,11.3,378.7,45,223,65,967.6
2026-04-16 18:00:00,-39.1,12.9,283.9,29,160,65,970.3
2026-04-16 19:00:00,-34.0,15.7,559.6,95,185,65,968.5
2026-04-16 20:00:00,-41.7,12.1,487.3,7,349,42,960.4
2026-04-16 21:00:00,-38.6,21.3,504.3,97,278,88,987.8
2026-04-16 22:00:00,-36.8,14.8,0.0,93,308,50,963.4
2026-04-16 23:00:00,-38.2,11.2,0.0,88,344,50,973.5
2026-04-17 00:00:00,-36.7,8.4,0.0,14,136,55,993.8
2026-04-17 01:00:00,-33.4,13.2,0.0,11,341,51,977.3
2026-04-17 02:00:00,-35.0,7.9,0.0,14,143,65,991.7
2026-04-17 03:00:00,-34.0,13.7,0.0,84,214,86,1003.1
2026-04-17 04:00:00,-35.7,17.0,0.0,85,28,89,977.8
2026-04-17 05:00:00,-34.2,23.4,357.7,91,11,71,972.4
2026-04-17 06:00:00,-38.8,3.7,552.1,72,342,50,971.1
2026-04-17 07:00:00,-31.9,9.9,508.8,86,231,57,975.2
2026-04-17 08:00:00,-37.7,17.0,483.2,23,66,68,971.8
2026-04-17 09:00:00,-35.1,3.1,452.6,100,163,77,977.2
2026-04-17 10:00:00,-29.9,13.2,549.5,2,43,64,982.4
2026-04-17 11:00:00,-35.8,12.0,399.0,50,156,65,975.5
2026-04-17 12:00:00,-33.8,11.0,361.4,51,247,53,973.5
2026-04-17 13:00:00,-38.6,16.4,469.0,18,180,89,980.9
2026-04-17 14:00:00,-36.0,5.6,493.0,85,247,48,981.1
2026-04-17 15:00:00,-32.0,2.9,422.7,33,63,41,972.7
2026-04-17 16:00:00,-36.1,8.4,525.9,9,6,74,996.7
2026-04-17 17:00:00,-38.9,23.1,439.3,56,11,56,1000.8
2026-04-17 18:00:00,-35.1,12.2,330.2,97,283,53,975.7
2026-04-17 19:00:00,-36.9,11.2,139.5,42,187,76,988.1
2026-04-17 20:00:00,-34.2,9.3,273.8,41,319,56,989.4
2026-04-17 21:00:00,-33.8,13.5,407.3,12,53,83,977.5
2026-04-17 22:00:00,-35.3,15.7,0.0,18,259,63,976.1
2026-04-17 23:00:00,-35.3,25.3,0.0,94,196,49,979.6
2026-04-18 00:00:00,-33.5,16.4,0.0,15,307,48,991.9
2026-04-18 01:00:00,-39.6,17.4,0.0,2,1,65,978.0
2026-04-18 02:00:00,-35.6,2.0,0.0,62,19,67,980.0
2026-04-18 03:00:00,-35.6,18.0,0.0,18,345,70,980.6
2026-04-18 04:00:00,-38.9,15.5,0.0,68,300,46,998.8
2026-04-18 05:00:00,-32.3,20.6,382.2,30,226,82,988.5
2026-04-18 06:00:00,-36.5,4.3,441.5,24,17,42,988.6
2026-04-18 07:00:00,-38.8,21.6,498.7,55,44,80,991.1
2026-04-18 08:00:00,-32.8,7.2,372.7,35,37,45,982.8
2026-04-18 09:00:00,-37.1,12.4,399.9,62,0,42,988.2
2026-04-18 10:00:00,-36.4,19.2,372.4,71,311,71,985.5
2026-04-18 11:00:00,-38.7,4.8,408.9,0,38,83,986.2
2026-04-18 12:00:00,-33.9,15.3,410.7,93,21,70,983.3
2026-04-18 13:00:00,-33.1,12.2,493.5,19,307,56,982.9
2026-04-18 14:00:00,-34.3,14.1,572.5,97,274,89,995.1
2026-04-18 15:00:00,-36.3,6.0,428.1,46,291,71,961.0
2026-04-18 16:00:00,-34.6,4.5,433.6,48,153,84,965.4
2026-04-18 17:00:00,-34.4,20.7,507.5,28,26,68,986.1
2026-04-18 18:00:00,-39.3,16.0,364.1,5,135,71,974.4
2026-04-18 19:00:00,-33.1,11.6,356.0,71,352,69,983.8
2026-04-18 20:00:00,-33.0,9.5,448.7,5,235,55,983.0
2026-04-18 21:00:00,-37.0,8.5,487.5,0,319,45,960.7
2026-04-18 22:00:00,-37.3,6.3,0.0,68,4,42,987.2
2026-04-18 23:00:00,-31.8,25.2,0.0,98,333,64,986.5
2026-04-19 00:00:00,-35.6,11.9,0.0,34,295,52,984.1
2026-04-19 01:00:00,-37.4,10.9,0.0,75,236,57,966.1
2026-04-19 02:00:00,-37.6,11.6,0.0,4,302,57,987.3
2026-04-19 03:00:00,-32.3,21.6,0.0,52,286,69,985.0
2026-04-19 04:00:00,-37.2,9.0,0.0,12,81,65,974.6
2026-04-19 05:00:00,-36.4,5.8,405.3,3,205,61,990.4
2026-04-19 06:00:00,-35.1,16.8,428.9,89,324,82,997.7
2026-04-19 07:00:00,-43.1,11.1,478.9,13,76,71,980.5
2026-04-19 08:00:00,-40.7,13.7,435.7,0,132,40,985.1
2026-04-19 09:00:00,-33.2,23.6,336.7,5,165,75,1003.3
2026-04-19 10:00:00,-42.4,7.2,249.6,81,97,68,985.6
2026-04-19 11:00:00,-27.5,9.2,618.2,80,291,62,988.3
2026-04-19 12:00:00,-42.6,18.8,521.5,86,179,66,964.0
2026-04-19 13:00:00,-40.5,15.2,328.8,95,342,40,987.8
2026-04-19 14:00:00,-36.0,12.9,482.4,94,31,46,971.5
2026-04-19 15:00:00,-37.2,17.7,268.7,57,348,84,977.9
2026-04-19 16:00:00,-32.4,14.7,347.4,66,137,50,961.7
2026-04-19 17:00:00,-38.8,6.5,396.0,75,182,72,966.6
2026-04-19 18:00:00,-39.0,13.1,575.7,6,86,56,978.1
2026-04-19 19:00:00,-34.7,14.8,333.0,97,78,75,964.4
2026-04-19 20:00:00,-39.5,18.5,294.1,35,236,63,986.0
2026-04-19 21:00:00,-35.1,15.4,392.6,45,201,50,974.4
2026-04-19 22:00:00,-35.2,14.2,0.0,58,195,62,967.6
2026-04-19 23:00:00,-39.8,3.7,0.0,1,102,51,997.8
2026-04-20 00:00:00,-39.8,7.6,0.0,27,260,89,966.7
2026-04-20 01:00:00,-34.1,5.8,0.0,65,202,56,975.9
2026-04-20 02:00:00,-32.8,10.1,0.0,32,106,42,978.1
2026-04-20 03:00:00,-34.9,24.2,0.0,34,211,51,969.5
2026-04-20 04:00:00,-36.3,6.6,0.0,4,169,82,981.8
2026-04-20 05:00:00,-28.7,13.1,580.8,89,33,52,981.9
2026-04-20 06:00:00,-37.8,17.6,534.8,12,179,79,976.9
2026-04-20 07:00:00,-38.6,3.6,342.8,27,89,50,975.9
2026-04-20 08:00:00,-31.8,14.9,407.2,40,45,44,990.6
2026-04-20 09:00:00,-32.5,17.3,373.7,21,200,82,981.0
2026-04-20 10:00:00,-30.7,7.3,414.5,73,215,83,987.5
2026-04-20 11:00:00,-35.0,8.5,264.2,7,216,79,982.9
2026-04-20 12:00:00,-29.9,10.2,400.5,11,166,55,968.6
2026-04-20 13:00:00,-40.4,13.8,370.8,85,88,60,977.0
2026-04-20 14:00:00,-32.4,20.0,322.2,80,260,62,983.7
2026-04-20 15:00:00,-36.5,8.6,534.6,44,350,59,978.0
2026-04-20 16:00:00,-39.9,5.5,395.1,36,318,87,984.6
2026-04-20 17:00:00,-38.3,11.9,708.8,43,148,63,990.0
2026-04-20 18:00:00,-32.1,11.8,480.3,35,299,46,982.7
2026-04-20 19:00:00,-40.0,8.8,227.6,72,214,69,973.1
2026-04-20 20:00:00,-39.7,10.8,339.7,85,230,60,981.8
2026-04-20 21:00:00,-40.5,9.9,475.1,3,299,61,1004.2
2026-04-20 22:00:00,-32.5,16.0,0.0,94,223,54,967.2
2026-04-20 23:00:00,-39.1,5.8,0.0,29,279,50,979.0
2026-04-21 00:00:00,-41.3,13.2,0.0,41,282,60,955.0
2026-04-21 01:00:00,-34.0,9.1,0.0,0,272,41,979.0
2026-04-21 02:00:00,-39.4,0.0,0.0,92,183,54,969.0
2026-04-21 03:00:00,-31.0,13.5,0.0,29,84,40,980.2
2026-04-21 04:00:00,-35.6,11.6,0.0,8,338,55,975.7
2026-04-21 05:00:00,-36.3,9.6,418.5,97,157,70,989.2
2026-04-21 06:00:00,-36.0,8.6,399.2,58,95,70,977.7
2026-04-21 07:00:00,-39.9,9.2,475.8,10,259,77,982.1
2026-04-21 08:00:00,-36.1,11.2,467.8,80,114,88,970.4
2026-04-21 09:00:00,-34.5,16.6,548.6,66,208,41,979.7
2026-04-21 10:00:00,-35.0,5.6,236.5,22,63,54,977.8
2026-04-21 11:00:00,-31.2,13.0,576.4,44,202,66,987.1
2026-04-21 12:00:00,-36.4,10.5,348.3,88,116,61,981.3
2026-04-21 13:00:00,-42.0,14.2,382.0,38,63,52,965.8
2026-04-21 14:00:00,-32.9,12.2,367.7,18,343,87,986.7
2026-04-21 15:00:00,-35.5,7.7,499.5,57,90,80,969.7
2026-04-21 16:00:00,-34.5,16.4,401.8,64,205,58,973.2
2026-04-21 17:00:00,-34.2,13.0,681.9,51,53,86,971.5
2026-04-21 18:00:00,-35.4,19.4,284.4,67,247,87,977.1
2026-04-21 19:00:00,-37.1,18.0,418.9,7,267,70,982.5
2026-04-21 20:00:00,-39.7,4.6,295.5,100,148,51,960.8
2026-04-21 21:00:00,-35.5,12.2,356.6,65,218,87,994.6
2026-04-21 22:00:00,-32.9,12.1,0.0,52,52,86,978.6
2026-04-21 23:00:00,-40.8,5.5,0.0,74,23,87,959.6
2026-04-22 00:00:00,-36.1,20.7,0.0,88,338,83,957.8
2026-04-22 01:00:00,-35.0,14.5,0.0,23,53,72,994.8
2026-04-22 02:00:00,-43.6,12.7,0.0,31,189,59,953.9
2026-04-22 03:00:00,-40.0,15.7,0.0,48,14,50,979.2
2026-04-22 04:00:00,-35.6,8.6,0.0,10,304,51,977.2
2026-04-22 05:00:00,-39.4,14.1,197.1,29,197,81,973.9
2026-04-22 06:00:00,-33.7,12.2,395.2,13,149,78,981.7
2026-04-22 07:00:00,-35.2,0.5,392.9,90,125,51,983.7
2026-04-22 08:00:00,-35.1,20.7,502.9,69,315,78,973.0
2026-04-22 09:00:00,-38.1,9.0,399.8,89,221,44,981.9
2026-04-22 10:00:00,-39.6,5.6,347.7,36,331,68,986.1
2026-04-22 11:00:00,-33.6,8.0,273.8,74,276,88,981.7
2026-04-22 12:00:00,-35.0,20.2,382.2,78,209,84,979.7
2026-04-22 13:00:00,-37.9,23.3,211.6,11,62,89,969.0
2026-04-22 14:00:00,-38.4,7.9,593.5,95,113,45,977.4
2026-04-22 15:00:00,-34.1,10.7,492.4,46,80,69,979.4
2026-04-22 16:00:00,-34.0,6.5,378.2,64,240,52,977.6
2026-04-22 17:00:00,-34.2,15.0,336.6,76,141,52,973.8
2026-04-22 18:00:00,-39.3,0.0,531.1,93,177,53,971.0
2026-04-22 19:00:00,-31.1,17.1,415.8,37,349,77,981.5
2026-04-22 20:00:00,-40.0,18.5,363.7,13,80,66,971.7
2026-04-22 21:00:00,-40.0,16.9,402.1,50,234,86,965.1
2026-04-22 22:00:00,-42.9,15.5,0.0,42,104,71,989.8
2026-04-22 23:00:00,-38.0,16.5,0.0,91,271,50,969.3
2026-04-23 00:00:00,-34.4,11.9,0.0,38,337,47,992.0
2026-04-23 01:00:00,-38.4,4.6,0.0,64,219,85,983.9
2026-04-23 02:00:00,-38.8,15.2,0.0,1,37,55,987.5
2026-04-23 03:00:00,-38.9,13.6,0.0,34,136,86,984.1
2026-04-23 04:00:00,-34.1,10.9,0.0,12,216,65,1002.8
2026-04-23 05:00:00,-36.8,20.1,465.2,10,338,42,985.3
2026-04-23 06:00:00,-35.5,11.3,244.3,5,67,73,980.6
2026-04-23 07:00:00,-35.2,10.6,413.8,100,110,64,991.9
2026-04-23 08:00:00,-39.1,15.6,502.0,72,226,53,974.9
2026-04-23 09:00:00,-39.4,15.0,499.5,3,268,52,980.1
2026-04-23 10:00:00,-42.9,7.6,407.5,45,10,62,970.8
2026-04-23 11:00:00,-39.4,10.7,407.2,89,267,64,992.3
2026-04-23 12:00:00,-36.0,8.9,588.2,30,309,41,992.7
2026-04-23 13:00:00,-38.2,11.0,354.6,17,339,84,977.4
2026-04-23 14:00:00,-32.0,7.6,511.5,70,351,50,970.6
2026-04-23 15:00:00,-36.0,5.5,395.5,75,63,85,993.1
2026-04-23 16:00:00,-42.2,8.7,519.8,61,321,76,988.5
2026-04-23 17:00:00,-39.5,10.0,570.8,23,70,46,975.8
2026-04-23 18:00:00,-38.7,0.4,560.5,36,50,69,964.9
2026-04-23 19:00:00,-37.1,15.6,498.7,61,255,79,972.3
2026-04-23 20:00:00,-38.0,10.9,473.9,100,355,48,988.5
2026-04-23 21:00:00,-32.6,16.4,363.8,90,36,55,977.9
2026-04-23 22:00:00,-36.5,0.0,0.0,14,27,87,973.9
2026-04-23 23:00:00,-43.9,7.0,0.0,5,285,87,959.0
2026-04-24 00:00:00,-34.5,20.4,0.0,52,230,56,987.1
2026-04-24 01:00:00,-40.8,8.4,0.0,9,80,43,980.0
2026-04-24 02:00:00,-42.8,11.8,0.0,83,14,61,960.8
2026-04-24 03:00:00,-36.2,11.2,0.0,7,70,51,978.5
2026-04-24 04:00:00,-42.8,21.5,0.0,32,294,46,998.6
2026-04-24 05:00:00,-39.1,9.3,266.5,9,50,40,973.8
2026-04-24 06:00:00,-34.2,14.7,400.8,40,47,45,981.5
2026-04-24 07:00:00,-30.5,14.3,332.6,66,3,81,980.3
2026-04-24 08:00:00,-36.3,18.5,437.2,56,93,82,994.7
2026-04-24 09:00:00,-38.4,14.8,481.3,52,152,76,979.3
2026-04-24 10:00:00,-39.0,16.0,401.9,82,75,69,974.9
2026-04-24 11:00:00,-40.4,11.4,444.2,84,308,75,978.0
2026-04-24 12:00:00,-34.3,19.7,403.0,3,168,79,995.7
2026-04-24 13:00:00,-39.5,9.1,265.1,2,289,80,970.1
2026-04-24 14:00:00,-39.3,14.0,476.2,81,31,56,973.1
2026-04-24 15:00:00,-40.1,18.3,309.8,32,356,45,969.1
2026-04-24 16:00:00,-37.2,12.3,422.9,73,56,56,972.8
2026-04-24 17:00:00,-38.0,8.6,436.1,45,339,63,976.4
2026-04-24 18:00:00,-40.1,8.4,540.2,17,347,79,983.4
2026-04-24 19:00:00,-39.4,19.7,423.9,89,52,68,982.5
2026-04-24 20:00:00,-28.5,18.3,417.7,45,263,88,977.6
2026-04-24 21:00:00,-33.8,5.5,426.9,22,105,89,968.2
2026-04-24 22:00:00,-37.3,7.2,0.0,6,284,78,970.2
2026-04-24 23:00:00,-36.3,16.2,0.0,90,130,81,970.9
2026-04-25 00:00:00,-42.8,16.1,0.0,54,55,89,984.9
2026-04-25 01:00:00,-36.9,10.0,0.0,60,248,77,987.8
2026-04-25 02:00:00,-33.7,9.1,0.0,66,252,63,980.1
2026-04-25 03:00:00,-41.3,12.3,0.0,73,280,71,980.0
2026-04-25 04:00:00,-39.9,7.4,0.0,19,327,78,996.9
2026-04-25 05:00:00,-36.6,15.8,275.0,39,181,85,974.0
2026-04-25 06:00:00,-34.9,12.2,402.3,19,199,81,971.9
2026-04-25 07:00:00,-34.8,15.2,322.1,25,164,60,981.4
2026-04-25 08:00:00,-40.1,11.3,518.4,80,111,80,971.6
2026-04-25 09:00:00,-43.0,7.0,379.3,59,192,79,989.5
2026-04-25 10:00:00,-43.1,16.3,563.0,77,324,87,988.0
2026-04-25 11:00:00,-36.8,14.9,346.8,47,61,55,983.9
2026-04-25 12:00:00,-41.3,13.0,550.7,11,73,63,1003.6
2026-04-25 13:00:00,-38.2,17.4,255.3,38,308,79,990.7
2026-04-25 14:00:00,-38.1,8.2,416.2,42,162,65,969.8
2026-04-25 15:00:00,-36.0,12.9,355.8,1,167,54,965.4
2026-04-25 16:00:00,-32.7,13.5,406.8,29,197,72,979.7
2026-04-25 17:00:00,-38.6,11.3,440.0,41,223,50,983.2
2026-04-25 18:00:00,-42.8,9.6,534.6,54,55,63,995.7
2026-04-25 19:00:00,-35.7,8.4,463.3,99,101,78,976.4
2026-04-25 20:00:00,-36.8,8.4,369.4,15,307,44,992.5
2026-04-25 21:00:00,-32.9,12.2,318.0,63,125,45,966.8
2026-04-25 22:00:00,-39.3,12.3,0.0,39,45,72,979.9
2026-04-25 23:00:00,-38.2,16.8,0.0,47,220,45,985.3
2026-04-26 00:00:00,-39.4,17.1,0.0,79,214,50,967.0
2026-04-26 01:00:00,-38.0,13.5,0.0,83,183,65,997.6
2026-04-26 02:00:00,-38.2,10.6,0.0,2,207,60,954.9
2026-04-26 03:00:00,-39.7,9.3,0.0,2,350,70,989.3
2026-04-26 04:00:00,-34.8,4.6,0.0,12,33,88,984.0
2026-04-26 05:00:00,-33.9,7.4,525.4,8,293,74,983.9
2026-04-26 06:00:00,-33.9,7.8,330.5,54,231,43,971.5
2026-04-26 07:00:00,-42.1,4.3,374.4,10,35,47,993.3
2026-04-26 08:00:00,-38.3,20.3,307.1,36,136,66,983.7
2026-04-26 09:00:00,-36.0,11.1,337.0,74,45,71,980.4
2026-04-26 10:00:00,-37.9,8.0,491.4,23,350,88,982.2
2026-04-26 11:00:00,-42.8,14.4,391.5,87,36,78,991.2
2026-04-26 12:00:00,-43.8,13.0,387.2,17,79,44,978.7
2026-04-26 13:00:00,-35.2,12.5,422.2,77,186,81,1010.9
2026-04-26 14:00:00,-40.5,2.6,398.7,30,152,40,966.0
2026-04-26 15:00:00,-40.8,18.1,261.0,33,248,41,993.5
2026-04-26 16:00:00,-41.0,10.9,356.0,9,48,61,975.9
2026-04-26 17:00:00,-40.7,8.4,464.0,3,41,75,978.6
2026-04-26 18:00:00,-39.3,14.0,471.2,68,229,46,975.7
2026-04-26 19:00:00,-43.2,9.3,447.7,60,217,44,983.6
2026-04-26 20:00:00,-37.1,15.5,255.4,10,133,75,979.5
2026-04-26 21:00:00,-39.9,18.2,420.5,70,21,54,980.3
2026-04-26 22:00:00,-40.6,8.3,0.0,68,232,61,984.9
2026-04-26 23:00:00,-40.3,12.1,0.0,5,38,68,977.7
2026-04-27 00:00:00,-38.5,13.2,0.0,10,269,50,976.8
2026-04-27 01:00:00,-38.2,3.2,0.0,20,68,81,988.7
2026-04-27 02:00:00,-41.0,12.3,0.0,56,33,47,970.9
2026-04-27 03:00:00,-36.6,15.3,0.0,17,264,49,996.1
2026-04-27 04:00:00,-40.5,8.0,0.0,46,224,76,983.1
2026-04-27 05:00:00,-39.7,11.6,372.9,32,352,60,987.9
2026-04-27 06:00:00,-45.9,7.4,562.7,82,213,63,968.4
2026-04-27 07:00:00,-42.8,11.4,475.4,22,219,71,985.7
2026-04-27 08:00:00,-35.6,18.5,518.3,59,25,68,993.2
2026-04-27 09:00:00,-36.9,4.0,238.6,15,110,79,974.6
2026-04-27 10:00:00,-31.5,9.0,608.1,67,356,65,972.1
2026-04-27 11:00:00,-36.5,1.9,388.0,91,270,66,984.6
2026-04-27 12:00:00,-42.5,14.7,153.5,96,150,67,985.7
2026-04-27 13:00:00,-39.8,10.8,368.5,91,54,53,981.0
2026-04-27 14:00:00,-41.7,15.4,364.6,42,354,76,992.9
2026-04-27 15:00:00,-35.4,24.7,407.4,74,284,87,987.2
2026-04-27 16:00:00,-42.3,24.0,205.3,72,167,81,977.7
2026-04-27 17:00:00,-32.3,17.2,361.7,70,330,87,971.0
2026-04-27 18:00:00,-38.3,17.8,470.7,28,315,88,963.9
2026-04-27 19:00:00,-39.4,10.8,358.9,12,157,68,975.1
2026-04-27 20:00:00,-33.9,16.2,376.5,71,86,80,984.3
2026-04-27 21:00:00,-39.5,12.3,382.9,4,294,83,968.1
2026-04-27 22:00:00,-40.3,7.6,0.0,4,71,58,980.1
2026-04-27 23:00:00,-34.1,13.1,0.0,43,141,83,992.3
2026-04-28 00:00:00,-39.1,10.5,0.0,92,81,58,991.8
2026-04-28 01:00:00,-35.9,6.4,0.0,37,257,83,989.9
2026-04-28 02:00:00,-40.3,13.5,0.0,10,251,42,971.8
2026-04-28 03:00:00,-38.7,15.3,0.0,88,335,53,988.5
2026-04-28 04:00:00,-37.2,14.2,0.0,54,265,53,961.1
2026-04-28 05:00:00,-35.2,4.5,313.3,33,139,50,987.2
2026-04-28 06:00:00,-39.6,7.9,461.3,22,310,57,985.0
2026-04-28 07:00:00,-37.0,13.2,345.8,20,193,77,971.0
2026-04-28 08:00:00,-36.7,14.8,238.1,66,5,65,979.6
2026-04-28 09:00:00,-42.3,7.8,430.6,35,258,65,979.1
2026-04-28 10:00:00,-37.9,18.7,451.0,36,103,74,990.8
2026-04-28 11:00:00,-41.8,12.3,563.4,83,330,52,996.2
2026-04-28 12:00:00,-37.5,7.0,547.7,81,141,72,960.8
2026-04-28 13:00:00,-37.4,7.3,528.4,82,243,79,970.0
2026-04-28 14:00:00,-40.5,18.2,334.2,4,220,45,976.3
2026-04-28 15:00:00,-33.9,8.7,491.1,65,249,85,973.0
2026-04-28 16:00:00,-36.5,7.6,442.5,53,18,55,983.3
2026-04-28 17:00:00,-41.9,13.0,349.5,65,155,68,969.7
2026-04-28 18:00:00,-44.1,3.0,424.3,53,271,45,977.4
2026-04-28 19:00:00,-35.7,13.9,328.3,100,358,80,965.0
2026-04-28 20:00:00,-37.6,7.9,363.2,55,118,56,996.1
2026-04-28 21:00:00,-38.5,9.1,383.1,22,151,62,981.7
2026-04-28 22:00:00,-36.9,11.6,0.0,48,73,40,992.8
2026-04-28 23:00:00,-38.1,12.3,0.0,81,32,59,972.9
2026-04-29 00:00:00,-39.1,5.0,0.0,33,198,56,976.9
2026-04-29 01:00:00,-37.3,7.3,0.0,6,313,41,982.2
2026-04-29 02:00:00,-33.4,18.8,0.0,17,105,56,956.0
2026-04-29 03:00:00,-31.9,7.9,0.0,46,161,89,980.3
2026-04-29 04:00:00,-35.4,17.3,0.0,83,108,67,985.6
2026-04-29 05:00:00,-34.6,13.0,281.4,18,57,56,976.6
2026-04-29 06:00:00,-39.7,15.9,349.4,69,201,49,997.3
2026-04-29 07:00:00,-41.7,10.8,478.4,60,256,88,971.8
2026-04-29 08:00:00,-35.5,11.7,245.7,15,319,66,991.3
2026-04-29 09:00:00,-38.0,14.9,322.8,28,33,48,983.4
2026-04-29 10:00:00,-38.6,12.3,272.4,16,22,88,996.1
2026-04-29 11:00:00,-36.7,9.9,303.6,97,101,41,976.5
2026-04-29 12:00:00,-42.2,18.0,500.2,74,128,82,959.8
2026-04-29 13:00:00,-37.1,5.4,388.6,95,132,63,984.0
2026-04-29 14:00:00,-39.7,20.2,503.7,30,210,47,983.4
2026-04-29 15:00:00,-42.1,13.6,355.3,57,38,55,988.3
2026-04-29 16:00:00,-37.2,1.5,509.3,63,174,55,962.9
2026-04-29 17:00:00,-43.0,14.6,379.9,25,126,75,980.9
2026-04-29 18:00:00,-36.8,6.4,316.1,83,160,49,983.6
2026-04-29 19:00:00,-38.1,9.6,413.7,51,190,55,973.4
2026-04-29 20:00:00,-34.6,17.1,246.6,83,144,89,987.3
2026-04-29 21:00:00,-42.6,12.0,387.1,84,267,51,983.5
2026-04-29 22:00:00,-41.6,14.7,0.0,69,141,85,1000.8
2026-04-29 23:00:00,-39.8,6.4,0.0,9,288,86,965.1
2026-04-30 00:00:00,-40.5,12.7,0.0,55,80,74,993.1
2026-04-30 01:00:00,-39.7,13.8,0.0,17,58,52,1003.0
2026-04-30 02:00:00,-38.8,21.1,0.0,86,287,43,981.2
2026-04-30 03:00:00,-41.0,17.7,0.0,62,54,42,968.9
2026-04-30 04:00:00,-40.5,10.3,0.0,2,301,40,968.6
2026-04-30 05:00:00,-35.1,6.8,0.0,50,146,64,967.6
2026-04-30 06:00:00,-35.8,13.5,0.0,75,175,63,968.4
2026-04-30 07:00:00,-36.3,13.6,0.0,88,187,65,980.2
2026-04-30 08:00:00,-40.4,14.4,0.0,27,340,89,974.2
2026-04-30 09:00:00,-34.6,13.9,0.0,98,220,44,982.3
2026-04-30 10:00:00,-44.5,10.4,0.0,70,278,89,976.8
2026-04-30 11:00:00,-39.3,9.7,0.0,92,198,82,982.9
2026-04-30 12:00:00,-40.8,6.2,0.0,47,82,41,962.4
2026-04-30 13:00:00,-39.1,18.0,0.0,99,310,80,972.8
2026-04-30 14:00:00,-38.0,12.9,0.0,33,311,45,970.1
2026-04-30 15:00:00,-36.9,5.2,0.0,42,184,89,989.8
2026-04-30 16:00:00,-40.6,0.0,0.0,3,215,63,970.4
2026-04-30 17:00:00,-38.5,7.1,0.0,25,86,48,972.1
2026-04-30 18:00:00,-36.0,14.9,0.0,94,88,53,998.5
2026-04-30 19:00:00,-39.4,13.3,0.0,84,205,77,987.2
2026-04-30 20:00:00,-37.9,3.9,0.0,67,256,77,971.4
2026-04-30 21:00:00,-40.7,10.2,0.0,80,61,89,990.3
2026-04-30 22:00:00,-35.8,21.0,0.0,49,315,64,992.8
2026-04-30 23:00:00,-37.8,17.9,0.0,40,169,76,980.8
2026-05-01 00:00:00,-42.4,12.8,0.0,16,186,52,976.7
2026-05-01 01:00:00,-38.8,11.0,0.0,49,233,74,973.1
2026-05-01 02:00:00,-37.8,21.9,0.0,61,335,60,974.4
2026-05-01 03:00:00,-38.6,9.3,0.0,78,17,76,963.5
2026-05-01 04:00:00,-45.4,1.7,0.0,98,356,59,981.2
2026-05-01 05:00:00,-40.9,12.7,0.0,7,38,65,990.7
2026-05-01 06:00:00,-39.2,23.5,0.0,94,206,86,970.0
2026-05-01 07:00:00,-36.2,17.1,0.0,82,16,86,991.5
2026-05-01 08:00:00,-38.0,10.0,0.0,80,154,42,984.4
2026-05-01 09:00:00,-40.7,6.6,0.0,63,222,83,974.0
2026-05-01 10:00:00,-35.7,14.4,0.0,26,74,40,973.4
2026-05-01 11:00:00,-39.8,8.4,0.0,35,51,44,976.2
2026-05-01 12:00:00,-41.0,10.9,0.0,1,184,62,994.2
2026-05-01 13:00:00,-40.3,19.1,0.0,60,144,63,983.4
2026-05-01 14:00:00,-41.1,26.8,0.0,71,157,64,981.8
2026-05-01 15:00:00,-38.4,9.3,0.0,10,185,71,979.6
2026-05-01 16:00:00,-38.3,13.3,0.0,85,181,86,973.9
2026-05-01 17:00:00,-37.0,16.2,0.0,4,135,49,968.3
2026-05-01 18:00:00,-43.2,11.8,0.0,12,54,56,981.0
2026-05-01 19:00:00,-40.7,13.3,0.0,18,325,78,988.0
2026-05-01 20:00:00,-41.4,14.8,0.0,42,297,59,981.5
2026-05-01 21:00:00,-40.5,13.2,0.0,32,38,54,983.6
2026-05-01 22:00:00,-37.9,13.6,0.0,27,228,42,968.6
2026-05-01 23:00:00,-45.6,11.5,0.0,56,164,74,966.3
2026-05-02 00:00:00,-38.4,6.6,0.0,7,149,64,979.3
2026-05-02 01:00:00,-39.1,12.5,0.0,28,57,54,984.9
2026-05-02 02:00:00,-37.8,12.7,0.0,79,140,72,965.4
2026-05-02 03:00:00,-35.4,13.8,0.0,26,196,69,990.8
2026-05-02 04:00:00,-39.7,22.7,0.0,70,202,86,1004.0
2026-05-02 05:00:00,-39.0,4.3,0.0,0,180,56,966.3
2026-05-02 06:00:00,-32.8,10.1,0.0,54,280,81,976.8
2026-05-02 07:00:00,-39.5,21.9,0.0,46,77,59,980.4
2026-05-02 08:00:00,-42.4,16.9,0.0,28,305,86,973.8
2026-05-02 09:00:00,-40.2,0.5,0.0,93,212,72,982.2
2026-05-02 10:00:00,-45.2,15.2,0.0,93,237,54,968.8
2026-05-02 11:00:00,-36.4,3.8,0.0,54,199,89,976.9
2026-05-02 12:00:00,-37.3,10.4,0.0,64,139,47,970.2
2026-05-02 13:00:00,-40.4,11.9,0.0,58,3,65,970.2
2026-05-02 14:00:00,-40.6,19.1,0.0,29,163,80,978.5
2026-05-02 15:00:00,-41.0,17.4,0.0,35,253,66,976.9
2026-05-02 16:00:00,-38.4,15.3,0.0,76,10,66,979.0
2026-05-02 17:00:00,-37.7,12.3,0.0,99,328,61,993.7
2026-05-02 18:00:00,-43.0,6.6,0.0,93,281,86,956.0
2026-05-02 19:00:00,-37.3,6.4,0.0,27,234,75,987.0
2026-05-02 20:00:00,-36.3,13.3,0.0,78,59,78,974.8
2026-05-02 21:00:00,-44.5,11.2,0.0,54,301,73,1003.6
2026-05-02 22:00:00,-45.4,18.7,0.0,85,308,45,984.7
2026-05-02 23:00:00,-40.0,11.5,0.0,16,16,43,977.8
2026-05-03 00:00:00,-43.4,10.0,0.0,48,172,70,980.1
2026-05-03 01:00:00,-42.2,19.8,0.0,28,342,47,983.1
2026-05-03 02:00:00,-42.2,13.3,0.0,1,263,42,984.1
2026-05-03 03:00:00,-38.9,17.6,0.0,14,59,66,985.7
2026-05-03 04:00:00,-39.1,3.1,0.0,19,338,85,970.6
2026-05-03 05:00:00,-41.2,19.1,0.0,8,32,82,979.1
2026-05-03 06:00:00,-42.9,7.9,0.0,1,30,78,973.1
2026-05-03 07:00:00,-46.5,8.2,0.0,6,349,74,980.1
2026-05-03 08:00:00,-39.5,12.0,0.0,21,317,70,981.1
2026-05-03 09:00:00,-39.1,13.7,0.0,27,128,48,972.6
2026-05-03 10:00:00,-35.3,1.6,0.0,81,289,82,972.5
2026-05-03 11:00:00,-41.3,7.1,0.0,28,183,87,986.8
2026-05-03 12:00:00,-41.5,7.5,0.0,30,278,46,988.9
2026-05-03 13:00:00,-39.4,20.9,0.0,79,149,69,974.7
2026-05-03 14:00:00,-42.2,18.2,0.0,84,284,41,983.4
2026-05-03 15:00:00,-42.2,20.0,0.0,45,35,56,979.3
2026-05-03 16:00:00,-44.6,12.4,0.0,96,156,73,968.7
2026-05-03 17:00:00,-37.5,13.8,0.0,83,55,60,973.6
2026-05-03 18:00:00,-42.1,7.7,0.0,24,184,47,946.6
2026-05-03 19:00:00,-38.8,6.3,0.0,19,72,84,968.8
2026-05-03 20:00:00,-37.8,12.4,0.0,30,161,88,970.9
2026-05-03 21:00:00,-40.3,12.3,0.0,59,67,71,957.3
2026-05-03 22:00:00,-36.5,13.8,0.0,80,143,77,974.9
2026-05-03 23:00:00,-37.5,12.0,0.0,65,170,57,986.9
2026-05-04 00:00:00,-40.4,12.1,0.0,3,298,65,989.4
2026-05-04 01:00:00,-41.3,17.2,0.0,33,34,57,975.2
2026-05-04 02:00:00,-43.4,10.1,0.0,25,54,63,983.1
2026-05-04 03:00:00,-46.4,14.0,0.0,30,14,79,974.7
2026-05-04 04:00:00,-40.4,9.0,0.0,24,190,50,988.4
2026-05-04 05:00:00,-36.6,16.4,0.0,36,334,46,974.4
2026-05-04 06:00:00,-43.4,9.2,0.0,29,19,82,973.7
2026-05-04 07:00:00,-41.3,14.6,0.0,76,171,87,982.5
2026-05-04 08:00:00,-40.7,9.3,0.0,93,174,87,979.0
2026-05-04 09:00:00,-45.1,11.6,0.0,67,305,75,991.1
2026-05-04 10:00:00,-35.8,8.0,0.0,14,71,83,990.5
2026-05-04 11:00:00,-39.5,9.9,0.0,34,27,42,987.1
2026-05-04 12:00:00,-36.8,2.4,0.0,81,256,85,991.3
2026-05-04 13:00:00,-39.6,16.1,0.0,47,75,41,994.8
2026-05-04 14:00:00,-45.8,12.9,0.0,19,246,78,983.9
2026-05-04 15:00:00,-42.8,14.1,0.0,62,327,51,987.3
2026-05-04 16:00:00,-44.3,14.7,0.0,16,72,77,995.2
2026-05-04 17:00:00,-41.4,16.6,0.0,11,195,87,958.5
2026-05-04 18:00:00,-35.9,1.0,0.0,55,226,72,983.1
2026-05-04 19:00:00,-37.9,12.0,0.0,31,298,89,997.2
2026-05-04 20:00:00,-44.5,13.8,0.0,84,89,86,964.4
2026-05-04 21:00:00,-39.5,18.7,0.0,74,53,83,969.3
2026-05-04 22:00:00,-39.0,14.8,0.0,5,76,78,993.4
2026-05-04 23:00:00,-41.4,8.3,0.0,85,95,43,972.2
2026-05-05 00:00:00,-41.1,20.7,0.0,69,345,50,968.4
2026-05-05 01:00:00,-46.6,9.0,0.0,4,150,44,981.1
2026-05-05 02:00:00,-41.2,5.8,0.0,100,28,62,964.0
2026-05-05 03:00:00,-44.2,11.6,0.0,55,130,81,963.6
2026-05-05 04:00:00,-39.1,13.9,0.0,57,267,69,973.4
2026-05-05 05:00:00,-43.2,6.0,0.0,85,213,40,999.2
2026-05-05 06:00:00,-37.6,12.5,0.0,64,83,48,976.9
2026-05-05 07:00:00,-41.7,14.3,0.0,90,170,77,988.8
2026-05-05 08:00:00,-35.5,10.7,0.0,98,250,69,972.4
2026-05-05 09:00:00,-41.7,9.2,0.0,93,321,50,978.8
2026-05-05 10:00:00,-40.2,10.7,0.0,16,109,69,979.5
2026-05-05 11:00:00,-40.3,10.1,0.0,68,34,88,972.1
2026-05-05 12:00:00,-39.6,15.7,0.0,61,204,42,986.9
2026-05-05 13:00:00,-44.6,6.2,0.0,69,253,53,1000.3
2026-05-05 14:00:00,-37.2,16.5,0.0,90,167,69,970.3
2026-05-05 15:00:00,-48.4,18.0,0.0,35,214,52,991.5
2026-05-05 16:00:00,-36.9,3.6,0.0,89,342,68,971.7
2026-05-05 17:00:00,-42.6,13.4,0.0,99,243,57,978.0
2026-05-05 18:00:00,-41.5,8.9,0.0,70,137,88,992.8
2026-05-05 19:00:00,-39.9,8.9,0.0,0,80,79,983.1
2026-05-05 20:00:00,-40.3,14.1,0.0,8,177,79,969.2
2026-05-05 21:00:00,-43.7,7.2,0.0,8,153,43,973.0
2026-05-05 22:00:00,-40.0,13.1,0.0,5,177,79,978.8
2026-05-05 23:00:00,-43.2,10.4,0.0,10,253,47,983.0
2026-05-06 00:00:00,-35.9,7.9,0.0,49,99,77,991.9
2026-05-06 01:00:00,-39.7,14.1,0.0,43,107,41,981.3
2026-05-06 02:00:00,-41.6,6.8,0.0,65,151,71,957.1
2026-05-06 03:00:00,-44.2,18.9,0.0,62,279,77,975.4
2026-05-06 04:00:00,-35.7,7.5,0.0,72,280,55,977.8
2026-05-06 05:00:00,-39.7,12.4,0.0,36,17,86,975.0
2026-05-06 06:00:00,-37.0,5.1,0.0,58,58,57,983.1
2026-05-06 07:00:00,-38.4,13.0,0.0,79,310,45,971.6
2026-05-06 08:00:00,-41.6,9.4,0.0,62,61,51,969.8
2026-05-06 09:00:00,-44.3,4.4,0.0,31,279,84,986.6
2026-05-06 10:00:00,-36.8,10.7,0.0,13,212,72,968.8
2026-05-06 11:00:00,-41.1,4.8,0.0,94,224,80,977.9
2026-05-06 12:00:00,-41.0,14.8,0.0,11,177,82,987.0
2026-05-06 13:00:00,-40.5,9.2,0.0,47,158,65,975.7
2026-05-06 14:00:00,-39.2,12.0,0.0,32,23,84,985.5
2026-05-06 15:00:00,-43.1,11.9,0.0,47,251,75,973.8
2026-05-06 16:00:00,-44.9,10.8,0.0,83,98,52,982.7
2026-05-06 17:00:00,-39.0,4.6,0.0,68,74,73,968.1
2026-05-06 18:00:00,-43.6,16.7,0.0,1,266,61,980.0
2026-05-06 19:00:00,-41.8,8.6,0.0,17,347,46,994.5
2026-05-06 20:00:00,-42.6,18.1,0.0,54,207,85,986.7
2026-05-06 21:00:00,-42.3,9.4,0.0,55,13,65,977.2
2026-05-06 22:00:00,-40.3,8.7,0.0,11,176,75,965.4
2026-05-06 23:00:00,-37.8,12.1,0.0,98,332,89,999.8
2026-05-07 00:00:00,-40.5,13.2,0.0,71,108,52,975.2
2026-05-07 01:00:00,-42.8,10.5,0.0,9,251,46,962.1
2026-05-07 02:00:00,-39.5,15.7,0.0,50,241,40,995.6
2026-05-07 03:00:00,-41.9,13.9,0.0,3,204,63,985.4
2026-05-07 04:00:00,-39.9,17.6,0.0,29,342,55,958.1
2026-05-07 05:00:00,-43.4,3.5,0.0,48,272,48,976.7
2026-05-07 06:00:00,-49.3,10.9,0.0,88,191,62,968.1
2026-05-07 07:00:00,-43.3,15.2,0.0,55,116,42,985.2
2026-05-07 08:00:00,-45.6,9.6,0.0,25,313,69,983.6
2026-05-07 09:00:00,-43.1,12.3,0.0,96,108,79,973.4
2026-05-07 10:00:00,-35.8,7.4,0.0,19,214,72,988.7
2026-05-07 11:00:00,-39.0,8.7,0.0,27,205,82,987.3
2026-05-07 12:00:00,-44.0,16.6,0.0,91,237,45,977.6
2026-05-07 13:00:00,-42.0,13.9,0.0,65,311,69,996.8
2026-05-07 14:00:00,-39.1,14.3,0.0,1,159,60,960.7
2026-05-07 15:00:00,-44.1,11.1,0.0,85,287,78,987.0
2026-05-07 16:00:00,-36.6,6.3,0.0,41,205,42,990.6
2026-05-07 17:00:00,-41.0,10.5,0.0,80,317,71,975.3
2026-05-07 18:00:00,-43.1,21.7,0.0,63,217,56,985.3
2026-05-07 19:00:00,-43.5,10.5,0.0,74,100,80,964.0
2026-05-07 20:00:00,-40.3,14.4,0.0,62,357,75,956.0
2026-05-07 21:00:00,-41.6,17.8,0.0,77,184,40,986.6
2026-05-07 22:00:00,-38.1,17.8,0.0,34,86,57,981.5
2026-05-07 23:00:00,-37.4,10.0,0.0,19,37,61,978.5
2026-05-08 00:00:00,-39.8,18.8,0.0,43,59,77,972.0
2026-05-08 01:00:00,-44.1,9.4,0.0,52,280,77,982.1
2026-05-08 02:00:00,-48.0,14.9,0.0,38,10,47,994.0
2026-05-08 03:00:00,-39.2,8.5,0.0,3,127,53,978.5
2026-05-08 04:00:00,-44.3,14.4,0.0,1,183,87,977.0
2026-05-08 05:00:00,-44.1,7.2,0.0,3,87,61,967.0
2026-05-08 06:00:00,-42.1,14.0,0.0,22,353,66,967.1
2026-05-08 07:00:00,-44.6,17.4,0.0,16,56,84,964.5
2026-05-08 08:00:00,-42.8,11.5,0.0,24,311,54,972.2
2026-05-08 09:00:00,-40.1,11.4,0.0,80,89,43,982.2
2026-05-08 10:00:00,-47.2,11.3,0.0,82,147,56,982.9
2026-05-08 11:00:00,-34.5,3.1,0.0,100,105,81,970.4
2026-05-08 12:00:00,-44.0,6.1,0.0,98,285,45,971.8
2026-05-08 13:00:00,-43.3,16.0,0.0,52,180,81,963.7
2026-05-08 14:00:00,-40.9,12.9,0.0,64,251,60,979.1
2026-05-08 15:00:00,-38.3,14.4,0.0,18,344,56,971.5
2026-05-08 16:00:00,-44.7,7.7,0.0,53,340,85,978.1
2026-05-08 17:00:00,-41.9,3.1,0.0,39,1,66,956.1
2026-05-08 18:00:00,-41.7,13.1,0.0,3,236,70,977.7
2026-05-08 19:00:00,-42.3,12.8,0.0,66,100,88,985.8
2026-05-08 20:00:00,-42.1,10.6,0.0,18,34,68,984.0
2026-05-08 21:00:00,-40.6,13.0,0.0,36,238,47,968.9
2026-05-08 22:00:00,-44.8,23.1,0.0,47,224,64,982.8
2026-05-08 23:00:00,-41.6,14.3,0.0,86,102,86,947.8
2026-05-09 00:00:00,-43.2,12.7,0.0,84,298,50,979.5
2026-05-09 01:00:00,-42.7,7.5,0.0,26,144,75,958.7
2026-05-09 02:00:00,-44.7,13.6,0.0,73,316,81,980.2
2026-05-09 03:00:00,-39.1,9.1,0.0,41,215,52,983.7
2026-05-09 04:00:00,-40.1,7.4,0.0,25,98,74,980.8
2026-05-09 05:00:00,-44.1,16.3,0.0,74,45,55,990.4
2026-05-09 06:00:00,-41.2,2.2,0.0,27,6,83,976.0
2026-05-09 07:00:00,-44.4,10.6,0.0,23,211,65,981.1
2026-05-09 08:00:00,-47.5,8.8,0.0,11,31,63,979.5
2026-05-09 09:00:00,-44.5,8.5,0.0,48,211,61,974.5
2026-05-09 10:00:00,-42.0,16.1,0.0,26,117,73,964.4
2026-05-09 11:00:00,-48.2,10.2,0.0,74,82,41,984.7
2026-05-09 12:00:00,-44.1,17.3,0.0,62,122,82,967.9
2026-05-09 13:00:00,-43.7,18.6,0.0,64,45,52,1000.1
2026-05-09 14:00:00,-43.2,11.6,0.0,36,103,46,970.7
2026-05-09 15:00:00,-41.1,15.7,0.0,74,228,67,992.2
2026-05-09 16:00:00,-43.1,11.3,0.0,47,41,52,989.3
2026-05-09 17:00:00,-41.9,18.6,0.0,26,9,53,972.3
2026-05-09 18:00:00,-44.4,0.0,0.0,65,335,69,956.5
2026-05-09 19:00:00,-40.6,14.8,0.0,46,110,77,975.0
2026-05-09 20:00:00,-42.0,10.1,0.0,65,236,73,986.9
2026-05-09 21:00:00,-45.8,9.7,0.0,17,268,40,969.7
2026-05-09 22:00:00,-40.7,13.4,0.0,14,129,59,984.5
2026-05-09 23:00:00,-38.9,3.4,0.0,20,310,54,979.7
2026-05-10 00:00:00,-42.5,10.9,0.0,4,310,45,981.3
2026-05-10 01:00:00,-44.2,20.6,0.0,74,118,56,979.6
2026-05-10 02:00:00,-40.7,14.3,0.0,45,255,74,975.6
2026-05-10 03:00:00,-38.8,0.8,0.0,40,40,68,980.1
2026-05-10 04:00:00,-40.7,6.8,0.0,54,335,73,985.1
2026-05-10 05:00:00,-41.4,10.0,0.0,73,155,52,994.7
2026-05-10 06:00:00,-42.9,6.1,0.0,87,12,69,969.1
2026-05-10 07:00:00,-44.7,16.2,0.0,100,2,76,979.6
2026-05-10 08:00:00,-42.0,25.9,0.0,9,31,43,966.1
2026-05-10 09:00:00,-42.3,10.4,0.0,28,29,86,997.1
2026-05-10 10:00:00,-43.6,14.5,0.0,46,342,70,965.1
2026-05-10 11:00:00,-39.2,13.1,0.0,93,259,52,974.0
2026-05-10 12:00:00,-41.7,12.8,0.0,90,32,82,985.4
2026-05-10 13:00:00,-41.0,6.2,0.0,74,187,67,997.6
2026-05-10 14:00:00,-41.5,3.6,0.0,20,235,74,981.2
2026-05-10 15:00:00,-46.2,15.4,0.0,21,148,62,968.9
2026-05-10 16:00:00,-42.4,19.6,0.0,38,207,45,985.1
2026-05-10 17:00:00,-43.8,8.3,0.0,44,97,70,964.6
2026-05-10 18:00:00,-40.5,8.8,0.0,42,165,84,982.3
2026-05-10 19:00:00,-43.8,11.1,0.0,13,121,83,971.8
2026-05-10 20:00:00,-43.2,13.9,0.0,30,44,63,981.9
2026-05-10 21:00:00,-42.3,10.5,0.0,41,86,67,973.7
2026-05-10 22:00:00,-48.3,9.4,0.0,73,347,50,961.3
2026-05-10 23:00:00,-42.7,14.4,0.0,1,117,87,980.9
2026-05-11 00:00:00,-41.0,9.8,0.0,61,194,53,982.6
2026-05-11 01:00:00,-39.0,18.0,0.0,50,175,57,960.1
2026-05-11 02:00:00,-42.1,15.8,0.0,87,120,49,983.8
2026-05-11 03:00:00,-45.8,12.6,0.0,20,339,49,976.9
2026-05-11 04:00:00,-46.0,11.5,0.0,18,42,65,971.3
2026-05-11 05:00:00,-47.5,8.5,0.0,77,97,69,972.8
2026-05-11 06:00:00,-41.2,14.2,0.0,85,298,72,973.1
2026-05-11 07:00:00,-40.0,13.4,0.0,24,178,64,983.2
2026-05-11 08:00:00,-44.4,12.4,0.0,100,85,45,973.8
2026-05-11 09:00:00,-40.4,11.1,0.0,17,13,43,976.3
2026-05-11 10:00:00,-42.8,22.8,0.0,49,69,42,983.3
2026-05-11 11:00:00,-43.5,9.6,0.0,43,51,44,1005.0
2026-05-11 12:00:00,-43.1,20.0,0.0,24,63,51,970.7
2026-05-11 13:00:00,-42.2,0.5,0.0,8,265,69,989.5
2026-05-11 14:00:00,-45.4,10.6,0.0,85,354,83,968.0
2026-05-11 15:00:00,-41.7,15.9,0.0,40,143,52,984.9
2026-05-11 16:00:00,-47.2,10.4,0.0,53,353,63,989.7
2026-05-11 17:00:00,-44.5,0.1,0.0,98,55,48,978.6
2026-05-11 18:00:00,-44.3,2.5,0.0,28,91,67,1002.6
2026-05-11 19:00:00,-43.5,5.3,0.0,43,216,74,987.4
2026-05-11 20:00:00,-36.6,13.5,0.0,12,51,73,986.4
2026-05-11 21:00:00,-45.9,5.7,0.0,63,252,60,986.7
2026-05-11 22:00:00,-42.2,14.6,0.0,92,218,71,976.5
2026-05-11 23:00:00,-46.1,16.1,0.0,80,291,54,966.6
2026-05-12 00:00:00,-46.0,1.9,0.0,47,231,50,965.9
2026-05-12 01:00:00,-45.1,11.1,0.0,83,3,46,957.6
2026-05-12 02:00:00,-42.9,19.4,0.0,25,284,73,987.8
2026-05-12 03:00:00,-39.8,8.9,0.0,69,133,81,982.0
2026-05-12 04:00:00,-45.1,5.7,0.0,18,215,63,981.8
2026-05-12 05:00:00,-45.8,11.8,0.0,74,257,45,969.8
2026-05-12 06:00:00,-46.1,8.4,0.0,26,341,78,981.0
2026-05-12 07:00:00,-44.8,15.1,0.0,31,75,76,976.2
2026-05-12 08:00:00,-43.4,5.8,0.0,52,137,45,967.1
2026-05-12 09:00:00,-41.5,22.8,0.0,50,333,50,975.0
2026-05-12 10:00:00,-45.1,20.1,0.0,51,204,42,1003.0
2026-05-12 11:00:00,-42.7,17.2,0.0,24,225,86,973.6
2026-05-12 12:00:00,-47.6,4.9,0.0,86,152,68,983.4
2026-05-12 13:00:00,-46.2,9.4,0.0,70,155,57,988.1
2026-05-12 14:00:00,-46.1,18.3,0.0,65,318,73,989.0
2026-05-12 15:00:00,-42.0,12.1,0.0,53,29,49,989.2
2026-05-12 16:00:00,-43.4,7.4,0.0,27,340,41,992.7
2026-05-12 17:00:00,-43.7,10.3,0.0,90,326,69,980.9
2026-05-12 18:00:00,-44.2,12.9,0.0,16,328,41,968.7
2026-05-12 19:00:00,-44.4,12.7,0.0,45,190,51,979.8
2026-05-12 20:00:00,-46.5,1.7,0.0,62,304,67,976.1
2026-05-12 21:00:00,-49.1,10.6,0.0,1,341,48,1003.3
2026-05-12 22:00:00,-43.9,16.2,0.0,72,63,48,975.5
2026-05-12 23:00:00,-46.8,11.1,0.0,4,325,69,985.6
2026-05-13 00:00:00,-41.1,23.9,0.0,1,166,53,967.3
2026-05-13 01:00:00,-43.0,10.5,0.0,44,180,65,981.3
2026-05-13 02:00:00,-42.1,5.0,0.0,82,308,66,958.6
2026-05-13 03:00:00,-42.1,10.1,0.0,66,118,89,988.6
2026-05-13 04:00:00,-42.8,20.1,0.0,10,351,41,970.2
2026-05-13 05:00:00,-38.5,9.1,0.0,27,38,49,976.0
2026-05-13 06:00:00,-44.7,11.2,0.0,35,210,48,984.0
2026-05-13 07:00:00,-41.3,21.0,0.0,17,273,47,990.5
2026-05-13 08:00:00,-40.3,17.2,0.0,80,34,44,965.0
2026-05-13 09:00:00,-43.9,24.5,0.0,22,325,45,966.2
2026-05-13 10:00:00,-47.4,20.6,0.0,71,158,76,972.9
2026-05-13 11:00:00,-47.7,17.0,0.0,11,35,83,981.1
2026-05-13 12:00:00,-46.0,2.9,0.0,82,274,53,990.1
2026-05-13 13:00:00,-44.2,12.7,0.0,13,328,52,988.0
2026-05-13 14:00:00,-46.7,11.5,0.0,18,347,68,972.5
2026-05-13 15:00:00,-42.1,14.4,0.0,44,6,81,985.7
2026-05-13 16:00:00,-45.7,20.7,0.0,33,50,62,979.8
2026-05-13 17:00:00,-42.6,19.7,0.0,70,182,70,957.6
2026-05-13 18:00:00,-44.0,19.6,0.0,3,199,59,965.5
2026-05-13 19:00:00,-44.2,12.5,0.0,5,301,40,979.2
2026-05-13 20:00:00,-46.1,8.8,0.0,40,342,59,986.8
2026-05-13 21:00:00,-46.1,9.4,0.0,78,358,74,963.1
2026-05-13 22:00:00,-43.5,7.2,0.0,99,136,50,965.7
2026-05-13 23:00:00,-46.9,11.2,0.0,63,269,72,984.7
2026-05-14 00:00:00,-44.3,10.8,0.0,26,356,81,977.0
2026-05-14 01:00:00,-46.0,15.3,0.0,52,117,81,989.9
2026-05-14 02:00:00,-45.7,17.3,0.0,44,41,62,980.4
2026-05-14 03:00:00,-42.9,11.2,0.0,73,49,84,984.5
2026-05-14 04:00:00,-44.5,11.4,0.0,79,73,47,975.0
2026-05-14 05:00:00,-39.5,6.6,0.0,43,80,49,965.7
2026-05-14 06:00:00,-42.6,10.9,0.0,65,108,46,980.4
2026-05-14 07:00:00,-42.3,11.7,0.0,91,98,78,981.9
2026-05-14 08:00:00,-47.6,0.7,0.0,42,229,47,971.6
2026-05-14 09:00:00,-44.7,0.0,0.0,2,210,59,994.0
2026-05-14 10:00:00,-47.2,22.1,0.0,17,177,74,975.8
2026-05-14 11:00:00,-45.8,6.7,0.0,35,228,66,979.0
2026-05-14 12:00:00,-40.4,12.9,0.0,20,131,49,998.0
2026-05-14 13:00:00,-41.9,10.5,0.0,86,231,76,969.4
2026-05-14 14:00:00,-45.5,16.8,0.0,59,221,85,983.6
2026-05-14 15:00:00,-41.8,7.1,0.0,17,351,73,979.8
2026-05-14 16:00:00,-42.1,1.0,0.0,22,202,55,988.0
2026-05-14 17:00:00,-49.1,14.6,0.0,82,338,62,993.1
2026-05-14 18:00:00,-42.8,8.4,0.0,22,338,79,967.8
2026-05-14 19:00:00,-43.8,12.2,0.0,37,327,47,983.4
2026-05-14 20:00:00,-41.2,15.2,0.0,44,176,63,976.3
2026-05-14 21:00:00,-43.5,24.6,0.0,33,188,78,994.0
2026-05-14 22:00:00,-41.0,17.2,0.0,4,57,84,965.2
2026-05-14 23:00:00,-40.2,3.9,0.0,65,312,80,985.4
2026-05-15 00:00:00,-42.0,13.5,0.0,84,329,68,985.4
2026-05-15 01:00:00,-49.7,16.2,0.0,0,233,63,968.8
2026-05-15 02:00:00,-42.8,12.6,0.0,83,240,60,977.7
2026-05-15 03:00:00,-50.9,16.4,0.0,22,198,41,970.3
2026-05-15 04:00:00,-44.7,10.2,0.0,62,261,62,1002.2
2026-05-15 05:00:00,-45.5,15.0,0.0,16,328,61,982.4
2026-05-15 06:00:00,-41.6,10.1,0.0,50,92,45,977.5
2026-05-15 07:00:00,-41.8,6.6,0.0,28,130,75,984.5
2026-05-15 08:00:00,-46.1,15.4,0.0,36,46,58,985.1
2026-05-15 09:00:00,-48.8,8.0,0.0,22,19,41,974.6
2026-05-15 10:00:00,-46.5,10.3,0.0,3,79,72,971.5
2026-05-15 11:00:00,-44.9,10.7,0.0,84,128,67,991.6
2026-05-15 12:00:00,-42.4,26.1,0.0,77,225,74,993.3
2026-05-15 13:00:00,-44.6,10.4,0.0,16,58,70,981.7
2026-05-15 14:00:00,-46.0,7.1,0.0,45,55,62,986.8
2026-05-15 15:00:00,-44.8,11.1,0.0,23,186,44,976.1
2026-05-15 16:00:00,-43.6,7.1,0.0,31,20,64,987.9
2026-05-15 17:00:00,-44.9,16.2,0.0,26,61,68,998.1
2026-05-15 18:00:00,-40.6,18.1,0.0,44,306,88,985.1
2026-05-15 19:00:00,-41.0,16.8,0.0,43,27,58,977.5
2026-05-15 20:00:00,-46.2,12.0,0.0,51,96,73,979.0
2026-05-15 21:00:00,-46.8,18.2,0.0,39,260,71,979.7
2026-05-15 22:00:00,-45.0,9.6,0.0,79,11,50,1002.3
2026-05-15 23:00:00,-44.1,13.9,0.0,40,195,83,978.0
2026-05-16 00:00:00,-44.2,12.3,0.0,73,38,85,973.3
2026-05-16 01:00:00,-43.2,2.6,0.0,61,52,46,977.6
2026-05-16 02:00:00,-40.9,7.6,0.0,23,2,45,985.9
2026-05-16 03:00:00,-46.5,4.8,0.0,71,130,67,978.1
2026-05-16 04:00:00,-40.8,15.8,0.0,80,41,49,979.4
2026-05-16 05:00:00,-48.9,12.7,0.0,74,295,85,991.7
2026-05-16 06:00:00,-51.3,18.3,0.0,45,84,79,979.9
2026-05-16 07:00:00,-45.2,6.4,0.0,63,213,87,979.5
2026-05-16 08:00:00,-50.8,16.0,0.0,68,317,63,973.7
2026-05-16 09:00:00,-45.6,13.8,0.0,4,289,60,1001.1
2026-05-16 10:00:00,-41.1,14.8,0.0,55,130,68,982.8
2026-05-16 11:00:00,-46.3,8.3,0.0,81,83,61,977.6
2026-05-16 12:00:00,-42.8,19.8,0.0,4,194,67,986.7
2026-05-16 13:00:00,-45.3,10.0,0.0,14,161,57,974.6
2026-05-16 14:00:00,-42.5,10.1,0.0,33,50,54,980.7
2026-05-16 15:00:00,-43.0,10.5,0.0,91,21,48,992.0
2026-05-16 16:00:00,-44.6,9.6,0.0,77,257,54,974.8
2026-05-16 17:00:00,-43.3,3.7,0.0,0,47,72,973.9
2026-05-16 18:00:00,-47.8,22.4,0.0,33,106,78,975.3
2026-05-16 19:00:00,-39.1,8.4,0.0,3,62,62,971.1
2026-05-16 20:00:00,-45.4,7.5,0.0,33,59,44,987.9
2026-05-16 21:00:00,-40.2,4.1,0.0,71,264,49,984.9
2026-05-16 22:00:00,-48.0,16.6,0.0,68,293,55,992.1
2026-05-16 23:00:00,-45.0,6.6,0.0,37,85,64,974.4
2026-05-17 00:00:00,-47.5,14.4,0.0,52,168,63,994.3
2026-05-17 01:00:00,-42.1,10.4,0.0,27,146,84,993.6
2026-05-17 02:00:00,-45.0,9.9,0.0,10,345,62,976.3
2026-05-17 03:00:00,-41.7,6.8,0.0,15,292,70,990.9
2026-05-17 04:00:00,-45.7,16.3,0.0,37,26,68,981.5
2026-05-17 05:00:00,-43.2,6.4,0.0,90,343,83,973.1
2026-05-17 06:00:00,-43.1,21.6,0.0,98,297,49,989.2
2026-05-17 07:00:00,-50.4,16.3,0.0,61,156,75,1004.0
2026-05-17 08:00:00,-50.9,16.0,0.0,66,214,83,981.1
2026-05-17 09:00:00,-47.2,17.1,0.0,16,163,81,986.1
2026-05-17 10:00:00,-48.2,14.5,0.0,76,317,77,980.2
2026-05-17 11:00:00,-40.5,11.7,0.0,60,38,75,966.1
2026-05-17 12:00:00,-44.3,11.0,0.0,63,278,87,984.5
2026-05-17 13:00:00,-53.5,13.3,0.0,64,309,81,987.8
2026-05-17 14:00:00,-42.5,13.9,0.0,5,147,60,974.0
2026-05-17 15:00:00,-41.7,15.7,0.0,91,222,76,985.7
2026-05-17 16:00:00,-44.8,16.7,0.0,32,228,62,973.6
2026-05-17 17:00:00,-38.7,15.8,0.0,86,293,85,959.3
2026-05-17 18:00:00,-51.2,10.4,0.0,71,249,83,980.8
2026-05-17 19:00:00,-47.9,15.3,0.0,82,247,66,974.0
2026-05-17 20:00:00,-42.1,8.8,0.0,80,137,88,984.2
2026-05-17 21:00:00,-44.3,23.0,0.0,0,341,78,986.7
2026-05-17 22:00:00,-41.1,5.9,0.0,4,5,45,978.1
2026-05-17 23:00:00,-41.7,18.8,0.0,33,32,60,993.6
2026-05-18 00:00:00,-49.0,14.0,0.0,77,162,77,992.0
2026-05-18 01:00:00,-41.3,10.9,0.0,21,151,44,979.4
2026-05-18 02:00:00,-43.5,15.8,0.0,9,15,68,982.7
2026-05-18 03:00:00,-42.3,8.5,0.0,46,183,65,955.3
2026-05-18 04:00:00,-43.6,13.2,0.0,40,153,72,980.4
2026-05-18 05:00:00,-44.9,15.0,0.0,45,107,83,973.7
2026-05-18 06:00:00,-46.6,11.7,0.0,49,111,54,971.2
2026-05-18 07:00:00,-51.5,15.6,0.0,74,133,57,983.0
2026-05-18 08:00:00,-45.6,12.5,0.0,59,119,75,994.3
2026-05-18 09:00:00,-42.6,20.4,0.0,0,237,67,986.0
2026-05-18 10:00:00,-42.6,9.4,0.0,30,147,59,988.9
2026-05-18 11:00:00,-49.2,15.8,0.0,66,156,41,974.4
2026-05-18 12:00:00,-40.9,14.0,0.0,0,277,75,980.6
2026-05-18 13:00:00,-45.6,12.9,0.0,60,121,51,974.1
2026-05-18 14:00:00,-45.6,13.2,0.0,87,196,84,976.7
2026-05-18 15:00:00,-45.8,6.5,0.0,38,125,54,981.4
2026-05-18 16:00:00,-38.1,11.5,0.0,74,0,80,989.2
2026-05-18 17:00:00,-48.1,14.8,0.0,62,295,51,970.6
2026-05-18 18:00:00,-43.5,14.6,0.0,23,72,84,974.5
2026-05-18 19:00:00,-43.9,3.6,0.0,20,316,75,968.6
2026-05-18 20:00:00,-43.8,14.4,0.0,7,63,73,972.5
2026-05-18 21:00:00,-43.6,24.2,0.0,90,291,60,991.3
2026-05-18 22:00:00,-41.9,14.6,0.0,52,234,44,988.1
2026-05-18 23:00:00,-47.4,16.0,0.0,59,286,87,973.0
2026-05-19 00:00:00,-39.8,16.5,0.0,42,68,75,1007.4
2026-05-19 01:00:00,-47.8,11.3,0.0,15,277,48,998.2
2026-05-19 02:00:00,-42.8,6.0,0.0,50,109,62,973.0
2026-05-19 03:00:00,-45.9,16.8,0.0,32,50,67,990.1
2026-05-19 04:00:00,-49.2,16.3,0.0,52,133,83,971.1
2026-05-19 05:00:00,-45.1,4.2,0.0,18,186,88,970.4
2026-05-19 06:00:00,-52.9,4.1,0.0,41,128,62,976.4
2026-05-19 07:00:00,-37.9,15.6,0.0,48,259,82,995.6
2026-05-19 08:00:00,-45.2,12.7,0.0,6,202,43,990.8
2026-05-19 09:00:00,-47.9,7.7,0.0,48,36,49,976.2
2026-05-19 10:00:00,-46.1,10.4,0.0,94,323,49,963.1
2026-05-19 11:00:00,-48.7,16.5,0.0,23,251,60,961.9
2026-05-19 12:00:00,-43.4,12.9,0.0,43,275,71,972.1
2026-05-19 13:00:00,-45.1,12.9,0.0,60,127,66,988.6
2026-05-19 14:00:00,-44.2,10.1,0.0,41,244,66,984.3
2026-05-19 15:00:00,-41.4,10.5,0.0,76,7,60,976.4
2026-05-19 16:00:00,-48.3,9.2,0.0,19,353,75,982.1
2026-05-19 17:00:00,-45.3,10.6,0.0,11,23,45,986.4
2026-05-19 18:00:00,-47.2,12.3,0.0,57,56,88,975.0
2026-05-19 19:00:00,-44.6,14.7,0.0,4,51,81,991.6
2026-05-19 20:00:00,-47.6,10.7,0.0,56,208,40,967.2
2026-05-19 21:00:00,-53.5,19.1,0.0,58,301,69,978.2
2026-05-19 22:00:00,-52.7,12.9,0.0,14,106,68,980.5
2026-05-19 23:00:00,-41.9,10.5,0.0,68,29,46,966.6
2026-05-20 00:00:00,-42.6,6.9,0.0,30,67,71,968.0
2026-05-20 01:00:00,-45.3,10.7,0.0,93,49,46,976.9
2026-05-20 02:00:00,-46.9,17.4,0.0,87,83,75,969.4
2026-05-20 03:00:00,-47.3,15.4,0.0,64,157,46,974.7
2026-05-20 04:00:00,-41.9,24.8,0.0,66,175,69,995.0
2026-05-20 05:00:00,-39.8,17.4,0.0,13,92,83,967.2
2026-05-20 06:00:00,-52.6,13.4,0.0,82,310,80,994.4
2026-05-20 07:00:00,-43.7,11.6,0.0,9,316,69,964.9
2026-05-20 08:00:00,-44.1,21.1,0.0,30,112,63,988.6
2026-05-20 09:00:00,-46.4,10.1,0.0,9,50,51,978.2
2026-05-20 10:00:00,-45.8,9.7,0.0,76,97,43,974.5
2026-05-20 11:00:00,-47.6,12.3,0.0,55,299,84,989.1
2026-05-20 12:00:00,-49.1,18.6,0.0,49,331,79,971.2
2026-05-20 13:00:00,-46.4,13.6,0.0,43,31,89,972.0
2026-05-20 14:00:00,-44.8,8.7,0.0,77,88,57,998.4
2026-05-20 15:00:00,-42.7,7.2,0.0,49,71,63,985.3
2026-05-20 16:00:00,-43.3,19.5,0.0,23,128,75,968.9
2026-05-20 17:00:00,-43.9,14.8,0.0,16,112,86,984.0
2026-05-20 18:00:00,-43.6,6.3,0.0,13,305,70,1002.3
2026-05-20 19:00:00,-47.4,19.7,0.0,46,61,88,973.1
2026-05-20 20:00:00,-50.6,11.7,0.0,25,352,72,977.0
2026-05-20 21:00:00,-42.2,0.5,0.0,39,127,88,978.2
2026-05-20 22:00:00,-43.4,8.6,0.0,85,89,59,964.9
2026-05-20 23:00:00,-46.6,10.9,0.0,44,17,57,979.5
2026-05-21 00:00:00,-44.0,12.3,0.0,68,297,63,977.4
2026-05-21 01:00:00,-42.1,13.3,0.0,87,230,76,981.6
2026-05-21 02:00:00,-41.4,20.2,0.0,9,162,69,989.1
2026-05-21 03:00:00,-45.8,17.2,0.0,17,291,86,976.0
2026-05-21 04:00:00,-44.6,17.9,0.0,54,204,48,975.0
2026-05-21 05:00:00,-44.4,16.6,0.0,90,146,50,968.0
2026-05-21 06:00:00,-45.5,23.3,0.0,1,158,55,977.7
2026-05-21 07:00:00,-45.4,20.3,0.0,60,301,67,992.3
2026-05-21 08:00:00,-40.3,18.5,0.0,30,215,59,987.3
2026-05-21 09:00:00,-43.0,6.4,0.0,20,24,46,978.2
2026-05-21 10:00:00,-45.8,12.3,0.0,35,63,54,975.1
2026-05-21 11:00:00,-44.1,20.2,0.0,36,2,79,978.3
2026-05-21 12:00:00,-43.3,7.5,0.0,25,233,70,973.0
2026-05-21 13:00:00,-42.8,13.7,0.0,2,290,73,978.6
2026-05-21 14:00:00,-43.0,10.3,0.0,52,116,75,1007.1
2026-05-21 15:00:00,-45.4,11.1,0.0,59,270,52,972.9
2026-05-21 16:00:00,-46.1,15.0,0.0,95,149,41,964.3
2026-05-21 17:00:00,-42.6,6.5,0.0,71,179,48,989.6
2026-05-21 18:00:00,-40.9,23.4,0.0,79,169,87,986.8
2026-05-21 19:00:00,-47.6,9.2,0.0,93,63,57,979.8
2026-05-21 20:00:00,-42.8,13.1,0.0,39,228,81,956.0
2026-05-21 21:00:00,-48.7,27.6,0.0,27,5,83,995.5
2026-05-21 22:00:00,-44.3,15.8,0.0,60,302,43,986.1
2026-05-21 23:00:00,-47.3,11.6,0.0,3,37,49,986.8
2026-05-22 00:00:00,-45.0,8.6,0.0,92,233,51,966.7
2026-05-22 01:00:00,-50.1,19.4,0.0,22,160,71,999.6
2026-05-22 02:00:00,-48.8,5.6,0.0,69,174,41,977.1
2026-05-22 03:00:00,-48.0,17.2,0.0,42,146,67,956.7
2026-05-22 04:00:00,-43.3,5.5,0.0,24,136,46,971.8
2026-05-22 05:00:00,-44.7,18.7,0.0,67,126,88,978.6
2026-05-22 06:00:00,-47.6,6.8,0.0,21,19,88,979.9
2026-05-22 07:00:00,-48.6,6.8,0.0,61,272,65,986.5
2026-05-22 08:00:00,-48.5,11.3,0.0,83,119,44,969.3
2026-05-22 09:00:00,-47.4,13.0,0.0,75,95,84,973.2
2026-05-22 10:00:00,-44.9,13.6,0.0,29,188,81,972.1
2026-05-22 11:00:00,-48.9,11.9,0.0,65,274,46,977.3
2026-05-22 12:00:00,-43.8,5.6,0.0,18,269,83,1002.1
2026-05-22 13:00:00,-45.7,9.4,0.0,10,347,73,971.5
2026-05-22 14:00:00,-44.6,6.5,0.0,26,9,62,991.4
2026-05-22 15:00:00,-50.5,7.8,0.0,33,83,78,966.7
2026-05-22 16:00:00,-51.4,20.6,0.0,13,202,68,994.6
2026-05-22 17:00:00,-49.2,14.9,0.0,0,67,44,994.6
2026-05-22 18:00:00,-42.5,9.3,0.0,61,200,56,974.0
2026-05-22 19:00:00,-48.9,5.7,0.0,24,25,80,969.7
2026-05-22 20:00:00,-48.6,17.0,0.0,38,100,50,974.6
2026-05-22 21:00:00,-49.7,11.6,0.0,32,238,82,976.7
2026-05-22 22:00:00,-46.3,6.2,0.0,17,60,43,972.5
2026-05-22 23:00:00,-42.7,6.5,0.0,36,290,67,974.4
2026-05-23 00:00:00,-48.3,7.8,0.0,8,242,45,966.4
2026-05-23 01:00:00,-45.0,17.8,0.0,43,112,46,967.8
2026-05-23 02:00:00,-45.4,10.8,0.0,88,137,57,975.0
2026-05-23 03:00:00,-48.3,14.4,0.0,70,289,76,965.5
2026-05-23 04:00:00,-47.2,6.7,0.0,34,195,73,992.4
2026-05-23 05:00:00,-53.6,11.2,0.0,57,107,46,959.5
2026-05-23 06:00:00,-46.5,15.7,0.0,5,141,80,991.1
2026-05-23 07:00:00,-42.2,14.1,0.0,32,309,46,994.8
2026-05-23 08:00:00,-44.5,20.2,0.0,20,225,76,980.8
2026-05-23 09:00:00,-44.7,9.6,0.0,21,75,40,983.0
2026-05-23 10:00:00,-47.1,5.9,0.0,60,41,78,992.1
2026-05-23 11:00:00,-44.1,14.1,0.0,58,281,71,995.6
2026-05-23 12:00:00,-46.9,19.6,0.0,79,208,64,984.1
2026-05-23 13:00:00,-49.0,6.0,0.0,21,157,80,983.8
2026-05-23 14:00:00,-45.9,12.7,0.0,64,124,44,985.1
2026-05-23 15:00:00,-46.6,24.8,0.0,29,274,87,982.7
2026-05-23 16:00:00,-43.8,13.2,0.0,0,16,76,968.6
2026-05-23 17:00:00,-47.7,10.9,0.0,24,76,45,983.3
2026-05-23 18:00:00,-45.3,11.0,0.0,56,320,49,991.0
2026-05-23 19:00:00,-47.2,7.7,0.0,78,33,48,987.8
2026-05-23 20:00:00,-47.2,6.6,0.0,86,166,69,976.0
2026-05-23 21:00:00,-46.3,11.8,0.0,12,327,56,977.0
2026-05-23 22:00:00,-50.7,7.2,0.0,26,339,55,990.0
2026-05-23 23:00:00,-44.7,10.2,0.0,95,119,62,967.6
2026-05-24 00:00:00,-48.7,8.5,0.0,42,171,59,973.9
2026-05-24 01:00:00,-44.2,8.2,0.0,1,337,66,980.7
2026-05-24 02:00:00,-49.4,4.2,0.0,57,308,82,972.1
2026-05-24 03:00:00,-48.1,17.4,0.0,80,148,49,980.1
2026-05-24 04:00:00,-42.1,8.3,0.0,4,336,54,959.9
2026-05-24 05:00:00,-50.0,6.3,0.0,64,357,56,976.3
2026-05-24 06:00:00,-51.2,13.3,0.0,43,76,82,979.9
2026-05-24 07:00:00,-48.0,15.6,0.0,63,285,74,980.4
2026-05-24 08:00:00,-49.1,16.6,0.0,75,131,55,981.4
2026-05-24 09:00:00,-47.0,12.3,0.0,43,314,78,969.8
2026-05-24 10:00:00,-50.8,14.9,0.0,69,91,62,980.9
2026-05-24 11:00:00,-46.3,13.7,0.0,86,222,77,957.7
2026-05-24 12:00:00,-44.3,11.6,0.0,67,30,77,987.4
2026-05-24 13:00:00,-45.3,11.8,0.0,46,257,56,968.7
2026-05-24 14:00:00,-46.5,7.4,0.0,9,293,69,988.7
2026-05-24 15:00:00,-49.5,7.6,0.0,41,233,76,975.6
2026-05-24 16:00:00,-48.1,18.0,0.0,79,155,68,967.4
2026-05-24 17:00:00,-43.8,9.0,0.0,37,248,71,977.8
2026-05-24 18:00:00,-45.1,15.8,0.0,29,168,40,968.6
2026-05-24 19:00:00,-49.1,13.5,0.0,8,185,75,983.8
2026-05-24 20:00:00,-47.7,4.4,0.0,99,329,73,972.8
2026-05-24 21:00:00,-45.0,13.3,0.0,95,208,51,984.4
2026-05-24 22:00:00,-42.3,6.3,0.0,40,52,53,985.2
2026-05-24 23:00:00,-44.3,17.4,0.0,64,323,43,986.4
2026-05-25 00:00:00,-53.9,14.8,0.0,46,101,88,984.8
2026-05-25 01:00:00,-53.5,3.4,0.0,73,188,68,983.8
2026-05-25 02:00:00,-51.0,13.8,0.0,29,116,53,985.1
2026-05-25 03:00:00,-49.3,18.1,0.0,85,224,44,981.5
2026-05-25 04:00:00,-51.9,14.9,0.0,85,104,84,966.8
2026-05-25 05:00:00,-45.7,18.0,0.0,29,267,41,990.1
2026-05-25 06:00:00,-50.1,24.9,0.0,41,241,64,957.7
2026-05-25 07:00:00,-46.8,21.5,0.0,44,249,86,979.8
2026-05-25 08:00:00,-45.9,12.6,0.0,77,197,77,977.9
2026-05-25 09:00:00,-45.4,0.0,0.0,90,45,83,984.8
2026-05-25 10:00:00,-46.6,3.8,0.0,68,352,72,989.3
2026-05-25 11:00:00,-50.2,19.7,0.0,61,289,51,974.3
2026-05-25 12:00:00,-45.2,19.7,0.0,45,283,57,969.0
2026-05-25 13:00:00,-46.3,0.3,0.0,59,100,61,978.4
2026-05-25 14:00:00,-46.7,10.5,0.0,46,3,48,983.8
2026-05-25 15:00:00,-45.7,8.9,0.0,65,129,81,971.5
2026-05-25 16:00:00,-49.3,12.1,0.0,19,117,46,985.6
2026-05-25 17:00:00,-51.9,14.9,0.0,81,114,66,984.2
2026-05-25 18:00:00,-45.8,14.3,0.0,35,231,83,990.4
2026-05-25 19:00:00,-44.7,5.7,0.0,13,98,69,998.7
2026-05-25 20:00:00,-47.2,7.6,0.0,1,106,71,1002.1
2026-05-25 21:00:00,-48.3,10.2,0.0,80,297,49,985.1
2026-05-25 22:00:00,-45.9,10.1,0.0,97,68,40,975.7
2026-05-25 23:00:00,-46.3,16.1,0.0,27,296,72,994.0
2026-05-26 00:00:00,-52.0,24.2,0.0,67,181,65,986.9
2026-05-26 01:00:00,-48.8,13.7,0.0,87,359,78,976.6
2026-05-26 02:00:00,-48.5,3.1,0.0,41,197,81,987.6
2026-05-26 03:00:00,-54.6,11.1,0.0,78,117,49,979.5
2026-05-26 04:00:00,-45.9,14.0,0.0,8,225,63,975.2
2026-05-26 05:00:00,-48.2,12.9,0.0,68,283,77,980.6
2026-05-26 06:00:00,-46.5,17.4,0.0,64,75,57,971.8
2026-05-26 07:00:00,-43.0,11.2,0.0,48,188,73,990.4
2026-05-26 08:00:00,-43.3,7.5,0.0,26,112,82,993.0
2026-05-26 09:00:00,-45.6,13.2,0.0,1,309,83,986.2
2026-05-26 10:00:00,-44.2,1.5,0.0,94,262,82,966.6
2026-05-26 11:00:00,-42.9,16.4,0.0,95,9,47,975.8
2026-05-26 12:00:00,-49.2,6.2,0.0,64,182,51,984.7
2026-05-26 13:00:00,-44.6,15.9,0.0,56,301,46,982.4
2026-05-26 14:00:00,-49.5,10.3,0.0,22,173,63,989.7
2026-05-26 15:00:00,-49.4,15.6,0.0,29,347,65,984.9
2026-05-26 16:00:00,-47.4,11.6,0.0,87,335,79,968.4
2026-05-26 17:00:00,-51.4,20.6,0.0,62,156,83,985.2
2026-05-26 18:00:00,-49.2,16.5,0.0,65,23,78,982.6
2026-05-26 19:00:00,-50.8,9.6,0.0,14,250,70,983.2
2026-05-26 20:00:00,-48.0,13.3,0.0,76,263,88,992.4
2026-05-26 21:00:00,-52.0,9.9,0.0,14,117,40,964.2
2026-05-26 22:00:00,-45.5,19.0,0.0,61,353,75,984.9
2026-05-26 23:00:00,-46.7,9.0,0.0,8,53,69,973.7
2026-05-27 00:00:00,-48.0,15.7,0.0,86,89,87,992.3
2026-05-27 01:00:00,-45.2,19.4,0.0,74,316,82,973.9
2026-05-27 02:00:00,-50.3,16.1,0.0,0,292,84,982.3
2026-05-27 03:00:00,-47.3,13.5,0.0,17,336,42,985.3
2026-05-27 04:00:00,-44.8,10.6,0.0,7,113,77,994.4
2026-05-27 05:00:00,-48.5,17.0,0.0,95,311,74,969.8
2026-05-27 06:00:00,-53.0,7.6,0.0,60,102,40,981.6
2026-05-27 07:00:00,-48.2,6.6,0.0,5,222,79,967.7
2026-05-27 08:00:00,-53.3,11.5,0.0,2,50,52,978.2
2026-05-27 09:00:00,-42.6,12.9,0.0,34,88,79,993.1
2026-05-27 10:00:00,-49.0,15.0,0.0,97,166,64,982.6
2026-05-27 11:00:00,-47.2,10.7,0.0,42,56,74,989.2
2026-05-27 12:00:00,-46.9,5.5,0.0,87,271,49,963.6
2026-05-27 13:00:00,-46.6,17.7,0.0,11,79,49,967.8
2026-05-27 14:00:00,-48.1,10.8,0.0,53,259,80,995.7
2026-05-27 15:00:00,-55.9,13.2,0.0,24,247,89,971.2
2026-05-27 16:00:00,-51.1,17.0,0.0,20,343,73,978.0
2026-05-27 17:00:00,-43.8,15.9,0.0,85,157,51,979.7
2026-05-27 18:00:00,-47.9,9.9,0.0,71,153,82,988.9
2026-05-27 19:00:00,-48.5,7.7,0.0,46,141,51,976.4
2026-05-27 20:00:00,-44.3,14.6,0.0,51,259,68,971.5
2026-05-27 21:00:00,-49.2,14.5,0.0,33,202,56,1003.0
2026-05-27 22:00:00,-47.0,10.6,0.0,65,118,42,982.4
2026-05-27 23:00:00,-46.0,16.7,0.0,10,146,78,974.6
2026-05-28 00:00:00,-44.0,13.5,0.0,31,268,51,990.5
2026-05-28 01:00:00,-50.7,7.3,0.0,13,75,79,968.5
2026-05-28 02:00:00,-45.3,19.1,0.0,53,93,51,962.5
2026-05-28 03:00:00,-53.4,11.5,0.0,77,359,66,985.4
2026-05-28 04:00:00,-49.5,10.0,0.0,64,160,80,981.7
2026-05-28 05:00:00,-52.3,8.3,0.0,61,4,81,990.9
2026-05-28 06:00:00,-50.6,6.5,0.0,33,52,46,981.2
2026-05-28 07:00:00,-44.7,15.4,0.0,39,354,66,980.4
2026-05-28 08:00:00,-48.0,17.2,0.0,68,62,47,972.8
2026-05-28 09:00:00,-43.9,10.8,0.0,90,186,49,987.0
2026-05-28 10:00:00,-50.7,22.0,0.0,41,289,46,989.7
2026-05-28 11:00:00,-47.1,6.2,0.0,40,219,68,979.7
2026-05-28 12:00:00,-52.8,12.0,0.0,2,168,59,986.1
2026-05-28 13:00:00,-46.9,7.6,0.0,17,232,83,976.9
2026-05-28 14:00:00,-47.1,4.5,0.0,89,303,74,993.6
2026-05-28 15:00:00,-49.3,10.8,0.0,64,315,43,948.6
2026-05-28 16:00:00,-47.2,8.2,0.0,9,210,89,972.7
2026-05-28 17:00:00,-50.0,14.8,0.0,15,112,86,961.8
2026-05-28 18:00:00,-47.0,13.7,0.0,16,225,67,986.0
2026-05-28 19:00:00,-47.7,12.4,0.0,27,309,73,981.4
2026-05-28 20:00:00,-50.3,11.8,0.0,71,118,57,986.3
2026-05-28 21:00:00,-48.4,7.6,0.0,47,161,70,974.9
2026-05-28 22:00:00,-49.0,23.3,0.0,34,13,89,964.2
2026-05-28 23:00:00,-46.8,21.0,0.0,84,298,47,967.6
2026-05-29 00:00:00,-45.9,11.4,0.0,28,327,52,967.7
2026-05-29 01:00:00,-47.8,3.7,0.0,70,282,74,975.8
2026-05-29 02:00:00,-43.6,12.9,0.0,59,5,86,975.9
2026-05-29 03:00:00,-46.8,3.5,0.0,50,125,87,978.6
2026-05-29 04:00:00,-51.5,13.0,0.0,57,236,64,971.5
2026-05-29 05:00:00,-47.4,6.3,0.0,7,165,87,990.9
2026-05-29 06:00:00,-49.3,9.4,0.0,28,42,43,986.3
2026-05-29 07:00:00,-46.4,17.0,0.0,62,93,65,967.1
2026-05-29 08:00:00,-45.7,17.5,0.0,48,163,56,974.5
2026-05-29 09:00:00,-43.9,16.8,0.0,38,298,76,978.8
2026-05-29 10:00:00,-45.1,13.2,0.0,99,332,72,983.6
2026-05-29 11:00:00,-42.4,13.5,0.0,22,293,80,985.1
2026-05-29 12:00:00,-49.0,7.4,0.0,42,78,47,968.7
2026-05-29 13:00:00,-50.1,10.8,0.0,35,199,78,979.1
2026-05-29 14:00:00,-53.2,14.1,0.0,28,190,65,1002.0
2026-05-29 15:00:00,-47.8,9.5,0.0,55,200,51,989.9
2026-05-29 16:00:00,-46.7,16.4,0.0,1,315,81,993.1
2026-05-29 17:00:00,-47.4,13.5,0.0,80,150,77,971.4
2026-05-29 18:00:00,-48.4,5.7,0.0,83,279,74,990.7
2026-05-29 19:00:00,-50.6,5.7,0.0,20,341,79,984.8
2026-05-29 20:00:00,-50.9,12.5,0.0,12,235,57,976.9
2026-05-29 21:00:00,-43.7,6.6,0.0,40,356,41,961.8
2026-05-29 22:00:00,-48.2,13.3,0.0,81,146,85,987.0
2026-05-29 23:00:00,-46.1,9.8,0.0,52,251,61,984.3
2026-05-30 00:00:00,-49.0,14.9,0.0,97,192,49,988.6
2026-05-30 01:00:00,-47.5,11.9,0.0,97,209,55,965.8
2026-05-30 02:00:00,-51.7,13.3,0.0,15,82,70,973.5
2026-05-30 03:00:00,-47.7,13.1,0.0,90,262,65,983.3
2026-05-30 04:00:00,-44.3,16.7,0.0,98,159,49,988.6
2026-05-30 05:00:00,-53.7,9.9,0.0,4,90,54,982.1
2026-05-30 06:00:00,-48.5,8.1,0.0,86,98,55,986.2
2026-05-30 07:00:00,-50.9,15.7,0.0,61,212,82,972.2
2026-05-30 08:00:00,-50.9,10.7,0.0,82,163,44,984.9
2026-05-30 09:00:00,-43.7,3.2,0.0,59,287,60,979.1
2026-05-30 10:00:00,-52.9,12.4,0.0,0,224,68,978.5
2026-05-30 11:00:00,-51.5,10.7,0.0,60,119,40,994.6
2026-05-30 12:00:00,-47.6,6.5,0.0,42,20,76,980.9
2026-05-30 13:00:00,-45.4,9.5,0.0,65,258,53,990.8
2026-05-30 14:00:00,-47.5,9.1,0.0,27,195,69,966.7
2026-05-30 15:00:00,-42.9,10.2,0.0,0,58,53,973.2
2026-05-30 16:00:00,-48.5,12.3,0.0,97,261,82,988.7
2026-05-30 17:00:00,-49.3,8.8,0.0,77,195,47,992.8
2026-05-30 18:00:00,-48.8,0.0,0.0,25,50,88,962.2
2026-05-30 19:00:00,-49.6,4.1,0.0,27,243,53,982.6
2026-05-30 20:00:00,-50.1,13.1,0.0,67,266,72,971.7
2026-05-30 21:00:00,-51.9,14.9,0.0,99,188,47,980.4
2026-05-30 22:00:00,-46.2,13.8,0.0,59,14,70,992.4
2026-05-30 23:00:00,-49.5,14.5,0.0,63,210,64,989.3
2026-05-31 00:00:00,-51.4,11.8,0.0,63,107,78,990.1
2026-05-31 01:00:00,-53.4,14.8,0.0,34,57,55,980.1
2026-05-31 02:00:00,-50.3,12.8,0.0,69,254,74,966.9
2026-05-31 03:00:00,-49.0,14.5,0.0,49,108,64,972.1
2026-05-31 04:00:00,-55.3,7.1,0.0,23,164,71,999.7
2026-05-31 05:00:00,-41.7,6.8,0.0,57,311,88,994.8
2026-05-31 06:00:00,-43.3,10.6,0.0,48,95,46,979.4
2026-05-31 07:00:00,-45.1,17.3,0.0,22,300,45,987.0
2026-05-31 08:00:00,-45.7,9.3,0.0,11,201,81,972.5
2026-05-31 09:00:00,-45.0,20.3,0.0,14,235,49,986.0
2026-05-31 10:00:00,-50.5,8.5,0.0,62,66,43,980.8
2026-05-31 11:00:00,-46.2,17.8,0.0,20,356,56,975.1
2026-05-31 12:00:00,-49.7,0.0,0.0,59,186,75,994.8
2026-05-31 13:00:00,-50.3,14.2,0.0,70,301,78,972.0
2026-05-31 14:00:00,-51.8,11.4,0.0,81,356,46,982.4
2026-05-31 15:00:00,-44.8,4.0,0.0,57,178,71,984.5
2026-05-31 16:00:00,-49.5,10.7,0.0,18,118,74,978.6
2026-05-31 17:00:00,-48.6,18.1,0.0,37,327,68,967.8
2026-05-31 18:00:00,-48.6,11.7,0.0,4,170,78,981.5
2026-05-31 19:00:00,-46.4,9.5,0.0,37,322,47,985.9
2026-05-31 20:00:00,-48.4,15.0,0.0,68,221,63,985.1
2026-05-31 21:00:00,-49.9,13.2,0.0,61,210,89,985.4
2026-05-31 22:00:00,-46.5,16.4,0.0,93,135,84,978.3
2026-05-31 23:00:00,-48.0,12.6,0.0,93,347,68,975.5
2026-06-01 00:00:00,-53.0,14.8,0.0,59,106,77,953.4
2026-06-01 01:00:00,-52.2,17.3,0.0,22,356,44,993.6
2026-06-01 02:00:00,-46.2,19.6,0.0,51,104,65,961.9
2026-06-01 03:00:00,-47.4,13.6,0.0,2,309,71,966.5
2026-06-01 04:00:00,-43.7,4.4,0.0,67,334,80,976.7
2026-06-01 05:00:00,-51.9,1.3,0.0,59,204,45,971.4
2026-06-01 06:00:00,-45.1,6.9,0.0,22,34,73,972.1
2026-06-01 07:00:00,-47.3,12.1,0.0,95,95,41,997.9
2026-06-01 08:00:00,-50.4,0.0,0.0,6,217,73,992.5
2026-06-01 09:00:00,-48.8,12.0,0.0,88,285,60,984.4
2026-06-01 10:00:00,-48.4,9.6,0.0,96,292,43,978.0
2026-06-01 11:00:00,-44.4,11.9,0.0,97,203,53,970.3
2026-06-01 12:00:00,-45.4,0.0,0.0,13,213,64,991.9
2026-06-01 13:00:00,-55.0,5.4,0.0,40,105,69,992.7
2026-06-01 14:00:00,-48.2,9.1,0.0,57,291,71,979.5
2026-06-01 15:00:00,-45.0,9.7,0.0,18,203,81,965.4
2026-06-01 16:00:00,-45.6,11.8,0.0,19,19,54,967.0
2026-06-01 17:00:00,-49.8,8.3,0.0,91,243,83,970.9
2026-06-01 18:00:00,-51.9,8.4,0.0,59,232,43,964.8
2026-06-01 19:00:00,-46.1,9.0,0.0,57,12,73,979.9
2026-06-01 20:00:00,-48.0,6.6,0.0,51,321,63,972.7
2026-06-01 21:00:00,-52.6,9.7,0.0,47,56,82,990.7
2026-06-01 22:00:00,-49.7,10.2,0.0,61,234,66,982.0
2026-06-01 23:00:00,-50.4,8.7,0.0,8,289,51,984.7
2026-06-02 00:00:00,-49.9,10.7,0.0,39,15,43,976.1
2026-06-02 01:00:00,-53.3,15.0,0.0,18,213,44,969.4
2026-06-02 02:00:00,-53.9,7.2,0.0,95,141,61,983.9
2026-06-02 03:00:00,-45.3,14.8,0.0,41,331,85,992.8
2026-06-02 04:00:00,-54.3,21.2,0.0,72,43,51,972.9
2026-06-02 05:00:00,-51.6,10.2,0.0,68,244,46,988.6
2026-06-02 06:00:00,-46.0,13.3,0.0,11,108,81,982.0
2026-06-02 07:00:00,-50.6,12.0,0.0,13,117,40,984.7
2026-06-02 08:00:00,-45.2,17.5,0.0,78,318,57,976.0
2026-06-02 09:00:00,-47.9,2.3,0.0,1,126,68,980.0
2026-06-02 10:00:00,-50.3,12.3,0.0,44,25,82,965.9
2026-06-02 11:00:00,-49.3,18.4,0.0,2,200,84,964.3
2026-06-02 12:00:00,-46.7,6.4,0.0,52,0,54,974.4
2026-06-02 13:00:00,-51.5,16.4,0.0,73,279,73,970.4
2026-06-02 14:00:00,-49.1,9.8,0.0,95,163,40,998.1
2026-06-02 15:00:00,-50.1,18.5,0.0,87,114,54,976.6
2026-06-02 16:00:00,-45.5,5.0,0.0,62,87,41,976.4
2026-06-02 17:00:00,-53.5,11.3,0.0,21,337,58,963.1
2026-06-02 18:00:00,-50.8,17.9,0.0,32,99,64,995.9
2026-06-02 19:00:00,-49.2,13.8,0.0,0,97,41,981.1
2026-06-02 20:00:00,-48.4,14.5,0.0,38,199,51,975.7
2026-06-02 21:00:00,-48.5,7.5,0.0,68,80,71,975.8
2026-06-02 22:00:00,-48.5,5.3,0.0,71,299,58,981.0
2026-06-02 23:00:00,-51.8,18.2,0.0,85,21,75,982.0
2026-06-03 00:00:00,-50.3,21.5,0.0,47,46,84,985.2
2026-06-03 01:00:00,-54.8,13.6,0.0,67,259,42,985.3
2026-06-03 02:00:00,-53.1,21.9,0.0,93,245,42,984.5
2026-06-03 03:00:00,-48.3,19.7,0.0,57,196,44,977.7
2026-06-03 04:00:00,-50.7,3.6,0.0,5,325,72,995.9
2026-06-03 05:00:00,-51.7,11.5,0.0,72,127,51,980.7
2026-06-03 06:00:00,-52.7,12.1,0.0,7,196,69,966.3
2026-06-03 07:00:00,-50.1,11.0,0.0,81,355,56,995.4
2026-06-03 08:00:00,-46.9,13.7,0.0,6,96,41,978.3
2026-06-03 09:00:00,-48.6,19.4,0.0,76,264,62,979.7
2026-06-03 10:00:00,-47.7,23.2,0.0,32,44,58,977.4
2026-06-03 11:00:00,-49.6,17.7,0.0,39,233,57,974.2
2026-06-03 12:00:00,-48.4,11.2,0.0,35,159,64,975.9
2026-06-03 13:00:00,-49.5,16.8,0.0,19,301,85,989.9
2026-06-03 14:00:00,-57.8,3.4,0.0,54,153,67,978.1
2026-06-03 15:00:00,-48.3,10.3,0.0,81,80,65,967.2
2026-06-03 16:00:00,-51.8,15.8,0.0,58,187,71,987.3
2026-06-03 17:00:00,-51.9,8.1,0.0,22,299,60,959.2
2026-06-03 18:00:00,-48.4,2.9,0.0,49,246,61,984.6
2026-06-03 19:00:00,-48.9,10.0,0.0,46,95,46,989.2
2026-06-03 20:00:00,-41.5,19.0,0.0,26,343,82,971.8
2026-06-03 21:00:00,-53.9,14.1,0.0,49,62,53,979.7
2026-06-03 22:00:00,-50.7,4.4,0.0,9,189,81,960.8
2026-06-03 23:00:00,-44.8,1.7,0.0,72,84,48,1000.1
2026-06-04 00:00:00,-49.2,18.3,0.0,69,253,53,988.9
2026-06-04 01:00:00,-46.3,14.3,0.0,91,39,64,974.5
2026-06-04 02:00:00,-51.0,7.1,0.0,19,82,79,992.5
2026-06-04 03:00:00,-55.3,15.5,0.0,14,123,62,970.7
2026-06-04 04:00:00,-51.7,6.5,0.0,51,323,61,977.0
2026-06-04 05:00:00,-51.7,1.7,0.0,93,170,74,976.1
2026-06-04 06:00:00,-52.5,13.7,0.0,9,45,69,969.2
2026-06-04 07:00:00,-47.8,11.9,0.0,6,324,40,981.2
2026-06-04 08:00:00,-48.2,11.4,0.0,16,153,87,982.0
2026-06-04 09:00:00,-49.3,12.3,0.0,72,304,59,975.0
2026-06-04 10:00:00,-42.5,20.9,0.0,99,155,77,983.5
2026-06-04 11:00:00,-46.5,16.3,0.0,60,164,69,996.1
2026-06-04 12:00:00,-51.5,4.3,0.0,48,297,77,980.5
2026-06-04 13:00:00,-51.3,11.4,0.0,80,268,77,983.9
2026-06-04 14:00:00,-53.6,19.3,0.0,98,306,86,980.8
2026-06-04 15:00:00,-47.1,16.6,0.0,49,255,78,970.0
2026-06-04 16:00:00,-47.0,15.1,0.0,36,315,79,980.4
2026-06-04 17:00:00,-54.1,5.5,0.0,91,266,78,965.6
2026-06-04 18:00:00,-50.5,20.5,0.0,85,68,53,981.7
2026-06-04 19:00:00,-50.9,11.8,0.0,32,109,84,976.4
2026-06-04 20:00:00,-46.5,8.3,0.0,86,261,68,995.9
2026-06-04 21:00:00,-54.0,14.0,0.0,76,317,84,995.6
2026-06-04 22:00:00,-44.9,7.1,0.0,14,159,82,974.8
2026-06-04 23:00:00,-53.1,19.4,0.0,17,39,46,976.8
2026-06-05 00:00:00,-52.3,11.0,0.0,0,56,48,993.1
2026-06-05 01:00:00,-47.7,10.1,0.0,40,145,72,976.1
2026-06-05 02:00:00,-53.9,11.5,0.0,31,320,76,980.6
2026-06-05 03:00:00,-48.7,16.7,0.0,13,302,46,978.8
2026-06-05 04:00:00,-43.4,6.2,0.0,62,107,46,997.6
2026-06-05 05:00:00,-49.7,7.0,0.0,83,28,51,983.7
2026-06-05 06:00:00,-51.2,11.2,0.0,100,101,47,981.5
2026-06-05 07:00:00,-46.2,11.7,0.0,77,173,47,987.7
2026-06-05 08:00:00,-48.3,8.1,0.0,57,254,40,982.8
2026-06-05 09:00:00,-50.1,21.1,0.0,67,309,88,982.9
2026-06-05 10:00:00,-50.3,16.0,0.0,40,166,75,985.1
2026-06-05 11:00:00,-49.1,9.9,0.0,90,132,55,994.7
2026-06-05 12:00:00,-52.5,11.4,0.0,12,359,73,981.9
2026-06-05 13:00:00,-55.0,15.5,0.0,2,235,80,969.8
2026-06-05 14:00:00,-51.5,8.1,0.0,9,103,82,988.5
2026-06-05 15:00:00,-50.0,14.9,0.0,8,297,67,984.9
2026-06-05 16:00:00,-50.4,3.8,0.0,7,109,83,986.6
2026-06-05 17:00:00,-51.4,3.7,0.0,23,81,83,988.8
2026-06-05 18:00:00,-50.5,16.1,0.0,8,249,47,975.3
2026-06-05 19:00:00,-46.8,23.6,0.0,53,332,84,984.3
2026-06-05 20:00:00,-52.9,9.1,0.0,45,357,58,977.8
2026-06-05 21:00:00,-50.7,17.9,0.0,75,88,52,955.9
2026-06-05 22:00:00,-45.9,10.9,0.0,24,215,54,973.8
2026-06-05 23:00:00,-49.9,14.4,0.0,100,33,77,987.8
2026-06-06 00:00:00,-42.3,8.7,0.0,13,301,43,982.8
2026-06-06 01:00:00,-50.6,9.8,0.0,70,351,79,981.8
2026-06-06 02:00:00,-51.1,12.3,0.0,5,322,56,986.7
2026-06-06 03:00:00,-51.5,9.7,0.0,96,190,65,972.8
2026-06-06 04:00:00,-52.4,18.0,0.0,44,357,74,979.5
2026-06-06 05:00:00,-54.7,11.2,0.0,87,31,75,956.9
2026-06-06 06:00:00,-50.3,21.4,0.0,64,314,53,963.8
2026-06-06 07:00:00,-51.2,14.3,0.0,57,358,72,985.9
2026-06-06 08:00:00,-53.6,5.5,0.0,19,301,74,973.0
2026-06-06 09:00:00,-50.0,8.5,0.0,66,175,59,985.8
2026-06-06 10:00:00,-46.2,5.7,0.0,75,179,54,980.6
2026-06-06 11:00:00,-48.7,22.7,0.0,16,311,74,968.4
2026-06-06 12:00:00,-48.8,19.6,0.0,81,18,69,985.8
2026-06-06 13:00:00,-50.2,13.6,0.0,66,119,56,1000.3
2026-06-06 14:00:00,-48.4,8.6,0.0,77,265,82,982.5
2026-06-06 15:00:00,-52.3,11.2,0.0,99,9,65,982.9
2026-06-06 16:00:00,-48.6,11.9,0.0,29,119,44,985.3
2026-06-06 17:00:00,-45.5,20.5,0.0,61,224,80,965.5
2026-06-06 18:00:00,-48.4,6.5,0.0,91,151,72,981.0
2026-06-06 19:00:00,-46.5,6.8,0.0,61,274,51,983.4
2026-06-06 20:00:00,-49.9,18.9,0.0,81,38,71,991.0
2026-06-06 21:00:00,-51.1,8.5,0.0,89,271,78,976.7
2026-06-06 22:00:00,-52.1,20.4,0.0,53,16,54,989.5
2026-06-06 23:00:00,-49.8,20.8,0.0,23,166,74,989.6
2026-06-07 00:00:00,-51.8,14.2,0.0,93,51,89,973.9
2026-06-07 01:00:00,-58.4,13.8,0.0,13,273,75,982.4
2026-06-07 02:00:00,-50.2,14.6,0.0,61,96,51,982.6
2026-06-07 03:00:00,-52.1,7.7,0.0,19,11,89,978.4
2026-06-07 04:00:00,-51.7,7.6,0.0,72,275,81,974.3
2026-06-07 05:00:00,-47.7,12.3,0.0,19,131,89,970.7
2026-06-07 06:00:00,-53.5,0.6,0.0,38,312,66,985.8
2026-06-07 07:00:00,-49.5,17.1,0.0,27,242,71,976.6
2026-06-07 08:00:00,-51.2,8.6,0.0,35,36,43,987.0
2026-06-07 09:00:00,-52.0,20.3,0.0,72,199,68,981.8
2026-06-07 10:00:00,-49.2,12.4,0.0,6,120,46,971.2
2026-06-07 11:00:00,-51.0,6.6,0.0,58,19,85,992.7
2026-06-07 12:00:00,-53.1,15.4,0.0,9,97,84,972.6
2026-06-07 13:00:00,-53.4,10.4,0.0,92,284,70,991.4
2026-06-07 14:00:00,-48.8,12.2,0.0,84,300,89,971.8
2026-06-07 15:00:00,-51.8,16.2,0.0,40,337,65,988.4
2026-06-07 16:00:00,-52.9,17.3,0.0,53,96,52,984.4
2026-06-07 17:00:00,-50.9,8.9,0.0,67,263,89,972.5
2026-06-07 18:00:00,-48.0,6.2,0.0,29,292,53,989.4
2026-06-07 19:00:00,-48.6,7.9,0.0,23,258,83,978.0
2026-06-07 20:00:00,-51.7,15.2,0.0,44,227,51,971.5
2026-06-07 21:00:00,-51.0,6.5,0.0,26,299,52,967.8
2026-06-07 22:00:00,-49.9,5.7,0.0,30,192,43,977.7
2026-06-07 23:00:00,-50.3,14.4,0.0,84,24,82,982.2
2026-06-08 00:00:00,-51.1,13.4,0.0,2,265,87,989.8
2026-06-08 01:00:00,-46.3,16.9,0.0,62,196,62,969.7
2026-06-08 02:00:00,-46.8,8.6,0.0,88,292,86,991.9
2026-06-08 03:00:00,-53.2,11.8,0.0,50,183,56,977.9
2026-06-08 04:00:00,-54.9,17.1,0.0,64,31,65,977.8
2026-06-08 05:00:00,-48.1,18.0,0.0,56,63,66,978.1
2026-06-08 06:00:00,-54.1,5.8,0.0,28,276,41,984.3
2026-06-08 07:00:00,-49.4,15.4,0.0,34,145,86,986.8
2026-06-08 08:00:00,-54.4,20.8,0.0,3,77,50,982.4
2026-06-08 09:00:00,-48.9,8.8,0.0,10,350,68,987.6
2026-06-08 10:00:00,-54.5,14.6,0.0,15,232,87,994.6
2026-06-08 11:00:00,-54.3,16.7,0.0,23,118,77,985.0
2026-06-08 12:00:00,-52.8,7.6,0.0,84,166,81,980.0
2026-06-08 13:00:00,-57.2,19.3,0.0,84,272,79,966.9
2026-06-08 14:00:00,-50.4,15.2,0.0,42,116,48,981.2
2026-06-08 15:00:00,-47.9,13.0,0.0,11,349,58,970.0
2026-06-08 16:00:00,-52.9,15.8,0.0,53,346,67,984.7
2026-06-08 17:00:00,-53.3,13.9,0.0,30,200,74,971.9
2026-06-08 18:00:00,-50.6,9.0,0.0,7,77,54,966.2
2026-06-08 19:00:00,-48.9,8.8,0.0,98,317,40,991.9
2026-06-08 20:00:00,-51.7,23.4,0.0,92,350,51,997.3
2026-06-08 21:00:00,-52.8,8.2,0.0,0,119,71,963.7
2026-06-08 22:00:00,-51.4,7.4,0.0,65,318,53,987.1
2026-06-08 23:00:00,-53.4,10.3,0.0,94,176,50,1001.9
2026-06-09 00:00:00,-45.8,12.0,0.0,68,342,62,986.4
2026-06-09 01:00:00,-47.4,12.7,0.0,30,205,66,981.5
2026-06-09 02:00:00,-52.6,15.8,0.0,29,98,89,986.4
2026-06-09 03:00:00,-52.9,7.9,0.0,56,346,78,952.8
2026-06-09 04:00:00,-52.5,13.3,0.0,54,208,43,964.9
2026-06-09 05:00:00,-52.8,11.3,0.0,93,33,41,967.2
2026-06-09 06:00:00,-48.8,15.2,0.0,68,292,46,985.9
2026-06-09 07:00:00,-48.0,19.0,0.0,100,315,57,983.5
2026-06-09 08:00:00,-54.7,13.7,0.0,59,145,66,970.4
2026-06-09 09:00:00,-50.2,11.2,0.0,0,280,53,996.7
2026-06-09 10:00:00,-46.3,15.3,0.0,21,216,64,991.0
2026-06-09 11:00:00,-52.5,4.7,0.0,19,147,60,992.5
2026-06-09 12:00:00,-50.1,11.0,0.0,78,134,83,973.8
2026-06-09 13:00:00,-48.7,10.4,0.0,69,15,42,996.5
2026-06-09 14:00:00,-50.6,18.4,0.0,91,102,60,968.2
2026-06-09 15:00:00,-55.3,19.8,0.0,69,327,60,976.5
2026-06-09 16:00:00,-50.9,17.3,0.0,19,240,63,973.8
2026-06-09 17:00:00,-49.7,4.1,0.0,46,79,50,982.0
2026-06-09 18:00:00,-47.2,4.8,0.0,65,337,75,984.1
2026-06-09 19:00:00,-54.8,18.3,0.0,89,56,76,991.8
2026-06-09 20:00:00,-53.8,7.4,0.0,37,44,47,958.7
2026-06-09 21:00:00,-48.3,12.4,0.0,26,41,45,982.4
2026-06-09 22:00:00,-51.4,19.3,0.0,1,349,81,991.6
2026-06-09 23:00:00,-49.4,10.2,0.0,16,71,85,980.6
2026-06-10 00:00:00,-48.9,13.9,0.0,58,74,89,969.2
2026-06-10 01:00:00,-48.3,12.1,0.0,14,129,54,975.1
2026-06-10 02:00:00,-51.7,17.5,0.0,0,149,44,962.0
2026-06-10 03:00:00,-59.0,5.4,0.0,70,255,57,970.5
2026-06-10 04:00:00,-49.5,16.6,0.0,61,313,60,984.6
2026-06-10 05:00:00,-51.5,16.9,0.0,70,127,48,970.4
2026-06-10 06:00:00,-54.4,16.9,0.0,79,332,40,1002.2
2026-06-10 07:00:00,-50.8,15.2,0.0,26,218,50,995.7
2026-06-10 08:00:00,-53.9,10.1,0.0,50,66,44,991.6
2026-06-10 09:00:00,-53.6,5.4,0.0,55,94,67,976.0
2026-06-10 10:00:00,-49.7,24.4,0.0,64,220,61,985.7
2026-06-10 11:00:00,-50.7,9.5,0.0,56,141,78,976.3
2026-06-10 12:00:00,-49.3,0.4,0.0,46,67,55,991.0
2026-06-10 13:00:00,-54.0,11.3,0.0,37,7,61,980.0
2026-06-10 14:00:00,-48.3,26.7,0.0,93,183,72,980.8
2026-06-10 15:00:00,-54.9,16.4,0.0,1,293,85,988.9
2026-06-10 16:00:00,-51.2,17.5,0.0,14,319,76,979.8
2026-06-10 17:00:00,-49.5,12.4,0.0,10,216,48,979.5
2026-06-10 18:00:00,-48.3,11.3,0.0,71,230,68,981.5
2026-06-10 19:00:00,-46.1,14.1,0.0,24,159,44,982.2
2026-06-10 20:00:00,-53.0,8.9,0.0,79,47,47,991.9
2026-06-10 21:00:00,-48.8,12.3,0.0,41,141,42,971.2
2026-06-10 22:00:00,-58.4,2.4,0.0,39,286,69,965.5
2026-06-10 23:00:00,-54.8,11.6,0.0,75,78,49,972.7
2026-06-11 00:00:00,-50.5,20.1,0.0,7,237,74,971.8
2026-06-11 01:00:00,-49.3,5.9,0.0,57,176,85,980.6
2026-06-11 02:00:00,-48.1,17.5,0.0,55,38,43,965.1
2026-06-11 03:00:00,-51.3,4.2,0.0,44,262,85,981.3
2026-06-11 04:00:00,-52.3,11.2,0.0,88,55,56,986.9
2026-06-11 05:00:00,-49.2,21.4,0.0,12,300,41,977.9
2026-06-11 06:00:00,-52.9,10.5,0.0,6,203,66,980.9
2026-06-11 07:00:00,-55.5,9.1,0.0,56,255,79,987.6
2026-06-11 08:00:00,-48.7,11.9,0.0,43,317,42,959.8
2026-06-11 09:00:00,-48.8,19.9,0.0,33,251,52,977.5
2026-06-11 10:00:00,-49.9,11.9,0.0,50,155,54,976.6
2026-06-11 11:00:00,-54.1,0.0,0.0,87,273,73,957.8
2026-06-11 12:00:00,-51.1,12.3,0.0,78,342,81,980.3
2026-06-11 13:00:00,-47.2,5.9,0.0,30,206,88,978.7
2026-06-11 14:00:00,-49.9,13.9,0.0,0,82,76,960.2
2026-06-11 15:00:00,-54.9,12.4,0.0,74,26,43,985.4
2026-06-11 16:00:00,-50.3,18.7,0.0,12,358,67,1004.0
2026-06-11 17:00:00,-55.9,12.8,0.0,10,256,48,973.8
2026-06-11 18:00:00,-54.1,18.6,0.0,25,86,42,993.3
2026-06-11 19:00:00,-53.4,13.4,0.0,19,141,46,974.7
2026-06-11 20:00:00,-49.9,16.0,0.0,62,61,71,979.7
2026-06-11 21:00:00,-49.4,12.5,0.0,53,175,78,972.5
2026-06-11 22:00:00,-56.8,12.1,0.0,9,52,57,990.6
2026-06-11 23:00:00,-56.2,8.8,0.0,50,193,42,973.8
2026-06-12 00:00:00,-50.6,7.1,0.0,61,345,81,972.6
2026-06-12 01:00:00,-51.1,9.1,0.0,9,117,76,970.9
2026-06-12 02:00:00,-52.5,12.5,0.0,24,125,47,989.6
2026-06-12 03:00:00,-56.1,8.8,0.0,10,295,68,969.2
2026-06-12 04:00:00,-53.4,12.6,0.0,3,58,70,965.5
2026-06-12 05:00:00,-50.0,18.6,0.0,0,79,77,976.4
2026-06-12 06:00:00,-48.8,15.8,0.0,91,166,70,985.7
2026-06-12 07:00:00,-51.9,15.4,0.0,19,273,60,992.3
2026-06-12 08:00:00,-50.8,15.4,0.0,30,243,73,978.9
2026-06-12 09:00:00,-50.3,13.8,0.0,2,39,73,984.7
2026-06-12 10:00:00,-50.4,12.6,0.0,20,20,57,983.6
2026-06-12 11:00:00,-51.0,7.9,0.0,7,139,51,987.6
2026-06-12 12:00:00,-51.3,13.4,0.0,30,20,87,975.0
2026-06-12 13:00:00,-49.1,22.4,0.0,61,83,62,973.9
2026-06-12 14:00:00,-52.2,14.2,0.0,17,59,73,977.3
2026-06-12 15:00:00,-55.3,14.2,0.0,26,7,48,980.3
2026-06-12 16:00:00,-57.6,19.2,0.0,5,224,62,977.4
2026-06-12 17:00:00,-48.4,15.4,0.0,5,93,62,991.4
2026-06-12 18:00:00,-51.1,10.0,0.0,42,198,69,991.0
2026-06-12 19:00:00,-49.7,7.4,0.0,66,187,75,969.9
2026-06-12 20:00:00,-47.6,16.8,0.0,29,292,49,976.6
2026-06-12 21:00:00,-55.0,8.5,0.0,46,269,83,980.5
2026-06-12 22:00:00,-55.6,9.8,0.0,50,153,70,968.3
2026-06-12 23:00:00,-51.8,15.1,0.0,82,255,53,996.1
2026-06-13 00:00:00,-50.5,9.3,0.0,49,174,73,964.0
2026-06-13 01:00:00,-48.9,7.0,0.0,79,139,63,974.6
2026-06-13 02:00:00,-49.8,5.0,0.0,48,106,73,981.7
2026-06-13 03:00:00,-50.3,9.3,0.0,29,66,55,967.5
2026-06-13 04:00:00,-53.1,12.7,0.0,44,177,62,965.8
2026-06-13 05:00:00,-51.9,17.1,0.0,74,37,45,981.0
2026-06-13 06:00:00,-47.0,8.8,0.0,13,269,40,978.3
2026-06-13 07:00:00,-52.7,8.0,0.0,59,189,45,978.5
2026-06-13 08:00:00,-55.2,8.0,0.0,27,57,52,980.0
2026-06-13 09:00:00,-50.7,16.3,0.0,56,136,57,990.1
2026-06-13 10:00:00,-53.6,12.0,0.0,99,333,69,978.9
2026-06-13 11:00:00,-54.4,6.3,0.0,98,241,87,992.2
2026-06-13 12:00:00,-52.1,6.8,0.0,78,236,89,987.3
2026-06-13 13:00:00,-56.1,14.7,0.0,69,260,59,992.4
2026-06-13 14:00:00,-52.1,16.9,0.0,67,291,57,959.9
2026-06-13 15:00:00,-50.8,13.5,0.0,79,9,74,993.9
2026-06-13 16:00:00,-48.3,8.9,0.0,42,230,45,995.0
2026-06-13 17:00:00,-56.1,14.4,0.0,56,112,82,962.1
2026-06-13 18:00:00,-53.2,20.5,0.0,64,300,48,979.9
2026-06-13 19:00:00,-47.3,12.8,0.0,67,215,54,982.6
2026-06-13 20:00:00,-50.8,12.5,0.0,64,314,64,986.9
2026-06-13 21:00:00,-55.3,5.4,0.0,41,90,76,964.7
2026-06-13 22:00:00,-48.0,23.2,0.0,81,267,88,979.9
2026-06-13 23:00:00,-50.1,1.2,0.0,41,116,88,983.5
2026-06-14 00:00:00,-55.7,15.6,0.0,11,334,84,985.6
2026-06-14 01:00:00,-49.2,10.5,0.0,22,287,44,978.5
2026-06-14 02:00:00,-50.8,9.5,0.0,45,73,51,976.6
2026-06-14 03:00:00,-49.0,11.3,0.0,82,110,81,989.5
2026-06-14 04:00:00,-53.5,23.2,0.0,26,169,72,991.9
2026-06-14 05:00:00,-48.2,6.8,0.0,56,204,88,982.4
2026-06-14 06:00:00,-50.4,11.6,0.0,2,291,89,997.1
2026-06-14 07:00:00,-55.1,13.1,0.0,61,188,74,988.6
2026-06-14 08:00:00,-51.7,14.4,0.0,34,282,87,979.9
2026-06-14 09:00:00,-53.1,8.3,0.0,6,235,46,954.1
2026-06-14 10:00:00,-55.8,11.3,0.0,16,17,71,967.1
2026-06-14 11:00:00,-50.9,10.2,0.0,9,38,46,987.8
2026-06-14 12:00:00,-54.1,12.4,0.0,91,225,60,980.2
2026-06-14 13:00:00,-51.4,6.9,0.0,42,187,74,971.6
2026-06-14 14:00:00,-51.1,23.2,0.0,100,49,46,986.5
2026-06-14 15:00:00,-47.0,13.3,0.0,71,236,78,973.1
2026-06-14 16:00:00,-50.3,0.0,0.0,11,250,71,968.6
2026-06-14 17:00:00,-53.2,19.1,0.0,47,284,68,1005.2
2026-06-14 18:00:00,-51.2,9.8,0.0,28,152,89,968.7
2026-06-14 19:00:00,-54.9,10.2,0.0,38,183,62,975.2
2026-06-14 20:00:00,-49.7,18.5,0.0,47,335,82,982.1
2026-06-14 21:00:00,-54.7,12.8,0.0,83,11,68,986.5
2026-06-14 22:00:00,-49.3,14.4,0.0,48,299,77,959.6
2026-06-14 23:00:00,-54.9,13.8,0.0,92,25,44,969.2
2026-06-15 00:00:00,-54.2,12.1,0.0,2,26,65,970.0
2026-06-15 01:00:00,-54.6,10.2,0.0,15,138,54,963.1
2026-06-15 02:00:00,-53.3,15.8,0.0,75,182,70,980.9
2026-06-15 03:00:00,-46.6,7.7,0.0,93,231,86,970.9
2026-06-15 04:00:00,-56.8,17.5,0.0,48,208,67,986.8
2026-06-15 05:00:00,-50.2,13.4,0.0,26,158,40,985.4
2026-06-15 06:00:00,-54.4,16.7,0.0,0,228,63,986.9
2026-06-15 07:00:00,-57.2,13.3,0.0,99,322,73,975.2
2026-06-15 08:00:00,-47.7,11.0,0.0,64,113,52,1000.6
2026-06-15 09:00:00,-52.0,9.0,0.0,39,354,66,983.2
2026-06-15 10:00:00,-47.5,7.6,0.0,79,21,85,986.2
2026-06-15 11:00:00,-48.4,11.9,0.0,43,147,72,983.7
2026-06-15 12:00:00,-51.1,13.9,0.0,62,173,75,981.3
2026-06-15 13:00:00,-52.7,20.8,0.0,47,181,85,984.2
2026-06-15 14:00:00,-56.9,12.3,0.0,65,323,60,975.5
2026-06-15 15:00:00,-52.3,6.2,0.0,56,265,63,981.6
2026-06-15 16:00:00,-49.8,9.7,0.0,42,197,46,979.2
2026-06-15 17:00:00,-55.0,11.9,0.0,25,329,56,990.8
2026-06-15 18:00:00,-51.8,13.1,0.0,29,260,69,976.4
2026-06-15 19:00:00,-49.2,8.4,0.0,52,276,58,969.3
2026-06-15 20:00:00,-53.5,1.8,0.0,49,291,73,972.7
2026-06-15 21:00:00,-56.9,9.0,0.0,97,151,58,974.8
2026-06-15 22:00:00,-54.1,13.1,0.0,50,72,52,961.8
2026-06-15 23:00:00,-51.1,10.7,0.0,84,359,45,984.2
2026-06-16 00:00:00,-56.8,13.6,0.0,69,121,72,1001.3
2026-06-16 01:00:00,-55.7,3.2,0.0,51,276,66,975.1
2026-06-16 02:00:00,-52.5,13.7,0.0,64,207,89,971.0
2026-06-16 03:00:00,-57.1,10.4,0.0,78,192,73,979.4
2026-06-16 04:00:00,-51.9,9.4,0.0,33,149,89,968.4
2026-06-16 05:00:00,-58.7,7.1,0.0,44,135,40,980.8
2026-06-16 06:00:00,-55.0,13.7,0.0,37,217,73,992.3
2026-06-16 07:00:00,-55.2,9.4,0.0,31,127,43,982.4
2026-06-16 08:00:00,-51.0,11.1,0.0,6,0,71,968.2
2026-06-16 09:00:00,-50.3,14.6,0.0,22,102,89,977.3
2026-06-16 10:00:00,-46.2,6.8,0.0,33,349,80,989.4
2026-06-16 11:00:00,-49.4,14.9,0.0,86,43,71,974.6
2026-06-16 12:00:00,-51.6,11.9,0.0,61,43,63,971.9
2026-06-16 13:00:00,-52.6,10.6,0.0,2,310,69,995.4
2026-06-16 14:00:00,-48.6,19.9,0.0,20,187,50,983.6
2026-06-16 15:00:00,-55.3,12.2,0.0,84,237,50,986.1
2026-06-16 16:00:00,-49.7,6.6,0.0,86,128,68,989.4
2026-06-16 17:00:00,-50.3,8.4,0.0,72,340,59,973.9
2026-06-16 18:00:00,-51.1,9.9,0.0,17,355,67,980.1
2026-06-16 19:00:00,-52.2,9.1,0.0,72,334,54,983.5
2026-06-16 20:00:00,-54.1,15.8,0.0,44,164,66,966.7
2026-06-16 21:00:00,-55.3,12.4,0.0,59,0,63,981.8
2026-06-16 22:00:00,-53.2,16.4,0.0,100,92,47,1000.2
2026-06-16 23:00:00,-54.4,16.7,0.0,51,351,84,987.9
2026-06-17 00:00:00,-53.5,19.3,0.0,76,302,58,981.4
2026-06-17 01:00:00,-53.9,9.4,0.0,80,76,41,963.7
2026-06-17 02:00:00,-50.7,3.1,0.0,34,127,82,976.1
2026-06-17 03:00:00,-50.9,14.0,0.0,74,352,75,986.9
2026-06-17 04:00:00,-54.7,15.0,0.0,36,315,70,963.4
2026-06-17 05:00:00,-45.6,15.4,0.0,33,305,57,988.0
2026-06-17 06:00:00,-50.1,2.0,0.0,8,342,64,973.9
2026-06-17 07:00:00,-52.1,11.4,0.0,98,212,71,987.0
2026-06-17 08:00:00,-52.3,15.3,0.0,19,186,82,971.6
2026-06-17 09:00:00,-55.1,11.9,0.0,63,93,53,993.2
2026-06-17 10:00:00,-51.9,7.1,0.0,82,233,66,990.7
2026-06-17 11:00:00,-52.7,12.3,0.0,21,344,51,976.3
2026-06-17 12:00:00,-54.3,14.4,0.0,4,340,68,975.2
2026-06-17 13:00:00,-50.3,5.5,0.0,78,303,56,978.9
2026-06-17 14:00:00,-47.6,6.2,0.0,14,107,83,985.9
2026-06-17 15:00:00,-55.1,19.8,0.0,77,246,57,977.1
2026-06-17 16:00:00,-56.5,17.1,0.0,30,158,41,982.7
2026-06-17 17:00:00,-53.0,19.5,0.0,77,105,47,977.1
2026-06-17 18:00:00,-48.6,9.3,0.0,19,119,87,979.0
2026-06-17 19:00:00,-52.9,15.5,0.0,71,178,72,976.6
2026-06-17 20:00:00,-53.0,4.0,0.0,84,283,70,970.6
2026-06-17 21:00:00,-55.7,5.6,0.0,58,14,75,967.1
2026-06-17 22:00:00,-54.0,22.7,0.0,97,316,72,975.8
2026-06-17 23:00:00,-50.7,13.1,0.0,46,102,42,980.6
2026-06-18 00:00:00,-56.5,12.2,0.0,14,129,49,993.7
2026-06-18 01:00:00,-52.2,13.7,0.0,25,296,89,985.9
2026-06-18 02:00:00,-50.8,6.9,0.0,91,103,84,978.1
2026-06-18 03:00:00,-54.2,11.5,0.0,35,113,67,975.0
2026-06-18 04:00:00,-53.3,11.7,0.0,70,210,85,979.0
2026-06-18 05:00:00,-55.3,18.4,0.0,5,213,72,989.1
2026-06-18 06:00:00,-55.2,12.4,0.0,16,178,66,984.0
2026-06-18 07:00:00,-52.1,11.0,0.0,100,140,40,976.0
2026-06-18 08:00:00,-52.8,16.4,0.0,12,61,49,965.9
2026-06-18 09:00:00,-51.4,14.9,0.0,91,184,73,973.8
2026-06-18 10:00:00,-52.7,14.4,0.0,43,26,84,977.0
2026-06-18 11:00:00,-56.7,7.2,0.0,54,287,66,994.3
2026-06-18 12:00:00,-49.7,10.2,0.0,17,13,70,975.7
2026-06-18 13:00:00,-51.7,15.0,0.0,35,334,85,964.2
2026-06-18 14:00:00,-53.1,12.9,0.0,95,191,57,990.1
2026-06-18 15:00:00,-51.5,15.2,0.0,34,221,62,961.2
2026-06-18 16:00:00,-49.6,8.8,0.0,93,71,59,985.1
2026-06-18 17:00:00,-55.1,14.5,0.0,60,181,48,991.1
2026-06-18 18:00:00,-49.7,9.9,0.0,23,300,78,965.1
2026-06-18 19:00:00,-52.0,16.3,0.0,35,144,51,967.6
2026-06-18 20:00:00,-55.9,4.0,0.0,17,74,88,976.9
2026-06-18 21:00:00,-59.1,13.2,0.0,2,155,86,989.0
2026-06-18 22:00:00,-46.6,17.2,0.0,76,6,75,974.8
2026-06-18 23:00:00,-46.3,13.4,0.0,90,146,47,989.4
2026-06-19 00:00:00,-48.4,18.7,0.0,40,129,63,989.4
2026-06-19 01:00:00,-54.9,12.6,0.0,48,278,52,987.7
2026-06-19 02:00:00,-50.7,16.1,0.0,19,151,67,981.3
2026-06-19 03:00:00,-49.8,12.7,0.0,66,217,40,983.4
2026-06-19 04:00:00,-52.4,11.4,0.0,65,60,67,980.2
2026-06-19 05:00:00,-46.6,15.6,0.0,2,56,84,969.6
2026-06-19 06:00:00,-52.8,18.4,0.0,19,307,75,963.4
2026-06-19 07:00:00,-48.5,17.5,0.0,7,24,82,988.9
2026-06-19 08:00:00,-53.7,12.0,0.0,80,90,75,967.3
2026-06-19 09:00:00,-53.6,13.6,0.0,48,281,82,975.4
2026-06-19 10:00:00,-48.3,11.2,0.0,80,330,44,984.8
2026-06-19 11:00:00,-47.0,26.6,0.0,56,215,67,981.0
2026-06-19 12:00:00,-53.9,10.7,0.0,6,157,86,977.8
2026-06-19 13:00:00,-57.9,11.1,0.0,90,155,71,977.6
2026-06-19 14:00:00,-54.9,8.0,0.0,33,292,45,982.5
2026-06-19 15:00:00,-51.9,8.5,0.0,97,215,81,963.4
2026-06-19 16:00:00,-53.8,11.5,0.0,42,262,69,983.6
2026-06-19 17:00:00,-59.8,8.4,0.0,54,83,79,975.0
2026-06-19 18:00:00,-54.1,1.0,0.0,18,168,64,969.0
2026-06-19 19:00:00,-44.5,9.6,0.0,58,249,86,977.7
2026-06-19 20:00:00,-52.5,13.5,0.0,49,276,43,968.6
2026-06-19 21:00:00,-47.2,18.1,0.0,4,168,41,981.9
2026-06-19 22:00:00,-52.6,5.1,0.0,56,4,62,962.4
2026-06-19 23:00:00,-60.1,4.0,0.0,60,125,69,980.2
2026-06-20 00:00:00,-57.7,0.0,0.0,18,216,71,985.7
2026-06-20 01:00:00,-48.6,3.3,0.0,44,6,50,971.2
2026-06-20 02:00:00,-50.3,13.6,0.0,31,255,57,966.1
2026-06-20 03:00:00,-54.5,15.8,0.0,85,303,63,976.6
2026-06-20 04:00:00,-52.6,18.9,0.0,37,312,71,985.9
2026-06-20 05:00:00,-51.2,8.5,0.0,58,203,85,979.8
2026-06-20 06:00:00,-54.8,9.2,0.0,86,44,48,995.6
2026-06-20 07:00:00,-55.0,18.0,0.0,18,39,69,977.5
2026-06-20 08:00:00,-48.3,8.8,0.0,22,95,81,978.8
2026-06-20 09:00:00,-49.4,8.2,0.0,76,1,43,991.6
2026-06-20 10:00:00,-52.2,17.3,0.0,65,299,44,961.7
2026-06-20 11:00:00,-51.6,15.0,0.0,34,214,59,965.5
2026-06-20 12:00:00,-53.2,12.2,0.0,37,104,77,981.2
2026-06-20 13:00:00,-50.8,13.4,0.0,35,155,83,979.6
2026-06-20 14:00:00,-52.0,12.1,0.0,83,295,71,986.1
2026-06-20 15:00:00,-48.7,5.6,0.0,42,343,56,969.5
2026-06-20 16:00:00,-48.3,10.5,0.0,18,169,86,993.8
2026-06-20 17:00:00,-53.0,5.1,0.0,21,5,60,976.8
2026-06-20 18:00:00,-54.7,13.4,0.0,4,75,67,971.8
2026-06-20 19:00:00,-48.9,12.8,0.0,27,122,57,977.3
2026-06-20 20:00:00,-53.5,14.1,0.0,45,214,64,972.8
2026-06-20 21:00:00,-52.5,13.4,0.0,55,306,82,985.5
2026-06-20 22:00:00,-54.2,10.9,0.0,45,64,80,992.2
2026-06-20 23:00:00,-58.2,12.5,0.0,31,330,50,1001.2
2026-06-21 00:00:00,-53.8,4.0,0.0,33,237,62,980.0
2026-06-21 01:00:00,-59.7,20.6,0.0,20,164,75,962.9
2026-06-21 02:00:00,-54.1,5.0,0.0,4,47,72,952.1
2026-06-21 03:00:00,-47.6,2.4,0.0,75,288,81,981.4
2026-06-21 04:00:00,-53.9,11.0,0.0,16,292,58,979.0
2026-06-21 05:00:00,-51.2,16.6,0.0,89,231,58,978.8
2026-06-21 06:00:00,-50.8,9.4,0.0,73,67,85,984.5
2026-06-21 07:00:00,-46.8,8.9,0.0,61,359,74,990.5
2026-06-21 08:00:00,-50.2,16.9,0.0,93,348,47,966.1
2026-06-21 09:00:00,-54.2,16.6,0.0,84,193,87,983.8
2026-06-21 10:00:00,-41.0,12.4,0.0,14,87,61,989.9
2026-06-21 11:00:00,-55.8,7.0,0.0,22,323,54,974.9
2026-06-21 12:00:00,-51.5,19.3,0.0,48,135,76,979.1
2026-06-21 13:00:00,-54.5,16.1,0.0,89,294,44,981.7
2026-06-21 14:00:00,-60.5,11.9,0.0,48,150,49,998.5
2026-06-21 15:00:00,-52.8,7.8,0.0,83,154,59,986.7
2026-06-21 16:00:00,-53.9,16.4,0.0,14,47,51,970.5
2026-06-21 17:00:00,-54.5,6.2,0.0,84,328,62,990.0
2026-06-21 18:00:00,-54.0,11.6,0.0,69,212,86,987.1
2026-06-21 19:00:00,-56.1,18.3,0.0,26,120,80,993.9
2026-06-21 20:00:00,-50.4,21.2,0.0,93,353,80,987.1
2026-06-21 21:00:00,-52.0,16.6,0.0,73,34,73,983.1
2026-06-21 22:00:00,-51.8,4.2,0.0,34,198,77,967.4
2026-06-21 23:00:00,-60.2,10.4,0.0,22,245,47,962.5
2026-06-22 00:00:00,-51.4,6.5,0.0,53,292,48,985.8
2026-06-22 01:00:00,-46.3,11.2,0.0,30,167,62,993.4
2026-06-22 02:00:00,-51.0,1.3,0.0,78,116,53,996.7
2026-06-22 03:00:00,-52.6,4.0,0.0,70,7,70,983.4
2026-06-22 04:00:00,-52.5,11.7,0.0,53,172,73,978.7
2026-06-22 05:00:00,-54.7,11.4,0.0,52,129,71,976.2
2026-06-22 06:00:00,-57.0,10.1,0.0,10,11,47,983.8
2026-06-22 07:00:00,-54.6,7.3,0.0,14,179,86,988.1
2026-06-22 08:00:00,-54.2,15.1,0.0,35,340,51,960.6
2026-06-22 09:00:00,-49.4,9.1,0.0,9,67,62,981.6
2026-06-22 10:00:00,-53.2,13.7,0.0,1,251,70,966.1
2026-06-22 11:00:00,-55.0,22.6,0.0,91,154,63,981.0
2026-06-22 12:00:00,-52.3,8.1,0.0,43,228,86,980.9
2026-06-22 13:00:00,-51.3,1.9,0.0,68,338,72,979.5
2026-06-22 14:00:00,-43.7,18.5,0.0,72,7,46,966.1
2026-06-22 15:00:00,-49.2,21.4,0.0,34,85,82,989.2
2026-06-22 16:00:00,-50.7,7.2,0.0,62,64,74,953.4
2026-06-22 17:00:00,-55.1,18.2,0.0,4,345,57,991.4
2026-06-22 18:00:00,-50.6,5.7,0.0,59,295,63,978.5
2026-06-22 19:00:00,-53.5,7.9,0.0,85,109,43,982.4
2026-06-22 20:00:00,-55.3,12.3,0.0,36,218,60,1002.2
2026-06-22 21:00:00,-48.7,7.5,0.0,85,93,51,986.0
2026-06-22 22:00:00,-54.1,8.9,0.0,88,210,67,985.0
2026-06-22 23:00:00,-51.8,9.9,0.0,13,298,45,984.6
2026-06-23 00:00:00,-54.2,8.4,0.0,9,129,70,979.4
2026-06-23 01:00:00,-54.8,10.1,0.0,13,134,76,994.0
2026-06-23 02:00:00,-52.0,10.0,0.0,49,17,61,966.0
2026-06-23 03:00:00,-52.1,14.7,0.0,86,146,45,993.8
2026-06-23 04:00:00,-48.5,10.3,0.0,0,86,47,994.5
2026-06-23 05:00:00,-50.6,14.7,0.0,96,278,83,958.8
2026-06-23 06:00:00,-51.2,17.3,0.0,59,316,60,990.7
2026-06-23 07:00:00,-49.6,12.9,0.0,75,13,84,981.5
2026-06-23 08:00:00,-53.8,9.6,0.0,42,186,68,975.6
2026-06-23 09:00:00,-53.5,24.1,0.0,58,168,67,985.3
2026-06-23 10:00:00,-52.2,8.4,0.0,16,299,60,986.1
2026-06-23 11:00:00,-50.0,12.8,0.0,37,295,84,980.0
2026-06-23 12:00:00,-52.1,17.7,0.0,16,34,51,987.0
2026-06-23 13:00:00,-56.1,12.2,0.0,46,240,74,971.7
2026-06-23 14:00:00,-56.5,15.2,0.0,16,75,84,981.3
2026-06-23 15:00:00,-55.2,16.8,0.0,48,278,63,986.3
2026-06-23 16:00:00,-58.8,18.0,0.0,44,222,40,987.0
2026-06-23 17:00:00,-51.4,17.6,0.0,30,153,40,992.3
2026-06-23 18:00:00,-51.4,17.9,0.0,29,306,46,983.4
2026-06-23 19:00:00,-51.4,16.1,0.0,64,119,80,984.8
2026-06-23 20:00:00,-55.3,15.1,0.0,48,274,59,967.8
2026-06-23 21:00:00,-49.8,13.6,0.0,13,341,79,963.6
2026-06-23 22:00:00,-49.1,20.2,0.0,78,30,80,999.8
2026-06-23 23:00:00,-46.8,5.9,0.0,2,72,73,959.8
2026-06-24 00:00:00,-55.8,18.1,0.0,51,124,75,970.5
2026-06-24 01:00:00,-52.5,20.2,0.0,9,285,76,983.4
2026-06-24 02:00:00,-51.7,19.2,0.0,4,323,87,992.8
2026-06-24 03:00:00,-50.2,10.1,0.0,47,132,70,984.0
2026-06-24 04:00:00,-55.9,0.0,0.0,18,221,84,992.1
2026-06-24 05:00:00,-56.3,11.2,0.0,3,273,73,974.7
2026-06-24 06:00:00,-52.4,16.6,0.0,34,247,88,968.6
2026-06-24 07:00:00,-57.9,23.0,0.0,30,92,88,981.5
2026-06-24 08:00:00,-52.4,19.6,0.0,19,79,40,981.7
2026-06-24 09:00:00,-55.8,9.1,0.0,7,148,85,963.2
2026-06-24 10:00:00,-52.0,10.3,0.0,11,237,79,972.0
2026-06-24 11:00:00,-58.1,14.6,0.0,70,198,76,976.3
2026-06-24 12:00:00,-51.8,14.2,0.0,39,260,57,993.7
2026-06-24 13:00:00,-56.3,12.8,0.0,41,335,72,985.4
2026-06-24 14:00:00,-53.2,7.8,0.0,5,232,59,971.9
2026-06-24 15:00:00,-55.3,1.3,0.0,100,276,59,977.4
2026-06-24 16:00:00,-54.3,6.2,0.0,83,242,59,975.7
2026-06-24 17:00:00,-49.0,9.9,0.0,25,181,54,967.6
2026-06-24 18:00:00,-46.6,5.9,0.0,98,141,60,976.0
2026-06-24 19:00:00,-52.8,16.0,0.0,98,264,55,978.0
2026-06-24 20:00:00,-55.2,7.6,0.0,43,330,51,989.0
2026-06-24 21:00:00,-52.0,8.0,0.0,13,289,48,993.2
2026-06-24 22:00:00,-53.1,13.0,0.0,15,284,54,979.5
2026-06-24 23:00:00,-54.1,13.3,0.0,18,164,75,939.9
2026-06-25 00:00:00,-55.0,12.2,0.0,14,126,86,992.3
2026-06-25 01:00:00,-58.7,8.9,0.0,93,6,82,985.6
2026-06-25 02:00:00,-58.8,5.0,0.0,73,171,69,985.9
2026-06-25 03:00:00,-54.4,14.2,0.0,68,108,87,962.3
2026-06-25 04:00:00,-48.5,17.8,0.0,28,159,43,971.2
2026-06-25 05:00:00,-52.1,12.8,0.0,63,286,81,988.6
2026-06-25 06:00:00,-55.7,12.3,0.0,11,312,63,960.3
2026-06-25 07:00:00,-48.9,8.0,0.0,56,262,69,990.0
2026-06-25 08:00:00,-55.4,19.9,0.0,67,341,50,976.7
2026-06-25 09:00:00,-57.7,15.7,0.0,92,104,42,978.2
2026-06-25 10:00:00,-49.2,10.4,0.0,3,264,85,968.3
2026-06-25 11:00:00,-52.7,18.4,0.0,35,30,73,972.2
2026-06-25 12:00:00,-54.8,9.4,0.0,6,185,48,996.0
2026-06-25 13:00:00,-52.9,12.8,0.0,63,159,57,984.9
2026-06-25 14:00:00,-55.8,10.6,0.0,75,292,72,971.0
2026-06-25 15:00:00,-56.8,18.3,0.0,65,155,89,982.6
2026-06-25 16:00:00,-49.2,6.7,0.0,78,196,48,974.7
2026-06-25 17:00:00,-49.6,15.8,0.0,52,309,66,1005.6
2026-06-25 18:00:00,-51.4,15.8,0.0,30,228,75,972.7
2026-06-25 19:00:00,-50.3,21.8,0.0,56,296,82,958.4
2026-06-25 20:00:00,-51.6,16.0,0.0,78,57,50,974.8
2026-06-25 21:00:00,-56.4,12.2,0.0,1,99,53,988.2
2026-06-25 22:00:00,-52.5,20.0,0.0,62,204,61,992.3
2026-06-25 23:00:00,-56.7,9.1,0.0,9,131,62,985.3
2026-06-26 00:00:00,-54.0,13.8,0.0,70,237,88,955.9
2026-06-26 01:00:00,-57.7,7.1,0.0,0,315,56,982.0
2026-06-26 02:00:00,-55.3,23.3,0.0,0,17,79,979.8
2026-06-26 03:00:00,-54.1,12.5,0.0,77,345,61,973.4
2026-06-26 04:00:00,-57.2,9.6,0.0,34,224,43,974.4
2026-06-26 05:00:00,-53.7,8.5,0.0,28,291,50,975.5
2026-06-26 06:00:00,-52.9,16.6,0.0,91,43,89,991.6
2026-06-26 07:00:00,-51.9,13.4,0.0,5,44,56,975.5
2026-06-26 08:00:00,-46.3,18.4,0.0,9,103,50,985.4
2026-06-26 09:00:00,-57.6,9.5,0.0,24,40,54,1004.1
2026-06-26 10:00:00,-52.5,20.3,0.0,47,312,42,982.6
2026-06-26 11:00:00,-54.7,7.1,0.0,21,71,70,963.8
2026-06-26 12:00:00,-56.4,9.2,0.0,14,326,46,974.7
2026-06-26 13:00:00,-55.2,26.7,0.0,39,51,78,994.9
2026-06-26 14:00:00,-54.5,22.6,0.0,93,86,84,993.2
2026-06-26 15:00:00,-56.4,17.0,0.0,92,71,43,979.2
2026-06-26 16:00:00,-54.7,8.3,0.0,48,3,72,988.1
2026-06-26 17:00:00,-56.4,5.9,0.0,35,197,49,991.6
2026-06-26 18:00:00,-51.7,11.4,0.0,31,337,46,964.6
2026-06-26 19:00:00,-56.9,14.4,0.0,31,301,80,978.8
2026-06-26 20:00:00,-55.4,16.8,0.0,13,72,59,977.5
2026-06-26 21:00:00,-52.9,15.2,0.0,99,219,46,982.3
2026-06-26 22:00:00,-52.6,15.2,0.0,21,130,49,992.1
2026-06-26 23:00:00,-52.3,13.1,0.0,63,77,60,988.5
2026-06-27 00:00:00,-53.6,13.7,0.0,30,126,50,978.9
2026-06-27 01:00:00,-53.7,7.2,0.0,79,154,68,973.2
2026-06-27 02:00:00,-51.2,15.1,0.0,42,307,75,966.9
2026-06-27 03:00:00,-55.8,8.6,0.0,45,277,53,985.5
2026-06-27 04:00:00,-56.0,10.2,0.0,30,68,45,973.1
2026-06-27 05:00:00,-51.2,20.5,0.0,69,46,50,972.1
2026-06-27 06:00:00,-50.9,9.4,0.0,19,201,52,977.8
2026-06-27 07:00:00,-57.6,17.0,0.0,53,103,47,985.3
2026-06-27 08:00:00,-53.7,18.8,0.0,22,215,58,979.7
2026-06-27 09:00:00,-55.1,12.4,0.0,38,191,68,980.0
2026-06-27 10:00:00,-55.6,19.7,0.0,1,345,58,971.5
2026-06-27 11:00:00,-55.7,7.5,0.0,1,125,55,977.9
2026-06-27 12:00:00,-56.3,13.8,0.0,48,172,51,992.8
2026-06-27 13:00:00,-58.6,15.2,0.0,100,294,75,980.0
2026-06-27 14:00:00,-56.2,15.0,0.0,56,78,45,978.8
2026-06-27 15:00:00,-59.9,7.4,0.0,42,79,78,980.3
2026-06-27 16:00:00,-55.6,12.1,0.0,6,243,42,990.7
2026-06-27 17:00:00,-53.0,4.8,0.0,26,128,78,984.2
2026-06-27 18:00:00,-55.4,16.2,0.0,52,204,73,994.6
2026-06-27 19:00:00,-56.5,12.6,0.0,79,335,56,986.2
2026-06-27 20:00:00,-48.6,17.9,0.0,78,328,66,961.7
2026-06-27 21:00:00,-52.2,6.5,0.0,45,162,87,994.3
2026-06-27 22:00:00,-53.8,6.4,0.0,41,158,46,989.1
2026-06-27 23:00:00,-52.2,3.2,0.0,68,264,43,987.5
2026-06-28 00:00:00,-53.2,12.8,0.0,25,123,71,968.7
2026-06-28 01:00:00,-55.8,15.8,0.0,14,25,44,986.9
2026-06-28 02:00:00,-54.4,9.0,0.0,20,61,70,994.4
2026-06-28 03:00:00,-53.1,9.1,0.0,33,245,44,987.7
2026-06-28 04:00:00,-50.8,12.0,0.0,70,16,62,977.3
2026-06-28 05:00:00,-57.4,18.4,0.0,43,168,45,973.5
2026-06-28 06:00:00,-52.0,2.2,0.0,76,60,80,992.4
2026-06-28 07:00:00,-54.3,8.3,0.0,68,174,79,990.6
2026-06-28 08:00:00,-55.7,9.4,0.0,59,300,69,975.1
2026-06-28 09:00:00,-57.1,5.3,0.0,1,200,44,965.4
2026-06-28 10:00:00,-52.5,18.0,0.0,77,300,74,980.6
2026-06-28 11:00:00,-57.8,9.4,0.0,44,159,71,973.7
2026-06-28 12:00:00,-57.5,13.4,0.0,38,286,84,983.6
2026-06-28 13:00:00,-50.3,8.8,0.0,77,12,40,990.4
2026-06-28 14:00:00,-51.7,14.7,0.0,83,105,67,976.7
2026-06-28 15:00:00,-51.2,13.8,0.0,83,277,85,972.0
2026-06-28 16:00:00,-51.1,20.4,0.0,6,265,78,982.3
2026-06-28 17:00:00,-52.0,9.8,0.0,10,323,71,972.6
2026-06-28 18:00:00,-53.5,21.1,0.0,99,335,46,984.5
2026-06-28 19:00:00,-52.7,9.8,0.0,93,220,85,988.6
2026-06-28 20:00:00,-60.4,20.1,0.0,82,252,64,973.4
2026-06-28 21:00:00,-54.7,7.5,0.0,9,132,59,998.9
2026-06-28 22:00:00,-48.6,16.4,0.0,0,251,55,968.6
2026-06-28 23:00:00,-53.8,17.7,0.0,99,77,87,970.1
2026-06-29 00:00:00,-53.5,7.4,0.0,87,276,58,981.0
2026-06-29 01:00:00,-48.5,20.5,0.0,14,279,46,968.1
2026-06-29 02:00:00,-47.9,20.2,0.0,16,31,47,961.6
2026-06-29 03:00:00,-53.3,5.8,0.0,45,27,78,985.3
2026-06-29 04:00:00,-57.0,10.3,0.0,69,341,48,974.1
2026-06-29 05:00:00,-60.8,13.5,0.0,32,150,69,964.9
2026-06-29 06:00:00,-54.8,12.1,0.0,86,219,51,983.7
2026-06-29 07:00:00,-54.5,13.4,0.0,13,149,89,968.7
2026-06-29 08:00:00,-45.9,15.5,0.0,41,188,87,976.3
2026-06-29 09:00:00,-49.3,6.4,0.0,41,103,79,981.2
2026-06-29 10:00:00,-53.2,10.4,0.0,11,185,55,972.1
2026-06-29 11:00:00,-53.2,11.2,0.0,7,73,73,1006.9
2026-06-29 12:00:00,-52.5,18.5,0.0,90,167,45,978.7
2026-06-29 13:00:00,-48.7,21.4,0.0,35,113,56,995.1
2026-06-29 14:00:00,-48.2,22.9,0.0,18,61,88,986.8
2026-06-29 15:00:00,-56.0,11.3,0.0,78,54,55,982.7
2026-06-29 16:00:00,-53.7,6.8,0.0,6,188,79,980.7
2026-06-29 17:00:00,-57.1,13.2,0.0,70,322,56,978.6
2026-06-29 18:00:00,-55.1,15.3,0.0,36,96,45,961.9
2026-06-29 19:00:00,-50.8,8.5,0.0,83,38,83,1013.3
2026-06-29 20:00:00,-57.1,6.8,0.0,1,63,46,987.1
2026-06-29 21:00:00,-50.1,19.7,0.0,1,60,56,972.5
2026-06-29 22:00:00,-50.2,11.7,0.0,15,216,67,983.0
2026-06-29 23:00:00,-54.7,9.6,0.0,60,124,43,979.1
2026-06-30 00:00:00,-51.9,3.7,0.0,38,25,40,971.5
2026-06-30 01:00:00,-55.5,10.7,0.0,95,235,82,970.6
2026-06-30 02:00:00,-54.6,8.8,0.0,30,166,56,984.3
2026-06-30 03:00:00,-49.5,6.6,0.0,100,249,74,998.7
2026-06-30 04:00:00,-51.4,7.7,0.0,19,7,87,973.4
2026-06-30 05:00:00,-49.4,10.7,0.0,36,55,54,982.0
2026-06-30 06:00:00,-56.5,14.1,0.0,83,213,47,969.8
2026-06-30 07:00:00,-54.0,10.8,0.0,61,159,76,979.3
2026-06-30 08:00:00,-52.6,7.0,0.0,19,198,53,978.2
2026-06-30 09:00:00,-55.2,12.9,0.0,75,326,40,978.3
2026-06-30 10:00:00,-55.2,17.6,0.0,97,354,85,982.3
2026-06-30 11:00:00,-53.5,13.7,0.0,11,219,40,966.2
2026-06-30 12:00:00,-52.5,0.6,0.0,92,134,52,996.5
2026-06-30 13:00:00,-51.3,19.8,0.0,38,118,50,981.0
2026-06-30 14:00:00,-56.3,8.0,0.0,76,223,77,997.3
2026-06-30 15:00:00,-56.7,11.9,0.0,1,104,80,969.6
2026-06-30 16:00:00,-58.9,14.2,0.0,17,3,45,982.0
2026-06-30 17:00:00,-53.2,14.3,0.0,2,284,65,1000.4
2026-06-30 18:00:00,-50.1,6.3,0.0,72,67,41,971.7
2026-06-30 19:00:00,-54.0,6.6,0.0,78,188,48,979.9
2026-06-30 20:00:00,-55.6,9.9,0.0,42,136,76,960.4
2026-06-30 21:00:00,-56.2,4.9,0.0,74,336,89,988.6
2026-06-30 22:00:00,-54.1,9.2,0.0,100,349,48,981.4
2026-06-30 23:00:00,-54.0,21.0,0.0,65,237,88,970.7
2026-07-01 00:00:00,-50.1,6.0,0.0,28,12,62,981.6
2026-07-01 01:00:00,-57.0,14.5,0.0,52,273,61,993.5
2026-07-01 02:00:00,-55.8,10.0,0.0,31,291,42,980.3
2026-07-01 03:00:00,-59.1,12.7,0.0,38,114,81,975.4
2026-07-01 04:00:00,-56.7,15.3,0.0,16,203,43,977.5
2026-07-01 05:00:00,-56.1,11.8,0.0,57,144,54,975.6
2026-07-01 06:00:00,-54.7,18.4,0.0,50,46,75,975.7
2026-07-01 07:00:00,-58.4,7.5,0.0,77,190,44,996.7
2026-07-01 08:00:00,-56.4,7.4,0.0,12,55,52,969.1
2026-07-01 09:00:00,-56.5,18.4,0.0,40,269,58,982.4
2026-07-01 10:00:00,-55.8,14.2,0.0,98,227,70,978.6
2026-07-01 11:00:00,-53.4,18.7,0.0,99,70,84,964.8
2026-07-01 12:00:00,-52.3,14.2,0.0,72,351,82,969.4
2026-07-01 13:00:00,-51.5,5.3,0.0,92,38,71,985.7
2026-07-01 14:00:00,-58.4,8.7,0.0,99,341,70,1000.3
2026-07-01 15:00:00,-52.0,7.4,0.0,48,206,70,986.0
2026-07-01 16:00:00,-56.8,13.9,0.0,49,331,76,1002.9
2026-07-01 17:00:00,-53.6,15.2,0.0,26,25,61,990.7
2026-07-01 18:00:00,-56.2,13.7,0.0,3,14,84,979.8
2026-07-01 19:00:00,-53.1,13.8,0.0,0,335,44,974.2
2026-07-01 20:00:00,-56.5,11.9,0.0,12,303,74,975.7
2026-07-01 21:00:00,-55.0,10.4,0.0,90,166,46,973.6
2026-07-01 22:00:00,-54.4,9.1,0.0,88,178,62,978.5
2026-07-01 23:00:00,-56.2,15.9,0.0,79,272,86,968.9
2026-07-02 00:00:00,-54.7,16.5,0.0,51,118,67,982.0
2026-07-02 01:00:00,-54.0,9.4,0.0,22,71,61,998.9
2026-07-02 02:00:00,-59.2,3.0,0.0,40,135,53,981.6
2026-07-02 03:00:00,-56.5,12.4,0.0,21,205,72,985.2
2026-07-02 04:00:00,-52.7,2.9,0.0,72,233,57,978.4
2026-07-02 05:00:00,-50.5,17.5,0.0,94,310,85,985.5
2026-07-02 06:00:00,-49.0,10.0,0.0,29,188,68,964.2
2026-07-02 07:00:00,-55.4,14.2,0.0,12,17,58,966.6
2026-07-02 08:00:00,-54.0,16.9,0.0,31,139,70,969.7
2026-07-02 09:00:00,-52.5,10.2,0.0,50,101,40,981.9
2026-07-02 10:00:00,-55.6,0.0,0.0,22,140,86,982.7
2026-07-02 11:00:00,-57.5,7.2,0.0,49,76,66,974.2
2026-07-02 12:00:00,-50.7,2.8,0.0,49,222,53,977.7
2026-07-02 13:00:00,-55.2,5.2,0.0,17,266,88,993.3
2026-07-02 14:00:00,-49.2,7.7,0.0,13,344,88,993.8
2026-07-02 15:00:00,-50.4,11.7,0.0,72,18,44,958.2
2026-07-02 16:00:00,-58.0,7.2,0.0,38,155,57,994.0
2026-07-02 17:00:00,-60.3,20.7,0.0,97,6,81,975.5
2026-07-02 18:00:00,-50.3,19.4,0.0,56,133,58,961.8
2026-07-02 19:00:00,-56.8,15.9,0.0,67,163,52,970.6
2026-07-02 20:00:00,-54.2,8.1,0.0,67,271,81,990.4
2026-07-02 21:00:00,-61.1,17.8,0.0,39,26,75,978.6
2026-07-02 22:00:00,-53.2,16.9,0.0,79,66,45,964.1
2026-07-02 23:00:00,-59.9,17.2,0.0,4,67,70,995.6
2026-07-03 00:00:00,-52.5,10.8,0.0,95,123,59,971.8
2026-07-03 01:00:00,-53.6,5.9,0.0,70,52,89,978.1
2026-07-03 02:00:00,-60.7,2.0,0.0,92,167,87,987.9
2026-07-03 03:00:00,-53.1,9.9,0.0,86,186,41,987.4
2026-07-03 04:00:00,-50.8,13.5,0.0,2,325,68,969.6
2026-07-03 05:00:00,-54.3,13.0,0.0,48,340,55,977.1
2026-07-03 06:00:00,-51.6,12.8,0.0,13,4,64,989.4
2026-07-03 07:00:00,-55.0,17.2,0.0,22,109,74,978.7
2026-07-03 08:00:00,-56.7,19.3,0.0,79,53,44,969.7
2026-07-03 09:00:00,-58.1,8.4,0.0,12,122,46,959.4
2026-07-03 10:00:00,-59.9,21.0,0.0,60,131,63,988.2
2026-07-03 11:00:00,-54.0,15.1,0.0,15,47,81,985.4
2026-07-03 12:00:00,-54.1,10.8,0.0,81,337,73,999.1
2026-07-03 13:00:00,-56.1,15.9,0.0,85,123,44,985.9
2026-07-03 14:00:00,-57.1,13.9,0.0,27,167,77,972.3
2026-07-03 15:00:00,-53.9,13.7,0.0,96,184,76,984.7
2026-07-03 16:00:00,-56.7,17.5,0.0,28,86,44,957.7
2026-07-03 17:00:00,-57.4,18.0,0.0,85,325,79,972.5
2026-07-03 18:00:00,-58.7,18.3,0.0,39,1,89,981.4
2026-07-03 19:00:00,-46.8,11.6,0.0,92,112,86,969.2
2026-07-03 20:00:00,-58.4,17.9,0.0,49,352,79,972.6
2026-07-03 21:00:00,-57.4,10.2,0.0,28,319,79,986.5
2026-07-03 22:00:00,-56.6,15.6,0.0,68,145,49,992.4
2026-07-03 23:00:00,-57.2,10.5,0.0,92,179,73,970.8
2026-07-04 00:00:00,-55.5,10.6,0.0,90,303,64,983.1
2026-07-04 01:00:00,-62.1,17.5,0.0,70,163,80,990.3
2026-07-04 02:00:00,-53.5,10.4,0.0,40,174,88,989.7
2026-07-04 03:00:00,-46.2,11.5,0.0,80,219,51,973.2
2026-07-04 04:00:00,-50.7,16.4,0.0,58,183,54,989.1
2026-07-04 05:00:00,-58.2,9.5,0.0,78,207,81,982.3
2026-07-04 06:00:00,-53.7,11.7,0.0,66,344,71,983.6
2026-07-04 07:00:00,-50.7,9.8,0.0,36,257,46,970.7
2026-07-04 08:00:00,-49.4,0.1,0.0,46,102,61,1008.4
2026-07-04 09:00:00,-54.7,20.3,0.0,22,112,88,965.8
2026-07-04 10:00:00,-52.3,18.6,0.0,28,275,47,988.7
2026-07-04 11:00:00,-51.7,23.9,0.0,79,59,57,982.0
2026-07-04 12:00:00,-56.3,5.5,0.0,100,252,87,976.7
2026-07-04 13:00:00,-51.5,5.5,0.0,54,7,85,973.7
2026-07-04 14:00:00,-57.3,18.5,0.0,97,349,85,990.2
2026-07-04 15:00:00,-56.2,6.3,0.0,27,141,67,972.8
2026-07-04 16:00:00,-53.9,5.2,0.0,83,218,60,987.0
2026-07-04 17:00:00,-58.2,10.6,0.0,32,176,47,999.0
2026-07-04 18:00:00,-54.7,17.1,0.0,17,40,65,966.8
2026-07-04 19:00:00,-59.6,8.4,0.0,53,298,80,986.9
2026-07-04 20:00:00,-54.2,11.5,0.0,28,296,82,966.7
2026-07-04 21:00:00,-56.4,5.6,0.0,4,35,48,970.0
2026-07-04 22:00:00,-60.1,14.6,0.0,82,210,62,980.1
2026-07-04 23:00:00,-53.1,12.2,0.0,0,169,84,998.0
2026-07-05 00:00:00,-58.4,10.1,0.0,91,284,70,985.8
2026-07-05 01:00:00,-50.4,14.9,0.0,33,225,40,982.7
2026-07-05 02:00:00,-55.0,12.2,0.0,2,275,63,979.5
2026-07-05 03:00:00,-54.6,7.3,0.0,27,201,48,982.6
2026-07-05 04:00:00,-58.8,12.4,0.0,36,302,56,971.0
2026-07-05 05:00:00,-54.9,6.7,0.0,64,330,68,981.8
2026-07-05 06:00:00,-49.1,17.5,0.0,97,187,85,982.7
2026-07-05 07:00:00,-58.4,13.4,0.0,34,321,70,971.8
2026-07-05 08:00:00,-62.2,18.9,0.0,84,259,61,981.4
2026-07-05 09:00:00,-51.9,7.8,0.0,15,242,82,976.6
2026-07-05 10:00:00,-51.9,10.8,0.0,88,140,82,986.0
2026-07-05 11:00:00,-53.6,15.1,0.0,81,143,87,982.9
2026-07-05 12:00:00,-54.8,14.8,0.0,81,251,78,1001.6
2026-07-05 13:00:00,-49.6,14.0,0.0,80,192,53,968.1
2026-07-05 14:00:00,-49.8,12.9,0.0,75,274,72,998.2
2026-07-05 15:00:00,-56.2,11.8,0.0,60,204,46,988.0
2026-07-05 16:00:00,-57.2,16.7,0.0,91,0,77,977.5
2026-07-05 17:00:00,-57.7,14.4,0.0,72,113,63,985.5
2026-07-05 18:00:00,-60.8,4.2,0.0,32,212,52,987.8
2026-07-05 19:00:00,-51.5,11.9,0.0,89,229,57,1013.1
2026-07-05 20:00:00,-58.3,13.6,0.0,22,44,51,981.5
2026-07-05 21:00:00,-51.2,11.3,0.0,84,146,74,974.8
2026-07-05 22:00:00,-53.1,17.7,0.0,92,175,58,974.9
2026-07-05 23:00:00,-53.7,9.7,0.0,34,217,40,982.2
2026-07-06 00:00:00,-54.9,17.3,0.0,3,235,63,978.0
2026-07-06 01:00:00,-53.4,11.4,0.0,38,3,78,995.1
2026-07-06 02:00:00,-54.4,7.3,0.0,61,77,75,971.6
2026-07-06 03:00:00,-52.2,1.4,0.0,7,300,41,990.1
2026-07-06 04:00:00,-58.2,12.7,0.0,23,62,68,999.0
2026-07-06 05:00:00,-55.8,8.3,0.0,34,59,89,983.4
2026-07-06 06:00:00,-53.7,14.3,0.0,36,155,62,977.4
2026-07-06 07:00:00,-50.0,10.8,0.0,26,67,75,980.5
2026-07-06 08:00:00,-53.1,6.2,0.0,90,94,81,988.6
2026-07-06 09:00:00,-54.9,8.1,0.0,14,289,86,972.9
2026-07-06 10:00:00,-56.9,20.9,0.0,15,250,69,978.8
2026-07-06 11:00:00,-56.1,18.8,0.0,81,37,40,968.4
2026-07-06 12:00:00,-57.1,18.0,0.0,41,84,78,981.4
2026-07-06 13:00:00,-57.4,13.8,0.0,64,174,46,979.0
2026-07-06 14:00:00,-49.0,21.6,0.0,35,45,43,968.4
2026-07-06 15:00:00,-58.9,16.9,0.0,72,109,75,982.3
2026-07-06 16:00:00,-56.8,13.1,0.0,29,258,65,999.0
2026-07-06 17:00:00,-51.4,18.6,0.0,28,229,63,997.1
2026-07-06 18:00:00,-54.9,5.1,0.0,16,212,69,994.9
2026-07-06 19:00:00,-55.7,4.1,0.0,32,282,57,974.9
2026-07-06 20:00:00,-56.5,11.0,0.0,35,356,45,976.2
2026-07-06 21:00:00,-50.8,23.9,0.0,58,195,69,968.0
2026-07-06 22:00:00,-56.2,15.3,0.0,14,6,44,978.9
2026-07-06 23:00:00,-51.4,12.0,0.0,76,188,76,981.7
2026-07-07 00:00:00,-61.2,8.1,0.0,33,162,67,983.4
2026-07-07 01:00:00,-56.1,12.7,0.0,85,223,83,966.9
2026-07-07 02:00:00,-56.5,18.4,0.0,80,331,54,982.3
2026-07-07 03:00:00,-54.6,11.2,0.0,53,193,85,977.8
2026-07-07 04:00:00,-57.0,14.8,0.0,91,34,85,977.5
2026-07-07 05:00:00,-54.1,11.4,0.0,77,229,53,969.1
2026-07-07 06:00:00,-54.3,12.9,0.0,41,126,61,981.3
2026-07-07 07:00:00,-54.8,9.8,0.0,100,108,57,992.6
2026-07-07 08:00:00,-54.1,9.5,0.0,84,335,49,990.4
2026-07-07 09:00:00,-56.6,16.2,0.0,28,168,76,962.0
2026-07-07 10:00:00,-62.1,3.4,0.0,89,146,75,974.1
2026-07-07 11:00:00,-56.9,12.1,0.0,19,275,85,961.7
2026-07-07 12:00:00,-55.3,5.5,0.0,4,31,61,969.2
2026-07-07 13:00:00,-56.7,8.2,0.0,37,103,66,986.5
2026-07-07 14:00:00,-52.8,18.2,0.0,53,113,41,975.3
2026-07-07 15:00:00,-55.8,11.2,0.0,92,150,87,1006.7
2026-07-07 16:00:00,-55.6,11.4,0.0,78,154,43,1002.7
2026-07-07 17:00:00,-54.3,9.3,0.0,33,23,55,963.4
2026-07-07 18:00:00,-55.3,12.8,0.0,84,106,55,975.6
2026-07-07 19:00:00,-50.7,5.9,0.0,7,212,78,973.9
2026-07-07 20:00:00,-51.0,11.8,0.0,96,81,83,985.2
2026-07-07 21:00:00,-59.8,4.2,0.0,55,107,48,989.3
2026-07-07 22:00:00,-52.9,16.0,0.0,95,117,40,988.2
2026-07-07 23:00:00,-53.9,11.8,0.0,80,271,73,980.9
2026-07-08 00:00:00,-51.3,8.4,0.0,19,183,79,988.5
2026-07-08 01:00:00,-54.8,7.4,0.0,57,228,78,959.2
2026-07-08 02:00:00,-57.3,15.8,0.0,88,338,64,999.5
2026-07-08 03:00:00,-56.1,14.7,0.0,91,318,55,977.5
2026-07-08 04:00:00,-54.5,12.5,0.0,37,247,53,983.9
2026-07-08 05:00:00,-57.8,4.6,0.0,73,165,86,969.0
2026-07-08 06:00:00,-58.9,14.3,0.0,46,208,63,991.4
2026-07-08 07:00:00,-58.2,7.0,0.0,4,91,40,985.1
2026-07-08 08:00:00,-59.5,15.0,0.0,64,123,41,987.0
2026-07-08 09:00:00,-56.9,2.3,0.0,81,218,40,973.1
2026-07-08 10:00:00,-61.6,13.1,0.0,7,131,88,988.1
2026-07-08 11:00:00,-51.8,12.8,0.0,63,70,88,968.4
2026-07-08 12:00:00,-56.3,10.5,0.0,30,8,78,988.4
2026-07-08 13:00:00,-58.0,19.6,0.0,16,133,49,982.0
2026-07-08 14:00:00,-55.9,17.7,0.0,41,324,67,970.0
2026-07-08 15:00:00,-56.6,10.0,0.0,50,94,79,986.1
2026-07-08 16:00:00,-62.1,8.9,0.0,31,37,84,984.2
2026-07-08 17:00:00,-57.3,9.0,0.0,20,332,85,1005.8
2026-07-08 18:00:00,-54.0,13.7,0.0,35,302,49,975.5
2026-07-08 19:00:00,-52.6,10.6,0.0,17,255,58,973.0
2026-07-08 20:00:00,-51.6,17.1,0.0,34,1,82,980.0
2026-07-08 21:00:00,-50.9,10.3,0.0,12,53,49,966.0
2026-07-08 22:00:00,-61.4,15.0,0.0,24,351,59,983.4
2026-07-08 23:00:00,-55.9,10.6,0.0,36,135,40,972.4
2026-07-09 00:00:00,-57.6,6.1,0.0,20,191,74,989.7
2026-07-09 01:00:00,-54.8,17.6,0.0,66,166,50,972.7
2026-07-09 02:00:00,-55.8,1.3,0.0,52,336,46,964.2
2026-07-09 03:00:00,-57.3,16.5,0.0,22,253,46,967.8
2026-07-09 04:00:00,-57.1,13.1,0.0,94,255,48,965.2
2026-07-09 05:00:00,-50.4,6.7,0.0,70,135,72,975.5
2026-07-09 06:00:00,-57.2,11.2,0.0,31,197,41,984.6
2026-07-09 07:00:00,-54.8,13.4,0.0,70,129,66,991.5
2026-07-09 08:00:00,-53.0,4.5,0.0,30,130,60,977.8
2026-07-09 09:00:00,-50.8,13.2,0.0,58,129,72,972.8
2026-07-09 10:00:00,-58.6,13.3,0.0,84,70,60,977.9
2026-07-09 11:00:00,-51.8,9.6,0.0,92,348,58,966.5
2026-07-09 12:00:00,-60.4,17.2,0.0,10,331,43,978.1
2026-07-09 13:00:00,-60.7,8.9,0.0,61,114,44,984.2
2026-07-09 14:00:00,-60.9,10.9,0.0,6,13,72,968.2
2026-07-09 15:00:00,-51.3,15.8,0.0,61,167,52,981.3
2026-07-09 16:00:00,-59.2,24.7,0.0,65,135,66,990.8
2026-07-09 17:00:00,-60.9,6.7,0.0,51,124,73,976.9
2026-07-09 18:00:00,-54.6,1.1,0.0,50,317,47,985.2
2026-07-09 19:00:00,-46.8,12.6,0.0,12,127,88,971.2
2026-07-09 20:00:00,-50.5,9.5,0.0,86,144,62,984.5
2026-07-09 21:00:00,-53.1,18.5,0.0,8,321,85,989.6
2026-07-09 22:00:00,-59.3,17.3,0.0,79,239,45,972.6
2026-07-09 23:00:00,-52.8,7.1,0.0,29,101,64,975.4
2026-07-10 00:00:00,-56.7,10.3,0.0,39,163,60,982.2
2026-07-10 01:00:00,-54.2,7.4,0.0,65,248,81,982.2
2026-07-10 02:00:00,-56.0,13.8,0.0,15,208,80,973.7
2026-07-10 03:00:00,-51.1,11.1,0.0,19,33,55,989.7
2026-07-10 04:00:00,-55.9,3.1,0.0,42,82,76,983.2
2026-07-10 05:00:00,-55.2,19.5,0.0,38,80,51,978.6
2026-07-10 06:00:00,-62.0,18.6,0.0,57,195,77,977.5
2026-07-10 07:00:00,-58.4,7.5,0.0,45,86,66,982.8
2026-07-10 08:00:00,-46.7,13.0,0.0,76,166,68,988.6
2026-07-10 09:00:00,-54.7,5.0,0.0,35,152,42,982.0
2026-07-10 10:00:00,-53.5,12.7,0.0,58,324,77,979.3
2026-07-10 11:00:00,-53.2,11.2,0.0,92,284,61,966.4
2026-07-10 12:00:00,-56.1,14.4,0.0,66,209,46,973.4
2026-07-10 13:00:00,-51.7,7.8,0.0,13,221,43,990.6
2026-07-10 14:00:00,-50.2,19.0,0.0,5,252,64,992.7
2026-07-10 15:00:00,-64.3,12.1,0.0,43,172,44,972.1
2026-07-10 16:00:00,-51.7,18.1,0.0,94,341,56,975.2
2026-07-10 17:00:00,-53.7,13.9,0.0,77,323,77,976.7
2026-07-10 18:00:00,-55.5,8.7,0.0,100,44,59,997.6
2026-07-10 19:00:00,-58.0,11.9,0.0,93,201,51,973.6
2026-07-10 20:00:00,-54.8,12.2,0.0,69,197,47,980.7
2026-07-10 21:00:00,-59.4,19.7,0.0,42,95,62,986.1
2026-07-10 22:00:00,-56.2,13.9,0.0,55,97,53,991.9
2026-07-10 23:00:00,-57.6,14.0,0.0,40,194,50,1013.5
2026-07-11 00:00:00,-56.9,10.9,0.0,54,154,40,987.3
2026-07-11 01:00:00,-63.7,19.8,0.0,99,313,46,973.4
2026-07-11 02:00:00,-51.9,17.6,0.0,77,241,86,968.2
2026-07-11 03:00:00,-56.9,10.7,0.0,38,60,84,981.1
2026-07-11 04:00:00,-51.7,13.1,0.0,27,149,73,977.2
2026-07-11 05:00:00,-55.7,12.6,0.0,56,249,53,1003.0
2026-07-11 06:00:00,-53.8,13.1,0.0,10,155,85,972.8
2026-07-11 07:00:00,-58.5,3.8,0.0,4,69,60,968.3
2026-07-11 08:00:00,-54.8,11.8,0.0,31,27,80,983.8
2026-07-11 09:00:00,-55.0,13.6,0.0,0,15,71,976.5
2026-07-11 10:00:00,-51.9,10.6,0.0,64,192,55,971.1
2026-07-11 11:00:00,-60.4,21.9,0.0,71,331,50,962.5
2026-07-11 12:00:00,-55.3,11.6,0.0,31,98,40,977.2
2026-07-11 13:00:00,-55.0,9.6,0.0,46,248,51,983.5
2026-07-11 14:00:00,-48.3,8.0,0.0,100,199,51,970.4
2026-07-11 15:00:00,-56.6,4.2,0.0,16,56,88,990.0
2026-07-11 16:00:00,-58.9,15.4,0.0,37,329,60,978.1
2026-07-11 17:00:00,-53.9,19.9,0.0,24,47,88,981.3
2026-07-11 18:00:00,-52.7,6.4,0.0,33,8,82,993.5
2026-07-11 19:00:00,-51.9,0.0,0.0,86,254,46,971.3
2026-07-11 20:00:00,-46.4,0.0,0.0,35,236,69,970.4
2026-07-11 21:00:00,-55.9,11.5,0.0,60,199,80,994.5
2026-07-11 22:00:00,-57.0,7.8,0.0,63,293,88,976.9
2026-07-11 23:00:00,-58.1,6.3,0.0,46,45,50,968.5
2026-07-12 00:00:00,-53.3,2.6,0.0,6,51,81,964.0
2026-07-12 01:00:00,-54.1,28.7,0.0,97,207,80,997.7
2026-07-12 02:00:00,-55.0,19.8,0.0,20,8,89,978.8
2026-07-12 03:00:00,-54.1,13.7,0.0,12,11,47,987.2
2026-07-12 04:00:00,-58.0,10.1,0.0,72,115,71,980.0
2026-07-12 05:00:00,-55.0,8.4,0.0,50,13,85,979.8
2026-07-12 06:00:00,-53.2,8.6,0.0,84,30,66,970.8
2026-07-12 07:00:00,-53.7,17.8,0.0,2,156,41,980.3
2026-07-12 08:00:00,-58.2,12.6,0.0,0,182,68,984.3
2026-07-12 09:00:00,-57.5,6.6,0.0,94,68,68,999.3
2026-07-12 10:00:00,-56.3,16.7,0.0,3,39,74,989.5
2026-07-12 11:00:00,-50.7,10.1,0.0,23,77,63,987.9
2026-07-12 12:00:00,-57.6,9.6,0.0,84,11,43,962.5
2026-07-12 13:00:00,-56.8,10.3,0.0,98,204,86,989.3
2026-07-12 14:00:00,-58.9,19.6,0.0,82,66,53,995.1
2026-07-12 15:00:00,-46.6,8.0,0.0,69,38,75,985.2
2026-07-12 16:00:00,-55.1,11.3,0.0,57,69,73,977.1
2026-07-12 17:00:00,-55.5,8.9,0.0,48,247,41,982.3
2026-07-12 18:00:00,-54.5,14.5,0.0,88,242,85,994.3
2026-07-12 19:00:00,-54.8,14.8,0.0,15,155,53,975.5
2026-07-12 20:00:00,-53.7,19.1,0.0,20,17,50,983.2
2026-07-12 21:00:00,-58.0,8.7,0.0,7,318,78,971.8
2026-07-12 22:00:00,-56.3,10.5,0.0,38,282,89,988.2
2026-07-12 23:00:00,-57.0,11.3,0.0,79,109,71,977.7
2026-07-13 00:00:00,-54.3,14.7,0.0,42,61,71,986.1
2026-07-13 01:00:00,-55.4,15.6,0.0,84,324,79,972.4
2026-07-13 02:00:00,-54.3,11.8,0.0,52,39,47,978.7
2026-07-13 03:00:00,-54.3,13.2,0.0,52,31,51,964.0
2026-07-13 04:00:00,-54.1,12.8,0.0,18,329,54,992.3
2026-07-13 05:00:00,-58.1,7.5,0.0,33,223,83,981.9
2026-07-13 06:00:00,-61.4,9.5,0.0,10,212,84,996.7
2026-07-13 07:00:00,-55.1,12.6,0.0,87,25,45,984.3
2026-07-13 08:00:00,-53.8,11.6,0.0,78,51,86,988.9
2026-07-13 09:00:00,-53.8,10.2,0.0,95,206,75,961.5
2026-07-13 10:00:00,-52.9,12.4,0.0,35,80,42,964.5
2026-07-13 11:00:00,-50.9,2.7,0.0,87,354,83,976.5
2026-07-13 12:00:00,-63.2,16.8,0.0,7,229,48,968.6
2026-07-13 13:00:00,-56.8,3.9,0.0,85,294,63,981.4
2026-07-13 14:00:00,-53.0,2.3,0.0,95,4,50,966.2
2026-07-13 15:00:00,-63.8,7.0,0.0,32,201,82,978.1
2026-07-13 16:00:00,-55.2,13.6,0.0,89,141,43,997.2
2026-07-13 17:00:00,-53.1,21.0,0.0,75,298,45,976.9
2026-07-13 18:00:00,-58.7,11.4,0.0,63,216,74,987.7
2026-07-13 19:00:00,-55.1,10.9,0.0,55,130,71,969.5
2026-07-13 20:00:00,-54.4,14.5,0.0,68,72,70,974.2
2026-07-13 21:00:00,-56.3,7.0,0.0,37,322,52,969.8
2026-07-13 22:00:00,-58.2,12.2,0.0,2,71,45,991.2
2026-07-13 23:00:00,-52.9,13.8,0.0,65,311,67,974.5
2026-07-14 00:00:00,-56.7,7.3,0.0,81,24,89,979.3
2026-07-14 01:00:00,-54.1,15.9,0.0,76,194,67,976.6
2026-07-14 02:00:00,-53.6,3.9,0.0,70,62,59,976.8
2026-07-14 03:00:00,-53.6,9.0,0.0,25,345,80,969.8
2026-07-14 04:00:00,-53.7,17.0,0.0,87,268,66,988.4
2026-07-14 05:00:00,-57.0,11.2,0.0,62,258,60,983.9
2026-07-14 06:00:00,-55.0,9.5,0.0,92,197,78,991.2
2026-07-14 07:00:00,-54.4,16.7,0.0,47,116,45,961.4
2026-07-14 08:00:00,-57.3,7.9,0.0,17,70,83,966.6
2026-07-14 09:00:00,-53.2,14.1,0.0,73,85,58,991.9
2026-07-14 10:00:00,-60.0,10.4,0.0,75,115,73,988.8
2026-07-14 11:00:00,-54.8,9.5,0.0,14,238,51,979.8
2026-07-14 12:00:00,-53.6,10.7,0.0,31,231,83,990.1
2026-07-14 13:00:00,-49.5,2.7,0.0,55,180,44,972.2
2026-07-14 14:00:00,-49.4,14.7,0.0,74,256,88,989.2
2026-07-14 15:00:00,-52.4,17.0,0.0,51,349,63,971.5
2026-07-14 16:00:00,-50.4,6.3,0.0,99,39,65,981.9
2026-07-14 17:00:00,-55.3,6.1,0.0,26,345,80,970.9
2026-07-14 18:00:00,-54.2,16.8,0.0,46,232,55,989.7
2026-07-14 19:00:00,-50.3,8.1,0.0,6,317,77,1000.7
2026-07-14 20:00:00,-58.0,10.5,0.0,15,288,64,976.3
2026-07-14 21:00:00,-54.5,8.7,0.0,80,154,75,987.4
2026-07-14 22:00:00,-52.0,14.1,0.0,95,303,51,976.1
2026-07-14 23:00:00,-50.1,7.6,0.0,95,75,80,979.0
2026-07-15 00:00:00,-56.1,13.3,0.0,38,31,65,995.0
2026-07-15 01:00:00,-58.2,10.6,0.0,24,54,84,977.6
2026-07-15 02:00:00,-50.7,9.9,0.0,52,94,62,968.0
2026-07-15 03:00:00,-50.3,9.9,0.0,70,348,46,986.4
2026-07-15 04:00:00,-54.6,8.7,0.0,19,137,74,985.8
2026-07-15 05:00:00,-58.3,11.1,0.0,5,205,72,992.0
2026-07-15 06:00:00,-58.7,18.4,0.0,77,327,81,995.1
2026-07-15 07:00:00,-50.8,9.9,0.0,20,330,47,982.8
2026-07-15 08:00:00,-56.8,9.5,0.0,82,185,41,979.2
2026-07-15 09:00:00,-52.6,19.1,0.0,52,188,52,969.1
2026-07-15 10:00:00,-57.6,12.6,0.0,55,296,73,967.6
2026-07-15 11:00:00,-57.8,12.5,0.0,98,114,52,985.8
2026-07-15 12:00:00,-56.3,21.5,0.0,42,311,66,986.1
2026-07-15 13:00:00,-55.8,19.8,0.0,15,133,57,983.6
2026-07-15 14:00:00,-55.8,8.9,0.0,90,197,82,973.1
2026-07-15 15:00:00,-49.8,7.1,0.0,86,100,79,973.2
2026-07-15 16:00:00,-53.4,14.6,0.0,30,122,62,970.8
2026-07-15 17:00:00,-55.1,8.9,0.0,45,200,54,979.5
2026-07-15 18:00:00,-51.6,14.3,0.0,45,282,49,994.3
2026-07-15 19:00:00,-55.4,12.5,0.0,54,75,55,976.1
2026-07-15 20:00:00,-57.7,2.6,0.0,89,72,74,991.2
2026-07-15 21:00:00,-57.5,8.5,0.0,26,332,76,980.7
2026-07-15 22:00:00,-54.7,12.8,0.0,65,140,46,988.9
2026-07-15 23:00:00,-55.2,16.7,0.0,30,257,80,969.9
2026-07-16 00:00:00,-58.9,12.9,0.0,16,129,72,977.7
2026-07-16 01:00:00,-52.3,7.0,0.0,32,210,46,998.5
2026-07-16 02:00:00,-56.8,15.4,0.0,24,307,70,975.8
2026-07-16 03:00:00,-54.7,11.8,0.0,4,99,66,970.5
2026-07-16 04:00:00,-55.3,9.0,0.0,73,87,73,969.1
2026-07-16 05:00:00,-54.4,13.3,0.0,90,198,83,982.3
2026-07-16 06:00:00,-54.2,0.0,0.0,34,157,83,976.2
2026-07-16 07:00:00,-53.0,21.8,0.0,65,44,73,975.2
2026-07-16 08:00:00,-53.1,18.7,0.0,17,22,89,971.3
2026-07-16 09:00:00,-51.6,20.2,0.0,2,143,79,983.2
2026-07-16 10:00:00,-65.4,4.6,0.0,46,150,40,972.2
2026-07-16 11:00:00,-50.8,12.7,0.0,92,210,53,966.1
2026-07-16 12:00:00,-53.2,18.7,0.0,32,128,89,964.2
2026-07-16 13:00:00,-52.9,11.2,0.0,6,179,52,977.5
2026-07-16 14:00:00,-56.2,13.1,0.0,99,272,50,971.9
2026-07-16 15:00:00,-53.3,10.2,0.0,72,327,70,970.0
2026-07-16 16:00:00,-58.4,9.2,0.0,38,199,80,980.5
2026-07-16 17:00:00,-54.5,8.0,0.0,19,283,43,978.2
2026-07-16 18:00:00,-60.1,16.9,0.0,41,179,73,966.3
2026-07-16 19:00:00,-57.0,9.5,0.0,21,124,71,976.2
2026-07-16 20:00:00,-49.8,4.7,0.0,96,91,54,987.8
2026-07-16 21:00:00,-51.9,12.7,0.0,79,251,46,971.9
2026-07-16 22:00:00,-52.8,9.6,0.0,56,43,82,969.5
2026-07-16 23:00:00,-51.2,9.4,0.0,41,234,69,975.6
2026-07-17 00:00:00,-60.3,5.1,0.0,67,140,77,974.3
2026-07-17 01:00:00,-51.6,12.7,0.0,71,219,88,980.2
2026-07-17 02:00:00,-56.8,5.0,0.0,10,127,69,969.2
2026-07-17 03:00:00,-55.7,17.9,0.0,95,32,74,981.1
2026-07-17 04:00:00,-59.2,3.8,0.0,8,232,43,983.1
2026-07-17 05:00:00,-55.9,11.7,0.0,56,174,48,970.5
2026-07-17 06:00:00,-51.2,9.8,0.0,5,5,76,985.3
2026-07-17 07:00:00,-55.0,19.0,0.0,38,297,61,978.4
2026-07-17 08:00:00,-55.4,11.3,0.0,18,42,60,977.1
2026-07-17 09:00:00,-56.1,3.4,0.0,42,115,49,963.0
2026-07-17 10:00:00,-50.9,2.2,0.0,20,316,63,981.8
2026-07-17 11:00:00,-55.3,17.6,0.0,81,159,44,987.5
2026-07-17 12:00:00,-55.7,12.4,0.0,67,167,51,973.6
2026-07-17 13:00:00,-55.6,5.5,0.0,99,201,59,978.0
2026-07-17 14:00:00,-59.5,10.9,0.0,87,247,81,967.9
2026-07-17 15:00:00,-54.0,8.1,0.0,24,237,69,991.7
2026-07-17 16:00:00,-53.1,15.2,0.0,43,88,73,984.0
2026-07-17 17:00:00,-54.2,10.1,0.0,0,171,70,974.1
2026-07-17 18:00:00,-47.6,15.0,0.0,58,91,47,962.5
2026-07-17 19:00:00,-50.5,21.6,0.0,39,167,75,984.0
2026-07-17 20:00:00,-56.6,3.1,0.0,12,157,49,965.1
2026-07-17 21:00:00,-55.0,5.4,0.0,27,60,52,981.8
2026-07-17 22:00:00,-56.0,10.5,0.0,80,26,82,968.2
2026-07-17 23:00:00,-57.8,15.6,0.0,97,159,51,970.5
2026-07-18 00:00:00,-58.3,12.3,0.0,55,16,48,969.8
2026-07-18 01:00:00,-54.3,10.0,0.0,66,41,66,980.5
2026-07-18 02:00:00,-57.9,15.8,0.0,34,175,55,973.7
2026-07-18 03:00:00,-50.7,4.7,0.0,12,160,81,994.5
2026-07-18 04:00:00,-53.7,17.6,0.0,69,322,89,982.8
2026-07-18 05:00:00,-59.2,0.1,0.0,78,211,61,977.4
2026-07-18 06:00:00,-54.8,12.2,0.0,60,71,63,985.1
2026-07-18 07:00:00,-58.6,11.1,0.0,8,95,87,969.9
2026-07-18 08:00:00,-54.7,8.8,0.0,88,13,76,986.0
2026-07-18 09:00:00,-60.1,13.5,0.0,75,234,77,983.3
2026-07-18 10:00:00,-52.3,15.4,0.0,67,345,41,1001.8
2026-07-18 11:00:00,-59.3,12.0,0.0,69,48,53,975.0
2026-07-18 12:00:00,-58.4,8.4,0.0,57,241,46,1005.7
2026-07-18 13:00:00,-57.4,19.5,0.0,62,237,84,984.2
2026-07-18 14:00:00,-54.5,7.3,0.0,76,1,56,971.5
2026-07-18 15:00:00,-57.3,8.1,0.0,28,275,83,988.5
2026-07-18 16:00:00,-51.2,8.5,0.0,3,178,80,967.7
2026-07-18 17:00:00,-55.1,10.6,0.0,61,18,45,982.7
2026-07-18 18:00:00,-57.7,17.0,0.0,15,79,64,981.9
2026-07-18 19:00:00,-59.2,9.7,0.0,77,211,68,981.2
2026-07-18 20:00:00,-54.0,8.2,0.0,88,170,47,975.9
2026-07-18 21:00:00,-53.0,11.6,0.0,11,167,59,983.5
2026-07-18 22:00:00,-58.4,10.4,0.0,93,286,44,1000.4
2026-07-18 23:00:00,-52.1,7.5,0.0,61,208,52,986.6
2026-07-19 00:00:00,-56.3,14.6,0.0,61,166,51,976.6
2026-07-19 01:00:00,-51.1,15.1,0.0,31,109,88,981.5
2026-07-19 02:00:00,-50.6,12.2,0.0,86,233,79,973.8
2026-07-19 03:00:00,-50.3,17.0,0.0,9,15,43,986.9
2026-07-19 04:00:00,-63.2,18.5,0.0,54,51,60,968.3
2026-07-19 05:00:00,-51.8,8.3,0.0,0,314,81,978.0
2026-07-19 06:00:00,-54.1,7.0,0.0,5,127,80,970.4
2026-07-19 07:00:00,-55.3,13.2,0.0,58,39,70,987.6
2026-07-19 08:00:00,-53.1,9.0,0.0,75,5,64,1000.4
2026-07-19 09:00:00,-58.3,13.6,0.0,58,187,87,979.2
2026-07-19 10:00:00,-54.2,15.5,0.0,38,349,89,967.9
2026-07-19 11:00:00,-60.8,13.3,0.0,53,308,69,973.1
2026-07-19 12:00:00,-53.9,15.8,0.0,80,77,43,982.4
2026-07-19 13:00:00,-57.2,15.1,0.0,10,69,70,989.8
2026-07-19 14:00:00,-56.0,14.5,0.0,60,145,67,980.2
2026-07-19 15:00:00,-59.6,10.1,0.0,15,63,74,982.7
2026-07-19 16:00:00,-58.0,14.2,0.0,92,292,88,977.8
2026-07-19 17:00:00,-52.5,9.3,0.0,34,215,73,985.9
2026-07-19 18:00:00,-57.9,11.0,0.0,39,174,80,976.7
2026-07-19 19:00:00,-57.1,15.2,0.0,90,203,44,980.0
2026-07-19 20:00:00,-53.9,11.0,0.0,98,147,48,989.3
2026-07-19 21:00:00,-54.4,19.0,0.0,39,157,44,977.6
2026-07-19 22:00:00,-52.4,11.5,0.0,87,283,83,979.7
2026-07-19 23:00:00,-50.8,8.9,0.0,11,142,51,973.7
2026-07-20 00:00:00,-51.8,5.0,0.0,83,194,57,996.6
2026-07-20 01:00:00,-49.5,7.2,0.0,78,50,86,984.4
2026-07-20 02:00:00,-54.2,18.9,0.0,87,188,49,978.5
2026-07-20 03:00:00,-59.8,13.7,0.0,88,233,51,977.5
2026-07-20 04:00:00,-62.7,14.3,0.0,10,159,70,973.5
2026-07-20 05:00:00,-56.2,11.8,0.0,5,219,77,970.7
2026-07-20 06:00:00,-52.3,7.4,0.0,87,160,70,988.3
2026-07-20 07:00:00,-55.4,15.9,0.0,31,255,71,980.9
2026-07-20 08:00:00,-54.7,8.9,0.0,18,67,49,969.5
2026-07-20 09:00:00,-52.5,18.6,0.0,20,107,83,978.0
2026-07-20 10:00:00,-57.3,11.3,0.0,83,88,51,998.3
2026-07-20 11:00:00,-55.3,12.1,0.0,54,29,65,977.8
2026-07-20 12:00:00,-59.1,19.8,0.0,51,277,68,960.7
2026-07-20 13:00:00,-52.9,10.7,0.0,71,194,81,982.7
2026-07-20 14:00:00,-56.9,8.1,0.0,33,10,73,986.4
2026-07-20 15:00:00,-58.3,18.4,0.0,61,249,55,996.7
2026-07-20 16:00:00,-54.7,18.7,0.0,76,235,61,964.5
2026-07-20 17:00:00,-53.7,12.2,0.0,49,343,45,997.5
2026-07-20 18:00:00,-54.9,8.3,0.0,63,314,69,983.1
2026-07-20 19:00:00,-57.0,18.3,0.0,9,317,85,972.6
2026-07-20 20:00:00,-57.3,15.3,0.0,27,306,73,975.2
2026-07-20 21:00:00,-57.6,4.1,0.0,97,320,66,972.8
2026-07-20 22:00:00,-52.4,17.2,0.0,76,208,89,985.7
2026-07-20 23:00:00,-55.4,24.6,0.0,43,237,58,986.9
2026-07-21 00:00:00,-56.3,6.3,0.0,89,37,80,977.1
2026-07-21 01:00:00,-53.8,11.6,0.0,40,187,74,992.9
2026-07-21 02:00:00,-52.0,11.8,0.0,78,145,63,988.0
2026-07-21 03:00:00,-52.9,11.2,0.0,36,105,88,975.8
2026-07-21 04:00:00,-54.6,15.0,0.0,39,1,73,972.3
2026-07-21 05:00:00,-49.8,8.6,0.0,83,173,42,978.1
2026-07-21 06:00:00,-57.2,23.0,0.0,92,253,42,971.9
2026-07-21 07:00:00,-51.5,17.9,0.0,67,150,40,979.3
2026-07-21 08:00:00,-55.1,7.0,0.0,17,62,82,989.0
2026-07-21 09:00:00,-49.3,17.5,0.0,65,331,41,976.3
2026-07-21 10:00:00,-56.4,17.0,0.0,10,140,72,995.2
2026-07-21 11:00:00,-56.4,24.9,0.0,13,206,43,980.1
2026-07-21 12:00:00,-50.4,10.3,0.0,60,244,70,976.8
2026-07-21 13:00:00,-51.9,14.9,0.0,24,334,52,983.5
2026-07-21 14:00:00,-55.0,2.6,0.0,32,235,87,987.0
2026-07-21 15:00:00,-58.2,4.5,0.0,64,292,75,976.8
2026-07-21 16:00:00,-54.0,9.1,0.0,96,212,80,988.6
2026-07-21 17:00:00,-56.4,14.4,0.0,19,137,84,981.4
2026-07-21 18:00:00,-58.8,0.8,0.0,45,152,82,969.0
2026-07-21 19:00:00,-56.2,9.9,0.0,70,180,45,965.9
2026-07-21 20:00:00,-53.3,0.0,0.0,62,180,79,970.9
2026-07-21 21:00:00,-56.0,11.3,0.0,43,320,63,964.9
2026-07-21 22:00:00,-54.0,16.7,0.0,87,80,81,991.6
2026-07-21 23:00:00,-54.1,9.9,0.0,14,316,53,992.7
2026-07-22 00:00:00,-53.9,17.6,0.0,33,341,58,984.5
2026-07-22 01:00:00,-54.8,9.0,0.0,54,210,79,968.1
2026-07-22 02:00:00,-51.5,19.0,0.0,78,177,43,973.0
2026-07-22 03:00:00,-51.0,4.8,0.0,78,219,46,975.0
2026-07-22 04:00:00,-58.5,5.8,0.0,62,242,76,995.8
2026-07-22 05:00:00,-54.1,14.6,0.0,66,337,41,977.5
2026-07-22 06:00:00,-54.8,10.9,0.0,2,270,50,997.2
2026-07-22 07:00:00,-57.3,15.4,0.0,7,81,64,977.6
2026-07-22 08:00:00,-57.9,5.6,0.0,40,128,87,988.2
2026-07-22 09:00:00,-61.5,8.5,0.0,75,114,82,959.0
2026-07-22 10:00:00,-56.3,8.4,0.0,42,144,69,983.3
2026-07-22 11:00:00,-56.9,6.4,0.0,14,83,45,979.1
2026-07-22 12:00:00,-55.3,5.8,0.0,57,207,87,980.5
2026-07-22 13:00:00,-59.0,13.8,0.0,71,78,58,969.9
2026-07-22 14:00:00,-55.3,19.8,0.0,44,322,43,979.1
2026-07-22 15:00:00,-53.7,10.5,0.0,5,69,57,964.0
2026-07-22 16:00:00,-54.8,18.1,0.0,37,211,72,978.0
2026-07-22 17:00:00,-52.4,13.6,0.0,44,168,88,971.5
2026-07-22 18:00:00,-51.4,11.8,0.0,72,286,88,973.9
2026-07-22 19:00:00,-51.6,3.8,0.0,17,95,65,978.5
2026-07-22 20:00:00,-55.9,7.5,0.0,64,117,48,991.5
2026-07-22 21:00:00,-58.0,10.7,0.0,24,6,57,958.4
2026-07-22 22:00:00,-53.8,10.9,0.0,84,125,47,973.5
2026-07-22 23:00:00,-54.1,7.2,0.0,64,87,57,988.3
2026-07-23 00:00:00,-52.2,10.0,0.0,44,291,61,987.4
2026-07-23 01:00:00,-54.1,11.2,0.0,27,103,52,989.2
2026-07-23 02:00:00,-50.3,4.9,0.0,70,226,44,976.1
2026-07-23 03:00:00,-53.4,15.8,0.0,52,233,47,974.9
2026-07-23 04:00:00,-55.7,12.7,0.0,22,225,40,963.2
2026-07-23 05:00:00,-54.7,16.5,0.0,16,329,84,984.6
2026-07-23 06:00:00,-60.6,12.8,0.0,20,194,74,980.5
2026-07-23 07:00:00,-60.1,7.1,0.0,76,6,45,974.9
2026-07-23 08:00:00,-53.6,21.5,0.0,9,165,76,981.2
2026-07-23 09:00:00,-56.3,5.4,0.0,27,210,51,974.8
2026-07-23 10:00:00,-48.5,6.9,0.0,22,211,82,974.8
2026-07-23 11:00:00,-54.5,3.7,0.0,38,308,63,969.5
2026-07-23 12:00:00,-52.6,12.8,0.0,34,208,63,974.1
2026-07-23 13:00:00,-53.0,9.4,0.0,2,173,84,964.9
2026-07-23 14:00:00,-53.7,18.7,0.0,31,156,88,991.2
2026-07-23 15:00:00,-52.8,15.2,0.0,81,128,51,1000.4
2026-07-23 16:00:00,-51.8,23.6,0.0,4,1,52,981.7
2026-07-23 17:00:00,-50.5,2.3,0.0,96,297,65,1001.5
2026-07-23 18:00:00,-52.0,16.6,0.0,14,137,42,973.4
2026-07-23 19:00:00,-51.9,16.9,0.0,79,152,85,982.1
2026-07-23 20:00:00,-51.6,12.7,0.0,84,17,73,985.0
2026-07-23 21:00:00,-54.6,14.5,0.0,68,312,52,971.6
2026-07-23 22:00:00,-58.6,8.8,0.0,9,85,46,984.6
2026-07-23 23:00:00,-55.0,18.4,0.0,12,163,55,987.7
2026-07-24 00:00:00,-56.0,6.1,0.0,91,168,79,979.2
2026-07-24 01:00:00,-53.4,18.0,0.0,56,0,55,988.4
2026-07-24 02:00:00,-59.1,6.7,0.0,19,50,60,979.2
2026-07-24 03:00:00,-54.4,3.8,0.0,47,101,47,979.1
2026-07-24 04:00:00,-51.7,10.2,0.0,70,65,60,986.5
2026-07-24 05:00:00,-54.2,14.0,0.0,10,65,54,973.5
2026-07-24 06:00:00,-56.1,2.3,0.0,88,219,73,992.7
2026-07-24 07:00:00,-57.4,5.0,0.0,39,353,61,982.2
2026-07-24 08:00:00,-52.4,15.6,0.0,3,221,48,991.7
2026-07-24 09:00:00,-58.1,20.0,0.0,37,15,60,980.6
2026-07-24 10:00:00,-53.3,3.8,0.0,7,348,74,988.0
2026-07-24 11:00:00,-54.7,16.1,0.0,11,298,77,980.0
2026-07-24 12:00:00,-58.3,5.3,0.0,69,331,61,979.6
2026-07-24 13:00:00,-51.9,16.0,0.0,14,270,60,984.3
2026-07-24 14:00:00,-55.2,19.7,0.0,85,191,79,976.4
2026-07-24 15:00:00,-52.4,14.2,0.0,52,209,78,966.7
2026-07-24 16:00:00,-61.0,7.9,0.0,30,293,70,975.9
2026-07-24 17:00:00,-51.7,10.8,0.0,97,16,66,978.9
2026-07-24 18:00:00,-51.8,9.4,0.0,97,315,44,985.8
2026-07-24 19:00:00,-50.7,19.8,0.0,96,353,80,994.3
2026-07-24 20:00:00,-61.1,12.3,0.0,17,142,85,972.1
2026-07-24 21:00:00,-55.2,14.1,0.0,82,143,74,1002.6
2026-07-24 22:00:00,-55.0,12.3,0.0,37,187,88,980.2
2026-07-24 23:00:00,-55.5,14.9,0.0,64,72,57,971.0
2026-07-25 00:00:00,-54.4,6.0,0.0,38,221,88,969.5
2026-07-25 01:00:00,-53.2,6.1,0.0,35,327,56,971.7
2026-07-25 02:00:00,-53.9,11.7,0.0,71,187,70,958.0
2026-07-25 03:00:00,-52.2,7.1,0.0,75,146,73,985.1
2026-07-25 04:00:00,-56.5,23.7,0.0,97,108,68,978.4
2026-07-25 05:00:00,-50.3,6.7,0.0,33,20,58,991.4
2026-07-25 06:00:00,-60.0,12.9,0.0,59,103,41,986.5
2026-07-25 07:00:00,-57.6,2.7,0.0,19,286,40,979.8
2026-07-25 08:00:00,-50.8,1.3,0.0,68,230,47,955.1
2026-07-25 09:00:00,-50.5,11.3,0.0,99,243,81,953.2
2026-07-25 10:00:00,-59.1,8.4,0.0,1,134,82,986.1
2026-07-25 11:00:00,-58.8,1.6,0.0,4,156,50,978.3
2026-07-25 12:00:00,-56.6,5.1,0.0,60,251,55,978.2
2026-07-25 13:00:00,-54.2,14.3,0.0,21,101,61,980.3
2026-07-25 14:00:00,-54.0,10.9,0.0,1,128,89,980.4
2026-07-25 15:00:00,-54.8,4.5,0.0,30,78,61,981.7
2026-07-25 16:00:00,-49.4,5.7,0.0,88,293,67,982.7
2026-07-25 17:00:00,-52.1,7.9,0.0,7,219,59,973.3
2026-07-25 18:00:00,-49.5,11.1,0.0,2,56,48,970.0
2026-07-25 19:00:00,-58.1,10.6,0.0,68,346,70,979.5
2026-07-25 20:00:00,-49.7,11.6,0.0,35,4,56,970.6
2026-07-25 21:00:00,-59.4,21.2,0.0,13,113,75,971.9
2026-07-25 22:00:00,-62.0,4.9,0.0,88,266,56,978.2
2026-07-25 23:00:00,-53.2,10.3,0.0,10,54,68,989.9
2026-07-26 00:00:00,-57.6,18.3,0.0,88,150,44,969.9
2026-07-26 01:00:00,-51.8,17.3,0.0,85,115,64,997.7
2026-07-26 02:00:00,-59.1,13.4,0.0,34,106,49,972.6
2026-07-26 03:00:00,-54.3,19.5,0.0,79,84,81,980.4
2026-07-26 04:00:00,-51.2,12.4,0.0,50,91,88,954.5
2026-07-26 05:00:00,-58.2,14.1,0.0,41,278,43,978.7
2026-07-26 06:00:00,-58.4,12.0,0.0,13,113,50,970.6
2026-07-26 07:00:00,-51.3,16.7,0.0,62,179,68,990.0
2026-07-26 08:00:00,-54.5,11.9,0.0,14,34,89,974.6
2026-07-26 09:00:00,-53.2,9.0,0.0,0,79,84,972.7
2026-07-26 10:00:00,-52.6,4.2,0.0,74,171,51,978.5
2026-07-26 11:00:00,-52.8,11.5,0.0,69,18,75,987.4
2026-07-26 12:00:00,-51.8,1.0,0.0,70,195,50,968.1
2026-07-26 13:00:00,-54.9,13.4,0.0,70,82,71,976.5
2026-07-26 14:00:00,-55.0,10.9,0.0,6,27,67,976.5
2026-07-26 15:00:00,-53.6,7.4,0.0,100,97,45,978.1
2026-07-26 16:00:00,-54.3,17.9,0.0,13,96,54,982.7
2026-07-26 17:00:00,-53.9,16.8,0.0,34,202,77,988.8
2026-07-26 18:00:00,-53.9,0.9,0.0,58,25,51,980.2
2026-07-26 19:00:00,-52.7,17.4,0.0,68,103,47,970.9
2026-07-26 20:00:00,-52.5,9.4,0.0,51,61,68,984.4
2026-07-26 21:00:00,-56.2,14.9,0.0,11,13,46,990.1
2026-07-26 22:00:00,-51.6,5.3,0.0,96,25,84,984.5
2026-07-26 23:00:00,-55.3,9.7,0.0,50,64,71,971.7
2026-07-27 00:00:00,-52.5,12.7,0.0,15,121,52,966.7
2026-07-27 01:00:00,-56.1,16.0,0.0,50,43,60,998.7
2026-07-27 02:00:00,-57.9,18.4,0.0,85,269,85,982.3
2026-07-27 03:00:00,-58.5,15.4,0.0,89,97,82,975.0
2026-07-27 04:00:00,-55.6,9.9,0.0,12,145,77,982.2
2026-07-27 05:00:00,-57.1,16.8,0.0,31,21,40,986.8
2026-07-27 06:00:00,-53.6,15.3,0.0,92,88,79,977.3
2026-07-27 07:00:00,-58.7,20.2,0.0,16,173,47,959.5
2026-07-27 08:00:00,-57.7,13.1,0.0,82,154,86,978.9
2026-07-27 09:00:00,-56.5,10.4,0.0,5,161,48,989.4
2026-07-27 10:00:00,-56.3,16.2,0.0,95,252,85,977.0
2026-07-27 11:00:00,-53.5,10.9,0.0,0,250,76,990.3
2026-07-27 12:00:00,-54.3,14.2,0.0,98,118,86,963.7
2026-07-27 13:00:00,-51.9,13.1,0.0,59,128,50,987.7
2026-07-27 14:00:00,-58.2,23.9,0.0,58,324,84,978.1
2026-07-27 15:00:00,-56.5,10.2,0.0,91,319,48,977.6
2026-07-27 16:00:00,-58.6,15.1,0.0,65,200,65,993.8
2026-07-27 17:00:00,-50.6,6.5,0.0,35,142,40,970.1
2026-07-27 18:00:00,-56.0,19.0,0.0,75,262,55,973.4
2026-07-27 19:00:00,-47.8,8.0,0.0,95,118,46,972.4
2026-07-27 20:00:00,-59.3,22.3,0.0,89,36,83,992.0
2026-07-27 21:00:00,-53.9,29.5,0.0,3,66,85,987.4
2026-07-27 22:00:00,-56.1,10.0,0.0,42,293,63,971.6
2026-07-27 23:00:00,-54.7,7.7,0.0,75,307,41,991.9
2026-07-28 00:00:00,-56.0,16.3,0.0,14,262,71,979.5
2026-07-28 01:00:00,-56.2,11.1,0.0,81,155,60,985.7
2026-07-28 02:00:00,-53.1,14.6,0.0,46,306,40,982.7
2026-07-28 03:00:00,-58.4,19.6,0.0,72,287,55,974.6
2026-07-28 04:00:00,-56.8,0.9,0.0,62,8,47,985.2
2026-07-28 05:00:00,-58.6,9.3,0.0,50,93,48,983.9
2026-07-28 06:00:00,-55.6,10.8,0.0,93,58,89,985.7
2026-07-28 07:00:00,-53.9,16.1,0.0,58,307,70,977.5
2026-07-28 08:00:00,-53.6,19.9,0.0,12,155,46,995.1
2026-07-28 09:00:00,-54.1,6.9,0.0,36,65,89,970.6
2026-07-28 10:00:00,-55.5,10.1,0.0,18,300,43,981.3
2026-07-28 11:00:00,-56.4,10.7,0.0,36,193,78,980.1
2026-07-28 12:00:00,-50.1,13.8,0.0,61,357,84,977.3
2026-07-28 13:00:00,-58.1,13.0,0.0,93,125,42,981.6
2026-07-28 14:00:00,-59.9,2.5,0.0,59,237,72,982.3
2026-07-28 15:00:00,-50.0,16.7,0.0,92,79,67,980.8
2026-07-28 16:00:00,-54.7,9.5,0.0,89,344,58,977.6
2026-07-28 17:00:00,-55.1,13.7,0.0,97,244,75,977.0
2026-07-28 18:00:00,-52.7,14.1,0.0,99,231,57,996.3
2026-07-28 19:00:00,-53.3,15.7,0.0,88,184,44,982.2
2026-07-28 20:00:00,-53.8,4.2,0.0,22,76,64,977.4
2026-07-28 21:00:00,-58.3,16.8,0.0,42,115,63,994.1
2026-07-28 22:00:00,-56.6,12.9,0.0,46,258,54,991.9
2026-07-28 23:00:00,-53.7,6.6,0.0,40,301,65,988.4
2026-07-29 00:00:00,-55.5,17.5,0.0,84,325,56,983.4
2026-07-29 01:00:00,-53.5,23.1,0.0,100,139,50,985.5
2026-07-29 02:00:00,-52.1,24.4,0.0,15,342,87,980.1
2026-07-29 03:00:00,-58.8,9.6,0.0,55,180,87,976.6
2026-07-29 04:00:00,-54.0,16.2,0.0,52,12,57,978.9
2026-07-29 05:00:00,-54.8,3.3,0.0,39,279,43,991.0
2026-07-29 06:00:00,-54.6,23.6,0.0,98,115,52,972.3
2026-07-29 07:00:00,-57.4,5.5,0.0,2,184,53,967.7
2026-07-29 08:00:00,-56.1,3.3,0.0,9,336,70,983.2
2026-07-29 09:00:00,-51.9,11.2,0.0,40,252,61,964.5
2026-07-29 10:00:00,-58.8,10.0,0.0,43,205,66,957.2
2026-07-29 11:00:00,-56.6,6.9,0.0,24,124,66,979.1
2026-07-29 12:00:00,-58.2,12.3,0.0,57,23,61,981.6
2026-07-29 13:00:00,-50.5,9.0,0.0,57,223,69,987.5
2026-07-29 14:00:00,-56.8,11.4,0.0,18,73,48,967.9
2026-07-29 15:00:00,-54.4,14.1,0.0,3,261,73,986.5
2026-07-29 16:00:00,-54.1,17.5,0.0,79,8,53,979.9
2026-07-29 17:00:00,-50.8,8.1,0.0,53,262,71,987.3
2026-07-29 18:00:00,-55.5,13.6,0.0,21,245,63,966.8
2026-07-29 19:00:00,-57.2,8.0,0.0,69,242,52,982.7
2026-07-29 20:00:00,-52.5,9.9,0.0,26,326,60,966.7
2026-07-29 21:00:00,-53.9,14.3,0.0,29,156,54,950.3
2026-07-29 22:00:00,-52.1,11.9,0.0,24,290,63,989.4
2026-07-29 23:00:00,-49.6,15.1,0.0,56,351,45,1001.8
2026-07-30 00:00:00,-57.4,16.5,0.0,70,216,78,970.5
2026-07-30 01:00:00,-58.7,15.0,0.0,1,355,46,978.3
2026-07-30 02:00:00,-53.6,20.6,0.0,70,206,73,959.4
2026-07-30 03:00:00,-60.1,14.7,0.0,51,242,49,982.8
2026-07-30 04:00:00,-55.9,7.2,0.0,51,242,50,987.1
2026-07-30 05:00:00,-52.0,13.4,0.0,39,191,86,977.1
2026-07-30 06:00:00,-53.7,15.6,0.0,50,185,40,979.4
2026-07-30 07:00:00,-51.5,14.7,0.0,92,280,70,969.2
2026-07-30 08:00:00,-54.8,12.5,0.0,57,330,63,984.4
2026-07-30 09:00:00,-54.3,9.7,0.0,54,179,75,983.4
2026-07-30 10:00:00,-53.1,9.3,0.0,21,239,46,980.5
2026-07-30 11:00:00,-54.0,14.6,0.0,7,90,80,987.6
2026-07-30 12:00:00,-52.7,14.4,0.0,69,340,87,953.0
2026-07-30 13:00:00,-52.3,10.1,0.0,73,82,49,979.4
2026-07-30 14:00:00,-55.9,10.3,0.0,99,123,41,991.0
2026-07-30 15:00:00,-50.2,15.5,0.0,64,155,43,982.3
2026-07-30 16:00:00,-55.5,12.2,0.0,59,62,52,972.2
2026-07-30 17:00:00,-50.1,8.8,0.0,95,241,88,980.7
2026-07-30 18:00:00,-48.2,16.7,0.0,9,15,74,1004.1
2026-07-30 19:00:00,-60.6,13.7,0.0,85,97,62,975.7
2026-07-30 20:00:00,-55.2,15.1,0.0,14,113,81,968.7
2026-07-30 21:00:00,-52.5,11.8,0.0,73,255,83,982.9
2026-07-30 22:00:00,-50.7,6.4,0.0,54,69,44,966.9
2026-07-30 23:00:00,-50.7,6.2,0.0,81,253,49,992.1
2026-07-31 00:00:00,-53.5,21.1,0.0,23,115,50,990.1
2026-07-31 01:00:00,-49.6,7.6,0.0,59,336,73,980.2
2026-07-31 02:00:00,-55.8,3.7,0.0,93,185,63,973.6
2026-07-31 03:00:00,-48.3,13.9,0.0,60,85,55,977.2
2026-07-31 04:00:00,-54.7,8.4,0.0,71,109,67,992.4
2026-07-31 05:00:00,-54.5,14.1,0.0,59,212,58,969.9
2026-07-31 06:00:00,-57.3,17.9,0.0,39,115,80,985.0
2026-07-31 07:00:00,-57.7,18.4,0.0,45,154,60,982.4
2026-07-31 08:00:00,-46.0,16.6,0.0,89,235,57,975.8
2026-07-31 09:00:00,-54.1,12.7,0.0,75,144,70,961.6
2026-07-31 10:00:00,-53.7,11.0,0.0,25,331,83,984.6
2026-07-31 11:00:00,-53.5,2.6,0.0,78,288,54,985.0
2026-07-31 12:00:00,-57.6,8.9,0.0,0,257,43,968.9
2026-07-31 13:00:00,-50.0,7.2,0.0,61,201,71,988.9
2026-07-31 14:00:00,-57.5,11.0,0.0,65,351,49,984.7
2026-07-31 15:00:00,-57.0,4.5,0.0,95,95,53,970.6
2026-07-31 16:00:00,-52.0,13.4,0.0,15,294,62,976.5
2026-07-31 17:00:00,-55.8,11.7,0.0,27,346,89,974.2
2026-07-31 18:00:00,-52.4,8.3,0.0,67,94,85,984.9
2026-07-31 19:00:00,-56.3,9.2,0.0,21,142,66,965.4
2026-07-31 20:00:00,-50.6,17.1,0.0,91,19,66,992.1
2026-07-31 21:00:00,-49.8,15.9,0.0,35,308,48,978.6
2026-07-31 22:00:00,-51.1,16.0,0.0,93,281,53,981.1
2026-07-31 23:00:00,-54.3,10.3,0.0,67,225,62,969.0
2026-08-01 00:00:00,-50.7,6.2,0.0,84,66,81,983.8
2026-08-01 01:00:00,-53.1,14.7,0.0,15,163,60,983.3
2026-08-01 02:00:00,-48.9,1.9,0.0,54,300,59,966.7
2026-08-01 03:00:00,-56.5,15.7,0.0,91,138,79,974.6
2026-08-01 04:00:00,-53.3,16.0,0.0,1,188,79,979.2
2026-08-01 05:00:00,-49.9,14.2,0.0,64,83,61,992.5
2026-08-01 06:00:00,-55.2,13.9,0.0,99,229,41,993.2
2026-08-01 07:00:00,-56.3,11.2,0.0,92,329,76,969.1
2026-08-01 08:00:00,-56.0,3.2,0.0,48,138,46,969.1
2026-08-01 09:00:00,-54.5,9.6,0.0,5,326,47,984.3
2026-08-01 10:00:00,-52.1,17.4,0.0,8,269,89,975.6
2026-08-01 11:00:00,-50.0,14.3,0.0,43,203,48,993.0
2026-08-01 12:00:00,-51.0,11.7,0.0,23,89,48,958.3
2026-08-01 13:00:00,-56.0,9.6,0.0,90,67,64,970.7
2026-08-01 14:00:00,-57.3,13.1,0.0,83,294,52,982.0
2026-08-01 15:00:00,-56.3,15.4,0.0,4,290,69,991.5
2026-08-01 16:00:00,-55.5,13.7,0.0,92,220,72,966.8
2026-08-01 17:00:00,-50.1,12.5,0.0,92,18,87,979.1
2026-08-01 18:00:00,-53.6,18.4,0.0,28,105,40,989.6
2026-08-01 19:00:00,-54.6,12.0,0.0,31,247,88,983.5
2026-08-01 20:00:00,-50.7,13.5,0.0,69,100,50,971.1
2026-08-01 21:00:00,-53.2,6.1,0.0,0,210,59,983.5
2026-08-01 22:00:00,-55.3,16.2,0.0,46,63,83,979.2
2026-08-01 23:00:00,-53.1,12.3,0.0,9,49,40,985.3
2026-08-02 00:00:00,-54.9,24.6,0.0,23,312,53,1002.6
2026-08-02 01:00:00,-50.0,15.3,0.0,32,108,40,992.8
2026-08-02 02:00:00,-54.1,17.6,0.0,47,322,77,992.4
2026-08-02 03:00:00,-55.5,12.7,0.0,63,1,50,970.8
2026-08-02 04:00:00,-53.1,14.6,0.0,78,113,51,986.5
2026-08-02 05:00:00,-57.5,15.4,0.0,68,186,54,998.2
2026-08-02 06:00:00,-52.3,7.3,0.0,70,201,52,986.0
2026-08-02 07:00:00,-55.7,14.8,0.0,91,176,63,965.5
2026-08-02 08:00:00,-58.0,6.7,0.0,17,27,87,979.3
2026-08-02 09:00:00,-54.5,12.4,0.0,19,80,75,974.2
2026-08-02 10:00:00,-53.7,15.4,0.0,68,292,52,977.0
2026-08-02 11:00:00,-54.3,10.4,0.0,70,245,51,972.2
2026-08-02 12:00:00,-54.6,10.0,0.0,74,255,46,991.6
2026-08-02 13:00:00,-53.5,18.0,0.0,79,115,58,982.8
2026-08-02 14:00:00,-56.4,15.9,0.0,61,241,48,964.1
2026-08-02 15:00:00,-55.3,8.7,0.0,18,4,81,981.8
2026-08-02 16:00:00,-52.5,8.5,0.0,30,158,43,992.4
2026-08-02 17:00:00,-55.2,13.9,0.0,74,309,79,983.8
2026-08-02 18:00:00,-53.0,17.9,0.0,17,334,84,996.7
2026-08-02 19:00:00,-53.3,11.3,0.0,24,103,52,984.3
2026-08-02 20:00:00,-48.2,2.0,0.0,100,92,71,967.9
2026-08-02 21:00:00,-52.7,13.7,0.0,27,355,76,967.2
2026-08-02 22:00:00,-53.6,14.4,0.0,31,192,63,977.1
2026-08-02 23:00:00,-51.6,15.9,0.0,51,123,56,976.1
2026-08-03 00:00:00,-55.8,7.4,0.0,2,313,57,974.0
2026-08-03 01:00:00,-59.0,17.2,0.0,99,83,55,977.7
2026-08-03 02:00:00,-58.4,0.2,0.0,51,251,49,973.9
2026-08-03 03:00:00,-56.3,13.9,0.0,33,278,41,988.1
2026-08-03 04:00:00,-54.6,15.0,0.0,32,36,50,981.9
2026-08-03 05:00:00,-54.0,16.0,0.0,21,345,81,980.2
2026-08-03 06:00:00,-52.7,19.5,0.0,1,232,81,971.3
2026-08-03 07:00:00,-53.0,9.8,0.0,43,295,43,980.7
2026-08-03 08:00:00,-49.5,13.4,0.0,79,244,58,981.8
2026-08-03 09:00:00,-53.3,20.2,0.0,66,307,51,999.3
2026-08-03 10:00:00,-46.5,17.1,0.0,26,318,72,977.4
2026-08-03 11:00:00,-56.4,9.9,0.0,20,348,72,976.9
2026-08-03 12:00:00,-54.0,12.1,0.0,23,174,74,974.4
2026-08-03 13:00:00,-55.0,7.4,0.0,48,115,50,984.6
2026-08-03 14:00:00,-53.6,10.8,0.0,26,141,74,971.3
2026-08-03 15:00:00,-54.9,18.3,0.0,21,211,59,987.2
2026-08-03 16:00:00,-53.0,9.8,0.0,15,127,54,968.5
2026-08-03 17:00:00,-52.9,14.3,0.0,51,38,52,995.2
2026-08-03 18:00:00,-48.0,14.4,0.0,68,125,78,995.6
2026-08-03 19:00:00,-55.6,8.9,0.0,44,178,54,978.2
2026-08-03 20:00:00,-53.3,11.7,0.0,68,122,83,988.3
2026-08-03 21:00:00,-54.2,13.8,0.0,56,20,66,988.5
2026-08-03 22:00:00,-50.7,9.6,0.0,91,305,70,977.9
2026-08-03 23:00:00,-54.2,10.4,0.0,100,268,87,1003.8
2026-08-04 00:00:00,-58.3,13.0,0.0,3,292,78,955.3
2026-08-04 01:00:00,-49.4,15.0,0.0,61,289,81,960.4
2026-08-04 02:00:00,-57.8,8.4,0.0,19,101,76,1000.2
2026-08-04 03:00:00,-50.2,16.2,0.0,81,111,64,977.6
2026-08-04 04:00:00,-58.0,20.8,0.0,0,208,56,965.2
2026-08-04 05:00:00,-50.5,10.3,0.0,13,60,48,983.1
2026-08-04 06:00:00,-53.6,16.8,0.0,42,41,52,972.0
2026-08-04 07:00:00,-52.2,3.6,0.0,45,87,42,985.5
2026-08-04 08:00:00,-50.5,11.8,0.0,80,18,60,982.5
2026-08-04 09:00:00,-53.8,11.6,0.0,62,112,87,982.8
2026-08-04 10:00:00,-55.2,23.4,0.0,25,164,82,981.7
2026-08-04 11:00:00,-49.5,21.1,0.0,9,311,52,980.7
2026-08-04 12:00:00,-52.7,5.9,0.0,15,313,47,975.3
2026-08-04 13:00:00,-53.5,18.1,0.0,75,95,79,962.1
2026-08-04 14:00:00,-54.1,5.8,0.0,73,131,47,976.5
2026-08-04 15:00:00,-56.3,16.2,0.0,84,162,49,976.6
2026-08-04 16:00:00,-57.9,7.4,0.0,36,267,72,974.8
2026-08-04 17:00:00,-53.1,13.2,0.0,44,295,40,964.1
2026-08-04 18:00:00,-53.8,16.2,0.0,33,312,58,985.2
2026-08-04 19:00:00,-60.1,14.9,0.0,3,75,76,984.7
2026-08-04 20:00:00,-55.0,14.7,0.0,34,126,54,981.5
2026-08-04 21:00:00,-57.0,8.2,0.0,65,60,81,992.9
2026-08-04 22:00:00,-57.1,18.5,0.0,34,322,83,984.7
2026-08-04 23:00:00,-54.3,11.4,0.0,47,55,58,976.2
2026-08-05 00:00:00,-51.8,16.9,0.0,84,107,88,962.1
2026-08-05 01:00:00,-59.2,11.9,0.0,22,131,49,982.2
2026-08-05 02:00:00,-55.3,13.2,0.0,19,189,88,988.6
2026-08-05 03:00:00,-52.0,5.4,0.0,54,64,41,960.2
2026-08-05 04:00:00,-53.3,10.1,0.0,97,155,81,973.6
2026-08-05 05:00:00,-48.5,6.2,0.0,76,294,58,983.6
2026-08-05 06:00:00,-56.5,16.8,0.0,6,273,46,986.6
2026-08-05 07:00:00,-52.1,2.7,0.0,90,41,52,992.9
2026-08-05 08:00:00,-54.0,3.8,0.0,21,145,60,988.5
2026-08-05 09:00:00,-51.8,14.4,0.0,35,320,45,983.7
2026-08-05 10:00:00,-51.1,15.9,0.0,29,261,80,975.7
2026-08-05 11:00:00,-56.1,12.1,0.0,80,222,52,985.7
2026-08-05 12:00:00,-49.8,13.4,0.0,12,90,50,1002.6
2026-08-05 13:00:00,-52.9,11.3,0.0,58,320,58,983.7
2026-08-05 14:00:00,-53.0,17.6,0.0,83,142,67,958.6
2026-08-05 15:00:00,-51.7,16.5,0.0,44,261,64,986.4
2026-08-05 16:00:00,-47.3,7.3,0.0,20,223,89,986.6
2026-08-05 17:00:00,-55.2,14.3,0.0,15,42,86,993.9
2026-08-05 18:00:00,-56.1,18.9,0.0,9,304,88,972.8
2026-08-05 19:00:00,-52.1,9.1,0.0,97,201,62,977.3
2026-08-05 20:00:00,-49.1,7.5,0.0,69,256,74,978.4
2026-08-05 21:00:00,-52.2,24.4,0.0,31,58,74,974.8
2026-08-05 22:00:00,-52.1,12.2,0.0,70,67,89,966.1
2026-08-05 23:00:00,-55.3,0.6,0.0,12,202,43,992.4
2026-08-06 00:00:00,-54.2,11.8,0.0,59,218,43,975.5
2026-08-06 01:00:00,-53.4,18.7,0.0,60,354,86,995.1
2026-08-06 02:00:00,-48.8,12.3,0.0,29,62,47,982.2
2026-08-06 03:00:00,-57.5,20.6,0.0,53,8,70,987.5
2026-08-06 04:00:00,-59.1,5.7,0.0,45,61,81,964.4
2026-08-06 05:00:00,-58.9,19.2,0.0,0,15,61,985.7
2026-08-06 06:00:00,-53.9,18.2,0.0,53,248,82,961.6
2026-08-06 07:00:00,-54.2,14.3,0.0,63,212,43,979.8
2026-08-06 08:00:00,-54.8,10.3,0.0,82,200,51,985.1
2026-08-06 09:00:00,-54.7,8.8,0.0,86,176,66,986.1
2026-08-06 10:00:00,-60.1,20.9,0.0,50,86,59,973.6
2026-08-06 11:00:00,-50.3,13.8,0.0,79,195,89,987.4
2026-08-06 12:00:00,-59.2,20.2,0.0,93,332,80,979.2
2026-08-06 13:00:00,-56.6,15.3,0.0,0,52,65,970.2
2026-08-06 14:00:00,-58.0,10.3,0.0,93,315,88,959.9
2026-08-06 15:00:00,-50.3,5.3,0.0,76,31,78,998.9
2026-08-06 16:00:00,-53.8,12.2,0.0,69,237,66,992.7
2026-08-06 17:00:00,-48.8,5.6,0.0,100,71,71,972.4
2026-08-06 18:00:00,-52.3,2.6,0.0,85,181,63,993.7
2026-08-06 19:00:00,-55.4,13.8,0.0,34,161,56,961.2
2026-08-06 20:00:00,-53.7,5.6,0.0,100,252,61,978.3
2026-08-06 21:00:00,-49.8,5.5,0.0,19,190,88,969.3
2026-08-06 22:00:00,-51.5,8.2,0.0,16,270,61,970.2
2026-08-06 23:00:00,-56.7,6.3,0.0,1,39,47,960.0
2026-08-07 00:00:00,-50.1,4.8,0.0,5,130,51,973.9
2026-08-07 01:00:00,-55.1,16.5,0.0,48,195,89,978.9
2026-08-07 02:00:00,-53.5,14.1,0.0,95,224,56,965.7
2026-08-07 03:00:00,-54.3,13.3,0.0,1,161,43,965.5
2026-08-07 04:00:00,-57.7,16.5,0.0,63,216,66,994.0
2026-08-07 05:00:00,-57.8,11.4,0.0,2,187,47,987.6
2026-08-07 06:00:00,-53.4,4.6,0.0,20,338,62,998.6
2026-08-07 07:00:00,-54.0,5.5,0.0,96,318,47,980.9
2026-08-07 08:00:00,-53.3,7.7,0.0,95,68,86,984.5
2026-08-07 09:00:00,-51.4,10.5,0.0,93,176,63,999.2
2026-08-07 10:00:00,-53.0,9.8,0.0,80,323,46,961.5
2026-08-07 11:00:00,-51.2,12.1,0.0,90,103,62,967.7
2026-08-07 12:00:00,-55.5,21.1,0.0,83,253,73,999.7
2026-08-07 13:00:00,-53.7,9.1,0.0,38,230,73,980.5
2026-08-07 14:00:00,-51.0,13.7,0.0,48,215,78,981.1
2026-08-07 15:00:00,-51.9,11.6,0.0,99,162,63,976.8
2026-08-07 16:00:00,-56.9,9.8,0.0,87,310,53,987.8
2026-08-07 17:00:00,-51.1,12.0,0.0,68,348,60,972.0
2026-08-07 18:00:00,-53.5,12.7,0.0,14,228,79,1007.2
2026-08-07 19:00:00,-52.6,17.3,0.0,74,9,45,973.3
2026-08-07 20:00:00,-55.3,15.1,0.0,76,40,40,973.4
2026-08-07 21:00:00,-56.5,9.7,0.0,81,336,49,972.8
2026-08-07 22:00:00,-51.0,21.8,0.0,7,17,65,978.5
2026-08-07 23:00:00,-59.5,7.9,0.0,57,35,55,978.0
2026-08-08 00:00:00,-46.8,17.8,0.0,21,163,45,987.5
2026-08-08 01:00:00,-54.3,10.0,0.0,56,286,52,972.3
2026-08-08 02:00:00,-51.6,7.7,0.0,13,226,59,977.9
2026-08-08 03:00:00,-55.7,13.0,0.0,66,48,83,983.2
2026-08-08 04:00:00,-52.8,12.7,0.0,31,296,72,985.4
2026-08-08 05:00:00,-51.4,10.6,0.0,99,43,79,967.8
2026-08-08 06:00:00,-47.8,20.0,0.0,78,319,78,978.1
2026-08-08 07:00:00,-55.4,2.6,0.0,59,18,62,968.5
2026-08-08 08:00:00,-59.3,19.8,0.0,44,114,54,987.0
2026-08-08 09:00:00,-55.8,16.7,0.0,96,323,69,980.4
2026-08-08 10:00:00,-47.7,11.5,0.0,99,118,53,981.0
2026-08-08 11:00:00,-54.5,21.2,0.0,97,189,64,988.3
2026-08-08 12:00:00,-50.3,18.7,0.0,61,258,84,967.5
2026-08-08 13:00:00,-47.3,12.5,0.0,35,317,57,983.1
2026-08-08 14:00:00,-50.7,5.3,0.0,96,201,72,971.3
2026-08-08 15:00:00,-49.6,11.5,0.0,19,289,62,979.3
2026-08-08 16:00:00,-54.9,13.3,0.0,82,50,74,983.1
2026-08-08 17:00:00,-53.5,25.8,0.0,39,323,76,988.1
2026-08-08 18:00:00,-51.9,8.7,0.0,45,145,79,981.2
2026-08-08 19:00:00,-52.6,10.4,0.0,37,5,41,985.8
2026-08-08 20:00:00,-54.9,5.9,0.0,29,335,45,987.3
2026-08-08 21:00:00,-53.6,12.0,0.0,75,306,50,989.1
2026-08-08 22:00:00,-53.0,11.4,0.0,51,126,83,987.8
2026-08-08 23:00:00,-55.1,10.4,0.0,8,244,61,978.6
2026-08-09 00:00:00,-45.6,10.2,0.0,91,185,87,986.6
2026-08-09 01:00:00,-50.9,10.1,0.0,83,50,89,985.7
2026-08-09 02:00:00,-47.5,9.4,0.0,28,9,73,968.7
2026-08-09 03:00:00,-52.7,13.3,0.0,36,25,68,983.0
2026-08-09 04:00:00,-56.2,15.0,0.0,28,131,74,993.3
2026-08-09 05:00:00,-55.8,5.0,0.0,37,95,59,987.8
2026-08-09 06:00:00,-52.9,12.5,0.0,3,42,86,979.1
2026-08-09 07:00:00,-55.2,9.8,0.0,2,142,85,983.9
2026-08-09 08:00:00,-54.8,12.0,0.0,85,326,75,993.2
2026-08-09 09:00:00,-57.0,11.1,0.0,11,7,46,981.6
2026-08-09 10:00:00,-57.8,7.4,0.0,45,291,86,988.4
2026-08-09 11:00:00,-56.0,15.1,0.0,30,176,54,989.6
2026-08-09 12:00:00,-53.1,6.4,0.0,31,151,44,978.9
2026-08-09 13:00:00,-51.1,9.5,0.0,57,267,53,978.1
2026-08-09 14:00:00,-50.2,13.7,0.0,4,136,77,954.3
2026-08-09 15:00:00,-55.0,15.5,0.0,41,345,52,989.3
2026-08-09 16:00:00,-52.1,10.9,0.0,58,194,45,968.3
2026-08-09 17:00:00,-51.0,7.0,0.0,46,104,40,960.8
2026-08-09 18:00:00,-53.9,17.7,0.0,18,134,89,975.7
2026-08-09 19:00:00,-58.7,10.9,0.0,75,225,71,980.0
2026-08-09 20:00:00,-50.9,16.5,0.0,75,345,44,972.2
2026-08-09 21:00:00,-53.5,13.2,0.0,36,177,51,967.3
2026-08-09 22:00:00,-56.3,13.7,0.0,51,13,86,990.9
2026-08-09 23:00:00,-50.3,11.0,0.0,60,143,50,983.8
2026-08-10 00:00:00,-51.5,13.9,0.0,20,33,87,979.8
2026-08-10 01:00:00,-56.7,21.1,0.0,4,224,40,996.1
2026-08-10 02:00:00,-49.6,11.7,0.0,81,335,50,994.9
2026-08-10 03:00:00,-53.2,9.6,0.0,98,114,77,969.8
2026-08-10 04:00:00,-57.1,13.8,0.0,53,96,72,954.0
2026-08-10 05:00:00,-51.3,8.0,0.0,35,272,84,989.8
2026-08-10 06:00:00,-51.0,16.1,0.0,88,343,83,981.4
2026-08-10 07:00:00,-48.7,10.4,0.0,20,170,52,994.7
2026-08-10 08:00:00,-57.7,20.2,0.0,89,84,49,973.6
2026-08-10 09:00:00,-53.5,9.4,0.0,83,59,75,980.2
2026-08-10 10:00:00,-46.8,9.2,0.0,77,190,81,965.0
2026-08-10 11:00:00,-54.6,10.8,0.0,28,167,46,957.2
2026-08-10 12:00:00,-50.1,12.0,0.0,43,193,89,984.2
2026-08-10 13:00:00,-52.9,16.9,0.0,71,8,55,995.6
2026-08-10 14:00:00,-56.8,11.4,0.0,0,144,83,988.4
2026-08-10 15:00:00,-54.8,23.0,0.0,45,44,64,982.7
2026-08-10 16:00:00,-52.8,19.0,0.0,74,70,61,974.8
2026-08-10 17:00:00,-52.2,9.1,0.0,84,70,46,981.3
2026-08-10 18:00:00,-52.6,9.8,0.0,23,319,44,977.0
2026-08-10 19:00:00,-50.7,10.0,0.0,63,165,58,971.0
2026-08-10 20:00:00,-56.4,8.3,0.0,20,58,55,987.3
2026-08-10 21:00:00,-49.2,5.3,0.0,57,118,83,968.6
2026-08-10 22:00:00,-52.4,14.5,0.0,4,342,49,976.1
2026-08-10 23:00:00,-57.9,10.1,0.0,33,266,73,973.0
2026-08-11 00:00:00,-50.1,14.4,0.0,26,146,75,972.4
2026-08-11 01:00:00,-50.4,18.6,0.0,67,276,48,991.2
2026-08-11 02:00:00,-52.2,12.2,0.0,21,26,68,988.0
2026-08-11 03:00:00,-53.4,14.7,0.0,15,78,61,983.3
2026-08-11 04:00:00,-57.2,14.9,0.0,14,194,83,977.7
2026-08-11 05:00:00,-52.3,5.8,0.0,24,144,62,950.7
2026-08-11 06:00:00,-56.6,14.7,0.0,0,329,74,973.8
2026-08-11 07:00:00,-50.6,14.3,0.0,6,358,87,959.4
2026-08-11 08:00:00,-52.7,10.3,0.0,25,335,66,973.9
2026-08-11 09:00:00,-50.1,13.4,0.0,51,298,57,974.3
2026-08-11 10:00:00,-55.0,22.7,0.0,54,163,61,969.1
2026-08-11 11:00:00,-50.4,9.5,0.0,81,104,65,1002.2
2026-08-11 12:00:00,-50.9,7.1,0.0,1,29,50,987.0
2026-08-11 13:00:00,-55.8,18.6,0.0,44,30,68,986.1
2026-08-11 14:00:00,-52.1,17.1,0.0,48,166,44,974.0
2026-08-11 15:00:00,-54.4,15.1,0.0,85,244,53,967.3
2026-08-11 16:00:00,-52.8,16.4,0.0,32,307,86,984.8
2026-08-11 17:00:00,-57.7,7.5,0.0,17,75,40,971.5
2026-08-11 18:00:00,-54.9,21.9,0.0,47,306,58,984.3
2026-08-11 19:00:00,-59.8,18.2,0.0,38,191,74,996.0
2026-08-11 20:00:00,-52.4,7.8,0.0,18,117,42,978.8
2026-08-11 21:00:00,-62.5,8.9,0.0,100,79,41,989.8
2026-08-11 22:00:00,-50.5,15.8,0.0,48,14,83,976.9
2026-08-11 23:00:00,-54.3,17.7,0.0,26,71,71,999.9
2026-08-12 00:00:00,-52.0,12.2,0.0,31,68,51,957.7
2026-08-12 01:00:00,-51.5,17.5,0.0,25,243,78,988.2
2026-08-12 02:00:00,-53.1,10.6,0.0,9,130,78,985.5
2026-08-12 03:00:00,-54.8,20.6,0.0,15,88,55,990.9
2026-08-12 04:00:00,-52.8,18.5,0.0,81,229,59,976.3
2026-08-12 05:00:00,-51.2,12.5,0.0,36,101,48,965.1
2026-08-12 06:00:00,-50.2,8.1,0.0,43,105,66,962.2
2026-08-12 07:00:00,-52.4,12.4,0.0,28,68,46,976.1
2026-08-12 08:00:00,-50.6,0.0,0.0,3,199,49,983.7
2026-08-12 09:00:00,-52.0,1.2,0.0,87,151,41,956.9
2026-08-12 10:00:00,-58.8,13.7,0.0,54,32,70,997.6
2026-08-12 11:00:00,-53.6,14.8,0.0,36,110,81,980.2
2026-08-12 12:00:00,-48.7,11.7,0.0,34,359,78,964.5
2026-08-12 13:00:00,-52.1,9.0,0.0,44,191,75,992.6
2026-08-12 14:00:00,-56.8,11.0,0.0,85,357,40,978.2
2026-08-12 15:00:00,-50.0,12.4,0.0,91,244,66,984.5
2026-08-12 16:00:00,-50.3,9.8,0.0,1,115,85,995.1
2026-08-12 17:00:00,-53.1,7.7,0.0,90,211,59,970.2
2026-08-12 18:00:00,-58.0,3.5,0.0,62,95,88,982.1
2026-08-12 19:00:00,-56.5,0.0,0.0,77,148,72,962.1
2026-08-12 20:00:00,-55.6,17.5,0.0,99,132,78,989.2
2026-08-12 21:00:00,-51.3,1.6,0.0,3,172,74,967.9
2026-08-12 22:00:00,-51.8,10.3,0.0,10,259,43,988.8
2026-08-12 23:00:00,-52.1,5.4,0.0,64,84,46,983.9
2026-08-13 00:00:00,-51.7,18.6,0.0,14,131,61,991.1
2026-08-13 01:00:00,-54.0,6.4,0.0,20,28,40,965.9
2026-08-13 02:00:00,-50.6,8.6,0.0,59,306,41,971.9
2026-08-13 03:00:00,-56.0,17.4,0.0,32,126,46,970.3
2026-08-13 04:00:00,-52.4,10.2,0.0,6,58,74,983.0
2026-08-13 05:00:00,-50.3,10.2,0.0,87,316,79,971.1
2026-08-13 06:00:00,-52.5,3.3,0.0,90,205,42,970.1
2026-08-13 07:00:00,-51.3,14.0,0.0,8,41,59,971.5
2026-08-13 08:00:00,-47.8,13.6,0.0,94,220,64,971.1
2026-08-13 09:00:00,-53.1,15.6,0.0,31,159,56,981.6
2026-08-13 10:00:00,-48.1,0.0,0.0,18,245,88,979.4
2026-08-13 11:00:00,-57.5,8.0,0.0,60,100,77,986.7
2026-08-13 12:00:00,-52.2,18.6,0.0,24,158,80,966.2
2026-08-13 13:00:00,-52.9,14.6,0.0,17,149,89,999.2
2026-08-13 14:00:00,-54.4,11.6,0.0,85,3,77,991.3
2026-08-13 15:00:00,-57.1,6.3,0.0,93,129,88,970.9
2026-08-13 16:00:00,-47.7,14.4,0.0,92,97,63,979.1
2026-08-13 17:00:00,-55.0,19.8,0.0,20,249,73,989.2
2026-08-13 18:00:00,-54.4,12.2,0.0,89,107,88,980.6
2026-08-13 19:00:00,-55.3,4.0,0.0,92,287,57,989.4
2026-08-13 20:00:00,-52.1,1.3,0.0,52,22,75,978.6
2026-08-13 21:00:00,-52.5,18.9,0.0,81,88,62,984.7
2026-08-13 22:00:00,-53.7,12.4,0.0,39,138,66,972.0
2026-08-13 23:00:00,-54.5,15.3,0.0,56,161,72,983.2
2026-08-14 00:00:00,-50.5,17.6,0.0,1,260,53,961.5
2026-08-14 01:00:00,-50.9,11.8,0.0,81,251,78,992.4
2026-08-14 02:00:00,-51.6,10.2,0.0,6,78,69,975.8
2026-08-14 03:00:00,-51.6,8.7,0.0,98,148,59,990.5
2026-08-14 04:00:00,-54.1,9.1,0.0,59,166,50,979.6
2026-08-14 05:00:00,-54.2,14.0,0.0,52,133,45,961.5
2026-08-14 06:00:00,-51.6,3.8,0.0,64,118,54,981.3
2026-08-14 07:00:00,-51.4,20.5,0.0,72,147,85,966.7
2026-08-14 08:00:00,-56.6,7.7,0.0,2,326,62,986.9
2026-08-14 09:00:00,-55.3,11.8,0.0,66,240,42,990.8
2026-08-14 10:00:00,-49.6,9.5,0.0,70,44,54,995.4
2026-08-14 11:00:00,-52.4,4.9,0.0,38,67,59,971.0
2026-08-14 12:00:00,-50.6,9.3,0.0,23,106,68,982.8
2026-08-14 13:00:00,-53.5,13.1,0.0,98,303,60,967.5
2026-08-14 14:00:00,-51.0,15.6,0.0,20,1,84,1001.2
2026-08-14 15:00:00,-53.4,14.5,0.0,9,91,41,972.8
2026-08-14 16:00:00,-52.5,14.8,0.0,99,243,89,988.2
2026-08-14 17:00:00,-49.6,17.1,0.0,97,278,87,958.0
2026-08-14 18:00:00,-51.4,6.0,0.0,67,236,65,975.4
2026-08-14 19:00:00,-49.4,13.7,0.0,54,15,45,978.5
2026-08-14 20:00:00,-53.2,11.9,0.0,48,298,61,989.7
2026-08-14 21:00:00,-52.1,5.2,0.0,63,295,65,985.4
2026-08-14 22:00:00,-51.6,9.3,0.0,90,74,52,979.4
2026-08-14 23:00:00,-55.5,14.7,0.0,56,15,44,974.1
2026-08-15 00:00:00,-56.5,14.8,0.0,36,158,57,974.9
2026-08-15 01:00:00,-48.7,8.4,0.0,99,156,47,978.3
2026-08-15 02:00:00,-55.0,3.5,0.0,48,120,60,983.3
2026-08-15 03:00:00,-51.7,7.9,0.0,95,301,88,978.1
2026-08-15 04:00:00,-50.5,16.2,0.0,23,261,78,985.9
2026-08-15 05:00:00,-52.9,13.0,0.0,94,98,67,977.8
2026-08-15 06:00:00,-50.8,12.2,0.0,55,89,59,967.6
2026-08-15 07:00:00,-56.9,16.5,0.0,96,296,50,975.7
2026-08-15 08:00:00,-56.8,13.8,0.0,47,245,63,972.9
2026-08-15 09:00:00,-50.6,7.8,0.0,12,92,53,977.7
2026-08-15 10:00:00,-55.8,18.0,0.0,18,137,71,972.1
2026-08-15 11:00:00,-47.6,7.0,0.0,98,175,45,991.0
2026-08-15 12:00:00,-52.6,15.3,0.0,25,62,74,977.5
2026-08-15 13:00:00,-49.6,16.1,0.0,33,222,71,975.2
2026-08-15 14:00:00,-55.1,8.6,0.0,0,205,50,977.2
2026-08-15 15:00:00,-54.2,14.2,0.0,36,57,50,977.8
2026-08-15 16:00:00,-48.0,13.3,0.0,60,70,48,961.9
2026-08-15 17:00:00,-54.1,18.4,0.0,61,26,78,981.2
2026-08-15 18:00:00,-53.1,13.1,0.0,20,347,47,990.2
2026-08-15 19:00:00,-48.9,6.3,0.0,68,64,53,983.1
2026-08-15 20:00:00,-52.1,19.2,0.0,21,117,55,988.4
2026-08-15 21:00:00,-52.3,12.4,0.0,95,199,69,966.2
2026-08-15 22:00:00,-51.1,15.6,0.0,41,197,71,966.6
2026-08-15 23:00:00,-52.5,17.4,0.0,4,160,42,985.3
2026-08-16 00:00:00,-55.1,9.1,0.0,60,128,87,962.9
2026-08-16 01:00:00,-49.6,11.6,0.0,58,142,87,991.2
2026-08-16 02:00:00,-53.8,10.7,0.0,22,137,48,995.0
2026-08-16 03:00:00,-60.2,6.7,0.0,4,146,55,977.5
2026-08-16 04:00:00,-53.2,18.4,0.0,80,310,60,977.3
2026-08-16 05:00:00,-53.8,17.5,0.0,69,232,86,981.6
2026-08-16 06:00:00,-51.2,11.8,0.0,74,300,86,972.9
2026-08-16 07:00:00,-50.5,5.6,0.0,13,358,77,974.4
2026-08-16 08:00:00,-54.0,16.0,0.0,17,168,86,985.4
2026-08-16 09:00:00,-49.4,8.2,0.0,17,265,44,977.4
2026-08-16 10:00:00,-50.8,16.2,0.0,10,275,43,983.1
2026-08-16 11:00:00,-55.5,2.2,0.0,88,191,79,970.1
2026-08-16 12:00:00,-56.4,12.6,0.0,33,32,44,981.2
2026-08-16 13:00:00,-51.4,7.8,0.0,78,169,49,993.3
2026-08-16 14:00:00,-50.7,17.2,0.0,37,58,70,967.8
2026-08-16 15:00:00,-54.0,14.1,0.0,70,39,83,1000.4
2026-08-16 16:00:00,-48.2,14.2,0.0,82,105,64,977.5
2026-08-16 17:00:00,-55.7,12.1,0.0,89,296,46,978.3
2026-08-16 18:00:00,-55.6,20.7,0.0,47,303,52,974.9
2026-08-16 19:00:00,-52.5,12.9,0.0,37,341,82,988.7
2026-08-16 20:00:00,-52.6,0.0,0.0,53,126,75,979.5
2026-08-16 21:00:00,-52.4,14.1,0.0,76,305,55,985.3
2026-08-16 22:00:00,-55.4,10.6,0.0,31,235,63,980.3
2026-08-16 23:00:00,-50.4,13.3,0.0,38,119,55,974.9
2026-08-17 00:00:00,-55.4,15.8,0.0,73,262,68,993.0
2026-08-17 01:00:00,-50.6,2.3,0.0,32,325,73,1001.7
2026-08-17 02:00:00,-46.9,3.8,0.0,84,74,77,972.5
2026-08-17 03:00:00,-56.6,14.2,0.0,65,165,57,972.9
2026-08-17 04:00:00,-52.4,11.1,0.0,35,4,48,977.9
2026-08-17 05:00:00,-54.7,10.6,0.0,9,358,55,975.6
2026-08-17 06:00:00,-54.9,12.1,0.0,20,180,55,978.1
2026-08-17 07:00:00,-55.3,13.6,0.0,69,155,55,986.3
2026-08-17 08:00:00,-54.1,14.2,0.0,14,22,48,968.9
2026-08-17 09:00:00,-54.4,9.1,0.0,9,351,76,988.6
2026-08-17 10:00:00,-55.2,7.3,0.0,81,203,77,979.4
2026-08-17 11:00:00,-53.6,18.4,0.0,3,136,57,987.0
2026-08-17 12:00:00,-51.4,6.0,0.0,21,116,71,996.8
2026-08-17 13:00:00,-53.7,15.1,0.0,6,343,44,981.2
2026-08-17 14:00:00,-55.8,13.3,0.0,96,181,48,990.3
2026-08-17 15:00:00,-48.0,10.8,0.0,27,337,76,962.1
2026-08-17 16:00:00,-52.5,8.5,0.0,65,182,42,973.7
2026-08-17 17:00:00,-48.0,13.9,0.0,93,181,84,971.7
2026-08-17 18:00:00,-52.8,16.9,0.0,61,65,62,975.6
2026-08-17 19:00:00,-51.3,3.4,0.0,46,307,53,987.6
2026-08-17 20:00:00,-53.9,12.9,0.0,89,160,71,977.6
2026-08-17 21:00:00,-50.1,3.8,0.0,7,254,82,969.0
2026-08-17 22:00:00,-48.9,9.5,0.0,17,77,67,983.0
2026-08-17 23:00:00,-52.9,16.6,0.0,23,83,45,969.8
2026-08-18 00:00:00,-49.8,16.1,0.0,95,110,82,981.2
2026-08-18 01:00:00,-52.9,6.4,0.0,77,128,89,973.0
2026-08-18 02:00:00,-53.2,7.3,0.0,32,275,87,990.3
2026-08-18 03:00:00,-50.4,17.0,0.0,23,97,73,973.6
2026-08-18 04:00:00,-50.8,9.5,0.0,93,233,52,986.8
2026-08-18 05:00:00,-51.2,3.6,0.0,100,96,48,978.9
2026-08-18 06:00:00,-43.8,12.9,0.0,97,104,46,962.4
2026-08-18 07:00:00,-50.4,11.4,0.0,51,172,78,973.4
2026-08-18 08:00:00,-51.8,8.1,0.0,34,39,40,979.2
2026-08-18 09:00:00,-56.7,11.2,0.0,57,10,51,969.8
2026-08-18 10:00:00,-48.3,10.2,0.0,60,301,58,984.3
2026-08-18 11:00:00,-56.7,9.5,0.0,81,52,72,988.8
2026-08-18 12:00:00,-54.8,14.2,0.0,77,1,81,970.9
2026-08-18 13:00:00,-47.4,8.1,0.0,46,75,76,987.9
2026-08-18 14:00:00,-57.6,11.3,0.0,48,49,89,953.8
2026-08-18 15:00:00,-47.3,13.0,0.0,39,142,60,1000.6
2026-08-18 16:00:00,-47.8,4.5,0.0,62,41,43,975.4
2026-08-18 17:00:00,-50.8,6.3,0.0,53,95,78,995.2
2026-08-18 18:00:00,-55.4,10.2,0.0,48,22,55,982.1
2026-08-18 19:00:00,-53.5,8.8,0.0,71,14,78,981.5
2026-08-18 20:00:00,-50.0,11.3,0.0,68,299,77,989.9
2026-08-18 21:00:00,-53.6,11.8,0.0,50,83,79,984.8
2026-08-18 22:00:00,-51.4,12.2,0.0,30,299,80,980.9
2026-08-18 23:00:00,-52.3,1.2,0.0,42,105,58,968.7
2026-08-19 00:00:00,-47.2,13.4,0.0,13,251,84,984.5
2026-08-19 01:00:00,-48.2,10.8,0.0,85,17,45,975.1
2026-08-19 02:00:00,-48.6,10.2,0.0,72,28,48,988.0
2026-08-19 03:00:00,-46.6,20.7,0.0,93,78,58,990.4
2026-08-19 04:00:00,-50.8,10.4,0.0,26,310,43,983.0
2026-08-19 05:00:00,-48.8,18.7,0.0,2,253,62,980.4
2026-08-19 06:00:00,-51.5,19.0,0.0,78,97,79,989.2
2026-08-19 07:00:00,-48.5,7.4,0.0,87,167,64,985.1
2026-08-19 08:00:00,-50.2,14.2,0.0,47,15,69,970.5
2026-08-19 09:00:00,-47.6,14.9,0.0,34,200,81,991.1
2026-08-19 10:00:00,-51.6,7.0,0.0,75,80,46,974.8
2026-08-19 11:00:00,-46.7,13.1,0.0,34,357,46,979.8
2026-08-19 12:00:00,-46.5,16.5,0.0,22,332,55,977.9
2026-08-19 13:00:00,-47.3,12.9,0.0,17,3,65,990.4
2026-08-19 14:00:00,-47.9,10.6,0.0,12,97,79,973.0
2026-08-19 15:00:00,-57.7,10.3,0.0,19,343,78,981.6
2026-08-19 16:00:00,-52.9,26.5,0.0,62,334,85,973.2
2026-08-19 17:00:00,-50.5,15.2,0.0,62,163,45,974.3
2026-08-19 18:00:00,-48.2,7.7,0.0,98,332,50,971.3
2026-08-19 19:00:00,-55.3,10.1,0.0,76,245,58,971.7
2026-08-19 20:00:00,-55.8,15.6,0.0,86,319,47,991.6
2026-08-19 21:00:00,-51.1,11.8,0.0,88,266,52,991.7
2026-08-19 22:00:00,-51.9,7.9,0.0,12,9,47,984.0
2026-08-19 23:00:00,-52.4,3.9,0.0,100,146,78,973.5
2026-08-20 00:00:00,-52.3,19.1,0.0,60,305,60,987.9
2026-08-20 01:00:00,-54.0,10.5,0.0,81,237,80,969.2
2026-08-20 02:00:00,-56.7,15.7,0.0,53,83,77,980.1
2026-08-20 03:00:00,-51.5,7.1,0.0,1,153,41,974.7
2026-08-20 04:00:00,-50.8,12.4,0.0,55,348,40,973.3
2026-08-20 05:00:00,-51.8,18.1,0.0,98,359,41,990.6
2026-08-20 06:00:00,-55.3,14.3,0.0,6,317,83,979.1
2026-08-20 07:00:00,-57.8,7.4,0.0,7,44,80,987.3
2026-08-20 08:00:00,-50.9,7.8,0.0,57,120,41,984.3
2026-08-20 09:00:00,-55.1,14.5,0.0,26,210,40,979.3
2026-08-20 10:00:00,-50.8,13.9,0.0,30,277,85,979.4
2026-08-20 11:00:00,-57.8,11.7,0.0,30,1,77,969.9
2026-08-20 12:00:00,-54.6,13.3,0.0,18,310,40,981.0
2026-08-20 13:00:00,-46.5,11.5,0.0,38,352,54,994.4
2026-08-20 14:00:00,-50.9,8.6,0.0,5,292,58,995.8
2026-08-20 15:00:00,-50.8,17.0,0.0,92,342,58,979.9
2026-08-20 16:00:00,-47.9,8.5,0.0,70,226,49,949.7
2026-08-20 17:00:00,-50.2,8.7,0.0,46,192,64,971.5
2026-08-20 18:00:00,-52.5,18.7,0.0,61,84,81,977.7
2026-08-20 19:00:00,-51.5,13.8,0.0,74,351,84,989.4
2026-08-20 20:00:00,-50.0,10.3,0.0,10,177,42,983.0
2026-08-20 21:00:00,-48.0,10.6,0.0,13,14,89,974.1
2026-08-20 22:00:00,-51.2,5.7,0.0,59,18,46,992.8
2026-08-20 23:00:00,-55.6,21.0,0.0,78,105,78,988.3
2026-08-21 00:00:00,-51.6,12.2,0.0,22,323,84,975.4
2026-08-21 01:00:00,-47.7,7.4,0.0,52,151,75,979.2
2026-08-21 02:00:00,-51.5,27.1,0.0,83,292,79,989.2
2026-08-21 03:00:00,-54.7,10.7,0.0,82,203,73,961.0
2026-08-21 04:00:00,-57.3,9.0,0.0,17,272,69,972.8
2026-08-21 05:00:00,-52.5,8.9,0.0,44,356,69,968.9
2026-08-21 06:00:00,-52.4,15.1,0.0,0,106,79,984.0
2026-08-21 07:00:00,-52.5,4.7,0.0,33,68,68,974.0
2026-08-21 08:00:00,-53.6,13.2,0.0,71,325,64,979.8
2026-08-21 09:00:00,-48.9,18.0,0.0,37,214,44,960.9
2026-08-21 10:00:00,-53.9,18.2,0.0,47,93,70,969.9
2026-08-21 11:00:00,-53.2,8.6,0.0,81,256,73,981.5
2026-08-21 12:00:00,-47.8,9.5,0.0,87,339,49,996.4
2026-08-21 13:00:00,-47.5,13.3,0.0,89,338,57,976.0
2026-08-21 14:00:00,-55.2,12.0,0.0,3,25,68,999.8
2026-08-21 15:00:00,-59.8,6.2,0.0,21,19,71,967.2
2026-08-21 16:00:00,-52.7,6.4,0.0,25,272,62,994.7
2026-08-21 17:00:00,-53.3,8.2,0.0,11,97,89,996.5
2026-08-21 18:00:00,-49.7,10.5,0.0,47,267,83,993.7
2026-08-21 19:00:00,-49.0,16.8,0.0,61,256,80,1001.0
2026-08-21 20:00:00,-55.3,19.7,0.0,50,213,65,981.1
2026-08-21 21:00:00,-54.8,8.6,0.0,10,292,58,996.8
2026-08-21 22:00:00,-48.5,9.4,0.0,37,55,80,994.7
2026-08-21 23:00:00,-49.0,12.8,0.0,18,35,86,979.1
2026-08-22 00:00:00,-54.0,15.4,0.0,29,20,64,970.2
2026-08-22 01:00:00,-51.3,6.6,0.0,14,117,69,960.5
2026-08-22 02:00:00,-56.8,0.0,0.0,38,232,73,968.1
2026-08-22 03:00:00,-53.8,8.2,0.0,56,187,79,969.7
2026-08-22 04:00:00,-51.3,13.4,0.0,7,296,74,983.8
2026-08-22 05:00:00,-50.5,14.7,0.0,46,351,55,987.6
2026-08-22 06:00:00,-51.2,19.3,0.0,29,102,44,980.8
2026-08-22 07:00:00,-49.3,7.6,0.0,8,240,89,987.8
2026-08-22 08:00:00,-51.9,16.5,0.0,89,107,59,972.7
2026-08-22 09:00:00,-54.2,7.3,0.0,23,114,57,979.3
2026-08-22 10:00:00,-47.4,13.4,0.0,82,192,76,985.7
2026-08-22 11:00:00,-51.1,11.5,0.0,81,84,80,983.1
2026-08-22 12:00:00,-54.2,11.8,0.0,55,236,74,992.2
2026-08-22 13:00:00,-55.0,21.4,0.0,21,136,69,969.4
2026-08-22 14:00:00,-54.9,13.5,0.0,33,281,51,975.6
2026-08-22 15:00:00,-53.4,5.4,0.0,58,317,63,979.7
2026-08-22 16:00:00,-56.3,19.5,0.0,20,146,75,985.0
2026-08-22 17:00:00,-48.0,21.8,0.0,30,286,63,964.4
2026-08-22 18:00:00,-56.8,18.4,0.0,50,122,43,980.6
2026-08-22 19:00:00,-49.4,15.7,0.0,87,97,50,988.2
2026-08-22 20:00:00,-48.7,14.8,0.0,71,327,40,990.8
2026-08-22 21:00:00,-48.6,12.3,0.0,63,315,70,976.3
2026-08-22 22:00:00,-39.9,15.1,0.0,9,129,81,975.5
2026-08-22 23:00:00,-54.5,18.6,0.0,90,330,67,990.9
2026-08-23 00:00:00,-53.1,9.0,0.0,42,50,59,986.6
2026-08-23 01:00:00,-49.3,2.2,0.0,7,188,45,978.2
2026-08-23 02:00:00,-56.7,11.2,0.0,16,111,79,981.4
2026-08-23 03:00:00,-51.6,9.7,0.0,10,57,76,967.3
2026-08-23 04:00:00,-53.0,10.2,0.0,34,184,81,981.0
2026-08-23 05:00:00,-51.7,15.9,0.0,87,349,83,987.2
2026-08-23 06:00:00,-49.6,10.5,0.0,31,145,63,977.4
2026-08-23 07:00:00,-48.9,17.9,0.0,63,247,76,975.2
2026-08-23 08:00:00,-48.3,10.1,0.0,91,247,57,975.4
2026-08-23 09:00:00,-50.0,0.0,0.0,23,56,66,996.3
2026-08-23 10:00:00,-54.8,13.2,0.0,30,354,71,992.6
2026-08-23 11:00:00,-48.2,18.0,0.0,46,250,85,980.8
2026-08-23 12:00:00,-49.4,6.1,0.0,4,245,63,974.7
2026-08-23 13:00:00,-52.1,18.9,0.0,74,336,70,997.3
2026-08-23 14:00:00,-54.9,20.6,0.0,14,57,70,984.8
2026-08-23 15:00:00,-49.5,12.7,0.0,82,26,42,987.9
2026-08-23 16:00:00,-55.3,5.6,0.0,43,200,43,984.0
2026-08-23 17:00:00,-49.0,13.8,0.0,65,132,40,984.5
2026-08-23 18:00:00,-48.4,11.8,0.0,96,196,65,979.8
2026-08-23 19:00:00,-55.4,19.4,0.0,36,112,74,995.8
2026-08-23 20:00:00,-52.8,12.3,0.0,84,34,76,985.8
2026-08-23 21:00:00,-47.9,13.6,0.0,26,120,74,991.5
2026-08-23 22:00:00,-56.2,10.7,0.0,83,316,76,965.4
2026-08-23 23:00:00,-52.0,13.2,0.0,15,125,47,975.2
2026-08-24 00:00:00,-53.5,14.0,0.0,88,199,84,966.1
2026-08-24 01:00:00,-51.4,11.1,0.0,11,150,48,986.4
2026-08-24 02:00:00,-46.5,15.5,0.0,76,58,59,966.0
2026-08-24 03:00:00,-47.4,5.2,0.0,33,35,56,990.7
2026-08-24 04:00:00,-56.6,11.2,0.0,2,111,85,980.7
2026-08-24 05:00:00,-54.5,11.3,0.0,45,222,56,979.1
2026-08-24 06:00:00,-49.2,12.1,0.0,87,334,77,980.4
2026-08-24 07:00:00,-51.9,13.9,0.0,59,101,79,985.6
2026-08-24 08:00:00,-50.8,4.7,0.0,70,282,63,970.4
2026-08-24 09:00:00,-52.0,17.8,0.0,88,335,76,978.8
2026-08-24 10:00:00,-48.0,11.3,0.0,57,144,71,995.5
2026-08-24 11:00:00,-53.0,14.2,0.0,58,121,57,986.6
2026-08-24 12:00:00,-52.2,12.9,0.0,98,104,70,954.4
2026-08-24 13:00:00,-48.2,12.4,0.0,78,336,60,1000.9
2026-08-24 14:00:00,-50.5,25.4,0.0,78,119,48,976.4
2026-08-24 15:00:00,-48.5,12.1,0.0,46,320,63,980.9
2026-08-24 16:00:00,-50.3,15.1,0.0,92,120,42,979.3
2026-08-24 17:00:00,-48.9,17.9,0.0,61,157,57,976.5
2026-08-24 18:00:00,-53.2,12.2,0.0,15,135,48,966.5
2026-08-24 19:00:00,-45.1,19.4,0.0,20,106,44,989.6
2026-08-24 20:00:00,-50.0,18.1,0.0,64,43,66,969.6
2026-08-24 21:00:00,-55.3,8.9,0.0,12,326,77,969.1
2026-08-24 22:00:00,-46.2,10.7,0.0,2,87,59,973.0
2026-08-24 23:00:00,-50.6,17.9,0.0,43,273,50,983.1
2026-08-25 00:00:00,-54.9,14.5,0.0,37,216,80,980.4
2026-08-25 01:00:00,-51.4,10.8,0.0,27,142,57,973.0
2026-08-25 02:00:00,-50.2,13.5,0.0,15,181,89,965.4
2026-08-25 03:00:00,-41.7,11.2,0.0,49,262,46,976.9
2026-08-25 04:00:00,-52.2,6.4,0.0,43,89,50,982.9
2026-08-25 05:00:00,-50.7,12.9,0.0,41,152,72,976.5
2026-08-25 06:00:00,-48.4,14.0,0.0,2,66,73,991.4
2026-08-25 07:00:00,-52.6,6.4,0.0,28,99,51,954.6
2026-08-25 08:00:00,-48.3,11.1,0.0,48,73,74,979.4
2026-08-25 09:00:00,-52.3,0.0,0.0,20,163,76,971.9
2026-08-25 10:00:00,-51.7,14.6,0.0,23,279,76,996.0
2026-08-25 11:00:00,-52.2,5.5,0.0,89,102,87,977.9
2026-08-25 12:00:00,-48.9,13.4,0.0,5,229,42,993.7
2026-08-25 13:00:00,-52.6,11.6,0.0,44,242,65,977.1
2026-08-25 14:00:00,-48.7,13.9,0.0,45,254,84,982.0
2026-08-25 15:00:00,-53.6,8.0,0.0,56,2,81,974.8
2026-08-25 16:00:00,-46.7,14.7,0.0,49,84,76,966.0
2026-08-25 17:00:00,-50.4,13.4,0.0,27,272,57,983.0
2026-08-25 18:00:00,-52.9,17.3,0.0,9,29,48,975.0
2026-08-25 19:00:00,-51.3,3.2,0.0,47,14,76,975.7
2026-08-25 20:00:00,-52.3,8.9,0.0,55,214,84,970.1
2026-08-25 21:00:00,-47.5,9.9,0.0,15,101,50,961.5
2026-08-25 22:00:00,-52.4,22.0,0.0,34,23,43,975.4
2026-08-25 23:00:00,-54.2,3.5,0.0,89,47,46,986.6
2026-08-26 00:00:00,-53.6,12.4,0.0,98,203,89,949.6
2026-08-26 01:00:00,-48.6,17.5,0.0,59,37,75,968.5
2026-08-26 02:00:00,-48.9,4.4,0.0,46,342,72,976.6
2026-08-26 03:00:00,-48.2,13.9,0.0,3,178,79,981.2
2026-08-26 04:00:00,-54.1,16.3,0.0,15,33,87,980.4
2026-08-26 05:00:00,-54.0,15.1,0.0,86,67,83,982.3
2026-08-26 06:00:00,-50.4,0.0,0.0,2,256,48,979.1
2026-08-26 07:00:00,-46.5,5.4,0.0,46,280,87,977.4
2026-08-26 08:00:00,-49.2,12.1,0.0,60,347,78,981.7
2026-08-26 09:00:00,-50.7,6.6,0.0,8,189,56,985.6
2026-08-26 10:00:00,-48.9,15.3,0.0,72,221,64,990.0
2026-08-26 11:00:00,-49.3,13.2,0.0,5,290,68,969.8
2026-08-26 12:00:00,-48.0,6.2,0.0,1,159,69,977.7
2026-08-26 13:00:00,-50.8,14.3,0.0,6,206,62,964.0
2026-08-26 14:00:00,-47.6,7.4,0.0,8,261,61,984.9
2026-08-26 15:00:00,-50.0,8.7,0.0,52,241,80,987.5
2026-08-26 16:00:00,-51.2,13.0,0.0,0,331,54,1002.6
2026-08-26 17:00:00,-45.9,2.8,0.0,19,307,85,978.8
2026-08-26 18:00:00,-51.3,11.4,0.0,39,231,44,965.0
2026-08-26 19:00:00,-43.1,20.9,0.0,67,57,88,987.9
2026-08-26 20:00:00,-50.0,10.6,0.0,6,48,69,978.5
2026-08-26 21:00:00,-51.7,23.9,0.0,58,133,61,965.6
2026-08-26 22:00:00,-53.3,9.6,0.0,75,4,89,972.2
2026-08-26 23:00:00,-50.4,17.4,0.0,5,189,42,980.3
2026-08-27 00:00:00,-50.6,21.6,0.0,68,48,53,985.2
2026-08-27 01:00:00,-53.5,9.1,0.0,87,6,50,957.8
2026-08-27 02:00:00,-51.2,15.0,0.0,16,153,54,975.8
2026-08-27 03:00:00,-51.4,10.3,0.0,88,159,88,966.6
2026-08-27 04:00:00,-56.0,13.7,0.0,74,82,52,976.9
2026-08-27 05:00:00,-54.3,5.8,0.0,32,307,85,984.7
2026-08-27 06:00:00,-56.4,11.3,0.0,38,100,53,985.4
2026-08-27 07:00:00,-50.1,7.7,0.0,81,75,87,976.8
2026-08-27 08:00:00,-46.5,15.5,0.0,0,68,77,988.1
2026-08-27 09:00:00,-45.9,18.1,0.0,27,128,65,985.5
2026-08-27 10:00:00,-46.0,7.1,0.0,9,77,87,983.9
2026-08-27 11:00:00,-47.2,6.3,0.0,10,266,53,992.9
2026-08-27 12:00:00,-49.6,18.8,0.0,10,146,74,990.6
2026-08-27 13:00:00,-54.1,14.5,0.0,89,33,75,981.2
2026-08-27 14:00:00,-52.2,14.1,0.0,99,352,49,979.6
2026-08-27 15:00:00,-52.5,10.0,0.0,99,66,78,980.8
2026-08-27 16:00:00,-44.9,20.6,0.0,66,6,47,978.8
2026-08-27 17:00:00,-53.5,13.0,0.0,56,130,82,970.1
2026-08-27 18:00:00,-48.2,8.2,0.0,35,262,52,970.4
2026-08-27 19:00:00,-53.1,15.9,0.0,66,276,82,996.9
2026-08-27 20:00:00,-49.1,16.4,0.0,63,259,47,984.7
2026-08-27 21:00:00,-50.7,10.4,0.0,63,359,64,985.6
2026-08-27 22:00:00,-54.0,11.9,0.0,94,224,47,976.1
2026-08-27 23:00:00,-46.1,12.3,0.0,59,276,78,971.0
2026-08-28 00:00:00,-48.4,15.9,0.0,96,252,80,982.2
2026-08-28 01:00:00,-48.7,17.6,0.0,93,262,80,963.1
2026-08-28 02:00:00,-53.5,17.0,0.0,27,120,53,968.3
2026-08-28 03:00:00,-43.1,15.8,0.0,3,358,42,991.1
2026-08-28 04:00:00,-51.3,15.9,0.0,53,267,55,968.9
2026-08-28 05:00:00,-50.2,11.6,0.0,68,171,76,977.9
2026-08-28 06:00:00,-52.8,5.5,0.0,36,214,59,986.2
2026-08-28 07:00:00,-49.5,4.6,0.0,93,98,64,967.4
2026-08-28 08:00:00,-49.3,8.9,0.0,70,272,44,969.8
2026-08-28 09:00:00,-51.7,8.4,0.0,98,81,69,986.2
2026-08-28 10:00:00,-52.4,17.2,0.0,42,274,52,994.1
2026-08-28 11:00:00,-49.7,13.6,0.0,14,358,80,987.0
2026-08-28 12:00:00,-55.5,3.8,0.0,96,47,74,991.8
2026-08-28 13:00:00,-48.1,5.6,0.0,93,211,44,963.0
2026-08-28 14:00:00,-45.9,19.7,0.0,42,42,43,983.0
2026-08-28 15:00:00,-49.8,7.9,0.0,91,8,59,990.3
2026-08-28 16:00:00,-52.1,4.0,0.0,0,93,59,985.8
2026-08-28 17:00:00,-44.8,9.1,0.0,56,278,43,980.6
2026-08-28 18:00:00,-53.5,13.8,0.0,15,312,63,970.5
2026-08-28 19:00:00,-47.4,15.5,0.0,22,74,88,969.5
2026-08-28 20:00:00,-48.2,2.0,0.0,76,277,56,970.3
2026-08-28 21:00:00,-55.8,10.0,0.0,83,217,48,962.3
2026-08-28 22:00:00,-45.9,11.9,0.0,26,127,45,982.4
2026-08-28 23:00:00,-45.7,7.4,0.0,97,32,65,985.6
2026-08-29 00:00:00,-48.7,13.3,0.0,29,190,67,973.4
2026-08-29 01:00:00,-50.6,12.7,0.0,84,264,45,997.4
2026-08-29 02:00:00,-51.9,2.7,0.0,13,106,47,988.3
2026-08-29 03:00:00,-52.4,8.4,0.0,83,329,60,971.0
2026-08-29 04:00:00,-51.9,15.8,0.0,20,210,51,997.6
2026-08-29 05:00:00,-49.6,8.9,264.5,15,163,40,996.5
2026-08-29 06:00:00,-51.6,18.6,381.9,82,352,70,989.5
2026-08-29 07:00:00,-50.8,9.3,342.2,87,87,71,966.9
2026-08-29 08:00:00,-48.8,16.2,430.7,99,164,82,975.6
2026-08-29 09:00:00,-48.4,14.6,343.8,14,268,56,1000.4
2026-08-29 10:00:00,-52.2,1.1,345.2,100,265,50,986.5
2026-08-29 11:00:00,-48.6,16.6,302.2,56,343,47,986.0
2026-08-29 12:00:00,-50.0,15.0,447.9,87,119,63,1002.6
2026-08-29 13:00:00,-50.4,5.4,472.4,10,84,89,998.7
2026-08-29 14:00:00,-44.0,10.5,355.2,75,180,66,979.4
2026-08-29 15:00:00,-49.4,16.8,417.9,74,59,48,974.4
2026-08-29 16:00:00,-50.2,4.3,336.1,81,7,49,986.5
2026-08-29 17:00:00,-53.2,11.9,219.6,2,5,48,983.3
2026-08-29 18:00:00,-45.5,17.6,366.3,12,110,50,985.8
2026-08-29 19:00:00,-50.6,5.3,526.1,0,330,70,960.1
2026-08-29 20:00:00,-49.4,22.0,372.8,27,94,82,971.3
2026-08-29 21:00:00,-54.6,23.4,209.0,80,314,74,975.4
2026-08-29 22:00:00,-55.2,19.2,0.0,37,323,63,975.0
2026-08-29 23:00:00,-44.9,12.2,0.0,59,210,81,974.6
2026-08-30 00:00:00,-48.2,15.4,0.0,82,128,80,984.5
2026-08-30 01:00:00,-50.7,15.5,0.0,41,302,66,969.0
2026-08-30 02:00:00,-50.9,13.4,0.0,39,312,77,980.7
2026-08-30 03:00:00,-52.8,3.7,0.0,79,254,64,992.6
2026-08-30 04:00:00,-49.8,8.6,0.0,96,198,67,981.7
2026-08-30 05:00:00,-53.1,13.5,589.3,26,127,73,990.7
2026-08-30 06:00:00,-51.3,15.9,488.7,33,128,42,977.3
2026-08-30 07:00:00,-45.7,12.5,366.5,54,84,49,976.1
2026-08-30 08:00:00,-47.2,17.0,450.0,23,239,69,985.5
2026-08-30 09:00:00,-50.5,13.0,467.5,97,192,59,986.3
2026-08-30 10:00:00,-47.2,14.6,395.7,81,202,68,968.6
2026-08-30 11:00:00,-48.6,10.5,367.1,20,19,83,983.1
2026-08-30 12:00:00,-51.3,17.3,233.4,10,209,70,970.5
2026-08-30 13:00:00,-51.0,6.9,278.1,43,69,68,991.7
2026-08-30 14:00:00,-44.6,14.7,449.0,100,133,50,984.4
2026-08-30 15:00:00,-46.4,6.9,493.2,86,219,64,990.9
2026-08-30 16:00:00,-49.7,14.5,478.2,29,313,69,986.2
2026-08-30 17:00:00,-48.5,13.0,203.8,61,121,45,991.6
2026-08-30 18:00:00,-48.6,18.4,585.4,83,243,77,968.9
2026-08-30 19:00:00,-50.0,11.1,275.7,76,304,60,976.2
2026-08-30 20:00:00,-46.7,20.7,325.7,60,33,76,990.3
2026-08-30 21:00:00,-44.6,19.5,365.5,30,162,89,982.3
2026-08-30 22:00:00,-48.5,9.0,0.0,41,137,57,970.9
2026-08-30 23:00:00,-43.9,7.6,0.0,87,2,56,978.4
2026-08-31 00:00:00,-48.0,10.0,0.0,81,131,86,991.9
2026-08-31 01:00:00,-50.1,12.0,0.0,65,144,68,974.5
2026-08-31 02:00:00,-47.0,20.9,0.0,93,347,60,1001.2
2026-08-31 03:00:00,-51.1,12.1,0.0,11,32,65,968.5
2026-08-31 04:00:00,-50.4,14.4,0.0,87,320,79,990.1
2026-08-31 05:00:00,-50.5,9.9,411.0,51,93,73,983.5
2026-08-31 06:00:00,-42.0,4.2,534.1,5,104,62,976.5
2026-08-31 07:00:00,-50.5,13.2,282.4,81,295,87,978.7
2026-08-31 08:00:00,-54.0,16.3,415.3,26,114,69,985.6
2026-08-31 09:00:00,-50.8,15.4,348.0,61,109,56,966.9
2026-08-31 10:00:00,-48.8,15.7,141.2,18,38,74,975.1
2026-08-31 11:00:00,-51.5,5.7,459.5,22,50,54,973.3
2026-08-31 12:00:00,-42.8,17.4,553.4,56,105,41,972.8
2026-08-31 13:00:00,-54.6,15.7,238.5,59,133,48,990.7
2026-08-31 14:00:00,-47.1,10.6,448.6,48,354,47,978.1
2026-08-31 15:00:00,-46.8,10.1,525.1,8,157,56,966.6
2026-08-31 16:00:00,-48.7,11.7,274.0,82,122,41,971.8
2026-08-31 17:00:00,-46.6,8.7,220.1,32,316,72,982.2
2026-08-31 18:00:00,-55.9,11.7,434.2,38,101,76,987.9
2026-08-31 19:00:00,-47.8,13.8,341.5,96,335,65,979.4
2026-08-31 20:00:00,-49.2,12.8,177.0,54,109,68,978.4
2026-08-31 21:00:00,-49.7,10.0,318.1,2,205,75,975.6
2026-08-31 22:00:00,-51.1,17.7,0.0,32,322,68,975.8
2026-08-31 23:00:00,-51.4,14.8,0.0,73,180,44,975.4
2026-09-01 00:00:00,-50.7,17.4,0.0,41,196,80,963.9
2026-09-01 01:00:00,-46.7,7.9,0.0,77,27,41,980.1
2026-09-01 02:00:00,-47.9,9.9,0.0,96,232,76,980.0
2026-09-01 03:00:00,-51.9,11.3,0.0,36,328,43,992.0
2026-09-01 04:00:00,-48.0,10.0,0.0,51,101,48,978.1
2026-09-01 05:00:00,-47.2,17.3,445.7,75,39,75,984.1
2026-09-01 06:00:00,-48.9,12.2,285.9,88,95,55,974.3
2026-09-01 07:00:00,-54.4,19.2,406.0,7,106,60,967.7
2026-09-01 08:00:00,-51.5,11.3,422.8,9,165,84,986.8
2026-09-01 09:00:00,-47.9,11.4,577.1,57,266,82,971.4
2026-09-01 10:00:00,-49.0,9.4,428.8,70,192,69,993.6
2026-09-01 11:00:00,-46.7,16.8,572.8,43,148,61,991.6
2026-09-01 12:00:00,-52.2,12.8,297.6,34,2,63,961.5
2026-09-01 13:00:00,-43.0,22.0,222.1,31,128,44,975.8
2026-09-01 14:00:00,-52.0,7.8,306.1,1,154,72,960.8
2026-09-01 15:00:00,-48.3,12.5,418.0,15,244,59,969.7
2026-09-01 16:00:00,-47.5,10.4,588.1,71,136,74,975.3
2026-09-01 17:00:00,-49.1,4.1,208.8,4,95,81,984.4
2026-09-01 18:00:00,-46.4,10.7,589.3,100,261,75,991.7
2026-09-01 19:00:00,-52.7,7.2,395.9,37,227,89,971.8
2026-09-01 20:00:00,-53.7,13.4,421.7,51,331,57,982.6
2026-09-01 21:00:00,-51.0,2.8,385.2,74,170,59,984.2
2026-09-01 22:00:00,-43.4,7.1,0.0,85,50,47,972.3
2026-09-01 23:00:00,-48.9,8.0,0.0,78,49,45,988.3
2026-09-02 00:00:00,-48.6,10.5,0.0,78,119,40,979.2
2026-09-02 01:00:00,-44.6,1.4,0.0,94,143,76,983.6
2026-09-02 02:00:00,-44.7,19.8,0.0,79,78,52,978.1
2026-09-02 03:00:00,-44.6,13.2,0.0,24,64,67,996.3
2026-09-02 04:00:00,-47.8,13.8,0.0,4,332,81,979.4
2026-09-02 05:00:00,-53.1,9.7,495.9,99,215,65,957.2
2026-09-02 06:00:00,-49.2,13.2,410.7,52,169,60,1003.8
2026-09-02 07:00:00,-51.1,18.5,300.9,79,354,89,997.5
2026-09-02 08:00:00,-46.5,6.1,375.8,30,23,44,948.5
2026-09-02 09:00:00,-47.7,3.9,506.8,82,158,48,999.1
2026-09-02 10:00:00,-54.0,16.8,402.6,3,99,43,960.1
2026-09-02 11:00:00,-44.8,3.4,322.2,46,119,46,987.3
2026-09-02 12:00:00,-53.0,13.4,324.9,53,282,83,964.3
2026-09-02 13:00:00,-46.7,20.5,191.1,6,100,42,974.5
2026-09-02 14:00:00,-48.8,16.1,351.0,29,57,75,977.7
2026-09-02 15:00:00,-42.6,7.0,368.5,42,72,62,960.6
2026-09-02 16:00:00,-49.8,14.8,424.1,49,228,61,971.7
2026-09-02 17:00:00,-48.7,16.9,173.5,26,184,78,971.6
2026-09-02 18:00:00,-51.7,4.2,374.8,23,352,63,994.4
2026-09-02 19:00:00,-51.6,6.5,301.6,73,56,64,979.3
2026-09-02 20:00:00,-49.0,16.0,364.9,21,170,43,985.4
2026-09-02 21:00:00,-50.2,18.6,237.8,99,321,74,976.9
2026-09-02 22:00:00,-49.9,13.1,0.0,38,284,70,966.7
2026-09-02 23:00:00,-50.6,19.7,0.0,79,242,53,993.9
2026-09-03 00:00:00,-47.2,16.6,0.0,14,303,74,975.8
2026-09-03 01:00:00,-52.1,10.1,0.0,7,287,81,981.5
2026-09-03 02:00:00,-50.9,12.0,0.0,14,245,78,971.9
2026-09-03 03:00:00,-48.9,18.9,0.0,6,55,54,969.9
2026-09-03 04:00:00,-49.7,10.4,0.0,48,59,51,985.6
2026-09-03 05:00:00,-49.7,16.5,315.4,35,39,47,958.0
2026-09-03 06:00:00,-48.7,4.7,392.2,49,242,70,982.8
2026-09-03 07:00:00,-47.5,24.0,470.9,71,69,43,966.9
2026-09-03 08:00:00,-47.2,14.3,439.3,84,176,50,1002.5
2026-09-03 09:00:00,-47.7,13.8,251.2,77,192,40,988.1
2026-09-03 10:00:00,-53.6,8.8,472.8,56,185,81,974.8
2026-09-03 11:00:00,-43.9,18.4,414.1,98,20,57,973.5
2026-09-03 12:00:00,-48.3,6.8,480.1,31,355,51,977.9
2026-09-03 13:00:00,-57.0,9.8,474.7,3,83,50,986.9
2026-09-03 14:00:00,-48.2,14.8,383.4,92,44,72,973.8
2026-09-03 15:00:00,-50.3,13.5,381.2,11,114,68,984.5
2026-09-03 16:00:00,-42.1,14.3,430.2,61,78,74,967.1
2026-09-03 17:00:00,-53.7,16.9,299.3,85,107,78,972.4
2026-09-03 18:00:00,-49.0,17.1,267.1,13,301,59,986.1
2026-09-03 19:00:00,-50.2,20.6,269.2,10,155,54,983.4
2026-09-03 20:00:00,-42.4,5.1,385.2,12,77,77,987.6
2026-09-03 21:00:00,-46.6,10.0,420.3,40,70,84,972.3
2026-09-03 22:00:00,-51.0,9.5,0.0,21,109,65,963.3
2026-09-03 23:00:00,-43.7,17.3,0.0,0,227,43,974.4
2026-09-04 00:00:00,-52.7,8.3,0.0,3,89,45,983.0
2026-09-04 01:00:00,-50.6,18.8,0.0,17,143,83,986.0
2026-09-04 02:00:00,-50.9,1.9,0.0,76,310,57,990.3
2026-09-04 03:00:00,-51.6,1.6,0.0,53,255,65,973.5
2026-09-04 04:00:00,-51.8,21.6,0.0,16,283,45,977.7
2026-09-04 05:00:00,-50.1,5.9,332.1,6,143,63,985.8
2026-09-04 06:00:00,-52.2,12.8,356.4,56,293,67,980.1
2026-09-04 07:00:00,-51.6,9.4,339.4,77,69,42,962.1
2026-09-04 08:00:00,-51.0,6.2,476.5,42,121,57,978.0
2026-09-04 09:00:00,-45.8,13.5,462.2,88,183,63,974.1
2026-09-04 10:00:00,-48.4,10.3,309.3,5,192,79,976.1
2026-09-04 11:00:00,-45.5,24.2,579.0,67,151,48,986.8
2026-09-04 12:00:00,-48.4,4.4,410.0,11,188,89,994.3
2026-09-04 13:00:00,-46.1,11.2,348.8,26,45,46,994.4
2026-09-04 14:00:00,-43.6,8.2,332.7,16,351,65,966.1
2026-09-04 15:00:00,-49.9,8.6,396.9,27,96,81,986.0
2026-09-04 16:00:00,-43.8,11.6,357.1,74,117,40,984.6
2026-09-04 17:00:00,-48.9,0.8,444.8,76,250,56,987.1
2026-09-04 18:00:00,-44.3,12.7,327.1,30,249,41,987.3
2026-09-04 19:00:00,-46.5,17.7,451.8,6,16,58,985.8
2026-09-04 20:00:00,-48.4,11.0,518.0,43,72,75,1004.2
2026-09-04 21:00:00,-46.3,15.6,401.7,32,64,65,956.7
2026-09-04 22:00:00,-45.9,12.9,0.0,32,131,89,966.0
2026-09-04 23:00:00,-42.7,18.2,0.0,87,296,60,986.1
2026-09-05 00:00:00,-45.2,10.9,0.0,24,345,85,968.9
2026-09-05 01:00:00,-46.2,8.2,0.0,67,1,80,983.4
2026-09-05 02:00:00,-46.2,15.0,0.0,6,231,88,984.3
2026-09-05 03:00:00,-45.9,22.2,0.0,35,315,79,981.2
2026-09-05 04:00:00,-46.4,12.9,0.0,88,154,64,984.1
2026-09-05 05:00:00,-48.2,5.3,575.1,54,190,44,980.1
2026-09-05 06:00:00,-45.4,12.6,501.0,63,320,58,991.5
2026-09-05 07:00:00,-46.5,15.2,412.5,44,233,50,964.9
2026-09-05 08:00:00,-48.7,15.9,642.1,46,133,47,972.1
2026-09-05 09:00:00,-48.9,11.9,516.0,7,89,76,967.0
2026-09-05 10:00:00,-54.1,12.4,433.9,55,357,68,961.6
2026-09-05 11:00:00,-50.2,15.4,418.1,31,98,59,974.2
2026-09-05 12:00:00,-48.3,9.0,569.9,56,6,72,983.3
2026-09-05 13:00:00,-49.4,10.0,395.3,63,328,70,985.5
2026-09-05 14:00:00,-47.2,12.4,387.0,92,33,61,976.4
2026-09-05 15:00:00,-56.1,11.0,379.2,93,196,60,965.8
2026-09-05 16:00:00,-47.3,13.1,421.8,2,111,46,995.3
2026-09-05 17:00:00,-48.5,18.8,397.0,68,80,46,965.5
2026-09-05 18:00:00,-46.2,5.2,353.9,34,306,66,972.3
2026-09-05 19:00:00,-46.6,15.1,515.1,6,286,47,973.6
2026-09-05 20:00:00,-44.2,16.1,615.9,47,340,45,978.6
2026-09-05 21:00:00,-50.2,14.8,393.8,65,178,62,979.8
2026-09-05 22:00:00,-45.3,16.7,0.0,78,192,76,965.4
2026-09-05 23:00:00,-45.9,11.1,0.0,31,25,73,976.9
2026-09-06 00:00:00,-48.0,4.1,0.0,88,52,88,980.5
2026-09-06 01:00:00,-47.6,16.7,0.0,7,286,46,986.4
2026-09-06 02:00:00,-43.6,8.9,0.0,72,113,47,1002.1
2026-09-06 03:00:00,-41.1,16.1,0.0,14,337,74,974.5
2026-09-06 04:00:00,-48.3,15.1,0.0,30,67,57,977.6
2026-09-06 05:00:00,-45.2,13.1,527.2,3,326,46,983.5
2026-09-06 06:00:00,-49.4,20.3,559.3,61,205,58,983.2
2026-09-06 07:00:00,-48.2,13.9,386.8,64,313,63,983.3
2026-09-06 08:00:00,-50.4,20.4,451.3,61,150,70,975.1
2026-09-06 09:00:00,-46.5,11.6,366.0,66,255,75,977.4
2026-09-06 10:00:00,-47.5,11.8,418.8,67,288,88,977.8
2026-09-06 11:00:00,-44.0,16.9,544.9,34,305,68,957.6
2026-09-06 12:00:00,-46.9,13.9,254.6,94,41,53,983.2
2026-09-06 13:00:00,-54.9,10.8,398.8,76,353,64,966.4
2026-09-06 14:00:00,-51.4,3.8,469.5,8,232,80,988.3
2026-09-06 15:00:00,-46.3,13.6,421.2,20,67,71,993.0
2026-09-06 16:00:00,-50.4,6.6,348.6,72,90,61,971.7
2026-09-06 17:00:00,-45.5,15.8,443.1,69,112,45,981.9
2026-09-06 18:00:00,-43.6,15.1,432.9,67,254,48,997.7
2026-09-06 19:00:00,-48.8,8.9,656.7,40,273,58,979.4
2026-09-06 20:00:00,-48.8,9.7,409.3,91,266,60,968.2
2026-09-06 21:00:00,-48.9,8.7,492.3,98,186,54,995.1
2026-09-06 22:00:00,-48.5,15.4,0.0,42,335,63,963.4
2026-09-06 23:00:00,-44.9,6.3,0.0,75,340,69,983.6
2026-09-07 00:00:00,-46.4,11.4,0.0,84,171,41,970.8
2026-09-07 01:00:00,-48.7,17.1,0.0,38,173,79,962.1
2026-09-07 02:00:00,-49.5,19.2,0.0,7,139,78,971.0
2026-09-07 03:00:00,-47.6,8.4,0.0,47,271,77,982.0
2026-09-07 04:00:00,-47.1,8.7,0.0,84,268,88,964.8
2026-09-07 05:00:00,-43.1,12.0,484.3,17,134,87,999.1
2026-09-07 06:00:00,-46.0,15.0,271.2,0,216,45,968.5
2026-09-07 07:00:00,-45.5,18.8,373.6,85,125,48,972.7
2026-09-07 08:00:00,-47.1,17.3,326.8,2,152,78,978.3
2026-09-07 09:00:00,-46.0,18.1,417.6,27,339,41,957.5
2026-09-07 10:00:00,-46.7,14.2,570.7,53,219,73,972.2
2026-09-07 11:00:00,-55.2,16.4,158.9,99,337,81,972.3
2026-09-07 12:00:00,-51.1,12.1,401.7,6,151,53,981.0
2026-09-07 13:00:00,-42.1,18.1,554.3,64,161,87,982.8
2026-09-07 14:00:00,-45.8,14.1,446.2,40,8,81,970.6
2026-09-07 15:00:00,-46.9,5.6,343.4,91,59,66,985.6
2026-09-07 16:00:00,-44.2,16.5,369.6,99,7,75,991.4
2026-09-07 17:00:00,-49.4,19.1,478.9,77,135,41,975.4
2026-09-07 18:00:00,-53.1,7.9,335.9,85,69,44,977.9
2026-09-07 19:00:00,-46.0,13.9,321.7,10,305,81,984.0
2026-09-07 20:00:00,-46.5,0.3,394.0,72,176,76,959.7
2026-09-07 21:00:00,-50.7,11.4,510.7,18,54,54,982.4
2026-09-07 22:00:00,-49.1,17.3,0.0,0,239,47,992.2
2026-09-07 23:00:00,-51.2,8.0,0.0,32,356,43,973.8
2026-09-08 00:00:00,-50.4,6.5,0.0,27,223,45,987.7
2026-09-08 01:00:00,-45.0,11.8,0.0,44,330,74,988.1
2026-09-08 02:00:00,-52.8,10.9,0.0,10,286,77,972.8
2026-09-08 03:00:00,-46.5,10.9,0.0,37,305,46,969.7
2026-09-08 04:00:00,-48.2,8.2,0.0,2,357,77,980.7
2026-09-08 05:00:00,-50.2,11.6,407.2,21,94,50,967.2
2026-09-08 06:00:00,-49.3,13.1,459.1,51,205,84,970.5
2026-09-08 07:00:00,-48.4,9.3,340.9,43,90,42,994.1
2026-09-08 08:00:00,-52.4,10.0,323.5,49,196,44,996.3
2026-09-08 09:00:00,-43.6,18.7,273.3,10,283,82,964.0
2026-09-08 10:00:00,-43.6,16.0,456.5,23,30,62,960.0
2026-09-08 11:00:00,-45.5,13.9,392.4,64,114,71,984.5
2026-09-08 12:00:00,-46.7,16.5,245.4,32,246,42,977.0
2026-09-08 13:00:00,-48.7,14.2,348.4,67,108,88,992.7
2026-09-08 14:00:00,-49.8,0.0,442.9,83,141,74,970.6
2026-09-08 15:00:00,-50.3,7.6,359.6,63,203,72,988.4
2026-09-08 16:00:00,-45.2,7.2,574.1,89,147,44,983.1
2026-09-08 17:00:00,-54.0,8.7,212.1,72,45,71,985.3
2026-09-08 18:00:00,-41.7,17.9,423.8,99,211,86,988.2
2026-09-08 19:00:00,-43.7,17.0,512.8,45,267,59,977.9
2026-09-08 20:00:00,-45.0,9.6,486.9,22,40,86,976.5
2026-09-08 21:00:00,-45.8,8.4,476.2,95,261,42,993.6
2026-09-08 22:00:00,-52.1,10.0,0.0,5,13,62,972.9
2026-09-08 23:00:00,-43.9,8.9,0.0,73,353,53,963.5
2026-09-09 00:00:00,-46.4,7.4,0.0,89,210,40,977.5
2026-09-09 01:00:00,-48.6,10.6,0.0,2,14,80,972.0
2026-09-09 02:00:00,-41.0,10.8,0.0,2,101,88,1000.8
2026-09-09 03:00:00,-44.4,16.0,0.0,83,139,82,970.6
2026-09-09 04:00:00,-50.1,14.9,0.0,54,142,53,968.8
2026-09-09 05:00:00,-49.8,8.9,465.6,18,290,41,968.7
2026-09-09 06:00:00,-51.0,13.9,516.6,61,131,79,965.0
2026-09-09 07:00:00,-44.9,9.7,349.3,2,151,55,977.9
2026-09-09 08:00:00,-49.2,0.8,327.6,66,8,80,985.6
2026-09-09 09:00:00,-45.6,21.0,239.0,1,230,41,978.0
2026-09-09 10:00:00,-50.2,14.0,263.0,34,2,77,980.7
2026-09-09 11:00:00,-45.6,15.8,498.6,77,246,44,968.2
2026-09-09 12:00:00,-47.7,9.2,417.3,24,189,79,965.3
2026-09-09 13:00:00,-44.3,19.5,390.5,3,114,64,987.3
2026-09-09 14:00:00,-44.5,13.7,243.4,46,108,61,984.7
2026-09-09 15:00:00,-44.5,12.1,348.9,10,285,62,983.2
2026-09-09 16:00:00,-45.1,13.6,482.5,70,292,54,992.7
2026-09-09 17:00:00,-46.6,8.4,448.0,2,82,85,1001.0
2026-09-09 18:00:00,-51.5,13.9,496.8,30,168,74,1004.5
2026-09-09 19:00:00,-47.8,13.5,358.3,99,217,71,979.1
2026-09-09 20:00:00,-45.4,15.1,364.7,52,340,86,979.5
2026-09-09 21:00:00,-49.4,6.9,368.1,52,182,43,1002.9
2026-09-09 22:00:00,-45.7,5.7,0.0,94,349,68,966.3
2026-09-09 23:00:00,-46.8,7.6,0.0,95,32,40,974.7
2026-09-10 00:00:00,-47.0,15.5,0.0,58,31,48,994.2
2026-09-10 01:00:00,-52.0,6.2,0.0,35,191,56,979.5
2026-09-10 02:00:00,-50.5,11.1,0.0,27,311,76,962.3
2026-09-10 03:00:00,-46.0,13.7,0.0,31,43,71,992.7
2026-09-10 04:00:00,-46.1,13.8,0.0,36,26,87,976.1
2026-09-10 05:00:00,-44.7,13.9,531.2,71,301,56,985.9
2026-09-10 06:00:00,-45.4,19.1,411.3,43,160,89,981.8
2026-09-10 07:00:00,-46.8,13.8,311.8,53,151,42,969.2
2026-09-10 08:00:00,-48.3,4.7,323.4,50,331,60,994.9
2026-09-10 09:00:00,-47.1,12.5,458.2,21,108,62,979.5
2026-09-10 10:00:00,-46.5,15.5,232.3,64,114,78,962.1
2026-09-10 11:00:00,-45.0,21.0,436.9,13,262,72,966.5
2026-09-10 12:00:00,-49.8,8.3,382.9,59,177,53,958.8
2026-09-10 13:00:00,-46.8,12.6,396.4,42,292,61,979.5
2026-09-10 14:00:00,-50.8,4.6,420.4,36,258,81,964.4
2026-09-10 15:00:00,-43.9,14.1,390.0,22,289,85,998.1
2026-09-10 16:00:00,-43.4,17.2,288.1,47,135,80,974.4
2026-09-10 17:00:00,-49.1,12.7,458.2,100,344,52,984.4
2026-09-10 18:00:00,-49.1,5.8,200.6,49,237,51,977.7
2026-09-10 19:00:00,-51.1,13.1,454.8,32,68,66,983.3
2026-09-10 20:00:00,-49.7,5.4,621.7,48,103,59,975.4
2026-09-10 21:00:00,-48.8,12.8,340.2,58,85,63,982.9
2026-09-10 22:00:00,-43.2,4.4,0.0,14,232,63,977.3
2026-09-10 23:00:00,-47.6,11.9,0.0,12,30,83,972.5
2026-09-11 00:00:00,-48.7,9.8,0.0,48,264,47,984.6
2026-09-11 01:00:00,-49.7,14.8,0.0,18,348,83,985.0
2026-09-11 02:00:00,-48.9,9.2,0.0,97,91,89,993.4
2026-09-11 03:00:00,-48.1,16.3,0.0,89,176,85,967.0
2026-09-11 04:00:00,-45.6,10.2,0.0,6,23,62,975.2
2026-09-11 05:00:00,-43.6,9.3,374.0,39,94,60,971.9
2026-09-11 06:00:00,-40.3,9.3,547.0,81,117,70,969.7
2026-09-11 07:00:00,-52.1,17.9,312.1,83,107,46,996.0
2026-09-11 08:00:00,-47.2,16.6,283.8,87,263,89,983.2
2026-09-11 09:00:00,-46.2,6.0,570.7,91,163,59,974.7
2026-09-11 10:00:00,-47.8,24.2,465.2,62,207,87,985.6
2026-09-11 11:00:00,-43.7,15.7,387.4,8,108,69,968.3
2026-09-11 12:00:00,-46.2,13.8,300.2,84,273,52,1001.9
2026-09-11 13:00:00,-43.2,10.3,472.3,82,1,45,968.3
2026-09-11 14:00:00,-45.1,10.7,324.2,38,66,56,975.5
2026-09-11 15:00:00,-44.8,11.4,451.3,6,304,89,961.5
2026-09-11 16:00:00,-43.7,12.1,362.2,45,106,71,978.1
2026-09-11 17:00:00,-43.4,9.0,403.6,92,331,71,967.8
2026-09-11 18:00:00,-45.0,7.4,455.3,98,88,76,986.4
2026-09-11 19:00:00,-48.3,21.5,494.7,99,190,84,983.1
2026-09-11 20:00:00,-44.6,13.0,417.5,49,176,47,994.2
2026-09-11 21:00:00,-48.9,11.7,510.3,87,6,48,977.0
2026-09-11 22:00:00,-47.8,11.5,0.0,51,176,89,971.0
2026-09-11 23:00:00,-44.7,9.1,0.0,73,64,76,971.3
2026-09-12 00:00:00,-45.1,13.6,0.0,31,134,61,991.5
2026-09-12 01:00:00,-45.1,17.6,0.0,26,296,59,980.3
2026-09-12 02:00:00,-45.4,15.0,0.0,13,104,61,968.8
2026-09-12 03:00:00,-46.2,10.9,0.0,65,354,78,974.8
2026-09-12 04:00:00,-43.9,16.1,0.0,57,353,70,979.9
2026-09-12 05:00:00,-41.0,17.0,603.0,64,268,61,991.9
2026-09-12 06:00:00,-47.9,14.9,423.7,26,54,86,977.5
2026-09-12 07:00:00,-45.4,25.5,538.1,1,245,80,968.2
2026-09-12 08:00:00,-50.1,13.1,401.2,95,89,79,983.4
2026-09-12 09:00:00,-43.4,16.4,222.2,32,303,60,986.6
2026-09-12 10:00:00,-46.4,18.3,396.1,27,190,71,975.6
2026-09-12 11:00:00,-45.6,1.5,251.0,56,280,70,994.2
2026-09-12 12:00:00,-46.0,16.0,433.5,92,128,56,970.8
2026-09-12 13:00:00,-47.1,11.8,326.5,87,292,54,967.7
2026-09-12 14:00:00,-45.1,9.6,283.6,55,175,64,970.4
2026-09-12 15:00:00,-44.4,14.3,620.4,0,245,74,978.6
2026-09-12 16:00:00,-37.8,10.3,532.7,31,115,60,959.1
2026-09-12 17:00:00,-45.2,3.6,410.3,61,14,79,982.7
2026-09-12 18:00:00,-45.4,7.9,417.8,31,348,62,973.4
2026-09-12 19:00:00,-49.4,6.4,371.3,73,78,83,956.1
2026-09-12 20:00:00,-51.0,8.8,213.0,30,53,76,995.4
2026-09-12 21:00:00,-51.8,13.2,193.6,98,162,52,959.5
2026-09-12 22:00:00,-49.1,18.4,0.0,21,180,76,974.2
2026-09-12 23:00:00,-48.9,15.5,0.0,9,265,57,987.4
2026-09-13 00:00:00,-44.9,12.5,0.0,36,314,75,967.8
2026-09-13 01:00:00,-45.4,9.5,0.0,95,165,73,987.5
2026-09-13 02:00:00,-50.9,16.7,0.0,76,238,43,973.7
2026-09-13 03:00:00,-47.7,14.0,0.0,56,336,84,968.1
2026-09-13 04:00:00,-41.9,11.8,0.0,34,353,78,1001.0
2026-09-13 05:00:00,-41.8,12.7,427.8,4,35,45,985.8
2026-09-13 06:00:00,-42.8,18.5,463.5,84,39,86,973.2
2026-09-13 07:00:00,-40.6,13.9,387.5,42,80,66,975.5
2026-09-13 08:00:00,-42.9,19.9,449.4,89,167,81,979.3
2026-09-13 09:00:00,-50.0,11.2,391.5,47,341,57,978.9
2026-09-13 10:00:00,-51.6,4.4,329.4,15,108,46,975.2
2026-09-13 11:00:00,-42.7,14.7,409.3,85,171,43,960.9
2026-09-13 12:00:00,-44.4,7.4,276.0,63,39,79,976.0
2026-09-13 13:00:00,-43.3,9.5,496.4,32,191,50,992.9
2026-09-13 14:00:00,-48.3,14.3,355.3,0,169,67,991.5
2026-09-13 15:00:00,-47.2,16.9,303.6,21,116,85,991.2
2026-09-13 16:00:00,-48.8,3.5,348.0,19,107,55,986.7
2026-09-13 17:00:00,-49.4,7.2,441.9,18,34,48,974.7
2026-09-13 18:00:00,-49.5,19.5,529.2,68,184,67,976.5
2026-09-13 19:00:00,-50.2,11.5,397.4,18,135,69,988.1
2026-09-13 20:00:00,-47.2,8.9,368.1,19,157,71,972.1
2026-09-13 21:00:00,-47.9,16.7,248.6,98,333,84,981.0
2026-09-13 22:00:00,-46.0,8.2,0.0,42,342,78,991.3
2026-09-13 23:00:00,-47.9,14.4,0.0,99,177,87,975.9
2026-09-14 00:00:00,-45.0,10.2,0.0,49,59,66,966.1
2026-09-14 01:00:00,-45.9,17.5,0.0,70,344,69,988.9
2026-09-14 02:00:00,-50.5,16.6,0.0,52,294,43,981.2
2026-09-14 03:00:00,-48.7,10.5,0.0,66,307,55,966.8
2026-09-14 04:00:00,-42.9,13.1,0.0,43,323,41,976.4
2026-09-14 05:00:00,-51.7,7.6,369.3,39,244,56,985.0
2026-09-14 06:00:00,-44.6,7.1,374.3,40,56,41,985.3
2026-09-14 07:00:00,-45.3,9.8,431.6,30,297,77,979.1
2026-09-14 08:00:00,-44.2,10.3,341.3,47,315,86,967.0
2026-09-14 09:00:00,-40.3,10.8,453.3,73,338,78,964.8
2026-09-14 10:00:00,-47.7,7.6,509.0,38,266,60,992.8
2026-09-14 11:00:00,-44.4,6.0,495.9,28,307,82,974.8
2026-09-14 12:00:00,-51.8,5.3,421.1,1,39,66,993.2
2026-09-14 13:00:00,-40.9,13.6,513.8,37,173,60,981.0
2026-09-14 14:00:00,-48.9,10.4,374.5,24,293,63,987.9
2026-09-14 15:00:00,-46.2,2.8,235.2,91,22,72,993.7
2026-09-14 16:00:00,-45.9,5.8,334.6,54,324,69,984.0
2026-09-14 17:00:00,-46.1,13.9,332.5,70,165,77,962.3
2026-09-14 18:00:00,-44.3,7.2,286.0,35,61,47,981.4
2026-09-14 19:00:00,-40.1,6.6,420.6,8,97,86,973.5
2026-09-14 20:00:00,-44.8,12.1,493.2,23,239,77,993.6
2026-09-14 21:00:00,-45.6,14.4,634.1,57,93,83,991.0
2026-09-14 22:00:00,-43.5,7.1,0.0,44,328,66,971.0
2026-09-14 23:00:00,-48.5,15.9,0.0,24,308,73,992.0
2026-09-15 00:00:00,-45.1,6.0,0.0,68,307,85,987.4
2026-09-15 01:00:00,-41.7,15.6,0.0,41,271,76,980.0
2026-09-15 02:00:00,-47.4,14.8,0.0,14,235,57,989.6
2026-09-15 03:00:00,-40.7,17.6,0.0,59,266,50,980.5
2026-09-15 04:00:00,-44.3,14.5,0.0,84,267,50,974.8
2026-09-15 05:00:00,-46.1,0.0,355.8,86,48,75,960.9
2026-09-15 06:00:00,-44.2,12.9,467.9,16,7,51,980.8
2026-09-15 07:00:00,-42.8,12.4,321.8,82,238,44,971.4
2026-09-15 08:00:00,-43.2,12.8,394.1,48,255,54,989.7
2026-09-15 09:00:00,-43.9,15.5,542.6,5,311,84,981.8
2026-09-15 10:00:00,-44.7,9.5,383.1,83,266,54,998.2
2026-09-15 11:00:00,-47.8,6.0,233.5,78,72,87,988.7
2026-09-15 12:00:00,-45.6,6.3,498.5,27,98,50,966.4
2026-09-15 13:00:00,-43.1,7.0,451.2,45,133,59,982.0
2026-09-15 14:00:00,-47.6,17.1,308.0,91,236,89,993.4
2026-09-15 15:00:00,-50.2,9.5,517.7,37,140,85,982.0
2026-09-15 16:00:00,-38.4,8.9,425.4,33,114,71,982.1
2026-09-15 17:00:00,-46.9,3.1,182.4,35,25,43,985.1
2026-09-15 18:00:00,-45.4,10.0,271.7,47,112,67,985.4
2026-09-15 19:00:00,-44.8,4.9,308.7,28,116,66,987.3
2026-09-15 20:00:00,-44.6,8.6,550.2,70,327,44,979.7
2026-09-15 21:00:00,-44.7,11.3,359.1,67,199,89,993.4
2026-09-15 22:00:00,-44.9,11.3,0.0,88,226,65,982.6
2026-09-15 23:00:00,-46.2,13.2,0.0,72,104,64,973.1
2026-09-16 00:00:00,-45.5,4.5,0.0,73,69,71,975.7
2026-09-16 01:00:00,-44.8,16.1,0.0,24,286,68,984.3
2026-09-16 02:00:00,-42.8,10.1,0.0,94,251,49,979.2
2026-09-16 03:00:00,-48.7,8.1,0.0,58,101,46,979.3
2026-09-16 04:00:00,-41.7,6.3,0.0,21,43,69,997.9
2026-09-16 05:00:00,-50.3,19.8,354.0,71,357,76,984.3
2026-09-16 06:00:00,-48.9,12.1,521.8,43,31,41,993.7
2026-09-16 07:00:00,-47.4,13.0,553.5,59,183,52,971.8
2026-09-16 08:00:00,-45.0,8.2,485.5,1,181,47,967.4
2026-09-16 09:00:00,-44.2,17.0,255.3,89,62,88,1002.4
2026-09-16 10:00:00,-41.7,15.4,400.4,64,140,60,985.7
2026-09-16 11:00:00,-42.5,19.7,375.9,2,214,68,971.5
2026-09-16 12:00:00,-45.7,0.0,316.0,55,327,75,973.1
2026-09-16 13:00:00,-49.8,12.6,464.3,77,299,67,973.1
2026-09-16 14:00:00,-41.6,5.6,289.3,27,117,63,978.2
2026-09-16 15:00:00,-43.7,5.5,321.2,86,151,86,987.6
2026-09-16 16:00:00,-40.0,8.4,443.8,0,249,84,954.7
2026-09-16 17:00:00,-44.5,12.6,298.8,16,213,83,994.6
2026-09-16 18:00:00,-42.2,13.7,284.8,63,337,70,987.7
2026-09-16 19:00:00,-45.9,9.7,314.1,83,0,53,974.6
2026-09-16 20:00:00,-43.8,9.6,321.8,5,26,73,979.2
2026-09-16 21:00:00,-39.7,13.0,372.1,32,35,45,978.7
2026-09-16 22:00:00,-42.2,12.9,0.0,93,79,59,989.7
2026-09-16 23:00:00,-41.3,18.4,0.0,11,349,89,963.6
2026-09-17 00:00:00,-38.6,11.4,0.0,29,148,56,974.3
2026-09-17 01:00:00,-41.1,7.4,0.0,16,290,40,979.4
2026-09-17 02:00:00,-41.4,10.1,0.0,37,333,51,975.8
2026-09-17 03:00:00,-41.6,10.8,0.0,41,186,56,977.0
2026-09-17 04:00:00,-47.8,13.8,0.0,49,283,64,990.7
2026-09-17 05:00:00,-49.4,9.3,370.1,23,85,77,982.5
2026-09-17 06:00:00,-47.4,10.9,300.4,80,96,62,975.7
2026-09-17 07:00:00,-44.2,8.7,395.1,77,279,88,978.1
2026-09-17 08:00:00,-39.5,13.2,440.7,27,177,60,979.6
2026-09-17 09:00:00,-44.9,6.6,308.6,27,96,77,967.5
2026-09-17 10:00:00,-39.8,16.5,216.4,14,67,61,992.3
2026-09-17 11:00:00,-44.6,8.9,281.2,62,266,55,981.6
2026-09-17 12:00:00,-46.1,16.1,406.4,4,58,72,1002.9
2026-09-17 13:00:00,-45.2,14.4,490.5,85,284,51,991.6
2026-09-17 14:00:00,-48.4,17.4,540.3,23,94,81,967.2
2026-09-17 15:00:00,-41.5,16.6,304.9,15,45,86,991.4
2026-09-17 16:00:00,-47.6,15.8,531.7,30,0,61,985.6
2026-09-17 17:00:00,-44.4,16.1,297.2,63,307,52,983.9
2026-09-17 18:00:00,-45.8,6.9,256.1,30,192,41,977.9
2026-09-17 19:00:00,-44.6,6.9,299.7,29,317,47,980.4
2026-09-17 20:00:00,-49.2,4.9,395.9,20,298,56,983.4
2026-09-17 21:00:00,-43.0,13.3,444.0,26,215,82,962.3
2026-09-17 22:00:00,-46.0,11.7,0.0,0,191,41,985.1
2026-09-17 23:00:00,-42.7,8.6,0.0,3,204,67,976.3
2026-09-18 00:00:00,-40.1,10.3,0.0,81,212,68,977.0
2026-09-18 01:00:00,-40.2,11.2,0.0,18,25,44,992.4
2026-09-18 02:00:00,-44.7,15.5,0.0,20,44,77,997.0
2026-09-18 03:00:00,-41.1,2.3,0.0,77,25,62,984.8
2026-09-18 04:00:00,-43.3,3.0,0.0,87,239,56,968.4
2026-09-18 05:00:00,-44.2,12.4,283.8,52,207,79,970.0
2026-09-18 06:00:00,-46.1,11.8,296.6,68,251,40,992.0
2026-09-18 07:00:00,-46.1,3.4,569.1,67,98,71,980.6
2026-09-18 08:00:00,-45.4,17.2,436.1,93,265,69,995.4
2026-09-18 09:00:00,-48.9,7.2,446.7,29,141,50,981.4
2026-09-18 10:00:00,-41.6,17.0,489.0,92,136,77,979.7
2026-09-18 11:00:00,-45.3,0.0,430.9,48,335,83,977.9
2026-09-18 12:00:00,-39.9,9.7,600.0,94,40,73,968.3
2026-09-18 13:00:00,-40.9,15.8,212.1,45,239,79,984.5
2026-09-18 14:00:00,-43.4,7.9,277.1,0,139,89,985.5
2026-09-18 15:00:00,-42.7,14.6,402.4,67,291,82,966.4
2026-09-18 16:00:00,-46.2,20.9,426.6,15,303,72,977.5
2026-09-18 17:00:00,-45.8,16.0,239.8,11,124,88,983.5
2026-09-18 18:00:00,-43.4,16.7,323.4,28,218,69,976.2
2026-09-18 19:00:00,-38.4,9.9,494.9,81,294,89,963.7
2026-09-18 20:00:00,-43.7,13.5,320.2,50,107,72,970.2
2026-09-18 21:00:00,-44.1,21.9,445.5,67,190,82,991.7
2026-09-18 22:00:00,-45.8,14.7,0.0,18,201,54,973.1
2026-09-18 23:00:00,-46.5,4.5,0.0,89,281,80,986.2
2026-09-19 00:00:00,-44.1,14.2,0.0,37,177,63,972.6
2026-09-19 01:00:00,-46.3,11.3,0.0,79,5,83,984.8
2026-09-19 02:00:00,-42.3,15.9,0.0,82,117,40,994.3
2026-09-19 03:00:00,-43.7,12.3,0.0,77,350,52,982.2
2026-09-19 04:00:00,-47.7,22.8,0.0,97,292,82,980.0
2026-09-19 05:00:00,-47.6,2.8,546.9,45,205,48,969.1
2026-09-19 06:00:00,-50.1,23.0,158.5,98,104,69,985.0
2026-09-19 07:00:00,-43.7,16.3,223.2,98,136,52,980.2
2026-09-19 08:00:00,-43.4,3.8,264.6,82,348,47,970.3
2026-09-19 09:00:00,-44.4,12.5,421.6,9,158,51,983.3
2026-09-19 10:00:00,-44.7,12.1,453.7,100,262,52,971.5
2026-09-19 11:00:00,-41.9,7.2,255.1,54,43,66,991.6
2026-09-19 12:00:00,-41.7,11.0,407.4,44,103,88,989.9
2026-09-19 13:00:00,-44.8,11.3,492.8,5,252,44,979.4
2026-09-19 14:00:00,-45.6,8.1,550.5,30,46,52,986.6
2026-09-19 15:00:00,-42.5,12.6,353.7,48,301,68,981.3
2026-09-19 16:00:00,-40.1,16.1,426.5,35,335,66,974.7
2026-09-19 17:00:00,-45.5,19.9,348.7,52,100,56,960.1
2026-09-19 18:00:00,-43.2,11.7,482.8,9,270,49,990.2
2026-09-19 19:00:00,-40.6,12.8,587.0,27,16,70,979.0
2026-09-19 20:00:00,-46.1,12.1,464.8,73,90,52,969.6
2026-09-19 21:00:00,-44.8,23.5,427.3,56,170,44,988.0
2026-09-19 22:00:00,-44.8,13.5,0.0,91,33,61,993.8
2026-09-19 23:00:00,-41.6,7.6,0.0,91,177,85,988.0
2026-09-20 00:00:00,-45.0,16.8,0.0,59,351,45,996.3
2026-09-20 01:00:00,-46.0,4.6,0.0,79,32,85,988.9
2026-09-20 02:00:00,-44.2,13.7,0.0,7,43,51,971.2
2026-09-20 03:00:00,-42.9,7.8,0.0,18,99,71,983.0
2026-09-20 04:00:00,-40.9,5.3,0.0,23,215,82,981.7
2026-09-20 05:00:00,-38.9,12.2,457.0,81,258,46,989.2
2026-09-20 06:00:00,-42.6,5.3,266.1,32,79,43,988.6
2026-09-20 07:00:00,-45.5,1.1,417.8,86,111,80,981.0
2026-09-20 08:00:00,-43.8,19.3,347.6,58,223,75,990.1
2026-09-20 09:00:00,-49.5,12.1,434.8,45,274,65,984.8
2026-09-20 10:00:00,-47.6,11.4,289.8,3,302,45,975.0
2026-09-20 11:00:00,-42.5,8.0,337.8,84,291,84,969.7
2026-09-20 12:00:00,-43.9,18.5,432.0,15,54,84,997.8
2026-09-20 13:00:00,-43.5,13.2,315.4,37,204,76,963.3
2026-09-20 14:00:00,-38.8,12.6,302.8,26,92,72,980.6
2026-09-20 15:00:00,-43.3,8.0,342.0,31,240,47,983.4
2026-09-20 16:00:00,-42.6,9.7,338.7,60,26,46,981.3
2026-09-20 17:00:00,-46.3,14.1,445.0,46,33,81,977.8
2026-09-20 18:00:00,-39.4,11.6,314.8,87,93,89,972.7
2026-09-20 19:00:00,-47.2,6.6,328.2,22,352,68,967.6
2026-09-20 20:00:00,-38.3,8.9,479.3,46,25,50,997.9
2026-09-20 21:00:00,-48.0,7.4,434.5,96,144,64,977.4
2026-09-20 22:00:00,-43.1,17.3,0.0,7,306,53,964.3
2026-09-20 23:00:00,-42.4,15.3,0.0,14,284,65,980.9
2026-09-21 00:00:00,-39.2,17.4,0.0,60,256,49,999.5
2026-09-21 01:00:00,-46.1,12.3,0.0,96,12,85,972.6
2026-09-21 02:00:00,-41.3,9.1,0.0,93,65,73,975.4
2026-09-21 03:00:00,-42.6,5.7,0.0,20,219,43,967.4
2026-09-21 04:00:00,-48.0,7.5,0.0,92,109,53,979.0
2026-09-21 05:00:00,-44.4,4.7,462.2,81,105,60,969.6
2026-09-21 06:00:00,-45.2,4.5,339.3,3,124,64,985.3
2026-09-21 07:00:00,-42.7,9.8,244.7,97,215,52,1006.0
2026-09-21 08:00:00,-42.3,8.5,386.9,69,278,89,974.5
2026-09-21 09:00:00,-47.0,11.9,308.9,19,329,83,965.0
2026-09-21 10:00:00,-38.1,19.4,461.0,84,193,80,996.6
2026-09-21 11:00:00,-39.2,16.2,436.5,21,150,40,970.5
2026-09-21 12:00:00,-45.8,13.7,350.3,54,147,68,983.0
2026-09-21 13:00:00,-43.6,16.6,450.7,4,57,71,976.8
2026-09-21 14:00:00,-38.0,10.0,270.1,41,69,81,971.6
2026-09-21 15:00:00,-42.5,15.1,193.5,33,293,72,982.5
2026-09-21 16:00:00,-47.3,9.0,474.2,100,57,67,978.9
2026-09-21 17:00:00,-42.7,17.4,241.0,68,4,81,969.2
2026-09-21 18:00:00,-42.9,7.4,469.9,36,174,89,967.1
2026-09-21 19:00:00,-45.6,8.6,405.2,100,274,78,992.3
2026-09-21 20:00:00,-43.3,22.8,259.3,29,88,70,976.2
2026-09-21 21:00:00,-40.8,15.7,185.7,92,167,82,994.4
2026-09-21 22:00:00,-40.7,15.4,0.0,85,294,81,984.0
2026-09-21 23:00:00,-43.6,14.8,0.0,2,297,68,980.4
2026-09-22 00:00:00,-45.3,17.0,0.0,71,310,78,969.7
2026-09-22 01:00:00,-43.4,22.4,0.0,68,48,63,978.4
2026-09-22 02:00:00,-39.8,10.3,0.0,93,226,57,984.2
2026-09-22 03:00:00,-40.8,12.5,0.0,24,191,43,987.4
2026-09-22 04:00:00,-45.4,7.2,0.0,75,79,82,961.2
2026-09-22 05:00:00,-42.4,9.7,428.3,81,3,71,969.4
2026-09-22 06:00:00,-42.1,11.3,295.7,94,48,64,981.3
2026-09-22 07:00:00,-44.4,11.6,373.1,7,80,56,982.5
2026-09-22 08:00:00,-48.6,11.2,457.6,35,335,89,979.2
2026-09-22 09:00:00,-42.9,12.9,417.6,84,213,67,980.0
2026-09-22 10:00:00,-45.6,8.9,515.4,1,357,53,968.5
2026-09-22 11:00:00,-46.5,9.7,533.8,43,150,46,964.6
2026-09-22 12:00:00,-40.7,2.9,350.6,28,238,67,978.1
2026-09-22 13:00:00,-44.4,17.4,381.1,99,224,47,984.8
2026-09-22 14:00:00,-42.6,5.5,332.1,39,286,62,979.6
2026-09-22 15:00:00,-41.3,14.2,396.8,81,222,77,968.4
2026-09-22 16:00:00,-43.1,12.9,377.6,73,216,40,955.9
2026-09-22 17:00:00,-48.7,10.6,301.2,0,207,80,961.7
2026-09-22 18:00:00,-45.9,14.3,494.8,55,57,43,977.8
2026-09-22 19:00:00,-40.7,8.1,410.9,78,183,62,981.6
2026-09-22 20:00:00,-40.6,10.9,425.0,71,26,73,968.8
2026-09-22 21:00:00,-44.8,14.9,285.5,51,268,69,985.9
2026-09-22 22:00:00,-40.2,16.5,0.0,41,65,57,982.4
2026-09-22 23:00:00,-37.8,11.3,0.0,67,319,60,969.4
2026-09-23 00:00:00,-45.6,11.1,0.0,13,246,70,992.4
2026-09-23 01:00:00,-48.4,17.4,0.0,58,8,82,974.9
2026-09-23 02:00:00,-41.0,18.9,0.0,9,41,73,981.0
2026-09-23 03:00:00,-43.4,18.6,0.0,49,272,54,987.4
2026-09-23 04:00:00,-36.8,11.8,0.0,69,260,48,986.4
2026-09-23 05:00:00,-43.5,7.6,277.8,98,114,82,987.2
2026-09-23 06:00:00,-47.0,12.4,334.8,20,315,50,969.7
2026-09-23 07:00:00,-45.1,10.4,338.5,75,72,48,985.1
2026-09-23 08:00:00,-45.7,17.2,265.1,85,157,89,983.1
2026-09-23 09:00:00,-37.2,14.5,366.3,44,330,80,994.3
2026-09-23 10:00:00,-44.0,4.9,291.9,98,39,45,981.0
2026-09-23 11:00:00,-39.3,9.5,345.4,46,325,59,965.0
2026-09-23 12:00:00,-44.2,20.3,368.8,55,173,43,979.8
2026-09-23 13:00:00,-37.5,6.1,654.6,80,147,65,968.9
2026-09-23 14:00:00,-45.8,22.2,466.2,44,156,42,980.6
2026-09-23 15:00:00,-49.4,10.5,526.8,94,178,48,989.9
2026-09-23 16:00:00,-45.2,16.3,176.9,87,118,61,972.2
2026-09-23 17:00:00,-40.1,8.4,216.7,33,340,71,959.5
2026-09-23 18:00:00,-38.9,10.3,403.7,69,258,80,980.6
2026-09-23 19:00:00,-47.2,9.6,569.9,36,85,48,965.0
2026-09-23 20:00:00,-47.1,14.8,327.7,81,110,49,967.9
2026-09-23 21:00:00,-45.7,16.9,546.7,56,258,59,963.4
2026-09-23 22:00:00,-39.8,15.2,0.0,76,150,54,979.1
2026-09-23 23:00:00,-40.8,14.8,0.0,13,89,86,967.7
2026-09-24 00:00:00,-40.6,11.2,0.0,94,178,64,987.5
2026-09-24 01:00:00,-39.0,7.3,0.0,53,30,73,980.8
2026-09-24 02:00:00,-43.4,12.0,0.0,50,343,46,991.2
2026-09-24 03:00:00,-42.4,8.1,0.0,69,241,60,983.2
2026-09-24 04:00:00,-43.3,14.1,0.0,97,55,52,972.9
2026-09-24 05:00:00,-40.5,12.2,509.7,78,170,89,972.8
2026-09-24 06:00:00,-41.1,18.4,622.2,58,299,75,983.4
2026-09-24 07:00:00,-38.7,15.5,410.1,47,218,40,990.7
2026-09-24 08:00:00,-43.0,10.5,366.8,42,94,64,966.7
2026-09-24 09:00:00,-44.8,8.9,315.4,34,285,45,971.0
2026-09-24 10:00:00,-40.8,13.3,534.7,45,112,61,969.7
2026-09-24 11:00:00,-47.2,21.3,466.8,71,41,61,991.6
2026-09-24 12:00:00,-41.0,12.5,442.5,6,88,86,986.9
2026-09-24 13:00:00,-43.1,8.2,519.7,42,343,86,991.9
2026-09-24 14:00:00,-41.8,6.9,369.0,71,277,41,995.2
2026-09-24 15:00:00,-38.4,8.0,162.8,35,257,57,983.3
2026-09-24 16:00:00,-43.2,3.5,360.5,3,194,68,988.0
2026-09-24 17:00:00,-37.5,13.8,355.7,75,6,54,981.4
2026-09-24 18:00:00,-44.7,13.0,599.5,25,280,60,984.0
2026-09-24 19:00:00,-41.2,13.8,363.1,85,118,65,981.6
2026-09-24 20:00:00,-43.7,13.9,584.5,39,140,73,961.5
2026-09-24 21:00:00,-42.4,8.1,290.1,45,262,66,978.0
2026-09-24 22:00:00,-40.6,10.9,0.0,32,2,47,1004.3
2026-09-24 23:00:00,-46.5,12.1,0.0,25,13,41,974.5
2026-09-25 00:00:00,-43.9,9.8,0.0,42,69,80,973.3
2026-09-25 01:00:00,-39.7,15.6,0.0,1,191,54,975.1
2026-09-25 02:00:00,-45.9,21.5,0.0,94,80,57,985.8
2026-09-25 03:00:00,-41.0,9.7,0.0,35,284,52,988.9
2026-09-25 04:00:00,-40.3,14.6,0.0,74,130,64,991.9
2026-09-25 05:00:00,-42.9,12.0,334.5,31,57,48,971.0
2026-09-25 06:00:00,-43.9,11.9,644.9,72,196,68,992.1
2026-09-25 07:00:00,-39.7,15.7,450.4,48,81,83,991.8
2026-09-25 08:00:00,-42.1,16.5,399.4,43,82,82,986.1
2026-09-25 09:00:00,-45.4,5.5,517.4,75,208,50,984.4
2026-09-25 10:00:00,-39.2,4.5,398.2,21,38,67,975.0
2026-09-25 11:00:00,-42.8,14.6,440.1,49,299,50,999.7
2026-09-25 12:00:00,-42.3,11.4,322.9,19,351,59,998.7
2026-09-25 13:00:00,-43.2,16.7,483.0,7,18,56,994.3
2026-09-25 14:00:00,-42.0,7.4,541.3,0,195,53,978.1
2026-09-25 15:00:00,-41.9,12.5,448.1,72,159,80,990.7
2026-09-25 16:00:00,-45.5,9.5,496.3,9,10,63,992.4
2026-09-25 17:00:00,-36.2,15.5,297.7,3,200,45,982.0
2026-09-25 18:00:00,-41.7,11.4,308.0,90,278,40,968.9
2026-09-25 19:00:00,-38.3,15.0,300.3,26,135,66,1002.6
2026-09-25 20:00:00,-40.6,10.3,553.9,2,121,83,975.7
2026-09-25 21:00:00,-42.5,17.7,423.1,24,15,60,997.6
2026-09-25 22:00:00,-42.4,14.1,0.0,20,336,60,975.3
2026-09-25 23:00:00,-42.3,12.7,0.0,97,127,52,963.2
2026-09-26 00:00:00,-37.5,10.8,0.0,42,168,76,982.9
2026-09-26 01:00:00,-43.6,14.3,0.0,49,282,86,986.6
2026-09-26 02:00:00,-37.2,15.6,0.0,2,231,54,984.8
2026-09-26 03:00:00,-41.1,9.3,0.0,12,189,83,968.4
2026-09-26 04:00:00,-39.1,10.4,0.0,57,250,69,993.3
2026-09-26 05:00:00,-41.9,17.5,304.6,73,73,78,957.5
2026-09-26 06:00:00,-43.8,15.2,498.2,57,352,81,1000.4
2026-09-26 07:00:00,-42.2,12.4,441.4,67,44,82,973.0
2026-09-26 08:00:00,-38.6,10.8,399.3,28,94,76,988.5
2026-09-26 09:00:00,-39.2,13.7,394.7,54,223,73,974.8
2026-09-26 10:00:00,-34.8,6.1,451.3,23,86,40,977.3
2026-09-26 11:00:00,-40.3,9.6,381.3,80,201,61,986.2
2026-09-26 12:00:00,-46.5,18.4,361.7,100,219,85,983.7
2026-09-26 13:00:00,-41.6,12.1,402.1,86,335,42,978.6
2026-09-26 14:00:00,-44.2,11.1,438.8,7,163,65,981.6
2026-09-26 15:00:00,-39.9,7.7,458.1,55,25,69,981.1
2026-09-26 16:00:00,-42.8,6.7,369.9,51,34,68,983.5
2026-09-26 17:00:00,-46.9,4.6,407.8,22,266,49,995.9
2026-09-26 18:00:00,-42.1,9.6,285.7,6,281,89,973.3
2026-09-26 19:00:00,-42.5,7.0,420.1,93,331,45,982.9
2026-09-26 20:00:00,-38.2,13.1,386.5,45,201,63,981.5
2026-09-26 21:00:00,-36.5,16.4,476.6,47,329,87,992.0
2026-09-26 22:00:00,-39.3,9.5,0.0,40,291,49,977.4
2026-09-26 23:00:00,-42.4,24.0,0.0,97,314,64,979.3
2026-09-27 00:00:00,-38.4,8.3,0.0,7,70,41,995.2
2026-09-27 01:00:00,-38.7,6.3,0.0,71,50,83,975.3
2026-09-27 02:00:00,-42.5,10.4,0.0,31,123,68,978.9
2026-09-27 03:00:00,-41.7,19.7,0.0,38,41,86,971.2
2026-09-27 04:00:00,-36.4,14.5,0.0,1,188,44,985.9
2026-09-27 05:00:00,-38.4,10.9,454.4,98,106,85,972.8
2026-09-27 06:00:00,-45.0,14.0,531.3,90,211,63,983.8
2026-09-27 07:00:00,-42.1,7.9,517.9,81,353,42,970.8
2026-09-27 08:00:00,-37.2,7.0,469.9,83,92,44,984.0
2026-09-27 09:00:00,-40.4,14.4,341.5,55,253,62,971.3
2026-09-27 10:00:00,-44.2,7.9,367.0,45,61,62,982.5
2026-09-27 11:00:00,-43.4,10.1,505.8,85,93,66,976.2
2026-09-27 12:00:00,-41.6,8.7,610.4,71,355,87,965.8
2026-09-27 13:00:00,-45.0,12.6,443.9,31,49,61,974.0
2026-09-27 14:00:00,-39.1,14.3,483.4,6,285,64,989.1
2026-09-27 15:00:00,-39.8,13.8,353.8,68,78,76,960.3
2026-09-27 16:00:00,-43.4,17.0,516.9,60,266,49,974.9
2026-09-27 17:00:00,-38.5,11.0,265.3,68,283,54,979.0
2026-09-27 18:00:00,-41.9,10.7,454.4,61,39,55,970.5
2026-09-27 19:00:00,-48.2,9.3,395.7,15,242,44,977.2
2026-09-27 20:00:00,-43.9,11.7,465.7,46,316,70,972.9
2026-09-27 21:00:00,-39.8,4.5,372.2,73,153,85,977.2
2026-09-27 22:00:00,-44.7,9.5,0.0,68,291,45,980.7
2026-09-27 23:00:00,-41.9,16.3,0.0,51,272,63,981.9
2026-09-28 00:00:00,-44.9,9.1,0.0,71,271,55,988.9
2026-09-28 01:00:00,-44.4,14.9,0.0,49,79,72,987.0
2026-09-28 02:00:00,-42.0,16.1,0.0,70,206,56,993.1
2026-09-28 03:00:00,-40.3,8.0,0.0,74,162,78,997.0
2026-09-28 04:00:00,-38.6,2.2,0.0,44,71,87,964.5
2026-09-28 05:00:00,-44.0,11.3,381.2,48,48,62,997.2
2026-09-28 06:00:00,-39.6,11.3,413.3,3,71,73,968.9
2026-09-28 07:00:00,-41.9,8.4,513.1,38,90,66,973.6
2026-09-28 08:00:00,-44.7,7.6,433.2,17,187,48,970.0
2026-09-28 09:00:00,-36.6,20.8,349.9,17,272,79,982.4
2026-09-28 10:00:00,-40.9,16.9,490.3,62,104,73,968.6
2026-09-28 11:00:00,-44.7,10.2,349.8,23,272,70,994.2
2026-09-28 12:00:00,-39.7,12.6,563.9,4,229,53,989.6
2026-09-28 13:00:00,-38.7,20.9,402.1,81,329,63,976.0
2026-09-28 14:00:00,-44.1,10.8,230.6,92,113,55,990.0
2026-09-28 15:00:00,-41.3,19.6,390.5,89,58,89,968.2
2026-09-28 16:00:00,-41.0,8.3,354.5,32,273,54,962.0
2026-09-28 17:00:00,-46.5,15.8,267.5,63,346,41,987.8
2026-09-28 18:00:00,-40.3,12.7,507.0,78,275,63,956.2
2026-09-28 19:00:00,-46.9,13.4,295.9,83,106,79,984.5
2026-09-28 20:00:00,-44.6,10.1,359.8,15,170,83,1002.2
2026-09-28 21:00:00,-40.6,4.5,271.0,67,191,68,968.4
2026-09-28 22:00:00,-38.8,13.0,0.0,32,39,40,971.2
2026-09-28 23:00:00,-43.7,17.2,0.0,96,198,41,949.8
2026-09-29 00:00:00,-42.6,7.9,0.0,88,164,44,974.1
2026-09-29 01:00:00,-43.7,9.0,0.0,11,73,69,975.4
2026-09-29 02:00:00,-44.1,5.4,0.0,26,287,82,975.2
2026-09-29 03:00:00,-40.8,12.7,0.0,65,281,59,973.0
2026-09-29 04:00:00,-38.3,7.4,0.0,78,236,59,985.0
2026-09-29 05:00:00,-37.6,4.1,420.6,19,221,48,987.8
2026-09-29 06:00:00,-41.3,20.6,286.4,84,58,48,979.9
2026-09-29 07:00:00,-40.7,6.9,437.0,50,105,62,995.2
2026-09-29 08:00:00,-44.1,8.4,445.6,40,339,57,979.7
2026-09-29 09:00:00,-43.5,9.0,450.0,96,140,45,970.9
2026-09-29 10:00:00,-38.7,16.8,428.3,2,95,82,964.2
2026-09-29 11:00:00,-37.4,9.2,392.6,90,325,86,993.6
2026-09-29 12:00:00,-36.9,3.5,505.5,50,84,60,997.0
2026-09-29 13:00:00,-39.1,15.0,431.2,52,81,81,992.1
2026-09-29 14:00:00,-41.2,8.0,532.4,68,114,45,1002.2
2026-09-29 15:00:00,-39.1,16.7,507.8,100,73,67,962.0
2026-09-29 16:00:00,-42.3,7.8,551.7,19,176,50,992.8
2026-09-29 17:00:00,-47.6,12.3,471.6,54,181,48,968.9
2026-09-29 18:00:00,-42.4,9.0,303.0,16,61,64,983.1
2026-09-29 19:00:00,-43.7,11.0,398.8,76,295,75,985.6
2026-09-29 20:00:00,-41.7,15.9,396.2,42,142,57,958.4
2026-09-29 21:00:00,-39.6,22.1,272.9,82,52,74,978.8
2026-09-29 22:00:00,-38.7,15.4,0.0,80,158,81,964.8
2026-09-29 23:00:00,-40.7,14.2,0.0,48,181,82,980.4
2026-09-30 00:00:00,-41.6,14.6,0.0,26,55,47,975.5
2026-09-30 01:00:00,-40.1,12.9,0.0,50,231,53,973.5
2026-09-30 02:00:00,-42.0,10.6,0.0,77,15,79,960.4
2026-09-30 03:00:00,-34.6,13.1,0.0,51,267,42,981.7
2026-09-30 04:00:00,-45.8,18.9,0.0,30,79,73,976.2
2026-09-30 05:00:00,-37.5,16.8,288.4,74,190,65,979.1
2026-09-30 06:00:00,-44.6,6.7,392.8,50,56,46,968.6
2026-09-30 07:00:00,-39.9,8.0,240.6,88,356,82,994.6
2026-09-30 08:00:00,-43.8,8.9,292.7,61,236,41,980.9
2026-09-30 09:00:00,-41.9,18.3,269.5,58,140,86,976.8
2026-09-30 10:00:00,-36.6,14.8,299.7,27,337,48,984.8
2026-09-30 11:00:00,-42.0,14.6,464.8,41,317,75,1000.1
2026-09-30 12:00:00,-45.4,0.0,345.0,33,100,51,992.2
2026-09-30 13:00:00,-35.9,15.2,166.1,30,160,57,983.2
2026-09-30 14:00:00,-39.2,16.2,530.9,94,68,42,992.2
2026-09-30 15:00:00,-45.3,4.8,487.4,76,83,74,985.7
2026-09-30 16:00:00,-38.3,15.0,364.7,59,221,83,998.4
2026-09-30 17:00:00,-39.5,16.8,488.5,86,306,80,981.6
2026-09-30 18:00:00,-37.6,6.8,223.4,57,5,50,982.4
2026-09-30 19:00:00,-41.9,19.5,232.6,19,264,47,972.5
2026-09-30 20:00:00,-35.3,7.2,298.6,36,143,59,980.6
2026-09-30 21:00:00,-41.0,13.4,214.9,60,318,40,966.1
2026-09-30 22:00:00,-37.9,0.7,0.0,33,344,51,988.1
2026-09-30 23:00:00,-36.0,8.3,0.0,65,335,85,970.5
2026-10-01 00:00:00,-38.5,9.5,0.0,47,197,47,970.8
2026-10-01 01:00:00,-42.0,10.9,0.0,97,208,66,971.9
2026-10-01 02:00:00,-37.7,20.0,0.0,84,244,82,997.5
2026-10-01 03:00:00,-39.4,12.7,0.0,80,49,40,966.7
2026-10-01 04:00:00,-34.4,11.4,0.0,89,67,71,981.4
2026-10-01 05:00:00,-40.8,11.5,246.5,3,72,81,977.2
2026-10-01 06:00:00,-36.9,13.3,532.2,13,9,56,975.4
2026-10-01 07:00:00,-39.0,9.0,463.8,92,57,44,960.9
2026-10-01 08:00:00,-38.2,0.0,273.3,86,339,53,989.1
2026-10-01 09:00:00,-38.0,7.7,366.6,96,330,75,999.6
2026-10-01 10:00:00,-36.4,8.6,307.9,26,60,69,981.6
2026-10-01 11:00:00,-35.8,18.3,530.8,1,53,75,994.0
2026-10-01 12:00:00,-39.0,7.8,286.1,22,58,44,991.5
2026-10-01 13:00:00,-37.9,14.7,360.2,37,322,89,970.3
2026-10-01 14:00:00,-37.6,12.0,224.1,13,62,73,967.0
2026-10-01 15:00:00,-37.5,9.3,473.3,8,35,52,973.6
2026-10-01 16:00:00,-39.0,6.8,151.1,26,328,64,987.8
2026-10-01 17:00:00,-39.8,14.1,229.2,18,268,52,981.3
2026-10-01 18:00:00,-38.2,10.1,424.3,58,159,45,984.9
2026-10-01 19:00:00,-35.1,14.4,571.2,5,357,84,979.4
2026-10-01 20:00:00,-37.4,12.3,248.1,67,286,49,987.7
2026-10-01 21:00:00,-40.1,17.9,241.4,58,134,76,976.5
2026-10-01 22:00:00,-38.1,4.8,0.0,34,279,80,979.7
2026-10-01 23:00:00,-40.9,4.6,0.0,34,48,42,971.1
2026-10-02 00:00:00,-44.0,13.3,0.0,20,155,80,984.5
2026-10-02 01:00:00,-38.4,18.4,0.0,67,89,62,969.4
2026-10-02 02:00:00,-33.0,12.0,0.0,79,47,78,978.1
2026-10-02 03:00:00,-38.9,10.3,0.0,16,75,71,981.4
2026-10-02 04:00:00,-43.8,9.7,0.0,87,333,46,973.1
2026-10-02 05:00:00,-44.8,11.0,488.8,40,246,64,962.3
2026-10-02 06:00:00,-37.8,7.5,306.9,87,174,53,978.8
2026-10-02 07:00:00,-41.5,10.3,329.8,82,54,45,959.7
2026-10-02 08:00:00,-35.3,11.7,150.6,7,132,42,992.1
2026-10-02 09:00:00,-39.9,14.4,288.5,78,120,52,970.4
2026-10-02 10:00:00,-44.3,9.1,473.8,38,146,83,956.4
2026-10-02 11:00:00,-41.6,16.3,363.0,2,39,84,972.9
2026-10-02 12:00:00,-38.4,6.6,458.0,90,231,53,967.3
2026-10-02 13:00:00,-37.7,21.5,253.9,9,343,77,984.4
2026-10-02 14:00:00,-36.6,15.1,365.2,42,285,78,984.2
2026-10-02 15:00:00,-40.8,9.4,412.0,38,5,77,968.9
2026-10-02 16:00:00,-45.8,12.6,344.2,12,3,72,971.6
2026-10-02 17:00:00,-42.9,6.3,379.0,41,345,49,989.3
2026-10-02 18:00:00,-39.4,8.2,410.5,28,108,66,982.7
2026-10-02 19:00:00,-35.9,17.0,479.2,34,105,85,955.0
2026-10-02 20:00:00,-43.9,5.0,402.0,28,95,40,972.5
2026-10-02 21:00:00,-38.2,10.4,349.6,35,60,55,993.6
2026-10-02 22:00:00,-44.0,5.6,0.0,49,212,58,965.7
2026-10-02 23:00:00,-42.0,8.1,0.0,47,304,79,973.7
2026-10-03 00:00:00,-35.8,5.1,0.0,92,256,48,996.3
2026-10-03 01:00:00,-40.6,10.9,0.0,26,106,63,995.8
2026-10-03 02:00:00,-43.4,18.3,0.0,38,139,45,981.6
2026-10-03 03:00:00,-42.1,11.7,0.0,63,329,47,982.5
2026-10-03 04:00:00,-39.1,12.1,0.0,70,195,81,982.0
2026-10-03 05:00:00,-39.1,14.4,454.4,64,48,74,984.4
2026-10-03 06:00:00,-39.3,0.3,345.7,32,289,58,969.7
2026-10-03 07:00:00,-37.3,5.2,355.3,98,192,55,984.8
2026-10-03 08:00:00,-36.8,14.1,362.9,61,218,54,962.8
2026-10-03 09:00:00,-42.5,12.3,362.4,42,97,72,991.5
2026-10-03 10:00:00,-34.9,5.1,531.1,3,203,44,986.7
2026-10-03 11:00:00,-37.8,10.6,459.4,28,309,62,980.8
2026-10-03 12:00:00,-45.0,3.8,334.2,30,200,54,988.6
2026-10-03 13:00:00,-40.4,11.8,315.4,75,134,69,976.1
2026-10-03 14:00:00,-41.6,15.4,354.9,51,294,62,992.6
2026-10-03 15:00:00,-36.4,20.4,274.2,65,222,41,986.5
2026-10-03 16:00:00,-37.8,18.5,569.0,37,110,43,994.2
2026-10-03 17:00:00,-36.4,8.2,435.8,53,353,86,988.0
2026-10-03 18:00:00,-37.6,13.6,295.5,49,2,84,983.9
2026-10-03 19:00:00,-36.8,12.7,382.6,64,137,47,984.5
2026-10-03 20:00:00,-40.9,8.0,649.6,3,217,65,986.6
2026-10-03 21:00:00,-45.1,17.3,473.5,30,353,52,985.6
2026-10-03 22:00:00,-37.4,12.0,0.0,100,261,80,986.3
2026-10-03 23:00:00,-35.3,11.4,0.0,85,73,42,972.6
2026-10-04 00:00:00,-43.2,13.9,0.0,20,123,75,977.3
2026-10-04 01:00:00,-39.4,17.7,0.0,98,146,50,972.3
2026-10-04 02:00:00,-41.6,12.4,0.0,14,69,63,993.9
2026-10-04 03:00:00,-44.4,22.6,0.0,10,276,55,976.5
2026-10-04 04:00:00,-38.6,15.3,0.0,87,84,54,994.6
2026-10-04 05:00:00,-41.4,12.0,343.4,38,58,61,974.0
2026-10-04 06:00:00,-37.3,13.7,265.0,63,143,87,969.9
2026-10-04 07:00:00,-41.2,9.1,337.3,99,143,52,983.3
2026-10-04 08:00:00,-47.2,12.7,516.2,0,18,71,980.7
2026-10-04 09:00:00,-43.5,4.4,536.7,35,241,79,991.0
2026-10-04 10:00:00,-41.7,10.5,393.3,50,23,51,980.4
2026-10-04 11:00:00,-41.5,16.0,387.6,3,105,47,989.3
2026-10-04 12:00:00,-34.3,14.8,515.0,53,225,76,985.3
2026-10-04 13:00:00,-40.4,4.2,461.3,58,231,49,994.8
2026-10-04 14:00:00,-39.3,11.7,309.5,83,295,69,994.7
2026-10-04 15:00:00,-41.9,6.0,359.4,63,261,82,961.5
2026-10-04 16:00:00,-41.6,19.2,354.6,38,10,67,977.5
2026-10-04 17:00:00,-43.8,2.0,346.3,59,228,68,959.9
2026-10-04 18:00:00,-43.7,8.2,283.0,70,291,44,974.4
2026-10-04 19:00:00,-36.7,6.2,553.3,49,12,56,949.0
2026-10-04 20:00:00,-35.5,10.0,530.3,43,246,78,995.1
2026-10-04 21:00:00,-39.4,5.8,341.7,48,177,60,977.5
2026-10-04 22:00:00,-41.3,5.7,0.0,69,159,50,967.3
2026-10-04 23:00:00,-37.1,11.5,0.0,88,164,74,996.1
2026-10-05 00:00:00,-35.5,11.2,0.0,54,20,88,984.5
2026-10-05 01:00:00,-40.9,14.9,0.0,68,244,83,976.2
2026-10-05 02:00:00,-43.0,11.0,0.0,79,62,59,973.2
2026-10-05 03:00:00,-39.1,16.2,0.0,76,72,44,995.5
2026-10-05 04:00:00,-42.0,9.0,0.0,9,167,85,990.2
2026-10-05 05:00:00,-42.5,15.0,434.2,79,140,40,983.9
2026-10-05 06:00:00,-36.7,5.4,279.8,1,147,51,982.3
2026-10-05 07:00:00,-44.7,12.8,306.5,18,291,42,993.6
2026-10-05 08:00:00,-39.5,16.1,453.2,41,36,63,1000.0
2026-10-05 09:00:00,-37.4,6.8,487.3,42,74,46,979.0
2026-10-05 10:00:00,-39.6,12.4,392.5,44,100,47,963.2
2026-10-05 11:00:00,-40.7,17.4,397.4,19,100,50,985.4
2026-10-05 12:00:00,-42.5,3.7,360.2,17,157,59,975.2
2026-10-05 13:00:00,-39.9,14.8,448.4,28,354,88,991.4
2026-10-05 14:00:00,-38.7,14.2,245.4,64,333,77,965.7
2026-10-05 15:00:00,-34.3,19.7,354.6,8,71,48,989.4
2026-10-05 16:00:00,-39.8,15.6,193.3,72,213,44,969.8
2026-10-05 17:00:00,-41.2,10.8,295.8,44,196,59,972.2
2026-10-05 18:00:00,-38.7,8.6,398.9,23,31,73,975.0
2026-10-05 19:00:00,-34.2,6.5,244.9,83,257,40,976.0
2026-10-05 20:00:00,-42.1,12.0,491.8,51,212,64,979.4
2026-10-05 21:00:00,-42.3,14.6,417.1,84,105,63,961.6
2026-10-05 22:00:00,-36.5,8.8,0.0,65,214,77,979.3
2026-10-05 23:00:00,-46.5,5.8,0.0,83,31,51,989.4
2026-10-06 00:00:00,-45.1,17.7,0.0,3,85,89,972.0
2026-10-06 01:00:00,-37.0,15.2,0.0,61,10,72,1002.9
2026-10-06 02:00:00,-40.6,14.0,0.0,28,268,77,993.3
2026-10-06 03:00:00,-38.5,11.7,0.0,26,322,44,983.5
2026-10-06 04:00:00,-40.4,14.4,0.0,58,352,57,994.9
2026-10-06 05:00:00,-39.3,19.3,307.8,89,295,47,982.6
2026-10-06 06:00:00,-38.2,19.9,518.3,29,10,40,978.4
2026-10-06 07:00:00,-40.2,25.1,519.1,29,339,58,974.9
2026-10-06 08:00:00,-41.3,5.7,408.6,44,356,57,967.0
2026-10-06 09:00:00,-37.9,12.0,565.9,45,220,60,967.8
2026-10-06 10:00:00,-39.7,18.2,424.1,33,66,49,985.2
2026-10-06 11:00:00,-44.4,5.3,402.7,75,230,60,981.8
2026-10-06 12:00:00,-35.4,7.9,163.8,77,19,78,960.5
2026-10-06 13:00:00,-44.6,13.7,456.2,99,177,85,980.6
2026-10-06 14:00:00,-40.7,21.9,496.8,73,154,47,977.2
2026-10-06 15:00:00,-35.8,4.4,277.1,84,309,73,991.1
2026-10-06 16:00:00,-36.8,1.9,244.9,68,142,74,983.6
2026-10-06 17:00:00,-38.9,10.2,401.6,53,134,40,986.8
2026-10-06 18:00:00,-36.1,7.6,397.4,32,298,83,967.5
2026-10-06 19:00:00,-40.8,10.7,405.7,93,227,47,973.5
2026-10-06 20:00:00,-37.3,13.6,553.7,45,351,88,970.1
2026-10-06 21:00:00,-37.3,13.7,142.1,97,114,59,992.8
2026-10-06 22:00:00,-37.1,14.1,0.0,59,207,76,953.3
2026-10-06 23:00:00,-37.9,14.8,0.0,95,109,59,988.4
2026-10-07 00:00:00,-40.4,15.2,0.0,89,311,52,971.4
2026-10-07 01:00:00,-37.1,20.6,0.0,52,175,67,989.9
2026-10-07 02:00:00,-36.9,1.9,0.0,13,166,63,998.8
2026-10-07 03:00:00,-36.0,11.6,0.0,12,159,80,963.8
2026-10-07 04:00:00,-40.9,12.1,0.0,92,189,56,976.0
2026-10-07 05:00:00,-38.0,6.3,492.7,12,347,48,983.9
2026-10-07 06:00:00,-39.0,15.1,379.6,76,82,50,979.7
2026-10-07 07:00:00,-40.8,21.2,206.9,22,311,85,987.6
2026-10-07 08:00:00,-41.0,7.4,392.8,4,23,67,990.7
2026-10-07 09:00:00,-39.7,18.4,353.6,98,182,73,980.5
2026-10-07 10:00:00,-39.4,7.9,454.5,29,296,47,986.2
2026-10-07 11:00:00,-32.5,12.7,450.0,81,190,54,987.2
2026-10-07 12:00:00,-36.7,12.2,483.5,7,159,64,956.8
2026-10-07 13:00:00,-41.4,13.7,373.0,94,103,69,974.4
2026-10-07 14:00:00,-39.8,15.8,417.1,93,276,54,976.9
2026-10-07 15:00:00,-38.7,9.5,473.8,23,195,52,981.0
2026-10-07 16:00:00,-40.5,4.4,337.3,1,81,71,980.3
2026-10-07 17:00:00,-39.1,9.8,570.5,85,222,69,982.1
2026-10-07 18:00:00,-37.0,4.3,437.9,86,207,44,988.9
2026-10-07 19:00:00,-39.2,13.7,392.6,25,103,59,981.3
2026-10-07 20:00:00,-41.5,13.7,307.5,28,137,47,970.5
2026-10-07 21:00:00,-38.7,14.4,551.2,79,73,86,978.2
2026-10-07 22:00:00,-45.8,9.2,0.0,29,224,55,1003.6
2026-10-07 23:00:00,-39.0,16.0,0.0,56,357,42,990.4
2026-10-08 00:00:00,-37.8,11.3,0.0,38,291,60,976.6
2026-10-08 01:00:00,-37.1,11.1,0.0,92,18,49,992.2
2026-10-08 02:00:00,-39.0,8.1,0.0,64,315,85,973.9
2026-10-08 03:00:00,-38.2,12.6,0.0,96,307,85,979.0
2026-10-08 04:00:00,-29.7,16.4,0.0,41,252,74,973.8
2026-10-08 05:00:00,-37.6,12.4,317.7,71,120,45,987.0
2026-10-08 06:00:00,-38.7,14.6,479.7,57,248,61,965.4
2026-10-08 07:00:00,-38.5,15.5,467.4,74,184,86,975.9
2026-10-08 08:00:00,-38.7,13.0,391.1,95,339,85,969.3
2026-10-08 09:00:00,-32.0,6.1,479.7,75,201,60,995.5
2026-10-08 10:00:00,-38.4,17.1,306.2,69,57,71,981.7
2026-10-08 11:00:00,-34.2,12.1,392.3,28,93,43,989.5
2026-10-08 12:00:00,-39.5,5.3,313.7,78,96,50,980.9
2026-10-08 13:00:00,-35.9,6.3,563.3,43,142,81,994.8
2026-10-08 14:00:00,-39.4,18.6,513.1,47,184,68,989.1
2026-10-08 15:00:00,-35.2,5.9,345.1,61,320,80,972.3
2026-10-08 16:00:00,-31.1,3.1,344.7,81,316,71,969.1
2026-10-08 17:00:00,-37.6,1.7,428.1,35,55,55,972.2
2026-10-08 18:00:00,-38.3,6.4,389.2,12,31,59,984.7
2026-10-08 19:00:00,-37.1,18.2,452.6,34,188,81,991.0
2026-10-08 20:00:00,-31.6,5.3,396.0,45,322,45,969.2
2026-10-08 21:00:00,-34.0,7.1,281.3,42,140,44,984.2
2026-10-08 22:00:00,-39.3,10.4,0.0,17,101,87,981.4
2026-10-08 23:00:00,-38.0,9.9,0.0,82,249,41,982.4
2026-10-09 00:00:00,-39.0,22.7,0.0,11,295,69,983.1
2026-10-09 01:00:00,-38.0,16.4,0.0,42,158,80,988.4
2026-10-09 02:00:00,-36.5,11.8,0.0,6,65,61,998.4
2026-10-09 03:00:00,-44.3,15.9,0.0,71,293,58,971.3
2026-10-09 04:00:00,-40.8,14.4,0.0,45,314,45,981.9
2026-10-09 05:00:00,-30.7,14.1,415.1,88,108,69,985.0
2026-10-09 06:00:00,-38.3,10.6,546.4,12,323,67,979.3
2026-10-09 07:00:00,-39.7,6.7,359.5,32,191,43,975.2
2026-10-09 08:00:00,-40.4,13.5,509.2,81,293,70,980.5
2026-10-09 09:00:00,-32.4,11.8,506.0,53,3,79,965.7
2026-10-09 10:00:00,-39.0,17.4,524.9,7,323,77,981.0
2026-10-09 11:00:00,-40.4,14.0,216.4,8,47,83,982.3
2026-10-09 12:00:00,-36.7,12.9,390.0,85,77,66,948.7
2026-10-09 13:00:00,-38.5,17.0,413.5,72,259,48,967.3
2026-10-09 14:00:00,-34.9,10.0,430.3,86,79,81,968.1
2026-10-09 15:00:00,-39.6,13.0,437.5,24,147,61,972.9
2026-10-09 16:00:00,-42.3,11.7,351.1,12,204,52,979.9
2026-10-09 17:00:00,-35.1,5.4,432.5,74,315,76,981.6
2026-10-09 18:00:00,-40.1,10.5,421.0,67,52,50,979.5
2026-10-09 19:00:00,-37.0,7.0,378.1,50,277,70,987.9
2026-10-09 20:00:00,-37.9,4.3,382.2,85,358,68,979.8
2026-10-09 21:00:00,-40.6,15.4,269.8,27,191,77,985.1
2026-10-09 22:00:00,-37.0,14.1,0.0,31,231,49,980.5
2026-10-09 23:00:00,-39.3,8.6,0.0,8,304,65,984.9
2026-10-10 00:00:00,-40.1,16.7,0.0,46,99,48,975.4
2026-10-10 01:00:00,-38.3,8.0,0.0,59,121,51,968.6
2026-10-10 02:00:00,-44.7,2.4,0.0,58,154,78,972.0
2026-10-10 03:00:00,-40.2,9.7,0.0,95,351,63,964.9
2026-10-10 04:00:00,-35.9,8.0,0.0,14,345,59,1003.0
2026-10-10 05:00:00,-35.4,15.0,285.4,75,103,72,999.4
2026-10-10 06:00:00,-36.4,13.5,443.8,0,150,51,969.1
2026-10-10 07:00:00,-35.1,9.8,353.9,38,214,65,962.4
2026-10-10 08:00:00,-31.6,11.2,408.2,9,321,85,981.1
2026-10-10 09:00:00,-34.1,16.4,440.4,79,40,46,964.1
2026-10-10 10:00:00,-36.4,5.6,360.7,11,290,55,992.8
2026-10-10 11:00:00,-40.3,11.9,491.0,17,153,88,969.2
2026-10-10 12:00:00,-37.3,12.8,566.7,68,99,73,984.1
2026-10-10 13:00:00,-36.6,9.7,324.6,72,138,59,971.9
2026-10-10 14:00:00,-36.6,14.9,385.6,0,189,85,965.9
2026-10-10 15:00:00,-33.6,21.2,331.3,20,117,82,977.1
2026-10-10 16:00:00,-40.3,14.7,475.6,6,49,89,971.5
2026-10-10 17:00:00,-40.7,6.6,508.3,18,299,66,967.5
2026-10-10 18:00:00,-34.4,1.9,491.1,59,243,41,970.3
2026-10-10 19:00:00,-38.0,13.0,407.8,57,287,58,986.4
2026-10-10 20:00:00,-35.9,6.5,385.4,56,359,65,991.1
2026-10-10 21:00:00,-36.2,13.4,453.9,45,27,73,983.7
2026-10-10 22:00:00,-33.3,9.1,0.0,24,160,43,979.2
2026-10-10 23:00:00,-39.3,9.8,0.0,69,326,49,992.2
2026-10-11 00:00:00,-38.6,8.9,0.0,92,208,64,989.9
2026-10-11 01:00:00,-34.5,15.9,0.0,53,83,42,966.2
2026-10-11 02:00:00,-40.2,14.8,0.0,68,259,70,975.0
2026-10-11 03:00:00,-32.9,10.0,0.0,72,288,47,962.2
2026-10-11 04:00:00,-36.2,21.1,0.0,73,333,66,1006.6
2026-10-11 05:00:00,-39.1,9.9,245.3,26,349,46,981.8
2026-10-11 06:00:00,-34.5,15.4,500.8,51,161,46,968.3
2026-10-11 07:00:00,-36.4,18.2,394.8,31,181,85,979.7
2026-10-11 08:00:00,-33.0,8.6,295.4,98,81,46,984.2
2026-10-11 09:00:00,-34.2,8.7,390.8,54,22,73,984.4
2026-10-11 10:00:00,-40.0,19.8,566.4,8,73,74,959.0
2026-10-11 11:00:00,-35.5,12.6,460.2,62,324,86,986.1
2026-10-11 12:00:00,-33.8,5.3,324.2,99,49,85,974.7
2026-10-11 13:00:00,-42.1,20.7,143.9,21,69,49,1004.1
2026-10-11 14:00:00,-39.4,1.8,379.0,42,215,79,990.5
2026-10-11 15:00:00,-33.4,12.5,578.8,37,15,81,978.4
2026-10-11 16:00:00,-38.9,2.2,360.1,100,167,47,977.2
2026-10-11 17:00:00,-35.8,6.0,350.3,17,155,52,964.3
2026-10-11 18:00:00,-40.7,15.3,595.8,94,257,61,969.8
2026-10-11 19:00:00,-41.4,0.0,160.5,38,284,68,982.4
2026-10-11 20:00:00,-34.9,14.7,456.3,92,351,88,966.9
2026-10-11 21:00:00,-37.6,19.4,155.0,22,181,48,981.3
2026-10-11 22:00:00,-31.9,13.9,0.0,1,159,68,974.8
2026-10-11 23:00:00,-34.4,8.0,0.0,14,345,81,988.1
2026-10-12 00:00:00,-35.8,16.2,0.0,11,223,73,999.7
2026-10-12 01:00:00,-35.8,5.2,0.0,15,120,88,978.0
2026-10-12 02:00:00,-37.8,17.3,0.0,45,1,67,977.6
2026-10-12 03:00:00,-37.3,8.4,0.0,56,252,74,974.1
2026-10-12 04:00:00,-34.1,6.5,0.0,41,224,72,964.2
2026-10-12 05:00:00,-40.4,21.4,323.2,49,48,46,979.6
2026-10-12 06:00:00,-30.7,8.0,642.8,45,153,55,989.2
2026-10-12 07:00:00,-41.6,21.1,350.9,2,20,54,959.8
2026-10-12 08:00:00,-34.2,14.2,474.7,72,316,57,987.3
2026-10-12 09:00:00,-43.2,4.6,290.9,57,6,60,979.1
2026-10-12 10:00:00,-37.8,5.4,608.8,46,239,57,994.5
2026-10-12 11:00:00,-36.0,5.6,387.6,95,238,58,989.4
2026-10-12 12:00:00,-35.0,16.3,511.5,99,289,44,979.1
2026-10-12 13:00:00,-44.5,14.3,434.1,45,214,73,972.4
2026-10-12 14:00:00,-33.9,15.4,505.4,53,59,49,979.6
2026-10-12 15:00:00,-34.1,9.0,396.7,59,228,65,978.9
2026-10-12 16:00:00,-35.8,9.0,286.7,22,278,84,981.6
2026-10-12 17:00:00,-32.8,11.3,243.4,15,354,58,972.6
2026-10-12 18:00:00,-40.2,12.7,256.2,18,356,74,995.8
2026-10-12 19:00:00,-34.6,3.0,453.4,63,270,42,973.2
2026-10-12 20:00:00,-36.3,17.7,473.7,73,219,62,982.5
2026-10-12 21:00:00,-42.8,6.3,335.6,21,305,77,976.4
2026-10-12 22:00:00,-39.4,13.7,0.0,60,244,77,967.5
2026-10-12 23:00:00,-40.4,13.0,0.0,93,48,83,962.7
2026-10-13 00:00:00,-37.4,10.0,0.0,77,350,77,987.0
2026-10-13 01:00:00,-38.6,7.4,0.0,18,151,77,988.1
2026-10-13 02:00:00,-28.2,9.9,0.0,34,129,61,984.0
2026-10-13 03:00:00,-39.0,9.9,0.0,79,332,83,989.2
2026-10-13 04:00:00,-36.5,9.7,0.0,50,110,54,979.6
2026-10-13 05:00:00,-37.2,8.5,300.4,1,266,73,984.7
2026-10-13 06:00:00,-32.3,5.6,336.7,44,205,87,982.6
2026-10-13 07:00:00,-35.1,20.4,409.0,23,127,46,996.4
2026-10-13 08:00:00,-39.9,14.2,369.4,42,123,80,991.1
2026-10-13 09:00:00,-40.7,9.2,498.2,24,59,54,961.6
2026-10-13 10:00:00,-31.8,16.0,481.1,9,86,77,984.3
2026-10-13 11:00:00,-37.1,16.2,399.4,51,276,66,988.6
2026-10-13 12:00:00,-38.7,17.1,245.2,94,78,82,964.0
2026-10-13 13:00:00,-37.9,10.4,424.2,95,152,75,980.6
2026-10-13 14:00:00,-35.5,15.8,475.6,91,277,75,969.6
2026-10-13 15:00:00,-32.9,12.2,270.5,75,74,60,989.4
2026-10-13 16:00:00,-33.3,7.8,273.7,34,170,84,976.7
2026-10-13 17:00:00,-40.8,16.0,451.0,93,292,83,982.0
2026-10-13 18:00:00,-37.2,10.8,483.9,69,312,53,980.5
2026-10-13 19:00:00,-34.9,13.0,529.5,18,231,84,981.8
2026-10-13 20:00:00,-34.3,9.9,253.3,79,35,77,989.8
2026-10-13 21:00:00,-37.7,10.2,442.3,35,188,72,975.5
2026-10-13 22:00:00,-36.7,16.7,0.0,4,35,50,986.1
2026-10-13 23:00:00,-34.0,13.1,0.0,13,189,63,992.7
2026-10-14 00:00:00,-35.6,9.6,0.0,76,46,87,985.2
2026-10-14 01:00:00,-33.8,18.0,0.0,91,87,55,977.4
2026-10-14 02:00:00,-34.6,13.2,0.0,78,209,42,981.3
2026-10-14 03:00:00,-35.2,7.5,0.0,62,343,59,979.6
2026-10-14 04:00:00,-34.3,7.7,0.0,60,270,65,981.1
2026-10-14 05:00:00,-41.0,14.6,393.8,15,51,46,989.6
2026-10-14 06:00:00,-39.4,10.6,446.2,13,73,77,994.0
2026-10-14 07:00:00,-33.7,12.9,409.0,50,9,80,988.5
2026-10-14 08:00:00,-33.2,17.3,261.4,16,10,53,991.3
2026-10-14 09:00:00,-31.2,13.0,409.4,2,133,67,974.2
2026-10-14 10:00:00,-34.8,13.6,556.0,66,117,49,981.4
2026-10-14 11:00:00,-35.6,13.3,403.2,40,184,66,966.5
2026-10-14 12:00:00,-33.6,6.1,508.6,83,189,46,988.6
2026-10-14 13:00:00,-34.2,9.8,473.9,63,281,66,969.4
2026-10-14 14:00:00,-35.8,15.2,266.6,14,41,74,966.0
2026-10-14 15:00:00,-36.5,6.7,456.9,4,239,79,988.2
2026-10-14 16:00:00,-34.2,12.5,409.7,94,268,86,980.8
2026-10-14 17:00:00,-31.9,15.5,376.8,39,139,74,978.5
2026-10-14 18:00:00,-35.3,17.3,397.0,75,40,42,959.2
2026-10-14 19:00:00,-33.1,14.8,432.9,32,169,73,986.2
2026-10-14 20:00:00,-41.8,12.9,449.3,35,0,57,981.0
2026-10-14 21:00:00,-34.2,13.0,368.6,47,271,50,995.9
2026-10-14 22:00:00,-35.9,5.2,0.0,87,155,57,977.3
2026-10-14 23:00:00,-34.5,14.7,0.0,96,68,52,964.3
2026-10-15 00:00:00,-31.7,7.5,0.0,62,309,81,978.9
2026-10-15 01:00:00,-35.8,18.6,0.0,66,167,65,984.9
2026-10-15 02:00:00,-36.7,0.0,0.0,51,170,46,953.5
2026-10-15 03:00:00,-31.7,15.0,0.0,96,147,87,979.5
2026-10-15 04:00:00,-34.3,8.1,0.0,43,275,80,988.2
2026-10-15 05:00:00,-31.0,13.9,485.8,36,353,52,964.3
2026-10-15 06:00:00,-36.2,15.0,475.4,37,121,81,986.1
2026-10-15 07:00:00,-37.6,14.4,499.1,91,343,79,979.7
2026-10-15 08:00:00,-35.3,15.6,486.3,18,55,82,993.9
2026-10-15 09:00:00,-34.8,14.7,404.3,87,91,72,978.9
2026-10-15 10:00:00,-35.1,3.3,235.6,94,208,63,987.3
2026-10-15 11:00:00,-30.8,15.7,344.9,7,225,44,976.3
2026-10-15 12:00:00,-36.4,10.4,295.4,10,142,64,986.7
2026-10-15 13:00:00,-32.9,8.1,373.7,14,143,80,984.6
2026-10-15 14:00:00,-41.9,12.9,249.5,84,94,49,979.3
2026-10-15 15:00:00,-37.2,17.1,326.9,79,130,86,981.2
2026-10-15 16:00:00,-33.3,6.6,408.2,57,263,40,987.0
2026-10-15 17:00:00,-36.7,11.2,538.5,3,326,46,976.8
2026-10-15 18:00:00,-35.3,7.8,186.9,21,14,81,989.3
2026-10-15 19:00:00,-33.2,11.8,351.5,29,255,66,997.5
2026-10-15 20:00:00,-36.0,17.5,466.5,59,232,55,972.7
2026-10-15 21:00:00,-37.6,3.0,377.0,42,79,50,994.2
2026-10-15 22:00:00,-37.4,19.6,0.0,8,203,52,977.9
2026-10-15 23:00:00,-39.0,9.9,0.0,46,1,41,969.9
2026-10-16 00:00:00,-33.0,5.2,0.0,80,335,81,969.3
2026-10-16 01:00:00,-30.7,13.3,0.0,42,254,40,974.2
2026-10-16 02:00:00,-32.5,10.3,0.0,11,94,80,985.5
2026-10-16 03:00:00,-34.5,9.8,0.0,85,239,65,988.1
2026-10-16 04:00:00,-42.0,16.5,0.0,97,104,58,965.9
2026-10-16 05:00:00,-32.8,10.8,442.9,9,146,58,982.2
2026-10-16 06:00:00,-32.5,18.5,371.0,2,6,73,968.5
2026-10-16 07:00:00,-35.0,7.9,395.9,18,281,65,980.7
2026-10-16 08:00:00,-39.6,9.5,729.1,27,184,46,985.4
2026-10-16 09:00:00,-31.7,8.3,385.3,94,285,41,993.0
2026-10-16 10:00:00,-33.2,13.4,518.7,71,151,57,988.5
2026-10-16 11:00:00,-32.1,8.1,284.1,95,40,68,977.0
2026-10-16 12:00:00,-33.2,21.3,486.5,36,212,40,975.5
2026-10-16 13:00:00,-30.6,11.0,523.3,28,335,46,985.6
2026-10-16 14:00:00,-38.8,5.2,491.9,33,210,42,972.6
2026-10-16 15:00:00,-36.7,18.0,265.6,98,56,46,974.0
2026-10-16 16:00:00,-34.4,9.1,423.2,0,77,64,981.4
2026-10-16 17:00:00,-39.0,7.9,387.7,7,359,65,993.2
2026-10-16 18:00:00,-31.6,5.9,199.2,59,272,48,966.6
2026-10-16 19:00:00,-37.3,21.3,369.9,60,235,67,997.2
2026-10-16 20:00:00,-34.9,10.9,267.7,2,47,86,968.4
2026-10-16 21:00:00,-34.5,14.4,512.0,32,43,55,991.1
2026-10-16 22:00:00,-31.9,4.3,0.0,0,289,79,978.4
2026-10-16 23:00:00,-34.7,16.6,0.0,36,174,44,990.5
2026-10-17 00:00:00,-36.5,16.7,0.0,11,120,80,980.8
2026-10-17 01:00:00,-35.9,6.3,0.0,17,118,45,979.9
2026-10-17 02:00:00,-33.2,10.4,0.0,96,48,45,973.1
2026-10-17 03:00:00,-35.7,13.1,0.0,30,166,41,979.8
2026-10-17 04:00:00,-36.6,12.7,0.0,65,30,61,976.4
2026-10-17 05:00:00,-37.2,0.0,517.7,0,21,68,988.6
2026-10-17 06:00:00,-33.5,3.6,463.8,61,97,44,999.9
2026-10-17 07:00:00,-36.6,11.1,361.7,80,4,80,998.3
2026-10-17 08:00:00,-37.7,12.5,381.4,24,279,68,975.2
2026-10-17 09:00:00,-30.4,7.2,450.9,25,52,59,981.2
2026-10-17 10:00:00,-33.6,18.6,385.8,21,332,64,993.5
2026-10-17 11:00:00,-34.6,21.0,339.7,73,44,46,991.0
2026-10-17 12:00:00,-36.5,5.0,401.6,71,314,66,949.5
2026-10-17 13:00:00,-31.5,18.2,399.2,98,76,57,991.0
2026-10-17 14:00:00,-36.6,13.3,399.6,79,42,42,978.6
2026-10-17 15:00:00,-35.8,12.2,574.2,75,249,56,974.0
2026-10-17 16:00:00,-39.4,16.1,336.8,84,305,49,1002.8
2026-10-17 17:00:00,-33.3,13.3,428.3,52,184,50,967.1
2026-10-17 18:00:00,-37.9,17.4,519.9,59,77,57,969.0
2026-10-17 19:00:00,-42.7,4.1,238.1,85,49,59,980.2
2026-10-17 20:00:00,-31.7,12.8,205.4,82,220,64,995.7
2026-10-17 21:00:00,-40.2,8.0,407.1,66,293,79,987.2
2026-10-17 22:00:00,-36.1,14.3,0.0,75,353,54,972.1
2026-10-17 23:00:00,-39.2,13.0,0.0,0,73,55,989.8
2026-10-18 00:00:00,-34.2,5.7,0.0,18,266,66,979.3
2026-10-18 01:00:00,-30.5,13.2,0.0,21,203,76,968.4
2026-10-18 02:00:00,-38.5,12.5,0.0,23,128,68,992.3
2026-10-18 03:00:00,-33.5,9.4,0.0,17,170,50,972.7
2026-10-18 04:00:00,-33.4,0.0,0.0,6,33,46,977.5
2026-10-18 05:00:00,-30.5,0.0,297.7,33,87,54,964.4
2026-10-18 06:00:00,-33.3,9.6,559.6,60,119,43,958.6
2026-10-18 07:00:00,-34.9,13.7,412.2,20,171,59,989.5
2026-10-18 08:00:00,-33.3,10.2,533.0,16,42,86,976.3
2026-10-18 09:00:00,-33.6,11.0,381.9,100,31,49,986.5
2026-10-18 10:00:00,-29.5,6.7,304.4,75,43,60,974.4
2026-10-18 11:00:00,-32.7,7.7,396.0,21,339,44,972.5
2026-10-18 12:00:00,-33.1,13.9,455.6,14,188,54,967.8
2026-10-18 13:00:00,-35.9,14.1,353.1,13,339,75,997.0
2026-10-18 14:00:00,-34.4,15.5,246.2,90,225,54,958.9
2026-10-18 15:00:00,-37.6,16.1,236.2,95,52,84,964.2
2026-10-18 16:00:00,-36.3,17.1,334.8,20,62,77,984.4
2026-10-18 17:00:00,-28.3,14.4,335.3,48,82,41,983.3
2026-10-18 18:00:00,-31.4,13.9,483.6,19,343,78,978.3
2026-10-18 19:00:00,-33.0,15.9,326.3,2,302,61,991.0
2026-10-18 20:00:00,-36.7,10.9,342.3,69,185,55,982.7
2026-10-18 21:00:00,-31.8,5.4,449.9,100,104,84,981.8
2026-10-18 22:00:00,-30.6,11.4,0.0,9,163,49,971.7
2026-10-18 23:00:00,-36.3,11.5,0.0,27,198,63,995.9
2026-10-19 00:00:00,-33.3,10.0,0.0,53,133,81,960.2
2026-10-19 01:00:00,-28.6,16.3,0.0,22,94,69,980.8
2026-10-19 02:00:00,-33.3,15.5,0.0,42,26,84,968.3
2026-10-19 03:00:00,-32.5,16.1,0.0,12,252,49,1002.2
2026-10-19 04:00:00,-31.9,13.3,0.0,31,300,70,981.0
2026-10-19 05:00:00,-39.3,10.4,475.5,37,97,69,985.0
2026-10-19 06:00:00,-29.2,9.4,447.7,54,33,73,984.6
2026-10-19 07:00:00,-34.3,12.2,493.3,88,167,42,967.8
2026-10-19 08:00:00,-28.1,12.6,386.0,90,334,69,975.2
2026-10-19 09:00:00,-30.3,10.3,347.7,9,319,48,982.4
2026-10-19 10:00:00,-35.3,13.0,276.7,2,338,87,1001.9
2026-10-19 11:00:00,-31.3,12.6,286.6,84,27,49,990.6
2026-10-19 12:00:00,-35.8,4.4,318.5,98,5,75,983.9
2026-10-19 13:00:00,-28.6,13.5,409.9,5,25,55,973.2
2026-10-19 14:00:00,-33.0,13.6,527.1,55,77,47,980.4
2026-10-19 15:00:00,-36.1,18.0,459.8,98,247,73,979.7
2026-10-19 16:00:00,-37.2,10.8,387.4,25,29,43,980.3
2026-10-19 17:00:00,-39.4,14.4,598.6,69,284,47,961.2
2026-10-19 18:00:00,-39.2,11.4,301.4,44,143,59,981.5
2026-10-19 19:00:00,-36.7,23.9,467.7,89,357,59,986.0
2026-10-19 20:00:00,-34.2,19.7,433.6,16,264,78,987.7
2026-10-19 21:00:00,-35.4,14.5,429.3,90,20,87,976.0
2026-10-19 22:00:00,-33.5,10.5,0.0,23,192,52,983.5
2026-10-19 23:00:00,-28.4,14.4,0.0,69,137,76,989.5
2026-10-20 00:00:00,-33.8,23.9,0.0,31,58,56,970.8
2026-10-20 01:00:00,-31.2,6.8,0.0,19,316,89,969.1
2026-10-20 02:00:00,-30.8,2.7,0.0,90,30,58,978.1
2026-10-20 03:00:00,-35.1,7.6,0.0,72,247,49,972.8
2026-10-20 04:00:00,-37.1,7.9,0.0,7,200,62,974.0
2026-10-20 05:00:00,-40.6,20.8,529.6,45,109,81,986.3
2026-10-20 06:00:00,-29.7,3.7,524.4,79,113,64,973.1
2026-10-20 07:00:00,-28.5,7.8,438.2,1,39,49,980.9
2026-10-20 08:00:00,-30.0,17.9,417.2,41,176,89,966.1
2026-10-20 09:00:00,-33.7,15.4,376.4,54,272,71,994.2
2026-10-20 10:00:00,-31.6,13.7,556.1,78,226,54,984.3
2026-10-20 11:00:00,-32.9,20.9,435.6,79,210,85,989.0
2026-10-20 12:00:00,-32.4,13.0,323.7,58,221,81,982.0
2026-10-20 13:00:00,-33.5,17.5,460.5,71,119,65,998.2
2026-10-20 14:00:00,-31.2,9.8,596.7,70,59,55,984.8
2026-10-20 15:00:00,-31.0,7.8,306.8,95,180,74,989.1
2026-10-20 16:00:00,-38.8,16.3,411.2,99,358,45,971.5
2026-10-20 17:00:00,-32.9,9.6,340.9,97,85,76,966.9
2026-10-20 18:00:00,-36.3,10.0,609.0,64,70,57,991.7
2026-10-20 19:00:00,-30.2,13.4,452.0,86,189,47,968.7
2026-10-20 20:00:00,-33.2,5.7,527.8,3,190,81,991.1
2026-10-20 21:00:00,-37.5,12.1,349.5,97,254,78,969.8
2026-10-20 22:00:00,-31.5,18.4,0.0,99,125,49,982.9
2026-10-20 23:00:00,-32.6,13.1,0.0,57,221,54,964.3
2026-10-21 00:00:00,-33.1,14.7,0.0,60,239,53,964.3
2026-10-21 01:00:00,-33.1,19.3,0.0,5,17,52,983.4
2026-10-21 02:00:00,-34.5,13.6,0.0,21,131,51,1001.5
2026-10-21 03:00:00,-40.1,12.6,0.0,1,244,47,982.7
2026-10-21 04:00:00,-32.3,13.4,0.0,16,26,63,979.8
2026-10-21 05:00:00,-36.3,8.5,514.3,4,216,56,978.1
2026-10-21 06:00:00,-37.0,19.5,429.7,83,274,78,976.1
2026-10-21 07:00:00,-36.2,14.2,253.8,7,355,68,978.1
2026-10-21 08:00:00,-40.3,17.8,433.4,35,49,50,980.1
2026-10-21 09:00:00,-30.0,15.6,325.0,0,25,74,980.7
2026-10-21 10:00:00,-35.0,12.2,306.2,75,95,70,951.0
2026-10-21 11:00:00,-31.6,5.0,340.1,71,226,75,975.0
2026-10-21 12:00:00,-30.4,6.3,551.4,43,187,58,974.2
2026-10-21 13:00:00,-36.3,12.0,443.1,95,298,86,981.5
2026-10-21 14:00:00,-35.9,8.8,469.9,84,83,57,972.6
2026-10-21 15:00:00,-31.9,9.6,468.1,66,286,46,971.6
2026-10-21 16:00:00,-35.5,16.3,344.3,91,150,78,973.8
2026-10-21 17:00:00,-30.0,17.6,409.8,9,112,85,988.4
2026-10-21 18:00:00,-26.4,12.4,316.9,74,258,45,990.9
2026-10-21 19:00:00,-34.4,16.8,460.2,88,58,40,989.5
2026-10-21 20:00:00,-36.6,8.1,337.1,57,86,67,958.0
2026-10-21 21:00:00,-31.1,18.3,465.4,2,356,69,969.9
2026-10-21 22:00:00,-27.7,9.5,0.0,7,177,40,976.0
2026-10-21 23:00:00,-31.9,16.3,0.0,22,270,64,968.0
2026-10-22 00:00:00,-34.3,13.5,0.0,38,353,60,989.4
2026-10-22 01:00:00,-34.7,12.8,0.0,66,123,68,978.5
2026-10-22 02:00:00,-27.7,19.0,0.0,54,349,82,972.1
2026-10-22 03:00:00,-30.9,15.5,0.0,93,117,67,987.6
2026-10-22 04:00:00,-27.6,10.5,0.0,20,226,89,999.6
2026-10-22 05:00:00,-28.2,11.1,281.4,42,237,63,978.3
2026-10-22 06:00:00,-35.0,10.5,366.6,48,357,78,970.9
2026-10-22 07:00:00,-37.4,13.1,372.8,35,107,46,974.1
2026-10-22 08:00:00,-30.3,9.4,384.6,14,54,74,978.4
2026-10-22 09:00:00,-34.7,11.1,407.2,0,25,48,969.7
2026-10-22 10:00:00,-36.9,5.1,395.1,28,83,48,976.2
2026-10-22 11:00:00,-28.0,10.4,502.7,29,107,45,984.6
2026-10-22 12:00:00,-34.1,8.2,304.6,26,255,56,990.8
2026-10-22 13:00:00,-31.8,8.9,385.8,76,134,66,983.2
2026-10-22 14:00:00,-33.2,22.6,482.7,34,86,56,979.7
2026-10-22 15:00:00,-34.2,23.2,458.9,98,53,77,978.0
2026-10-22 16:00:00,-36.5,3.8,286.3,40,267,54,979.8
2026-10-22 17:00:00,-31.7,16.7,361.9,45,269,81,1004.4
2026-10-22 18:00:00,-32.4,17.3,382.5,56,132,69,994.1
2026-10-22 19:00:00,-34.0,15.5,189.9,81,251,57,956.7
2026-10-22 20:00:00,-36.4,9.4,334.8,65,3,83,979.8
2026-10-22 21:00:00,-31.1,18.4,429.2,64,193,51,984.3
2026-10-22 22:00:00,-33.4,18.0,0.0,74,173,63,981.5
2026-10-22 23:00:00,-27.1,13.2,0.0,62,59,45,987.0
2026-10-23 00:00:00,-32.6,8.7,0.0,78,1,82,973.5
2026-10-23 01:00:00,-31.2,14.6,0.0,78,51,83,995.8
2026-10-23 02:00:00,-35.9,16.3,0.0,85,137,60,992.6
2026-10-23 03:00:00,-30.4,25.1,0.0,32,293,61,979.9
2026-10-23 04:00:00,-29.0,14.2,0.0,42,176,47,972.7
2026-10-23 05:00:00,-31.8,10.2,415.7,77,69,76,985.6
2026-10-23 06:00:00,-38.2,15.6,549.1,93,130,43,978.3
2026-10-23 07:00:00,-28.0,12.3,241.8,29,131,74,977.0
2026-10-23 08:00:00,-33.4,8.4,554.2,36,113,51,982.4
2026-10-23 09:00:00,-32.6,13.5,390.6,64,126,79,970.9
2026-10-23 10:00:00,-36.0,13.2,449.6,16,50,66,971.9
2026-10-23 11:00:00,-32.5,9.0,301.7,17,285,74,982.4
2026-10-23 12:00:00,-32.0,10.2,463.5,73,98,69,973.9
2026-10-23 13:00:00,-29.8,12.9,285.9,77,17,81,985.2
2026-10-23 14:00:00,-29.0,12.9,448.0,95,269,75,1001.8
2026-10-23 15:00:00,-34.1,10.7,395.6,31,313,76,976.2
2026-10-23 16:00:00,-31.7,13.3,515.9,98,276,59,973.3
2026-10-23 17:00:00,-27.2,10.2,470.3,18,111,81,992.2
2026-10-23 18:00:00,-31.7,9.4,366.9,46,288,59,992.9
2026-10-23 19:00:00,-31.1,12.9,425.1,97,31,54,989.2
2026-10-23 20:00:00,-37.7,10.8,423.1,67,121,86,972.1
2026-10-23 21:00:00,-36.7,18.4,458.7,49,80,54,977.7
2026-10-23 22:00:00,-34.1,18.5,0.0,70,52,87,972.1
2026-10-23 23:00:00,-25.4,5.6,0.0,48,270,54,980.5
2026-10-24 00:00:00,-35.3,10.9,0.0,78,10,56,969.7
2026-10-24 01:00:00,-29.0,15.9,0.0,40,243,40,990.6
2026-10-24 02:00:00,-33.6,9.9,0.0,36,93,50,973.7
2026-10-24 03:00:00,-32.8,13.7,0.0,80,115,58,988.6
2026-10-24 04:00:00,-38.4,13.5,0.0,17,162,85,992.1
2026-10-24 05:00:00,-31.1,11.5,395.0,76,297,79,1001.8
2026-10-24 06:00:00,-33.3,14.3,425.3,39,69,52,994.5
2026-10-24 07:00:00,-33.5,14.2,318.5,30,274,81,966.9
2026-10-24 08:00:00,-28.8,6.6,433.6,86,58,80,974.1
2026-10-24 09:00:00,-37.7,7.3,576.6,13,203,60,985.5
2026-10-24 10:00:00,-34.2,15.7,446.4,66,95,64,985.8
2026-10-24 11:00:00,-32.0,16.0,295.8,43,146,71,961.2
2026-10-24 12:00:00,-36.0,6.5,394.7,20,303,83,979.4
2026-10-24 13:00:00,-33.1,12.2,209.4,24,304,80,995.7
2026-10-24 14:00:00,-34.7,7.6,304.4,52,163,49,981.0
2026-10-24 15:00:00,-38.1,14.0,374.3,41,174,70,982.3
2026-10-24 16:00:00,-27.9,14.2,462.8,24,183,47,985.5
2026-10-24 17:00:00,-32.7,8.2,306.8,80,306,83,971.5
2026-10-24 18:00:00,-34.4,5.8,562.4,16,27,67,982.5
2026-10-24 19:00:00,-31.5,11.3,535.0,39,201,43,975.4
2026-10-24 20:00:00,-33.4,5.3,343.3,53,231,51,971.1
2026-10-24 21:00:00,-31.6,15.2,279.4,94,311,43,957.0
2026-10-24 22:00:00,-35.2,16.4,0.0,10,194,45,967.8
2026-10-24 23:00:00,-29.1,12.4,0.0,41,114,77,961.9
2026-10-25 00:00:00,-29.8,7.9,0.0,9,79,40,980.4
2026-10-25 01:00:00,-34.9,16.3,0.0,17,14,65,986.4
2026-10-25 02:00:00,-29.3,9.8,0.0,62,294,63,998.0
2026-10-25 03:00:00,-36.0,13.9,0.0,27,85,77,980.0
2026-10-25 04:00:00,-31.8,18.3,0.0,13,166,57,970.5
2026-10-25 05:00:00,-36.2,12.2,306.1,18,327,62,1000.8
2026-10-25 06:00:00,-33.9,10.3,82.7,75,22,79,981.6
2026-10-25 07:00:00,-29.8,15.4,481.8,35,121,87,978.5
2026-10-25 08:00:00,-38.2,19.0,499.6,44,303,84,987.1
2026-10-25 09:00:00,-32.2,16.6,325.6,100,352,46,972.8
2026-10-25 10:00:00,-28.7,8.8,351.0,83,231,46,1000.7
2026-10-25 11:00:00,-29.0,10.2,347.5,69,278,85,985.6
2026-10-25 12:00:00,-32.5,14.4,344.8,24,154,66,978.3
2026-10-25 13:00:00,-35.3,2.3,463.0,82,32,60,978.5
2026-10-25 14:00:00,-34.0,4.5,308.8,50,343,67,985.2
2026-10-25 15:00:00,-31.1,17.6,346.0,73,191,82,980.2
2026-10-25 16:00:00,-33.1,9.9,433.4,8,286,72,970.1
2026-10-25 17:00:00,-28.4,19.5,658.1,58,285,57,969.0
2026-10-25 18:00:00,-27.2,10.9,512.7,60,328,85,962.5
2026-10-25 19:00:00,-30.6,7.3,352.6,17,138,69,971.2
2026-10-25 20:00:00,-28.9,13.1,402.0,43,230,51,988.3
2026-10-25 21:00:00,-30.5,16.3,491.7,88,251,63,982.0
2026-10-25 22:00:00,-33.9,14.4,0.0,48,259,61,985.4
2026-10-25 23:00:00,-28.7,9.9,0.0,38,91,80,990.8
2026-10-26 00:00:00,-31.6,11.9,0.0,74,30,62,992.6
2026-10-26 01:00:00,-32.4,14.8,0.0,7,41,72,970.2
2026-10-26 02:00:00,-32.6,4.6,0.0,79,63,80,962.3
2026-10-26 03:00:00,-30.1,6.6,0.0,67,261,49,965.4
2026-10-26 04:00:00,-36.7,9.1,0.0,96,158,79,973.1
2026-10-26 05:00:00,-35.1,14.1,377.8,6,47,42,973.5
2026-10-26 06:00:00,-32.1,13.3,421.4,22,215,61,979.0
2026-10-26 07:00:00,-35.6,6.3,427.0,95,40,48,970.3
2026-10-26 08:00:00,-32.3,17.2,429.0,83,25,42,982.6
2026-10-26 09:00:00,-29.1,5.7,336.4,63,36,50,977.6
2026-10-26 10:00:00,-32.0,9.8,409.5,30,25,89,984.2
2026-10-26 11:00:00,-31.2,8.6,489.1,100,317,62,969.9
2026-10-26 12:00:00,-34.9,18.1,362.1,47,75,81,978.8
2026-10-26 13:00:00,-31.0,15.6,462.7,54,200,43,994.9
2026-10-26 14:00:00,-33.6,11.3,177.3,0,147,42,966.8
2026-10-26 15:00:00,-26.7,6.7,343.5,32,278,58,977.3
2026-10-26 16:00:00,-37.9,10.6,513.2,23,315,84,980.1
2026-10-26 17:00:00,-33.6,0.3,327.3,22,74,67,977.5
2026-10-26 18:00:00,-30.5,13.2,361.9,12,295,89,978.9
2026-10-26 19:00:00,-33.0,23.1,499.8,6,156,41,986.1
2026-10-26 20:00:00,-30.6,12.8,519.6,8,141,51,990.2
2026-10-26 21:00:00,-38.4,19.2,437.8,46,91,85,952.1
2026-10-26 22:00:00,-29.2,13.0,0.0,50,11,67,993.2
2026-10-26 23:00:00,-35.1,14.6,0.0,55,160,64,980.3
2026-10-27 00:00:00,-33.7,18.8,0.0,89,135,62,978.5
2026-10-27 01:00:00,-37.1,14.2,0.0,46,90,54,983.8
2026-10-27 02:00:00,-27.9,19.1,0.0,86,292,84,977.4
2026-10-27 03:00:00,-31.4,4.0,0.0,3,180,83,956.0
2026-10-27 04:00:00,-34.4,18.8,0.0,94,220,74,971.7
2026-10-27 05:00:00,-35.2,19.8,664.9,73,191,89,982.1
2026-10-27 06:00:00,-34.9,11.8,283.9,31,218,64,981.1
2026-10-27 07:00:00,-29.4,8.3,305.5,17,48,60,971.3
2026-10-27 08:00:00,-29.2,12.5,280.4,56,253,75,964.0
2026-10-27 09:00:00,-31.9,4.3,357.5,58,102,48,977.6
2026-10-27 10:00:00,-30.1,11.5,489.5,33,113,78,974.9
2026-10-27 11:00:00,-31.9,3.0,396.9,46,179,86,976.5
2026-10-27 12:00:00,-33.7,1.9,306.1,26,264,76,989.4
2026-10-27 13:00:00,-26.6,12.9,288.6,70,199,41,994.5
2026-10-27 14:00:00,-29.5,9.7,387.3,85,103,73,982.5
2026-10-27 15:00:00,-33.1,5.9,357.7,49,259,50,964.7
2026-10-27 16:00:00,-32.1,11.3,368.9,29,198,59,979.5
2026-10-27 17:00:00,-33.5,6.5,371.1,50,351,69,975.9
2026-10-27 18:00:00,-36.9,4.3,583.7,27,28,49,981.6
2026-10-27 19:00:00,-27.5,31.3,501.4,26,149,45,976.7
2026-10-27 20:00:00,-26.0,13.9,369.8,89,218,60,965.9
2026-10-27 21:00:00,-31.0,14.8,466.2,61,105,88,985.5
2026-10-27 22:00:00,-26.8,11.4,0.0,92,112,82,973.7
2026-10-27 23:00:00,-28.2,7.1,0.0,11,16,63,981.3
2026-10-28 00:00:00,-29.7,8.9,0.0,29,116,59,985.4
2026-10-28 01:00:00,-31.8,14.5,0.0,88,287,79,975.0
2026-10-28 02:00:00,-33.4,17.5,0.0,53,23,76,993.5
2026-10-28 03:00:00,-30.7,7.1,0.0,60,150,83,979.1
2026-10-28 04:00:00,-31.9,6.4,0.0,43,120,76,983.3
2026-10-28 05:00:00,-34.7,14.5,413.7,6,67,79,983.6
2026-10-28 06:00:00,-32.1,9.7,424.3,12,218,59,981.6
2026-10-28 07:00:00,-33.1,15.0,325.0,19,71,62,978.9
2026-10-28 08:00:00,-26.5,8.0,416.2,87,337,82,955.8
2026-10-28 09:00:00,-34.0,5.4,221.2,28,22,60,984.3
2026-10-28 10:00:00,-26.4,8.6,215.2,68,327,68,988.9
2026-10-28 11:00:00,-29.6,11.9,334.6,31,268,55,989.5
2026-10-28 12:00:00,-25.9,9.3,390.6,26,49,87,987.9
2026-10-28 13:00:00,-26.3,6.9,466.7,92,185,72,988.2
2026-10-28 14:00:00,-29.4,16.2,319.3,26,157,78,964.4
2026-10-28 15:00:00,-30.9,7.5,385.7,37,19,56,970.1
2026-10-28 16:00:00,-31.2,10.2,393.2,24,102,62,973.5
2026-10-28 17:00:00,-33.8,22.9,247.5,74,246,42,978.7
2026-10-28 18:00:00,-32.0,15.7,428.9,40,222,61,969.2
2026-10-28 19:00:00,-34.0,20.0,401.2,47,278,86,970.7
2026-10-28 20:00:00,-33.0,12.4,531.8,92,290,53,974.6
2026-10-28 21:00:00,-33.0,11.2,241.7,48,182,46,984.6
2026-10-28 22:00:00,-29.7,0.0,0.0,2,351,69,972.2
2026-10-28 23:00:00,-34.2,6.2,0.0,72,266,67,986.7
2026-10-29 00:00:00,-29.5,11.7,0.0,55,104,74,971.5
2026-10-29 01:00:00,-31.5,4.7,0.0,71,331,74,981.7
2026-10-29 02:00:00,-31.2,16.7,0.0,25,344,60,983.9
2026-10-29 03:00:00,-34.6,15.9,0.0,61,276,69,985.8
2026-10-29 04:00:00,-33.0,7.2,0.0,27,145,79,988.8
2026-10-29 05:00:00,-35.8,13.3,512.2,54,315,78,981.5
2026-10-29 06:00:00,-33.3,8.8,422.0,86,58,88,980.0
2026-10-29 07:00:00,-27.9,20.0,277.6,71,145,49,987.0
2026-10-29 08:00:00,-28.9,15.5,488.9,85,233,65,968.3
2026-10-29 09:00:00,-26.4,7.0,391.0,61,187,50,987.6
2026-10-29 10:00:00,-33.2,3.6,364.5,5,287,63,1023.0
2026-10-29 11:00:00,-26.6,11.1,499.2,40,176,79,974.6
2026-10-29 12:00:00,-29.3,12.1,548.9,43,231,55,990.7
2026-10-29 13:00:00,-31.1,14.8,503.6,63,353,80,979.8
2026-10-29 14:00:00,-31.5,24.8,428.2,8,267,69,993.5
2026-10-29 15:00:00,-32.7,12.0,365.8,68,3,48,975.1
2026-10-29 16:00:00,-36.4,18.7,409.0,45,327,89,969.7
2026-10-29 17:00:00,-33.1,8.4,170.2,71,78,63,991.2
2026-10-29 18:00:00,-32.0,12.4,523.0,27,141,67,978.4
2026-10-29 19:00:00,-25.2,8.6,275.1,49,257,78,984.5
2026-10-29 20:00:00,-31.7,7.9,393.8,69,297,45,984.7
2026-10-29 21:00:00,-31.7,26.6,571.2,3,260,83,997.3
2026-10-29 22:00:00,-28.8,14.7,0.0,4,29,80,979.5
2026-10-29 23:00:00,-31.5,1.7,0.0,82,146,86,970.2
2026-10-30 00:00:00,-22.1,7.0,0.0,30,259,57,967.6
2026-10-30 01:00:00,-29.2,8.8,0.0,30,129,53,985.1
2026-10-30 02:00:00,-33.2,23.1,0.0,39,47,52,987.0
2026-10-30 03:00:00,-37.0,8.0,0.0,48,288,49,958.1
2026-10-30 04:00:00,-30.2,23.5,0.0,55,56,60,1013.7
2026-10-30 05:00:00,-29.0,3.7,405.8,91,297,41,978.3
2026-10-30 06:00:00,-30.9,8.1,392.5,75,123,82,990.5
2026-10-30 07:00:00,-29.0,20.4,295.6,48,248,88,986.3
2026-10-30 08:00:00,-34.9,18.1,593.6,70,111,89,983.6
2026-10-30 09:00:00,-28.9,9.8,296.9,52,270,44,966.5
2026-10-30 10:00:00,-25.5,15.7,311.4,68,40,61,957.2
2026-10-30 11:00:00,-32.8,8.1,180.2,21,186,47,967.7
2026-10-30 12:00:00,-33.8,25.3,492.1,70,121,67,978.2
2026-10-30 13:00:00,-34.0,13.3,570.2,29,280,50,979.0
2026-10-30 14:00:00,-32.5,13.3,453.9,92,68,80,986.2
2026-10-30 15:00:00,-30.8,15.1,477.2,45,46,56,983.5
2026-10-30 16:00:00,-26.6,14.8,639.8,27,13,79,991.3
2026-10-30 17:00:00,-35.8,8.9,153.0,91,300,69,966.3
2026-10-30 18:00:00,-32.6,3.5,338.9,0,176,41,987.2
2026-10-30 19:00:00,-35.2,14.1,322.1,64,182,60,974.0
2026-10-30 20:00:00,-31.0,10.7,487.5,55,302,68,965.3
2026-10-30 21:00:00,-33.8,10.7,500.0,74,96,69,990.6
2026-10-30 22:00:00,-28.5,19.1,0.0,54,94,63,988.3
2026-10-30 23:00:00,-29.5,15.5,0.0,25,207,77,985.3
2026-10-31 00:00:00,-34.1,15.3,0.0,81,229,62,970.7
2026-10-31 01:00:00,-33.9,9.9,0.0,54,168,44,968.2
2026-10-31 02:00:00,-23.7,11.2,0.0,21,329,53,964.5
2026-10-31 03:00:00,-35.1,10.3,0.0,5,128,55,993.5
2026-10-31 04:00:00,-30.1,9.6,0.0,66,203,87,979.9
2026-10-31 05:00:00,-28.7,12.0,533.5,56,119,52,970.8
2026-10-31 06:00:00,-32.9,6.5,344.3,70,282,69,967.0
2026-10-31 07:00:00,-32.2,19.1,352.9,9,183,40,975.5
2026-10-31 08:00:00,-31.1,19.8,308.7,11,249,86,968.6
2026-10-31 09:00:00,-27.2,11.4,343.2,51,52,43,983.5
2026-10-31 10:00:00,-31.1,9.1,401.5,60,326,85,977.2
2026-10-31 11:00:00,-29.3,12.4,386.3,51,35,59,980.4
2026-10-31 12:00:00,-33.1,13.0,447.9,35,198,64,974.7
2026-10-31 13:00:00,-30.0,14.9,302.7,45,75,68,978.0
2026-10-31 14:00:00,-29.0,7.4,354.4,81,100,80,1004.5
2026-10-31 15:00:00,-31.1,12.8,572.0,81,224,80,986.6
2026-10-31 16:00:00,-26.0,18.8,439.1,16,33,78,993.0
2026-10-31 17:00:00,-25.7,15.3,229.0,90,246,78,978.7
2026-10-31 18:00:00,-24.7,7.9,314.7,11,173,56,974.9
2026-10-31 19:00:00,-27.1,13.5,489.5,35,318,61,994.8
2026-10-31 20:00:00,-35.6,6.9,380.9,35,29,82,984.9
2026-10-31 21:00:00,-25.7,3.4,418.8,45,221,79,988.0
2026-10-31 22:00:00,-23.3,11.3,0.0,64,67,64,1002.8
2026-10-31 23:00:00,-28.2,12.9,0.0,12,92,86,988.3
2026-11-01 00:00:00,-27.5,0.0,0.0,42,267,76,970.3
2026-11-01 01:00:00,-27.5,10.0,0.0,90,282,40,971.8
2026-11-01 02:00:00,-35.0,10.7,0.0,74,77,70,971.7
2026-11-01 03:00:00,-26.8,10.2,0.0,77,77,81,980.2
2026-11-01 04:00:00,-32.5,12.4,0.0,88,128,88,986.5
2026-11-01 05:00:00,-34.4,15.6,519.3,30,157,77,972.2
2026-11-01 06:00:00,-30.9,13.6,454.2,90,68,77,980.1
2026-11-01 07:00:00,-23.4,9.6,400.3,35,24,44,981.5
2026-11-01 08:00:00,-29.3,12.5,366.4,60,268,82,977.9
2026-11-01 09:00:00,-26.9,6.3,452.0,15,235,87,967.7
2026-11-01 10:00:00,-32.3,12.5,463.4,21,257,72,981.5
2026-11-01 11:00:00,-25.3,13.3,243.3,33,115,75,970.5
2026-11-01 12:00:00,-29.4,15.7,548.8,23,54,46,989.5
2026-11-01 13:00:00,-30.0,15.5,375.7,56,110,75,973.4
2026-11-01 14:00:00,-28.9,7.8,329.2,57,206,55,973.7
2026-11-01 15:00:00,-31.1,6.1,406.6,10,114,72,964.6
2026-11-01 16:00:00,-34.2,7.5,211.9,86,60,40,986.3
2026-11-01 17:00:00,-31.8,5.7,263.5,20,156,83,976.2
2026-11-01 18:00:00,-37.3,11.0,254.9,79,285,62,992.2
2026-11-01 19:00:00,-24.7,18.4,537.9,14,333,89,990.8
2026-11-01 20:00:00,-29.8,14.5,421.4,35,254,61,985.9
2026-11-01 21:00:00,-29.4,4.8,473.5,35,324,81,977.0
2026-11-01 22:00:00,-27.9,17.7,0.0,65,83,48,987.1
2026-11-01 23:00:00,-32.6,15.1,0.0,42,263,56,992.0
2026-11-02 00:00:00,-32.8,17.8,0.0,22,15,80,987.1
2026-11-02 01:00:00,-31.3,9.2,0.0,43,189,76,977.3
2026-11-02 02:00:00,-29.0,11.0,0.0,10,71,51,971.1
2026-11-02 03:00:00,-27.9,20.5,0.0,95,98,66,976.7
2026-11-02 04:00:00,-28.2,4.5,0.0,56,172,87,998.7
2026-11-02 05:00:00,-30.1,11.4,440.7,48,223,77,970.5
2026-11-02 06:00:00,-25.2,13.9,476.2,97,89,48,957.3
2026-11-02 07:00:00,-29.8,20.8,394.6,12,175,85,980.5
2026-11-02 08:00:00,-28.3,2.7,250.6,95,234,66,976.9
2026-11-02 09:00:00,-28.8,9.0,412.5,75,310,81,977.2
2026-11-02 10:00:00,-30.9,11.1,332.7,74,82,64,981.6
2026-11-02 11:00:00,-26.8,16.0,326.4,28,205,77,973.7
2026-11-02 12:00:00,-32.3,20.0,426.1,13,81,66,992.0
2026-11-02 13:00:00,-29.4,12.2,483.7,51,251,56,989.9
2026-11-02 14:00:00,-32.2,17.3,289.7,50,266,67,970.5
2026-11-02 15:00:00,-27.2,17.2,311.4,65,149,65,995.3
2026-11-02 16:00:00,-30.5,10.6,313.9,14,196,79,989.0
2026-11-02 17:00:00,-30.3,6.8,496.1,81,258,70,979.4
2026-11-02 18:00:00,-25.9,4.1,311.6,27,291,78,970.0
2026-11-02 19:00:00,-33.2,10.8,552.9,65,292,53,982.1
2026-11-02 20:00:00,-28.7,10.2,351.6,100,34,45,970.6
2026-11-02 21:00:00,-35.4,0.5,202.8,31,303,41,970.4
2026-11-02 22:00:00,-26.7,16.4,0.0,83,316,73,954.3
2026-11-02 23:00:00,-31.8,7.0,0.0,22,17,77,979.8
2026-11-03 00:00:00,-30.2,13.1,0.0,63,241,71,971.2
2026-11-03 01:00:00,-32.5,17.8,0.0,40,322,69,972.8
2026-11-03 02:00:00,-24.9,7.5,0.0,14,73,47,995.4
2026-11-03 03:00:00,-25.2,9.4,0.0,22,131,69,986.8
2026-11-03 04:00:00,-28.7,12.1,0.0,30,202,49,983.1
2026-11-03 05:00:00,-29.8,11.7,489.7,76,32,66,984.5
2026-11-03 06:00:00,-26.6,15.7,340.3,1,344,62,976.2
2026-11-03 07:00:00,-33.9,12.4,522.0,96,26,55,965.2
2026-11-03 08:00:00,-27.6,11.3,425.9,9,251,44,986.8
2026-11-03 09:00:00,-27.8,8.7,373.4,10,307,40,980.3
2026-11-03 10:00:00,-28.9,16.2,412.2,77,134,51,1000.7
2026-11-03 11:00:00,-30.3,8.5,365.9,100,81,52,980.9
2026-11-03 12:00:00,-28.1,6.6,290.1,94,35,89,977.1
2026-11-03 13:00:00,-35.6,20.8,411.2,37,133,46,981.7
2026-11-03 14:00:00,-24.9,6.5,358.8,95,144,69,984.4
2026-11-03 15:00:00,-28.7,15.6,216.1,11,350,81,988.4
2026-11-03 16:00:00,-32.6,16.7,448.2,98,124,47,960.0
2026-11-03 17:00:00,-32.8,6.7,238.8,31,271,89,966.6
2026-11-03 18:00:00,-30.0,11.3,501.5,89,235,56,982.2
2026-11-03 19:00:00,-27.6,11.1,497.2,99,338,84,976.7
2026-11-03 20:00:00,-32.4,8.6,284.7,16,75,72,972.0
2026-11-03 21:00:00,-31.6,11.2,296.1,70,107,62,980.3
2026-11-03 22:00:00,-34.6,9.0,0.0,42,153,86,985.7
2026-11-03 23:00:00,-33.5,7.3,0.0,90,239,56,993.4
2026-11-04 00:00:00,-27.6,6.0,0.0,73,227,77,973.6
2026-11-04 01:00:00,-31.7,18.7,0.0,40,294,84,974.4
2026-11-04 02:00:00,-30.7,15.3,0.0,79,264,44,979.1
2026-11-04 03:00:00,-28.8,13.8,0.0,45,117,65,991.3
2026-11-04 04:00:00,-30.7,12.5,0.0,27,293,61,994.9
2026-11-04 05:00:00,-30.5,10.8,476.3,93,123,44,961.1
2026-11-04 06:00:00,-28.6,8.4,328.9,9,17,70,993.2
2026-11-04 07:00:00,-35.5,16.9,251.8,41,108,65,974.3
2026-11-04 08:00:00,-30.2,9.6,535.8,1,267,73,990.6
2026-11-04 09:00:00,-30.6,11.1,429.7,93,155,83,962.0
2026-11-04 10:00:00,-31.9,11.0,476.6,36,324,67,977.2
2026-11-04 11:00:00,-27.6,7.1,199.3,100,174,88,958.1
2026-11-04 12:00:00,-31.5,9.8,423.3,67,260,76,953.7
2026-11-04 13:00:00,-28.5,7.9,447.8,93,187,45,961.7
2026-11-04 14:00:00,-28.5,8.2,716.3,88,69,43,969.3
2026-11-04 15:00:00,-30.5,11.8,406.4,94,51,72,977.4
2026-11-04 16:00:00,-31.7,2.0,431.6,91,194,84,982.0
2026-11-04 17:00:00,-25.4,16.2,295.3,43,126,72,961.4
2026-11-04 18:00:00,-27.3,12.9,463.5,13,172,63,985.2
2026-11-04 19:00:00,-30.1,18.4,337.8,16,352,72,971.0
2026-11-04 20:00:00,-28.2,0.0,473.6,16,272,89,958.1
2026-11-04 21:00:00,-26.4,0.8,376.3,57,233,61,1000.0
2026-11-04 22:00:00,-25.1,4.6,0.0,54,248,81,974.0
2026-11-04 23:00:00,-26.6,0.0,0.0,18,249,85,975.4
2026-11-05 00:00:00,-27.9,13.0,0.0,48,243,62,980.5
2026-11-05 01:00:00,-28.9,9.1,0.0,61,156,78,962.0
2026-11-05 02:00:00,-31.4,10.5,0.0,36,39,77,992.7
2026-11-05 03:00:00,-31.9,16.2,0.0,78,285,62,984.0
2026-11-05 04:00:00,-28.0,19.0,0.0,33,86,76,975.3
2026-11-05 05:00:00,-27.5,13.6,307.7,71,43,54,986.5
2026-11-05 06:00:00,-24.5,17.3,536.3,33,100,45,977.8
2026-11-05 07:00:00,-31.6,17.5,381.2,32,174,64,976.7
2026-11-05 08:00:00,-29.9,6.5,444.1,95,190,47,979.0
2026-11-05 09:00:00,-24.9,10.0,451.9,97,114,47,985.1
2026-11-05 10:00:00,-29.6,22.8,490.2,100,208,82,976.4
2026-11-05 11:00:00,-29.0,12.4,384.6,15,13,84,971.8
2026-11-05 12:00:00,-24.6,20.9,433.3,69,149,64,981.2
2026-11-05 13:00:00,-29.4,11.8,459.3,96,0,55,969.9
2026-11-05 14:00:00,-26.0,15.0,456.0,88,134,70,969.8
2026-11-05 15:00:00,-29.0,11.9,406.4,75,207,58,964.7
2026-11-05 16:00:00,-24.5,12.2,230.1,80,148,80,983.9
2026-11-05 17:00:00,-25.6,10.4,297.8,100,330,85,962.3
2026-11-05 18:00:00,-31.4,13.3,559.4,59,6,42,971.3
2026-11-05 19:00:00,-29.4,7.4,358.3,100,316,62,985.4
2026-11-05 20:00:00,-25.4,16.9,405.6,36,254,44,972.9
2026-11-05 21:00:00,-31.9,12.3,554.9,5,46,52,976.5
2026-11-05 22:00:00,-26.6,12.3,0.0,81,271,78,978.7
2026-11-05 23:00:00,-32.6,13.2,0.0,88,186,53,983.3
2026-11-06 00:00:00,-29.4,9.6,0.0,47,138,40,963.1
2026-11-06 01:00:00,-30.4,9.5,0.0,52,223,64,976.2
2026-11-06 02:00:00,-34.7,10.0,0.0,10,25,72,992.0
2026-11-06 03:00:00,-27.4,9.5,0.0,55,140,79,980.7
2026-11-06 04:00:00,-31.4,7.1,0.0,76,144,83,979.5
2026-11-06 05:00:00,-28.3,9.8,448.4,50,127,64,958.3
2026-11-06 06:00:00,-28.4,12.9,184.8,24,44,42,1000.8
2026-11-06 07:00:00,-25.3,12.1,455.7,35,32,72,982.9
2026-11-06 08:00:00,-33.3,9.5,390.0,4,187,49,984.5
2026-11-06 09:00:00,-26.7,6.9,304.6,79,323,50,960.6
2026-11-06 10:00:00,-21.8,10.0,507.7,41,67,80,983.3
2026-11-06 11:00:00,-25.9,12.6,340.1,65,106,50,969.3
2026-11-06 12:00:00,-33.3,20.6,418.7,57,219,42,962.8
2026-11-06 13:00:00,-29.5,15.8,463.4,59,58,87,979.3
2026-11-06 14:00:00,-28.6,17.4,526.7,91,9,71,990.4
2026-11-06 15:00:00,-29.2,11.8,536.8,12,303,73,982.3
2026-11-06 16:00:00,-28.9,7.0,422.6,8,244,66,965.0
2026-11-06 17:00:00,-23.6,20.3,406.1,3,112,47,984.6
2026-11-06 18:00:00,-26.0,12.7,487.4,51,227,88,984.8
2026-11-06 19:00:00,-30.0,7.4,273.2,50,236,74,977.7
2026-11-06 20:00:00,-25.5,11.3,418.1,97,266,89,993.6
2026-11-06 21:00:00,-27.8,15.4,342.4,59,196,59,973.9
2026-11-06 22:00:00,-28.7,12.7,0.0,49,12,49,988.9
2026-11-06 23:00:00,-28.2,16.8,0.0,24,274,52,982.2
2026-11-07 00:00:00,-25.1,12.4,0.0,10,54,50,979.2
2026-11-07 01:00:00,-30.0,8.5,0.0,70,31,56,999.4
2026-11-07 02:00:00,-27.9,17.3,0.0,60,80,63,971.8
2026-11-07 03:00:00,-19.8,16.6,0.0,10,65,84,976.3
2026-11-07 04:00:00,-28.7,5.6,0.0,14,328,43,965.0
2026-11-07 05:00:00,-26.0,12.2,344.9,100,232,89,978.1
2026-11-07 06:00:00,-31.8,9.2,400.6,82,209,47,992.3
2026-11-07 07:00:00,-28.1,11.7,518.7,44,111,40,982.8
2026-11-07 08:00:00,-28.3,12.5,192.4,17,43,67,981.4
2026-11-07 09:00:00,-26.4,13.9,459.2,22,93,47,975.9
2026-11-07 10:00:00,-28.4,4.6,324.4,27,36,45,978.2
2026-11-07 11:00:00,-29.1,8.4,409.0,59,115,45,984.5
2026-11-07 12:00:00,-29.8,12.7,425.1,55,264,56,982.5
2026-11-07 13:00:00,-26.6,5.6,291.4,72,308,67,995.7
2026-11-07 14:00:00,-21.7,14.9,435.4,91,123,66,975.4
2026-11-07 15:00:00,-34.9,11.4,601.6,40,118,66,991.1
2026-11-07 16:00:00,-28.7,14.6,437.4,79,300,70,993.5
2026-11-07 17:00:00,-27.3,19.7,311.6,5,192,83,980.5
2026-11-07 18:00:00,-30.2,16.4,497.9,51,230,79,997.2
2026-11-07 19:00:00,-31.1,12.2,580.7,89,254,82,961.7
2026-11-07 20:00:00,-25.9,13.1,283.5,80,61,51,985.4
2026-11-07 21:00:00,-27.5,16.8,584.3,93,129,89,990.6
2026-11-07 22:00:00,-29.4,22.5,0.0,10,13,70,973.3
2026-11-07 23:00:00,-31.7,5.1,0.0,83,171,47,992.1
2026-11-08 00:00:00,-25.2,11.0,0.0,31,251,89,978.2
2026-11-08 01:00:00,-26.0,14.1,0.0,84,358,62,975.0
2026-11-08 02:00:00,-29.7,14.5,0.0,47,161,57,974.0
2026-11-08 03:00:00,-26.8,18.6,0.0,77,185,56,965.0
2026-11-08 04:00:00,-28.0,2.1,0.0,60,76,63,997.3
2026-11-08 05:00:00,-26.1,17.4,318.0,25,184,80,989.2
2026-11-08 06:00:00,-30.5,5.3,576.8,82,29,79,983.5
2026-11-08 07:00:00,-25.9,17.8,425.7,15,231,52,986.5
2026-11-08 08:00:00,-25.5,12.2,490.0,98,41,45,999.0
2026-11-08 09:00:00,-19.8,10.0,268.2,48,220,87,1005.3
2026-11-08 10:00:00,-22.5,9.6,275.4,53,350,40,990.6
2026-11-08 11:00:00,-27.7,18.2,222.5,51,194,54,978.2
2026-11-08 12:00:00,-25.9,4.6,308.7,88,118,85,988.0
2026-11-08 13:00:00,-27.0,13.6,363.2,13,303,49,999.7
2026-11-08 14:00:00,-27.9,16.8,493.9,65,132,50,986.2
2026-11-08 15:00:00,-31.4,9.2,510.2,76,242,46,991.3
2026-11-08 16:00:00,-29.0,12.1,282.5,75,256,45,971.1
2026-11-08 17:00:00,-23.2,16.0,392.8,29,83,83,979.6
2026-11-08 18:00:00,-29.8,13.2,385.1,97,305,65,976.2
2026-11-08 19:00:00,-20.9,19.2,317.5,24,234,40,981.3
2026-11-08 20:00:00,-28.9,8.7,492.7,9,209,47,978.3
2026-11-08 21:00:00,-32.3,13.6,333.2,54,320,73,968.7
2026-11-08 22:00:00,-27.6,7.5,0.0,54,233,48,975.0
2026-11-08 23:00:00,-28.8,13.0,0.0,81,335,80,990.6
2026-11-09 00:00:00,-28.8,16.9,0.0,85,141,78,982.9
2026-11-09 01:00:00,-28.1,11.0,0.0,16,185,88,974.3
2026-11-09 02:00:00,-24.4,10.6,0.0,82,85,42,992.7
2026-11-09 03:00:00,-31.6,16.4,0.0,73,209,49,974.5
2026-11-09 04:00:00,-21.7,15.4,0.0,38,313,46,978.1
2026-11-09 05:00:00,-25.7,11.4,386.7,27,296,40,974.6
2026-11-09 06:00:00,-27.8,13.3,340.9,14,17,50,977.5
2026-11-09 07:00:00,-25.1,10.9,309.4,32,307,52,984.2
2026-11-09 08:00:00,-31.3,12.1,510.8,65,4,51,978.8
2026-11-09 09:00:00,-29.2,17.9,406.5,43,304,67,978.3
2026-11-09 10:00:00,-28.3,18.9,357.2,73,126,80,987.4
2026-11-09 11:00:00,-29.2,13.8,655.7,72,195,72,975.6
2026-11-09 12:00:00,-28.2,13.1,367.1,87,240,51,987.3
2026-11-09 13:00:00,-24.2,18.1,382.2,9,162,87,974.4
2026-11-09 14:00:00,-25.5,12.0,421.1,94,222,52,967.3
2026-11-09 15:00:00,-27.5,5.0,416.5,55,284,85,985.0
2026-11-09 16:00:00,-26.9,16.1,401.2,57,92,73,975.8
2026-11-09 17:00:00,-31.2,18.8,404.6,58,57,81,996.6
2026-11-09 18:00:00,-29.9,16.0,523.1,42,136,52,953.4
2026-11-09 19:00:00,-23.7,10.2,292.7,92,312,56,972.2
2026-11-09 20:00:00,-27.3,11.9,491.0,7,262,76,966.8
2026-11-09 21:00:00,-32.3,12.0,358.2,61,330,80,987.7
2026-11-09 22:00:00,-21.3,7.6,0.0,83,270,66,989.9
2026-11-09 23:00:00,-28.9,8.5,0.0,30,57,44,974.8
2026-11-10 00:00:00,-27.0,12.1,0.0,87,345,48,981.5
2026-11-10 01:00:00,-30.8,16.8,0.0,74,184,87,986.0
2026-11-10 02:00:00,-27.8,11.8,0.0,33,248,51,971.6
2026-11-10 03:00:00,-27.5,15.8,0.0,61,256,54,990.5
2026-11-10 04:00:00,-23.9,19.5,0.0,38,303,89,970.2
2026-11-10 05:00:00,-23.9,11.8,448.7,0,49,52,982.5
2026-11-10 06:00:00,-24.3,11.4,321.8,29,284,45,977.3
2026-11-10 07:00:00,-23.7,0.8,534.1,88,206,82,980.2
2026-11-10 08:00:00,-22.1,9.8,384.8,13,304,57,993.4
2026-11-10 09:00:00,-28.4,8.3,495.5,8,224,58,991.5
2026-11-10 10:00:00,-27.9,2.5,401.0,64,169,76,989.9
2026-11-10 11:00:00,-21.8,15.6,395.8,54,122,55,986.7
2026-11-10 12:00:00,-20.4,12.3,418.2,77,205,40,967.3
2026-11-10 13:00:00,-29.3,4.0,453.9,15,138,88,971.5
2026-11-10 14:00:00,-29.5,14.1,238.4,66,246,53,987.3
2026-11-10 15:00:00,-24.4,16.6,258.9,42,262,71,985.3
2026-11-10 16:00:00,-25.2,8.8,405.6,31,30,42,978.4
2026-11-10 17:00:00,-29.3,7.7,455.7,6,278,73,967.7
2026-11-10 18:00:00,-27.1,17.2,482.4,42,209,41,994.1
2026-11-10 19:00:00,-25.9,13.4,699.6,46,6,45,977.5
2026-11-10 20:00:00,-22.4,11.3,423.6,53,287,66,963.8
2026-11-10 21:00:00,-29.2,2.1,457.5,68,165,70,975.3
2026-11-10 22:00:00,-25.5,10.3,0.0,19,11,82,967.5
2026-11-10 23:00:00,-19.6,16.1,0.0,70,40,61,968.4
2026-11-11 00:00:00,-22.1,18.4,0.0,96,78,58,994.3
2026-11-11 01:00:00,-16.5,8.1,0.0,97,317,52,974.3
2026-11-11 02:00:00,-21.9,6.3,0.0,95,262,79,991.1
2026-11-11 03:00:00,-26.5,10.9,0.0,96,197,50,959.4
2026-11-11 04:00:00,-23.7,11.6,0.0,27,284,70,987.7
2026-11-11 05:00:00,-26.6,9.1,333.4,35,74,79,985.9
2026-11-11 06:00:00,-24.6,11.4,352.8,27,73,42,974.7
2026-11-11 07:00:00,-24.7,13.1,347.5,85,75,56,978.1
2026-11-11 08:00:00,-22.6,5.4,464.5,90,43,46,979.2
2026-11-11 09:00:00,-22.6,5.0,456.7,85,262,63,984.6
2026-11-11 10:00:00,-26.8,10.0,573.7,62,323,56,1004.9
2026-11-11 11:00:00,-27.2,12.1,357.0,92,87,74,992.1
2026-11-11 12:00:00,-21.2,13.6,343.6,59,204,48,979.9
2026-11-11 13:00:00,-28.9,11.3,486.9,26,3,56,979.1
2026-11-11 14:00:00,-25.6,4.6,269.5,6,92,74,986.5
2026-11-11 15:00:00,-25.9,16.5,288.1,30,39,86,986.2
2026-11-11 16:00:00,-26.0,3.7,413.7,75,351,79,982.0
2026-11-11 17:00:00,-26.7,11.0,448.9,42,229,72,971.0
2026-11-11 18:00:00,-30.3,6.7,286.8,90,272,54,988.2
2026-11-11 19:00:00,-18.8,6.7,311.3,58,86,74,966.2
2026-11-11 20:00:00,-21.6,6.1,420.4,94,104,40,980.4
2026-11-11 21:00:00,-22.4,6.9,298.7,46,195,41,959.6
2026-11-11 22:00:00,-27.4,9.1,0.0,28,354,73,970.8
2026-11-11 23:00:00,-23.6,11.7,0.0,37,198,45,976.9
2026-11-12 00:00:00,-27.2,7.0,0.0,2,82,67,992.9
2026-11-12 01:00:00,-23.3,10.7,0.0,54,214,65,982.8
2026-11-12 02:00:00,-22.4,18.3,0.0,70,282,51,977.5
2026-11-12 03:00:00,-21.6,19.0,0.0,55,193,55,985.2
2026-11-12 04:00:00,-24.3,10.9,0.0,87,43,44,976.8
2026-11-12 05:00:00,-28.6,14.7,380.1,15,60,74,982.9
2026-11-12 06:00:00,-24.8,10.9,520.8,22,159,73,998.3
2026-11-12 07:00:00,-23.3,16.4,387.1,61,128,73,967.1
2026-11-12 08:00:00,-22.9,8.8,146.9,37,67,77,971.8
2026-11-12 09:00:00,-22.0,20.9,520.1,33,171,61,968.2
2026-11-12 10:00:00,-28.4,9.8,471.0,70,2,46,971.3
2026-11-12 11:00:00,-29.5,19.8,476.2,81,72,68,989.7
2026-11-12 12:00:00,-31.6,16.3,508.7,6,57,52,983.4
2026-11-12 13:00:00,-25.4,7.3,392.3,26,353,46,966.7
2026-11-12 14:00:00,-24.6,14.9,429.8,26,69,45,979.7
2026-11-12 15:00:00,-24.4,14.5,361.4,26,224,44,978.2
2026-11-12 16:00:00,-27.4,14.5,437.2,16,23,52,970.0
2026-11-12 17:00:00,-25.5,14.3,276.9,10,56,75,983.0
2026-11-12 18:00:00,-20.2,6.8,265.1,46,142,63,975.8
2026-11-12 19:00:00,-30.7,9.4,388.0,39,285,45,971.4
2026-11-12 20:00:00,-25.0,11.9,295.8,2,198,51,986.6
2026-11-12 21:00:00,-27.3,18.1,500.9,4,156,44,970.3
2026-11-12 22:00:00,-25.8,9.5,0.0,13,90,59,994.2
2026-11-12 23:00:00,-23.9,23.2,0.0,89,93,82,983.6
2026-11-13 00:00:00,-27.6,5.2,0.0,58,280,46,960.7
2026-11-13 01:00:00,-30.4,16.9,0.0,13,333,40,980.2
2026-11-13 02:00:00,-32.2,18.4,0.0,96,70,51,1008.2
2026-11-13 03:00:00,-27.7,27.8,0.0,58,186,58,991.8
2026-11-13 04:00:00,-23.4,13.0,0.0,15,201,81,975.4
2026-11-13 05:00:00,-30.9,8.5,421.9,16,62,76,984.7
2026-11-13 06:00:00,-23.6,9.0,538.8,90,227,77,982.2
2026-11-13 07:00:00,-33.5,12.0,419.8,72,308,65,987.2
2026-11-13 08:00:00,-25.9,11.1,428.2,53,154,51,975.0
2026-11-13 09:00:00,-27.5,12.2,286.8,33,309,46,981.8
2026-11-13 10:00:00,-24.0,23.2,308.4,12,274,81,976.2
2026-11-13 11:00:00,-21.0,16.0,446.4,91,81,62,986.4
2026-11-13 12:00:00,-29.2,12.3,311.0,9,312,47,974.9
2026-11-13 13:00:00,-25.6,11.2,368.8,32,97,82,969.7
2026-11-13 14:00:00,-25.0,6.5,351.3,74,179,46,1001.3
2026-11-13 15:00:00,-27.5,22.6,489.0,4,147,67,989.9
2026-11-13 16:00:00,-30.4,22.6,350.2,57,333,70,996.2
2026-11-13 17:00:00,-26.2,19.9,339.9,80,313,52,988.4
2026-11-13 18:00:00,-28.9,17.4,298.3,37,34,81,986.8
2026-11-13 19:00:00,-23.8,18.9,303.7,0,338,64,966.4
2026-11-13 20:00:00,-25.9,1.1,221.0,6,200,52,976.8
2026-11-13 21:00:00,-23.5,14.4,356.2,48,341,83,987.0
2026-11-13 22:00:00,-27.8,5.3,0.0,54,129,66,967.3
2026-11-13 23:00:00,-27.4,12.4,0.0,7,259,45,966.6
2026-11-14 00:00:00,-27.9,24.2,0.0,71,272,47,975.2
2026-11-14 01:00:00,-30.0,21.1,0.0,71,356,70,953.3
2026-11-14 02:00:00,-24.8,10.9,0.0,35,117,89,978.0
2026-11-14 03:00:00,-24.1,4.0,0.0,53,284,47,990.4
2026-11-14 04:00:00,-23.0,12.8,0.0,67,192,41,993.5
2026-11-14 05:00:00,-26.6,11.0,216.6,20,325,53,994.3
2026-11-14 06:00:00,-28.3,9.1,396.5,45,203,53,960.9
2026-11-14 07:00:00,-24.4,12.5,484.7,27,143,46,970.8
2026-11-14 08:00:00,-25.3,10.2,602.1,23,297,81,987.7
2026-11-14 09:00:00,-26.5,13.7,502.5,54,125,47,987.4
2026-11-14 10:00:00,-24.6,16.1,348.5,96,282,52,999.1
2026-11-14 11:00:00,-24.8,7.3,401.9,37,208,48,967.1
2026-11-14 12:00:00,-28.3,16.8,227.8,48,170,41,999.9
2026-11-14 13:00:00,-21.6,11.8,451.3,25,254,59,990.1
2026-11-14 14:00:00,-24.7,8.7,412.2,9,107,43,990.3
2026-11-14 15:00:00,-25.0,5.2,222.1,44,297,64,970.2
2026-11-14 16:00:00,-27.8,6.6,476.2,57,215,69,975.7
2026-11-14 17:00:00,-22.8,12.0,322.7,81,8,67,985.5
2026-11-14 18:00:00,-25.3,4.7,418.3,54,102,85,974.3
2026-11-14 19:00:00,-25.8,22.7,389.1,8,2,61,996.1
2026-11-14 20:00:00,-26.0,13.0,314.1,26,30,70,983.4
2026-11-14 21:00:00,-30.7,15.5,256.7,76,299,84,981.2
2026-11-14 22:00:00,-25.9,8.4,0.0,20,42,64,980.2
2026-11-14 23:00:00,-22.0,5.3,0.0,40,218,64,990.6
2026-11-15 00:00:00,-29.5,11.7,0.0,25,304,89,987.9
2026-11-15 01:00:00,-25.4,24.2,0.0,58,278,77,971.9
2026-11-15 02:00:00,-25.7,7.2,0.0,25,303,61,964.9
2026-11-15 03:00:00,-26.1,24.1,0.0,81,137,42,992.9
2026-11-15 04:00:00,-26.9,19.6,0.0,58,59,41,975.3
2026-11-15 05:00:00,-31.6,25.2,325.2,87,241,44,984.8
2026-11-15 06:00:00,-25.6,6.8,520.0,28,322,67,977.4
2026-11-15 07:00:00,-24.3,7.5,512.7,13,260,51,978.1
2026-11-15 08:00:00,-27.4,16.0,693.2,31,198,64,977.9
2026-11-15 09:00:00,-23.6,4.5,533.5,0,157,51,982.4
2026-11-15 10:00:00,-24.5,12.4,404.2,22,0,69,981.6
2026-11-15 11:00:00,-23.5,2.4,247.8,46,141,54,989.7
2026-11-15 12:00:00,-27.1,14.2,291.8,32,159,76,979.8
2026-11-15 13:00:00,-25.5,1.8,240.6,29,76,86,977.3
2026-11-15 14:00:00,-31.3,12.4,329.1,76,273,52,963.5
2026-11-15 15:00:00,-27.7,11.1,394.3,18,194,48,983.6
2026-11-15 16:00:00,-30.0,19.5,512.2,13,148,69,958.4
2026-11-15 17:00:00,-21.3,12.6,425.0,57,309,69,969.9
2026-11-15 18:00:00,-24.9,16.9,519.8,85,232,56,970.8
2026-11-15 19:00:00,-22.8,5.1,461.2,100,268,44,986.2
2026-11-15 20:00:00,-31.2,7.4,495.6,57,288,71,978.5
2026-11-15 21:00:00,-22.5,18.6,423.1,6,354,61,972.7
2026-11-15 22:00:00,-26.3,22.1,0.0,79,137,71,976.7
2026-11-15 23:00:00,-28.2,9.0,0.0,88,233,62,974.6
2026-11-16 00:00:00,-22.4,13.6,0.0,53,15,65,968.3
2026-11-16 01:00:00,-20.3,17.3,0.0,22,321,76,977.9
2026-11-16 02:00:00,-25.3,20.1,0.0,90,85,43,976.3
2026-11-16 03:00:00,-29.0,13.9,0.0,15,106,83,980.4
2026-11-16 04:00:00,-24.6,5.0,0.0,95,170,58,971.0
2026-11-16 05:00:00,-27.2,10.8,84.3,98,350,63,972.1
2026-11-16 06:00:00,-30.3,12.4,405.5,47,240,88,990.8
2026-11-16 07:00:00,-26.4,7.7,283.7,40,33,77,975.5
2026-11-16 08:00:00,-23.1,11.6,440.9,50,230,52,994.6
2026-11-16 09:00:00,-23.9,10.8,425.5,4,184,85,978.8
2026-11-16 10:00:00,-22.7,7.1,469.3,82,301,87,981.3
2026-11-16 11:00:00,-25.9,16.2,255.4,35,264,68,980.7
2026-11-16 12:00:00,-22.3,5.1,463.9,48,37,69,963.5
2026-11-16 13:00:00,-25.0,15.8,433.5,31,158,59,992.1
2026-11-16 14:00:00,-24.8,13.4,346.4,68,199,86,979.9
2026-11-16 15:00:00,-27.2,14.6,551.9,35,238,48,972.3
2026-11-16 16:00:00,-27.9,4.7,357.6,28,264,78,959.6
2026-11-16 17:00:00,-23.3,9.6,386.8,50,89,77,981.7
2026-11-16 18:00:00,-32.1,6.4,504.4,70,117,50,969.3
2026-11-16 19:00:00,-33.5,3.2,209.3,70,66,47,974.9
2026-11-16 20:00:00,-26.6,12.8,599.2,23,194,71,980.1
2026-11-16 21:00:00,-21.3,8.0,478.9,15,316,67,984.2
2026-11-16 22:00:00,-23.5,4.6,0.0,35,342,84,982.5
2026-11-16 23:00:00,-23.8,14.1,0.0,82,102,59,984.7
2026-11-17 00:00:00,-25.8,19.0,0.0,43,197,85,976.8
2026-11-17 01:00:00,-23.0,8.5,0.0,64,196,55,964.2
2026-11-17 02:00:00,-30.7,21.4,0.0,89,162,41,966.5
2026-11-17 03:00:00,-19.7,15.5,0.0,57,310,74,973.2
2026-11-17 04:00:00,-27.7,6.9,0.0,25,102,55,994.5
2026-11-17 05:00:00,-27.0,9.8,400.9,52,68,40,982.6
2026-11-17 06:00:00,-25.4,14.5,398.6,13,113,56,976.9
2026-11-17 07:00:00,-24.8,12.6,340.6,6,196,59,982.6
2026-11-17 08:00:00,-26.7,13.7,514.9,13,113,52,994.0
2026-11-17 09:00:00,-24.7,24.1,392.8,86,117,62,977.2
2026-11-17 10:00:00,-19.6,10.3,557.3,77,329,72,994.2
2026-11-17 11:00:00,-22.5,16.6,399.2,32,53,68,980.0
2026-11-17 12:00:00,-29.0,14.6,463.7,20,283,81,981.4
2026-11-17 13:00:00,-26.6,15.7,283.8,59,271,89,965.5
2026-11-17 14:00:00,-23.5,15.4,452.3,78,172,78,969.5
2026-11-17 15:00:00,-23.5,5.7,499.9,51,270,78,981.3
2026-11-17 16:00:00,-26.6,13.2,311.3,40,0,76,966.8
2026-11-17 17:00:00,-22.0,5.9,370.4,15,296,46,972.9
2026-11-17 18:00:00,-26.9,12.2,376.8,70,98,63,981.2
2026-11-17 19:00:00,-19.5,9.1,516.7,47,145,68,991.0
2026-11-17 20:00:00,-25.3,19.3,333.0,69,318,79,983.3
2026-11-17 21:00:00,-26.0,8.0,350.4,62,228,44,975.5
2026-11-17 22:00:00,-23.8,5.6,0.0,46,298,60,982.5
2026-11-17 23:00:00,-21.0,13.3,0.0,8,15,63,995.9
2026-11-18 00:00:00,-22.5,10.9,0.0,26,53,76,968.6
2026-11-18 01:00:00,-26.1,14.9,0.0,52,139,56,982.1
2026-11-18 02:00:00,-20.9,12.0,0.0,90,21,68,985.3
2026-11-18 03:00:00,-19.8,10.0,0.0,2,295,86,980.1
2026-11-18 04:00:00,-19.4,6.7,0.0,66,3,57,982.1
2026-11-18 05:00:00,-27.4,7.2,463.0,65,172,83,983.0
2026-11-18 06:00:00,-27.1,11.7,354.2,47,206,81,977.0
2026-11-18 07:00:00,-22.8,18.4,508.3,12,69,68,979.0
2026-11-18 08:00:00,-20.4,14.9,388.7,76,338,63,979.4
2026-11-18 09:00:00,-19.7,15.4,425.0,100,271,69,983.0
2026-11-18 10:00:00,-23.2,14.4,437.7,88,333,86,972.6
2026-11-18 11:00:00,-18.8,9.0,362.8,12,327,47,993.8
2026-11-18 12:00:00,-18.0,17.0,459.4,67,151,65,982.3
2026-11-18 13:00:00,-23.8,14.4,662.7,69,225,76,989.2
2026-11-18 14:00:00,-26.6,15.3,441.7,18,244,68,972.2
2026-11-18 15:00:00,-21.8,7.7,418.9,70,159,54,981.0
2026-11-18 16:00:00,-22.0,15.2,471.6,24,116,51,972.9
2026-11-18 17:00:00,-21.6,10.3,506.5,79,122,88,981.0
2026-11-18 18:00:00,-25.5,8.9,356.2,48,273,66,958.0
2026-11-18 19:00:00,-25.9,10.2,413.7,66,184,58,974.1
2026-11-18 20:00:00,-24.9,23.5,560.0,29,307,55,957.5
2026-11-18 21:00:00,-21.2,6.4,272.2,69,205,79,960.0
2026-11-18 22:00:00,-25.5,11.2,0.0,76,269,50,988.9
2026-11-18 23:00:00,-22.9,13.4,0.0,12,230,53,980.0
2026-11-19 00:00:00,-25.9,21.4,0.0,84,52,47,981.8
2026-11-19 01:00:00,-19.7,13.3,0.0,53,288,87,970.6
2026-11-19 02:00:00,-25.1,13.8,0.0,38,330,77,977.0
2026-11-19 03:00:00,-23.6,9.2,0.0,89,345,41,965.1
2026-11-19 04:00:00,-21.3,14.5,0.0,48,226,80,983.9
2026-11-19 05:00:00,-23.4,7.2,414.7,4,229,67,966.8
2026-11-19 06:00:00,-25.5,7.7,440.5,77,121,73,965.7
2026-11-19 07:00:00,-21.2,10.8,583.7,69,71,73,983.2
2026-11-19 08:00:00,-23.9,14.6,425.9,8,71,69,987.9
2026-11-19 09:00:00,-21.7,5.1,482.9,74,263,77,964.4
2026-11-19 10:00:00,-27.1,8.3,405.7,45,86,69,974.1
2026-11-19 11:00:00,-26.3,14.9,482.0,85,290,83,978.6
2026-11-19 12:00:00,-21.2,9.9,409.2,18,242,73,972.9
2026-11-19 13:00:00,-22.1,12.3,457.0,47,196,42,991.2
2026-11-19 14:00:00,-23.7,4.9,433.5,13,61,74,964.7
2026-11-19 15:00:00,-21.8,14.0,433.4,78,184,88,974.8
2026-11-19 16:00:00,-23.7,14.3,445.7,30,309,76,977.5
2026-11-19 17:00:00,-21.3,14.7,532.7,52,127,83,969.3
2026-11-19 18:00:00,-24.9,5.9,444.9,7,170,64,975.7
2026-11-19 19:00:00,-24.3,18.5,639.9,65,165,46,979.4
2026-11-19 20:00:00,-27.0,14.7,404.6,36,308,42,975.5
2026-11-19 21:00:00,-19.8,14.5,378.5,55,88,74,961.8
2026-11-19 22:00:00,-28.1,7.2,0.0,93,292,71,969.2
2026-11-19 23:00:00,-25.1,4.7,0.0,100,269,78,975.3
2026-11-20 00:00:00,-20.7,8.9,0.0,69,350,42,992.5
2026-11-20 01:00:00,-24.9,21.2,0.0,50,92,80,976.8
2026-11-20 02:00:00,-21.6,6.9,0.0,37,266,62,973.4
2026-11-20 03:00:00,-21.2,15.5,0.0,57,62,71,978.0
2026-11-20 04:00:00,-24.9,1.9,0.0,21,100,61,965.7
2026-11-20 05:00:00,-26.8,6.6,264.9,32,270,41,968.1
2026-11-20 06:00:00,-26.1,16.5,436.0,91,207,69,982.6
2026-11-20 07:00:00,-30.5,20.2,477.9,94,94,82,997.4
2026-11-20 08:00:00,-27.9,14.5,382.9,87,38,51,978.9
2026-11-20 09:00:00,-21.0,11.8,292.4,99,216,75,975.0
2026-11-20 10:00:00,-18.5,11.7,308.5,53,223,42,966.9
2026-11-20 11:00:00,-23.8,20.2,536.5,50,246,77,975.1
2026-11-20 12:00:00,-23.9,13.0,389.0,71,184,80,974.0
2026-11-20 13:00:00,-27.9,11.9,301.9,76,61,42,981.1
2026-11-20 14:00:00,-23.7,2.4,270.3,55,137,79,991.5
2026-11-20 15:00:00,-24.9,18.1,370.3,75,212,47,989.5
2026-11-20 16:00:00,-29.4,8.5,170.7,58,248,84,982.0
2026-11-20 17:00:00,-22.0,18.4,526.9,24,92,40,989.1
2026-11-20 18:00:00,-23.4,15.7,303.8,27,346,46,951.6
2026-11-20 19:00:00,-22.5,4.7,491.2,79,281,64,963.4
2026-11-20 20:00:00,-30.5,7.8,375.0,52,317,45,981.7
2026-11-20 21:00:00,-28.2,12.1,369.3,40,224,49,972.8
2026-11-20 22:00:00,-24.0,15.2,0.0,31,167,41,970.0
2026-11-20 23:00:00,-23.6,13.3,0.0,33,121,72,966.2
2026-11-21 00:00:00,-27.1,12.0,0.0,63,187,43,958.7
2026-11-21 01:00:00,-25.2,21.8,0.0,26,12,47,959.2
2026-11-21 02:00:00,-21.5,8.2,0.0,0,17,65,987.4
2026-11-21 03:00:00,-26.6,11.2,0.0,97,15,67,980.4
2026-11-21 04:00:00,-22.3,14.9,0.0,50,26,62,975.8
2026-11-21 05:00:00,-26.4,11.5,411.9,72,134,53,989.3
2026-11-21 06:00:00,-23.2,12.4,493.6,80,190,52,989.5
2026-11-21 07:00:00,-20.6,14.2,535.8,71,334,44,956.1
2026-11-21 08:00:00,-27.2,10.3,299.3,14,323,77,975.9
2026-11-21 09:00:00,-22.1,13.4,383.6,78,39,59,993.4
2026-11-21 10:00:00,-25.2,1.5,652.4,54,322,64,979.2
2026-11-21 11:00:00,-20.9,8.4,384.7,66,286,88,999.7
2026-11-21 12:00:00,-17.7,8.9,333.8,23,203,74,995.0
2026-11-21 13:00:00,-24.5,16.3,395.7,88,166,75,988.5
2026-11-21 14:00:00,-26.0,6.8,559.5,96,118,69,1001.8
2026-11-21 15:00:00,-23.7,13.9,485.7,24,215,41,977.8
2026-11-21 16:00:00,-25.1,18.1,350.1,60,70,47,982.6
2026-11-21 17:00:00,-23.7,13.8,290.4,89,141,81,980.9
2026-11-21 18:00:00,-17.9,8.1,280.9,95,36,75,990.1
2026-11-21 19:00:00,-27.4,15.9,455.8,43,95,56,985.2
2026-11-21 20:00:00,-26.7,19.9,477.3,26,13,44,983.8
2026-11-21 21:00:00,-19.5,6.3,480.6,25,37,43,964.3
2026-11-21 22:00:00,-27.6,10.4,0.0,70,125,58,975.9
2026-11-21 23:00:00,-21.2,12.0,0.0,53,127,45,964.7
2026-11-22 00:00:00,-24.8,6.0,0.0,72,285,47,970.1
2026-11-22 01:00:00,-24.5,15.1,0.0,46,70,46,994.1
2026-11-22 02:00:00,-20.9,7.9,0.0,26,154,51,971.8
2026-11-22 03:00:00,-26.9,16.0,0.0,18,91,48,964.8
2026-11-22 04:00:00,-24.9,17.9,0.0,8,359,40,961.8
2026-11-22 05:00:00,-19.4,3.6,440.2,92,236,62,980.9
2026-11-22 06:00:00,-29.4,22.6,328.8,65,307,51,980.6
2026-11-22 07:00:00,-23.4,12.6,351.4,21,94,44,997.4
2026-11-22 08:00:00,-20.1,14.8,509.4,97,241,83,986.0
2026-11-22 09:00:00,-21.7,15.1,460.1,8,98,47,998.3
2026-11-22 10:00:00,-21.3,12.9,141.4,29,239,42,982.0
2026-11-22 11:00:00,-27.7,11.9,542.3,37,338,70,987.4
2026-11-22 12:00:00,-19.8,11.7,451.4,68,158,64,984.0
2026-11-22 13:00:00,-20.2,6.7,396.2,97,170,41,978.9
2026-11-22 14:00:00,-21.3,5.0,202.2,33,234,79,971.3
2026-11-22 15:00:00,-26.2,11.4,346.2,6,124,47,990.4
2026-11-22 16:00:00,-25.4,13.2,513.1,71,142,60,972.7
2026-11-22 17:00:00,-23.3,8.9,332.7,75,298,73,991.1
2026-11-22 18:00:00,-19.8,8.5,359.8,60,300,44,971.9
2026-11-22 19:00:00,-20.0,7.4,333.4,22,49,51,979.5
2026-11-22 20:00:00,-19.0,7.4,310.2,45,118,74,983.9
2026-11-22 21:00:00,-18.7,7.4,438.0,46,333,77,972.9
2026-11-22 22:00:00,-21.6,10.6,0.0,74,242,78,985.1
2026-11-22 23:00:00,-21.1,12.6,0.0,67,307,53,980.2
2026-11-23 00:00:00,-17.4,17.0,0.0,43,294,52,958.1
2026-11-23 01:00:00,-20.1,13.5,0.0,53,173,57,975.6
2026-11-23 02:00:00,-21.7,15.7,0.0,42,301,58,994.3
2026-11-23 03:00:00,-20.5,14.4,0.0,7,234,82,989.1
2026-11-23 04:00:00,-24.0,9.7,0.0,43,306,76,986.9
2026-11-23 05:00:00,-19.2,12.3,348.2,54,297,73,974.7
2026-11-23 06:00:00,-25.0,14.4,511.2,88,255,51,979.0
2026-11-23 07:00:00,-24.6,12.4,381.9,65,195,57,972.5
2026-11-23 08:00:00,-23.7,12.9,439.1,55,293,67,959.9
2026-11-23 09:00:00,-18.7,13.9,418.9,27,290,76,997.3
2026-11-23 10:00:00,-20.0,4.1,589.1,98,109,70,997.8
2026-11-23 11:00:00,-26.8,13.1,457.5,39,335,85,955.7
2026-11-23 12:00:00,-26.8,7.7,204.3,69,79,55,988.8
2026-11-23 13:00:00,-24.7,0.9,563.8,66,276,48,974.9
2026-11-23 14:00:00,-21.5,10.9,370.2,14,181,45,984.7
2026-11-23 15:00:00,-19.2,11.5,440.6,98,208,55,958.0
2026-11-23 16:00:00,-26.5,18.9,233.4,98,219,69,977.4
2026-11-23 17:00:00,-19.5,8.8,427.7,92,319,83,967.0
2026-11-23 18:00:00,-25.1,12.2,123.8,17,93,67,972.3
2026-11-23 19:00:00,-19.3,8.4,346.5,14,103,64,953.1
2026-11-23 20:00:00,-16.5,21.6,396.7,14,324,48,975.9
2026-11-23 21:00:00,-22.6,3.8,490.7,64,344,80,978.0
2026-11-23 22:00:00,-25.5,12.3,0.0,3,27,47,986.4
2026-11-23 23:00:00,-24.8,1.6,0.0,60,237,66,966.4
2026-11-24 00:00:00,-23.2,13.6,0.0,73,242,50,971.0
2026-11-24 01:00:00,-23.9,12.0,0.0,62,351,64,988.2
2026-11-24 02:00:00,-18.8,12.7,0.0,86,276,50,974.5
2026-11-24 03:00:00,-21.6,17.2,0.0,22,214,54,965.9
2026-11-24 04:00:00,-20.0,17.2,0.0,98,307,81,982.3
2026-11-24 05:00:00,-22.8,5.8,207.4,57,216,45,962.0
2026-11-24 06:00:00,-20.0,12.3,394.8,52,244,53,975.1
2026-11-24 07:00:00,-26.8,10.9,503.9,88,251,52,967.4
2026-11-24 08:00:00,-23.6,8.5,422.8,38,104,75,987.8
2026-11-24 09:00:00,-23.9,12.3,530.2,55,71,77,974.7
2026-11-24 10:00:00,-22.2,14.1,599.5,29,9,73,977.2
2026-11-24 11:00:00,-20.4,17.6,430.7,49,99,85,985.7
2026-11-24 12:00:00,-22.9,15.1,451.1,4,337,71,966.9
2026-11-24 13:00:00,-24.3,10.3,262.0,8,36,84,974.1
2026-11-24 14:00:00,-20.4,6.6,498.7,54,254,65,972.9
2026-11-24 15:00:00,-19.8,12.4,314.3,38,49,53,967.2
2026-11-24 16:00:00,-23.6,10.5,365.6,52,4,45,982.8
2026-11-24 17:00:00,-27.7,16.6,581.5,70,156,75,974.6
2026-11-24 18:00:00,-27.6,8.1,385.6,97,21,45,990.8
2026-11-24 19:00:00,-20.1,11.9,507.2,66,228,47,986.4
2026-11-24 20:00:00,-17.6,1.5,411.1,70,323,52,984.1
2026-11-24 21:00:00,-21.2,13.2,207.2,18,165,53,971.8
2026-11-24 22:00:00,-20.7,11.9,0.0,33,35,42,972.1
2026-11-24 23:00:00,-26.4,11.2,0.0,85,209,57,987.4
2026-11-25 00:00:00,-27.1,4.1,0.0,100,108,78,972.3
2026-11-25 01:00:00,-20.5,18.0,0.0,2,201,88,980.6
2026-11-25 02:00:00,-21.6,8.5,0.0,29,220,62,995.3
2026-11-25 03:00:00,-23.6,12.7,0.0,27,63,61,978.5
2026-11-25 04:00:00,-22.7,18.7,0.0,6,209,51,987.8
2026-11-25 05:00:00,-23.0,13.0,479.9,33,28,57,980.7
2026-11-25 06:00:00,-24.6,5.4,419.3,8,137,45,968.0
2026-11-25 07:00:00,-19.2,1.4,563.4,20,227,71,985.5
2026-11-25 08:00:00,-21.5,10.0,341.6,66,109,70,990.0
2026-11-25 09:00:00,-26.1,10.7,572.9,37,183,64,970.7
2026-11-25 10:00:00,-22.2,6.9,292.5,47,53,88,986.6
2026-11-25 11:00:00,-29.2,11.5,398.3,76,66,88,984.2
2026-11-25 12:00:00,-20.7,10.6,530.7,83,255,60,968.1
2026-11-25 13:00:00,-27.1,15.7,387.8,89,281,87,976.6
2026-11-25 14:00:00,-25.0,12.6,272.5,55,354,89,978.1
2026-11-25 15:00:00,-16.9,20.3,285.9,69,181,68,960.6
2026-11-25 16:00:00,-24.6,19.1,480.9,5,81,75,994.4
2026-11-25 17:00:00,-22.5,12.7,437.9,53,232,76,975.5
2026-11-25 18:00:00,-21.3,10.8,310.4,79,108,46,999.7
2026-11-25 19:00:00,-24.0,8.7,580.4,79,303,63,978.8
2026-11-25 20:00:00,-27.1,20.9,416.4,87,231,87,1004.0
2026-11-25 21:00:00,-26.4,10.6,392.8,2,70,88,989.8
2026-11-25 22:00:00,-19.8,20.3,0.0,52,254,85,983.4
2026-11-25 23:00:00,-21.8,18.8,0.0,85,309,79,978.1
2026-11-26 00:00:00,-21.4,2.2,0.0,10,44,63,982.8
2026-11-26 01:00:00,-20.4,11.2,0.0,75,95,83,987.5
2026-11-26 02:00:00,-27.4,10.1,0.0,15,146,87,985.2
2026-11-26 03:00:00,-24.6,5.9,0.0,58,53,76,981.7
2026-11-26 04:00:00,-18.4,12.4,0.0,37,103,79,977.7
2026-11-26 05:00:00,-15.7,13.5,472.1,84,208,60,982.0
2026-11-26 06:00:00,-24.9,13.5,530.0,1,246,77,970.3
2026-11-26 07:00:00,-23.2,7.8,182.1,73,335,44,973.9
2026-11-26 08:00:00,-21.9,10.7,499.6,33,131,64,971.6
2026-11-26 09:00:00,-23.4,5.2,415.5,34,102,80,987.4
2026-11-26 10:00:00,-21.3,13.2,215.1,26,345,76,968.7
2026-11-26 11:00:00,-23.4,10.4,561.9,69,216,84,979.1
2026-11-26 12:00:00,-26.9,16.8,584.8,42,236,63,969.3
2026-11-26 13:00:00,-23.1,7.8,459.0,5,277,73,969.8
2026-11-26 14:00:00,-28.4,16.9,612.2,92,143,88,978.0
2026-11-26 15:00:00,-22.7,13.0,422.2,56,217,52,964.9
2026-11-26 16:00:00,-22.7,8.6,283.5,46,113,73,964.3
2026-11-26 17:00:00,-26.7,16.2,422.3,37,90,64,969.7
2026-11-26 18:00:00,-23.6,14.3,367.4,21,150,57,989.7
2026-11-26 19:00:00,-23.1,17.4,401.0,84,139,71,985.8
2026-11-26 20:00:00,-25.4,9.2,432.7,82,33,44,982.6
2026-11-26 21:00:00,-21.5,10.1,329.8,37,11,77,979.4
2026-11-26 22:00:00,-23.6,10.3,0.0,43,185,81,972.9
2026-11-26 23:00:00,-23.7,18.6,0.0,74,214,61,998.7
2026-11-27 00:00:00,-24.6,14.2,0.0,89,179,71,956.5
2026-11-27 01:00:00,-21.4,8.1,0.0,46,209,67,966.5
2026-11-27 02:00:00,-19.1,8.3,0.0,97,168,46,969.0
2026-11-27 03:00:00,-20.7,6.6,0.0,93,251,60,989.4
2026-11-27 04:00:00,-21.3,5.3,0.0,20,224,72,988.3
2026-11-27 05:00:00,-19.0,20.3,484.0,61,23,50,985.0
2026-11-27 06:00:00,-16.4,11.2,409.1,19,235,55,964.3
2026-11-27 07:00:00,-19.6,11.0,373.9,7,255,44,982.0
2026-11-27 08:00:00,-20.5,9.9,430.7,10,13,83,971.5
2026-11-27 09:00:00,-22.9,9.3,304.3,37,10,48,981.5
2026-11-27 10:00:00,-20.5,8.3,498.0,18,325,84,987.9
2026-11-27 11:00:00,-25.6,10.6,466.1,54,145,62,962.7
2026-11-27 12:00:00,-24.4,10.4,239.1,69,85,72,982.7
2026-11-27 13:00:00,-25.8,13.0,325.9,33,160,48,970.3
2026-11-27 14:00:00,-23.3,10.4,290.2,66,130,86,967.9
2026-11-27 15:00:00,-24.2,19.5,300.3,65,129,72,980.5
2026-11-27 16:00:00,-20.9,10.5,275.4,65,41,54,962.8
2026-11-27 17:00:00,-24.5,17.1,512.0,66,276,66,972.1
2026-11-27 18:00:00,-20.7,7.8,285.7,47,140,56,995.2
2026-11-27 19:00:00,-18.7,6.6,331.8,69,122,85,965.9
2026-11-27 20:00:00,-25.8,2.7,256.2,82,308,64,989.2
2026-11-27 21:00:00,-21.2,1.8,234.1,26,220,44,980.3
2026-11-27 22:00:00,-21.9,5.9,0.0,39,112,83,984.8
2026-11-27 23:00:00,-24.6,11.4,0.0,81,128,41,983.9
2026-11-28 00:00:00,-21.2,13.4,0.0,71,131,89,957.9
2026-11-28 01:00:00,-19.7,7.8,0.0,41,96,75,973.5
2026-11-28 02:00:00,-20.8,6.2,0.0,62,254,75,968.8
2026-11-28 03:00:00,-22.1,17.2,0.0,71,160,76,991.7
2026-11-28 04:00:00,-25.4,2.6,0.0,56,322,57,992.3
2026-11-28 05:00:00,-16.9,21.6,413.7,55,51,59,991.2
2026-11-28 06:00:00,-21.7,17.8,343.4,71,155,43,957.3
2026-11-28 07:00:00,-23.4,11.9,540.9,35,175,63,996.3
2026-11-28 08:00:00,-17.3,17.7,555.7,50,155,45,968.6
2026-11-28 09:00:00,-24.2,21.1,600.5,24,98,78,981.3
2026-11-28 10:00:00,-21.3,16.3,277.3,8,252,64,955.8
2026-11-28 11:00:00,-20.4,13.8,304.3,16,263,67,970.4
2026-11-28 12:00:00,-19.8,9.1,439.6,94,250,60,971.9
2026-11-28 13:00:00,-23.4,12.6,377.0,4,155,47,991.3
2026-11-28 14:00:00,-22.9,16.0,297.2,83,7,51,975.6
2026-11-28 15:00:00,-17.2,7.1,428.5,80,34,83,982.3
2026-11-28 16:00:00,-18.4,5.4,299.3,57,57,51,981.7
2026-11-28 17:00:00,-22.6,13.3,556.1,21,81,50,994.4
2026-11-28 18:00:00,-21.1,16.5,340.9,97,155,77,977.9
2026-11-28 19:00:00,-21.0,7.1,368.0,14,48,45,991.5
2026-11-28 20:00:00,-20.4,12.3,460.8,93,174,51,978.9
2026-11-28 21:00:00,-17.5,9.2,392.3,56,108,40,977.1
2026-11-28 22:00:00,-21.5,17.8,0.0,100,185,55,977.8
2026-11-28 23:00:00,-15.9,14.1,0.0,33,207,67,966.6
2026-11-29 00:00:00,-17.0,12.2,0.0,2,40,70,973.2
2026-11-29 01:00:00,-18.0,8.2,0.0,81,329,89,979.2
2026-11-29 02:00:00,-25.8,18.0,0.0,40,89,41,979.4
2026-11-29 03:00:00,-17.8,13.1,0.0,9,103,53,975.1
2026-11-29 04:00:00,-21.4,4.8,0.0,70,108,49,975.1
2026-11-29 05:00:00,-26.2,12.4,185.7,13,341,69,965.3
2026-11-29 06:00:00,-21.5,21.1,342.1,96,99,44,992.5
2026-11-29 07:00:00,-17.8,12.3,474.6,81,75,52,994.6
2026-11-29 08:00:00,-17.2,4.3,446.6,60,0,54,988.9
2026-11-29 09:00:00,-20.8,8.1,439.8,39,305,71,985.4
2026-11-29 10:00:00,-19.0,18.8,443.2,93,288,51,990.2
2026-11-29 11:00:00,-19.4,8.7,451.5,22,252,73,979.5
2026-11-29 12:00:00,-24.3,8.2,543.0,17,259,58,985.5
2026-11-29 13:00:00,-18.9,21.9,272.2,23,166,89,979.2
2026-11-29 14:00:00,-18.4,0.0,430.7,100,251,67,975.2
2026-11-29 15:00:00,-24.7,13.8,461.5,36,116,69,970.5
2026-11-29 16:00:00,-23.9,19.9,501.8,79,285,43,980.3
2026-11-29 17:00:00,-17.6,16.8,298.1,27,181,81,978.2
2026-11-29 18:00:00,-16.9,1.2,337.5,27,184,86,967.9
2026-11-29 19:00:00,-21.4,13.9,612.2,9,68,70,962.4
2026-11-29 20:00:00,-23.2,8.4,503.9,85,230,52,970.2
2026-11-29 21:00:00,-21.4,7.9,485.0,79,284,86,998.7
2026-11-29 22:00:00,-19.2,25.5,0.0,43,176,76,993.3
2026-11-29 23:00:00,-22.1,22.8,0.0,19,311,84,960.2
2026-11-30 00:00:00,-26.0,2.4,0.0,95,120,89,968.1
2026-11-30 01:00:00,-21.7,14.1,0.0,6,229,87,983.1
2026-11-30 02:00:00,-28.2,10.1,0.0,38,284,72,982.1
2026-11-30 03:00:00,-25.0,12.0,0.0,33,162,83,969.2
2026-11-30 04:00:00,-24.9,9.0,0.0,44,190,70,978.1
2026-11-30 05:00:00,-20.2,17.8,458.0,95,115,74,982.9
2026-11-30 06:00:00,-27.1,7.6,515.1,79,110,74,995.4
2026-11-30 07:00:00,-24.3,12.0,423.4,69,332,44,981.0
2026-11-30 08:00:00,-18.7,15.9,376.4,23,71,61,971.9
2026-11-30 09:00:00,-21.5,11.7,397.6,94,193,48,976.1
2026-11-30 10:00:00,-17.0,9.6,443.7,64,268,44,964.7
2026-11-30 11:00:00,-19.6,20.1,325.2,54,231,69,992.2
2026-11-30 12:00:00,-23.3,11.2,342.4,63,173,75,985.3
2026-11-30 13:00:00,-21.1,1.2,457.3,49,214,46,966.8
2026-11-30 14:00:00,-13.1,3.7,168.8,26,303,63,976.4
2026-11-30 15:00:00,-26.9,14.7,428.2,26,275,69,975.3
2026-11-30 16:00:00,-25.8,11.7,565.0,98,110,64,968.6
2026-11-30 17:00:00,-24.6,6.1,319.3,97,318,52,981.7
2026-11-30 18:00:00,-20.2,11.7,416.0,70,107,65,994.3
2026-11-30 19:00:00,-21.3,12.6,258.9,48,46,42,980.0
2026-11-30 20:00:00,-21.4,22.0,375.9,68,179,51,978.1
2026-11-30 21:00:00,-18.1,14.0,410.3,3,12,85,1003.5
2026-11-30 22:00:00,-21.0,14.7,0.0,31,255,75,976.2
2026-11-30 23:00:00,-26.5,12.4,0.0,23,260,52,986.8
2026-12-01 00:00:00,-16.7,2.0,0.0,45,281,66,966.7
2026-12-01 01:00:00,-22.7,0.0,0.0,32,174,49,980.8
2026-12-01 02:00:00,-16.0,14.6,0.0,67,89,87,973.5
2026-12-01 03:00:00,-23.7,7.5,0.0,9,332,70,962.7
2026-12-01 04:00:00,-21.5,21.3,0.0,21,160,63,978.4
2026-12-01 05:00:00,-21.3,10.2,560.8,56,14,85,978.4
2026-12-01 06:00:00,-20.8,21.4,403.3,0,273,46,984.7
2026-12-01 07:00:00,-20.3,9.4,465.9,76,135,84,970.9
2026-12-01 08:00:00,-21.6,7.8,438.3,57,58,59,966.6
2026-12-01 09:00:00,-19.6,14.0,436.1,55,174,78,972.1
2026-12-01 10:00:00,-21.4,6.0,236.9,17,61,89,973.9
2026-12-01 11:00:00,-23.6,2.0,406.2,6,182,76,967.1
2026-12-01 12:00:00,-18.7,13.2,596.0,67,290,74,976.4
2026-12-01 13:00:00,-18.8,10.1,309.2,89,118,56,965.8
2026-12-01 14:00:00,-23.5,2.8,524.5,71,288,72,976.5
2026-12-01 15:00:00,-21.6,5.1,282.5,26,96,75,986.1
2026-12-01 16:00:00,-21.5,15.6,387.6,75,135,79,971.2
2026-12-01 17:00:00,-27.0,4.1,436.4,34,64,58,971.5
2026-12-01 18:00:00,-16.8,5.5,246.4,0,15,58,970.5
2026-12-01 19:00:00,-22.0,3.6,289.4,40,239,83,977.5
2026-12-01 20:00:00,-19.3,18.1,463.4,89,280,82,987.5
2026-12-01 21:00:00,-21.9,4.4,292.9,49,203,59,964.3
2026-12-01 22:00:00,-19.7,11.5,0.0,73,144,81,979.3
2026-12-01 23:00:00,-22.3,19.5,0.0,6,310,79,1002.1
2026-12-02 00:00:00,-12.7,7.4,0.0,92,99,42,981.8
2026-12-02 01:00:00,-21.1,4.8,0.0,30,197,57,983.1
2026-12-02 02:00:00,-22.4,17.6,0.0,56,42,87,983.6
2026-12-02 03:00:00,-13.4,19.6,0.0,8,312,68,994.4
2026-12-02 04:00:00,-18.1,17.7,0.0,21,38,72,990.7
2026-12-02 05:00:00,-14.1,10.3,412.5,24,58,42,976.6
2026-12-02 06:00:00,-19.3,18.9,416.8,1,188,81,961.6
2026-12-02 07:00:00,-17.3,4.2,333.7,85,148,73,991.0
2026-12-02 08:00:00,-18.2,5.6,416.6,13,170,64,983.5
2026-12-02 09:00:00,-22.5,17.4,396.6,0,5,58,989.2
2026-12-02 10:00:00,-19.1,7.0,416.9,14,3,58,969.1
2026-12-02 11:00:00,-19.4,13.3,390.9,46,75,73,993.2
2026-12-02 12:00:00,-23.8,11.6,338.8,37,132,51,984.8
2026-12-02 13:00:00,-22.2,11.0,244.3,52,306,79,995.2
2026-12-02 14:00:00,-16.3,12.7,403.0,31,334,54,967.8
2026-12-02 15:00:00,-17.6,6.1,403.2,59,254,85,991.3
2026-12-02 16:00:00,-22.4,2.8,374.0,79,268,82,977.4
2026-12-02 17:00:00,-15.5,14.9,339.3,64,178,59,983.8
2026-12-02 18:00:00,-18.4,0.0,376.5,36,279,68,986.0
2026-12-02 19:00:00,-25.7,12.6,335.7,11,195,87,962.8
2026-12-02 20:00:00,-16.6,22.2,401.5,100,281,54,995.9
2026-12-02 21:00:00,-20.1,12.7,411.6,83,30,86,982.3
2026-12-02 22:00:00,-17.3,17.8,0.0,56,236,68,990.1
2026-12-02 23:00:00,-13.4,4.2,0.0,93,211,59,985.1
2026-12-03 00:00:00,-26.3,11.7,0.0,57,349,57,982.8
2026-12-03 01:00:00,-26.1,18.5,0.0,100,225,46,975.9
2026-12-03 02:00:00,-24.4,11.6,0.0,35,246,71,979.6
2026-12-03 03:00:00,-21.0,7.4,0.0,53,71,55,978.2
2026-12-03 04:00:00,-22.1,11.4,0.0,89,352,56,978.1
2026-12-03 05:00:00,-15.8,8.6,361.7,84,45,50,983.0
2026-12-03 06:00:00,-21.2,14.2,547.6,42,331,74,990.7
2026-12-03 07:00:00,-17.9,9.3,542.9,28,174,48,988.9
2026-12-03 08:00:00,-17.2,5.2,303.2,48,288,43,978.3
2026-12-03 09:00:00,-17.5,10.0,664.3,19,204,50,990.7
2026-12-03 10:00:00,-23.9,12.3,315.9,58,93,70,984.9
2026-12-03 11:00:00,-13.2,5.6,459.8,6,109,73,993.8
2026-12-03 12:00:00,-18.8,21.4,336.1,65,264,51,970.1
2026-12-03 13:00:00,-23.2,9.8,424.0,32,38,62,981.5
2026-12-03 14:00:00,-17.4,18.4,283.0,55,265,79,989.0
2026-12-03 15:00:00,-24.4,11.5,515.9,78,68,63,981.3
2026-12-03 16:00:00,-25.1,23.3,490.8,7,331,77,980.4
2026-12-03 17:00:00,-21.1,14.1,342.4,31,169,81,979.9
2026-12-03 18:00:00,-19.0,11.4,327.9,83,215,89,974.7
2026-12-03 19:00:00,-18.1,19.0,279.5,90,310,72,977.9
2026-12-03 20:00:00,-16.6,6.1,404.8,67,205,44,977.0
2026-12-03 21:00:00,-14.7,3.1,371.0,83,297,48,995.1
2026-12-03 22:00:00,-16.4,7.1,0.0,0,166,51,986.9
2026-12-03 23:00:00,-22.3,21.6,0.0,75,149,40,992.6
2026-12-04 00:00:00,-22.1,13.7,0.0,24,78,57,989.3
2026-12-04 01:00:00,-24.5,10.7,0.0,82,341,83,977.6
2026-12-04 02:00:00,-15.3,20.4,0.0,38,75,88,985.5
2026-12-04 03:00:00,-20.3,4.2,0.0,28,276,64,969.1
2026-12-04 04:00:00,-16.1,8.8,0.0,76,15,44,986.1
2026-12-04 05:00:00,-19.5,9.3,447.1,71,235,80,985.6
2026-12-04 06:00:00,-19.6,13.5,429.9,54,215,48,982.8
2026-12-04 07:00:00,-19.6,7.2,499.7,55,81,55,985.2
2026-12-04 08:00:00,-25.1,15.9,453.2,20,56,76,971.9
2026-12-04 09:00:00,-17.6,11.1,511.5,71,262,49,964.3
2026-12-04 10:00:00,-16.9,11.9,372.7,99,246,40,975.9
2026-12-04 11:00:00,-17.5,15.6,389.0,33,131,78,977.6
2026-12-04 12:00:00,-17.6,8.0,294.4,81,193,48,995.2
2026-12-04 13:00:00,-24.0,12.8,340.6,9,109,62,984.7
2026-12-04 14:00:00,-19.0,17.7,309.1,2,82,65,982.1
2026-12-04 15:00:00,-19.9,2.6,476.8,75,25,65,974.0
2026-12-04 16:00:00,-20.4,4.6,239.5,5,328,75,996.2
2026-12-04 17:00:00,-22.3,13.5,463.5,99,229,47,972.2
2026-12-04 18:00:00,-25.4,14.2,191.6,86,256,85,1008.5
2026-12-04 19:00:00,-20.3,6.1,313.1,4,13,81,972.2
2026-12-04 20:00:00,-19.4,7.4,307.8,80,281,87,982.0
2026-12-04 21:00:00,-20.1,10.4,350.4,13,171,65,976.5
2026-12-04 22:00:00,-24.9,11.7,0.0,58,54,83,991.6
2026-12-04 23:00:00,-26.3,15.4,0.0,93,319,40,988.9
2026-12-05 00:00:00,-17.3,17.7,0.0,59,67,55,1005.6
2026-12-05 01:00:00,-19.1,3.0,0.0,1,133,49,993.9
2026-12-05 02:00:00,-22.4,15.6,0.0,38,278,53,983.9
2026-12-05 03:00:00,-22.0,4.2,0.0,82,356,60,979.6
2026-12-05 04:00:00,-20.3,10.0,0.0,13,185,78,984.8
2026-12-05 05:00:00,-22.6,10.1,361.8,3,18,57,981.3
2026-12-05 06:00:00,-17.8,4.8,392.5,78,149,75,987.8
2026-12-05 07:00:00,-19.5,19.4,322.4,29,324,77,983.2
2026-12-05 08:00:00,-18.8,4.0,439.3,10,17,46,979.2
2026-12-05 09:00:00,-23.4,6.6,353.9,47,307,71,989.4
2026-12-05 10:00:00,-15.2,10.9,486.6,63,316,45,975.7
2026-12-05 11:00:00,-22.5,17.8,542.5,72,89,60,971.7
2026-12-05 12:00:00,-24.6,7.6,380.0,43,138,73,994.2
2026-12-05 13:00:00,-22.5,13.4,420.5,15,65,78,968.9
2026-12-05 14:00:00,-23.2,8.0,352.4,1,134,87,969.0
2026-12-05 15:00:00,-22.9,14.3,273.5,83,352,44,973.6
2026-12-05 16:00:00,-16.8,19.2,359.7,94,8,53,975.3
2026-12-05 17:00:00,-13.6,13.8,331.9,66,170,85,956.3
2026-12-05 18:00:00,-20.1,3.6,533.2,42,219,71,977.1
2026-12-05 19:00:00,-22.4,11.8,439.8,69,27,89,967.3
2026-12-05 20:00:00,-17.8,14.6,354.2,6,346,46,972.0
2026-12-05 21:00:00,-19.3,8.6,399.2,1,49,89,980.6
2026-12-05 22:00:00,-18.3,12.1,0.0,64,256,54,971.4
2026-12-05 23:00:00,-17.7,12.7,0.0,55,101,70,974.0
2026-12-06 00:00:00,-18.2,14.2,0.0,48,26,67,962.6
2026-12-06 01:00:00,-17.3,11.1,0.0,4,359,48,978.9
2026-12-06 02:00:00,-23.0,18.6,0.0,15,4,77,944.5
2026-12-06 03:00:00,-19.0,2.2,0.0,25,20,41,985.9
2026-12-06 04:00:00,-19.5,6.7,0.0,93,85,49,988.1
2026-12-06 05:00:00,-23.7,16.8,418.4,74,211,42,977.0
2026-12-06 06:00:00,-23.1,6.6,284.0,81,179,44,977.1
2026-12-06 07:00:00,-20.2,22.4,324.1,22,309,56,977.2
2026-12-06 08:00:00,-12.7,14.2,536.5,9,93,86,994.2
2026-12-06 09:00:00,-19.9,7.2,444.7,23,295,62,974.2
2026-12-06 10:00:00,-15.6,17.6,529.4,87,322,72,978.6
2026-12-06 11:00:00,-24.6,9.3,230.9,58,178,82,992.5
2026-12-06 12:00:00,-18.4,20.4,313.8,59,31,55,992.6
2026-12-06 13:00:00,-19.1,10.1,439.9,41,303,76,958.7
2026-12-06 14:00:00,-11.3,4.7,534.9,86,322,87,964.1
2026-12-06 15:00:00,-18.8,19.3,416.9,88,253,41,986.2
2026-12-06 16:00:00,-23.2,14.1,349.1,71,276,73,980.7
2026-12-06 17:00:00,-22.2,6.6,280.8,16,54,83,1002.5
2026-12-06 18:00:00,-20.0,14.0,397.8,82,190,43,983.8
2026-12-06 19:00:00,-20.9,13.4,184.5,59,83,84,993.6
2026-12-06 20:00:00,-19.9,16.2,296.6,19,258,63,967.3
2026-12-06 21:00:00,-19.2,18.0,417.2,45,65,81,994.3
2026-12-06 22:00:00,-21.6,8.1,0.0,82,334,65,970.6
2026-12-06 23:00:00,-20.2,15.4,0.0,43,152,56,990.8
2026-12-07 00:00:00,-19.1,13.4,0.0,35,189,78,978.5
2026-12-07 01:00:00,-16.5,7.2,0.0,81,250,42,983.9
2026-12-07 02:00:00,-19.1,7.8,0.0,60,132,70,983.2
2026-12-07 03:00:00,-17.5,9.9,0.0,41,236,52,992.0
2026-12-07 04:00:00,-18.3,11.4,0.0,90,165,42,987.1
2026-12-07 05:00:00,-23.0,15.1,344.0,20,103,53,975.2
2026-12-07 06:00:00,-17.3,13.1,541.1,30,86,54,981.0
2026-12-07 07:00:00,-19.8,0.0,185.3,51,197,87,970.1
2026-12-07 08:00:00,-18.9,17.4,446.2,56,11,68,983.2
2026-12-07 09:00:00,-21.2,6.4,357.3,98,177,56,974.3
2026-12-07 10:00:00,-16.1,17.2,427.7,55,227,70,995.8
2026-12-07 11:00:00,-21.1,15.8,397.2,73,311,87,969.8
2026-12-07 12:00:00,-25.0,18.1,549.5,54,278,72,964.6
2026-12-07 13:00:00,-23.9,11.2,536.0,68,182,80,998.8
2026-12-07 14:00:00,-17.8,20.6,410.7,65,300,50,1001.6
2026-12-07 15:00:00,-23.4,15.7,369.5,86,235,46,1001.6
2026-12-07 16:00:00,-14.6,12.3,427.2,72,286,54,985.3
2026-12-07 17:00:00,-22.1,10.4,360.2,18,96,89,975.4
2026-12-07 18:00:00,-15.9,15.5,457.2,77,154,86,971.2
2026-12-07 19:00:00,-22.5,0.0,382.2,65,158,41,990.4
2026-12-07 20:00:00,-16.7,10.3,477.0,67,344,64,971.2
2026-12-07 21:00:00,-14.2,11.8,446.6,49,103,41,984.5
2026-12-07 22:00:00,-21.7,16.3,0.0,63,67,77,973.4
2026-12-07 23:00:00,-20.5,18.1,0.0,24,167,52,971.0
2026-12-08 00:00:00,-15.4,8.2,0.0,11,48,48,980.6
2026-12-08 01:00:00,-21.9,16.5,0.0,65,117,61,999.3
2026-12-08 02:00:00,-20.7,11.1,0.0,1,302,88,982.2
2026-12-08 03:00:00,-17.1,12.5,0.0,64,339,70,996.5
2026-12-08 04:00:00,-19.9,4.5,0.0,11,77,70,972.1
2026-12-08 05:00:00,-19.5,16.6,255.9,61,204,44,976.6
2026-12-08 06:00:00,-18.3,17.6,439.8,63,41,40,976.6
2026-12-08 07:00:00,-22.2,4.2,705.4,95,325,79,977.7
2026-12-08 08:00:00,-21.1,23.9,372.1,46,51,81,988.7
2026-12-08 09:00:00,-23.6,7.5,502.9,77,150,83,986.6
2026-12-08 10:00:00,-16.8,13.2,413.4,55,169,57,990.9
2026-12-08 11:00:00,-17.9,12.0,256.1,33,235,56,990.1
2026-12-08 12:00:00,-19.7,20.9,272.1,16,104,59,989.2
2026-12-08 13:00:00,-17.6,13.6,135.7,50,206,42,956.9
2026-12-08 14:00:00,-14.9,19.2,349.8,64,344,63,981.2
2026-12-08 15:00:00,-16.4,9.6,410.2,74,243,50,970.6
2026-12-08 16:00:00,-19.4,12.9,439.7,54,129,42,981.6
2026-12-08 17:00:00,-13.8,12.5,393.0,72,282,40,997.6
2026-12-08 18:00:00,-18.2,17.3,217.9,74,335,42,972.7
2026-12-08 19:00:00,-23.1,12.3,364.9,85,107,75,986.7
2026-12-08 20:00:00,-20.0,13.0,295.7,13,266,84,990.0
2026-12-08 21:00:00,-22.4,15.1,425.2,62,213,79,969.1
2026-12-08 22:00:00,-16.6,11.3,0.0,86,17,83,997.3
2026-12-08 23:00:00,-17.8,7.9,0.0,67,284,49,984.6
2026-12-09 00:00:00,-17.7,1.7,0.0,46,16,68,956.9
2026-12-09 01:00:00,-19.3,8.3,0.0,85,245,81,977.6
2026-12-09 02:00:00,-18.9,3.3,0.0,17,233,62,955.5
2026-12-09 03:00:00,-22.7,0.0,0.0,0,19,56,980.5
2026-12-09 04:00:00,-21.7,11.3,0.0,34,125,51,993.5
2026-12-09 05:00:00,-21.0,24.7,469.1,23,19,50,973.9
2026-12-09 06:00:00,-18.6,8.3,425.3,68,5,53,973.3
2026-12-09 07:00:00,-13.1,3.3,458.6,15,7,46,972.1
2026-12-09 08:00:00,-20.8,9.7,482.1,19,39,58,985.9
2026-12-09 09:00:00,-25.6,8.4,339.5,74,0,71,982.3
2026-12-09 10:00:00,-18.3,9.7,355.1,1,43,80,983.8
2026-12-09 11:00:00,-19.9,15.2,447.2,48,34,74,980.1
2026-12-09 12:00:00,-24.1,10.3,344.5,80,275,47,981.7
2026-12-09 13:00:00,-22.2,12.5,317.8,90,68,55,977.7
2026-12-09 14:00:00,-20.3,8.1,405.0,25,320,50,974.8
2026-12-09 15:00:00,-23.3,10.0,350.4,72,329,56,968.9
2026-12-09 16:00:00,-21.0,12.7,389.5,42,267,49,978.0
2026-12-09 17:00:00,-26.1,8.8,396.9,78,335,85,982.5
2026-12-09 18:00:00,-21.8,13.5,415.9,48,67,81,1003.9
2026-12-09 19:00:00,-21.3,11.4,293.1,86,291,86,980.7
2026-12-09 20:00:00,-24.9,5.1,400.0,79,202,81,984.1
2026-12-09 21:00:00,-18.3,9.7,450.9,0,68,59,970.4
2026-12-09 22:00:00,-22.9,9.0,0.0,57,340,40,980.0
2026-12-09 23:00:00,-16.5,19.7,0.0,29,79,79,989.0
2026-12-10 00:00:00,-21.8,8.2,0.0,87,154,76,974.6
2026-12-10 01:00:00,-16.3,3.6,0.0,91,22,50,979.8
2026-12-10 02:00:00,-17.6,13.2,0.0,48,354,47,978.9
2026-12-10 03:00:00,-23.4,19.4,0.0,48,66,46,991.4
2026-12-10 04:00:00,-24.4,14.7,0.0,88,157,89,978.2
2026-12-10 05:00:00,-18.8,13.0,380.2,68,180,72,983.7
2026-12-10 06:00:00,-15.1,25.2,561.6,1,157,67,981.0
2026-12-10 07:00:00,-19.1,14.4,451.6,62,306,75,995.6
2026-12-10 08:00:00,-21.1,12.8,380.7,6,154,60,967.3
2026-12-10 09:00:00,-19.6,10.8,432.0,33,80,88,980.4
2026-12-10 10:00:00,-24.5,24.8,359.7,0,77,57,973.8
2026-12-10 11:00:00,-19.4,17.3,381.0,69,316,67,977.5
2026-12-10 12:00:00,-20.4,6.3,277.1,12,349,85,988.1
2026-12-10 13:00:00,-19.7,19.7,458.9,89,164,59,981.9
2026-12-10 14:00:00,-16.0,7.9,477.5,35,220,58,978.7
2026-12-10 15:00:00,-16.9,14.3,328.5,40,59,58,991.6
2026-12-10 16:00:00,-21.1,13.6,556.0,77,139,43,978.5
2026-12-10 17:00:00,-21.9,9.1,352.9,52,54,71,980.6
2026-12-10 18:00:00,-19.0,21.8,300.0,10,26,76,979.2
2026-12-10 19:00:00,-18.9,18.0,339.1,40,55,63,968.9
2026-12-10 20:00:00,-22.4,17.1,346.2,43,195,81,986.7
2026-12-10 21:00:00,-20.3,13.3,471.8,32,271,84,983.7
2026-12-10 22:00:00,-25.9,17.3,0.0,42,113,87,973.1
2026-12-10 23:00:00,-20.1,10.0,0.0,22,60,79,971.9
2026-12-11 00:00:00,-17.0,3.8,0.0,98,104,57,999.8
2026-12-11 01:00:00,-20.2,13.1,0.0,45,352,75,979.9
2026-12-11 02:00:00,-21.7,17.8,0.0,77,255,85,979.0
2026-12-11 03:00:00,-18.0,12.5,0.0,56,88,65,992.8
2026-12-11 04:00:00,-19.6,15.2,0.0,97,197,85,981.0
2026-12-11 05:00:00,-19.0,11.7,386.9,81,296,64,976.7
2026-12-11 06:00:00,-21.3,14.4,451.5,76,303,47,987.3
2026-12-11 07:00:00,-20.8,12.5,444.9,83,322,73,987.7
2026-12-11 08:00:00,-21.8,18.2,439.4,8,321,81,984.9
2026-12-11 09:00:00,-19.0,13.0,524.3,84,324,57,981.7
2026-12-11 10:00:00,-17.8,8.9,285.4,55,308,80,970.7
2026-12-11 11:00:00,-24.9,19.7,333.7,25,29,74,958.1
2026-12-11 12:00:00,-14.8,7.5,488.6,4,18,52,974.4
2026-12-11 13:00:00,-20.9,15.1,598.0,1,266,63,968.2
2026-12-11 14:00:00,-16.9,19.7,423.5,18,19,41,971.9
2026-12-11 15:00:00,-20.4,10.2,369.9,75,139,67,992.4
2026-12-11 16:00:00,-19.5,5.4,142.1,29,169,56,972.3
2026-12-11 17:00:00,-19.4,9.2,394.1,93,183,55,978.3
2026-12-11 18:00:00,-16.1,13.7,612.3,92,68,79,992.7
2026-12-11 19:00:00,-21.1,18.3,278.4,72,172,87,976.2
2026-12-11 20:00:00,-13.6,16.3,465.6,41,309,42,973.3
2026-12-11 21:00:00,-15.1,0.9,394.8,52,251,43,983.8
2026-12-11 22:00:00,-19.4,9.1,0.0,2,187,66,990.1
2026-12-11 23:00:00,-17.5,11.9,0.0,80,84,52,978.6
2026-12-12 00:00:00,-11.1,16.1,0.0,32,140,70,986.3
2026-12-12 01:00:00,-19.2,11.6,0.0,52,205,43,984.2
2026-12-12 02:00:00,-18.6,18.3,0.0,9,235,42,985.5
2026-12-12 03:00:00,-20.1,17.1,0.0,29,172,51,970.5
2026-12-12 04:00:00,-22.2,10.1,0.0,64,182,51,983.5
2026-12-12 05:00:00,-16.9,18.6,620.4,32,176,76,960.3
2026-12-12 06:00:00,-17.6,19.4,270.2,80,336,48,988.7
2026-12-12 07:00:00,-26.1,10.4,172.0,80,67,44,988.9
2026-12-12 08:00:00,-19.8,9.5,436.0,74,259,40,997.8
2026-12-12 09:00:00,-20.1,14.3,498.0,73,152,69,977.0
2026-12-12 10:00:00,-15.8,12.4,501.0,7,70,63,977.9
2026-12-12 11:00:00,-15.0,3.5,508.1,2,311,68,978.3
2026-12-12 12:00:00,-20.0,9.7,322.2,73,232,49,977.5
2026-12-12 13:00:00,-22.0,0.0,369.1,58,225,44,987.5
2026-12-12 14:00:00,-18.9,11.4,214.4,12,108,78,982.7
2026-12-12 15:00:00,-19.7,13.0,475.3,91,106,51,983.4
2026-12-12 16:00:00,-18.2,10.1,461.2,23,187,85,965.9
2026-12-12 17:00:00,-20.2,8.4,549.8,33,49,65,978.7
2026-12-12 18:00:00,-17.0,14.7,407.6,69,277,89,958.6
2026-12-12 19:00:00,-21.3,6.1,534.9,33,241,73,988.1
2026-12-12 20:00:00,-18.0,4.3,512.1,95,303,73,973.2
2026-12-12 21:00:00,-17.8,10.3,518.2,44,271,78,982.1
2026-12-12 22:00:00,-19.6,9.6,0.0,28,287,43,974.4
2026-12-12 23:00:00,-15.7,16.2,0.0,100,294,85,995.3
2026-12-13 00:00:00,-22.5,17.1,0.0,5,78,52,1001.7
2026-12-13 01:00:00,-18.2,9.7,0.0,57,277,75,989.9
2026-12-13 02:00:00,-21.9,16.5,0.0,70,5,65,986.5
2026-12-13 03:00:00,-19.4,5.6,0.0,17,99,40,954.9
2026-12-13 04:00:00,-13.8,11.1,0.0,15,186,68,977.3
2026-12-13 05:00:00,-16.2,11.7,562.0,17,82,60,983.5
2026-12-13 06:00:00,-18.2,18.0,395.3,69,123,72,993.9
2026-12-13 07:00:00,-22.3,12.7,339.6,15,51,70,970.8
2026-12-13 08:00:00,-15.3,7.9,425.4,47,153,62,983.5
2026-12-13 09:00:00,-21.8,11.8,329.0,59,196,40,979.6
2026-12-13 10:00:00,-17.6,7.5,339.1,50,343,58,965.2
2026-12-13 11:00:00,-14.6,18.0,460.1,49,215,62,985.2
2026-12-13 12:00:00,-17.1,14.3,498.9,41,134,75,976.6
2026-12-13 13:00:00,-17.4,15.7,451.2,59,167,55,974.6
2026-12-13 14:00:00,-17.6,11.6,532.0,8,17,44,980.9
2026-12-13 15:00:00,-17.4,16.3,577.0,24,197,86,987.9
2026-12-13 16:00:00,-20.4,12.3,363.2,21,333,50,972.8
2026-12-13 17:00:00,-16.9,18.9,222.0,13,281,73,958.0
2026-12-13 18:00:00,-14.2,13.6,319.3,44,70,58,989.7
2026-12-13 19:00:00,-15.5,4.9,498.3,63,328,42,973.1
2026-12-13 20:00:00,-18.4,14.9,373.6,63,50,53,971.0
2026-12-13 21:00:00,-20.5,20.7,444.5,44,215,63,989.7
2026-12-13 22:00:00,-16.9,10.5,0.0,11,264,72,984.9
2026-12-13 23:00:00,-13.6,11.3,0.0,16,151,79,1001.6
2026-12-14 00:00:00,-16.2,15.7,0.0,16,136,74,978.5
2026-12-14 01:00:00,-17.8,17.8,0.0,53,105,68,962.3
2026-12-14 02:00:00,-22.6,18.2,0.0,76,122,48,981.7
2026-12-14 03:00:00,-14.1,21.9,0.0,10,292,70,970.5
2026-12-14 04:00:00,-18.8,17.7,0.0,70,246,59,974.9
2026-12-14 05:00:00,-15.6,11.6,454.0,26,131,75,989.5
2026-12-14 06:00:00,-18.6,14.0,351.2,94,272,47,988.2
2026-12-14 07:00:00,-17.0,14.6,541.1,7,269,78,970.9
2026-12-14 08:00:00,-16.2,14.2,315.4,82,223,59,987.0
2026-12-14 09:00:00,-18.9,15.6,343.4,61,101,86,978.0
2026-12-14 10:00:00,-15.0,11.8,538.4,91,37,46,988.5
2026-12-14 11:00:00,-17.5,10.3,486.1,20,110,47,964.0
2026-12-14 12:00:00,-18.1,12.9,449.6,40,26,51,971.3
2026-12-14 13:00:00,-14.5,2.5,295.8,56,157,70,965.4
2026-12-14 14:00:00,-21.9,10.9,545.5,92,18,57,963.5
2026-12-14 15:00:00,-16.8,13.7,556.3,26,301,43,956.7
2026-12-14 16:00:00,-18.5,13.6,365.2,55,194,77,961.9
2026-12-14 17:00:00,-21.1,12.9,342.0,74,293,41,962.9
2026-12-14 18:00:00,-19.4,21.4,292.9,56,15,89,988.1
2026-12-14 19:00:00,-19.1,19.2,404.4,94,194,87,1000.9
2026-12-14 20:00:00,-16.0,6.1,464.1,14,115,67,989.1
2026-12-14 21:00:00,-21.7,17.5,336.0,19,241,82,969.2
2026-12-14 22:00:00,-17.3,21.5,0.0,22,253,64,974.4
2026-12-14 23:00:00,-17.2,18.0,0.0,8,102,73,985.1
2026-12-15 00:00:00,-21.3,18.6,0.0,19,144,77,975.9
2026-12-15 01:00:00,-19.9,10.6,0.0,28,311,75,985.7
2026-12-15 02:00:00,-21.5,14.1,0.0,25,288,48,981.1
2026-12-15 03:00:00,-14.0,14.0,0.0,31,318,59,983.8
2026-12-15 04:00:00,-13.0,10.2,0.0,4,244,72,975.3
2026-12-15 05:00:00,-17.4,11.7,661.0,84,346,45,972.7
2026-12-15 06:00:00,-15.6,10.0,332.8,26,116,57,991.4
2026-12-15 07:00:00,-17.7,14.9,441.6,59,266,80,972.5
2026-12-15 08:00:00,-21.7,10.1,297.5,56,169,68,984.8
2026-12-15 09:00:00,-21.3,6.7,379.4,45,175,48,975.1
2026-12-15 10:00:00,-16.7,12.7,408.4,100,193,52,972.3
2026-12-15 11:00:00,-17.6,7.8,395.1,7,61,52,971.6
2026-12-15 12:00:00,-14.7,4.4,427.1,40,79,40,979.5
2026-12-15 13:00:00,-22.6,9.8,310.0,12,96,49,984.5
2026-12-15 14:00:00,-10.1,16.9,357.8,84,139,44,988.0
2026-12-15 15:00:00,-19.7,10.5,333.7,43,62,52,977.5
2026-12-15 16:00:00,-17.6,3.6,356.0,24,123,64,979.2
2026-12-15 17:00:00,-11.8,20.8,332.6,50,34,70,997.0
2026-12-15 18:00:00,-20.1,18.5,326.9,17,279,70,988.3
2026-12-15 19:00:00,-12.0,9.8,269.6,71,229,45,983.7
2026-12-15 20:00:00,-20.7,21.0,389.6,21,357,79,948.1
2026-12-15 21:00:00,-17.6,5.1,369.9,36,337,45,956.0
2026-12-15 22:00:00,-19.7,11.4,0.0,87,229,70,978.2
2026-12-15 23:00:00,-12.9,6.9,0.0,32,161,86,969.1
2026-12-16 00:00:00,-20.9,12.3,0.0,98,86,51,973.5
2026-12-16 01:00:00,-13.5,15.4,0.0,41,307,87,988.5
2026-12-16 02:00:00,-21.1,8.3,0.0,19,277,74,952.8
2026-12-16 03:00:00,-18.5,14.7,0.0,37,320,84,977.2
2026-12-16 04:00:00,-16.8,2.9,0.0,4,37,80,993.8
2026-12-16 05:00:00,-12.6,13.5,560.8,30,197,74,996.5
2026-12-16 06:00:00,-20.7,15.7,285.3,83,122,49,978.4
2026-12-16 07:00:00,-20.6,10.8,420.3,99,11,65,969.7
2026-12-16 08:00:00,-17.8,10.7,458.7,1,264,72,988.1
2026-12-16 09:00:00,-18.6,6.2,390.4,97,260,40,997.2
2026-12-16 10:00:00,-15.7,7.5,257.1,75,10,85,979.5
2026-12-16 11:00:00,-18.9,13.2,470.9,94,235,75,979.4
2026-12-16 12:00:00,-15.8,7.7,411.7,5,92,61,993.9
2026-12-16 13:00:00,-24.8,17.1,465.2,38,134,89,981.8
2026-12-16 14:00:00,-16.7,13.6,544.6,33,54,85,977.6
2026-12-16 15:00:00,-19.3,13.3,271.9,72,159,75,968.9
2026-12-16 16:00:00,-16.5,12.4,457.3,93,294,84,975.0
2026-12-16 17:00:00,-20.8,13.9,250.8,79,21,89,977.0
2026-12-16 18:00:00,-19.0,5.2,411.8,88,181,87,991.7
2026-12-16 19:00:00,-18.5,14.0,377.7,32,321,56,979.6
2026-12-16 20:00:00,-15.0,13.7,543.7,6,331,55,970.3
2026-12-16 21:00:00,-21.5,1.8,454.5,93,242,77,961.8
2026-12-16 22:00:00,-13.4,14.7,0.0,95,152,75,991.1
2026-12-16 23:00:00,-17.9,11.0,0.0,68,68,59,973.4
2026-12-17 00:00:00,-20.4,13.8,0.0,83,352,78,977.0
2026-12-17 01:00:00,-17.4,15.2,0.0,23,153,84,983.9
2026-12-17 02:00:00,-16.8,11.2,0.0,40,294,44,977.5
2026-12-17 03:00:00,-15.0,12.1,0.0,82,337,41,967.0
2026-12-17 04:00:00,-15.4,11.4,0.0,62,117,87,959.3
2026-12-17 05:00:00,-19.5,3.5,327.0,75,305,40,981.1
2026-12-17 06:00:00,-18.8,14.6,451.1,56,38,54,954.6
2026-12-17 07:00:00,-16.1,20.8,234.9,38,167,52,987.5
2026-12-17 08:00:00,-17.6,14.8,291.8,72,259,89,980.8
2026-12-17 09:00:00,-17.1,14.4,485.6,50,40,42,979.5
2026-12-17 10:00:00,-18.6,12.6,339.7,78,221,77,989.8
2026-12-17 11:00:00,-14.1,7.9,212.6,9,73,49,981.3
2026-12-17 12:00:00,-13.1,16.9,449.5,70,81,42,988.6
2026-12-17 13:00:00,-16.5,7.5,288.4,58,207,79,999.4
2026-12-17 14:00:00,-17.2,8.3,189.2,31,338,85,990.8
2026-12-17 15:00:00,-20.1,9.3,325.5,33,267,44,990.3
2026-12-17 16:00:00,-19.0,9.9,365.5,17,110,65,968.7
2026-12-17 17:00:00,-18.4,1.1,403.8,37,345,89,983.1
2026-12-17 18:00:00,-17.2,18.9,307.4,82,180,61,985.5
2026-12-17 19:00:00,-14.7,14.2,377.5,11,8,68,984.4
2026-12-17 20:00:00,-7.7,16.8,548.3,53,102,41,980.3
2026-12-17 21:00:00,-18.8,3.2,396.0,71,144,69,978.6
2026-12-17 22:00:00,-16.0,14.3,0.0,50,282,57,985.6
2026-12-17 23:00:00,-16.7,10.3,0.0,58,340,71,980.2
2026-12-18 00:00:00,-20.1,5.3,0.0,86,239,44,995.0
2026-12-18 01:00:00,-15.6,14.1,0.0,12,126,59,976.4
2026-12-18 02:00:00,-19.5,18.1,0.0,98,225,89,979.5
2026-12-18 03:00:00,-20.2,6.5,0.0,89,116,60,983.6
2026-12-18 04:00:00,-19.7,13.4,0.0,20,12,73,984.8
2026-12-18 05:00:00,-17.1,15.5,549.4,34,299,60,991.5
2026-12-18 06:00:00,-17.6,9.1,437.9,40,268,86,981.3
2026-12-18 07:00:00,-20.8,6.9,400.8,27,235,58,978.3
2026-12-18 08:00:00,-16.7,6.9,346.6,24,30,75,986.6
2026-12-18 09:00:00,-10.0,13.6,469.0,95,165,69,992.7
2026-12-18 10:00:00,-17.8,5.6,471.2,51,271,63,991.2
2026-12-18 11:00:00,-18.6,20.8,497.2,89,18,49,984.8
2026-12-18 12:00:00,-15.0,4.2,362.3,73,45,41,985.6
2026-12-18 13:00:00,-14.9,11.7,473.7,31,83,83,980.1
2026-12-18 14:00:00,-20.4,12.5,423.8,48,356,73,976.0
2026-12-18 15:00:00,-13.9,9.6,275.8,25,321,46,987.3
2026-12-18 16:00:00,-19.0,16.0,398.5,4,283,82,972.3
2026-12-18 17:00:00,-15.3,22.5,360.5,84,359,72,983.4
2026-12-18 18:00:00,-18.6,16.8,486.9,4,315,87,979.7
2026-12-18 19:00:00,-17.4,17.5,313.2,85,327,45,973.2
2026-12-18 20:00:00,-17.1,14.6,380.0,50,69,75,969.9
2026-12-18 21:00:00,-13.7,16.3,344.7,80,217,89,967.0
2026-12-18 22:00:00,-19.4,14.8,0.0,59,293,40,987.0
2026-12-18 23:00:00,-19.2,17.8,0.0,7,34,58,987.7
2026-12-19 00:00:00,-19.1,7.2,0.0,77,257,79,973.8
2026-12-19 01:00:00,-22.6,10.5,0.0,43,320,54,962.6
2026-12-19 02:00:00,-17.9,22.7,0.0,51,278,88,967.1
2026-12-19 03:00:00,-17.2,7.7,0.0,99,142,66,997.2
2026-12-19 04:00:00,-19.6,14.1,0.0,89,53,77,976.4
2026-12-19 05:00:00,-20.4,7.3,670.8,4,222,63,980.9
2026-12-19 06:00:00,-13.3,10.9,301.7,13,252,61,978.6
2026-12-19 07:00:00,-20.7,17.6,182.4,44,35,59,988.9
2026-12-19 08:00:00,-20.7,7.8,315.9,67,201,53,968.4
2026-12-19 09:00:00,-16.1,7.6,292.4,33,213,72,978.5
2026-12-19 10:00:00,-19.6,3.6,416.8,86,190,80,982.3
2026-12-19 11:00:00,-14.0,24.4,413.2,17,198,50,986.3
2026-12-19 12:00:00,-16.4,13.5,452.0,58,320,52,983.4
2026-12-19 13:00:00,-20.2,12.6,429.2,93,6,66,980.2
2026-12-19 14:00:00,-21.9,7.1,356.5,28,100,44,974.3
2026-12-19 15:00:00,-14.7,20.3,489.3,60,183,47,981.6
2026-12-19 16:00:00,-16.1,13.8,436.7,83,75,48,975.6
2026-12-19 17:00:00,-18.4,16.5,243.6,87,319,43,999.8
2026-12-19 18:00:00,-15.2,11.4,426.0,28,90,47,968.6
2026-12-19 19:00:00,-12.6,16.1,681.5,55,305,48,979.2
2026-12-19 20:00:00,-21.5,13.8,395.5,4,282,41,968.6
2026-12-19 21:00:00,-14.6,12.9,252.8,73,171,86,997.5
2026-12-19 22:00:00,-20.0,14.0,0.0,21,278,72,964.6
2026-12-19 23:00:00,-17.6,15.9,0.0,62,100,50,985.8
2026-12-20 00:00:00,-19.2,15.6,0.0,0,88,89,977.1
2026-12-20 01:00:00,-17.8,7.1,0.0,81,114,53,975.8
2026-12-20 02:00:00,-19.3,13.1,0.0,12,228,55,975.9
2026-12-20 03:00:00,-18.1,14.3,0.0,92,270,69,985.0
2026-12-20 04:00:00,-20.9,11.7,0.0,30,313,42,980.4
2026-12-20 05:00:00,-15.7,17.9,353.8,51,143,50,977.5
2026-12-20 06:00:00,-17.4,18.7,469.7,69,169,66,983.6
2026-12-20 07:00:00,-17.3,9.8,554.4,60,73,49,979.4
2026-12-20 08:00:00,-13.2,6.1,215.3,58,283,87,986.4
2026-12-20 09:00:00,-18.1,20.6,463.2,0,53,84,998.8
2026-12-20 10:00:00,-16.2,10.8,588.3,64,340,66,991.8
2026-12-20 11:00:00,-19.0,10.1,209.9,91,44,82,985.1
2026-12-20 12:00:00,-20.4,13.0,357.8,43,299,56,987.3
2026-12-20 13:00:00,-18.7,13.7,456.1,72,336,83,990.7
2026-12-20 14:00:00,-15.9,9.8,458.5,6,346,41,990.1
2026-12-20 15:00:00,-16.4,14.6,304.2,97,96,76,973.7
2026-12-20 16:00:00,-5.9,7.3,451.9,3,224,55,976.8
2026-12-20 17:00:00,-15.7,10.7,232.3,87,27,44,978.6
2026-12-20 18:00:00,-14.7,18.5,501.0,25,207,77,976.1
2026-12-20 19:00:00,-19.3,8.3,387.5,76,25,74,992.4
2026-12-20 20:00:00,-14.2,3.0,341.8,47,95,50,970.4
2026-12-20 21:00:00,-19.3,9.0,519.2,35,202,73,973.9
2026-12-20 22:00:00,-17.9,19.3,0.0,50,135,65,974.2
2026-12-20 23:00:00,-20.0,17.4,0.0,27,124,81,982.5
2026-12-21 00:00:00,-19.8,12.8,0.0,27,87,89,984.6
2026-12-21 01:00:00,-14.2,19.4,0.0,88,307,71,986.4
2026-12-21 02:00:00,-19.9,8.7,0.0,42,27,76,979.5
2026-12-21 03:00:00,-21.9,13.3,0.0,37,35,80,998.5
2026-12-21 04:00:00,-15.3,6.2,0.0,28,182,85,987.3
2026-12-21 05:00:00,-15.3,7.4,350.4,10,206,81,968.9
2026-12-21 06:00:00,-19.1,13.4,411.9,96,32,84,993.9
2026-12-21 07:00:00,-22.4,14.1,493.4,68,3,76,970.1
2026-12-21 08:00:00,-22.4,5.5,614.6,78,21,53,987.9
2026-12-21 09:00:00,-24.6,6.6,318.6,100,322,67,975.1
2026-12-21 10:00:00,-15.2,4.8,286.5,35,223,63,998.8
2026-12-21 11:00:00,-12.9,21.2,349.1,5,141,66,973.6
2026-12-21 12:00:00,-13.8,17.5,416.5,75,332,49,966.9
2026-12-21 13:00:00,-21.4,1.1,303.2,18,270,67,992.4
2026-12-21 14:00:00,-19.7,14.4,396.3,90,210,68,975.5
2026-12-21 15:00:00,-16.4,14.4,500.1,52,177,54,973.9
2026-12-21 16:00:00,-14.6,5.8,463.9,35,275,82,965.0
2026-12-21 17:00:00,-15.0,12.9,483.0,93,244,59,980.5
2026-12-21 18:00:00,-19.6,13.5,431.5,47,47,75,986.4
2026-12-21 19:00:00,-11.0,13.5,481.4,48,146,81,989.9
2026-12-21 20:00:00,-18.0,14.9,460.9,80,191,88,976.2
2026-12-21 21:00:00,-19.5,22.7,386.8,78,10,75,967.3
2026-12-21 22:00:00,-13.2,14.5,0.0,89,106,68,1008.1
2026-12-21 23:00:00,-16.2,22.1,0.0,71,83,63,982.2
2026-12-22 00:00:00,-10.9,19.3,0.0,58,12,70,975.8
2026-12-22 01:00:00,-15.9,13.9,0.0,43,321,61,972.3
2026-12-22 02:00:00,-19.3,9.5,0.0,74,255,83,964.8
2026-12-22 03:00:00,-15.7,6.6,0.0,36,2,79,979.2
2026-12-22 04:00:00,-19.8,14.1,0.0,44,35,83,984.6
2026-12-22 05:00:00,-17.3,8.3,452.4,1,342,84,1005.2
2026-12-22 06:00:00,-19.3,5.9,511.9,19,357,88,967.8
2026-12-22 07:00:00,-20.3,7.7,364.0,34,141,64,976.1
2026-12-22 08:00:00,-20.1,15.4,254.3,33,191,76,974.5
2026-12-22 09:00:00,-19.7,17.4,534.9,53,179,50,975.7
2026-12-22 10:00:00,-16.5,11.1,352.6,87,18,82,990.3
2026-12-22 11:00:00,-20.6,8.2,324.4,54,34,64,988.9
2026-12-22 12:00:00,-18.8,10.9,387.6,67,83,68,979.4
2026-12-22 13:00:00,-17.8,18.5,489.3,49,218,83,965.2
2026-12-22 14:00:00,-15.1,12.7,189.4,28,142,41,969.0
2026-12-22 15:00:00,-17.9,20.3,635.1,70,241,79,983.9
2026-12-22 16:00:00,-16.8,12.4,398.8,72,195,77,981.5
2026-12-22 17:00:00,-18.5,7.3,348.9,49,11,74,976.3
2026-12-22 18:00:00,-19.4,8.2,375.8,52,14,63,988.3
2026-12-22 19:00:00,-13.6,0.0,306.4,13,270,88,984.0
2026-12-22 20:00:00,-17.6,23.5,360.6,32,33,82,979.7
2026-12-22 21:00:00,-15.9,16.3,417.6,68,202,79,980.6
2026-12-22 22:00:00,-18.8,18.9,0.0,95,45,49,974.7
2026-12-22 23:00:00,-15.1,6.0,0.0,84,199,45,991.1
2026-12-23 00:00:00,-16.3,12.7,0.0,79,192,89,983.4
2026-12-23 01:00:00,-11.3,2.5,0.0,66,320,84,990.7
2026-12-23 02:00:00,-20.1,18.6,0.0,1,89,49,979.4
2026-12-23 03:00:00,-16.1,12.6,0.0,38,90,46,982.7
2026-12-23 04:00:00,-14.1,5.2,0.0,84,19,83,965.9
2026-12-23 05:00:00,-16.6,16.4,441.3,38,77,71,986.9
2026-12-23 06:00:00,-12.3,11.2,443.2,84,193,68,988.7
2026-12-23 07:00:00,-14.2,14.6,524.0,19,47,86,984.1
2026-12-23 08:00:00,-20.5,13.6,275.5,96,111,85,985.6
2026-12-23 09:00:00,-14.3,11.5,569.9,89,353,74,969.7
2026-12-23 10:00:00,-16.8,5.8,87.0,43,86,40,1000.9
2026-12-23 11:00:00,-15.3,2.8,513.7,47,352,76,991.1
2026-12-23 12:00:00,-11.2,13.9,481.0,40,229,83,978.8
2026-12-23 13:00:00,-23.7,18.5,399.9,35,76,76,981.9
2026-12-23 14:00:00,-15.1,15.2,367.5,7,276,55,978.1
2026-12-23 15:00:00,-17.0,20.5,444.6,50,227,76,976.7
2026-12-23 16:00:00,-20.1,8.0,319.0,69,72,56,953.7
2026-12-23 17:00:00,-13.5,10.7,402.3,65,349,70,961.3
2026-12-23 18:00:00,-17.9,10.2,354.6,83,214,48,967.9
2026-12-23 19:00:00,-16.5,14.9,438.6,42,105,82,976.8
2026-12-23 20:00:00,-17.5,12.7,445.6,20,342,58,968.2
2026-12-23 21:00:00,-14.9,3.2,341.9,75,356,82,980.2
2026-12-23 22:00:00,-14.5,9.0,0.0,25,314,43,994.4
2026-12-23 23:00:00,-20.1,16.4,0.0,68,48,46,979.3
2026-12-24 00:00:00,-19.6,14.8,0.0,47,29,82,980.7
2026-12-24 01:00:00,-17.9,13.6,0.0,31,334,78,998.5
2026-12-24 02:00:00,-18.7,9.4,0.0,94,344,75,989.3
2026-12-24 03:00:00,-11.7,7.8,0.0,17,224,42,994.8
2026-12-24 04:00:00,-14.3,15.7,0.0,29,283,55,965.5
2026-12-24 05:00:00,-18.2,6.7,423.3,61,80,86,988.5
2026-12-24 06:00:00,-15.6,11.7,414.8,52,83,71,989.0
2026-12-24 07:00:00,-16.8,13.0,439.2,22,278,59,980.9
2026-12-24 08:00:00,-16.1,14.7,332.9,34,301,49,994.2
2026-12-24 09:00:00,-8.6,24.5,433.5,87,21,69,975.7
2026-12-24 10:00:00,-18.0,12.8,447.0,51,342,61,993.0
2026-12-24 11:00:00,-15.4,3.8,205.6,3,184,45,983.5
2026-12-24 12:00:00,-18.6,13.8,484.2,20,152,74,986.8
2026-12-24 13:00:00,-17.1,13.3,415.6,84,35,65,1003.3
2026-12-24 14:00:00,-17.0,15.9,279.2,63,262,76,984.9
2026-12-24 15:00:00,-14.4,6.3,473.3,95,24,79,982.8
2026-12-24 16:00:00,-11.6,10.2,301.8,29,263,73,985.0
2026-12-24 17:00:00,-16.7,6.9,470.1,39,131,81,980.9
2026-12-24 18:00:00,-18.1,18.8,473.5,61,327,42,992.8
2026-12-24 19:00:00,-14.4,13.3,418.1,62,210,60,972.9
2026-12-24 20:00:00,-20.6,15.1,166.4,67,198,43,979.4
2026-12-24 21:00:00,-14.7,9.9,312.7,40,120,76,979.5
2026-12-24 22:00:00,-16.2,8.4,0.0,47,235,49,973.8
2026-12-24 23:00:00,-14.0,15.0,0.0,52,205,44,984.5
2026-12-25 00:00:00,-15.1,6.4,0.0,74,192,60,966.0
2026-12-25 01:00:00,-20.2,9.8,0.0,26,74,42,988.9
2026-12-25 02:00:00,-18.7,17.1,0.0,34,255,86,969.9
2026-12-25 03:00:00,-19.5,17.7,0.0,74,97,61,986.8
2026-12-25 04:00:00,-19.3,17.0,0.0,10,151,69,986.8
2026-12-25 05:00:00,-15.1,13.2,481.6,61,157,76,986.6
2026-12-25 06:00:00,-14.0,18.7,284.6,25,211,43,989.4
2026-12-25 07:00:00,-10.8,19.4,317.4,71,337,83,976.4
2026-12-25 08:00:00,-16.1,24.8,196.5,34,36,75,974.8
2026-12-25 09:00:00,-13.3,10.3,354.3,38,3,81,990.3
2026-12-25 10:00:00,-19.1,7.8,326.5,2,70,85,974.8
2026-12-25 11:00:00,-13.3,14.0,457.9,66,280,41,999.4
2026-12-25 12:00:00,-23.1,0.0,413.0,95,320,88,975.2
2026-12-25 13:00:00,-16.4,10.0,297.5,73,218,69,966.3
2026-12-25 14:00:00,-9.7,4.6,519.9,16,152,62,985.1
2026-12-25 15:00:00,-15.4,12.9,230.5,5,146,66,1002.4
2026-12-25 16:00:00,-12.6,22.9,555.7,38,83,55,971.7
2026-12-25 17:00:00,-14.5,22.8,374.8,44,114,42,973.7
2026-12-25 18:00:00,-15.5,10.6,311.5,20,174,56,985.7
2026-12-25 19:00:00,-13.5,9.4,425.1,92,141,85,978.6
2026-12-25 20:00:00,-17.4,24.1,465.1,73,92,88,985.2
2026-12-25 21:00:00,-18.5,17.4,445.2,21,171,65,992.4
2026-12-25 22:00:00,-19.1,14.6,0.0,75,68,80,980.9
2026-12-25 23:00:00,-19.1,4.7,0.0,81,105,68,981.5
2026-12-26 00:00:00,-10.0,8.2,0.0,52,114,70,976.5
2026-12-26 01:00:00,-13.6,15.1,0.0,27,216,44,960.1
2026-12-26 02:00:00,-18.3,16.6,0.0,44,141,42,984.6
2026-12-26 03:00:00,-14.5,15.0,0.0,61,211,64,986.0
2026-12-26 04:00:00,-15.1,4.7,0.0,53,128,45,973.4
2026-12-26 05:00:00,-21.8,13.8,450.0,30,185,54,962.9
2026-12-26 06:00:00,-14.9,9.2,590.7,57,285,42,982.2
2026-12-26 07:00:00,-14.1,15.2,397.0,76,126,53,975.4
2026-12-26 08:00:00,-17.5,8.7,305.1,22,73,84,971.6
2026-12-26 09:00:00,-17.5,7.2,401.2,6,196,54,981.3
2026-12-26 10:00:00,-17.1,12.1,504.3,25,135,88,990.0
2026-12-26 11:00:00,-14.5,14.8,353.2,10,110,69,965.1
2026-12-26 12:00:00,-16.0,22.0,373.7,62,9,73,982.7
2026-12-26 13:00:00,-20.5,17.3,488.8,16,220,89,978.0
2026-12-26 14:00:00,-15.5,19.3,396.4,18,243,55,965.7
2026-12-26 15:00:00,-12.5,14.8,391.1,53,215,77,979.4
2026-12-26 16:00:00,-17.5,11.6,664.5,92,130,72,993.0
2026-12-26 17:00:00,-20.9,3.2,485.5,99,247,85,993.5
2026-12-26 18:00:00,-19.4,3.1,361.2,12,290,77,971.8
2026-12-26 19:00:00,-19.6,13.6,177.4,16,91,81,982.6
2026-12-26 20:00:00,-19.8,8.8,408.0,2,212,77,987.2
2026-12-26 21:00:00,-17.7,2.8,273.9,54,139,43,975.9
2026-12-26 22:00:00,-17.5,17.9,0.0,40,3,79,986.2
2026-12-26 23:00:00,-20.0,8.7,0.0,71,328,44,971.2
2026-12-27 00:00:00,-19.8,15.6,0.0,93,168,57,995.1
2026-12-27 01:00:00,-13.0,6.0,0.0,17,69,44,980.3
2026-12-27 02:00:00,-12.6,6.9,0.0,71,200,69,979.7
2026-12-27 03:00:00,-15.5,13.7,0.0,29,39,40,983.7
2026-12-27 04:00:00,-13.9,13.4,0.0,26,51,56,996.7
2026-12-27 05:00:00,-20.4,14.7,306.6,13,82,81,963.9
2026-12-27 06:00:00,-16.5,10.7,379.3,2,336,49,971.9
2026-12-27 07:00:00,-18.7,13.6,536.5,74,2,63,994.4
2026-12-27 08:00:00,-16.7,5.5,322.3,63,306,78,960.1
2026-12-27 09:00:00,-20.0,13.0,593.0,49,254,59,988.9
2026-12-27 10:00:00,-14.7,18.4,427.8,83,205,75,988.6
2026-12-27 11:00:00,-13.9,15.0,406.0,45,114,73,987.8
2026-12-27 12:00:00,-16.1,7.7,136.1,8,297,51,980.0
2026-12-27 13:00:00,-12.5,14.9,564.2,79,0,67,976.3
2026-12-27 14:00:00,-9.9,14.7,257.2,28,267,71,980.6
2026-12-27 15:00:00,-18.1,17.4,449.2,58,62,73,996.2
2026-12-27 16:00:00,-14.1,11.2,458.9,29,260,55,983.1
2026-12-27 17:00:00,-18.8,10.3,434.1,95,343,57,971.1
2026-12-27 18:00:00,-16.2,14.0,527.8,94,279,56,989.3
2026-12-27 19:00:00,-19.2,10.8,428.9,67,259,76,976.9
2026-12-27 20:00:00,-20.2,15.5,349.5,38,63,63,984.9
2026-12-27 21:00:00,-12.4,19.8,331.5,67,343,68,985.9
2026-12-27 22:00:00,-14.5,11.1,0.0,85,56,58,991.3
2026-12-27 23:00:00,-14.4,10.2,0.0,96,128,60,987.4
2026-12-28 00:00:00,-10.4,6.3,0.0,45,69,42,970.2
2026-12-28 01:00:00,-20.8,6.5,0.0,72,228,50,992.8
2026-12-28 02:00:00,-16.8,10.7,0.0,67,301,71,969.8
2026-12-28 03:00:00,-13.2,8.5,0.0,66,117,43,991.4
2026-12-28 04:00:00,-11.9,25.6,0.0,47,95,75,955.7
2026-12-28 05:00:00,-22.8,10.7,267.2,93,42,57,974.3
2026-12-28 06:00:00,-18.0,12.1,453.1,22,346,78,972.4
2026-12-28 07:00:00,-15.1,8.9,531.8,98,275,44,983.9
2026-12-28 08:00:00,-19.5,15.1,396.6,52,201,62,976.2
2026-12-28 09:00:00,-14.3,4.8,416.2,84,259,85,971.6
2026-12-28 10:00:00,-16.3,21.4,466.8,15,221,76,982.0
2026-12-28 11:00:00,-18.9,13.3,126.6,46,322,84,981.2
2026-12-28 12:00:00,-22.0,3.6,339.8,36,42,64,981.4
2026-12-28 13:00:00,-16.6,13.6,335.5,84,236,60,983.8
2026-12-28 14:00:00,-14.1,7.0,377.6,19,80,58,982.4
2026-12-28 15:00:00,-15.9,20.6,332.1,10,252,66,983.3
2026-12-28 16:00:00,-18.3,1.9,294.7,59,250,83,990.0
2026-12-28 17:00:00,-18.5,9.4,444.5,67,247,54,988.2
2026-12-28 18:00:00,-17.9,19.7,292.6,67,9,63,979.1
2026-12-28 19:00:00,-13.0,9.8,328.5,7,114,53,980.5
2026-12-28 20:00:00,-13.3,13.8,421.1,61,154,79,970.6
2026-12-28 21:00:00,-16.1,11.3,544.7,58,53,67,988.9
2026-12-28 22:00:00,-15.2,17.2,0.0,28,228,41,995.4
2026-12-28 23:00:00,-16.1,10.1,0.0,68,229,81,987.0
2026-12-29 00:00:00,-17.1,7.2,0.0,28,299,69,986.9
2026-12-29 01:00:00,-20.7,14.3,0.0,60,26,58,966.3
2026-12-29 02:00:00,-9.0,6.0,0.0,94,68,51,1001.6
2026-12-29 03:00:00,-12.6,14.7,0.0,24,327,50,983.9
2026-12-29 04:00:00,-16.7,16.9,0.0,40,336,58,990.2
2026-12-29 05:00:00,-18.1,11.4,469.0,93,18,61,979.5
2026-12-29 06:00:00,-15.3,14.4,329.9,63,314,75,983.8
2026-12-29 07:00:00,-11.4,9.3,472.4,84,38,67,983.8
2026-12-29 08:00:00,-14.1,11.1,680.4,84,150,64,985.0
2026-12-29 09:00:00,-16.0,15.1,397.2,69,47,54,975.3
2026-12-29 10:00:00,-19.0,8.5,219.3,50,330,55,964.5
2026-12-29 11:00:00,-17.0,12.7,480.3,66,109,67,990.4
2026-12-29 12:00:00,-16.1,9.7,520.8,20,175,84,981.6
2026-12-29 13:00:00,-17.0,14.9,456.7,25,123,46,974.9
2026-12-29 14:00:00,-18.2,20.3,228.0,41,339,82,977.6
2026-12-29 15:00:00,-14.6,17.8,361.6,49,339,82,983.1
2026-12-29 16:00:00,-11.4,13.1,417.5,76,296,89,983.9
2026-12-29 17:00:00,-17.0,17.1,417.5,16,82,70,981.5
2026-12-29 18:00:00,-16.8,14.6,596.9,47,20,67,978.1
2026-12-29 19:00:00,-21.7,12.0,430.7,18,64,64,980.5
2026-12-29 20:00:00,-18.6,16.2,129.9,55,333,73,968.5
2026-12-29 21:00:00,-18.7,20.4,467.8,69,204,85,969.6
2026-12-29 22:00:00,-19.1,10.8,0.0,33,60,87,976.0
2026-12-29 23:00:00,-18.8,14.4,0.0,25,332,78,975.9
2026-12-30 00:00:00,-15.5,15.1,0.0,20,17,54,981.5
2026-12-30 01:00:00,-15.0,9.9,0.0,12,104,81,990.9
2026-12-30 02:00:00,-16.6,21.8,0.0,54,284,71,971.1
2026-12-30 03:00:00,-15.2,8.0,0.0,36,343,67,987.2
2026-12-30 04:00:00,-16.1,10.6,0.0,94,170,47,963.6
2026-12-30 05:00:00,-12.9,16.6,396.7,17,48,86,988.9
2026-12-30 06:00:00,-16.0,10.6,479.0,0,355,79,1003.7
2026-12-30 07:00:00,-13.7,6.3,351.3,59,208,40,986.2
2026-12-30 08:00:00,-15.3,13.6,510.4,0,221,58,988.0
2026-12-30 09:00:00,-20.4,11.6,313.1,29,274,44,988.7
2026-12-30 10:00:00,-19.5,13.0,409.3,1,92,69,978.5
2026-12-30 11:00:00,-11.1,7.6,486.9,92,292,87,991.2
2026-12-30 12:00:00,-16.2,18.7,473.6,78,257,58,960.1
2026-12-30 13:00:00,-14.2,15.6,578.4,77,335,49,981.1
2026-12-30 14:00:00,-17.0,16.6,343.2,25,68,52,983.8
2026-12-30 15:00:00,-12.6,11.4,346.0,47,224,63,998.0
2026-12-30 16:00:00,-13.8,4.5,475.8,45,225,44,981.3
2026-12-30 17:00:00,-11.7,5.2,331.3,79,133,45,994.9
2026-12-30 18:00:00,-19.1,17.1,173.5,63,194,68,980.6
2026-12-30 19:00:00,-10.0,18.0,313.9,4,251,53,987.1
2026-12-30 20:00:00,-18.8,12.6,278.9,92,341,75,977.2
2026-12-30 21:00:00,-14.1,11.8,514.3,16,32,43,981.2
2026-12-30 22:00:00,-15.1,8.5,0.0,47,68,58,961.2
2026-12-30 23:00:00,-13.6,11.5,0.0,74,47,63,983.8
2026-12-31 00:00:00,-13.1,13.0,0.0,63,24,64,976.9
2026-12-31 01:00:00,-10.3,16.5,0.0,74,148,63,984.8
2026-12-31 02:00:00,-15.9,24.6,0.0,9,187,56,962.4
2026-12-31 03:00:00,-11.9,19.3,0.0,78,195,54,983.6
2026-12-31 04:00:00,-15.5,12.7,0.0,21,62,48,968.7
2026-12-31 05:00:00,-13.6,11.3,449.8,59,342,77,962.2
2026-12-31 06:00:00,-15.8,9.5,567.5,98,223,52,991.0
2026-12-31 07:00:00,-19.6,8.0,362.7,73,50,65,962.3
2026-12-31 08:00:00,-17.2,8.7,369.1,88,134,43,983.5
2026-12-31 09:00:00,-20.7,16.1,202.6,4,51,85,986.4
2026-12-31 10:00:00,-14.6,4.0,199.6,12,53,65,954.7
2026-12-31 11:00:00,-17.0,12.7,353.6,97,114,58,986.6
2026-12-31 12:00:00,-16.8,15.4,285.7,69,279,65,970.1
2026-12-31 13:00:00,-20.5,12.1,633.7,24,234,60,990.7
2026-12-31 14:00:00,-14.5,10.3,379.7,19,168,53,975.0
2026-12-31 15:00:00,-16.1,17.5,287.9,88,122,82,980.4
2026-12-31 16:00:00,-12.3,19.5,289.6,57,357,40,988.8
2026-12-31 17:00:00,-18.1,10.7,338.6,86,23,56,972.3
2026-12-31 18:00:00,-12.1,13.8,420.9,13,190,70,980.4
2026-12-31 19:00:00,-17.9,14.6,309.7,11,279,55,972.1
2026-12-31 20:00:00,-15.2,13.2,410.2,5,133,57,983.7
2026-12-31 21:00:00,-16.5,11.0,293.3,11,151,61,979.7
2026-12-31 22:00:00,-10.1,14.6,0.0,0,202,45,983.2
2026-12-31 23:00:00,-12.1,8.6,0.0,14,229,42,979.0
2027-01-01 00:00:00,-17.2,12.0,0.0,0,103,88,970.6
2027-01-01 01:00:00,-17.4,17.2,0.0,31,305,50,993.2
2027-01-01 02:00:00,-15.6,12.2,0.0,28,261,66,972.5
2027-01-01 03:00:00,-16.0,14.3,0.0,35,192,59,983.8
2027-01-01 04:00:00,-16.0,3.1,0.0,33,38,62,972.0
2027-01-01 05:00:00,-3.3,11.0,293.6,5,43,56,989.7
2027-01-01 06:00:00,-17.6,1.7,362.2,20,48,84,979.7
2027-01-01 07:00:00,-11.4,17.2,213.6,15,316,55,980.7
2027-01-01 08:00:00,-13.5,21.3,336.0,42,175,56,988.7
2027-01-01 09:00:00,-14.0,8.1,500.1,72,267,65,969.8
2027-01-01 10:00:00,-14.2,9.3,395.3,36,68,84,970.2
2027-01-01 11:00:00,-18.6,7.6,546.2,32,87,55,976.7
2027-01-01 12:00:00,-14.5,7.5,508.4,32,340,48,989.0
2027-01-01 13:00:00,-20.2,8.0,232.2,82,194,89,978.3
2027-01-01 14:00:00,-11.0,17.7,398.8,63,94,87,960.1
2027-01-01 15:00:00,-14.6,10.0,377.1,40,258,44,974.2
2027-01-01 16:00:00,-12.6,2.0,440.0,34,2,40,995.4
2027-01-01 17:00:00,-14.3,15.4,572.1,83,317,88,971.6
2027-01-01 18:00:00,-14.9,16.3,384.9,32,314,58,968.0
2027-01-01 19:00:00,-16.3,10.3,405.6,70,29,63,962.6
2027-01-01 20:00:00,-17.5,12.4,414.9,15,240,66,994.7
2027-01-01 21:00:00,-17.2,7.4,381.9,48,330,58,984.0
2027-01-01 22:00:00,-16.3,16.3,0.0,1,212,61,962.9
2027-01-01 23:00:00,-14.7,17.5,0.0,1,157,73,955.8
2027-01-02 00:00:00,-12.8,10.7,0.0,34,106,87,985.6
2027-01-02 01:00:00,-12.4,15.2,0.0,18,349,53,971.3
2027-01-02 02:00:00,-18.3,14.7,0.0,56,341,52,985.8
2027-01-02 03:00:00,-15.4,13.0,0.0,41,13,78,973.9
2027-01-02 04:00:00,-19.2,19.1,0.0,78,182,58,962.2
2027-01-02 05:00:00,-18.9,14.5,355.7,90,99,56,998.9
2027-01-02 06:00:00,-14.2,12.6,535.7,13,196,75,952.7
2027-01-02 07:00:00,-15.6,11.1,383.2,62,197,60,987.2
2027-01-02 08:00:00,-20.9,16.7,415.8,40,287,79,984.3
2027-01-02 09:00:00,-13.6,12.6,292.5,18,235,64,968.5
2027-01-02 10:00:00,-14.4,9.1,360.2,49,47,57,971.3
2027-01-02 11:00:00,-16.7,13.2,312.5,73,44,65,976.8
2027-01-02 12:00:00,-20.3,11.9,359.1,19,306,53,975.6
2027-01-02 13:00:00,-10.1,13.5,387.8,77,212,59,985.3
2027-01-02 14:00:00,-19.7,9.5,262.9,41,291,77,991.8
2027-01-02 15:00:00,-16.1,14.9,397.9,51,133,48,974.4
2027-01-02 16:00:00,-14.2,15.7,667.1,9,106,40,994.2
2027-01-02 17:00:00,-14.9,17.1,303.6,97,32,64,990.3
2027-01-02 18:00:00,-11.8,6.4,282.7,46,15,85,989.6
2027-01-02 19:00:00,-15.4,13.8,461.5,36,352,54,984.1
2027-01-02 20:00:00,-17.8,14.8,354.9,93,161,74,984.8
2027-01-02 21:00:00,-15.8,22.0,490.2,80,355,41,979.5
2027-01-02 22:00:00,-13.5,9.7,0.0,73,61,54,978.9
2027-01-02 23:00:00,-16.1,9.2,0.0,60,277,53,962.1
2027-01-03 00:00:00,-11.5,21.2,0.0,18,65,51,971.7
2027-01-03 01:00:00,-12.5,14.7,0.0,74,77,71,992.3
2027-01-03 02:00:00,-17.2,15.5,0.0,96,263,61,980.9
2027-01-03 03:00:00,-16.6,6.0,0.0,29,228,89,984.5
2027-01-03 04:00:00,-16.1,17.8,0.0,46,47,59,970.5
2027-01-03 05:00:00,-17.9,10.1,359.5,24,293,75,984.9
2027-01-03 06:00:00,-14.7,13.9,306.9,0,66,46,945.9
2027-01-03 07:00:00,-16.2,12.5,518.1,47,12,86,973.0
2027-01-03 08:00:00,-15.6,18.5,506.9,73,8,52,976.8
2027-01-03 09:00:00,-13.5,14.9,343.2,88,6,52,971.8
2027-01-03 10:00:00,-15.1,9.1,266.0,19,256,61,974.0
2027-01-03 11:00:00,-22.5,14.3,418.2,81,90,80,972.6
2027-01-03 12:00:00,-16.2,13.8,315.4,3,102,73,975.7
2027-01-03 13:00:00,-14.5,13.9,351.3,33,308,76,974.9
2027-01-03 14:00:00,-19.0,8.7,385.8,17,135,44,968.7
2027-01-03 15:00:00,-18.2,5.1,175.0,16,342,52,988.6
2027-01-03 16:00:00,-9.9,18.2,269.1,94,207,43,982.2
2027-01-03 17:00:00,-12.8,8.9,274.9,31,333,78,959.8
2027-01-03 18:00:00,-17.1,19.9,274.2,31,70,41,985.7
2027-01-03 19:00:00,-15.4,16.6,583.3,52,55,77,982.5
2027-01-03 20:00:00,-15.1,13.1,428.8,19,39,46,989.9
2027-01-03 21:00:00,-15.7,5.8,458.1,79,232,65,985.7
2027-01-03 22:00:00,-14.7,12.3,0.0,13,324,82,963.2
2027-01-03 23:00:00,-19.9,14.8,0.0,68,227,83,990.2
2027-01-04 00:00:00,-16.2,12.6,0.0,93,333,80,975.5
2027-01-04 01:00:00,-15.6,8.2,0.0,42,277,81,967.0
2027-01-04 02:00:00,-16.2,15.6,0.0,74,145,45,981.6
2027-01-04 03:00:00,-15.0,10.4,0.0,89,339,82,991.0
2027-01-04 04:00:00,-13.2,0.1,0.0,1,67,78,985.9
2027-01-04 05:00:00,-7.9,18.0,308.3,72,12,52,974.0
2027-01-04 06:00:00,-18.2,11.3,386.0,43,254,78,964.6
2027-01-04 07:00:00,-12.9,13.7,362.0,69,348,76,992.9
2027-01-04 08:00:00,-16.5,10.9,365.9,45,94,52,967.0
2027-01-04 09:00:00,-11.1,5.5,334.4,35,54,40,982.7
2027-01-04 10:00:00,-16.1,5.4,359.0,87,314,89,997.2
2027-01-04 11:00:00,-8.8,11.0,552.0,74,29,57,972.2
2027-01-04 12:00:00,-18.8,9.1,469.9,84,93,43,993.8
2027-01-04 13:00:00,-12.0,13.0,243.6,55,314,44,971.5
2027-01-04 14:00:00,-15.1,8.6,502.8,40,7,85,986.4
2027-01-04 15:00:00,-16.9,13.8,385.8,57,28,57,976.0
2027-01-04 16:00:00,-18.0,9.3,310.7,43,315,71,965.3
2027-01-04 17:00:00,-13.9,19.3,418.5,86,124,66,989.0
2027-01-04 18:00:00,-14.3,8.1,346.9,85,243,56,995.4
2027-01-04 19:00:00,-15.3,11.4,359.6,35,97,57,976.4
2027-01-04 20:00:00,-12.0,13.9,493.5,60,87,52,986.3
2027-01-04 21:00:00,-15.8,6.4,479.0,91,198,64,968.8
2027-01-04 22:00:00,-16.8,8.1,0.0,78,192,78,978.5
2027-01-04 23:00:00,-12.1,6.5,0.0,78,112,74,981.1
2027-01-05 00:00:00,-15.8,18.5,0.0,8,53,79,989.1
2027-01-05 01:00:00,-12.5,11.6,0.0,89,63,44,989.4
2027-01-05 02:00:00,-12.8,8.7,0.0,16,30,64,982.6
2027-01-05 03:00:00,-18.7,12.8,0.0,37,128,40,990.9
2027-01-05 04:00:00,-15.8,7.7,0.0,23,124,77,988.0
2027-01-05 05:00:00,-11.5,9.4,313.9,54,303,51,982.9
2027-01-05 06:00:00,-13.0,8.1,493.9,38,327,87,997.2
2027-01-05 07:00:00,-13.5,9.2,409.2,78,348,55,991.1
2027-01-05 08:00:00,-13.1,9.5,432.7,72,175,66,969.2
2027-01-05 09:00:00,-17.9,24.3,494.7,30,41,72,970.3
2027-01-05 10:00:00,-15.0,12.1,339.1,63,101,61,978.1
2027-01-05 11:00:00,-15.9,6.0,351.6,100,219,79,981.7
2027-01-05 12:00:00,-18.8,3.5,448.7,78,123,48,978.4
2027-01-05 13:00:00,-13.3,1.2,347.2,53,279,48,976.7
2027-01-05 14:00:00,-10.2,13.6,250.3,25,269,70,957.1
2027-01-05 15:00:00,-18.9,8.9,393.6,92,285,58,979.9
2027-01-05 16:00:00,-17.1,9.5,385.4,37,43,87,977.2
2027-01-05 17:00:00,-18.3,12.7,521.7,84,74,85,962.5
2027-01-05 18:00:00,-14.3,9.1,408.4,97,80,66,1003.3
2027-01-05 19:00:00,-10.0,16.3,418.7,90,76,64,989.1
2027-01-05 20:00:00,-13.7,3.2,357.5,3,14,48,979.8
2027-01-05 21:00:00,-13.0,18.8,429.0,53,87,69,983.4
2027-01-05 22:00:00,-15.6,10.2,0.0,21,7,73,974.0
2027-01-05 23:00:00,-11.9,9.8,0.0,35,192,46,975.5
2027-01-06 00:00:00,-17.7,11.2,0.0,81,73,46,962.4
2027-01-06 01:00:00,-12.5,15.9,0.0,5,311,62,969.6
2027-01-06 02:00:00,-10.8,5.3,0.0,45,55,63,978.2
2027-01-06 03:00:00,-16.4,21.2,0.0,66,125,70,987.0
2027-01-06 04:00:00,-16.8,12.0,0.0,80,9,87,975.8
2027-01-06 05:00:00,-16.5,9.3,462.2,0,26,70,979.2
2027-01-06 06:00:00,-13.9,8.5,452.0,57,130,47,974.7
2027-01-06 07:00:00,-10.0,3.9,431.5,30,40,88,987.8
2027-01-06 08:00:00,-13.8,9.9,530.1,28,62,77,984.2
2027-01-06 09:00:00,-13.9,17.2,333.9,18,215,80,970.5
2027-01-06 10:00:00,-17.5,11.7,311.0,36,30,59,985.3
2027-01-06 11:00:00,-10.3,11.3,352.9,53,198,74,951.6
2027-01-06 12:00:00,-12.0,13.0,393.5,78,147,84,983.6
2027-01-06 13:00:00,-18.0,18.1,151.2,11,29,61,981.9
2027-01-06 14:00:00,-14.9,13.8,395.5,29,278,47,984.1
2027-01-06 15:00:00,-19.2,15.7,486.4,32,232,52,988.4
2027-01-06 16:00:00,-18.8,12.1,559.7,1,163,43,983.3
2027-01-06 17:00:00,-11.4,15.1,465.3,90,223,62,973.4
2027-01-06 18:00:00,-11.9,12.6,300.8,77,45,74,983.3
2027-01-06 19:00:00,-14.3,20.0,391.3,54,56,44,990.0
2027-01-06 20:00:00,-16.3,13.9,362.9,46,92,40,972.7
2027-01-06 21:00:00,-12.0,19.0,291.6,8,171,55,993.8
2027-01-06 22:00:00,-12.8,16.3,0.0,52,110,85,968.8
2027-01-06 23:00:00,-18.5,9.4,0.0,36,197,43,969.1
2027-01-07 00:00:00,-13.7,11.1,0.0,24,159,45,993.7
2027-01-07 01:00:00,-6.8,14.1,0.0,20,202,60,988.7
2027-01-07 02:00:00,-17.9,6.6,0.0,65,336,53,977.5
2027-01-07 03:00:00,-11.9,13.2,0.0,34,197,47,979.1
2027-01-07 04:00:00,-18.9,16.1,0.0,39,241,40,986.2
2027-01-07 05:00:00,-12.9,9.3,401.1,24,223,87,984.7
2027-01-07 06:00:00,-15.8,15.9,262.5,71,2,71,987.1
2027-01-07 07:00:00,-12.6,14.3,285.4,23,272,63,970.3
2027-01-07 08:00:00,-12.4,13.3,433.0,70,78,76,979.7
2027-01-07 09:00:00,-19.6,12.2,281.4,52,117,69,988.2
2027-01-07 10:00:00,-11.5,14.9,452.6,65,310,49,973.0
2027-01-07 11:00:00,-12.5,9.6,590.3,84,181,40,983.0
2027-01-07 12:00:00,-10.4,12.5,465.9,71,141,76,1000.1
2027-01-07 13:00:00,-17.2,8.0,313.4,87,158,43,975.6
2027-01-07 14:00:00,-19.3,9.3,473.3,8,338,68,965.4
2027-01-07 15:00:00,-17.0,16.0,302.0,42,69,77,965.5
2027-01-07 16:00:00,-14.2,12.8,482.9,47,170,77,962.2
2027-01-07 17:00:00,-11.1,14.8,458.6,15,129,64,979.6
2027-01-07 18:00:00,-12.3,16.2,371.8,20,36,47,963.9
2027-01-07 19:00:00,-13.5,12.9,429.9,78,183,43,980.5
2027-01-07 20:00:00,-11.8,15.1,346.6,57,330,55,966.8
2027-01-07 21:00:00,-16.8,10.0,392.7,33,34,62,985.7
2027-01-07 22:00:00,-16.8,1.2,0.0,62,266,46,984.1
2027-01-07 23:00:00,-19.2,25.3,0.0,58,305,51,983.0
2027-01-08 00:00:00,-17.1,18.3,0.0,44,4,64,963.2
2027-01-08 01:00:00,-14.6,11.1,0.0,36,54,66,1005.9
2027-01-08 02:00:00,-23.0,7.5,0.0,5,285,82,1004.3
2027-01-08 03:00:00,-16.7,8.8,0.0,80,304,88,979.2
2027-01-08 04:00:00,-17.3,10.0,0.0,94,31,71,969.9
2027-01-08 05:00:00,-13.3,10.2,383.4,81,175,46,976.7
2027-01-08 06:00:00,-10.6,15.1,387.5,79,38,67,974.9
2027-01-08 07:00:00,-15.8,9.0,297.4,93,313,67,983.3
2027-01-08 08:00:00,-15.1,10.1,461.5,21,313,80,994.9
2027-01-08 09:00:00,-15.1,12.7,416.4,100,229,78,978.2
2027-01-08 10:00:00,-13.1,16.9,598.2,45,31,53,988.2
2027-01-08 11:00:00,-18.2,5.8,383.0,81,33,87,980.7
2027-01-08 12:00:00,-13.6,7.6,558.9,92,270,50,986.5
2027-01-08 13:00:00,-16.7,15.6,327.8,70,279,80,981.0
2027-01-08 14:00:00,-12.8,11.8,480.3,92,85,48,982.0
2027-01-08 15:00:00,-22.6,8.6,361.0,34,344,50,979.0
2027-01-08 16:00:00,-16.3,9.7,365.2,98,251,41,987.9
2027-01-08 17:00:00,-17.5,5.3,190.6,49,323,42,977.7
2027-01-08 18:00:00,-18.9,11.2,167.5,62,194,60,965.9
2027-01-08 19:00:00,-16.3,9.8,668.8,8,103,63,975.2
2027-01-08 20:00:00,-18.7,8.8,492.9,84,132,51,977.0
2027-01-08 21:00:00,-13.3,11.3,339.8,91,60,42,978.5
2027-01-08 22:00:00,-16.8,11.3,0.0,54,244,41,963.0
2027-01-08 23:00:00,-16.9,12.9,0.0,75,125,57,963.3
2027-01-09 00:00:00,-14.3,12.6,0.0,17,107,55,975.1
2027-01-09 01:00:00,-14.6,18.8,0.0,13,344,75,975.2
2027-01-09 02:00:00,-13.9,4.3,0.0,98,69,61,972.0
2027-01-09 03:00:00,-23.3,5.0,0.0,31,231,62,979.4
2027-01-09 04:00:00,-15.6,20.9,0.0,59,341,75,976.8
2027-01-09 05:00:00,-11.7,12.2,302.9,76,278,85,989.7
2027-01-09 06:00:00,-20.0,11.0,172.3,68,94,49,971.9
2027-01-09 07:00:00,-14.3,11.9,279.8,91,222,83,970.9
2027-01-09 08:00:00,-17.0,12.5,176.4,41,193,49,962.9
2027-01-09 09:00:00,-13.9,15.0,454.3,48,7,87,963.1
2027-01-09 10:00:00,-12.0,20.5,286.3,18,329,87,970.8
2027-01-09 11:00:00,-18.2,12.5,417.8,99,57,52,970.9
2027-01-09 12:00:00,-11.9,22.2,406.1,49,210,72,989.1
2027-01-09 13:00:00,-17.2,19.8,314.7,14,17,52,986.3
2027-01-09 14:00:00,-18.1,12.6,356.2,89,204,40,983.4
2027-01-09 15:00:00,-16.6,13.8,380.2,11,242,58,971.4
2027-01-09 16:00:00,-13.8,8.3,453.6,14,282,48,975.0
2027-01-09 17:00:00,-15.9,20.7,164.6,41,49,61,987.3
2027-01-09 18:00:00,-13.1,18.6,267.7,18,107,72,975.3
2027-01-09 19:00:00,-15.8,11.3,558.4,48,267,50,987.9
2027-01-09 20:00:00,-14.2,5.3,466.6,76,260,64,984.1
2027-01-09 21:00:00,-14.8,11.5,542.0,40,303,84,966.0
2027-01-09 22:00:00,-8.9,16.2,0.0,21,1,87,992.7
2027-01-09 23:00:00,-23.0,10.9,0.0,83,234,57,996.5
2027-01-10 00:00:00,-14.3,8.8,0.0,23,204,53,978.9
2027-01-10 01:00:00,-12.0,21.5,0.0,90,244,64,983.6
2027-01-10 02:00:00,-11.8,14.1,0.0,84,146,45,968.2
2027-01-10 03:00:00,-18.4,20.3,0.0,19,108,58,976.0
2027-01-10 04:00:00,-12.3,8.9,0.0,7,358,76,979.5
2027-01-10 05:00:00,-17.4,11.2,337.9,12,150,89,996.5
2027-01-10 06:00:00,-19.2,18.5,425.4,26,113,68,987.9
2027-01-10 07:00:00,-21.1,15.1,185.6,40,138,53,982.1
2027-01-10 08:00:00,-13.3,2.7,297.1,1,211,52,973.8
2027-01-10 09:00:00,-16.0,17.5,342.6,81,310,70,980.9
2027-01-10 10:00:00,-15.4,11.7,354.5,25,150,77,990.9
2027-01-10 11:00:00,-12.1,13.7,340.2,22,274,45,979.2
2027-01-10 12:00:00,-15.2,6.9,374.7,81,174,89,990.8
2027-01-10 13:00:00,-15.2,8.3,224.0,6,238,47,990.7
2027-01-10 14:00:00,-13.7,5.7,455.1,14,326,68,983.1
2027-01-10 15:00:00,-12.1,14.9,311.2,56,105,51,982.3
2027-01-10 16:00:00,-12.2,11.9,415.6,96,194,40,983.2
2027-01-10 17:00:00,-15.3,11.4,386.7,87,253,49,962.1
2027-01-10 18:00:00,-17.7,12.1,398.9,42,210,62,979.8
2027-01-10 19:00:00,-9.3,17.9,462.9,24,276,51,988.3
2027-01-10 20:00:00,-16.7,14.2,502.8,87,233,67,978.8
2027-01-10 21:00:00,-14.0,13.8,463.3,28,30,43,991.3
2027-01-10 22:00:00,-19.5,7.7,0.0,68,85,52,988.7
2027-01-10 23:00:00,-8.8,11.8,0.0,26,71,61,982.3
2027-01-11 00:00:00,-13.1,4.8,0.0,87,109,74,961.4
2027-01-11 01:00:00,-15.7,13.5,0.0,24,103,66,978.9
2027-01-11 02:00:00,-12.3,0.0,0.0,84,238,60,987.3
2027-01-11 03:00:00,-14.6,23.5,0.0,94,290,65,984.7
2027-01-11 04:00:00,-19.1,2.0,0.0,68,198,75,987.9
2027-01-11 05:00:00,-10.7,16.6,382.7,8,203,74,987.5
2027-01-11 06:00:00,-16.2,14.0,263.2,45,336,62,975.6
2027-01-11 07:00:00,-20.9,14.2,306.4,93,190,47,980.7
2027-01-11 08:00:00,-17.8,11.3,362.2,44,78,49,998.2
2027-01-11 09:00:00,-14.5,18.5,403.0,39,300,45,977.6
2027-01-11 10:00:00,-20.0,13.9,468.3,86,246,54,986.3
2027-01-11 11:00:00,-13.0,6.4,319.9,79,48,83,980.3
2027-01-11 12:00:00,-20.3,16.1,421.8,57,82,74,978.2
2027-01-11 13:00:00,-19.4,13.2,428.1,83,19,46,984.8
2027-01-11 14:00:00,-16.2,16.4,318.2,23,189,43,1002.5
2027-01-11 15:00:00,-10.0,12.5,404.3,57,165,53,969.4
2027-01-11 16:00:00,-8.4,6.1,408.4,50,115,74,978.7
2027-01-11 17:00:00,-15.8,12.3,508.3,73,37,88,984.3
2027-01-11 18:00:00,-19.4,20.9,477.9,61,238,84,988.7
2027-01-11 19:00:00,-16.4,11.5,390.5,78,20,68,976.0
2027-01-11 20:00:00,-12.5,6.7,424.5,0,147,82,976.9
2027-01-11 21:00:00,-7.1,6.4,608.0,53,25,46,979.1
2027-01-11 22:00:00,-17.7,9.0,0.0,89,212,60,977.7
2027-01-11 23:00:00,-15.4,6.8,0.0,62,122,49,979.4
2027-01-12 00:00:00,-13.1,5.9,0.0,30,132,70,992.4
2027-01-12 01:00:00,-15.1,10.0,0.0,24,176,63,971.4
2027-01-12 02:00:00,-10.9,9.4,0.0,79,174,45,979.3
2027-01-12 03:00:00,-18.0,12.8,0.0,60,329,87,966.7
2027-01-12 04:00:00,-13.2,6.4,0.0,38,165,66,999.8
2027-01-12 05:00:00,-13.6,9.8,375.9,56,290,47,963.1
2027-01-12 06:00:00,-18.8,13.3,515.8,29,315,72,975.1
2027-01-12 07:00:00,-12.9,11.6,390.4,65,323,57,978.5
2027-01-12 08:00:00,-20.3,16.5,295.2,29,295,70,975.6
2027-01-12 09:00:00,-14.4,13.7,400.8,6,64,41,987.9
2027-01-12 10:00:00,-9.8,8.2,543.5,80,359,68,975.7
2027-01-12 11:00:00,-15.9,12.6,421.5,37,15,50,965.1
2027-01-12 12:00:00,-14.7,17.4,378.0,52,347,70,995.2
2027-01-12 13:00:00,-18.3,10.6,374.0,35,250,78,988.5
2027-01-12 14:00:00,-12.4,16.8,340.5,5,355,68,969.3
2027-01-12 15:00:00,-19.2,16.2,445.2,19,65,70,981.4
2027-01-12 16:00:00,-14.4,12.9,384.9,27,82,57,977.3
2027-01-12 17:00:00,-14.3,14.8,302.2,35,157,54,984.8
2027-01-12 18:00:00,-12.1,16.5,409.7,86,47,82,970.3
2027-01-12 19:00:00,-20.6,14.6,453.5,23,259,70,997.6
2027-01-12 20:00:00,-12.2,9.6,287.0,2,324,55,978.0
2027-01-12 21:00:00,-13.6,12.1,269.2,25,266,67,973.5
2027-01-12 22:00:00,-18.6,19.1,0.0,16,267,58,977.2
2027-01-12 23:00:00,-15.9,10.2,0.0,100,257,82,976.2
2027-01-13 00:00:00,-15.4,10.8,0.0,38,154,77,993.8
2027-01-13 01:00:00,-16.3,14.2,0.0,7,149,68,960.2
2027-01-13 02:00:00,-14.7,5.4,0.0,76,256,81,988.0
2027-01-13 03:00:00,-18.9,13.6,0.0,75,95,48,968.1
2027-01-13 04:00:00,-10.4,14.5,0.0,0,242,40,989.8
2027-01-13 05:00:00,-16.7,18.5,339.0,70,293,75,971.2
2027-01-13 06:00:00,-10.4,14.2,473.2,43,144,73,977.0
2027-01-13 07:00:00,-14.0,17.3,384.6,56,47,43,990.8
2027-01-13 08:00:00,-12.9,3.1,366.6,14,196,89,985.8
2027-01-13 09:00:00,-10.0,3.0,455.0,5,37,45,978.8
2027-01-13 10:00:00,-12.0,18.8,370.2,61,41,65,978.2
2027-01-13 11:00:00,-7.9,4.3,346.0,1,191,72,982.1
2027-01-13 12:00:00,-15.8,15.4,506.5,69,45,80,993.0
2027-01-13 13:00:00,-14.3,9.0,450.7,36,222,89,989.8
2027-01-13 14:00:00,-17.6,7.2,401.7,24,126,61,980.5
2027-01-13 15:00:00,-16.6,11.2,349.6,16,31,45,981.1
2027-01-13 16:00:00,-14.4,17.6,355.6,98,144,46,968.1
2027-01-13 17:00:00,-15.8,19.7,256.2,15,265,57,987.8
2027-01-13 18:00:00,-14.1,18.2,328.5,59,260,64,990.4
2027-01-13 19:00:00,-13.7,15.3,340.9,100,48,78,989.8
2027-01-13 20:00:00,-19.1,13.7,466.2,90,287,67,970.4
2027-01-13 21:00:00,-14.2,18.6,212.9,84,125,60,973.5
2027-01-13 22:00:00,-13.3,20.1,0.0,60,41,46,983.6
2027-01-13 23:00:00,-14.7,6.2,0.0,8,113,85,984.4
2027-01-14 00:00:00,-17.8,15.3,0.0,39,321,72,982.7
2027-01-14 01:00:00,-11.6,20.8,0.0,52,118,52,986.8
2027-01-14 02:00:00,-15.2,12.2,0.0,12,186,48,991.8
2027-01-14 03:00:00,-13.0,8.8,0.0,1,333,43,999.6
2027-01-14 04:00:00,-13.5,11.1,0.0,51,140,71,979.6
2027-01-14 05:00:00,-12.8,17.5,279.9,98,90,82,967.9
2027-01-14 06:00:00,-15.7,9.7,566.1,93,105,81,989.6
2027-01-14 07:00:00,-9.8,16.3,378.6,64,5,51,983.0
2027-01-14 08:00:00,-13.8,3.7,235.0,29,5,62,985.5
2027-01-14 09:00:00,-16.2,9.1,223.3,69,88,59,972.2
2027-01-14 10:00:00,-17.4,12.5,325.7,48,203,65,987.1
2027-01-14 11:00:00,-13.7,12.0,233.2,7,42,46,969.0
2027-01-14 12:00:00,-13.6,11.8,318.0,23,115,77,991.2
2027-01-14 13:00:00,-16.1,14.9,255.5,69,321,48,964.8
2027-01-14 14:00:00,-16.9,20.0,267.6,78,174,79,981.0
2027-01-14 15:00:00,-9.2,14.1,358.2,76,307,57,984.5
2027-01-14 16:00:00,-18.5,5.5,295.5,8,210,53,978.0
2027-01-14 17:00:00,-13.2,10.5,603.0,49,194,86,976.5
2027-01-14 18:00:00,-17.5,12.7,289.7,75,91,65,993.2
2027-01-14 19:00:00,-15.0,15.2,400.0,17,56,87,977.4
2027-01-14 20:00:00,-16.5,19.9,470.1,60,106,63,970.1
2027-01-14 21:00:00,-11.7,4.6,371.3,28,297,55,976.8
2027-01-14 22:00:00,-14.8,11.7,0.0,46,359,49,951.8
2027-01-14 23:00:00,-19.3,8.2,0.0,85,334,61,978.6
2027-01-15 00:00:00,-15.4,19.3,0.0,84,51,65,979.1
2027-01-15 01:00:00,-9.3,9.2,0.0,62,151,74,991.4
2027-01-15 02:00:00,-13.6,12.3,0.0,5,176,42,976.8
2027-01-15 03:00:00,-16.2,14.4,0.0,90,15,81,978.3
2027-01-15 04:00:00,-14.8,8.4,0.0,33,193,63,967.2
2027-01-15 05:00:00,-15.8,13.8,352.2,95,205,45,980.8
2027-01-15 06:00:00,-19.0,15.8,212.8,17,138,56,999.4
2027-01-15 07:00:00,-14.5,16.7,392.7,15,136,67,983.7
2027-01-15 08:00:00,-14.4,18.0,515.5,96,298,77,984.9
2027-01-15 09:00:00,-14.5,11.3,470.7,48,331,77,981.6
2027-01-15 10:00:00,-14.9,1.2,412.5,88,8,50,980.2
2027-01-15 11:00:00,-15.7,6.8,344.4,16,147,63,977.8
2027-01-15 12:00:00,-19.1,13.5,466.3,77,123,74,989.7
2027-01-15 13:00:00,-12.4,18.0,308.9,69,272,61,982.8
2027-01-15 14:00:00,-11.1,0.0,392.9,48,282,50,985.2
2027-01-15 15:00:00,-16.7,22.3,340.2,63,282,80,981.7
2027-01-15 16:00:00,-13.0,11.7,535.0,0,302,80,992.2
2027-01-15 17:00:00,-14.8,11.4,388.9,93,355,75,973.9
2027-01-15 18:00:00,-14.2,3.7,392.9,60,223,58,971.0
2027-01-15 19:00:00,-13.7,21.0,282.4,87,68,47,1005.6
2027-01-15 20:00:00,-14.4,2.2,308.5,14,275,75,983.5
2027-01-15 21:00:00,-9.4,19.0,275.2,2,170,74,986.6
2027-01-15 22:00:00,-19.0,11.4,0.0,29,214,65,959.0
2027-01-15 23:00:00,-9.8,13.6,0.0,53,193,40,997.1
2027-01-16 00:00:00,-10.7,15.1,0.0,3,142,74,981.0
2027-01-16 01:00:00,-15.7,15.6,0.0,21,45,52,976.0
2027-01-16 02:00:00,-13.4,14.6,0.0,90,171,77,988.3
2027-01-16 03:00:00,-11.4,8.0,0.0,94,298,61,974.8
2027-01-16 04:00:00,-12.1,12.1,0.0,24,156,88,958.2
2027-01-16 05:00:00,-14.4,10.5,394.8,80,164,89,974.2
2027-01-16 06:00:00,-12.2,15.6,403.7,66,83,49,982.0
2027-01-16 07:00:00,-16.1,9.3,355.6,66,233,49,969.0
2027-01-16 08:00:00,-14.8,17.2,304.4,96,207,80,979.0
2027-01-16 09:00:00,-17.3,5.0,289.0,6,318,50,994.7
2027-01-16 10:00:00,-10.5,11.3,315.6,25,32,40,986.1
2027-01-16 11:00:00,-14.8,10.7,325.3,60,233,66,968.6
2027-01-16 12:00:00,-16.4,14.4,678.7,94,185,87,991.5
2027-01-16 13:00:00,-14.4,13.7,454.6,97,5,83,978.0
2027-01-16 14:00:00,-9.7,15.1,616.5,87,291,81,976.1
2027-01-16 15:00:00,-12.8,10.6,340.0,71,342,49,967.8
2027-01-16 16:00:00,-16.4,19.3,324.3,28,294,81,983.2
2027-01-16 17:00:00,-12.3,16.5,329.4,75,133,61,985.1
2027-01-16 18:00:00,-17.4,12.8,378.9,24,159,80,988.2
2027-01-16 19:00:00,-15.6,21.0,277.9,18,136,59,975.3
2027-01-16 20:00:00,-17.5,12.2,428.9,61,162,76,961.9
2027-01-16 21:00:00,-11.6,13.6,363.0,62,336,48,962.7
2027-01-16 22:00:00,-17.7,14.2,0.0,70,20,42,970.1
2027-01-16 23:00:00,-13.8,1.3,0.0,63,103,57,967.5
2027-01-17 00:00:00,-10.7,11.9,0.0,80,296,45,988.1
2027-01-17 01:00:00,-11.7,11.7,0.0,73,313,76,982.7
2027-01-17 02:00:00,-14.3,7.5,0.0,67,200,85,977.5
2027-01-17 03:00:00,-14.7,9.0,0.0,64,188,61,982.4
2027-01-17 04:00:00,-14.5,13.0,0.0,86,185,79,988.6
2027-01-17 05:00:00,-18.7,10.7,313.5,37,112,56,974.9
2027-01-17 06:00:00,-12.7,12.4,312.5,22,325,86,973.1
2027-01-17 07:00:00,-23.0,9.1,381.6,65,89,77,973.6
2027-01-17 08:00:00,-18.1,23.2,247.3,40,163,40,999.7
2027-01-17 09:00:00,-14.6,13.1,345.5,86,57,67,985.4
2027-01-17 10:00:00,-6.1,14.6,329.2,72,132,77,990.3
2027-01-17 11:00:00,-14.5,3.0,479.8,87,105,47,987.4
2027-01-17 12:00:00,-8.7,6.7,422.1,26,224,74,982.6
2027-01-17 13:00:00,-15.4,18.7,371.2,22,326,42,994.3
2027-01-17 14:00:00,-14.3,8.5,414.2,55,7,58,976.1
2027-01-17 15:00:00,-19.1,6.2,527.5,35,155,40,981.9
2027-01-17 16:00:00,-12.0,18.0,457.0,6,336,54,977.1
2027-01-17 17:00:00,-15.1,8.7,589.1,7,169,53,963.3
2027-01-17 18:00:00,-8.2,6.3,307.1,44,44,62,991.2
2027-01-17 19:00:00,-15.0,6.3,285.3,38,107,76,976.2
2027-01-17 20:00:00,-15.2,15.6,332.4,63,308,45,987.8
2027-01-17 21:00:00,-14.2,17.0,332.2,91,254,59,982.4
2027-01-17 22:00:00,-15.0,13.9,0.0,95,272,48,978.9
2027-01-17 23:00:00,-16.0,11.6,0.0,43,231,58,983.4
2027-01-18 00:00:00,-17.6,15.1,0.0,80,17,61,971.5
2027-01-18 01:00:00,-14.9,16.0,0.0,36,317,79,992.0
2027-01-18 02:00:00,-19.6,12.6,0.0,25,262,89,993.5
2027-01-18 03:00:00,-15.7,16.5,0.0,17,299,82,984.7
2027-01-18 04:00:00,-13.3,15.7,0.0,67,163,78,987.9
2027-01-18 05:00:00,-17.9,5.6,506.6,39,47,81,978.5
2027-01-18 06:00:00,-14.6,7.9,327.6,32,303,62,984.6
2027-01-18 07:00:00,-18.4,9.5,248.1,81,136,67,972.2
2027-01-18 08:00:00,-13.7,9.8,334.6,50,259,85,981.2
2027-01-18 09:00:00,-13.6,12.4,411.5,82,3,63,976.9
2027-01-18 10:00:00,-15.5,9.2,589.3,71,203,73,983.6
2027-01-18 11:00:00,-15.7,11.7,294.5,88,136,80,995.1
2027-01-18 12:00:00,-15.6,9.8,486.2,9,161,61,976.3
2027-01-18 13:00:00,-17.3,7.1,280.4,29,116,56,981.2
2027-01-18 14:00:00,-15.0,12.3,447.3,38,334,57,966.4
2027-01-18 15:00:00,-17.5,14.7,357.1,29,242,76,966.9
2027-01-18 16:00:00,-10.1,12.1,528.4,10,101,53,966.3
2027-01-18 17:00:00,-16.7,14.1,280.1,56,196,65,982.1
2027-01-18 18:00:00,-16.3,13.3,318.3,20,247,84,963.8
2027-01-18 19:00:00,-10.9,7.7,244.0,77,219,73,977.0
2027-01-18 20:00:00,-15.4,4.0,463.3,56,246,40,987.9
2027-01-18 21:00:00,-21.9,8.0,401.4,49,270,44,974.8
2027-01-18 22:00:00,-13.4,15.1,0.0,1,190,62,986.0
2027-01-18 23:00:00,-20.8,6.5,0.0,60,8,41,965.2
2027-01-19 00:00:00,-11.6,11.7,0.0,0,248,86,980.2
2027-01-19 01:00:00,-12.6,9.8,0.0,78,283,80,990.5
2027-01-19 02:00:00,-9.2,6.9,0.0,16,328,75,993.8
2027-01-19 03:00:00,-10.9,12.3,0.0,100,170,53,969.3
2027-01-19 04:00:00,-13.2,3.4,0.0,6,224,70,981.9
2027-01-19 05:00:00,-18.5,10.6,290.9,22,105,62,983.3
2027-01-19 06:00:00,-11.5,2.4,364.6,86,66,81,994.0
2027-01-19 07:00:00,-10.4,11.4,356.2,29,248,57,995.3
2027-01-19 08:00:00,-11.6,16.1,526.6,68,97,49,990.7
2027-01-19 09:00:00,-15.2,19.7,387.7,47,275,62,983.6
2027-01-19 10:00:00,-15.0,2.2,454.4,15,345,45,970.1
2027-01-19 11:00:00,-15.1,8.4,336.0,9,185,87,976.5
2027-01-19 12:00:00,-12.9,21.4,397.9,23,93,53,970.5
2027-01-19 13:00:00,-15.8,5.1,537.8,34,132,56,971.8
2027-01-19 14:00:00,-19.8,10.3,375.5,59,61,74,963.1
2027-01-19 15:00:00,-13.9,7.9,307.1,90,293,74,975.7
2027-01-19 16:00:00,-15.6,6.5,297.0,71,34,68,962.9
2027-01-19 17:00:00,-14.0,20.3,346.1,11,209,82,973.7
2027-01-19 18:00:00,-20.6,14.0,350.1,4,187,82,985.1
2027-01-19 19:00:00,-15.4,16.3,313.5,60,222,77,997.6
2027-01-19 20:00:00,-17.7,12.9,370.0,82,358,41,984.3
2027-01-19 21:00:00,-15.0,9.2,439.3,21,309,78,991.7
2027-01-19 22:00:00,-19.3,17.0,0.0,19,297,72,1004.8
2027-01-19 23:00:00,-10.1,10.0,0.0,76,100,62,992.1
2027-01-20 00:00:00,-13.7,14.4,0.0,84,327,67,984.4
2027-01-20 01:00:00,-16.7,14.3,0.0,87,316,57,986.4
2027-01-20 02:00:00,-12.0,7.8,0.0,68,216,73,973.6
2027-01-20 03:00:00,-17.2,3.2,0.0,15,140,43,982.6
2027-01-20 04:00:00,-15.2,13.7,0.0,46,302,73,989.2
2027-01-20 05:00:00,-16.7,28.2,517.0,70,274,84,966.6
2027-01-20 06:00:00,-16.4,14.2,487.1,94,94,83,978.0
2027-01-20 07:00:00,-16.7,6.6,621.7,70,330,82,993.6
2027-01-20 08:00:00,-12.9,8.0,330.3,63,10,71,984.3
2027-01-20 09:00:00,-13.0,7.0,306.4,25,294,55,1000.3
2027-01-20 10:00:00,-17.7,13.7,547.1,57,126,44,988.8
2027-01-20 11:00:00,-14.6,5.7,399.5,67,4,78,970.2
2027-01-20 12:00:00,-14.9,19.1,601.3,61,76,42,984.9
2027-01-20 13:00:00,-21.1,6.4,218.2,65,44,74,985.6
2027-01-20 14:00:00,-13.4,18.0,294.6,80,150,70,981.4
2027-01-20 15:00:00,-18.2,10.8,267.2,50,191,63,969.8
2027-01-20 16:00:00,-15.3,14.9,314.8,95,232,61,955.3
2027-01-20 17:00:00,-14.9,12.4,437.3,30,219,67,985.4
2027-01-20 18:00:00,-11.7,23.8,471.7,81,325,43,982.4
2027-01-20 19:00:00,-18.8,11.9,492.1,74,20,47,988.1
2027-01-20 20:00:00,-14.1,2.6,381.2,97,258,51,985.5
2027-01-20 21:00:00,-15.1,6.5,357.9,72,131,86,985.3
2027-01-20 22:00:00,-14.5,8.5,0.0,78,83,86,973.9
2027-01-20 23:00:00,-15.8,12.3,0.0,89,159,85,977.8
2027-01-21 00:00:00,-20.4,9.7,0.0,2,35,52,981.3
2027-01-21 01:00:00,-17.7,5.2,0.0,38,275,66,978.0
2027-01-21 02:00:00,-16.4,8.8,0.0,11,187,42,976.5
2027-01-21 03:00:00,-13.4,13.4,0.0,94,2,42,993.3
2027-01-21 04:00:00,-15.5,23.0,0.0,73,96,65,975.6
2027-01-21 05:00:00,-15.2,8.9,270.7,50,195,80,1002.5
2027-01-21 06:00:00,-20.9,3.6,411.7,90,165,56,970.4
2027-01-21 07:00:00,-12.8,13.4,340.4,11,104,48,991.9
2027-01-21 08:00:00,-15.5,13.3,520.1,47,167,53,964.4
2027-01-21 09:00:00,-19.5,10.0,449.9,12,26,85,979.7
2027-01-21 10:00:00,-15.1,23.2,426.1,37,206,73,989.6
2027-01-21 11:00:00,-16.8,11.6,298.7,21,129,65,982.8
2027-01-21 12:00:00,-15.4,10.6,489.6,79,53,55,976.3
2027-01-21 13:00:00,-15.1,12.2,366.2,16,3,87,974.8
2027-01-21 14:00:00,-16.3,13.2,467.3,84,184,85,986.4
2027-01-21 15:00:00,-11.4,3.5,243.1,90,212,41,979.3
2027-01-21 16:00:00,-11.7,11.5,482.9,82,25,59,976.6
2027-01-21 17:00:00,-16.9,10.6,409.9,44,311,53,988.7
2027-01-21 18:00:00,-15.0,19.8,342.8,68,31,44,992.4
2027-01-21 19:00:00,-14.7,11.8,223.9,95,164,65,977.6
2027-01-21 20:00:00,-12.2,5.9,367.5,90,218,68,985.4
2027-01-21 21:00:00,-19.2,11.7,358.1,31,285,83,972.4
2027-01-21 22:00:00,-12.3,16.1,0.0,76,88,51,981.7
2027-01-21 23:00:00,-13.9,7.9,0.0,14,195,67,983.9
2027-01-22 00:00:00,-13.3,18.6,0.0,75,39,48,978.1
2027-01-22 01:00:00,-18.2,19.6,0.0,5,182,51,991.7
2027-01-22 02:00:00,-16.6,4.0,0.0,34,313,88,979.8
2027-01-22 03:00:00,-21.1,6.8,0.0,82,13,80,988.8
2027-01-22 04:00:00,-17.0,12.3,0.0,81,337,54,970.8
2027-01-22 05:00:00,-11.6,16.5,436.4,43,1,49,967.7
2027-01-22 06:00:00,-12.2,6.0,395.3,15,33,66,980.8
2027-01-22 07:00:00,-14.3,13.7,467.3,23,252,44,969.4
2027-01-22 08:00:00,-10.2,7.4,532.3,78,127,84,984.3
2027-01-22 09:00:00,-15.5,10.3,240.0,92,101,88,973.3
2027-01-22 10:00:00,-13.3,15.9,167.1,61,48,47,973.6
2027-01-22 11:00:00,-11.0,13.5,206.0,38,97,72,991.2
2027-01-22 12:00:00,-19.8,21.6,383.0,87,255,80,981.2
2027-01-22 13:00:00,-17.2,0.0,303.6,89,17,72,981.7
2027-01-22 14:00:00,-15.1,4.6,435.4,72,179,77,972.6
2027-01-22 15:00:00,-10.3,15.4,427.1,4,347,81,973.0
2027-01-22 16:00:00,-18.0,16.4,374.9,45,118,60,978.0
2027-01-22 17:00:00,-9.5,10.3,462.5,50,63,69,981.8
2027-01-22 18:00:00,-16.5,12.5,460.8,28,306,52,973.8
2027-01-22 19:00:00,-13.9,14.9,544.9,3,5,66,979.7
2027-01-22 20:00:00,-14.8,11.5,210.3,37,97,51,981.2
2027-01-22 21:00:00,-13.9,6.4,251.5,100,130,40,994.0
2027-01-22 22:00:00,-16.5,7.7,0.0,17,217,88,983.9
2027-01-22 23:00:00,-17.9,4.2,0.0,31,293,63,986.1
2027-01-23 00:00:00,-11.8,13.7,0.0,40,277,70,981.8
2027-01-23 01:00:00,-14.3,12.1,0.0,82,41,71,968.9
2027-01-23 02:00:00,-15.6,4.9,0.0,65,146,80,991.3
2027-01-23 03:00:00,-18.7,13.8,0.0,77,347,52,982.5
2027-01-23 04:00:00,-12.9,17.2,0.0,15,352,88,968.0
2027-01-23 05:00:00,-27.8,5.4,435.8,37,195,44,979.5
2027-01-23 06:00:00,-16.1,19.1,461.4,36,159,77,961.6
2027-01-23 07:00:00,-21.2,16.4,408.4,43,65,48,976.8
2027-01-23 08:00:00,-16.9,14.6,327.4,100,325,72,1002.1
2027-01-23 09:00:00,-17.6,9.5,332.9,56,171,54,952.3
2027-01-23 10:00:00,-14.4,3.9,434.2,44,5,83,965.8
2027-01-23 11:00:00,-12.3,8.3,355.0,18,339,82,986.6
2027-01-23 12:00:00,-14.4,20.5,387.9,95,19,86,976.3
2027-01-23 13:00:00,-19.5,10.6,493.1,86,222,62,979.8
2027-01-23 14:00:00,-12.5,20.6,375.5,4,159,40,973.6
2027-01-23 15:00:00,-18.7,16.1,387.2,9,154,74,992.2
2027-01-23 16:00:00,-18.9,7.7,427.6,18,182,71,977.2
2027-01-23 17:00:00,-15.6,3.8,332.0,21,343,71,992.7
2027-01-23 18:00:00,-10.8,4.8,272.3,16,236,70,970.9
2027-01-23 19:00:00,-14.5,15.8,404.3,88,206,75,979.0
2027-01-23 20:00:00,-7.5,12.8,322.7,23,121,51,965.4
2027-01-23 21:00:00,-17.8,13.8,511.3,11,295,88,1000.7
2027-01-23 22:00:00,-15.7,15.9,0.0,68,330,76,982.7
2027-01-23 23:00:00,-17.2,11.7,0.0,96,71,86,987.1
2027-01-24 00:00:00,-15.1,10.1,0.0,81,133,60,976.3
2027-01-24 01:00:00,-11.7,15.3,0.0,19,20,71,976.7
2027-01-24 02:00:00,-17.3,10.8,0.0,1,151,71,989.4
2027-01-24 03:00:00,-13.4,18.7,0.0,23,273,73,982.3
2027-01-24 04:00:00,-14.8,5.1,0.0,18,77,77,975.6
2027-01-24 05:00:00,-15.1,10.9,460.8,52,3,42,974.9
2027-01-24 06:00:00,-20.5,14.4,317.9,21,94,44,971.6
2027-01-24 07:00:00,-13.8,15.2,442.6,21,23,73,973.8
2027-01-24 08:00:00,-13.4,5.5,415.4,73,78,69,970.3
2027-01-24 09:00:00,-16.8,12.6,340.5,43,298,85,969.4
2027-01-24 10:00:00,-13.8,10.6,515.4,73,139,55,977.4
2027-01-24 11:00:00,-19.5,5.6,432.1,26,145,61,972.9
2027-01-24 12:00:00,-13.4,10.3,221.4,37,11,68,971.5
2027-01-24 13:00:00,-13.8,17.3,473.6,58,131,86,963.2
2027-01-24 14:00:00,-15.4,12.8,372.1,2,165,65,989.1
2027-01-24 15:00:00,-17.1,10.6,396.6,97,22,75,982.0
2027-01-24 16:00:00,-15.6,9.0,432.6,53,104,68,991.4
2027-01-24 17:00:00,-12.1,13.4,403.1,60,64,52,983.0
2027-01-24 18:00:00,-10.4,15.9,379.8,93,195,73,987.9
2027-01-24 19:00:00,-12.5,7.5,432.9,44,100,78,971.4
2027-01-24 20:00:00,-20.0,0.7,333.1,83,45,87,972.6
2027-01-24 21:00:00,-22.6,4.2,492.2,46,19,56,977.2
2027-01-24 22:00:00,-14.4,10.3,0.0,15,163,75,996.3
2027-01-24 23:00:00,-15.4,15.7,0.0,2,111,56,978.5
2027-01-25 00:00:00,-8.7,17.5,0.0,27,164,72,979.9
2027-01-25 01:00:00,-11.9,6.5,0.0,27,120,53,977.5
2027-01-25 02:00:00,-11.7,21.1,0.0,84,73,69,984.7
2027-01-25 03:00:00,-13.9,15.6,0.0,64,205,42,997.7
2027-01-25 04:00:00,-17.6,10.0,0.0,12,162,81,965.6
2027-01-25 05:00:00,-15.8,16.1,287.2,79,209,57,969.0
2027-01-25 06:00:00,-16.9,8.5,481.3,18,42,56,981.3
2027-01-25 07:00:00,-17.9,1.8,200.6,71,146,41,990.4
2027-01-25 08:00:00,-19.6,12.4,511.1,76,334,61,966.3
2027-01-25 09:00:00,-19.8,16.4,432.8,21,299,50,970.7
2027-01-25 10:00:00,-15.1,9.7,402.0,81,291,74,999.9
2027-01-25 11:00:00,-23.4,14.6,336.2,44,58,40,967.3
2027-01-25 12:00:00,-13.8,7.9,422.5,77,70,75,980.5
2027-01-25 13:00:00,-14.3,22.3,521.9,100,64,80,997.5
2027-01-25 14:00:00,-15.7,6.4,426.8,7,61,78,988.9
2027-01-25 15:00:00,-18.1,8.0,465.0,14,78,86,974.7
2027-01-25 16:00:00,-20.2,10.4,259.6,11,115,69,984.0
2027-01-25 17:00:00,-20.8,14.2,320.0,47,356,84,972.2
2027-01-25 18:00:00,-22.0,17.6,597.6,40,166,63,986.7
2027-01-25 19:00:00,-11.7,11.7,434.1,40,205,86,973.1
2027-01-25 20:00:00,-11.6,10.6,647.3,39,254,79,981.1
2027-01-25 21:00:00,-14.4,8.5,464.5,59,232,78,964.4
2027-01-25 22:00:00,-9.0,15.3,0.0,39,358,63,973.7
2027-01-25 23:00:00,-7.3,16.1,0.0,99,69,71,979.7
2027-01-26 00:00:00,-11.8,13.4,0.0,22,314,48,973.3
2027-01-26 01:00:00,-13.0,2.2,0.0,5,18,49,973.1
2027-01-26 02:00:00,-12.8,8.2,0.0,49,151,86,975.6
2027-01-26 03:00:00,-8.6,24.0,0.0,17,278,64,969.6
2027-01-26 04:00:00,-12.7,12.0,0.0,66,161,42,983.1
2027-01-26 05:00:00,-17.9,14.5,388.4,36,57,87,961.4
2027-01-26 06:00:00,-19.6,15.5,477.4,69,290,40,967.1
2027-01-26 07:00:00,-16.3,18.6,396.1,5,277,43,973.4
2027-01-26 08:00:00,-12.2,3.9,343.6,12,270,72,975.3
2027-01-26 09:00:00,-15.2,8.7,381.6,94,296,52,983.8
2027-01-26 10:00:00,-18.4,6.5,383.7,92,267,44,971.3
2027-01-26 11:00:00,-16.0,3.8,478.1,63,226,75,955.0
2027-01-26 12:00:00,-11.9,14.6,461.7,44,80,40,998.4
2027-01-26 13:00:00,-13.5,1.9,248.3,35,126,52,971.9
2027-01-26 14:00:00,-16.4,18.1,298.7,46,232,57,988.2
2027-01-26 15:00:00,-15.5,10.4,265.8,36,197,50,963.9
2027-01-26 16:00:00,-18.2,17.7,310.1,64,129,70,974.8
2027-01-26 17:00:00,-16.3,13.3,525.2,83,177,57,977.3
2027-01-26 18:00:00,-18.6,17.7,399.3,71,110,83,977.2
2027-01-26 19:00:00,-14.9,13.1,452.7,30,273,76,986.5
2027-01-26 20:00:00,-15.8,18.5,342.2,57,331,69,979.8
2027-01-26 21:00:00,-16.8,6.9,406.3,57,126,74,979.5
2027-01-26 22:00:00,-16.5,5.8,0.0,67,194,69,980.0
2027-01-26 23:00:00,-15.9,15.1,0.0,6,304,67,978.0
2027-01-27 00:00:00,-20.1,14.9,0.0,59,260,61,984.5
2027-01-27 01:00:00,-16.0,14.0,0.0,3,104,54,962.3
2027-01-27 02:00:00,-20.5,12.9,0.0,54,195,86,974.8
2027-01-27 03:00:00,-15.9,15.4,0.0,88,186,69,974.0
2027-01-27 04:00:00,-13.7,4.0,0.0,38,149,58,986.4
2027-01-27 05:00:00,-12.0,3.7,341.7,85,5,40,976.3
2027-01-27 06:00:00,-19.3,7.9,375.4,68,99,85,994.4
2027-01-27 07:00:00,-20.2,0.8,200.6,99,282,65,987.3
2027-01-27 08:00:00,-20.2,12.3,220.4,63,261,63,977.8
2027-01-27 09:00:00,-15.5,14.8,420.2,74,8,70,964.8
2027-01-27 10:00:00,-16.1,6.9,454.0,55,99,74,985.9
2027-01-27 11:00:00,-13.1,7.5,425.5,3,254,57,980.1
2027-01-27 12:00:00,-12.0,9.9,404.9,65,305,89,964.4
2027-01-27 13:00:00,-17.6,7.6,364.5,13,332,65,968.5
2027-01-27 14:00:00,-15.9,12.8,325.3,44,73,65,991.5
2027-01-27 15:00:00,-18.9,8.8,422.1,9,302,84,964.1
2027-01-27 16:00:00,-17.4,7.8,543.6,11,23,55,980.2
2027-01-27 17:00:00,-15.9,16.1,316.3,35,50,79,1003.1
2027-01-27 18:00:00,-11.7,13.5,368.0,26,57,45,976.0
2027-01-27 19:00:00,-21.1,5.8,412.3,28,301,46,985.3
2027-01-27 20:00:00,-20.6,22.9,476.8,100,173,83,972.9
2027-01-27 21:00:00,-22.3,9.0,412.6,20,321,56,984.1
2027-01-27 22:00:00,-16.0,3.8,0.0,92,333,87,967.8
2027-01-27 23:00:00,-14.0,8.8,0.0,6,127,74,995.7
2027-01-28 00:00:00,-13.3,13.5,0.0,16,3,64,987.1
2027-01-28 01:00:00,-17.7,6.9,0.0,27,216,69,980.7
2027-01-28 02:00:00,-14.7,23.0,0.0,5,220,65,983.6
2027-01-28 03:00:00,-9.0,22.8,0.0,90,256,80,966.7
2027-01-28 04:00:00,-10.8,14.2,0.0,60,29,66,1011.5
2027-01-28 05:00:00,-16.0,18.7,440.8,82,95,64,973.5
2027-01-28 06:00:00,-9.8,13.2,493.8,14,162,51,976.7
2027-01-28 07:00:00,-18.8,12.3,335.5,35,264,87,967.6
2027-01-28 08:00:00,-13.8,14.2,414.5,92,272,87,975.3
2027-01-28 09:00:00,-10.8,5.5,347.6,15,4,78,975.3
2027-01-28 10:00:00,-17.6,1.2,233.7,76,329,64,990.8
2027-01-28 11:00:00,-15.6,5.4,501.7,86,273,86,970.7
2027-01-28 12:00:00,-15.1,14.6,258.5,43,114,80,1007.9
2027-01-28 13:00:00,-14.0,8.3,434.5,34,1,84,988.0
2027-01-28 14:00:00,-15.0,8.5,453.0,3,290,71,969.6
2027-01-28 15:00:00,-16.3,4.7,363.5,59,250,49,986.4
2027-01-28 16:00:00,-19.6,22.8,375.7,94,252,47,978.8
2027-01-28 17:00:00,-14.3,12.1,205.6,38,235,74,982.7
2027-01-28 18:00:00,-15.9,14.6,523.1,68,125,49,979.7
2027-01-28 19:00:00,-24.2,1.4,403.1,78,207,67,985.3
2027-01-28 20:00:00,-10.6,2.7,335.2,18,305,56,981.8
2027-01-28 21:00:00,-9.6,11.2,381.1,36,229,82,998.0
2027-01-28 22:00:00,-20.3,11.3,0.0,16,217,72,983.6
2027-01-28 23:00:00,-18.5,8.3,0.0,25,194,68,977.2
2027-01-29 00:00:00,-12.8,14.2,0.0,79,194,42,966.3
2027-01-29 01:00:00,-14.9,11.2,0.0,28,205,68,966.8
2027-01-29 02:00:00,-13.4,12.8,0.0,61,276,43,977.8
2027-01-29 03:00:00,-16.0,10.1,0.0,35,287,60,986.9
2027-01-29 04:00:00,-15.9,16.3,0.0,21,214,72,983.7
2027-01-29 05:00:00,-16.6,15.1,321.0,51,115,68,996.3
2027-01-29 06:00:00,-13.7,13.6,345.9,44,263,65,974.8
2027-01-29 07:00:00,-15.6,7.4,438.5,82,15,87,988.2
2027-01-29 08:00:00,-12.9,9.4,460.5,80,166,54,981.8
2027-01-29 09:00:00,-19.2,11.0,396.7,87,234,79,977.9
2027-01-29 10:00:00,-14.8,19.5,190.4,18,80,60,982.7
2027-01-29 11:00:00,-20.7,11.1,387.9,49,178,41,990.4
2027-01-29 12:00:00,-8.9,17.5,369.1,3,356,50,983.7
2027-01-29 13:00:00,-20.7,15.4,500.1,98,101,62,970.5
2027-01-29 14:00:00,-18.4,0.0,465.8,20,182,43,974.2
2027-01-29 15:00:00,-13.0,7.5,600.0,36,284,72,976.6
2027-01-29 16:00:00,-12.8,7.8,306.7,91,115,80,971.6
2027-01-29 17:00:00,-17.3,10.8,266.7,5,15,78,981.7
2027-01-29 18:00:00,-15.4,6.9,177.9,81,111,58,973.7
2027-01-29 19:00:00,-16.6,14.1,313.9,20,208,63,994.9
2027-01-29 20:00:00,-13.9,11.8,281.7,3,346,75,973.4
2027-01-29 21:00:00,-15.8,9.5,411.8,30,175,47,995.4
2027-01-29 22:00:00,-15.2,18.3,0.0,61,9,45,996.4
2027-01-29 23:00:00,-16.9,9.5,0.0,86,45,41,982.7
2027-01-30 00:00:00,-15.3,4.2,0.0,53,15,51,979.6
2027-01-30 01:00:00,-17.1,13.6,0.0,54,229,89,979.7
2027-01-30 02:00:00,-18.8,13.6,0.0,72,60,86,981.8
2027-01-30 03:00:00,-9.8,8.9,0.0,25,342,51,981.4
2027-01-30 04:00:00,-16.2,13.8,0.0,7,181,40,981.0
2027-01-30 05:00:00,-16.6,8.5,546.3,72,260,40,986.3
2027-01-30 06:00:00,-18.7,14.9,353.0,34,268,83,976.6
2027-01-30 07:00:00,-14.2,18.8,385.2,37,239,75,961.4
2027-01-30 08:00:00,-10.9,11.3,386.0,90,244,78,970.6
2027-01-30 09:00:00,-12.3,3.5,472.5,78,324,78,983.8
2027-01-30 10:00:00,-17.4,11.3,233.1,90,339,70,971.7
2027-01-30 11:00:00,-11.3,13.5,419.5,2,85,72,983.2
2027-01-30 12:00:00,-10.0,13.8,515.3,67,77,45,989.0
2027-01-30 13:00:00,-15.5,6.9,496.2,63,258,57,995.7
2027-01-30 14:00:00,-13.9,16.9,517.9,86,176,70,998.4
2027-01-30 15:00:00,-8.8,16.0,248.1,17,316,88,992.7
2027-01-30 16:00:00,-11.7,13.4,370.4,10,12,89,995.9
2027-01-30 17:00:00,-15.8,20.3,592.3,67,323,69,966.7
2027-01-30 18:00:00,-18.5,2.8,398.8,54,29,50,978.7
2027-01-30 19:00:00,-13.5,12.5,541.3,25,252,56,981.3
2027-01-30 20:00:00,-23.3,12.5,571.2,37,39,70,974.1
2027-01-30 21:00:00,-19.0,9.1,344.7,50,231,88,976.3
2027-01-30 22:00:00,-12.3,9.5,0.0,95,266,65,978.9
2027-01-30 23:00:00,-16.6,10.7,0.0,5,46,48,960.3
2027-01-31 00:00:00,-13.5,9.5,0.0,7,233,53,981.9
2027-01-31 01:00:00,-10.4,17.2,0.0,3,276,49,970.7
2027-01-31 02:00:00,-15.9,11.1,0.0,64,217,89,990.3
2027-01-31 03:00:00,-19.5,10.3,0.0,91,279,84,990.1
2027-01-31 04:00:00,-18.5,24.8,0.0,4,258,68,986.1
2027-01-31 05:00:00,-11.5,8.2,450.5,91,264,81,960.6
2027-01-31 06:00:00,-17.5,9.7,356.9,94,142,46,986.5
2027-01-31 07:00:00,-17.2,6.3,396.7,88,66,50,992.1
2027-01-31 08:00:00,-18.4,9.4,194.6,99,299,87,986.2
2027-01-31 09:00:00,-14.0,10.8,345.6,49,260,74,993.2
2027-01-31 10:00:00,-9.5,10.3,395.0,53,32,84,968.7
2027-01-31 11:00:00,-20.4,9.6,402.3,39,131,50,961.0
2027-01-31 12:00:00,-13.4,9.8,430.2,3,16,63,990.1
2027-01-31 13:00:00,-15.4,16.0,377.1,16,319,46,963.5
2027-01-31 14:00:00,-13.8,7.9,446.6,37,74,44,978.1
2027-01-31 15:00:00,-17.7,16.6,344.2,4,232,55,979.0
2027-01-31 16:00:00,-16.4,6.3,399.4,93,163,79,979.0
2027-01-31 17:00:00,-14.8,5.2,336.3,86,296,72,973.2
2027-01-31 18:00:00,-14.3,13.5,345.6,30,69,83,975.4
2027-01-31 19:00:00,-17.0,26.3,571.0,9,346,56,968.3
2027-01-31 20:00:00,-12.7,8.5,320.5,92,78,46,984.8
2027-01-31 21:00:00,-16.2,15.4,301.1,94,192,44,982.1
2027-01-31 22:00:00,-14.2,11.6,0.0,30,349,58,975.5
2027-01-31 23:00:00,-14.1,12.7,0.0,97,115,44,969.9
2027-02-01 00:00:00,-13.0,8.7,0.0,11,223,45,983.8
2027-02-01 01:00:00,-17.0,13.1,0.0,5,146,66,989.1
2027-02-01 02:00:00,-15.5,13.9,0.0,19,283,44,987.6
2027-02-01 03:00:00,-16.7,2.9,0.0,52,119,67,966.4
2027-02-01 04:00:00,-19.4,9.1,0.0,3,81,45,987.5
2027-02-01 05:00:00,-16.4,11.1,317.8,29,129,81,985.3
2027-02-01 06:00:00,-13.9,17.0,234.7,28,306,82,992.3
2027-02-01 07:00:00,-16.3,16.0,542.0,100,172,84,972.8
2027-02-01 08:00:00,-16.3,9.9,517.2,63,201,55,962.2
2027-02-01 09:00:00,-15.4,10.4,637.8,32,140,89,991.6
2027-02-01 10:00:00,-20.1,13.2,520.4,74,150,69,981.8
2027-02-01 11:00:00,-12.4,14.0,529.6,33,34,78,984.8
2027-02-01 12:00:00,-13.2,6.5,429.2,8,113,85,964.6
2027-02-01 13:00:00,-12.0,17.7,387.4,74,155,77,964.9
2027-02-01 14:00:00,-21.8,11.4,277.8,6,266,49,984.8
2027-02-01 15:00:00,-13.4,9.0,531.2,42,145,53,970.7
2027-02-01 16:00:00,-14.6,14.2,410.9,100,64,49,982.3
2027-02-01 17:00:00,-14.5,13.0,404.6,96,27,40,991.8
2027-02-01 18:00:00,-16.4,9.0,275.0,93,268,54,989.2
2027-02-01 19:00:00,-13.1,21.8,360.3,16,295,73,986.8
2027-02-01 20:00:00,-18.2,14.6,405.3,33,337,58,987.6
2027-02-01 21:00:00,-20.1,4.8,334.8,24,254,85,996.7
2027-02-01 22:00:00,-15.2,12.7,0.0,87,16,81,972.9
2027-02-01 23:00:00,-20.1,6.4,0.0,3,312,40,981.4
2027-02-02 00:00:00,-20.1,14.1,0.0,46,188,63,983.1
2027-02-02 01:00:00,-19.2,13.5,0.0,74,10,50,989.5
2027-02-02 02:00:00,-8.6,7.1,0.0,35,317,68,977.5
2027-02-02 03:00:00,-12.7,7.6,0.0,74,106,85,968.5
2027-02-02 04:00:00,-15.8,7.4,0.0,68,222,52,990.5
2027-02-02 05:00:00,-12.7,15.3,388.8,0,291,87,992.2
2027-02-02 06:00:00,-13.9,9.2,356.1,40,134,63,972.5
2027-02-02 07:00:00,-14.5,12.2,485.5,10,147,46,989.5
2027-02-02 08:00:00,-21.5,6.5,220.3,0,14,47,989.6
2027-02-02 09:00:00,-14.5,15.9,271.5,57,48,88,987.3
2027-02-02 10:00:00,-15.3,10.4,476.9,62,76,73,964.0
2027-02-02 11:00:00,-16.5,14.8,538.7,23,215,79,978.8
2027-02-02 12:00:00,-18.8,7.0,411.8,18,73,60,962.6
2027-02-02 13:00:00,-17.2,15.7,536.6,4,269,75,992.7
2027-02-02 14:00:00,-17.6,17.7,648.0,68,225,72,967.7
2027-02-02 15:00:00,-19.2,15.9,354.9,43,355,80,990.2
2027-02-02 16:00:00,-18.4,25.2,486.9,32,159,82,974.2
2027-02-02 17:00:00,-20.9,11.0,298.6,39,45,57,982.6
2027-02-02 18:00:00,-15.2,1.8,415.7,13,137,81,981.7
2027-02-02 19:00:00,-17.2,13.5,404.5,5,155,53,974.2
2027-02-02 20:00:00,-13.4,7.2,428.7,0,215,74,991.0
2027-02-02 21:00:00,-14.5,12.9,248.0,77,302,65,977.4
2027-02-02 22:00:00,-7.4,5.5,0.0,40,151,43,977.2
2027-02-02 23:00:00,-13.3,21.1,0.0,27,355,85,973.1
2027-02-03 00:00:00,-12.2,14.3,0.0,76,267,83,978.0
2027-02-03 01:00:00,-18.2,19.0,0.0,9,160,41,985.0
2027-02-03 02:00:00,-16.4,8.2,0.0,55,191,58,977.9
2027-02-03 03:00:00,-14.3,16.6,0.0,86,218,54,987.6
2027-02-03 04:00:00,-17.8,10.8,0.0,25,130,72,984.1
2027-02-03 05:00:00,-14.3,12.7,364.7,60,4,61,1004.0
2027-02-03 06:00:00,-18.0,11.8,507.6,7,107,71,973.2
2027-02-03 07:00:00,-12.5,11.3,164.9,23,188,56,983.5
2027-02-03 08:00:00,-15.6,5.6,473.7,40,207,64,989.0
2027-02-03 09:00:00,-16.9,3.8,486.4,36,139,46,988.0
2027-02-03 10:00:00,-17.9,6.7,391.8,20,66,89,977.0
2027-02-03 11:00:00,-11.1,11.1,349.1,65,77,79,981.2
2027-02-03 12:00:00,-14.6,20.7,455.4,100,28,60,999.3
2027-02-03 13:00:00,-17.0,12.4,412.7,75,114,49,979.3
2027-02-03 14:00:00,-15.8,11.8,569.1,98,263,75,999.7
2027-02-03 15:00:00,-18.4,18.4,636.3,45,235,89,963.2
2027-02-03 16:00:00,-17.7,2.4,380.6,81,348,85,1001.2
2027-02-03 17:00:00,-15.4,11.5,471.2,74,87,71,976.8
2027-02-03 18:00:00,-15.7,19.4,476.2,31,287,46,989.0
2027-02-03 19:00:00,-13.4,20.2,356.7,48,296,86,958.7
2027-02-03 20:00:00,-11.9,13.7,463.5,6,287,65,997.8
2027-02-03 21:00:00,-14.7,8.9,464.1,65,269,66,994.3
2027-02-03 22:00:00,-18.0,19.8,0.0,29,108,40,968.3
2027-02-03 23:00:00,-18.3,8.1,0.0,59,85,84,971.3
2027-02-04 00:00:00,-13.1,11.9,0.0,56,151,44,985.8
2027-02-04 01:00:00,-15.3,11.5,0.0,1,118,66,983.9
2027-02-04 02:00:00,-14.4,4.1,0.0,87,81,77,975.2
2027-02-04 03:00:00,-17.8,5.5,0.0,34,203,85,974.8
2027-02-04 04:00:00,-19.0,11.1,0.0,77,210,46,989.1
2027-02-04 05:00:00,-14.7,12.2,462.0,54,336,52,982.6
2027-02-04 06:00:00,-17.2,18.4,337.9,20,55,52,984.8
2027-02-04 07:00:00,-20.8,19.3,349.9,64,341,62,977.9
2027-02-04 08:00:00,-12.7,13.5,628.0,87,32,47,973.3
2027-02-04 09:00:00,-15.4,6.3,562.5,57,147,41,975.5
2027-02-04 10:00:00,-19.2,15.0,323.9,83,108,62,975.0
2027-02-04 11:00:00,-21.0,9.1,451.9,70,214,53,981.6
2027-02-04 12:00:00,-13.9,15.5,300.7,5,220,52,975.7
2027-02-04 13:00:00,-16.9,13.7,308.8,55,127,42,985.9
2027-02-04 14:00:00,-11.9,12.0,373.2,78,69,40,974.3
2027-02-04 15:00:00,-17.3,18.2,305.3,80,157,58,985.1
2027-02-04 16:00:00,-14.5,10.6,551.9,72,125,74,975.9
2027-02-04 17:00:00,-18.5,12.2,259.7,1,114,41,971.4
2027-02-04 18:00:00,-16.7,17.6,361.0,59,153,44,979.3
2027-02-04 19:00:00,-18.2,14.2,454.7,18,347,80,968.7
2027-02-04 20:00:00,-18.4,14.0,401.4,13,190,72,971.7
2027-02-04 21:00:00,-16.9,14.7,589.5,57,208,84,975.8
2027-02-04 22:00:00,-19.5,8.8,0.0,30,312,53,990.9
2027-02-04 23:00:00,-15.1,16.7,0.0,48,88,67,971.4
2027-02-05 00:00:00,-23.3,18.1,0.0,83,189,74,987.8
2027-02-05 01:00:00,-15.9,17.2,0.0,76,347,52,959.9
2027-02-05 02:00:00,-9.9,14.7,0.0,82,138,85,986.4
2027-02-05 03:00:00,-22.2,0.6,0.0,61,329,68,979.4
2027-02-05 04:00:00,-15.7,22.5,0.0,91,56,78,975.4
2027-02-05 05:00:00,-17.5,15.0,576.0,95,152,50,989.4
2027-02-05 06:00:00,-14.5,9.9,246.6,93,148,62,983.2
2027-02-05 07:00:00,-19.7,10.1,423.2,53,353,86,991.1
2027-02-05 08:00:00,-12.4,15.7,441.0,50,218,43,981.1
2027-02-05 09:00:00,-19.8,7.1,347.6,83,173,88,997.9
2027-02-05 10:00:00,-19.3,10.8,502.1,38,307,81,978.3
2027-02-05 11:00:00,-16.5,13.3,381.6,95,298,53,973.6
2027-02-05 12:00:00,-14.8,11.3,425.7,83,258,63,972.2
2027-02-05 13:00:00,-13.3,6.5,354.1,29,307,40,959.4
2027-02-05 14:00:00,-9.8,13.8,395.5,48,132,45,975.2
2027-02-05 15:00:00,-15.0,10.5,279.1,67,351,49,979.4
2027-02-05 16:00:00,-15.4,12.2,259.0,46,162,48,971.7
2027-02-05 17:00:00,-16.1,12.5,378.1,71,101,62,977.2
2027-02-05 18:00:00,-15.1,9.6,341.0,78,5,79,997.2
2027-02-05 19:00:00,-16.7,19.1,346.2,47,193,89,988.5
2027-02-05 20:00:00,-19.1,8.5,390.6,72,331,49,982.4
2027-02-05 21:00:00,-15.4,16.8,290.4,81,57,77,965.8
2027-02-05 22:00:00,-21.5,18.7,0.0,5,7,82,992.3
2027-02-05 23:00:00,-21.3,12.1,0.0,59,15,46,989.8
2027-02-06 00:00:00,-17.9,7.7,0.0,21,79,52,975.1
2027-02-06 01:00:00,-18.9,15.3,0.0,64,200,61,978.8
2027-02-06 02:00:00,-10.9,15.9,0.0,34,186,89,993.4
2027-02-06 03:00:00,-22.9,11.6,0.0,62,302,72,982.4
2027-02-06 04:00:00,-18.5,18.0,0.0,82,63,41,969.9
2027-02-06 05:00:00,-14.7,15.4,358.2,8,84,87,971.2
2027-02-06 06:00:00,-14.4,7.9,322.7,18,82,73,995.0
2027-02-06 07:00:00,-22.1,15.5,496.3,31,350,56,994.2
2027-02-06 08:00:00,-20.1,4.6,346.6,42,329,73,972.9
2027-02-06 09:00:00,-15.2,19.0,399.1,28,147,83,975.6
2027-02-06 10:00:00,-17.2,17.8,437.1,85,278,48,990.2
2027-02-06 11:00:00,-18.9,13.8,377.7,32,123,43,975.7
2027-02-06 12:00:00,-20.0,11.8,373.6,58,338,65,976.8
2027-02-06 13:00:00,-23.3,13.9,389.6,33,177,76,948.2
2027-02-06 14:00:00,-21.4,2.7,256.1,42,47,84,979.5
2027-02-06 15:00:00,-15.8,14.8,549.6,57,216,72,984.4
2027-02-06 16:00:00,-19.4,7.1,396.4,59,144,58,973.2
2027-02-06 17:00:00,-17.1,12.4,575.9,100,115,69,979.2
2027-02-06 18:00:00,-15.3,4.7,440.6,57,217,55,986.9
2027-02-06 19:00:00,-11.3,6.3,366.3,24,237,86,972.8
2027-02-06 20:00:00,-11.7,13.6,449.7,15,18,74,987.9
2027-02-06 21:00:00,-17.9,15.2,376.1,18,272,59,977.7
2027-02-06 22:00:00,-14.5,16.2,0.0,96,352,71,980.1
2027-02-06 23:00:00,-15.0,8.2,0.0,61,54,79,987.0
2027-02-07 00:00:00,-14.4,13.8,0.0,32,117,45,974.3
2027-02-07 01:00:00,-18.1,5.2,0.0,47,143,53,982.8
2027-02-07 02:00:00,-16.8,6.9,0.0,64,38,78,978.4
2027-02-07 03:00:00,-9.8,5.4,0.0,21,310,54,968.4
2027-02-07 04:00:00,-14.0,14.9,0.0,20,211,41,994.8
2027-02-07 05:00:00,-14.1,14.7,293.6,5,321,79,959.6
2027-02-07 06:00:00,-13.0,8.1,480.4,36,350,68,978.0
2027-02-07 07:00:00,-12.5,16.9,254.5,12,272,70,984.2
2027-02-07 08:00:00,-18.2,13.7,283.0,98,47,60,978.5
2027-02-07 09:00:00,-22.3,11.4,375.0,6,341,45,968.4
2027-02-07 10:00:00,-14.1,6.8,497.6,32,28,66,975.7
2027-02-07 11:00:00,-15.0,16.3,297.5,62,178,43,1000.3
2027-02-07 12:00:00,-20.8,10.3,393.6,9,146,66,988.0
2027-02-07 13:00:00,-22.0,17.2,301.1,28,175,65,984.9
2027-02-07 14:00:00,-18.5,13.3,379.1,23,83,73,990.1
2027-02-07 15:00:00,-16.2,12.4,373.4,33,16,84,992.1
2027-02-07 16:00:00,-20.0,6.9,511.1,4,245,58,965.6
2027-02-07 17:00:00,-16.7,13.6,460.5,24,199,40,986.5
2027-02-07 18:00:00,-16.3,9.2,512.4,68,34,74,973.6
2027-02-07 19:00:00,-12.2,18.8,503.5,13,80,47,968.8
2027-02-07 20:00:00,-17.6,7.1,655.0,53,254,84,990.0
2027-02-07 21:00:00,-22.1,13.1,201.6,63,164,83,967.5
2027-02-07 22:00:00,-13.6,8.0,0.0,36,255,69,987.8
2027-02-07 23:00:00,-19.0,11.3,0.0,69,274,43,977.0
2027-02-08 00:00:00,-15.1,19.4,0.0,6,277,79,985.3
2027-02-08 01:00:00,-16.7,8.2,0.0,6,249,69,972.2
2027-02-08 02:00:00,-14.6,24.8,0.0,84,305,88,994.2
2027-02-08 03:00:00,-14.0,13.2,0.0,20,297,62,996.5
2027-02-08 04:00:00,-15.2,9.4,0.0,31,342,76,983.1
2027-02-08 05:00:00,-15.6,9.2,479.8,59,342,87,981.2
2027-02-08 06:00:00,-17.4,6.3,516.1,29,220,55,981.6
2027-02-08 07:00:00,-12.6,12.4,407.5,34,136,62,965.5
2027-02-08 08:00:00,-15.8,15.7,526.0,40,158,70,970.1
2027-02-08 09:00:00,-16.7,10.1,289.3,77,182,42,978.1
2027-02-08 10:00:00,-14.8,8.5,483.8,54,238,85,985.0
2027-02-08 11:00:00,-15.0,22.4,293.0,25,328,85,986.5
2027-02-08 12:00:00,-20.3,14.1,406.6,70,251,80,999.3
2027-02-08 13:00:00,-11.8,14.5,410.3,35,38,57,995.5
2027-02-08 14:00:00,-21.5,16.1,565.3,92,193,50,963.2
2027-02-08 15:00:00,-12.6,9.3,345.9,51,213,52,973.0
2027-02-08 16:00:00,-15.3,17.4,528.0,53,84,84,983.7
2027-02-08 17:00:00,-16.5,14.5,402.6,42,336,64,977.5
2027-02-08 18:00:00,-15.4,15.0,313.5,20,233,55,988.7
2027-02-08 19:00:00,-17.4,5.3,331.1,50,204,78,969.4
2027-02-08 20:00:00,-19.3,5.6,373.4,75,109,52,972.3
2027-02-08 21:00:00,-17.1,16.8,446.5,19,251,42,967.3
2027-02-08 22:00:00,-11.7,9.8,0.0,41,147,82,974.6
2027-02-08 23:00:00,-13.4,18.8,0.0,59,85,71,989.3
2027-02-09 00:00:00,-19.0,10.2,0.0,47,174,55,988.0
2027-02-09 01:00:00,-15.3,8.0,0.0,1,158,67,970.5
2027-02-09 02:00:00,-12.4,16.0,0.0,72,274,81,981.3
2027-02-09 03:00:00,-17.4,7.7,0.0,56,318,58,989.3
2027-02-09 04:00:00,-20.8,5.9,0.0,70,248,83,986.4
2027-02-09 05:00:00,-17.7,10.0,328.1,85,126,77,981.7
2027-02-09 06:00:00,-17.5,20.4,442.4,36,100,60,984.3
2027-02-09 07:00:00,-20.0,9.0,406.6,22,5,42,972.9
2027-02-09 08:00:00,-18.2,10.7,303.3,44,99,83,989.6
2027-02-09 09:00:00,-12.4,10.7,543.6,42,291,69,979.2
2027-02-09 10:00:00,-15.9,4.9,425.1,22,67,69,977.3
2027-02-09 11:00:00,-17.9,7.4,382.8,80,156,78,978.8
2027-02-09 12:00:00,-21.1,22.6,405.5,57,98,86,966.9
2027-02-09 13:00:00,-13.0,7.0,491.8,13,148,42,964.3
2027-02-09 14:00:00,-14.3,10.3,254.6,7,9,64,980.1
2027-02-09 15:00:00,-23.3,15.5,514.5,53,206,80,973.8
2027-02-09 16:00:00,-19.5,18.8,331.1,33,73,80,971.0
2027-02-09 17:00:00,-14.7,15.9,386.2,85,34,57,995.8
2027-02-09 18:00:00,-15.4,13.2,308.4,47,81,54,980.1
2027-02-09 19:00:00,-17.7,10.6,399.1,93,343,45,989.6
2027-02-09 20:00:00,-20.5,5.4,380.8,51,4,42,989.2
2027-02-09 21:00:00,-16.5,25.7,492.5,96,125,54,971.4
2027-02-09 22:00:00,-8.0,5.3,0.0,88,221,85,984.7
2027-02-09 23:00:00,-16.0,16.5,0.0,90,316,74,969.6
2027-02-10 00:00:00,-15.3,7.0,0.0,72,130,58,970.1
2027-02-10 01:00:00,-14.3,11.7,0.0,35,116,62,962.1
2027-02-10 02:00:00,-19.8,16.6,0.0,6,312,56,965.3
2027-02-10 03:00:00,-15.4,13.3,0.0,75,278,56,990.8
2027-02-10 04:00:00,-18.3,12.6,0.0,37,203,73,988.0
2027-02-10 05:00:00,-12.3,16.5,401.7,13,140,44,981.0
2027-02-10 06:00:00,-19.8,6.5,498.3,87,262,65,984.8
2027-02-10 07:00:00,-22.0,7.7,497.8,36,186,53,967.4
2027-02-10 08:00:00,-13.9,7.5,334.3,75,114,52,979.0
2027-02-10 09:00:00,-12.1,13.5,358.7,14,96,47,990.6
2027-02-10 10:00:00,-15.1,9.6,363.8,10,190,52,958.9
2027-02-10 11:00:00,-14.4,12.6,354.5,53,355,69,976.4
2027-02-10 12:00:00,-13.8,14.7,378.0,62,7,58,980.8
2027-02-10 13:00:00,-9.2,13.2,352.9,90,108,43,984.5
2027-02-10 14:00:00,-17.8,11.2,487.4,25,105,75,974.1
2027-02-10 15:00:00,-16.0,17.4,572.6,59,125,43,962.2
2027-02-10 16:00:00,-17.4,13.3,520.5,52,77,59,977.5
2027-02-10 17:00:00,-13.6,12.7,221.5,65,186,77,985.4
2027-02-10 18:00:00,-15.5,12.0,454.1,71,48,75,978.8
2027-02-10 19:00:00,-20.3,4.7,289.2,3,344,71,971.6
2027-02-10 20:00:00,-17.9,14.5,444.2,54,156,61,989.1
2027-02-10 21:00:00,-18.1,7.6,444.5,81,78,42,979.6
2027-02-10 22:00:00,-13.6,15.0,0.0,71,215,51,976.3
2027-02-10 23:00:00,-19.3,11.2,0.0,35,66,63,976.9
2027-02-11 00:00:00,-14.5,3.7,0.0,12,338,80,980.5
2027-02-11 01:00:00,-21.9,1.5,0.0,64,261,71,992.8
2027-02-11 02:00:00,-20.9,14.7,0.0,97,221,75,985.7
2027-02-11 03:00:00,-14.2,10.1,0.0,53,286,70,975.4
2027-02-11 04:00:00,-12.1,12.9,0.0,31,186,73,968.7
2027-02-11 05:00:00,-20.0,16.4,491.7,80,46,45,972.8
2027-02-11 06:00:00,-13.4,14.0,344.5,83,265,77,983.7
2027-02-11 07:00:00,-18.9,13.9,492.8,55,250,55,976.1
2027-02-11 08:00:00,-17.7,12.9,510.1,58,191,81,978.1
2027-02-11 09:00:00,-10.8,3.8,326.0,28,8,45,971.3
2027-02-11 10:00:00,-21.2,20.2,372.0,68,24,61,984.5
2027-02-11 11:00:00,-16.8,9.7,363.0,44,258,47,988.5
2027-02-11 12:00:00,-11.7,4.3,568.7,58,295,73,970.5
2027-02-11 13:00:00,-17.9,19.5,423.3,10,145,63,989.2
2027-02-11 14:00:00,-10.9,17.4,341.5,17,287,86,974.3
2027-02-11 15:00:00,-21.0,10.8,468.0,6,6,53,980.6
2027-02-11 16:00:00,-17.2,12.5,489.2,35,186,85,983.9
2027-02-11 17:00:00,-14.7,14.7,571.5,100,63,72,959.9
2027-02-11 18:00:00,-16.8,16.6,370.6,48,238,45,967.5
2027-02-11 19:00:00,-19.2,11.3,499.5,64,289,81,998.2
2027-02-11 20:00:00,-17.9,20.1,487.1,59,344,47,980.7
2027-02-11 21:00:00,-20.3,15.4,504.3,51,268,86,977.2
2027-02-11 22:00:00,-14.2,7.5,0.0,27,9,63,974.1
2027-02-11 23:00:00,-19.1,12.9,0.0,22,272,85,976.0
2027-02-12 00:00:00,-17.8,8.4,0.0,6,265,84,968.6
2027-02-12 01:00:00,-15.8,11.4,0.0,12,49,83,980.1
2027-02-12 02:00:00,-16.2,9.3,0.0,10,87,77,971.8
2027-02-12 03:00:00,-15.9,13.9,0.0,81,121,58,964.5
2027-02-12 04:00:00,-13.9,16.4,0.0,85,105,67,961.5
2027-02-12 05:00:00,-18.1,12.4,412.2,63,0,62,958.4
2027-02-12 06:00:00,-19.7,8.1,188.2,11,201,60,968.9
2027-02-12 07:00:00,-17.7,7.9,418.9,59,262,81,983.2
2027-02-12 08:00:00,-23.0,13.1,354.6,55,83,72,970.5
2027-02-12 09:00:00,-15.6,7.5,468.9,96,218,48,975.7
2027-02-12 10:00:00,-17.0,13.4,282.5,17,19,74,973.1
2027-02-12 11:00:00,-17.4,16.5,547.3,16,102,81,963.9
2027-02-12 12:00:00,-15.8,0.0,414.7,62,47,67,996.2
2027-02-12 13:00:00,-16.2,8.2,313.5,35,55,41,990.7
2027-02-12 14:00:00,-19.6,0.0,424.1,36,136,70,994.2
2027-02-12 15:00:00,-16.6,16.0,551.6,59,13,76,981.9
2027-02-12 16:00:00,-14.6,17.8,438.4,57,163,44,989.0
2027-02-12 17:00:00,-18.9,24.7,567.7,71,323,62,984.3
2027-02-12 18:00:00,-18.6,10.9,684.4,67,334,85,960.4
2027-02-12 19:00:00,-17.3,7.3,523.8,24,315,82,980.4
2027-02-12 20:00:00,-12.6,18.5,351.1,67,62,52,991.4
2027-02-12 21:00:00,-17.6,16.5,487.2,22,283,64,978.5
2027-02-12 22:00:00,-16.5,13.6,0.0,30,255,45,964.2
2027-02-12 23:00:00,-12.7,14.7,0.0,20,228,69,979.5
2027-02-13 00:00:00,-17.9,14.5,0.0,91,120,78,991.0
2027-02-13 01:00:00,-11.2,7.2,0.0,89,198,58,956.0
2027-02-13 02:00:00,-17.9,23.7,0.0,39,36,65,982.8
2027-02-13 03:00:00,-12.0,12.4,0.0,26,199,80,977.1
2027-02-13 04:00:00,-19.1,9.1,0.0,60,70,50,973.1
2027-02-13 05:00:00,-23.1,23.3,400.5,10,285,56,974.4
2027-02-13 06:00:00,-17.9,11.8,234.3,45,327,64,958.3
2027-02-13 07:00:00,-16.8,11.5,552.7,21,203,50,966.1
2027-02-13 08:00:00,-12.3,13.1,363.2,66,12,40,979.6
2027-02-13 09:00:00,-19.0,11.0,480.9,18,89,73,973.3
2027-02-13 10:00:00,-16.2,22.9,322.7,98,266,86,973.1
2027-02-13 11:00:00,-10.9,13.9,357.6,8,223,66,998.0
2027-02-13 12:00:00,-22.3,8.3,281.6,33,117,79,972.6
2027-02-13 13:00:00,-20.2,9.3,362.7,46,257,56,978.7
2027-02-13 14:00:00,-15.6,14.8,422.8,41,351,69,989.0
2027-02-13 15:00:00,-11.3,9.6,356.7,98,272,41,981.8
2027-02-13 16:00:00,-10.5,12.7,549.1,22,83,81,965.7
2027-02-13 17:00:00,-15.7,8.2,553.5,63,327,60,991.0
2027-02-13 18:00:00,-21.1,21.6,349.8,52,35,77,980.4
2027-02-13 19:00:00,-19.5,8.3,362.8,38,123,45,991.9
2027-02-13 20:00:00,-16.3,21.8,417.5,30,120,42,979.0
2027-02-13 21:00:00,-18.7,7.6,405.0,57,164,61,993.4
2027-02-13 22:00:00,-18.1,13.5,0.0,9,70,79,980.2
2027-02-13 23:00:00,-16.2,7.2,0.0,52,262,62,990.6
2027-02-14 00:00:00,-11.0,9.5,0.0,62,327,49,973.3
2027-02-14 01:00:00,-14.5,7.3,0.0,24,187,75,987.9
2027-02-14 02:00:00,-22.8,13.6,0.0,15,85,84,985.0
2027-02-14 03:00:00,-15.1,7.2,0.0,53,293,71,953.3
2027-02-14 04:00:00,-18.6,18.5,0.0,22,206,78,984.2
2027-02-14 05:00:00,-21.9,11.3,418.1,81,225,43,987.7
2027-02-14 06:00:00,-15.0,18.7,346.0,25,258,44,989.1
2027-02-14 07:00:00,-17.0,14.2,543.1,41,308,59,990.0
2027-02-14 08:00:00,-22.8,16.6,406.0,99,264,85,970.7
2027-02-14 09:00:00,-16.0,12.7,388.5,53,36,74,971.7
2027-02-14 10:00:00,-16.2,16.5,386.4,87,154,80,981.3
2027-02-14 11:00:00,-16.8,18.1,511.9,77,128,88,971.8
2027-02-14 12:00:00,-18.6,17.5,363.6,12,126,78,990.2
2027-02-14 13:00:00,-23.4,17.8,525.5,19,326,48,996.2
2027-02-14 14:00:00,-23.8,13.4,326.0,96,185,41,993.3
2027-02-14 15:00:00,-17.1,18.1,411.7,19,160,74,984.9
2027-02-14 16:00:00,-17.4,5.1,322.8,81,239,82,979.0
2027-02-14 17:00:00,-15.5,17.0,563.2,91,231,70,1002.2
2027-02-14 18:00:00,-17.7,15.4,528.5,76,90,68,977.0
2027-02-14 19:00:00,-18.4,20.5,334.0,56,203,74,1009.7
2027-02-14 20:00:00,-19.6,17.6,444.7,5,183,83,994.5
2027-02-14 21:00:00,-20.6,11.0,331.5,18,94,88,971.4
2027-02-14 22:00:00,-15.1,9.7,0.0,50,210,67,970.5
2027-02-14 23:00:00,-12.2,11.6,0.0,70,253,55,970.5
2027-02-15 00:00:00,-16.5,11.9,0.0,67,139,82,965.1
2027-02-15 01:00:00,-19.5,21.2,0.0,76,44,76,979.7
2027-02-15 02:00:00,-17.7,8.3,0.0,54,21,44,969.3
2027-02-15 03:00:00,-20.0,11.4,0.0,87,218,71,981.1
2027-02-15 04:00:00,-15.1,17.0,0.0,37,244,50,985.9
2027-02-15 05:00:00,-21.3,9.2,362.6,53,72,64,969.2
2027-02-15 06:00:00,-16.9,13.6,391.5,29,312,52,980.1
2027-02-15 07:00:00,-13.2,8.6,388.2,9,106,50,965.3
2027-02-15 08:00:00,-16.6,10.1,246.5,91,51,49,987.4
2027-02-15 09:00:00,-17.8,10.6,464.5,39,156,58,990.4
2027-02-15 10:00:00,-15.3,10.9,255.7,85,219,60,987.5
2027-02-15 11:00:00,-16.2,14.4,525.4,23,12,48,988.8
2027-02-15 12:00:00,-13.3,13.9,320.1,46,145,71,968.2
2027-02-15 13:00:00,-16.0,4.7,358.2,29,202,61,966.5
2027-02-15 14:00:00,-19.2,16.7,283.8,69,294,73,973.5
2027-02-15 15:00:00,-17.8,13.5,346.1,97,49,64,987.1
2027-02-15 16:00:00,-18.9,16.3,413.1,50,330,45,977.0
2027-02-15 17:00:00,-19.1,13.8,236.3,61,127,48,973.6
2027-02-15 18:00:00,-15.2,22.2,394.9,66,23,82,979.4
2027-02-15 19:00:00,-16.4,19.8,417.6,86,36,50,977.5
2027-02-15 20:00:00,-11.1,12.0,335.0,10,238,67,981.7
2027-02-15 21:00:00,-13.8,11.9,308.5,84,255,45,991.0
2027-02-15 22:00:00,-14.2,12.2,0.0,10,302,67,971.9
2027-02-15 23:00:00,-15.5,13.8,0.0,56,193,83,988.4
2027-02-16 00:00:00,-9.0,8.0,0.0,23,166,79,978.4
2027-02-16 01:00:00,-17.9,8.2,0.0,74,195,47,994.1
2027-02-16 02:00:00,-22.8,13.1,0.0,29,58,57,992.7
2027-02-16 03:00:00,-17.4,6.1,0.0,72,354,40,979.7
2027-02-16 04:00:00,-19.7,4.6,0.0,68,273,42,982.0
2027-02-16 05:00:00,-13.3,12.6,369.3,10,61,49,994.3
2027-02-16 06:00:00,-20.0,17.8,358.6,94,238,55,988.6
2027-02-16 07:00:00,-24.8,7.6,227.0,20,279,56,986.7
2027-02-16 08:00:00,-16.3,14.7,475.9,0,235,57,974.4
2027-02-16 09:00:00,-15.2,21.6,620.6,9,287,44,983.9
2027-02-16 10:00:00,-16.5,4.3,477.5,0,233,86,959.8
2027-02-16 11:00:00,-13.8,5.0,375.6,76,286,68,985.8
2027-02-16 12:00:00,-22.0,15.2,451.2,89,322,76,982.8
2027-02-16 13:00:00,-13.9,17.0,616.2,89,281,89,975.6
2027-02-16 14:00:00,-19.9,16.7,360.8,18,194,58,968.5
2027-02-16 15:00:00,-15.5,13.9,630.0,99,355,40,968.0
2027-02-16 16:00:00,-16.0,4.1,268.0,47,30,52,978.1
2027-02-16 17:00:00,-16.0,13.4,354.8,13,58,49,1000.0
2027-02-16 18:00:00,-17.5,12.4,480.7,12,160,70,978.8
2027-02-16 19:00:00,-15.0,13.1,444.6,40,203,62,986.4
2027-02-16 20:00:00,-18.9,17.6,247.4,55,160,75,989.0
2027-02-16 21:00:00,-19.0,1.3,301.4,89,87,58,970.8
2027-02-16 22:00:00,-17.7,19.3,0.0,63,211,78,974.5
2027-02-16 23:00:00,-18.0,10.6,0.0,6,88,41,985.8
2027-02-17 00:00:00,-17.9,7.1,0.0,4,264,42,983.3
2027-02-17 01:00:00,-20.4,3.7,0.0,4,332,64,981.1
2027-02-17 02:00:00,-20.5,5.2,0.0,93,26,46,978.1
2027-02-17 03:00:00,-16.2,12.7,0.0,68,61,48,974.1
2027-02-17 04:00:00,-19.8,6.1,0.0,44,268,49,977.4
2027-02-17 05:00:00,-16.8,20.9,429.8,64,266,80,976.7
2027-02-17 06:00:00,-25.6,5.3,384.5,72,295,60,980.7
2027-02-17 07:00:00,-14.5,19.8,352.1,20,165,48,974.1
2027-02-17 08:00:00,-18.2,3.9,290.0,57,247,57,976.8
2027-02-17 09:00:00,-15.0,12.0,485.3,33,294,70,973.0
2027-02-17 10:00:00,-17.0,15.3,267.1,13,154,79,977.1
2027-02-17 11:00:00,-18.6,13.2,368.8,51,279,43,973.4
2027-02-17 12:00:00,-15.9,14.8,339.5,36,191,56,957.2
2027-02-17 13:00:00,-21.8,14.1,252.0,88,268,76,978.5
2027-02-17 14:00:00,-21.4,13.8,560.1,100,33,46,982.5
2027-02-17 15:00:00,-16.1,0.0,341.4,100,131,47,996.0
2027-02-17 16:00:00,-18.7,23.3,389.3,93,272,52,995.1
2027-02-17 17:00:00,-23.0,18.4,370.8,48,90,65,989.0
2027-02-17 18:00:00,-12.5,7.2,310.7,6,336,40,996.4
2027-02-17 19:00:00,-19.6,14.6,402.1,87,216,81,982.4
2027-02-17 20:00:00,-13.4,8.3,216.2,100,301,87,971.0
2027-02-17 21:00:00,-18.6,4.6,424.0,24,31,60,962.8
2027-02-17 22:00:00,-14.1,18.6,0.0,62,72,65,967.1
2027-02-17 23:00:00,-12.9,14.0,0.0,81,330,58,983.2
2027-02-18 00:00:00,-18.3,10.8,0.0,22,26,53,985.2
2027-02-18 01:00:00,-12.6,18.6,0.0,27,3,85,980.3
2027-02-18 02:00:00,-16.6,15.7,0.0,32,37,40,984.2
2027-02-18 03:00:00,-24.7,11.3,0.0,10,146,71,976.4
2027-02-18 04:00:00,-18.1,7.6,0.0,33,149,45,972.4
2027-02-18 05:00:00,-18.3,6.7,230.2,95,106,73,971.3
2027-02-18 06:00:00,-20.8,11.6,375.0,73,100,71,966.9
2027-02-18 07:00:00,-19.9,5.1,551.9,28,224,83,986.3
2027-02-18 08:00:00,-19.7,13.9,404.6,88,99,74,960.7
2027-02-18 09:00:00,-18.2,17.9,458.2,72,163,44,983.9
2027-02-18 10:00:00,-14.7,8.9,367.3,31,182,86,971.9
2027-02-18 11:00:00,-18.7,6.9,328.4,0,210,58,990.2
2027-02-18 12:00:00,-16.2,9.7,415.4,92,23,70,978.0
2027-02-18 13:00:00,-18.2,3.8,323.2,76,327,66,984.8
2027-02-18 14:00:00,-18.6,11.0,298.3,70,319,52,970.4
2027-02-18 15:00:00,-14.7,16.2,411.6,19,108,69,992.6
2027-02-18 16:00:00,-15.2,9.7,375.9,93,297,74,1002.8
2027-02-18 17:00:00,-20.2,9.9,395.9,35,319,40,963.7
2027-02-18 18:00:00,-18.1,7.6,495.9,3,66,55,970.7
2027-02-18 19:00:00,-16.6,11.1,317.2,65,65,55,997.4
2027-02-18 20:00:00,-15.6,15.8,282.8,63,187,68,976.3
2027-02-18 21:00:00,-12.2,11.9,464.3,30,107,64,992.5
2027-02-18 22:00:00,-16.1,8.3,0.0,28,53,46,986.0
2027-02-18 23:00:00,-17.8,13.6,0.0,63,186,66,966.8
2027-02-19 00:00:00,-14.0,9.3,0.0,98,312,79,964.7
2027-02-19 01:00:00,-19.9,7.1,0.0,67,9,76,960.0
2027-02-19 02:00:00,-17.2,9.5,0.0,80,165,48,973.4
2027-02-19 03:00:00,-18.6,19.1,0.0,97,126,52,984.1
2027-02-19 04:00:00,-18.8,13.7,0.0,33,357,81,978.1
2027-02-19 05:00:00,-15.2,14.2,495.8,62,20,53,972.8
2027-02-19 06:00:00,-21.4,14.4,326.5,88,198,42,987.5
2027-02-19 07:00:00,-21.5,9.5,356.0,47,119,62,985.6
2027-02-19 08:00:00,-13.8,20.6,260.1,8,280,60,988.3
2027-02-19 09:00:00,-17.7,7.9,264.8,54,88,70,998.1
2027-02-19 10:00:00,-15.4,13.2,390.6,86,129,63,977.3
2027-02-19 11:00:00,-14.7,17.7,435.1,36,216,66,984.5
2027-02-19 12:00:00,-19.2,0.0,394.8,30,189,87,982.7
2027-02-19 13:00:00,-22.0,13.6,335.1,40,65,47,1004.6
2027-02-19 14:00:00,-21.7,7.0,328.5,92,329,47,981.2
2027-02-19 15:00:00,-16.0,20.1,351.0,26,257,43,997.3
2027-02-19 16:00:00,-24.0,18.6,529.1,64,307,57,968.9
2027-02-19 17:00:00,-19.2,14.7,425.5,85,33,85,986.1
2027-02-19 18:00:00,-19.0,13.3,405.3,93,341,40,995.5
2027-02-19 19:00:00,-15.4,23.1,462.7,59,179,70,974.9
2027-02-19 20:00:00,-20.0,13.4,385.4,85,244,68,988.3
2027-02-19 21:00:00,-20.2,18.3,354.7,38,287,67,964.2
2027-02-19 22:00:00,-18.7,16.9,0.0,36,253,45,966.8
2027-02-19 23:00:00,-19.9,9.5,0.0,96,268,74,982.0
2027-02-20 00:00:00,-17.4,12.2,0.0,51,54,81,986.6
2027-02-20 01:00:00,-13.5,2.9,0.0,94,57,76,968.3
2027-02-20 02:00:00,-19.7,6.3,0.0,20,69,86,984.4
2027-02-20 03:00:00,-14.3,6.8,0.0,79,36,66,990.4
2027-02-20 04:00:00,-18.1,11.7,0.0,25,156,41,983.2
2027-02-20 05:00:00,-17.5,15.2,538.7,91,64,79,947.1
2027-02-20 06:00:00,-14.8,10.3,398.0,28,167,89,982.7
2027-02-20 07:00:00,-22.1,11.4,488.5,55,306,47,994.8
2027-02-20 08:00:00,-22.1,9.8,269.0,12,180,45,981.7
2027-02-20 09:00:00,-19.5,14.4,538.5,2,289,48,978.2
2027-02-20 10:00:00,-26.4,13.0,564.0,89,146,83,982.0
2027-02-20 11:00:00,-19.8,15.8,545.0,4,308,82,973.6
2027-02-20 12:00:00,-17.7,11.7,482.6,4,251,76,981.6
2027-02-20 13:00:00,-18.0,14.1,376.1,93,175,80,973.0
2027-02-20 14:00:00,-22.1,8.0,341.4,60,340,85,983.6
2027-02-20 15:00:00,-13.3,12.5,401.8,23,157,75,980.8
2027-02-20 16:00:00,-18.7,11.4,303.0,7,258,85,975.1
2027-02-20 17:00:00,-18.3,12.5,490.0,36,88,48,965.3
2027-02-20 18:00:00,-23.1,6.9,441.4,38,295,79,971.1
2027-02-20 19:00:00,-12.5,8.9,402.6,96,56,48,977.0
2027-02-20 20:00:00,-18.1,8.3,358.6,20,41,49,982.9
2027-02-20 21:00:00,-15.9,14.9,462.6,58,93,77,970.3
2027-02-20 22:00:00,-18.6,17.8,0.0,23,206,63,988.2
2027-02-20 23:00:00,-16.6,20.2,0.0,24,227,59,975.0
2027-02-21 00:00:00,-21.7,17.3,0.0,1,100,61,980.2
2027-02-21 01:00:00,-19.1,8.9,0.0,59,79,54,968.5
2027-02-21 02:00:00,-18.7,15.2,0.0,64,346,74,964.6
2027-02-21 03:00:00,-22.4,20.1,0.0,47,354,61,980.1
2027-02-21 04:00:00,-16.8,15.2,0.0,19,307,67,985.2
2027-02-21 05:00:00,-20.2,11.9,242.3,76,300,81,974.7
2027-02-21 06:00:00,-17.0,15.2,501.2,72,23,51,959.2
2027-02-21 07:00:00,-11.9,15.9,621.3,59,60,79,979.7
2027-02-21 08:00:00,-11.4,18.3,467.2,92,91,57,980.3
2027-02-21 09:00:00,-17.3,13.7,379.2,44,205,82,974.3
2027-02-21 10:00:00,-18.2,12.9,303.7,37,48,46,980.9
2027-02-21 11:00:00,-18.0,10.5,488.9,16,22,80,988.1
2027-02-21 12:00:00,-16.5,4.0,462.4,42,240,86,974.0
2027-02-21 13:00:00,-20.8,6.3,536.0,0,222,42,979.7
2027-02-21 14:00:00,-16.1,14.1,518.6,14,17,66,984.2
2027-02-21 15:00:00,-24.1,16.1,629.5,44,314,79,999.5
2027-02-21 16:00:00,-9.6,7.8,378.3,62,167,77,960.1
2027-02-21 17:00:00,-14.4,20.7,402.3,17,285,42,962.4
2027-02-21 18:00:00,-17.1,9.8,397.1,9,121,55,977.0
2027-02-21 19:00:00,-19.8,8.1,299.3,26,190,82,970.9
2027-02-21 20:00:00,-18.2,12.3,409.7,59,203,82,982.3
2027-02-21 21:00:00,-17.9,7.9,427.9,85,99,81,971.1
2027-02-21 22:00:00,-19.6,19.6,0.0,27,261,71,980.4
2027-02-21 23:00:00,-19.7,16.1,0.0,37,354,89,976.8
2027-02-22 00:00:00,-19.4,15.8,0.0,3,41,76,980.8
2027-02-22 01:00:00,-21.1,16.3,0.0,51,263,55,991.2
2027-02-22 02:00:00,-18.1,15.5,0.0,63,84,73,987.2
2027-02-22 03:00:00,-18.5,18.4,0.0,29,299,71,966.4
2027-02-22 04:00:00,-18.0,18.5,0.0,48,153,53,993.4
2027-02-22 05:00:00,-13.2,8.0,379.8,40,87,78,979.9
2027-02-22 06:00:00,-17.4,2.4,171.7,26,21,40,977.4
2027-02-22 07:00:00,-14.5,12.9,293.8,79,143,74,992.6
2027-02-22 08:00:00,-21.1,4.5,249.9,2,134,40,982.0
2027-02-22 09:00:00,-25.1,13.8,220.4,68,347,88,970.2
2027-02-22 10:00:00,-22.3,13.8,548.5,3,74,41,986.3
2027-02-22 11:00:00,-22.3,18.0,302.1,19,94,78,981.9
2027-02-22 12:00:00,-16.2,11.5,387.6,87,189,50,990.0
2027-02-22 13:00:00,-14.6,12.2,562.1,59,37,42,977.3
2027-02-22 14:00:00,-22.9,13.8,479.1,73,256,70,977.0
2027-02-22 15:00:00,-21.7,13.2,373.5,78,94,53,979.4
2027-02-22 16:00:00,-24.7,10.8,522.6,5,204,79,982.9
2027-02-22 17:00:00,-23.4,12.0,354.2,54,21,86,978.1
2027-02-22 18:00:00,-21.9,5.9,300.0,25,66,73,971.9
2027-02-22 19:00:00,-21.5,13.4,278.6,71,129,49,997.6
2027-02-22 20:00:00,-19.9,16.0,589.0,74,100,50,982.7
2027-02-22 21:00:00,-19.2,13.5,510.3,13,106,69,989.2
2027-02-22 22:00:00,-21.0,15.5,0.0,11,81,73,971.1
2027-02-22 23:00:00,-21.1,14.2,0.0,17,174,76,971.6
2027-02-23 00:00:00,-18.8,5.6,0.0,87,248,81,981.4
2027-02-23 01:00:00,-21.8,9.5,0.0,4,176,40,995.1
2027-02-23 02:00:00,-27.8,8.8,0.0,18,301,81,965.4
2027-02-23 03:00:00,-20.0,13.4,0.0,82,150,56,961.5
2027-02-23 04:00:00,-17.6,14.8,0.0,16,122,54,984.6
2027-02-23 05:00:00,-22.2,14.1,526.7,35,88,86,971.2
2027-02-23 06:00:00,-18.1,16.8,421.6,48,36,47,984.2
2027-02-23 07:00:00,-20.9,10.7,270.9,65,73,59,967.7
2027-02-23 08:00:00,-14.1,16.1,382.4,49,108,46,983.0
2027-02-23 09:00:00,-20.6,9.4,426.2,27,328,67,972.6
2027-02-23 10:00:00,-18.3,8.2,392.9,27,184,61,984.7
2027-02-23 11:00:00,-22.5,7.3,572.6,32,102,53,971.6
2027-02-23 12:00:00,-20.0,0.6,358.5,68,35,87,975.3
2027-02-23 13:00:00,-20.0,13.2,251.4,32,138,82,976.4
2027-02-23 14:00:00,-20.6,21.8,472.2,64,279,85,981.0
2027-02-23 15:00:00,-15.5,5.0,468.2,7,164,54,982.8
2027-02-23 16:00:00,-16.5,14.5,465.5,96,242,85,984.2
2027-02-23 17:00:00,-17.5,15.0,486.5,6,115,40,1001.1
2027-02-23 18:00:00,-18.5,19.9,557.0,22,272,58,988.3
2027-02-23 19:00:00,-18.2,11.9,454.0,4,132,88,975.0
2027-02-23 20:00:00,-25.8,12.6,312.1,32,104,62,979.1
2027-02-23 21:00:00,-14.7,24.0,372.1,18,298,87,966.1
2027-02-23 22:00:00,-16.4,11.9,0.0,9,343,51,986.4
2027-02-23 23:00:00,-17.8,13.0,0.0,95,34,61,979.1
2027-02-24 00:00:00,-22.0,8.6,0.0,41,210,51,984.1
2027-02-24 01:00:00,-21.0,8.4,0.0,68,3,86,973.0
2027-02-24 02:00:00,-21.7,17.0,0.0,100,154,46,979.3
2027-02-24 03:00:00,-17.1,15.1,0.0,18,161,69,977.1
2027-02-24 04:00:00,-19.7,12.4,0.0,53,355,68,984.2
2027-02-24 05:00:00,-20.7,18.5,500.1,32,298,51,964.3
2027-02-24 06:00:00,-15.0,13.6,238.4,49,76,45,994.1
2027-02-24 07:00:00,-15.3,12.6,415.5,4,150,73,968.1
2027-02-24 08:00:00,-18.9,21.9,467.7,42,298,48,991.0
2027-02-24 09:00:00,-17.8,13.7,362.6,20,233,46,969.6
2027-02-24 10:00:00,-18.6,19.9,474.6,87,279,44,965.0
2027-02-24 11:00:00,-19.4,21.0,489.9,77,103,57,984.0
2027-02-24 12:00:00,-20.8,15.4,415.9,65,220,50,992.0
2027-02-24 13:00:00,-17.7,20.2,551.7,23,256,66,984.1
2027-02-24 14:00:00,-17.6,14.7,397.7,4,349,77,992.1
2027-02-24 15:00:00,-21.6,9.5,329.9,73,339,81,977.0
2027-02-24 16:00:00,-22.0,4.2,111.9,96,289,89,983.8
2027-02-24 17:00:00,-17.0,14.6,571.5,43,119,42,987.3
2027-02-24 18:00:00,-17.5,19.0,443.8,7,345,71,979.0
2027-02-24 19:00:00,-19.3,5.1,450.5,25,16,55,989.3
2027-02-24 20:00:00,-16.6,12.0,391.5,57,36,64,990.3
2027-02-24 21:00:00,-21.8,17.0,409.4,46,138,73,993.2
2027-02-24 22:00:00,-21.8,6.8,0.0,37,197,73,980.9
2027-02-24 23:00:00,-21.7,10.6,0.0,65,13,87,980.4
2027-02-25 00:00:00,-23.9,9.6,0.0,74,40,61,978.5
2027-02-25 01:00:00,-20.2,15.5,0.0,17,161,45,991.4
2027-02-25 02:00:00,-18.3,18.5,0.0,13,83,78,980.3
2027-02-25 03:00:00,-22.1,14.4,0.0,5,75,46,967.6
2027-02-25 04:00:00,-20.9,5.5,0.0,53,253,86,969.8
2027-02-25 05:00:00,-21.5,10.4,420.2,13,31,54,976.9
2027-02-25 06:00:00,-20.7,14.5,407.7,1,282,67,970.1
2027-02-25 07:00:00,-18.4,12.7,486.0,73,129,80,989.8
2027-02-25 08:00:00,-16.2,0.9,361.9,71,21,68,979.7
2027-02-25 09:00:00,-19.5,15.6,436.8,53,260,44,983.4
2027-02-25 10:00:00,-18.6,7.7,316.0,56,198,77,997.8
2027-02-25 11:00:00,-16.0,4.0,392.4,18,300,87,971.2
2027-02-25 12:00:00,-17.9,15.8,386.9,74,67,80,992.8
2027-02-25 13:00:00,-15.7,12.2,594.5,9,197,73,991.2
2027-02-25 14:00:00,-19.1,9.3,441.2,23,282,58,1011.4
2027-02-25 15:00:00,-19.2,11.2,359.5,69,234,49,987.8
2027-02-25 16:00:00,-20.8,4.7,509.6,22,351,68,965.8
2027-02-25 17:00:00,-17.1,18.7,479.2,76,248,82,986.1
2027-02-25 18:00:00,-22.8,14.0,341.4,4,186,47,994.0
2027-02-25 19:00:00,-26.7,10.4,513.9,16,59,82,975.6
2027-02-25 20:00:00,-18.5,18.1,424.7,32,147,82,984.3
2027-02-25 21:00:00,-25.2,14.8,264.8,5,272,75,982.6
2027-02-25 22:00:00,-25.2,13.2,0.0,98,39,42,952.1
2027-02-25 23:00:00,-21.0,6.6,0.0,41,319,42,973.8
2027-02-26 00:00:00,-21.9,7.2,0.0,3,116,60,985.2
2027-02-26 01:00:00,-17.1,17.1,0.0,50,232,54,962.3
2027-02-26 02:00:00,-21.9,8.5,0.0,34,9,61,967.8
2027-02-26 03:00:00,-23.2,14.8,0.0,33,105,69,991.1
2027-02-26 04:00:00,-20.6,16.8,0.0,96,41,77,988.5
2027-02-26 05:00:00,-19.7,2.9,334.0,63,212,68,986.5
2027-02-26 06:00:00,-19.0,21.4,548.4,17,312,53,990.8
2027-02-26 07:00:00,-18.6,9.8,421.1,73,177,72,988.6
2027-02-26 08:00:00,-22.7,7.8,409.3,64,246,85,988.0
2027-02-26 09:00:00,-16.3,16.2,417.0,35,103,86,988.5
2027-02-26 10:00:00,-19.2,25.3,485.0,60,271,68,989.5
2027-02-26 11:00:00,-18.6,14.0,409.4,89,42,76,969.1
2027-02-26 12:00:00,-18.3,11.5,376.0,32,208,58,981.8
2027-02-26 13:00:00,-16.9,16.0,382.9,41,119,71,951.2
2027-02-26 14:00:00,-25.9,16.1,422.1,1,142,43,963.1
2027-02-26 15:00:00,-18.5,12.9,263.2,20,43,50,971.3
2027-02-26 16:00:00,-20.7,13.9,381.0,94,8,81,973.4
2027-02-26 17:00:00,-19.6,13.4,225.8,89,74,61,988.2
2027-02-26 18:00:00,-17.7,8.5,468.2,44,161,47,980.0
2027-02-26 19:00:00,-21.7,2.7,406.0,82,94,72,976.5
2027-02-26 20:00:00,-19.0,10.5,256.0,54,98,64,975.1
2027-02-26 21:00:00,-19.6,10.3,569.3,7,140,85,990.9
2027-02-26 22:00:00,-19.5,11.7,0.0,95,71,64,975.2
2027-02-26 23:00:00,-23.4,8.3,0.0,28,299,40,983.8
2027-02-27 00:00:00,-17.7,8.6,0.0,33,266,70,984.2
2027-02-27 01:00:00,-19.6,13.8,0.0,82,249,84,991.2
2027-02-27 02:00:00,-22.2,15.1,0.0,83,284,48,967.8
2027-02-27 03:00:00,-17.0,5.0,0.0,70,113,71,988.4
2027-02-27 04:00:00,-20.5,12.0,0.0,18,97,54,976.1
2027-02-27 05:00:00,-21.9,20.8,240.1,83,248,51,985.7
2027-02-27 06:00:00,-21.7,8.1,277.7,44,25,71,970.5
2027-02-27 07:00:00,-20.2,15.6,518.2,61,191,56,990.6
2027-02-27 08:00:00,-19.0,7.2,299.0,98,246,75,989.2
2027-02-27 09:00:00,-17.8,16.0,358.3,74,62,69,974.3
2027-02-27 10:00:00,-23.0,7.2,435.2,70,2,83,988.9
2027-02-27 11:00:00,-20.6,13.4,348.9,79,173,66,979.3
2027-02-27 12:00:00,-17.6,13.3,384.7,56,318,63,972.7
2027-02-27 13:00:00,-18.2,10.1,592.2,74,324,52,962.0
2027-02-27 14:00:00,-22.9,12.0,438.5,98,121,70,996.9
2027-02-27 15:00:00,-21.4,3.8,371.4,33,296,76,984.5
2027-02-27 16:00:00,-19.6,11.7,512.5,68,121,44,1001.5
2027-02-27 17:00:00,-22.1,11.9,202.6,78,201,74,987.4
2027-02-27 18:00:00,-21.6,9.2,482.7,69,69,85,957.2
2027-02-27 19:00:00,-19.8,13.8,541.3,48,46,40,982.6
2027-02-27 20:00:00,-21.1,13.5,427.9,65,119,83,978.1
2027-02-27 21:00:00,-21.1,8.8,309.6,58,245,72,979.5
2027-02-27 22:00:00,-20.2,0.0,0.0,64,138,61,988.1
2027-02-27 23:00:00,-22.2,14.2,0.0,37,305,59,967.7
2027-02-28 00:00:00,-21.1,8.9,0.0,60,5,68,986.7
2027-02-28 01:00:00,-24.1,19.4,0.0,5,231,58,954.1
2027-02-28 02:00:00,-22.7,14.0,0.0,77,30,85,1004.0
2027-02-28 03:00:00,-22.6,14.1,0.0,48,320,65,981.5
2027-02-28 04:00:00,-21.3,12.9,0.0,38,66,85,985.6
2027-02-28 05:00:00,-21.0,12.3,318.8,89,135,77,976.1
2027-02-28 06:00:00,-24.1,6.9,260.3,29,221,62,976.3
2027-02-28 07:00:00,-15.7,16.1,318.3,97,31,57,994.0
2027-02-28 08:00:00,-20.3,5.9,517.6,59,148,63,978.3
2027-02-28 09:00:00,-18.7,10.3,467.2,18,353,85,977.5
2027-02-28 10:00:00,-19.3,12.6,491.8,5,213,77,985.0
2027-02-28 11:00:00,-19.8,8.2,462.4,47,250,52,987.8
2027-02-28 12:00:00,-20.4,2.7,261.1,97,137,42,998.3
2027-02-28 13:00:00,-23.6,12.7,330.8,45,245,62,991.1
2027-02-28 14:00:00,-16.6,11.5,321.2,77,359,71,994.6
2027-02-28 15:00:00,-20.0,9.8,493.1,59,221,86,976.5
2027-02-28 16:00:00,-22.3,11.2,350.8,67,176,58,999.0
2027-02-28 17:00:00,-20.2,15.9,447.0,87,331,44,977.5
2027-02-28 18:00:00,-20.7,21.0,377.3,22,91,72,966.1
2027-02-28 19:00:00,-19.8,11.5,375.6,85,138,88,964.2
2027-02-28 20:00:00,-25.9,12.5,310.5,16,125,41,974.3
2027-02-28 21:00:00,-21.9,18.4,409.9,43,226,50,988.4
2027-02-28 22:00:00,-24.4,0.4,0.0,50,265,69,985.6
2027-02-28 23:00:00,-18.3,5.5,0.0,17,114,72,994.2
2027-03-01 00:00:00,-22.6,9.4,0.0,25,342,40,964.6
2027-03-01 01:00:00,-18.0,14.5,0.0,27,254,69,955.1
2027-03-01 02:00:00,-26.8,11.2,0.0,24,15,54,968.3
2027-03-01 03:00:00,-21.4,11.6,0.0,54,139,59,978.0
2027-03-01 04:00:00,-20.1,15.8,0.0,39,44,63,980.4
2027-03-01 05:00:00,-28.3,15.5,534.6,48,177,56,992.2
2027-03-01 06:00:00,-22.2,14.2,387.6,32,197,89,999.9
2027-03-01 07:00:00,-19.7,20.9,310.7,10,29,65,981.9
2027-03-01 08:00:00,-18.0,0.4,385.9,57,269,79,980.1
2027-03-01 09:00:00,-20.2,11.2,468.5,39,282,77,982.3
2027-03-01 10:00:00,-19.1,5.5,377.8,46,94,84,973.4
2027-03-01 11:00:00,-24.3,14.1,336.6,30,319,77,992.5
2027-03-01 12:00:00,-18.3,16.6,401.5,89,224,44,988.6
2027-03-01 13:00:00,-20.7,10.4,304.7,39,59,88,973.4
2027-03-01 14:00:00,-21.1,5.5,522.0,18,17,51,986.8
2027-03-01 15:00:00,-19.0,8.0,495.4,61,294,43,980.9
2027-03-01 16:00:00,-18.8,16.7,216.1,39,315,71,983.5
2027-03-01 17:00:00,-19.2,9.9,494.2,42,187,79,977.7
2027-03-01 18:00:00,-26.0,9.8,242.7,51,65,70,980.5
2027-03-01 19:00:00,-18.1,17.8,411.4,27,242,49,984.0
2027-03-01 20:00:00,-23.0,12.3,332.2,18,229,50,980.1
2027-03-01 21:00:00,-20.1,17.1,378.6,80,58,83,979.8
2027-03-01 22:00:00,-18.2,18.0,0.0,92,337,46,967.2
2027-03-01 23:00:00,-19.0,11.8,0.0,67,33,77,985.5
2027-03-02 00:00:00,-15.9,6.7,0.0,16,216,70,967.8
2027-03-02 01:00:00,-21.0,3.9,0.0,39,166,66,977.1
2027-03-02 02:00:00,-24.8,0.0,0.0,88,46,69,979.7
2027-03-02 03:00:00,-16.0,16.9,0.0,86,358,59,987.8
2027-03-02 04:00:00,-17.6,12.2,0.0,99,260,54,989.1
2027-03-02 05:00:00,-19.3,11.0,330.7,92,184,44,978.0
2027-03-02 06:00:00,-22.4,2.2,616.8,99,96,87,981.0
2027-03-02 07:00:00,-19.0,14.9,444.9,63,239,43,980.4
2027-03-02 08:00:00,-20.1,14.6,657.4,80,168,51,961.7
2027-03-02 09:00:00,-21.7,0.0,344.3,32,110,42,980.2
2027-03-02 10:00:00,-17.8,10.4,504.3,1,109,65,980.8
2027-03-02 11:00:00,-19.4,14.5,410.8,91,70,63,993.0
2027-03-02 12:00:00,-20.9,14.8,473.4,95,351,64,991.6
2027-03-02 13:00:00,-21.2,24.4,383.3,5,156,89,981.3
2027-03-02 14:00:00,-26.4,12.6,276.0,56,186,81,965.0
2027-03-02 15:00:00,-15.5,7.4,361.8,81,33,44,961.1
2027-03-02 16:00:00,-11.4,12.4,447.7,49,279,42,975.7
2027-03-02 17:00:00,-20.6,13.0,267.7,32,84,85,977.5
2027-03-02 18:00:00,-17.4,22.7,194.6,10,89,66,977.3
2027-03-02 19:00:00,-17.1,2.6,382.8,64,346,55,973.6
2027-03-02 20:00:00,-18.4,12.7,321.4,10,310,87,993.7
2027-03-02 21:00:00,-17.6,8.8,437.5,7,45,68,971.1
2027-03-02 22:00:00,-24.2,12.0,0.0,25,134,50,988.1
2027-03-02 23:00:00,-22.1,14.1,0.0,15,156,87,975.5
2027-03-03 00:00:00,-22.5,16.7,0.0,70,34,63,976.5
2027-03-03 01:00:00,-19.4,15.8,0.0,0,272,70,990.5
2027-03-03 02:00:00,-25.2,12.6,0.0,84,55,55,981.4
2027-03-03 03:00:00,-20.6,9.2,0.0,34,300,42,987.9
2027-03-03 04:00:00,-21.4,7.7,0.0,65,275,55,963.7
2027-03-03 05:00:00,-24.7,19.2,390.8,27,269,85,986.2
2027-03-03 06:00:00,-27.3,14.1,390.0,55,246,82,983.1
2027-03-03 07:00:00,-25.5,12.5,231.2,83,357,83,995.1
2027-03-03 08:00:00,-21.9,7.1,351.3,76,224,84,988.8
2027-03-03 09:00:00,-23.3,16.4,402.5,13,338,42,989.6
2027-03-03 10:00:00,-20.2,16.1,232.3,13,316,71,975.7
2027-03-03 11:00:00,-22.7,5.7,486.6,84,146,57,993.1
2027-03-03 12:00:00,-16.0,13.3,450.1,83,265,51,996.5
2027-03-03 13:00:00,-16.8,15.1,378.1,32,90,51,984.0
2027-03-03 14:00:00,-15.6,9.6,428.7,11,181,46,994.0
2027-03-03 15:00:00,-22.8,6.1,213.8,58,156,87,993.9
2027-03-03 16:00:00,-19.3,14.8,390.9,5,13,88,971.3
2027-03-03 17:00:00,-19.0,17.0,367.8,74,138,86,983.9
2027-03-03 18:00:00,-21.7,17.9,268.0,66,283,54,973.2
2027-03-03 19:00:00,-18.2,16.4,433.3,47,25,48,983.2
2027-03-03 20:00:00,-19.3,13.8,466.0,73,75,48,969.7
2027-03-03 21:00:00,-19.9,10.9,418.9,53,75,72,975.9
2027-03-03 22:00:00,-22.7,17.9,0.0,8,338,47,967.7
2027-03-03 23:00:00,-15.2,14.1,0.0,44,179,89,970.4
2027-03-04 00:00:00,-21.9,12.2,0.0,24,292,71,984.1
2027-03-04 01:00:00,-24.3,0.0,0.0,43,76,44,988.6
2027-03-04 02:00:00,-22.3,16.8,0.0,1,69,88,972.8
2027-03-04 03:00:00,-23.7,15.1,0.0,45,98,87,986.1
2027-03-04 04:00:00,-23.3,10.9,0.0,35,218,84,986.8
2027-03-04 05:00:00,-25.6,7.9,453.5,63,355,60,977.8
2027-03-04 06:00:00,-22.2,12.1,342.5,47,165,68,997.4
2027-03-04 07:00:00,-23.8,12.3,488.7,38,282,63,973.3
2027-03-04 08:00:00,-20.9,16.4,389.7,56,73,46,972.3
2027-03-04 09:00:00,-22.7,4.7,328.9,62,181,67,978.6
2027-03-04 10:00:00,-26.2,5.1,443.6,55,358,42,975.1
2027-03-04 11:00:00,-23.2,0.0,547.0,92,298,84,967.8
2027-03-04 12:00:00,-25.3,3.6,184.8,38,110,74,974.0
2027-03-04 13:00:00,-20.1,13.8,378.8,70,353,50,984.4
2027-03-04 14:00:00,-20.6,10.8,459.5,21,237,58,992.0
2027-03-04 15:00:00,-16.6,3.3,346.9,25,225,52,989.4
2027-03-04 16:00:00,-21.3,12.8,476.0,52,260,63,972.5
2027-03-04 17:00:00,-24.1,12.6,633.0,94,306,40,988.6
2027-03-04 18:00:00,-19.0,7.0,515.0,14,351,89,980.8
2027-03-04 19:00:00,-18.2,8.5,402.3,71,325,66,984.6
2027-03-04 20:00:00,-25.4,14.0,435.2,0,348,40,970.0
2027-03-04 21:00:00,-24.1,7.7,376.4,14,317,85,973.3
2027-03-04 22:00:00,-18.4,9.3,0.0,37,258,44,982.5
2027-03-04 23:00:00,-16.0,12.2,0.0,44,191,60,976.2
2027-03-05 00:00:00,-22.6,12.6,0.0,45,81,85,954.9
2027-03-05 01:00:00,-25.4,13.7,0.0,17,181,61,995.0
2027-03-05 02:00:00,-20.9,13.0,0.0,75,334,77,992.4
2027-03-05 03:00:00,-19.8,11.3,0.0,35,295,55,973.8
2027-03-05 04:00:00,-18.3,7.6,0.0,24,359,65,979.8
2027-03-05 05:00:00,-20.7,14.7,293.3,77,289,40,967.2
2027-03-05 06:00:00,-20.8,18.0,368.5,76,344,60,995.9
2027-03-05 07:00:00,-21.8,13.4,324.8,68,260,83,980.8
2027-03-05 08:00:00,-19.3,2.9,283.5,67,210,45,972.8
2027-03-05 09:00:00,-18.6,11.7,431.2,41,95,57,966.9
2027-03-05 10:00:00,-24.7,7.1,434.1,45,261,74,976.1
2027-03-05 11:00:00,-16.3,16.6,468.0,59,23,82,972.6
2027-03-05 12:00:00,-23.0,18.3,321.8,37,151,83,978.4
2027-03-05 13:00:00,-18.9,10.1,348.1,52,212,51,964.6
2027-03-05 14:00:00,-25.3,17.0,585.4,7,80,46,981.8
2027-03-05 15:00:00,-25.1,11.6,364.9,6,24,76,999.0
2027-03-05 16:00:00,-23.0,13.7,318.3,8,53,68,985.6
2027-03-05 17:00:00,-19.2,14.6,403.0,3,228,77,992.7
2027-03-05 18:00:00,-27.1,15.5,294.9,87,102,82,977.4
2027-03-05 19:00:00,-24.8,21.3,198.5,49,169,54,977.8
2027-03-05 20:00:00,-20.8,6.7,349.0,58,147,72,989.9
2027-03-05 21:00:00,-28.1,18.5,401.8,77,237,65,972.0
2027-03-05 22:00:00,-22.8,11.1,0.0,33,294,78,966.0
2027-03-05 23:00:00,-14.4,14.0,0.0,78,236,43,979.8
2027-03-06 00:00:00,-18.9,6.0,0.0,98,266,45,1000.2
2027-03-06 01:00:00,-18.1,4.6,0.0,76,305,40,982.0
2027-03-06 02:00:00,-22.3,10.2,0.0,85,120,66,985.6
2027-03-06 03:00:00,-20.1,9.8,0.0,29,177,87,979.5
2027-03-06 04:00:00,-17.3,11.0,0.0,80,68,60,975.4
2027-03-06 05:00:00,-24.3,17.8,332.2,47,120,81,988.9
2027-03-06 06:00:00,-21.4,18.3,332.5,91,339,74,973.6
2027-03-06 07:00:00,-24.7,6.8,435.9,70,5,42,976.2
2027-03-06 08:00:00,-19.5,7.2,406.5,36,301,40,977.6
2027-03-06 09:00:00,-20.1,3.6,365.2,34,185,69,993.5
2027-03-06 10:00:00,-20.8,13.4,391.7,26,317,57,986.8
2027-03-06 11:00:00,-20.6,3.9,414.7,2,17,86,977.6
2027-03-06 12:00:00,-20.4,13.6,356.4,47,184,44,994.1
2027-03-06 13:00:00,-21.5,21.2,335.1,66,135,82,969.0
2027-03-06 14:00:00,-28.0,9.5,430.6,73,70,41,975.2
2027-03-06 15:00:00,-23.3,12.3,464.3,82,188,69,975.5
2027-03-06 16:00:00,-18.7,9.6,332.7,52,200,60,984.5
2027-03-06 17:00:00,-18.8,13.1,426.1,100,353,67,963.9
2027-03-06 18:00:00,-20.4,15.7,588.9,11,217,49,963.0
2027-03-06 19:00:00,-20.6,13.3,440.6,55,218,80,998.5
2027-03-06 20:00:00,-19.3,7.2,549.4,26,265,54,975.9
2027-03-06 21:00:00,-21.1,5.1,478.5,76,308,79,982.4
2027-03-06 22:00:00,-22.4,16.8,0.0,23,281,76,965.9
2027-03-06 23:00:00,-14.1,7.4,0.0,3,58,60,988.7
2027-03-07 00:00:00,-23.0,21.7,0.0,78,75,69,984.0
2027-03-07 01:00:00,-18.2,5.3,0.0,74,291,72,994.5
2027-03-07 02:00:00,-22.9,14.5,0.0,8,179,75,990.6
2027-03-07 03:00:00,-22.4,9.7,0.0,19,296,43,964.3
2027-03-07 04:00:00,-20.5,10.7,0.0,74,250,51,978.2
2027-03-07 05:00:00,-23.7,9.7,439.2,77,86,76,989.6
2027-03-07 06:00:00,-24.5,14.6,427.0,85,210,45,989.5
2027-03-07 07:00:00,-27.4,7.0,393.4,16,190,56,960.5
2027-03-07 08:00:00,-22.2,16.6,435.3,65,180,84,975.4
2027-03-07 09:00:00,-22.8,16.2,296.5,17,77,85,990.7
2027-03-07 10:00:00,-26.0,11.7,255.5,63,203,80,963.3
2027-03-07 11:00:00,-26.0,5.7,648.5,27,281,72,984.9
2027-03-07 12:00:00,-22.3,7.9,408.8,21,158,48,970.4
2027-03-07 13:00:00,-22.2,9.6,477.4,38,258,57,963.1
2027-03-07 14:00:00,-21.2,10.9,380.1,1,101,83,981.8
2027-03-07 15:00:00,-26.9,15.5,504.2,72,308,78,973.8
2027-03-07 16:00:00,-18.3,6.2,473.4,99,32,76,985.5
2027-03-07 17:00:00,-19.9,18.3,392.7,97,124,89,969.0
2027-03-07 18:00:00,-25.6,11.2,253.0,45,221,84,984.7
2027-03-07 19:00:00,-17.0,8.5,377.0,13,94,74,972.0
2027-03-07 20:00:00,-26.4,17.4,386.1,11,95,80,992.7
2027-03-07 21:00:00,-21.9,15.1,461.0,81,199,44,976.3
2027-03-07 22:00:00,-14.0,17.7,0.0,80,259,74,987.7
2027-03-07 23:00:00,-19.7,11.8,0.0,75,196,85,984.8
2027-03-08 00:00:00,-22.1,20.0,0.0,69,268,87,978.9
2027-03-08 01:00:00,-24.6,16.0,0.0,64,75,84,985.5
2027-03-08 02:00:00,-24.0,20.0,0.0,38,171,70,990.5
2027-03-08 03:00:00,-25.6,28.5,0.0,21,356,56,982.8
2027-03-08 04:00:00,-28.9,11.0,0.0,99,288,66,985.8
2027-03-08 05:00:00,-20.8,21.1,325.9,94,105,41,989.0
2027-03-08 06:00:00,-24.6,17.6,295.4,53,307,76,955.5
2027-03-08 07:00:00,-27.0,9.1,363.3,98,69,72,987.9
2027-03-08 08:00:00,-17.7,9.1,447.7,99,281,63,988.6
2027-03-08 09:00:00,-20.1,5.4,334.0,77,231,84,985.1
2027-03-08 10:00:00,-25.3,13.6,277.9,9,285,76,983.9
2027-03-08 11:00:00,-24.1,0.0,270.4,4,248,61,977.5
2027-03-08 12:00:00,-20.6,13.2,401.8,39,319,80,985.8
2027-03-08 13:00:00,-19.8,13.6,177.8,53,357,87,977.6
2027-03-08 14:00:00,-22.9,9.6,412.3,45,239,80,999.8
2027-03-08 15:00:00,-20.2,6.9,262.1,10,275,42,982.0
2027-03-08 16:00:00,-22.6,9.4,517.6,93,218,41,972.6
2027-03-08 17:00:00,-21.5,1.7,525.7,67,23,41,983.6
2027-03-08 18:00:00,-24.2,18.1,300.4,20,234,63,969.0
2027-03-08 19:00:00,-14.4,9.6,430.4,49,39,58,976.7
2027-03-08 20:00:00,-25.2,8.4,350.2,50,56,61,956.7
2027-03-08 21:00:00,-27.2,12.4,473.5,65,13,49,979.8
2027-03-08 22:00:00,-22.3,14.4,0.0,82,272,69,983.5
2027-03-08 23:00:00,-22.3,12.3,0.0,52,84,41,980.3
2027-03-09 00:00:00,-24.0,7.0,0.0,58,284,43,984.8
2027-03-09 01:00:00,-17.6,20.2,0.0,38,324,67,978.2
2027-03-09 02:00:00,-25.4,10.9,0.0,58,130,68,972.0
2027-03-09 03:00:00,-24.3,12.3,0.0,91,223,61,1000.3
2027-03-09 04:00:00,-17.6,8.5,0.0,4,245,73,992.4
2027-03-09 05:00:00,-22.8,2.7,243.8,45,20,50,979.3
2027-03-09 06:00:00,-17.2,7.3,334.7,49,220,85,996.9
2027-03-09 07:00:00,-19.7,14.4,400.5,68,208,59,975.1
2027-03-09 08:00:00,-25.7,14.0,410.0,89,242,81,999.5
2027-03-09 09:00:00,-19.8,9.2,560.2,41,193,54,981.6
2027-03-09 10:00:00,-24.2,11.1,374.2,6,190,60,965.1
2027-03-09 11:00:00,-27.4,7.9,424.8,80,250,78,996.2
2027-03-09 12:00:00,-18.3,9.6,351.6,58,349,83,984.7
2027-03-09 13:00:00,-22.6,16.8,375.3,8,149,57,979.9
2027-03-09 14:00:00,-28.8,12.7,688.3,5,316,75,979.5
2027-03-09 15:00:00,-20.8,6.0,449.2,90,203,59,979.4
2027-03-09 16:00:00,-23.7,11.1,363.9,19,23,59,978.9
2027-03-09 17:00:00,-22.1,12.8,398.9,59,8,57,991.8
2027-03-09 18:00:00,-24.8,12.7,278.1,10,208,58,980.5
2027-03-09 19:00:00,-25.3,18.3,420.4,92,322,84,968.7
2027-03-09 20:00:00,-21.8,11.6,475.6,82,42,81,968.6
2027-03-09 21:00:00,-25.7,10.1,255.4,97,262,40,971.1
2027-03-09 22:00:00,-21.1,11.4,0.0,20,72,87,983.2
2027-03-09 23:00:00,-20.9,6.8,0.0,72,198,70,981.0
2027-03-10 00:00:00,-17.2,3.1,0.0,60,57,46,980.4
2027-03-10 01:00:00,-24.7,10.0,0.0,7,31,79,999.4
2027-03-10 02:00:00,-22.0,8.7,0.0,9,244,41,969.5
2027-03-10 03:00:00,-20.8,6.2,0.0,17,72,89,972.0
2027-03-10 04:00:00,-24.2,13.0,0.0,34,196,47,973.2
2027-03-10 05:00:00,-24.4,0.0,343.0,83,47,56,946.1
2027-03-10 06:00:00,-24.3,15.9,525.9,98,220,87,986.6
2027-03-10 07:00:00,-24.4,14.2,504.6,29,293,78,958.7
2027-03-10 08:00:00,-21.9,15.4,401.7,86,305,60,967.7
2027-03-10 09:00:00,-18.0,11.9,378.3,65,196,71,988.1
2027-03-10 10:00:00,-19.8,4.9,208.9,18,311,45,961.4
2027-03-10 11:00:00,-15.6,12.3,592.3,78,201,47,984.4
2027-03-10 12:00:00,-23.5,14.9,289.9,52,136,63,981.8
2027-03-10 13:00:00,-18.1,0.0,377.4,80,24,86,986.8
2027-03-10 14:00:00,-26.3,8.0,365.9,47,55,63,981.1
2027-03-10 15:00:00,-26.7,18.3,380.0,82,79,52,975.7
2027-03-10 16:00:00,-20.7,9.7,417.0,10,92,76,987.5
2027-03-10 17:00:00,-27.7,15.2,352.5,65,222,67,975.7
2027-03-10 18:00:00,-24.0,5.6,340.0,25,174,78,991.3
2027-03-10 19:00:00,-23.5,10.7,384.7,24,218,49,988.6
2027-03-10 20:00:00,-25.1,11.3,395.9,80,18,71,1003.1
2027-03-10 21:00:00,-17.8,5.4,547.3,32,143,71,968.9
2027-03-10 22:00:00,-26.3,10.7,0.0,26,45,48,980.7
2027-03-10 23:00:00,-23.1,11.7,0.0,41,332,56,979.2
2027-03-11 00:00:00,-22.1,17.1,0.0,5,108,64,984.2
2027-03-11 01:00:00,-21.8,16.9,0.0,8,70,66,971.3
2027-03-11 02:00:00,-21.6,16.1,0.0,8,93,72,985.5
2027-03-11 03:00:00,-23.4,1.2,0.0,46,13,50,974.7
2027-03-11 04:00:00,-24.9,12.9,0.0,39,38,41,979.2
2027-03-11 05:00:00,-24.5,18.0,441.6,58,208,51,988.9
2027-03-11 06:00:00,-28.2,14.6,586.0,66,201,56,988.8
2027-03-11 07:00:00,-31.0,14.8,370.1,22,155,71,985.8
2027-03-11 08:00:00,-31.7,12.8,427.0,95,71,60,1004.7
2027-03-11 09:00:00,-23.9,12.4,484.5,12,108,45,994.1
2027-03-11 10:00:00,-19.3,9.4,363.1,88,31,89,993.3
2027-03-11 11:00:00,-21.8,17.0,342.4,43,328,59,984.0
2027-03-11 12:00:00,-25.1,14.4,539.0,43,74,64,979.8
2027-03-11 13:00:00,-24.8,8.5,296.1,49,235,73,981.5
2027-03-11 14:00:00,-28.6,6.2,365.3,17,125,87,987.1
2027-03-11 15:00:00,-21.7,9.8,493.0,81,41,50,983.7
2027-03-11 16:00:00,-26.0,7.2,376.9,35,213,84,977.6
2027-03-11 17:00:00,-24.4,8.0,425.7,57,278,45,983.5
2027-03-11 18:00:00,-18.9,10.0,408.0,49,168,76,982.8
2027-03-11 19:00:00,-19.5,9.6,337.4,47,238,75,972.6
2027-03-11 20:00:00,-27.6,12.6,410.1,73,181,62,981.3
2027-03-11 21:00:00,-20.4,8.3,392.2,75,301,88,977.3
2027-03-11 22:00:00,-21.7,4.3,0.0,53,225,69,989.4
2027-03-11 23:00:00,-24.0,11.8,0.0,30,160,80,992.5
2027-03-12 00:00:00,-21.2,10.0,0.0,65,67,48,968.6
2027-03-12 01:00:00,-27.8,8.4,0.0,81,225,88,976.8
2027-03-12 02:00:00,-28.0,12.6,0.0,22,9,55,975.6
2027-03-12 03:00:00,-21.4,12.6,0.0,9,143,69,974.0
2027-03-12 04:00:00,-19.5,9.5,0.0,63,50,46,970.2
2027-03-12 05:00:00,-25.2,12.5,455.6,74,270,66,967.2
2027-03-12 06:00:00,-25.3,12.7,341.8,41,103,51,978.2
2027-03-12 07:00:00,-25.9,16.3,418.1,24,35,65,977.9
2027-03-12 08:00:00,-23.4,11.4,458.3,37,53,63,977.1
2027-03-12 09:00:00,-23.5,15.2,371.2,51,122,85,982.2
2027-03-12 10:00:00,-26.6,12.6,278.8,35,199,75,977.3
2027-03-12 11:00:00,-24.5,16.2,595.4,29,318,46,988.5
2027-03-12 12:00:00,-28.0,8.2,468.1,6,92,71,978.8
2027-03-12 13:00:00,-19.0,13.7,304.6,9,191,54,969.0
2027-03-12 14:00:00,-19.8,19.3,326.2,66,9,88,967.3
2027-03-12 15:00:00,-23.1,4.2,407.3,8,126,56,984.1
2027-03-12 16:00:00,-21.8,18.1,289.0,16,142,88,970.0
2027-03-12 17:00:00,-19.7,10.5,473.8,26,203,86,995.9
2027-03-12 18:00:00,-25.5,7.1,498.9,19,126,52,968.5
2027-03-12 19:00:00,-23.1,18.7,436.6,16,115,73,985.9
2027-03-12 20:00:00,-25.4,17.5,336.2,78,159,59,992.1
2027-03-12 21:00:00,-29.2,6.6,434.3,47,273,80,967.6
2027-03-12 22:00:00,-24.8,2.8,0.0,41,325,72,984.0
2027-03-12 23:00:00,-28.8,8.7,0.0,89,52,89,970.8
2027-03-13 00:00:00,-24.7,18.1,0.0,67,223,72,979.0
2027-03-13 01:00:00,-21.7,24.1,0.0,57,57,84,970.1
2027-03-13 02:00:00,-27.3,15.1,0.0,4,225,42,984.1
2027-03-13 03:00:00,-27.2,8.4,0.0,25,19,86,968.6
2027-03-13 04:00:00,-22.1,8.3,0.0,97,84,47,970.9
2027-03-13 05:00:00,-23.8,14.3,523.6,43,331,59,972.1
2027-03-13 06:00:00,-29.6,10.0,438.7,32,298,58,992.2
2027-03-13 07:00:00,-21.7,16.7,331.2,92,292,75,985.9
2027-03-13 08:00:00,-29.0,6.1,345.7,6,302,57,975.4
2027-03-13 09:00:00,-17.8,10.8,346.0,37,193,50,972.4
2027-03-13 10:00:00,-28.8,14.6,487.7,98,66,70,996.1
2027-03-13 11:00:00,-27.7,13.9,309.1,35,112,57,984.7
2027-03-13 12:00:00,-22.8,11.2,293.6,57,28,86,985.3
2027-03-13 13:00:00,-25.0,7.5,311.8,22,192,68,989.6
2027-03-13 14:00:00,-18.7,2.5,457.6,86,49,88,969.4
2027-03-13 15:00:00,-26.1,19.6,335.9,21,202,79,981.6
2027-03-13 16:00:00,-21.8,6.7,384.7,13,6,87,982.2
2027-03-13 17:00:00,-25.6,12.3,361.5,32,56,56,968.7
2027-03-13 18:00:00,-21.8,14.5,458.3,77,271,73,977.4
2027-03-13 19:00:00,-22.3,2.2,476.6,6,281,47,989.8
2027-03-13 20:00:00,-23.2,24.0,327.5,3,167,62,995.5
2027-03-13 21:00:00,-25.5,10.3,364.9,81,279,55,983.3
2027-03-13 22:00:00,-25.3,17.1,0.0,78,79,40,973.3
2027-03-13 23:00:00,-18.1,16.0,0.0,26,224,60,975.8
2027-03-14 00:00:00,-20.1,3.4,0.0,17,329,88,977.5
2027-03-14 01:00:00,-20.6,15.2,0.0,83,174,74,980.6
2027-03-14 02:00:00,-26.6,23.5,0.0,42,309,69,986.2
2027-03-14 03:00:00,-21.5,7.8,0.0,97,317,74,980.3
2027-03-14 04:00:00,-22.5,12.0,0.0,49,52,61,995.4
2027-03-14 05:00:00,-24.0,14.7,492.1,6,22,56,979.0
2027-03-14 06:00:00,-16.6,14.8,500.4,55,68,63,966.4
2027-03-14 07:00:00,-29.9,12.7,325.7,80,35,57,983.0
2027-03-14 08:00:00,-25.4,13.5,468.6,23,52,71,962.5
2027-03-14 09:00:00,-20.5,11.0,259.5,35,355,79,967.5
2027-03-14 10:00:00,-24.7,9.9,283.6,97,265,77,973.4
2027-03-14 11:00:00,-23.5,8.4,631.3,7,65,66,977.0
2027-03-14 12:00:00,-22.8,16.4,282.9,28,227,87,976.2
2027-03-14 13:00:00,-25.8,11.1,469.3,75,192,41,979.5
2027-03-14 14:00:00,-24.5,6.1,360.5,62,40,67,981.9
2027-03-14 15:00:00,-29.0,14.5,386.9,54,23,52,969.4
2027-03-14 16:00:00,-27.4,10.6,362.3,23,206,78,982.3
2027-03-14 17:00:00,-19.3,12.2,454.0,0,241,76,978.4
2027-03-14 18:00:00,-21.2,12.3,332.0,96,211,74,974.5
2027-03-14 19:00:00,-23.0,5.9,619.0,37,81,60,988.4
2027-03-14 20:00:00,-22.8,14.7,264.9,80,49,74,964.0
2027-03-14 21:00:00,-23.5,15.8,452.4,34,59,75,999.5
2027-03-14 22:00:00,-25.8,11.0,0.0,100,359,78,975.3
2027-03-14 23:00:00,-25.6,17.2,0.0,48,278,49,984.7
2027-03-15 00:00:00,-25.9,18.4,0.0,8,217,65,982.7
2027-03-15 01:00:00,-18.9,17.5,0.0,44,253,80,979.4
2027-03-15 02:00:00,-24.0,15.7,0.0,97,72,52,984.9
2027-03-15 03:00:00,-26.7,13.8,0.0,28,181,84,967.8
2027-03-15 04:00:00,-24.8,14.9,0.0,13,47,56,967.5
2027-03-15 05:00:00,-24.4,4.3,375.8,61,121,74,987.1
2027-03-15 06:00:00,-24.7,15.9,369.9,85,147,63,966.6
2027-03-15 07:00:00,-22.0,9.9,310.9,85,75,67,977.1
2027-03-15 08:00:00,-22.8,6.7,553.4,62,287,68,989.8
2027-03-15 09:00:00,-24.3,8.5,373.4,55,201,70,987.8
2027-03-15 10:00:00,-27.1,14.8,394.6,44,94,74,974.6
2027-03-15 11:00:00,-28.2,8.8,272.7,4,284,67,994.3
2027-03-15 12:00:00,-29.6,9.2,500.2,98,188,41,991.8
2027-03-15 13:00:00,-20.9,12.6,429.7,5,295,89,992.4
2027-03-15 14:00:00,-21.4,15.7,561.3,12,82,74,981.9
2027-03-15 15:00:00,-24.8,5.7,436.4,46,194,72,980.9
2027-03-15 16:00:00,-21.0,16.7,278.9,52,111,57,983.5
2027-03-15 17:00:00,-25.2,13.0,637.1,1,93,41,973.1
2027-03-15 18:00:00,-24.4,12.3,349.9,4,181,83,979.0
2027-03-15 19:00:00,-23.5,9.2,402.3,79,321,86,982.2
2027-03-15 20:00:00,-25.2,12.7,321.9,92,287,68,973.4
2027-03-15 21:00:00,-24.3,22.9,455.5,36,359,43,986.1
2027-03-15 22:00:00,-25.8,15.7,0.0,32,330,51,992.4
2027-03-15 23:00:00,-25.0,14.7,0.0,75,123,50,984.4
2027-03-16 00:00:00,-17.5,18.0,0.0,34,258,50,966.6
2027-03-16 01:00:00,-29.6,15.2,0.0,5,9,68,989.3
2027-03-16 02:00:00,-23.5,5.5,0.0,25,141,77,967.0
2027-03-16 03:00:00,-26.0,10.5,0.0,55,204,50,965.0
2027-03-16 04:00:00,-25.2,6.9,0.0,69,339,65,970.9
2027-03-16 05:00:00,-27.5,8.8,443.1,14,13,50,980.5
2027-03-16 06:00:00,-26.0,9.8,372.1,5,193,87,977.8
2027-03-16 07:00:00,-24.3,7.5,339.3,73,28,86,972.3
2027-03-16 08:00:00,-21.8,12.7,183.8,4,245,44,971.9
2027-03-16 09:00:00,-24.9,10.0,393.0,22,259,89,973.0
2027-03-16 10:00:00,-26.6,19.4,371.1,68,114,74,1007.9
2027-03-16 11:00:00,-21.6,22.8,381.1,49,24,89,986.3
2027-03-16 12:00:00,-26.1,8.4,364.2,4,348,76,994.1
2027-03-16 13:00:00,-31.5,18.0,322.3,58,54,46,968.6
2027-03-16 14:00:00,-24.1,22.6,333.3,33,170,44,989.6
2027-03-16 15:00:00,-22.1,7.8,422.1,57,355,69,993.4
2027-03-16 16:00:00,-24.2,15.7,91.4,25,133,46,973.3
2027-03-16 17:00:00,-23.6,13.3,354.1,21,122,61,993.0
2027-03-16 18:00:00,-23.3,9.8,301.6,54,145,48,984.6
2027-03-16 19:00:00,-16.9,0.0,175.0,72,282,66,986.8
2027-03-16 20:00:00,-27.3,3.3,365.7,58,96,60,982.9
2027-03-16 21:00:00,-28.6,15.0,629.1,0,230,68,947.9
2027-03-16 22:00:00,-22.7,9.9,0.0,34,21,79,975.1
2027-03-16 23:00:00,-24.4,6.1,0.0,26,71,71,963.8
2027-03-17 00:00:00,-26.3,12.0,0.0,53,346,84,961.2
2027-03-17 01:00:00,-29.0,5.3,0.0,28,224,85,961.6
2027-03-17 02:00:00,-18.1,9.0,0.0,72,256,61,976.2
2027-03-17 03:00:00,-26.9,9.8,0.0,46,70,80,981.2
2027-03-17 04:00:00,-27.5,10.9,0.0,13,308,68,966.2
2027-03-17 05:00:00,-23.0,11.9,359.3,99,61,44,974.3
2027-03-17 06:00:00,-24.2,13.9,452.2,9,144,43,973.3
2027-03-17 07:00:00,-21.7,15.1,443.3,35,273,53,969.1
2027-03-17 08:00:00,-28.6,10.4,547.3,28,9,67,978.9
2027-03-17 09:00:00,-28.1,19.2,494.7,69,152,53,955.8
2027-03-17 10:00:00,-27.4,15.7,597.8,86,257,47,973.0
2027-03-17 11:00:00,-28.2,15.1,361.7,18,102,62,970.7
2027-03-17 12:00:00,-26.1,10.7,371.5,10,216,63,986.6
2027-03-17 13:00:00,-26.2,17.3,341.5,18,143,45,983.2
2027-03-17 14:00:00,-26.5,5.0,544.5,23,250,84,980.0
2027-03-17 15:00:00,-26.1,14.1,500.6,46,294,67,969.0
2027-03-17 16:00:00,-25.0,13.3,387.6,20,119,73,974.9
2027-03-17 17:00:00,-20.6,19.3,337.2,56,168,59,982.4
2027-03-17 18:00:00,-23.6,17.8,532.9,4,73,76,991.4
2027-03-17 19:00:00,-23.0,4.4,629.5,42,330,72,979.4
2027-03-17 20:00:00,-21.9,13.8,579.9,43,333,65,988.8
2027-03-17 21:00:00,-24.3,8.1,331.8,92,318,81,984.5
2027-03-17 22:00:00,-26.7,17.5,0.0,58,18,82,983.4
2027-03-17 23:00:00,-27.9,1.2,0.0,27,26,60,984.9
2027-03-18 00:00:00,-20.3,11.3,0.0,44,164,47,968.7
2027-03-18 01:00:00,-19.4,12.3,0.0,65,147,78,976.8
2027-03-18 02:00:00,-31.3,10.0,0.0,43,184,80,996.3
2027-03-18 03:00:00,-24.3,13.5,0.0,44,42,41,976.3
2027-03-18 04:00:00,-23.6,11.3,0.0,28,191,79,986.1
2027-03-18 05:00:00,-29.5,6.9,452.2,65,274,77,974.0
2027-03-18 06:00:00,-26.8,13.0,343.5,75,145,64,987.4
2027-03-18 07:00:00,-26.8,7.9,545.5,87,158,63,986.9
2027-03-18 08:00:00,-24.5,8.2,563.4,99,118,77,988.0
2027-03-18 09:00:00,-22.2,10.4,447.1,38,162,58,991.5
2027-03-18 10:00:00,-23.3,8.7,419.8,25,252,57,982.7
2027-03-18 11:00:00,-24.2,11.7,393.9,21,50,73,951.8
2027-03-18 12:00:00,-26.5,11.0,320.5,50,314,63,981.8
2027-03-18 13:00:00,-23.0,6.2,508.9,27,225,89,965.2
2027-03-18 14:00:00,-23.7,8.3,267.6,38,224,66,966.5
2027-03-18 15:00:00,-28.0,12.1,286.7,83,21,74,972.5
2027-03-18 16:00:00,-26.8,10.0,524.8,77,153,53,986.9
2027-03-18 17:00:00,-25.4,19.2,319.5,93,26,72,973.5
2027-03-18 18:00:00,-24.8,5.1,485.3,12,288,57,987.0
2027-03-18 19:00:00,-23.3,19.6,421.9,56,320,70,989.9
2027-03-18 20:00:00,-26.7,22.7,439.9,65,141,62,972.3
2027-03-18 21:00:00,-24.8,19.9,547.7,96,264,86,987.7
2027-03-18 22:00:00,-27.8,10.4,0.0,49,227,70,987.1
2027-03-18 23:00:00,-24.3,18.4,0.0,3,203,64,999.5
2027-03-19 00:00:00,-18.7,3.6,0.0,0,115,69,988.2
2027-03-19 01:00:00,-24.7,12.0,0.0,49,55,50,975.3
2027-03-19 02:00:00,-25.8,13.3,0.0,18,31,54,998.2
2027-03-19 03:00:00,-25.4,7.9,0.0,35,167,81,976.6
2027-03-19 04:00:00,-22.2,24.2,0.0,8,258,42,982.1
2027-03-19 05:00:00,-21.7,7.9,319.1,73,129,50,977.2
2027-03-19 06:00:00,-21.7,17.8,400.2,17,285,69,959.0
2027-03-19 07:00:00,-29.3,15.0,319.7,94,318,50,996.2
2027-03-19 08:00:00,-28.8,28.4,462.5,71,190,65,978.7
2027-03-19 09:00:00,-31.4,15.4,335.4,73,197,49,981.7
2027-03-19 10:00:00,-25.2,16.7,407.6,86,351,75,982.6
2027-03-19 11:00:00,-24.3,9.9,449.6,25,291,73,980.8
2027-03-19 12:00:00,-26.3,12.6,521.0,18,71,72,964.2
2027-03-19 13:00:00,-28.9,15.4,328.1,76,124,88,1011.7
2027-03-19 14:00:00,-30.8,7.9,587.3,89,214,66,993.9
2027-03-19 15:00:00,-25.3,20.0,524.5,78,308,81,989.3
2027-03-19 16:00:00,-27.0,15.0,291.6,70,320,42,959.2
2027-03-19 17:00:00,-30.7,14.6,385.0,32,89,62,971.6
2027-03-19 18:00:00,-19.3,8.6,292.5,65,75,86,982.0
2027-03-19 19:00:00,-23.5,1.1,364.6,11,173,81,988.7
2027-03-19 20:00:00,-24.7,7.7,521.5,34,214,59,989.7
2027-03-19 21:00:00,-22.6,16.0,290.5,100,1,67,979.5
2027-03-19 22:00:00,-21.2,20.5,0.0,83,30,68,981.3
2027-03-19 23:00:00,-27.2,14.9,0.0,42,9,51,970.1
2027-03-20 00:00:00,-31.3,20.7,0.0,59,103,75,987.6
2027-03-20 01:00:00,-22.4,12.9,0.0,35,132,71,965.8
2027-03-20 02:00:00,-26.6,10.9,0.0,93,242,43,977.8
2027-03-20 03:00:00,-27.1,6.0,0.0,44,79,67,965.9
2027-03-20 04:00:00,-26.2,17.4,0.0,36,128,60,978.5
2027-03-20 05:00:00,-26.2,6.3,401.7,0,74,80,989.0
2027-03-20 06:00:00,-27.5,16.4,389.7,98,110,52,980.7
2027-03-20 07:00:00,-28.1,8.0,495.6,41,335,59,984.0
2027-03-20 08:00:00,-25.3,16.4,409.4,11,177,74,994.5
2027-03-20 09:00:00,-25.7,13.0,373.7,57,52,40,978.6
2027-03-20 10:00:00,-24.1,16.3,428.3,3,263,83,988.2
2027-03-20 11:00:00,-22.1,9.0,284.7,67,272,40,988.0
2027-03-20 12:00:00,-22.7,21.9,461.7,100,93,82,971.0
2027-03-20 13:00:00,-25.7,15.4,425.1,42,354,70,970.9
2027-03-20 14:00:00,-21.3,17.8,307.7,60,307,88,994.1
2027-03-20 15:00:00,-23.0,13.9,287.3,31,148,45,988.0
2027-03-20 16:00:00,-26.8,14.6,448.1,41,353,51,980.2
2027-03-20 17:00:00,-24.7,13.3,570.6,93,79,66,996.0
2027-03-20 18:00:00,-31.6,14.5,335.4,30,115,44,995.4
2027-03-20 19:00:00,-26.2,12.4,525.5,73,105,46,978.1
2027-03-20 20:00:00,-26.2,8.7,369.6,70,331,73,994.3
2027-03-20 21:00:00,-19.2,5.0,526.6,11,64,68,956.8
2027-03-20 22:00:00,-24.5,13.7,0.0,75,54,83,982.5
2027-03-20 23:00:00,-26.7,14.3,0.0,93,359,42,986.6
2027-03-21 00:00:00,-25.9,22.6,0.0,9,308,43,987.6
2027-03-21 01:00:00,-28.5,7.7,0.0,91,154,61,983.9
2027-03-21 02:00:00,-27.0,4.3,0.0,74,241,53,976.5
2027-03-21 03:00:00,-29.9,11.7,0.0,99,159,74,980.1
2027-03-21 04:00:00,-30.5,9.0,0.0,70,214,70,980.5
2027-03-21 05:00:00,-29.1,17.3,353.7,55,63,63,984.4
2027-03-21 06:00:00,-24.7,14.5,269.3,97,141,50,968.9
2027-03-21 07:00:00,-20.2,8.6,708.0,42,72,52,984.2
2027-03-21 08:00:00,-26.0,17.9,424.6,37,117,84,980.3
2027-03-21 09:00:00,-27.2,7.6,497.1,78,50,64,969.7
2027-03-21 10:00:00,-23.6,9.3,318.7,58,287,50,985.1
2027-03-21 11:00:00,-29.6,9.6,448.1,55,145,81,973.3
2027-03-21 12:00:00,-22.5,13.9,184.6,10,88,55,985.9
2027-03-21 13:00:00,-24.7,8.9,499.7,49,223,51,980.1
2027-03-21 14:00:00,-29.1,6.6,507.2,93,199,66,983.9
2027-03-21 15:00:00,-23.5,7.3,335.0,87,328,81,957.4
2027-03-21 16:00:00,-18.6,11.3,445.0,5,90,85,978.4
2027-03-21 17:00:00,-28.5,16.1,371.7,78,348,76,986.4
2027-03-21 18:00:00,-25.8,26.1,508.8,80,84,48,987.1
2027-03-21 19:00:00,-25.3,11.6,361.7,69,356,89,972.2
2027-03-21 20:00:00,-27.1,12.5,421.7,90,166,66,968.0
2027-03-21 21:00:00,-26.8,16.6,350.6,1,232,85,997.2
2027-03-21 22:00:00,-25.3,6.9,0.0,1,191,81,992.2
2027-03-21 23:00:00,-20.6,12.0,0.0,44,252,84,976.2
2027-03-22 00:00:00,-23.5,21.7,0.0,11,56,51,971.3
2027-03-22 01:00:00,-25.8,1.6,0.0,94,96,56,982.7
2027-03-22 02:00:00,-26.1,14.7,0.0,10,194,87,1005.1
2027-03-22 03:00:00,-27.2,8.8,0.0,84,170,83,973.3
2027-03-22 04:00:00,-25.6,14.8,0.0,54,54,78,975.6
2027-03-22 05:00:00,-27.2,4.6,388.6,60,330,84,992.3
2027-03-22 06:00:00,-27.9,5.2,299.7,77,85,82,991.0
2027-03-22 07:00:00,-24.8,1.9,515.4,86,45,44,992.4
2027-03-22 08:00:00,-26.5,11.6,317.2,11,339,87,973.8
2027-03-22 09:00:00,-33.7,14.4,343.9,32,62,55,979.7
2027-03-22 10:00:00,-32.9,13.1,511.0,83,12,84,984.7
2027-03-22 11:00:00,-22.1,16.2,512.1,7,181,78,988.2
2027-03-22 12:00:00,-22.5,6.0,523.1,89,48,68,1001.3
2027-03-22 13:00:00,-29.2,10.7,221.7,12,330,77,976.8
2027-03-22 14:00:00,-29.8,10.8,427.2,17,183,46,969.3
2027-03-22 15:00:00,-23.0,9.4,490.5,17,217,76,1011.0
2027-03-22 16:00:00,-28.6,15.1,441.8,29,29,63,972.6
2027-03-22 17:00:00,-24.5,16.0,395.5,39,102,55,977.7
2027-03-22 18:00:00,-22.6,13.9,416.2,97,297,43,972.6
2027-03-22 19:00:00,-25.1,12.1,341.5,82,307,85,986.4
2027-03-22 20:00:00,-25.2,18.9,466.8,89,60,45,989.2
2027-03-22 21:00:00,-26.1,8.1,402.7,58,73,46,980.9
2027-03-22 22:00:00,-33.2,14.9,0.0,2,162,68,974.3
2027-03-22 23:00:00,-30.3,8.2,0.0,48,278,68,975.3
2027-03-23 00:00:00,-22.7,8.3,0.0,73,226,50,961.3
2027-03-23 01:00:00,-26.0,15.5,0.0,2,50,76,967.7
2027-03-23 02:00:00,-23.2,16.4,0.0,95,232,69,972.9
2027-03-23 03:00:00,-21.2,9.0,0.0,67,254,46,973.9
2027-03-23 04:00:00,-22.4,14.1,0.0,98,39,50,989.0
2027-03-23 05:00:00,-25.0,16.5,414.4,19,141,61,981.9
2027-03-23 06:00:00,-26.2,20.2,384.7,52,114,56,972.2
2027-03-23 07:00:00,-27.6,9.1,448.0,4,111,71,968.8
2027-03-23 08:00:00,-26.6,14.1,392.5,7,36,81,984.5
2027-03-23 09:00:00,-34.2,11.6,207.4,1,142,57,983.6
2027-03-23 10:00:00,-26.9,8.4,410.7,50,171,68,970.2
2027-03-23 11:00:00,-25.5,8.1,388.4,9,60,71,994.9
2027-03-23 12:00:00,-27.6,7.5,764.9,84,301,49,983.0
2027-03-23 13:00:00,-30.3,14.8,343.7,15,231,72,995.6
2027-03-23 14:00:00,-30.3,12.9,459.3,29,75,62,986.3
2027-03-23 15:00:00,-28.8,8.8,445.3,24,124,43,988.7
2027-03-23 16:00:00,-26.1,14.8,485.0,18,192,47,978.9
2027-03-23 17:00:00,-23.5,1.9,403.2,84,220,76,990.6
2027-03-23 18:00:00,-29.8,8.4,447.2,55,206,82,970.4
2027-03-23 19:00:00,-26.1,0.9,448.3,33,33,76,983.0
2027-03-23 20:00:00,-25.6,16.5,427.2,59,24,69,967.5
2027-03-23 21:00:00,-28.1,7.9,521.5,56,227,56,983.3
2027-03-23 22:00:00,-22.3,8.6,0.0,45,335,72,1009.5
2027-03-23 23:00:00,-25.8,10.5,0.0,70,269,81,981.7
2027-03-24 00:00:00,-25.7,5.3,0.0,50,323,85,983.6
2027-03-24 01:00:00,-25.8,4.0,0.0,60,283,47,979.0
2027-03-24 02:00:00,-21.1,8.5,0.0,52,336,73,980.3
2027-03-24 03:00:00,-32.0,1.4,0.0,78,358,85,973.9
2027-03-24 04:00:00,-26.2,6.2,0.0,97,110,41,956.5
2027-03-24 05:00:00,-26.6,14.1,697.5,30,70,75,968.9
2027-03-24 06:00:00,-25.9,10.0,406.0,82,22,50,984.6
2027-03-24 07:00:00,-22.3,18.7,371.6,91,205,77,982.2
2027-03-24 08:00:00,-28.6,8.3,273.1,76,257,44,971.4
2027-03-24 09:00:00,-25.6,7.1,367.4,7,7,47,983.6
2027-03-24 10:00:00,-30.8,14.0,437.8,94,240,69,984.2
2027-03-24 11:00:00,-26.5,17.1,356.8,49,204,67,984.3
2027-03-24 12:00:00,-29.1,5.8,573.2,57,125,60,999.5
2027-03-24 13:00:00,-27.3,18.9,375.6,31,305,77,994.0
2027-03-24 14:00:00,-23.5,1.6,372.9,26,154,66,974.6
2027-03-24 15:00:00,-25.8,13.4,316.9,66,327,62,981.1
2027-03-24 16:00:00,-20.1,11.2,382.0,0,262,82,971.0
2027-03-24 17:00:00,-27.4,3.1,346.2,69,146,82,992.3
2027-03-24 18:00:00,-22.9,0.0,413.6,30,94,42,978.6
2027-03-24 19:00:00,-25.3,17.1,682.1,61,172,82,988.9
2027-03-24 20:00:00,-23.6,14.3,362.4,23,343,61,985.7
2027-03-24 21:00:00,-30.2,12.3,448.5,97,111,77,975.9
2027-03-24 22:00:00,-25.3,5.1,0.0,6,222,77,980.1
2027-03-24 23:00:00,-26.4,19.7,0.0,98,316,66,965.5
2027-03-25 00:00:00,-32.0,11.9,0.0,7,78,73,973.8
2027-03-25 01:00:00,-25.4,7.5,0.0,25,206,49,974.5
2027-03-25 02:00:00,-29.8,13.8,0.0,77,336,69,980.3
2027-03-25 03:00:00,-28.4,23.4,0.0,92,312,54,997.4
2027-03-25 04:00:00,-27.4,6.4,0.0,34,57,64,970.6
2027-03-25 05:00:00,-30.6,3.2,482.3,51,351,67,979.0
2027-03-25 06:00:00,-28.3,17.6,671.1,15,96,51,984.1
2027-03-25 07:00:00,-33.0,16.6,380.4,91,181,88,978.3
2027-03-25 08:00:00,-29.0,14.4,407.5,54,60,68,985.6
2027-03-25 09:00:00,-28.0,11.3,153.8,50,235,75,978.7
2027-03-25 10:00:00,-35.3,5.3,381.9,82,175,81,989.3
2027-03-25 11:00:00,-22.8,17.5,400.0,13,180,41,994.9
2027-03-25 12:00:00,-29.5,3.8,383.4,35,76,60,980.4
2027-03-25 13:00:00,-29.5,12.0,354.1,37,204,68,973.8
2027-03-25 14:00:00,-31.0,9.9,414.3,73,169,54,983.7
2027-03-25 15:00:00,-27.5,11.3,379.2,98,22,81,979.2
2027-03-25 16:00:00,-29.3,14.7,421.1,2,58,69,997.7
2027-03-25 17:00:00,-26.5,14.8,355.0,51,187,59,984.4
2027-03-25 18:00:00,-24.9,4.1,480.9,86,93,53,963.2
2027-03-25 19:00:00,-29.8,7.7,524.4,5,79,47,978.1
2027-03-25 20:00:00,-26.8,15.5,185.2,3,119,67,986.2
2027-03-25 21:00:00,-28.8,12.1,395.5,79,246,40,999.0
2027-03-25 22:00:00,-31.9,16.3,0.0,11,60,48,988.5
2027-03-25 23:00:00,-28.0,15.2,0.0,73,219,54,975.6
2027-03-26 00:00:00,-28.8,15.4,0.0,64,188,85,978.6
2027-03-26 01:00:00,-26.9,17.4,0.0,98,151,86,976.3
2027-03-26 02:00:00,-26.1,12.5,0.0,47,335,54,990.4
2027-03-26 03:00:00,-33.3,11.8,0.0,62,182,57,991.7
2027-03-26 04:00:00,-32.2,7.9,0.0,70,138,69,960.9
2027-03-26 05:00:00,-22.2,12.2,341.2,8,26,55,987.8
2027-03-26 06:00:00,-26.3,15.7,509.0,81,249,49,1000.5
2027-03-26 07:00:00,-28.3,9.2,489.4,62,183,61,984.5
2027-03-26 08:00:00,-23.3,8.5,514.0,81,203,59,975.0
2027-03-26 09:00:00,-22.3,14.4,353.1,15,286,61,980.7
2027-03-26 10:00:00,-27.6,20.5,521.8,33,343,86,966.2
2027-03-26 11:00:00,-28.3,11.6,520.2,26,87,67,974.9
2027-03-26 12:00:00,-26.3,11.3,355.6,70,230,68,995.8
2027-03-26 13:00:00,-28.1,12.8,337.0,63,70,69,985.6
2027-03-26 14:00:00,-29.9,11.0,361.5,30,51,70,976.6
2027-03-26 15:00:00,-21.6,15.6,249.2,55,6,63,980.1
2027-03-26 16:00:00,-30.6,7.0,448.2,27,108,85,979.1
2027-03-26 17:00:00,-30.7,14.4,461.2,29,339,84,989.0
2027-03-26 18:00:00,-31.4,15.8,413.1,54,196,79,990.8
2027-03-26 19:00:00,-28.9,4.4,315.8,83,4,60,982.6
2027-03-26 20:00:00,-24.2,8.4,219.9,55,238,56,985.0
2027-03-26 21:00:00,-24.2,13.0,343.0,32,299,88,977.4
2027-03-26 22:00:00,-29.5,16.2,0.0,55,266,68,994.9
2027-03-26 23:00:00,-27.0,7.3,0.0,84,150,85,977.3
2027-03-27 00:00:00,-29.1,15.4,0.0,94,255,44,972.3
2027-03-27 01:00:00,-34.4,15.5,0.0,98,254,41,982.2
2027-03-27 02:00:00,-27.2,13.9,0.0,96,216,89,962.8
2027-03-27 03:00:00,-28.8,11.1,0.0,2,102,65,973.7
2027-03-27 04:00:00,-28.6,12.3,0.0,68,18,70,989.3
2027-03-27 05:00:00,-28.5,3.6,264.6,18,354,66,966.9
2027-03-27 06:00:00,-28.0,13.5,75.1,14,25,55,972.8
2027-03-27 07:00:00,-28.9,12.0,434.3,81,277,40,976.3
2027-03-27 08:00:00,-26.3,4.0,444.8,50,6,85,983.2
2027-03-27 09:00:00,-31.2,16.4,296.8,76,41,76,985.4
2027-03-27 10:00:00,-25.6,12.3,374.4,6,97,61,963.9
2027-03-27 11:00:00,-25.0,18.0,276.4,7,65,58,974.6
2027-03-27 12:00:00,-27.0,13.0,349.8,87,124,53,987.4
2027-03-27 13:00:00,-28.3,13.7,368.8,95,315,89,986.4
2027-03-27 14:00:00,-30.3,20.6,536.9,42,170,65,977.2
2027-03-27 15:00:00,-28.8,15.5,407.4,18,130,60,958.0
2027-03-27 16:00:00,-30.9,21.4,616.4,35,142,86,1002.0
2027-03-27 17:00:00,-32.3,23.7,482.6,61,79,87,982.0
2027-03-27 18:00:00,-28.8,8.0,332.9,34,341,77,982.3
2027-03-27 19:00:00,-34.0,17.1,320.0,96,195,62,963.6
2027-03-27 20:00:00,-27.9,18.0,503.9,28,160,56,980.9
2027-03-27 21:00:00,-30.7,15.3,386.0,99,69,59,983.8
2027-03-27 22:00:00,-25.7,11.3,0.0,12,291,60,966.4
2027-03-27 23:00:00,-26.0,21.3,0.0,57,204,66,967.7
2027-03-28 00:00:00,-30.9,4.5,0.0,79,49,74,968.4
2027-03-28 01:00:00,-27.1,2.7,0.0,68,258,47,973.2
2027-03-28 02:00:00,-26.3,7.1,0.0,51,162,72,984.8
2027-03-28 03:00:00,-28.3,7.9,0.0,40,35,85,975.2
2027-03-28 04:00:00,-26.4,12.1,0.0,13,196,50,990.5
2027-03-28 05:00:00,-30.3,12.0,489.8,31,50,40,962.1
2027-03-28 06:00:00,-23.0,5.2,371.7,81,286,81,980.4
2027-03-28 07:00:00,-21.6,13.9,301.2,56,173,84,976.1
2027-03-28 08:00:00,-27.7,13.9,566.1,0,168,71,981.6
2027-03-28 09:00:00,-30.8,16.7,402.8,3,219,84,976.1
2027-03-28 10:00:00,-22.1,20.3,422.0,98,168,60,973.7
2027-03-28 11:00:00,-27.7,5.3,384.9,57,240,78,971.7
2027-03-28 12:00:00,-26.7,17.9,257.1,71,161,49,979.0
2027-03-28 13:00:00,-32.2,10.4,366.8,89,30,62,972.1
2027-03-28 14:00:00,-26.0,16.8,402.1,38,56,88,965.6
2027-03-28 15:00:00,-28.5,15.2,541.2,63,235,84,978.7
2027-03-28 16:00:00,-28.2,7.5,434.6,41,1,54,966.5
2027-03-28 17:00:00,-25.3,8.8,476.8,35,233,71,987.5
2027-03-28 18:00:00,-27.4,11.3,307.8,6,326,58,973.1
2027-03-28 19:00:00,-32.8,5.6,426.3,72,137,75,991.1
2027-03-28 20:00:00,-26.3,14.9,318.1,49,212,65,965.5
2027-03-28 21:00:00,-25.1,0.0,238.2,43,134,52,989.5
2027-03-28 22:00:00,-30.3,14.5,0.0,24,178,50,977.9
2027-03-28 23:00:00,-31.7,16.0,0.0,99,39,49,990.0
2027-03-29 00:00:00,-32.1,5.6,0.0,57,160,64,963.6
2027-03-29 01:00:00,-28.4,16.7,0.0,69,10,61,1006.0
2027-03-29 02:00:00,-24.7,16.1,0.0,20,143,46,982.4
2027-03-29 03:00:00,-32.8,16.1,0.0,15,98,67,969.3
2027-03-29 04:00:00,-26.9,14.1,0.0,17,198,82,989.0
2027-03-29 05:00:00,-32.5,10.1,421.1,39,97,61,983.6
2027-03-29 06:00:00,-29.4,14.7,409.2,14,100,78,983.1
2027-03-29 07:00:00,-27.2,16.0,176.6,42,192,81,972.3
2027-03-29 08:00:00,-29.2,5.5,480.9,5,79,89,988.5
2027-03-29 09:00:00,-29.7,16.3,364.8,61,327,40,989.8
2027-03-29 10:00:00,-26.9,15.7,254.9,37,142,63,987.4
2027-03-29 11:00:00,-30.4,7.1,349.1,31,88,65,973.0
2027-03-29 12:00:00,-28.7,13.8,377.9,43,292,69,987.6
2027-03-29 13:00:00,-25.3,10.3,602.2,5,185,88,982.3
2027-03-29 14:00:00,-29.7,13.3,353.6,38,53,73,995.1
2027-03-29 15:00:00,-28.7,13.7,392.3,18,220,49,989.4
2027-03-29 16:00:00,-25.6,15.3,356.5,85,331,74,979.0
2027-03-29 17:00:00,-31.0,9.1,329.8,31,40,44,979.4
2027-03-29 18:00:00,-24.1,15.4,402.6,31,241,82,999.5
2027-03-29 19:00:00,-26.4,7.0,438.0,61,47,49,976.2
2027-03-29 20:00:00,-30.3,1.2,380.8,9,310,77,972.6
2027-03-29 21:00:00,-25.3,10.9,280.1,0,246,74,950.1
2027-03-29 22:00:00,-27.7,17.2,0.0,61,259,59,967.9
2027-03-29 23:00:00,-28.0,14.8,0.0,90,198,58,979.6
2027-03-30 00:00:00,-30.4,13.1,0.0,18,101,75,963.5
2027-03-30 01:00:00,-34.1,3.5,0.0,92,79,69,969.1
2027-03-30 02:00:00,-32.1,14.8,0.0,74,131,82,962.2
2027-03-30 03:00:00,-30.3,20.6,0.0,47,305,41,965.6
2027-03-30 04:00:00,-32.4,17.2,0.0,47,170,79,973.8
2027-03-30 05:00:00,-30.4,7.9,360.0,17,228,84,986.9
2027-03-30 06:00:00,-28.9,10.1,434.0,72,66,79,978.6
2027-03-30 07:00:00,-29.0,10.3,525.1,21,157,44,963.2
2027-03-30 08:00:00,-25.2,4.1,340.5,33,30,66,1009.0
2027-03-30 09:00:00,-33.7,11.1,605.2,83,230,69,980.3
2027-03-30 10:00:00,-29.8,13.2,359.2,88,68,40,992.1
2027-03-30 11:00:00,-31.0,8.4,224.0,52,73,40,984.4
2027-03-30 12:00:00,-29.9,10.0,390.5,60,55,53,977.4
2027-03-30 13:00:00,-24.6,8.0,377.0,20,282,41,965.2
2027-03-30 14:00:00,-31.8,14.5,379.4,75,23,79,978.2
2027-03-30 15:00:00,-33.2,12.0,300.2,39,28,46,991.5
2027-03-30 16:00:00,-32.2,10.3,485.9,13,101,50,978.6
2027-03-30 17:00:00,-23.7,17.2,291.1,12,167,68,973.7
2027-03-30 18:00:00,-26.7,10.5,345.2,6,213,72,982.5
2027-03-30 19:00:00,-38.5,10.1,696.8,38,41,63,992.4
2027-03-30 20:00:00,-30.5,10.7,339.8,86,96,63,998.9
2027-03-30 21:00:00,-34.0,11.6,425.1,44,21,74,968.9
2027-03-30 22:00:00,-30.9,14.2,0.0,40,148,58,977.8
2027-03-30 23:00:00,-30.1,15.6,0.0,10,152,61,967.3
2027-03-31 00:00:00,-30.4,9.6,0.0,65,273,58,963.8
2027-03-31 01:00:00,-26.5,10.9,0.0,36,3,70,980.0
2027-03-31 02:00:00,-26.3,0.0,0.0,94,241,67,959.3
2027-03-31 03:00:00,-31.4,14.0,0.0,30,296,61,984.4
2027-03-31 04:00:00,-33.9,16.0,0.0,29,12,69,967.3
2027-03-31 05:00:00,-26.1,5.5,545.2,29,265,53,993.3
2027-03-31 06:00:00,-26.6,7.7,290.0,58,154,65,975.4
2027-03-31 07:00:00,-33.7,8.3,296.0,5,161,71,981.1
2027-03-31 08:00:00,-32.4,21.1,471.3,65,219,47,961.9
2027-03-31 09:00:00,-25.8,13.8,352.9,36,53,75,987.4
2027-03-31 10:00:00,-31.1,7.5,426.4,21,108,60,979.7
2027-03-31 11:00:00,-31.4,9.5,461.4,54,310,41,981.4
2027-03-31 12:00:00,-25.1,13.3,295.6,28,308,61,992.7
2027-03-31 13:00:00,-29.0,5.3,386.4,61,173,89,977.2
2027-03-31 14:00:00,-24.7,14.9,551.0,83,31,45,978.0
2027-03-31 15:00:00,-28.6,10.8,538.1,53,359,66,972.5
2027-03-31 16:00:00,-32.2,13.4,404.4,100,159,49,981.7
2027-03-31 17:00:00,-31.0,13.7,557.7,25,309,77,982.7
2027-03-31 18:00:00,-23.9,10.1,558.3,38,330,66,990.0
2027-03-31 19:00:00,-28.2,4.9,479.4,39,113,76,965.3
2027-03-31 20:00:00,-32.5,20.9,415.3,3,177,55,975.8
2027-03-31 21:00:00,-31.2,7.4,292.9,64,23,71,963.2
2027-03-31 22:00:00,-25.4,8.1,0.0,45,129,46,981.7
2027-03-31 23:00:00,-25.6,14.2,0.0,25,89,79,991.4
2027-04-01 00:00:00,-32.0,16.5,0.0,27,131,65,969.6
2027-04-01 01:00:00,-27.4,12.2,0.0,72,159,58,980.8
2027-04-01 02:00:00,-28.7,23.9,0.0,92,174,46,982.1
2027-04-01 03:00:00,-29.3,14.8,0.0,28,342,87,973.1
2027-04-01 04:00:00,-23.2,12.2,0.0,76,356,40,981.2
2027-04-01 05:00:00,-29.8,5.4,564.5,59,359,47,991.0
2027-04-01 06:00:00,-27.2,8.9,402.9,62,292,72,986.7
2027-04-01 07:00:00,-28.8,14.8,408.7,68,220,70,971.6
2027-04-01 08:00:00,-30.1,7.7,464.0,67,202,40,967.4
2027-04-01 09:00:00,-30.8,12.1,420.7,41,39,75,993.7
2027-04-01 10:00:00,-30.0,17.6,396.1,84,29,73,965.8
2027-04-01 11:00:00,-27.4,12.6,325.0,0,346,77,967.9
2027-04-01 12:00:00,-30.1,15.5,524.0,27,199,67,977.1
2027-04-01 13:00:00,-30.5,5.9,323.2,99,182,43,982.3
2027-04-01 14:00:00,-28.5,16.3,394.7,98,86,63,985.5
2027-04-01 15:00:00,-30.7,8.5,287.9,39,128,86,987.8
2027-04-01 16:00:00,-32.4,9.9,508.0,89,305,69,981.9
2027-04-01 17:00:00,-25.2,18.6,420.1,75,135,77,1003.4
2027-04-01 18:00:00,-26.5,15.9,512.8,5,93,65,992.0
2027-04-01 19:00:00,-29.7,15.1,363.8,40,211,43,987.1
2027-04-01 20:00:00,-27.4,12.3,330.5,76,36,62,983.0
2027-04-01 21:00:00,-23.0,15.3,472.6,24,185,40,979.3
2027-04-01 22:00:00,-33.9,17.7,0.0,90,27,47,978.0
2027-04-01 23:00:00,-27.7,17.4,0.0,7,226,84,977.7
2027-04-02 00:00:00,-31.1,7.2,0.0,43,208,79,965.9
2027-04-02 01:00:00,-25.1,7.9,0.0,60,213,59,984.8
2027-04-02 02:00:00,-32.5,12.0,0.0,26,16,41,980.6
2027-04-02 03:00:00,-35.3,11.9,0.0,93,104,83,993.5
2027-04-02 04:00:00,-27.4,3.2,0.0,38,357,62,994.6
2027-04-02 05:00:00,-26.8,12.1,617.2,89,178,59,990.3
2027-04-02 06:00:00,-29.7,14.9,440.7,100,205,87,976.2
2027-04-02 07:00:00,-28.5,15.2,407.1,43,59,85,983.9
2027-04-02 08:00:00,-31.6,11.9,518.0,45,38,83,970.6
2027-04-02 09:00:00,-28.7,12.3,388.4,70,168,57,992.8
2027-04-02 10:00:00,-29.7,4.0,261.9,72,291,54,976.2
2027-04-02 11:00:00,-34.4,14.1,359.4,25,106,40,977.0
2027-04-02 12:00:00,-29.0,16.1,288.8,20,13,81,989.6
2027-04-02 13:00:00,-27.5,6.8,531.1,33,187,63,981.1
2027-04-02 14:00:00,-30.5,14.3,430.1,79,251,62,978.4
2027-04-02 15:00:00,-34.1,11.4,452.9,36,346,53,984.8
2027-04-02 16:00:00,-28.8,10.3,409.3,69,147,63,995.6
2027-04-02 17:00:00,-31.3,15.6,275.5,29,161,52,973.5
2027-04-02 18:00:00,-28.7,20.1,548.9,81,163,61,974.5
2027-04-02 19:00:00,-28.5,5.9,377.3,8,198,75,981.7
2027-04-02 20:00:00,-31.5,11.7,319.2,1,166,42,984.0
2027-04-02 21:00:00,-25.8,21.2,361.8,98,203,62,970.2
2027-04-02 22:00:00,-29.3,15.7,0.0,49,234,89,978.5
2027-04-02 23:00:00,-32.7,4.3,0.0,26,253,40,976.3
2027-04-03 00:00:00,-28.6,8.2,0.0,65,139,78,994.6
2027-04-03 01:00:00,-31.8,15.3,0.0,83,35,43,982.2
2027-04-03 02:00:00,-27.0,15.9,0.0,0,311,40,977.9
2027-04-03 03:00:00,-28.9,1.7,0.0,49,70,74,982.9
2027-04-03 04:00:00,-33.9,13.0,0.0,27,163,79,987.3
2027-04-03 05:00:00,-32.3,7.0,561.7,60,218,46,960.2
2027-04-03 06:00:00,-31.6,5.5,534.1,91,100,71,988.9
2027-04-03 07:00:00,-29.7,21.3,354.7,38,315,87,972.1
2027-04-03 08:00:00,-30.6,7.3,468.7,86,159,77,973.9
2027-04-03 09:00:00,-30.6,18.9,397.1,81,305,44,974.4
2027-04-03 10:00:00,-28.1,17.8,536.9,84,162,81,984.4
2027-04-03 11:00:00,-28.5,12.0,331.0,32,53,85,982.6
2027-04-03 12:00:00,-24.5,13.2,296.0,80,271,70,989.8
2027-04-03 13:00:00,-30.0,14.4,500.4,82,54,64,995.2
2027-04-03 14:00:00,-29.6,22.2,400.3,50,151,85,985.8
2027-04-03 15:00:00,-35.4,8.0,278.3,96,232,46,970.9
2027-04-03 16:00:00,-27.8,7.7,329.4,29,4,80,971.6
2027-04-03 17:00:00,-29.7,17.7,438.8,0,278,68,972.7
2027-04-03 18:00:00,-30.3,19.6,522.5,55,282,84,979.3
2027-04-03 19:00:00,-26.8,11.7,498.5,34,47,81,973.3
2027-04-03 20:00:00,-27.7,10.8,596.8,13,198,80,973.4
2027-04-03 21:00:00,-31.2,8.9,349.2,84,133,79,977.8
2027-04-03 22:00:00,-31.4,10.1,0.0,19,292,73,980.5
2027-04-03 23:00:00,-29.7,15.3,0.0,81,205,85,991.8
2027-04-04 00:00:00,-24.5,8.7,0.0,43,212,41,986.4
2027-04-04 01:00:00,-26.3,4.7,0.0,68,40,49,967.4
2027-04-04 02:00:00,-30.6,9.4,0.0,41,310,61,984.3
2027-04-04 03:00:00,-32.6,15.5,0.0,40,85,47,977.5
2027-04-04 04:00:00,-32.1,7.7,0.0,98,114,42,983.8
2027-04-04 05:00:00,-35.5,10.8,344.3,24,209,61,1008.0
2027-04-04 06:00:00,-30.5,8.3,414.1,42,275,49,983.2
2027-04-04 07:00:00,-28.4,12.6,412.8,8,17,48,978.4
2027-04-04 08:00:00,-30.7,11.3,331.1,23,276,74,978.0
2027-04-04 09:00:00,-27.8,0.9,521.2,46,132,59,986.9
2027-04-04 10:00:00,-31.6,15.2,278.8,42,256,72,979.8
2027-04-04 11:00:00,-32.1,19.8,495.8,67,230,69,976.9
2027-04-04 12:00:00,-34.6,6.6,558.9,35,231,42,1000.0
2027-04-04 13:00:00,-28.0,7.5,374.8,67,253,79,982.7
2027-04-04 14:00:00,-31.5,4.6,574.2,7,204,86,967.9
2027-04-04 15:00:00,-32.7,11.2,401.5,80,62,61,994.2
2027-04-04 16:00:00,-30.9,12.3,433.6,4,96,50,973.8
2027-04-04 17:00:00,-32.4,22.8,525.3,55,132,66,974.3
2027-04-04 18:00:00,-25.2,12.8,521.5,67,297,53,993.6
2027-04-04 19:00:00,-35.2,12.3,405.8,45,166,62,971.8
2027-04-04 20:00:00,-31.5,11.6,376.3,0,282,41,969.6
2027-04-04 21:00:00,-26.5,16.8,358.6,88,289,86,985.1
2027-04-04 22:00:00,-32.2,13.9,0.0,81,325,75,977.1
2027-04-04 23:00:00,-29.0,20.9,0.0,59,216,88,983.2
2027-04-05 00:00:00,-30.4,8.4,0.0,33,122,56,977.7
2027-04-05 01:00:00,-27.7,11.2,0.0,65,48,42,1002.1
2027-04-05 02:00:00,-30.0,18.3,0.0,70,342,87,996.8
2027-04-05 03:00:00,-27.3,8.1,0.0,83,290,45,974.4
2027-04-05 04:00:00,-29.5,9.8,0.0,48,15,65,984.4
2027-04-05 05:00:00,-30.5,19.0,362.3,71,236,63,990.8
2027-04-05 06:00:00,-32.4,16.8,514.4,18,274,85,985.5
2027-04-05 07:00:00,-37.2,16.4,359.3,50,302,81,997.1
2027-04-05 08:00:00,-33.5,8.3,275.9,33,175,54,992.3
2027-04-05 09:00:00,-31.1,13.3,502.6,51,285,61,977.2
2027-04-05 10:00:00,-33.3,11.6,461.9,56,47,74,988.7
2027-04-05 11:00:00,-34.1,17.4,304.8,36,31,68,986.9
2027-04-05 12:00:00,-29.9,15.3,586.8,66,47,48,968.0
2027-04-05 13:00:00,-29.4,12.0,476.1,54,58,46,999.2
2027-04-05 14:00:00,-30.9,13.9,560.2,83,39,80,997.7
2027-04-05 15:00:00,-26.0,7.2,333.8,16,183,54,985.6
2027-04-05 16:00:00,-29.1,8.3,425.1,59,71,45,971.7
2027-04-05 17:00:00,-30.7,16.4,614.2,100,84,53,989.4
2027-04-05 18:00:00,-32.1,15.0,500.8,99,316,54,985.4
2027-04-05 19:00:00,-30.4,9.3,567.6,71,225,80,971.7
2027-04-05 20:00:00,-27.3,18.4,331.3,63,151,85,977.5
2027-04-05 21:00:00,-29.2,8.8,177.0,96,235,87,972.4
2027-04-05 22:00:00,-25.9,16.3,0.0,65,161,46,978.3
2027-04-05 23:00:00,-30.4,11.3,0.0,76,81,62,989.7
2027-04-06 00:00:00,-28.3,7.9,0.0,14,108,63,978.1
2027-04-06 01:00:00,-30.3,8.7,0.0,0,34,69,1003.7
2027-04-06 02:00:00,-27.2,7.6,0.0,43,43,43,964.9
2027-04-06 03:00:00,-31.3,20.6,0.0,94,295,88,962.9
2027-04-06 04:00:00,-29.5,9.9,0.0,14,34,80,960.4
2027-04-06 05:00:00,-29.5,15.4,415.7,87,93,74,994.9
2027-04-06 06:00:00,-33.6,13.7,373.3,99,214,61,981.7
2027-04-06 07:00:00,-25.2,7.6,385.9,71,198,82,977.5
2027-04-06 08:00:00,-32.0,11.6,410.2,26,83,54,991.3
2027-04-06 09:00:00,-31.4,10.9,272.8,87,69,81,974.5
2027-04-06 10:00:00,-34.0,10.2,239.0,11,121,88,981.1
2027-04-06 11:00:00,-31.8,9.0,361.3,32,209,84,978.1
2027-04-06 12:00:00,-33.0,12.7,567.5,62,155,56,996.4
2027-04-06 13:00:00,-34.5,4.0,460.2,53,236,67,981.0
2027-04-06 14:00:00,-36.5,10.4,410.2,49,53,46,976.5
2027-04-06 15:00:00,-26.0,1.0,603.7,72,317,78,976.6
2027-04-06 16:00:00,-30.2,5.9,401.3,44,92,76,987.7
2027-04-06 17:00:00,-32.9,15.4,387.4,87,29,59,970.1
2027-04-06 18:00:00,-37.5,2.7,460.1,72,315,70,976.7
2027-04-06 19:00:00,-25.0,11.7,303.5,89,264,62,984.5
2027-04-06 20:00:00,-32.5,6.8,533.5,80,241,40,974.6
2027-04-06 21:00:00,-33.8,13.4,505.3,50,224,67,978.8
2027-04-06 22:00:00,-32.0,10.2,0.0,68,346,55,985.7
2027-04-06 23:00:00,-32.1,15.2,0.0,1,258,71,974.1
2027-04-07 00:00:00,-33.4,16.8,0.0,74,32,52,981.0
2027-04-07 01:00:00,-32.5,12.1,0.0,23,215,46,989.7
2027-04-07 02:00:00,-28.4,13.7,0.0,84,358,89,980.1
2027-04-07 03:00:00,-34.3,14.1,0.0,34,309,66,976.9
2027-04-07 04:00:00,-40.7,2.8,0.0,97,40,85,989.8
2027-04-07 05:00:00,-29.9,13.7,426.1,21,101,52,966.7
2027-04-07 06:00:00,-33.6,11.3,582.6,57,334,46,978.8
2027-04-07 07:00:00,-30.1,13.0,454.4,42,231,49,992.3
2027-04-07 08:00:00,-37.2,15.3,361.4,7,160,80,969.7
2027-04-07 09:00:00,-26.2,9.0,431.3,81,236,75,981.3
2027-04-07 10:00:00,-30.4,15.1,433.4,59,28,43,976.0
2027-04-07 11:00:00,-34.9,13.9,273.9,7,46,49,994.5
2027-04-07 12:00:00,-26.1,10.4,416.4,13,113,54,977.5
2027-04-07 13:00:00,-30.6,16.7,558.7,71,28,75,988.9
2027-04-07 14:00:00,-31.1,18.2,412.1,36,313,73,966.4
2027-04-07 15:00:00,-35.8,17.2,142.3,69,130,61,975.4
2027-04-07 16:00:00,-33.4,10.8,229.9,38,28,76,961.6
2027-04-07 17:00:00,-34.2,12.9,350.6,90,337,88,972.3
2027-04-07 18:00:00,-35.2,2.3,433.9,20,215,42,1000.8
2027-04-07 19:00:00,-31.5,13.6,613.2,17,304,44,977.3
2027-04-07 20:00:00,-30.9,8.2,441.0,78,120,81,976.7
2027-04-07 21:00:00,-34.7,15.9,363.5,32,115,51,989.2
2027-04-07 22:00:00,-30.5,14.7,0.0,52,271,55,988.0
2027-04-07 23:00:00,-29.1,9.0,0.0,30,263,42,967.5
2027-04-08 00:00:00,-27.8,18.9,0.0,68,333,69,976.6
2027-04-08 01:00:00,-23.6,17.1,0.0,70,278,71,976.2
2027-04-08 02:00:00,-36.0,11.3,0.0,31,312,79,977.8
2027-04-08 03:00:00,-34.0,0.2,0.0,14,335,71,983.4
2027-04-08 04:00:00,-35.7,15.1,0.0,0,299,79,983.6
2027-04-08 05:00:00,-24.8,20.4,454.2,79,345,80,974.6
2027-04-08 06:00:00,-26.9,19.5,352.9,0,72,84,974.5
2027-04-08 07:00:00,-37.9,11.8,436.6,44,295,57,983.9
2027-04-08 08:00:00,-29.7,7.7,343.0,14,154,87,968.0
2027-04-08 09:00:00,-30.7,4.7,289.7,29,94,47,987.5
2027-04-08 10:00:00,-32.2,21.5,518.7,45,302,85,984.4
2027-04-08 11:00:00,-31.7,15.2,415.1,38,92,60,1002.2
2027-04-08 12:00:00,-33.5,9.6,311.7,61,343,62,985.6
2027-04-08 13:00:00,-30.9,10.1,432.5,41,306,75,978.8
2027-04-08 14:00:00,-25.8,9.1,710.0,26,54,54,967.9
2027-04-08 15:00:00,-31.9,19.1,583.7,97,242,66,986.1
2027-04-08 16:00:00,-32.5,15.8,327.8,3,190,81,974.7
2027-04-08 17:00:00,-27.7,8.9,246.2,56,175,49,969.4
2027-04-08 18:00:00,-29.9,12.2,362.0,88,169,70,984.3
2027-04-08 19:00:00,-31.4,3.2,224.2,42,6,56,983.5
2027-04-08 20:00:00,-31.4,18.3,326.2,1,284,77,1001.1
2027-04-08 21:00:00,-32.9,0.0,391.2,66,210,77,991.8
2027-04-08 22:00:00,-34.6,18.1,0.0,96,125,75,983.7
2027-04-08 23:00:00,-31.9,13.1,0.0,57,31,78,964.7
2027-04-09 00:00:00,-30.4,11.1,0.0,79,324,78,976.5
2027-04-09 01:00:00,-40.3,12.4,0.0,20,58,48,976.5
2027-04-09 02:00:00,-35.9,13.2,0.0,98,243,64,978.9
2027-04-09 03:00:00,-34.5,13.5,0.0,65,158,80,976.8
2027-04-09 04:00:00,-34.1,7.7,0.0,32,106,86,984.3
2027-04-09 05:00:00,-31.7,6.4,371.4,39,296,51,983.8
2027-04-09 06:00:00,-29.4,11.5,356.1,3,341,80,962.4
2027-04-09 07:00:00,-28.6,20.0,479.2,59,196,55,973.3
2027-04-09 08:00:00,-26.7,20.9,418.2,10,202,57,978.9
2027-04-09 09:00:00,-31.0,6.3,527.4,31,209,44,982.3
2027-04-09 10:00:00,-28.6,14.8,253.2,24,191,40,987.0
2027-04-09 11:00:00,-27.7,17.5,337.2,35,162,51,985.2
2027-04-09 12:00:00,-30.8,13.6,291.6,70,261,70,985.3
2027-04-09 13:00:00,-31.5,14.4,379.5,19,246,40,998.6
2027-04-09 14:00:00,-37.4,14.6,513.8,82,229,60,965.6
2027-04-09 15:00:00,-37.9,13.9,633.6,95,134,73,977.6
2027-04-09 16:00:00,-32.2,10.1,450.2,24,54,68,998.7
2027-04-09 17:00:00,-33.4,10.6,482.3,1,129,88,982.5
2027-04-09 18:00:00,-32.2,17.6,239.3,64,238,47,977.0
2027-04-09 19:00:00,-33.9,10.5,462.7,19,192,80,971.7
2027-04-09 20:00:00,-33.6,6.6,420.9,97,224,88,972.2
2027-04-09 21:00:00,-34.3,7.8,371.1,26,267,42,983.3
2027-04-09 22:00:00,-32.7,9.6,0.0,66,319,45,966.8
2027-04-09 23:00:00,-33.3,6.5,0.0,72,78,66,1000.0
2027-04-10 00:00:00,-32.2,21.3,0.0,48,343,68,971.6
2027-04-10 01:00:00,-32.8,17.8,0.0,18,228,42,958.4
2027-04-10 02:00:00,-33.2,12.8,0.0,19,108,77,988.8
2027-04-10 03:00:00,-37.2,5.7,0.0,75,338,84,986.1
2027-04-10 04:00:00,-32.0,13.8,0.0,46,217,59,960.5
2027-04-10 05:00:00,-31.7,15.2,524.0,98,86,76,975.3
2027-04-10 06:00:00,-33.5,9.8,397.8,78,262,67,965.1
2027-04-10 07:00:00,-34.9,8.3,318.2,45,86,64,950.1
2027-04-10 08:00:00,-32.1,10.0,352.9,86,55,72,977.8
2027-04-10 09:00:00,-36.3,11.3,455.7,64,305,62,968.9
2027-04-10 10:00:00,-32.8,18.4,563.8,63,304,60,963.4
2027-04-10 11:00:00,-36.6,16.3,284.7,96,220,56,982.2
2027-04-10 12:00:00,-38.3,11.6,457.9,76,335,70,981.0
2027-04-10 13:00:00,-27.2,18.3,414.6,88,55,55,967.3
2027-04-10 14:00:00,-31.9,14.3,400.3,4,322,41,971.2
2027-04-10 15:00:00,-28.9,4.2,420.1,98,36,71,993.2
2027-04-10 16:00:00,-30.3,13.6,354.2,10,5,47,982.4
2027-04-10 17:00:00,-33.4,13.8,229.2,8,268,79,983.9
2027-04-10 18:00:00,-33.7,19.5,565.1,39,278,43,988.7
2027-04-10 19:00:00,-35.7,6.3,328.1,55,349,57,973.4
2027-04-10 20:00:00,-30.9,5.5,461.5,36,266,82,967.8
2027-04-10 21:00:00,-33.1,8.7,436.8,83,288,40,986.8
2027-04-10 22:00:00,-35.1,14.7,0.0,68,3,86,960.9
2027-04-10 23:00:00,-36.0,12.0,0.0,96,318,44,980.3
2027-04-11 00:00:00,-29.3,22.9,0.0,72,323,80,974.1
2027-04-11 01:00:00,-34.9,3.4,0.0,31,43,68,984.5
2027-04-11 02:00:00,-30.4,6.0,0.0,30,260,49,989.0
2027-04-11 03:00:00,-36.9,18.2,0.0,87,50,68,991.6
2027-04-11 04:00:00,-32.8,1.5,0.0,51,192,80,963.3
2027-04-11 05:00:00,-38.5,19.9,431.9,42,105,76,988.1
2027-04-11 06:00:00,-31.9,4.5,425.9,7,88,63,966.8
2027-04-11 07:00:00,-32.1,10.6,303.3,10,169,63,975.2
2027-04-11 08:00:00,-34.4,4.4,510.2,15,13,70,992.0
2027-04-11 09:00:00,-26.8,7.4,430.7,75,202,62,963.6
2027-04-11 10:00:00,-33.4,12.9,397.4,47,0,81,997.1
2027-04-11 11:00:00,-28.3,11.8,380.4,3,32,67,987.0
2027-04-11 12:00:00,-33.9,15.5,228.6,24,159,55,973.2
2027-04-11 13:00:00,-35.3,15.5,276.5,92,337,83,982.6
2027-04-11 14:00:00,-33.7,11.5,344.8,63,133,45,984.8
2027-04-11 15:00:00,-33.4,12.0,433.4,42,132,78,981.6
2027-04-11 16:00:00,-29.5,14.7,385.1,20,331,68,987.0
2027-04-11 17:00:00,-27.4,14.4,274.6,95,106,82,984.6
2027-04-11 18:00:00,-31.0,0.0,347.8,49,279,70,996.0
2027-04-11 19:00:00,-26.6,6.1,525.6,41,225,82,994.9
2027-04-11 20:00:00,-33.8,12.9,281.6,15,64,54,975.1
2027-04-11 21:00:00,-32.6,13.7,453.7,39,154,73,962.4
2027-04-11 22:00:00,-34.2,1.8,0.0,94,15,58,994.5
2027-04-11 23:00:00,-30.1,16.6,0.0,66,281,79,982.3
2027-04-12 00:00:00,-29.5,17.1,0.0,61,332,84,982.5
2027-04-12 01:00:00,-33.2,6.1,0.0,42,70,70,967.2
2027-04-12 02:00:00,-34.5,6.7,0.0,50,24,53,981.7
2027-04-12 03:00:00,-35.5,6.7,0.0,25,119,87,979.4
2027-04-12 04:00:00,-37.1,8.4,0.0,45,142,80,987.4
2027-04-12 05:00:00,-37.6,15.5,400.2,27,289,80,983.6
2027-04-12 06:00:00,-32.4,10.8,362.9,85,244,57,964.2
2027-04-12 07:00:00,-34.6,14.8,345.6,19,255,65,984.4
2027-04-12 08:00:00,-31.1,20.7,366.1,95,132,70,969.3
2027-04-12 09:00:00,-32.0,10.2,313.5,29,231,54,999.2
2027-04-12 10:00:00,-32.8,12.1,447.0,75,251,51,967.5
2027-04-12 11:00:00,-30.0,11.5,513.6,83,85,66,979.7
2027-04-12 12:00:00,-37.2,12.2,458.9,27,207,65,956.7
2027-04-12 13:00:00,-30.1,18.6,454.4,44,289,89,993.9
2027-04-12 14:00:00,-29.9,13.3,492.2,52,245,55,982.6
2027-04-12 15:00:00,-33.9,2.4,410.5,3,141,82,987.4
2027-04-12 16:00:00,-30.4,26.4,488.6,64,326,75,981.0
2027-04-12 17:00:00,-32.1,15.8,376.4,54,25,76,972.8
2027-04-12 18:00:00,-35.4,16.7,413.6,52,304,68,974.8
2027-04-12 19:00:00,-30.0,12.3,552.3,59,271,66,982.2
2027-04-12 20:00:00,-30.8,15.4,323.5,7,78,48,964.3
2027-04-12 21:00:00,-33.6,18.8,405.0,65,173,71,997.5
2027-04-12 22:00:00,-33.3,11.1,0.0,41,151,86,992.3
2027-04-12 23:00:00,-32.0,17.8,0.0,81,93,53,978.1
2027-04-13 00:00:00,-32.5,15.1,0.0,10,220,75,976.6
2027-04-13 01:00:00,-33.6,5.6,0.0,2,48,50,984.8
2027-04-13 02:00:00,-33.9,14.5,0.0,68,243,62,972.3
2027-04-13 03:00:00,-30.8,16.7,0.0,4,274,48,969.9
2027-04-13 04:00:00,-32.6,11.8,0.0,93,145,77,975.6
2027-04-13 05:00:00,-31.1,15.0,331.2,100,33,56,986.2
2027-04-13 06:00:00,-27.2,15.9,505.5,9,222,78,986.1
2027-04-13 07:00:00,-35.1,9.7,293.7,84,326,51,982.9
2027-04-13 08:00:00,-33.1,13.9,269.3,90,312,78,972.9
2027-04-13 09:00:00,-38.0,12.0,248.3,37,222,84,964.3
2027-04-13 10:00:00,-30.0,12.3,257.2,49,142,60,985.1
2027-04-13 11:00:00,-34.0,15.7,542.2,8,11,71,980.4
2027-04-13 12:00:00,-35.3,3.9,303.5,65,197,67,968.0
2027-04-13 13:00:00,-39.3,12.2,373.0,87,288,49,969.8
2027-04-13 14:00:00,-31.7,21.4,320.7,47,325,68,990.3
2027-04-13 15:00:00,-37.8,11.8,284.3,0,277,67,968.1
2027-04-13 16:00:00,-39.1,24.4,359.9,80,143,52,977.7
2027-04-13 17:00:00,-29.6,9.1,641.6,55,24,43,986.1
2027-04-13 18:00:00,-34.4,11.9,378.6,56,62,77,955.9
2027-04-13 19:00:00,-35.1,10.5,325.4,65,16,72,979.8
2027-04-13 20:00:00,-32.4,13.1,478.8,50,164,48,973.8
2027-04-13 21:00:00,-35.0,18.1,307.6,92,124,47,987.7
2027-04-13 22:00:00,-35.4,6.6,0.0,35,70,50,978.4
2027-04-13 23:00:00,-33.0,7.7,0.0,66,60,67,975.7
2027-04-14 00:00:00,-36.0,12.3,0.0,82,20,56,990.2
2027-04-14 01:00:00,-36.2,9.8,0.0,52,191,67,962.3
2027-04-14 02:00:00,-31.1,11.0,0.0,27,203,86,982.6
2027-04-14 03:00:00,-28.7,15.9,0.0,44,242,49,979.6
2027-04-14 04:00:00,-35.3,11.0,0.0,9,66,89,1003.0
2027-04-14 05:00:00,-32.2,16.1,379.9,27,234,89,986.4
2027-04-14 06:00:00,-35.0,12.7,267.0,15,109,87,978.5
2027-04-14 07:00:00,-36.2,11.9,294.8,19,166,77,978.6
2027-04-14 08:00:00,-37.9,15.5,371.3,15,206,58,964.2
2027-04-14 09:00:00,-36.5,14.2,434.8,81,345,66,993.4
2027-04-14 10:00:00,-29.9,4.8,526.1,86,23,89,991.6
2027-04-14 11:00:00,-35.7,7.8,240.9,100,9,81,979.9
2027-04-14 12:00:00,-34.2,7.4,436.6,14,191,85,1003.2
2027-04-14 13:00:00,-36.6,12.3,389.8,76,60,44,974.8
2027-04-14 14:00:00,-27.8,8.2,202.2,3,252,86,986.8
2027-04-14 15:00:00,-37.8,8.7,457.4,33,111,69,974.6
2027-04-14 16:00:00,-33.2,19.0,482.5,26,91,60,975.2
2027-04-14 17:00:00,-33.6,19.9,284.6,50,319,59,982.1
2027-04-14 18:00:00,-33.6,2.1,549.5,0,125,54,992.1
2027-04-14 19:00:00,-34.8,7.8,479.7,44,167,60,983.5
2027-04-14 20:00:00,-33.5,8.1,300.7,46,113,88,977.2
2027-04-14 21:00:00,-32.8,8.0,398.9,50,186,52,1001.9
2027-04-14 22:00:00,-35.3,9.2,0.0,91,143,51,987.8
2027-04-14 23:00:00,-36.6,1.0,0.0,35,172,75,979.1
2027-04-15 00:00:00,-30.7,14.7,0.0,97,14,63,982.8
2027-04-15 01:00:00,-36.7,18.2,0.0,54,355,53,984.7
2027-04-15 02:00:00,-30.1,7.3,0.0,89,115,49,968.2
2027-04-15 03:00:00,-33.6,14.2,0.0,77,183,60,979.3
2027-04-15 04:00:00,-31.0,13.8,0.0,46,152,44,965.3
2027-04-15 05:00:00,-35.6,17.8,460.9,79,120,55,973.9
2027-04-15 06:00:00,-29.8,15.0,410.8,84,9,64,987.9
2027-04-15 07:00:00,-32.8,13.1,232.0,52,255,83,980.1
2027-04-15 08:00:00,-33.5,2.5,337.5,29,260,88,983.8
2027-04-15 09:00:00,-33.5,16.7,392.7,49,149,85,985.9
2027-04-15 10:00:00,-28.6,5.6,396.4,67,104,45,972.3
2027-04-15 11:00:00,-35.8,9.2,512.2,61,227,49,977.9
2027-04-15 12:00:00,-30.7,10.4,446.7,99,81,67,980.4
2027-04-15 13:00:00,-30.2,12.1,383.5,38,305,48,982.1
2027-04-15 14:00:00,-35.3,15.0,234.6,14,47,67,978.4
2027-04-15 15:00:00,-35.7,17.3,385.1,86,45,79,970.5
2027-04-15 16:00:00,-38.1,21.3,471.1,80,159,52,981.7
2027-04-15 17:00:00,-33.9,13.4,421.9,19,336,63,975.1
2027-04-15 18:00:00,-30.8,0.0,191.1,53,15,43,979.7
2027-04-15 19:00:00,-33.4,12.0,404.2,39,71,72,972.9
2027-04-15 20:00:00,-32.8,18.4,237.7,88,70,86,987.6
2027-04-15 21:00:00,-29.0,8.8,280.0,73,13,80,974.6
2027-04-15 22:00:00,-34.0,18.0,0.0,45,159,47,983.9
2027-04-15 23:00:00,-38.7,4.2,0.0,78,83,41,986.4
2027-04-16 00:00:00,-33.5,12.5,0.0,19,216,55,963.3
2027-04-16 01:00:00,-32.9,8.0,0.0,70,84,60,977.7
2027-04-16 02:00:00,-37.9,3.6,0.0,61,65,54,987.1
2027-04-16 03:00:00,-27.1,8.0,0.0,60,99,44,982.0
2027-04-16 04:00:00,-35.9,13.9,0.0,71,91,46,969.3
2027-04-16 05:00:00,-35.1,12.1,237.3,74,248,42,979.8
2027-04-16 06:00:00,-33.8,4.5,410.9,85,163,43,969.6
2027-04-16 07:00:00,-32.3,6.2,392.5,65,233,85,979.3
2027-04-16 08:00:00,-40.8,12.0,498.2,43,151,69,979.7
2027-04-16 09:00:00,-35.3,9.5,371.5,57,180,76,979.1
2027-04-16 10:00:00,-35.4,11.3,372.3,14,6,80,987.8
2027-04-16 11:00:00,-33.9,11.5,540.9,20,103,71,985.6
2027-04-16 12:00:00,-40.6,6.8,296.0,84,92,49,971.2
2027-04-16 13:00:00,-33.1,12.3,465.9,99,215,56,982.8
2027-04-16 14:00:00,-32.2,9.6,404.1,20,254,83,978.3
2027-04-16 15:00:00,-37.0,10.4,237.5,81,307,55,975.6
2027-04-16 16:00:00,-36.1,7.9,352.1,50,194,77,970.6
2027-04-16 17:00:00,-39.9,6.2,315.3,20,333,47,966.8
2027-04-16 18:00:00,-38.1,2.3,270.7,89,84,79,995.9
2027-04-16 19:00:00,-37.0,4.3,413.9,45,68,81,983.1
2027-04-16 20:00:00,-31.5,4.8,350.8,78,352,43,980.0
2027-04-16 21:00:00,-37.4,10.9,475.8,86,57,61,985.0
2027-04-16 22:00:00,-32.3,6.9,0.0,11,287,76,977.1
2027-04-16 23:00:00,-33.7,16.0,0.0,37,98,71,983.8
2027-04-17 00:00:00,-35.0,8.6,0.0,33,322,80,983.8
2027-04-17 01:00:00,-32.5,16.4,0.0,100,208,40,970.1
2027-04-17 02:00:00,-32.4,4.7,0.0,4,209,66,983.4
2027-04-17 03:00:00,-38.4,6.2,0.0,52,78,63,986.5
2027-04-17 04:00:00,-39.4,18.3,0.0,76,334,46,981.5
2027-04-17 05:00:00,-31.6,14.6,453.4,93,322,57,986.6
2027-04-17 06:00:00,-35.6,6.0,390.1,68,288,59,986.2
2027-04-17 07:00:00,-38.2,11.7,389.0,92,317,81,971.4
2027-04-17 08:00:00,-34.6,6.7,186.4,1,23,67,982.8
2027-04-17 09:00:00,-38.2,17.6,394.0,37,122,51,985.3
2027-04-17 10:00:00,-38.7,20.8,421.2,77,67,80,989.2
2027-04-17 11:00:00,-37.3,21.6,508.5,11,166,41,995.1
2027-04-17 12:00:00,-37.0,15.2,593.5,5,121,75,979.2
2027-04-17 13:00:00,-34.8,10.8,354.3,74,208,86,989.0
2027-04-17 14:00:00,-30.3,14.6,320.1,93,318,52,966.5
2027-04-17 15:00:00,-35.2,10.3,526.7,52,3,77,966.4
2027-04-17 16:00:00,-38.5,5.8,304.0,14,146,40,985.1
2027-04-17 17:00:00,-37.1,19.3,511.7,72,274,56,978.7
2027-04-17 18:00:00,-36.5,14.6,395.1,56,306,73,987.9
2027-04-17 19:00:00,-37.2,12.3,271.7,55,119,74,1002.4
2027-04-17 20:00:00,-35.7,9.4,303.7,75,177,71,970.5
2027-04-17 21:00:00,-32.5,12.3,319.4,96,355,70,993.4
2027-04-17 22:00:00,-35.4,16.1,0.0,98,93,81,979.7
2027-04-17 23:00:00,-38.0,15.3,0.0,20,241,70,986.9
2027-04-18 00:00:00,-36.3,16.4,0.0,6,184,67,992.0
2027-04-18 01:00:00,-36.2,20.3,0.0,12,79,45,984.2
2027-04-18 02:00:00,-40.6,8.3,0.0,39,217,64,985.0
2027-04-18 03:00:00,-39.2,18.4,0.0,49,262,87,972.1
2027-04-18 04:00:00,-34.5,17.2,0.0,4,63,52,987.2
2027-04-18 05:00:00,-36.6,12.7,301.8,0,116,49,968.4
2027-04-18 06:00:00,-31.8,17.0,332.0,71,19,63,978.0
2027-04-18 07:00:00,-35.2,12.8,360.9,17,150,52,995.4
2027-04-18 08:00:00,-34.8,6.7,333.8,48,229,55,970.5
2027-04-18 09:00:00,-33.6,16.9,518.4,4,241,47,974.7
2027-04-18 10:00:00,-35.0,8.2,399.3,39,220,67,991.2
2027-04-18 11:00:00,-39.4,12.2,418.9,53,118,44,985.0
2027-04-18 12:00:00,-31.2,13.8,544.7,40,350,42,975.6
2027-04-18 13:00:00,-38.6,12.5,662.4,28,275,49,991.8
2027-04-18 14:00:00,-37.4,16.5,489.2,86,316,53,964.3
2027-04-18 15:00:00,-37.6,10.5,564.0,70,103,88,983.4
2027-04-18 16:00:00,-34.9,5.1,210.9,96,95,58,984.8
2027-04-18 17:00:00,-37.2,15.8,414.1,33,55,43,985.9
2027-04-18 18:00:00,-38.1,7.0,446.5,91,181,53,980.8
2027-04-18 19:00:00,-36.7,3.0,381.8,76,56,50,973.4
2027-04-18 20:00:00,-34.5,8.2,502.1,80,230,89,981.2
2027-04-18 21:00:00,-33.1,10.6,336.1,8,231,89,987.2
2027-04-18 22:00:00,-30.5,14.9,0.0,61,210,43,984.0
2027-04-18 23:00:00,-36.5,12.7,0.0,92,215,61,963.3
2027-04-19 00:00:00,-36.4,7.2,0.0,1,13,66,975.1
2027-04-19 01:00:00,-37.5,13.7,0.0,0,71,59,993.0
2027-04-19 02:00:00,-33.2,10.3,0.0,55,110,57,988.8
2027-04-19 03:00:00,-36.6,10.9,0.0,20,26,76,986.3
2027-04-19 04:00:00,-30.8,13.3,0.0,81,3,70,977.9
2027-04-19 05:00:00,-41.5,17.5,527.5,10,59,87,989.1
2027-04-19 06:00:00,-34.1,3.3,363.1,51,43,46,984.1
2027-04-19 07:00:00,-36.4,9.8,594.4,88,81,65,974.2
2027-04-19 08:00:00,-36.3,17.3,150.6,44,135,48,997.1
2027-04-19 09:00:00,-33.6,12.8,253.7,64,123,79,980.5
2027-04-19 10:00:00,-36.3,7.2,553.6,18,257,52,967.4
2027-04-19 11:00:00,-40.7,8.4,315.8,78,261,50,971.5
2027-04-19 12:00:00,-36.4,7.2,401.1,47,251,82,979.8
2027-04-19 13:00:00,-34.2,19.8,389.3,79,342,86,977.0
2027-04-19 14:00:00,-35.5,3.7,434.7,31,240,63,950.1
2027-04-19 15:00:00,-35.7,10.8,441.0,53,341,83,967.0
2027-04-19 16:00:00,-39.0,11.4,658.4,48,220,41,970.0
2027-04-19 17:00:00,-37.2,21.0,396.8,69,238,62,972.4
2027-04-19 18:00:00,-34.8,9.4,524.0,84,103,64,964.9
2027-04-19 19:00:00,-36.6,9.7,557.7,74,247,44,971.8
2027-04-19 20:00:00,-35.2,16.2,386.4,90,60,79,991.7
2027-04-19 21:00:00,-32.2,3.8,408.2,64,115,41,981.6
2027-04-19 22:00:00,-37.6,4.7,0.0,52,181,54,969.8
2027-04-19 23:00:00,-32.4,4.5,0.0,84,118,85,983.1
2027-04-20 00:00:00,-36.0,14.3,0.0,6,274,48,982.1
2027-04-20 01:00:00,-40.6,4.4,0.0,38,237,89,989.8
2027-04-20 02:00:00,-30.7,11.8,0.0,27,267,56,980.4
2027-04-20 03:00:00,-35.1,14.4,0.0,57,10,87,977.8
2027-04-20 04:00:00,-32.5,15.2,0.0,58,236,63,963.0
2027-04-20 05:00:00,-33.7,11.8,511.1,53,90,65,984.1
2027-04-20 06:00:00,-32.9,11.7,439.9,8,281,60,998.7
2027-04-20 07:00:00,-32.1,18.8,475.1,52,154,71,994.9
2027-04-20 08:00:00,-39.2,4.5,409.9,46,345,54,991.2
2027-04-20 09:00:00,-33.6,17.5,537.9,9,160,44,993.9
2027-04-20 10:00:00,-37.7,13.9,595.4,24,31,74,974.6
2027-04-20 11:00:00,-35.1,0.6,413.4,69,273,50,979.2
2027-04-20 12:00:00,-31.8,14.9,441.2,9,96,46,982.5
2027-04-20 13:00:00,-33.7,10.2,407.0,6,141,68,989.7
2027-04-20 14:00:00,-30.5,14.1,119.2,31,320,65,985.1
2027-04-20 15:00:00,-32.5,13.7,370.6,57,58,68,991.1
2027-04-20 16:00:00,-36.8,12.7,512.2,52,347,89,996.9
2027-04-20 17:00:00,-38.0,13.2,271.8,17,2,41,957.3
2027-04-20 18:00:00,-35.1,15.1,547.3,37,280,44,978.4
2027-04-20 19:00:00,-39.3,7.7,429.5,83,73,89,984.6
2027-04-20 20:00:00,-36.3,10.6,455.7,6,278,65,982.7
2027-04-20 21:00:00,-35.7,3.9,474.5,20,283,89,995.5
2027-04-20 22:00:00,-36.9,18.6,0.0,93,329,60,973.2
2027-04-20 23:00:00,-34.4,10.2,0.0,4,224,88,982.2
2027-04-21 00:00:00,-31.7,14.8,0.0,86,357,58,968.8
2027-04-21 01:00:00,-34.5,15.6,0.0,70,240,47,986.6
2027-04-21 02:00:00,-38.2,13.5,0.0,4,296,88,980.7
2027-04-21 03:00:00,-35.3,17.8,0.0,58,295,75,980.8
2027-04-21 04:00:00,-37.2,7.8,0.0,67,288,79,980.3
2027-04-21 05:00:00,-35.3,11.8,311.7,83,255,46,980.6
2027-04-21 06:00:00,-32.8,12.4,430.6,91,36,52,965.2
2027-04-21 07:00:00,-33.1,10.6,595.2,7,115,74,978.2
2027-04-21 08:00:00,-36.0,10.3,453.8,65,272,88,982.0
2027-04-21 09:00:00,-34.4,13.5,516.7,1,320,48,976.5
2027-04-21 10:00:00,-40.0,14.2,392.2,80,49,70,980.9
2027-04-21 11:00:00,-38.0,14.7,318.1,49,58,52,983.2
2027-04-21 12:00:00,-34.7,14.4,358.9,21,55,88,994.2
2027-04-21 13:00:00,-37.4,10.1,471.3,31,256,78,997.7
2027-04-21 14:00:00,-36.8,4.7,344.0,22,112,76,978.3
2027-04-21 15:00:00,-39.6,12.0,524.2,37,164,75,991.2
2027-04-21 16:00:00,-32.3,10.5,426.4,8,33,51,980.9
2027-04-21 17:00:00,-38.6,12.4,485.8,24,284,51,966.7
2027-04-21 18:00:00,-33.8,11.0,407.9,61,148,84,987.1
2027-04-21 19:00:00,-36.4,9.2,332.0,99,119,69,970.9
2027-04-21 20:00:00,-35.2,8.0,472.4,53,235,54,971.0
2027-04-21 21:00:00,-35.5,6.7,282.0,27,291,64,993.6
2027-04-21 22:00:00,-39.4,12.9,0.0,90,292,67,966.1
2027-04-21 23:00:00,-40.1,10.2,0.0,35,5,52,989.8
2027-04-22 00:00:00,-38.2,15.3,0.0,50,90,51,977.3
2027-04-22 01:00:00,-41.3,16.1,0.0,5,42,65,980.9
2027-04-22 02:00:00,-40.5,13.8,0.0,58,289,61,974.6
2027-04-22 03:00:00,-36.1,23.3,0.0,57,223,63,983.5
2027-04-22 04:00:00,-35.6,6.0,0.0,43,353,73,987.5
2027-04-22 05:00:00,-30.6,17.9,409.8,26,331,51,981.5
2027-04-22 06:00:00,-28.5,22.0,190.0,35,106,74,984.0
2027-04-22 07:00:00,-38.2,6.9,328.2,16,262,59,995.6
2027-04-22 08:00:00,-36.1,14.8,532.7,3,221,81,987.7
2027-04-22 09:00:00,-35.1,14.7,514.5,51,318,59,995.6
2027-04-22 10:00:00,-43.6,7.1,547.0,54,252,80,972.6
2027-04-22 11:00:00,-32.2,2.5,440.0,55,247,58,987.8
2027-04-22 12:00:00,-33.1,6.1,425.8,52,196,77,991.0
2027-04-22 13:00:00,-40.5,5.7,343.1,37,228,63,988.0
2027-04-22 14:00:00,-36.7,9.5,326.2,92,146,69,972.7
2027-04-22 15:00:00,-40.0,7.2,375.3,34,145,82,975.6
2027-04-22 16:00:00,-35.7,9.8,372.1,99,85,67,993.0
2027-04-22 17:00:00,-38.2,3.1,433.7,64,75,55,982.8
2027-04-22 18:00:00,-38.9,11.2,413.0,35,88,82,976.0
2027-04-22 19:00:00,-36.7,3.3,348.0,4,200,83,988.2
2027-04-22 20:00:00,-43.6,14.0,339.1,40,122,50,978.5
2027-04-22 21:00:00,-38.3,5.9,280.1,31,4,74,995.1
2027-04-22 22:00:00,-32.9,12.8,0.0,40,175,69,974.1
2027-04-22 23:00:00,-40.2,6.2,0.0,85,71,80,963.6
2027-04-23 00:00:00,-32.5,11.6,0.0,84,198,67,975.7
2027-04-23 01:00:00,-38.8,8.7,0.0,64,87,82,981.2
2027-04-23 02:00:00,-38.4,22.0,0.0,37,123,87,983.0
2027-04-23 03:00:00,-32.7,12.2,0.0,39,63,68,964.8
2027-04-23 04:00:00,-38.2,14.9,0.0,5,111,46,974.1
2027-04-23 05:00:00,-38.7,5.4,574.8,64,132,88,967.7
2027-04-23 06:00:00,-40.9,6.2,488.0,85,71,88,987.7
2027-04-23 07:00:00,-38.6,6.7,359.9,29,273,84,982.6
2027-04-23 08:00:00,-40.9,16.6,436.5,72,357,52,982.3
2027-04-23 09:00:00,-37.5,20.0,352.2,34,126,72,989.6
2027-04-23 10:00:00,-37.7,5.2,410.3,90,21,80,972.6
2027-04-23 11:00:00,-42.6,14.3,353.7,7,85,60,959.4
2027-04-23 12:00:00,-38.3,19.8,417.8,95,222,86,985.5
2027-04-23 13:00:00,-34.2,12.8,416.9,90,42,67,982.8
2027-04-23 14:00:00,-35.2,12.6,380.9,51,20,54,997.9
2027-04-23 15:00:00,-33.4,13.7,339.4,66,16,46,994.1
2027-04-23 16:00:00,-36.9,7.4,410.6,62,168,67,974.6
2027-04-23 17:00:00,-34.6,10.0,492.2,4,156,74,976.7
2027-04-23 18:00:00,-37.1,18.5,336.7,70,69,85,974.7
2027-04-23 19:00:00,-34.2,9.3,232.2,39,321,66,991.5
2027-04-23 20:00:00,-36.5,2.1,453.1,45,210,83,971.6
2027-04-23 21:00:00,-38.5,15.0,289.5,37,240,52,972.0
2027-04-23 22:00:00,-35.0,15.8,0.0,95,37,57,965.4
2027-04-23 23:00:00,-34.5,12.3,0.0,75,214,84,979.8
2027-04-24 00:00:00,-36.1,1.8,0.0,99,102,55,986.7
2027-04-24 01:00:00,-38.0,10.2,0.0,69,1,42,994.0
2027-04-24 02:00:00,-44.7,8.0,0.0,41,359,69,971.7
2027-04-24 03:00:00,-34.0,13.1,0.0,72,222,89,979.7
2027-04-24 04:00:00,-36.6,3.0,0.0,19,274,45,990.0
2027-04-24 05:00:00,-35.9,14.8,422.2,76,297,64,967.2
2027-04-24 06:00:00,-38.1,16.3,548.6,82,287,57,979.3
2027-04-24 07:00:00,-40.7,9.0,389.7,0,64,70,987.5
2027-04-24 08:00:00,-40.1,11.4,440.4,68,76,51,967.4
2027-04-24 09:00:00,-40.6,13.3,384.6,46,143,57,971.7
2027-04-24 10:00:00,-38.7,18.5,496.2,82,171,65,985.0
2027-04-24 11:00:00,-40.6,10.6,248.0,76,40,57,983.1
2027-04-24 12:00:00,-34.7,5.5,473.2,58,346,50,970.8
2027-04-24 13:00:00,-38.6,19.0,348.9,51,210,48,978.3
2027-04-24 14:00:00,-34.9,15.9,457.6,96,330,86,970.7
2027-04-24 15:00:00,-34.6,3.7,375.2,18,32,80,979.8
2027-04-24 16:00:00,-39.2,13.6,362.1,73,144,60,982.1
2027-04-24 17:00:00,-41.5,17.2,385.6,7,165,80,971.7
2027-04-24 18:00:00,-36.4,10.4,418.9,35,157,85,963.4
2027-04-24 19:00:00,-43.9,15.8,368.1,35,353,66,975.8
2027-04-24 20:00:00,-38.7,17.1,400.0,12,59,83,981.2
2027-04-24 21:00:00,-39.6,19.1,552.3,65,25,77,980.8
2027-04-24 22:00:00,-43.2,17.3,0.0,78,37,55,970.1
2027-04-24 23:00:00,-39.8,6.7,0.0,28,145,81,981.7
2027-04-25 00:00:00,-41.1,15.3,0.0,80,324,52,975.6
2027-04-25 01:00:00,-31.2,11.4,0.0,87,64,72,976.2
2027-04-25 02:00:00,-42.7,11.0,0.0,70,279,50,990.4
2027-04-25 03:00:00,-36.1,15.5,0.0,33,148,82,955.8
2027-04-25 04:00:00,-42.0,5.6,0.0,60,150,42,970.4
2027-04-25 05:00:00,-40.0,13.0,448.3,36,306,79,978.4
2027-04-25 06:00:00,-42.0,17.6,280.5,91,187,53,979.1
2027-04-25 07:00:00,-38.4,17.9,401.8,21,127,69,968.1
2027-04-25 08:00:00,-37.4,17.0,507.7,6,344,52,976.8
2027-04-25 09:00:00,-34.4,17.9,249.1,92,48,89,970.0
2027-04-25 10:00:00,-38.1,11.2,355.6,84,354,44,978.7
2027-04-25 11:00:00,-34.7,11.8,138.6,79,80,74,994.2
2027-04-25 12:00:00,-37.1,11.9,327.5,77,343,70,957.0
2027-04-25 13:00:00,-41.7,7.4,225.6,31,197,42,987.1
2027-04-25 14:00:00,-37.6,14.5,688.5,62,249,41,973.7
2027-04-25 15:00:00,-41.5,22.8,401.9,73,33,77,982.0
2027-04-25 16:00:00,-38.7,4.0,495.6,52,91,51,968.5
2027-04-25 17:00:00,-42.6,7.3,384.7,10,31,44,993.6
2027-04-25 18:00:00,-39.2,11.3,377.5,42,236,66,985.5
2027-04-25 19:00:00,-39.8,16.0,511.0,75,210,81,991.4
2027-04-25 20:00:00,-34.5,17.2,729.8,0,321,47,991.5
2027-04-25 21:00:00,-43.1,7.2,319.5,75,94,61,996.3
2027-04-25 22:00:00,-34.8,18.2,0.0,52,52,67,1004.3
2027-04-25 23:00:00,-38.0,6.4,0.0,5,58,53,987.2
2027-04-26 00:00:00,-37.9,12.8,0.0,38,74,67,977.8
2027-04-26 01:00:00,-37.5,17.3,0.0,96,66,62,977.3
2027-04-26 02:00:00,-41.3,14.6,0.0,60,247,68,997.6
2027-04-26 03:00:00,-41.3,6.7,0.0,49,354,48,984.3
2027-04-26 04:00:00,-41.9,16.3,0.0,99,50,50,982.7
2027-04-26 05:00:00,-35.1,16.9,459.5,79,94,52,973.1
2027-04-26 06:00:00,-45.7,11.1,584.5,60,279,84,1001.9
2027-04-26 07:00:00,-39.8,14.0,454.6,62,175,69,984.7
2027-04-26 08:00:00,-34.6,6.9,359.7,38,250,60,996.3
2027-04-26 09:00:00,-43.6,9.9,540.0,68,22,89,989.5
2027-04-26 10:00:00,-38.9,15.3,356.8,56,91,86,981.6
2027-04-26 11:00:00,-36.7,11.1,505.8,84,268,65,979.4
2027-04-26 12:00:00,-44.0,11.6,304.8,28,80,48,971.3
2027-04-26 13:00:00,-36.4,10.3,551.3,37,301,70,990.2
2027-04-26 14:00:00,-40.4,3.3,333.2,17,317,65,993.7
2027-04-26 15:00:00,-40.8,13.9,355.2,98,82,65,975.1
2027-04-26 16:00:00,-38.1,14.4,417.4,78,277,48,987.9
2027-04-26 17:00:00,-39.2,7.1,213.0,36,204,48,963.8
2027-04-26 18:00:00,-36.8,18.8,388.3,61,52,70,981.5
2027-04-26 19:00:00,-38.9,9.2,395.6,1,100,70,985.0
2027-04-26 20:00:00,-37.2,12.2,525.6,14,47,66,976.0
2027-04-26 21:00:00,-37.6,13.2,357.2,76,37,57,962.5
2027-04-26 22:00:00,-37.7,10.2,0.0,14,114,79,980.3
2027-04-26 23:00:00,-39.7,4.1,0.0,89,285,75,975.8
2027-04-27 00:00:00,-39.8,9.2,0.0,39,118,73,967.0
2027-04-27 01:00:00,-33.8,5.8,0.0,9,52,40,1005.3
2027-04-27 02:00:00,-35.9,15.9,0.0,13,274,67,989.3
2027-04-27 03:00:00,-42.4,10.0,0.0,15,279,75,984.0
2027-04-27 04:00:00,-38.6,8.8,0.0,56,316,87,971.5
2027-04-27 05:00:00,-41.7,13.9,613.9,88,147,78,992.9
2027-04-27 06:00:00,-34.8,21.9,574.2,52,233,80,992.0
2027-04-27 07:00:00,-36.8,5.9,378.0,56,215,68,970.9
2027-04-27 08:00:00,-36.1,10.6,590.3,87,206,40,974.9
2027-04-27 09:00:00,-36.6,4.6,502.4,20,258,41,959.3
2027-04-27 10:00:00,-36.9,13.8,443.7,87,349,55,993.1
2027-04-27 11:00:00,-36.6,10.2,371.6,12,294,79,979.7
2027-04-27 12:00:00,-38.9,9.6,360.6,90,285,43,970.1
2027-04-27 13:00:00,-32.2,13.5,336.6,47,39,86,991.6
2027-04-27 14:00:00,-38.1,17.6,410.2,56,231,74,976.6
2027-04-27 15:00:00,-43.2,13.5,406.4,5,15,74,995.6
2027-04-27 16:00:00,-41.2,18.3,105.1,24,147,66,978.7
2027-04-27 17:00:00,-42.1,14.6,482.7,15,348,42,980.4
2027-04-27 18:00:00,-43.3,4.8,178.8,11,241,82,973.4
2027-04-27 19:00:00,-35.8,8.7,254.8,46,259,62,979.2
2027-04-27 20:00:00,-41.5,11.3,363.1,68,347,52,982.6
2027-04-27 21:00:00,-37.4,16.3,457.2,95,277,64,970.4
2027-04-27 22:00:00,-37.1,11.4,0.0,74,41,63,964.8
2027-04-27 23:00:00,-36.3,15.4,0.0,30,316,44,973.8
2027-04-28 00:00:00,-39.4,14.3,0.0,82,322,60,980.1
2027-04-28 01:00:00,-44.1,11.7,0.0,44,307,77,992.0
2027-04-28 02:00:00,-37.9,7.3,0.0,60,31,74,993.5
2027-04-28 03:00:00,-41.1,20.0,0.0,61,292,57,957.4
2027-04-28 04:00:00,-39.4,7.8,0.0,84,93,59,968.8
2027-04-28 05:00:00,-42.7,17.5,426.7,33,343,71,984.1
2027-04-28 06:00:00,-41.0,17.1,364.0,85,80,80,977.7
2027-04-28 07:00:00,-35.6,10.4,532.3,46,285,68,983.7
2027-04-28 08:00:00,-35.9,17.3,476.5,93,304,69,975.2
2027-04-28 09:00:00,-39.9,11.2,453.4,13,310,82,981.4
2027-04-28 10:00:00,-41.0,12.1,387.0,0,337,85,977.1
2027-04-28 11:00:00,-34.1,14.8,522.6,17,249,40,969.3
2027-04-28 12:00:00,-33.0,9.5,343.9,21,67,73,998.0
2027-04-28 13:00:00,-39.2,10.4,365.3,35,323,79,960.5
2027-04-28 14:00:00,-39.9,14.3,333.9,79,277,53,985.2
2027-04-28 15:00:00,-42.3,9.9,492.6,52,172,40,966.0
2027-04-28 16:00:00,-37.0,4.0,429.1,32,7,74,966.5
2027-04-28 17:00:00,-39.0,9.1,430.8,36,149,76,964.3
2027-04-28 18:00:00,-38.2,7.2,440.5,54,130,74,977.7
2027-04-28 19:00:00,-38.3,12.5,303.0,60,29,59,988.3
2027-04-28 20:00:00,-41.0,8.0,354.0,15,234,89,967.9
2027-04-28 21:00:00,-37.9,19.3,367.5,2,154,66,969.5
2027-04-28 22:00:00,-44.3,11.7,0.0,20,77,48,988.3
2027-04-28 23:00:00,-37.5,11.7,0.0,77,209,71,983.4
2027-04-29 00:00:00,-39.5,6.6,0.0,93,103,83,985.8
2027-04-29 01:00:00,-39.1,8.3,0.0,19,122,77,984.8
2027-04-29 02:00:00,-43.0,8.3,0.0,68,196,43,990.4
2027-04-29 03:00:00,-40.1,13.6,0.0,54,281,83,976.3
2027-04-29 04:00:00,-42.0,7.0,0.0,81,65,82,983.4
2027-04-29 05:00:00,-39.4,10.4,283.3,7,133,58,969.6
2027-04-29 06:00:00,-45.6,9.7,316.8,13,177,81,969.0
2027-04-29 07:00:00,-38.7,14.4,507.8,70,272,85,979.7
2027-04-29 08:00:00,-41.8,4.5,102.2,27,151,82,980.0
2027-04-29 09:00:00,-38.2,7.9,567.2,96,105,45,998.0
2027-04-29 10:00:00,-43.0,11.7,560.6,44,202,67,976.9
2027-04-29 11:00:00,-37.3,9.4,327.3,45,193,55,968.7
2027-04-29 12:00:00,-38.6,13.6,351.4,17,112,59,981.2
2027-04-29 13:00:00,-38.1,7.8,465.0,85,12,69,987.2
2027-04-29 14:00:00,-38.9,11.4,397.2,88,316,84,977.3
2027-04-29 15:00:00,-42.8,10.2,537.4,86,353,67,981.1
2027-04-29 16:00:00,-37.1,18.9,394.5,62,247,46,966.9
2027-04-29 17:00:00,-37.7,14.7,531.3,48,75,82,988.5
2027-04-29 18:00:00,-38.2,17.9,349.6,35,49,89,972.5
2027-04-29 19:00:00,-40.8,9.6,466.4,50,105,54,976.5
2027-04-29 20:00:00,-36.3,6.8,500.2,79,133,43,985.5
2027-04-29 21:00:00,-43.2,17.9,404.1,55,325,72,988.5
2027-04-29 22:00:00,-37.5,14.3,0.0,66,81,59,994.0
2027-04-29 23:00:00,-39.2,9.9,0.0,0,205,51,987.7
2027-04-30 00:00:00,-41.4,5.1,0.0,19,341,42,976.2
2027-04-30 01:00:00,-44.0,18.5,0.0,74,243,40,982.0
2027-04-30 02:00:00,-40.0,9.0,0.0,25,310,72,986.9
2027-04-30 03:00:00,-39.7,11.9,0.0,84,165,53,979.7
2027-04-30 04:00:00,-33.8,11.2,0.0,92,277,53,960.9
2027-04-30 05:00:00,-39.8,10.9,0.0,3,319,52,976.2
2027-04-30 06:00:00,-41.1,9.0,0.0,22,288,53,982.9
2027-04-30 07:00:00,-36.8,19.9,0.0,87,281,80,985.3
2027-04-30 08:00:00,-41.4,11.1,0.0,95,242,49,973.6
2027-04-30 09:00:00,-41.8,9.4,0.0,83,142,46,973.1
2027-04-30 10:00:00,-40.2,9.0,0.0,75,40,88,978.3
2027-04-30 11:00:00,-44.2,14.2,0.0,25,239,51,968.2
2027-04-30 12:00:00,-41.1,16.7,0.0,45,318,83,989.1
2027-04-30 13:00:00,-39.4,5.0,0.0,8,91,54,990.1
2027-04-30 14:00:00,-36.9,1.2,0.0,91,22,63,973.9
2027-04-30 15:00:00,-39.1,13.0,0.0,89,16,42,975.4
2027-04-30 16:00:00,-39.4,9.5,0.0,59,283,58,973.1
2027-04-30 17:00:00,-41.9,12.8,0.0,16,17,65,975.7
2027-04-30 18:00:00,-36.5,7.5,0.0,75,71,46,967.9
2027-04-30 19:00:00,-45.5,9.6,0.0,14,337,54,992.9
2027-04-30 20:00:00,-38.4,17.7,0.0,26,136,43,965.3
2027-04-30 21:00:00,-39.3,14.1,0.0,81,121,73,958.4
2027-04-30 22:00:00,-41.2,8.7,0.0,83,279,76,962.8
2027-04-30 23:00:00,-39.8,21.4,0.0,84,100,46,985.0
2027-05-01 00:00:00,-38.0,6.5,0.0,8,32,42,981.0
2027-05-01 01:00:00,-39.9,9.3,0.0,96,147,61,965.5
2027-05-01 02:00:00,-44.8,15.7,0.0,81,173,44,979.4
2027-05-01 03:00:00,-33.2,16.1,0.0,32,1,55,983.9
2027-05-01 04:00:00,-37.6,11.4,0.0,40,10,41,985.2
2027-05-01 05:00:00,-36.8,14.1,0.0,71,220,63,976.0
2027-05-01 06:00:00,-37.4,8.6,0.0,40,294,66,973.4
2027-05-01 07:00:00,-39.3,3.8,0.0,99,246,71,962.1
2027-05-01 08:00:00,-40.9,15.6,0.0,19,63,87,980.6
2027-05-01 09:00:00,-43.0,16.8,0.0,74,181,52,965.8
2027-05-01 10:00:00,-38.1,12.1,0.0,7,60,54,967.5
2027-05-01 11:00:00,-41.0,1.5,0.0,50,107,47,972.8
2027-05-01 12:00:00,-36.8,9.8,0.0,30,307,41,977.2
2027-05-01 13:00:00,-41.6,10.5,0.0,92,254,87,969.8
2027-05-01 14:00:00,-39.2,14.1,0.0,70,63,87,994.9
2027-05-01 15:00:00,-40.5,12.6,0.0,5,38,43,983.9
2027-05-01 16:00:00,-42.2,4.7,0.0,16,209,62,991.5
2027-05-01 17:00:00,-37.4,17.6,0.0,49,340,82,972.7
2027-05-01 18:00:00,-41.1,12.0,0.0,25,49,70,980.7
2027-05-01 19:00:00,-39.8,11.5,0.0,8,235,77,982.1
2027-05-01 20:00:00,-40.5,9.1,0.0,88,337,47,963.8
2027-05-01 21:00:00,-39.1,0.0,0.0,46,140,55,990.0
2027-05-01 22:00:00,-40.2,13.6,0.0,18,289,59,980.5
2027-05-01 23:00:00,-36.5,10.6,0.0,96,93,78,975.8
2027-05-02 00:00:00,-39.6,14.4,0.0,9,90,56,978.8
2027-05-02 01:00:00,-47.6,8.6,0.0,4,99,85,984.0
2027-05-02 02:00:00,-39.7,9.1,0.0,94,170,53,997.9
2027-05-02 03:00:00,-37.8,11.3,0.0,48,297,83,978.6
2027-05-02 04:00:00,-43.8,10.4,0.0,56,276,83,984.8
2027-05-02 05:00:00,-41.7,3.9,0.0,78,56,59,968.1
2027-05-02 06:00:00,-45.6,24.1,0.0,35,302,81,1008.8
2027-05-02 07:00:00,-43.1,14.5,0.0,85,84,43,967.9
2027-05-02 08:00:00,-38.1,3.2,0.0,34,89,75,973.1
2027-05-02 09:00:00,-41.9,6.6,0.0,78,121,55,979.5
2027-05-02 10:00:00,-35.8,12.3,0.0,7,255,64,977.2
2027-05-02 11:00:00,-41.2,1.9,0.0,80,68,49,973.7
2027-05-02 12:00:00,-41.7,10.3,0.0,60,194,72,971.6
2027-05-02 13:00:00,-37.5,19.4,0.0,76,99,80,966.5
2027-05-02 14:00:00,-43.9,12.1,0.0,48,24,65,1000.5
2027-05-02 15:00:00,-33.0,5.2,0.0,35,122,45,975.2
2027-05-02 16:00:00,-42.5,17.5,0.0,85,142,86,983.0
2027-05-02 17:00:00,-41.6,3.1,0.0,9,74,60,987.2
2027-05-02 18:00:00,-41.7,17.7,0.0,59,237,68,977.6
2027-05-02 19:00:00,-39.5,13.2,0.0,30,188,72,974.8
2027-05-02 20:00:00,-41.3,8.5,0.0,51,102,75,993.9
2027-05-02 21:00:00,-38.2,19.8,0.0,79,278,61,971.1
2027-05-02 22:00:00,-42.1,11.1,0.0,18,18,65,984.8
2027-05-02 23:00:00,-43.3,11.5,0.0,49,203,51,979.1
2027-05-03 00:00:00,-42.0,15.2,0.0,54,334,77,981.8
2027-05-03 01:00:00,-44.5,5.5,0.0,10,332,49,994.0
2027-05-03 02:00:00,-42.6,13.9,0.0,16,121,72,979.5
2027-05-03 03:00:00,-39.1,0.0,0.0,68,323,44,986.6
2027-05-03 04:00:00,-44.4,17.7,0.0,28,185,88,997.2
2027-05-03 05:00:00,-41.7,16.3,0.0,45,206,41,995.0
2027-05-03 06:00:00,-42.4,6.2,0.0,55,270,71,973.4
2027-05-03 07:00:00,-39.0,9.9,0.0,39,120,87,974.4
2027-05-03 08:00:00,-41.0,16.6,0.0,85,323,69,979.0
2027-05-03 09:00:00,-38.2,11.7,0.0,53,334,88,980.3
2027-05-03 10:00:00,-41.6,11.4,0.0,34,267,50,988.7
2027-05-03 11:00:00,-39.6,26.5,0.0,23,286,55,968.9
2027-05-03 12:00:00,-40.8,14.2,0.0,2,170,53,980.3
2027-05-03 13:00:00,-38.5,10.1,0.0,58,349,58,980.0
2027-05-03 14:00:00,-43.7,5.2,0.0,13,144,54,985.4
2027-05-03 15:00:00,-44.0,13.3,0.0,65,273,74,980.3
2027-05-03 16:00:00,-41.1,9.8,0.0,85,150,41,974.8
2027-05-03 17:00:00,-39.4,13.9,0.0,77,135,50,972.4
2027-05-03 18:00:00,-40.7,11.2,0.0,1,327,60,974.2
2027-05-03 19:00:00,-40.7,16.0,0.0,74,118,54,976.4
2027-05-03 20:00:00,-41.1,14.5,0.0,100,259,83,968.6
2027-05-03 21:00:00,-39.2,8.5,0.0,78,327,65,973.5
2027-05-03 22:00:00,-44.2,11.4,0.0,30,312,45,972.4
2027-05-03 23:00:00,-40.6,17.2,0.0,99,328,66,993.4
2027-05-04 00:00:00,-42.0,16.1,0.0,38,270,40,967.2
2027-05-04 01:00:00,-38.6,12.7,0.0,67,160,47,979.7
2027-05-04 02:00:00,-41.4,8.2,0.0,54,219,85,969.9
2027-05-04 03:00:00,-38.8,18.9,0.0,62,239,71,966.0
2027-05-04 04:00:00,-44.4,10.9,0.0,17,163,81,976.6
2027-05-04 05:00:00,-43.3,19.3,0.0,84,353,87,981.9
2027-05-04 06:00:00,-36.4,15.1,0.0,3,51,76,992.7
2027-05-04 07:00:00,-39.3,16.4,0.0,24,12,68,980.0
2027-05-04 08:00:00,-40.6,10.9,0.0,6,152,60,992.5
2027-05-04 09:00:00,-36.3,14.7,0.0,61,249,43,981.0
2027-05-04 10:00:00,-41.9,20.9,0.0,72,257,43,990.7
2027-05-04 11:00:00,-43.3,15.4,0.0,16,84,71,983.8
2027-05-04 12:00:00,-37.5,4.0,0.0,84,126,63,977.0
2027-05-04 13:00:00,-41.8,14.8,0.0,79,147,67,973.4
2027-05-04 14:00:00,-39.6,10.2,0.0,76,123,64,954.7
2027-05-04 15:00:00,-43.8,12.4,0.0,67,272,81,996.5
2027-05-04 16:00:00,-35.6,9.4,0.0,81,170,46,980.3
2027-05-04 17:00:00,-46.5,18.1,0.0,45,188,63,973.0
2027-05-04 18:00:00,-44.2,9.6,0.0,64,233,51,965.0
2027-05-04 19:00:00,-39.8,1.5,0.0,84,262,62,998.7
2027-05-04 20:00:00,-40.8,6.6,0.0,78,57,44,966.9
2027-05-04 21:00:00,-34.8,20.7,0.0,13,291,57,967.5
2027-05-04 22:00:00,-32.7,13.7,0.0,18,179,54,995.2
2027-05-04 23:00:00,-42.3,17.7,0.0,100,59,60,978.3
2027-05-05 00:00:00,-45.5,15.4,0.0,31,299,49,994.8
2027-05-05 01:00:00,-40.1,17.2,0.0,89,50,73,980.4
2027-05-05 02:00:00,-47.1,8.0,0.0,70,43,61,989.6
2027-05-05 03:00:00,-41.6,12.4,0.0,76,265,80,969.2
2027-05-05 04:00:00,-37.7,8.6,0.0,86,270,57,969.2
2027-05-05 05:00:00,-39.2,16.8,0.0,36,2,60,986.5
2027-05-05 06:00:00,-44.1,17.6,0.0,18,26,78,979.2
2027-05-05 07:00:00,-37.8,4.5,0.0,76,163,43,997.0
2027-05-05 08:00:00,-44.8,21.1,0.0,94,58,67,984.2
2027-05-05 09:00:00,-42.3,13.6,0.0,35,80,65,998.4
2027-05-05 10:00:00,-36.1,14.4,0.0,45,297,54,995.8
2027-05-05 11:00:00,-41.5,18.9,0.0,82,34,65,975.2
2027-05-05 12:00:00,-42.2,19.5,0.0,21,103,75,989.7
2027-05-05 13:00:00,-39.5,10.5,0.0,94,107,83,967.4
2027-05-05 14:00:00,-42.4,9.3,0.0,6,4,65,981.1
2027-05-05 15:00:00,-35.5,13.4,0.0,100,104,83,995.4
2027-05-05 16:00:00,-40.6,13.9,0.0,77,55,72,958.0
2027-05-05 17:00:00,-38.5,5.0,0.0,32,301,88,971.1
2027-05-05 18:00:00,-37.9,13.8,0.0,8,259,73,997.3
2027-05-05 19:00:00,-46.9,12.2,0.0,59,356,83,990.5
2027-05-05 20:00:00,-39.5,8.2,0.0,4,8,73,973.0
2027-05-05 21:00:00,-42.5,6.4,0.0,78,303,80,980.4
2027-05-05 22:00:00,-43.7,14.3,0.0,94,165,41,987.2
2027-05-05 23:00:00,-42.3,6.2,0.0,60,331,61,969.0
2027-05-06 00:00:00,-37.7,15.5,0.0,2,27,55,979.4
2027-05-06 01:00:00,-42.4,12.5,0.0,59,45,60,985.9
2027-05-06 02:00:00,-39.4,6.2,0.0,65,91,67,970.0
2027-05-06 03:00:00,-37.8,14.8,0.0,43,158,43,978.6
2027-05-06 04:00:00,-44.1,11.4,0.0,57,138,69,985.7
2027-05-06 05:00:00,-45.0,19.7,0.0,59,214,76,986.3
2027-05-06 06:00:00,-46.1,18.8,0.0,16,11,88,972.9
2027-05-06 07:00:00,-40.8,1.4,0.0,41,201,84,993.5
2027-05-06 08:00:00,-43.6,10.3,0.0,45,59,45,982.2
2027-05-06 09:00:00,-45.7,7.1,0.0,73,274,68,980.3
2027-05-06 10:00:00,-45.2,11.3,0.0,23,222,75,975.1
2027-05-06 11:00:00,-42.1,14.1,0.0,21,135,55,977.9
2027-05-06 12:00:00,-48.0,4.3,0.0,93,331,52,986.4
2027-05-06 13:00:00,-39.8,14.7,0.0,69,148,67,987.4
2027-05-06 14:00:00,-43.6,8.6,0.0,32,157,77,980.3
2027-05-06 15:00:00,-44.5,6.9,0.0,100,66,46,988.1
2027-05-06 16:00:00,-39.9,13.9,0.0,31,45,41,971.6
2027-05-06 17:00:00,-41.0,8.3,0.0,0,189,57,980.8
2027-05-06 18:00:00,-38.5,8.0,0.0,96,135,82,974.7
2027-05-06 19:00:00,-39.0,11.0,0.0,41,192,56,976.3
2027-05-06 20:00:00,-39.8,17.4,0.0,16,49,73,971.5
2027-05-06 21:00:00,-40.9,3.5,0.0,13,23,78,967.6
2027-05-06 22:00:00,-47.4,10.7,0.0,53,11,53,983.3
2027-05-06 23:00:00,-39.6,26.4,0.0,66,111,82,964.4
2027-05-07 00:00:00,-43.7,11.2,0.0,91,317,79,991.4
2027-05-07 01:00:00,-41.8,5.6,0.0,48,219,50,993.2
2027-05-07 02:00:00,-45.5,18.5,0.0,51,217,63,984.6
2027-05-07 03:00:00,-42.9,11.3,0.0,76,222,54,969.4
2027-05-07 04:00:00,-46.9,6.2,0.0,31,192,41,974.7
2027-05-07 05:00:00,-39.3,7.1,0.0,18,17,48,973.8
2027-05-07 06:00:00,-51.8,14.5,0.0,5,222,58,979.0
2027-05-07 07:00:00,-40.0,9.5,0.0,34,108,77,982.2
2027-05-07 08:00:00,-37.8,5.1,0.0,72,235,86,961.5
2027-05-07 09:00:00,-46.3,15.0,0.0,20,4,56,955.9
2027-05-07 10:00:00,-40.0,8.5,0.0,61,115,41,978.8
2027-05-07 11:00:00,-39.9,7.9,0.0,86,264,52,958.4
2027-05-07 12:00:00,-44.4,14.9,0.0,88,305,71,1006.7
2027-05-07 13:00:00,-37.9,10.0,0.0,87,284,65,977.7
2027-05-07 14:00:00,-40.9,20.5,0.0,15,264,72,969.6
2027-05-07 15:00:00,-40.1,4.0,0.0,93,30,86,977.6
2027-05-07 16:00:00,-39.1,9.3,0.0,1,330,48,988.1
2027-05-07 17:00:00,-41.5,12.2,0.0,40,117,69,980.9
2027-05-07 18:00:00,-42.4,11.7,0.0,76,118,42,992.4
2027-05-07 19:00:00,-41.2,15.4,0.0,33,270,64,960.7
2027-05-07 20:00:00,-41.6,15.5,0.0,73,146,48,972.2
2027-05-07 21:00:00,-43.1,6.8,0.0,89,276,57,972.1
2027-05-07 22:00:00,-44.0,5.3,0.0,40,151,70,985.4
2027-05-07 23:00:00,-45.7,9.6,0.0,87,232,67,993.3
2027-05-08 00:00:00,-46.9,8.4,0.0,33,245,75,988.5
2027-05-08 01:00:00,-42.9,5.7,0.0,83,320,82,988.5
2027-05-08 02:00:00,-39.0,10.0,0.0,73,31,85,979.8
2027-05-08 03:00:00,-45.4,17.3,0.0,25,336,60,996.5
2027-05-08 04:00:00,-39.9,11.3,0.0,74,159,71,961.6
2027-05-08 05:00:00,-38.4,15.4,0.0,55,94,52,976.3
2027-05-08 06:00:00,-43.7,16.5,0.0,38,319,55,969.6
2027-05-08 07:00:00,-43.4,14.8,0.0,30,357,48,985.6
2027-05-08 08:00:00,-44.1,6.9,0.0,76,265,69,987.1
2027-05-08 09:00:00,-40.6,8.7,0.0,77,341,68,963.3
2027-05-08 10:00:00,-45.8,6.6,0.0,59,208,62,999.0
2027-05-08 11:00:00,-46.5,11.0,0.0,3,47,88,978.0
2027-05-08 12:00:00,-46.6,3.7,0.0,52,342,61,1004.0
2027-05-08 13:00:00,-50.9,4.9,0.0,23,310,84,975.1
2027-05-08 14:00:00,-37.8,15.4,0.0,27,220,79,971.0
2027-05-08 15:00:00,-42.1,17.2,0.0,57,282,78,974.8
2027-05-08 16:00:00,-42.3,17.5,0.0,78,254,65,987.8
2027-05-08 17:00:00,-45.9,10.9,0.0,28,68,69,973.7
2027-05-08 18:00:00,-41.3,24.2,0.0,18,349,42,979.8
2027-05-08 19:00:00,-44.1,21.8,0.0,7,190,74,987.6
2027-05-08 20:00:00,-39.4,17.8,0.0,60,258,56,979.4
2027-05-08 21:00:00,-39.2,22.5,0.0,56,104,85,986.9
2027-05-08 22:00:00,-43.6,13.5,0.0,36,324,82,962.3
2027-05-08 23:00:00,-42.6,8.2,0.0,97,327,88,983.3
2027-05-09 00:00:00,-46.2,5.0,0.0,93,4,75,975.5
2027-05-09 01:00:00,-40.9,19.8,0.0,92,124,47,985.0
2027-05-09 02:00:00,-44.8,9.8,0.0,46,26,48,973.8
2027-05-09 03:00:00,-40.4,12.6,0.0,79,133,70,982.7
2027-05-09 04:00:00,-42.2,15.3,0.0,40,248,72,957.0
2027-05-09 05:00:00,-45.4,24.5,0.0,48,181,54,971.7
2027-05-09 06:00:00,-43.5,8.8,0.0,18,134,52,967.7
2027-05-09 07:00:00,-43.8,9.2,0.0,42,319,85,991.4
2027-05-09 08:00:00,-43.7,9.8,0.0,1,226,61,987.1
2027-05-09 09:00:00,-44.7,14.7,0.0,1,14,89,964.0
2027-05-09 10:00:00,-44.0,13.3,0.0,99,161,86,972.0
2027-05-09 11:00:00,-40.3,17.2,0.0,94,72,67,971.9
2027-05-09 12:00:00,-41.2,14.3,0.0,77,331,65,988.2
2027-05-09 13:00:00,-39.9,4.1,0.0,34,239,87,979.6
2027-05-09 14:00:00,-43.6,16.7,0.0,21,191,63,995.5
2027-05-09 15:00:00,-39.2,9.6,0.0,73,95,70,976.7
2027-05-09 16:00:00,-48.7,17.6,0.0,20,79,82,967.9
2027-05-09 17:00:00,-38.3,10.0,0.0,76,61,41,994.5
2027-05-09 18:00:00,-45.5,18.9,0.0,24,100,60,985.1
2027-05-09 19:00:00,-44.8,10.3,0.0,91,312,79,965.1
2027-05-09 20:00:00,-43.1,13.2,0.0,34,350,83,979.8
2027-05-09 21:00:00,-45.7,11.6,0.0,86,136,75,954.7
2027-05-09 22:00:00,-40.4,3.4,0.0,56,255,53,978.5
2027-05-09 23:00:00,-39.4,12.9,0.0,29,143,73,974.7
2027-05-10 00:00:00,-42.0,23.2,0.0,18,35,82,982.9
2027-05-10 01:00:00,-44.6,6.1,0.0,9,325,80,969.0
2027-05-10 02:00:00,-45.9,10.2,0.0,90,317,42,963.9
2027-05-10 03:00:00,-39.4,6.7,0.0,19,323,81,984.0
2027-05-10 04:00:00,-45.5,8.2,0.0,31,286,66,982.0
2027-05-10 05:00:00,-43.2,9.4,0.0,74,261,71,996.0
2027-05-10 06:00:00,-47.9,8.3,0.0,94,106,89,976.8
2027-05-10 07:00:00,-43.8,6.9,0.0,47,292,89,965.0
2027-05-10 08:00:00,-48.5,13.5,0.0,81,329,59,972.9
2027-05-10 09:00:00,-40.7,14.4,0.0,49,169,79,972.9
2027-05-10 10:00:00,-40.4,10.6,0.0,19,77,74,982.9
2027-05-10 11:00:00,-43.1,18.0,0.0,36,146,51,986.1
2027-05-10 12:00:00,-38.5,23.8,0.0,22,325,59,982.2
2027-05-10 13:00:00,-42.7,24.2,0.0,83,147,84,985.0
2027-05-10 14:00:00,-40.8,12.5,0.0,33,286,77,959.5
2027-05-10 15:00:00,-39.6,15.8,0.0,41,199,54,976.2
2027-05-10 16:00:00,-46.9,14.2,0.0,79,199,51,974.4
2027-05-10 17:00:00,-44.7,10.1,0.0,67,252,77,978.9
2027-05-10 18:00:00,-41.1,16.8,0.0,78,341,42,974.8
2027-05-10 19:00:00,-34.1,6.4,0.0,60,97,42,984.6
2027-05-10 20:00:00,-39.6,11.9,0.0,15,281,76,989.0
2027-05-10 21:00:00,-39.5,4.0,0.0,9,209,84,987.8
2027-05-10 22:00:00,-45.8,16.0,0.0,74,76,46,985.9
2027-05-10 23:00:00,-40.6,0.9,0.0,67,199,81,978.3
2027-05-11 00:00:00,-40.4,17.3,0.0,54,260,50,966.5
2027-05-11 01:00:00,-41.7,5.1,0.0,41,162,56,979.5
2027-05-11 02:00:00,-45.3,2.2,0.0,0,96,49,967.5
2027-05-11 03:00:00,-43.5,3.9,0.0,31,224,62,974.3
2027-05-11 04:00:00,-41.3,15.8,0.0,100,316,87,983.2
2027-05-11 05:00:00,-40.7,25.3,0.0,89,40,70,973.4
2027-05-11 06:00:00,-40.2,17.5,0.0,14,4,59,971.0
2027-05-11 07:00:00,-45.8,3.0,0.0,36,9,62,997.3
2027-05-11 08:00:00,-47.6,20.4,0.0,77,4,71,969.4
2027-05-11 09:00:00,-42.8,5.7,0.0,9,206,87,989.3
2027-05-11 10:00:00,-43.1,10.0,0.0,71,124,66,970.7
2027-05-11 11:00:00,-47.3,10.5,0.0,80,87,71,962.7
2027-05-11 12:00:00,-41.0,4.0,0.0,91,211,43,980.0
2027-05-11 13:00:00,-42.6,14.4,0.0,83,69,49,973.5
2027-05-11 14:00:00,-45.9,9.7,0.0,37,126,67,969.0
2027-05-11 15:00:00,-40.2,9.4,0.0,48,286,52,977.9
2027-05-11 16:00:00,-47.0,15.6,0.0,12,354,55,979.1
2027-05-11 17:00:00,-37.5,11.2,0.0,70,40,89,977.7
2027-05-11 18:00:00,-44.5,13.1,0.0,12,79,52,985.7
2027-05-11 19:00:00,-41.8,10.7,0.0,86,77,60,983.3
2027-05-11 20:00:00,-41.9,12.5,0.0,34,147,45,967.6
2027-05-11 21:00:00,-46.8,9.5,0.0,34,163,68,954.2
2027-05-11 22:00:00,-44.2,7.0,0.0,39,126,76,975.2
2027-05-11 23:00:00,-45.2,16.4,0.0,81,35,67,968.0
2027-05-12 00:00:00,-40.2,11.1,0.0,79,143,67,979.6
2027-05-12 01:00:00,-39.7,9.7,0.0,54,136,77,980.4
2027-05-12 02:00:00,-48.7,12.3,0.0,28,108,55,1008.6
2027-05-12 03:00:00,-48.2,12.4,0.0,84,310,85,993.5
2027-05-12 04:00:00,-40.8,13.1,0.0,84,30,65,972.1
2027-05-12 05:00:00,-49.6,14.4,0.0,70,187,77,1001.3
2027-05-12 06:00:00,-51.2,11.5,0.0,37,204,87,998.8
2027-05-12 07:00:00,-43.5,15.2,0.0,89,101,86,985.7
2027-05-12 08:00:00,-44.5,6.4,0.0,59,127,48,985.4
2027-05-12 09:00:00,-44.0,14.0,0.0,96,269,86,995.5
2027-05-12 10:00:00,-41.9,11.6,0.0,55,332,85,985.7
2027-05-12 11:00:00,-46.1,16.8,0.0,87,87,54,987.4
2027-05-12 12:00:00,-42.2,15.8,0.0,52,200,79,984.5
2027-05-12 13:00:00,-48.0,8.6,0.0,62,260,80,982.6
2027-05-12 14:00:00,-37.1,8.5,0.0,63,164,88,975.3
2027-05-12 15:00:00,-48.0,12.7,0.0,89,204,61,980.7
2027-05-12 16:00:00,-39.4,9.2,0.0,95,77,80,984.9
2027-05-12 17:00:00,-48.8,4.3,0.0,68,64,46,971.5
2027-05-12 18:00:00,-41.9,4.3,0.0,97,343,76,983.1
2027-05-12 19:00:00,-43.2,4.5,0.0,74,22,72,987.8
2027-05-12 20:00:00,-44.8,1.9,0.0,86,162,60,1000.1
2027-05-12 21:00:00,-45.5,0.1,0.0,41,62,70,979.8
2027-05-12 22:00:00,-41.7,5.7,0.0,2,320,51,972.5
2027-05-12 23:00:00,-41.5,10.7,0.0,45,264,80,995.5
2027-05-13 00:00:00,-40.1,13.6,0.0,97,88,85,985.1
2027-05-13 01:00:00,-41.1,7.9,0.0,31,186,57,982.1
2027-05-13 02:00:00,-41.1,10.7,0.0,82,213,40,974.3
2027-05-13 03:00:00,-45.3,15.6,0.0,81,118,59,984.9
2027-05-13 04:00:00,-45.5,10.7,0.0,8,316,62,965.3
2027-05-13 05:00:00,-45.3,10.1,0.0,18,116,64,974.6
2027-05-13 06:00:00,-38.0,3.6,0.0,74,322,50,991.9
2027-05-13 07:00:00,-41.6,19.8,0.0,15,93,40,973.8
2027-05-13 08:00:00,-47.4,13.6,0.0,64,72,49,1004.3
2027-05-13 09:00:00,-48.1,10.2,0.0,40,10,78,983.2
2027-05-13 10:00:00,-43.5,15.0,0.0,48,156,67,979.8
2027-05-13 11:00:00,-39.0,12.1,0.0,91,208,85,981.0
2027-05-13 12:00:00,-40.6,9.5,0.0,45,175,44,985.9
2027-05-13 13:00:00,-43.8,17.3,0.0,86,253,77,974.9
2027-05-13 14:00:00,-42.8,13.8,0.0,35,283,43,980.4
2027-05-13 15:00:00,-46.5,8.9,0.0,92,170,79,987.4
2027-05-13 16:00:00,-41.0,13.3,0.0,100,180,57,985.5
2027-05-13 17:00:00,-43.4,12.7,0.0,13,141,80,970.8
2027-05-13 18:00:00,-46.5,16.9,0.0,21,261,76,964.7
2027-05-13 19:00:00,-45.9,4.1,0.0,10,22,64,988.2
2027-05-13 20:00:00,-40.5,16.3,0.0,39,346,56,973.1
2027-05-13 21:00:00,-44.6,8.1,0.0,53,301,56,995.1
2027-05-13 22:00:00,-46.9,13.9,0.0,6,126,66,988.1
2027-05-13 23:00:00,-48.4,6.2,0.0,32,145,84,990.4
2027-05-14 00:00:00,-39.5,14.9,0.0,81,56,87,984.9
2027-05-14 01:00:00,-41.6,12.6,0.0,42,58,48,975.2
2027-05-14 02:00:00,-43.5,19.1,0.0,56,249,74,967.8
2027-05-14 03:00:00,-44.3,4.2,0.0,75,176,81,987.4
2027-05-14 04:00:00,-44.1,4.4,0.0,39,18,42,982.5
2027-05-14 05:00:00,-44.4,14.4,0.0,84,295,53,986.8
2027-05-14 06:00:00,-45.4,7.3,0.0,74,299,42,980.8
2027-05-14 07:00:00,-44.7,8.8,0.0,93,226,68,991.2
2027-05-14 08:00:00,-40.1,14.5,0.0,20,162,66,965.2
2027-05-14 09:00:00,-42.9,13.3,0.0,82,156,43,992.9
2027-05-14 10:00:00,-43.1,15.7,0.0,59,66,56,964.9
2027-05-14 11:00:00,-39.2,19.6,0.0,74,174,57,972.6
2027-05-14 12:00:00,-41.1,12.4,0.0,100,321,60,986.5
2027-05-14 13:00:00,-46.3,8.7,0.0,61,263,46,976.6
2027-05-14 14:00:00,-47.5,13.3,0.0,80,157,58,984.8
2027-05-14 15:00:00,-40.2,23.1,0.0,49,234,73,981.4
2027-05-14 16:00:00,-42.9,18.7,0.0,1,284,87,969.4
2027-05-14 17:00:00,-46.9,15.2,0.0,92,206,58,1004.0
2027-05-14 18:00:00,-48.1,3.2,0.0,42,333,79,967.6
2027-05-14 19:00:00,-45.7,19.7,0.0,7,331,77,972.1
2027-05-14 20:00:00,-38.4,9.0,0.0,79,182,54,976.1
2027-05-14 21:00:00,-41.1,12.3,0.0,68,115,68,974.4
2027-05-14 22:00:00,-44.4,9.6,0.0,31,338,42,966.3
2027-05-14 23:00:00,-47.6,7.4,0.0,68,234,83,967.2
2027-05-15 00:00:00,-40.8,8.9,0.0,71,328,84,979.0
2027-05-15 01:00:00,-47.8,4.0,0.0,8,156,86,974.7
2027-05-15 02:00:00,-38.8,8.1,0.0,15,149,41,977.1
2027-05-15 03:00:00,-50.9,19.0,0.0,33,41,83,978.8
2027-05-15 04:00:00,-43.7,18.8,0.0,87,23,73,972.8
2027-05-15 05:00:00,-41.0,2.7,0.0,63,260,74,971.3
2027-05-15 06:00:00,-41.0,9.2,0.0,54,280,88,969.3
2027-05-15 07:00:00,-45.6,10.0,0.0,12,237,52,968.0
2027-05-15 08:00:00,-51.1,8.0,0.0,76,50,44,989.0
2027-05-15 09:00:00,-42.3,7.6,0.0,84,185,71,975.5
2027-05-15 10:00:00,-45.3,8.8,0.0,0,98,59,974.4
2027-05-15 11:00:00,-45.5,14.2,0.0,21,208,80,999.5
2027-05-15 12:00:00,-46.1,15.2,0.0,15,175,70,967.0
2027-05-15 13:00:00,-40.5,12.4,0.0,93,255,77,988.7
2027-05-15 14:00:00,-45.9,14.1,0.0,25,183,82,981.0
2027-05-15 15:00:00,-43.4,15.5,0.0,68,55,52,982.6
2027-05-15 16:00:00,-45.7,15.7,0.0,62,33,50,977.6
2027-05-15 17:00:00,-40.3,17.6,0.0,77,346,63,963.7
2027-05-15 18:00:00,-42.9,9.1,0.0,72,292,49,977.3
2027-05-15 19:00:00,-48.7,17.5,0.0,93,298,53,983.1
2027-05-15 20:00:00,-52.6,11.7,0.0,72,18,89,972.5
2027-05-15 21:00:00,-46.3,16.1,0.0,88,329,70,975.4
2027-05-15 22:00:00,-42.8,7.5,0.0,23,44,44,986.8
2027-05-15 23:00:00,-44.5,17.3,0.0,72,310,76,973.0
2027-05-16 00:00:00,-44.1,18.7,0.0,87,47,62,967.1
2027-05-16 01:00:00,-49.6,4.5,0.0,51,315,58,989.3
2027-05-16 02:00:00,-44.8,2.4,0.0,50,21,57,982.8
2027-05-16 03:00:00,-44.2,10.3,0.0,89,246,41,975.0
2027-05-16 04:00:00,-45.6,20.5,0.0,98,325,89,971.0
2027-05-16 05:00:00,-42.3,20.3,0.0,98,224,63,977.1
2027-05-16 06:00:00,-51.3,8.0,0.0,74,329,42,973.6
2027-05-16 07:00:00,-43.3,10.3,0.0,18,173,49,993.8
2027-05-16 08:00:00,-43.9,13.1,0.0,100,345,46,983.2
2027-05-16 09:00:00,-45.9,16.3,0.0,99,237,55,978.1
2027-05-16 10:00:00,-43.7,10.1,0.0,85,207,48,967.1
2027-05-16 11:00:00,-46.3,8.4,0.0,12,131,65,983.5
2027-05-16 12:00:00,-47.5,18.1,0.0,6,33,48,992.5
2027-05-16 13:00:00,-42.9,6.3,0.0,65,258,77,1005.2
2027-05-16 14:00:00,-45.4,13.6,0.0,22,127,61,977.2
2027-05-16 15:00:00,-45.7,7.2,0.0,10,262,54,984.8
2027-05-16 16:00:00,-46.5,11.0,0.0,11,269,86,974.4
2027-05-16 17:00:00,-44.1,16.7,0.0,14,107,47,957.7
2027-05-16 18:00:00,-43.3,5.7,0.0,95,323,73,973.5
2027-05-16 19:00:00,-44.8,12.2,0.0,34,174,70,976.8
2027-05-16 20:00:00,-39.1,9.0,0.0,6,262,49,988.5
2027-05-16 21:00:00,-41.0,19.6,0.0,88,149,82,974.3
2027-05-16 22:00:00,-49.9,4.7,0.0,53,12,52,986.5
2027-05-16 23:00:00,-45.5,9.1,0.0,42,295,85,975.4
2027-05-17 00:00:00,-43.4,4.7,0.0,36,273,86,982.8
2027-05-17 01:00:00,-44.7,16.3,0.0,62,345,45,986.2
2027-05-17 02:00:00,-41.7,15.9,0.0,5,186,56,978.7
2027-05-17 03:00:00,-51.1,10.3,0.0,14,332,88,992.3
2027-05-17 04:00:00,-51.4,5.7,0.0,80,215,58,988.2
2027-05-17 05:00:00,-45.3,5.4,0.0,32,312,79,976.4
2027-05-17 06:00:00,-48.2,18.5,0.0,99,115,54,984.9
2027-05-17 07:00:00,-45.0,2.8,0.0,82,295,47,972.6
2027-05-17 08:00:00,-44.4,17.9,0.0,10,242,41,976.5
2027-05-17 09:00:00,-44.8,16.7,0.0,67,346,73,981.7
2027-05-17 10:00:00,-47.5,4.2,0.0,87,156,74,973.5
2027-05-17 11:00:00,-44.1,9.2,0.0,36,243,81,978.6
2027-05-17 12:00:00,-45.7,12.6,0.0,56,301,67,973.9
2027-05-17 13:00:00,-44.1,10.7,0.0,33,183,88,983.1
2027-05-17 14:00:00,-38.2,14.8,0.0,37,135,51,985.3
2027-05-17 15:00:00,-46.7,16.9,0.0,85,0,42,985.6
2027-05-17 16:00:00,-47.8,11.0,0.0,87,303,63,982.7
2027-05-17 17:00:00,-44.0,25.5,0.0,23,261,51,967.1
2027-05-17 18:00:00,-40.1,0.0,0.0,87,292,68,970.5
2027-05-17 19:00:00,-48.5,3.7,0.0,42,28,85,980.2
2027-05-17 20:00:00,-47.7,10.1,0.0,50,131,44,974.2
2027-05-17 21:00:00,-43.6,13.8,0.0,31,139,53,979.0
2027-05-17 22:00:00,-42.7,13.6,0.0,71,11,84,991.5
2027-05-17 23:00:00,-45.5,8.7,0.0,21,83,40,972.8
2027-05-18 00:00:00,-45.8,21.7,0.0,21,358,79,973.9
2027-05-18 01:00:00,-46.4,14.1,0.0,43,113,59,988.5
2027-05-18 02:00:00,-45.0,23.8,0.0,2,185,61,973.3
2027-05-18 03:00:00,-42.4,8.7,0.0,0,248,73,982.4
2027-05-18 04:00:00,-44.5,18.9,0.0,59,258,82,972.3
2027-05-18 05:00:00,-42.9,8.5,0.0,15,330,49,984.2
2027-05-18 06:00:00,-41.9,8.6,0.0,21,216,49,974.3
2027-05-18 07:00:00,-48.6,14.5,0.0,7,263,77,966.5
2027-05-18 08:00:00,-47.2,6.6,0.0,45,309,52,976.9
2027-05-18 09:00:00,-45.6,9.1,0.0,24,358,65,998.1
2027-05-18 10:00:00,-45.7,5.0,0.0,63,101,57,969.3
2027-05-18 11:00:00,-45.9,11.6,0.0,88,34,71,994.8
2027-05-18 12:00:00,-45.0,14.8,0.0,68,147,86,980.3
2027-05-18 13:00:00,-44.6,16.5,0.0,3,64,59,983.4
2027-05-18 14:00:00,-42.1,15.9,0.0,17,170,68,984.2
2027-05-18 15:00:00,-39.8,16.9,0.0,86,189,77,975.6
2027-05-18 16:00:00,-42.0,21.1,0.0,56,183,79,982.5
2027-05-18 17:00:00,-44.1,13.8,0.0,82,170,58,976.7
2027-05-18 18:00:00,-40.7,2.3,0.0,54,63,71,988.8
2027-05-18 19:00:00,-44.6,20.6,0.0,67,286,76,969.4
2027-05-18 20:00:00,-46.8,19.5,0.0,19,334,40,995.3
2027-05-18 21:00:00,-45.7,6.7,0.0,24,258,82,953.2
2027-05-18 22:00:00,-49.4,7.7,0.0,92,94,78,980.1
2027-05-18 23:00:00,-44.4,15.6,0.0,13,24,51,993.4
2027-05-19 00:00:00,-45.0,3.6,0.0,20,272,41,976.5
2027-05-19 01:00:00,-43.2,9.5,0.0,59,2,59,982.0
2027-05-19 02:00:00,-43.1,11.9,0.0,46,134,81,970.7
2027-05-19 03:00:00,-56.2,20.2,0.0,94,288,65,999.8
2027-05-19 04:00:00,-41.3,9.3,0.0,40,234,63,988.4
2027-05-19 05:00:00,-49.5,15.5,0.0,87,185,82,977.0
2027-05-19 06:00:00,-42.2,12.1,0.0,28,326,63,974.6
2027-05-19 07:00:00,-43.7,6.6,0.0,28,229,87,983.4
2027-05-19 08:00:00,-46.7,16.9,0.0,73,47,40,994.9
2027-05-19 09:00:00,-44.2,9.5,0.0,12,20,71,988.9
2027-05-19 10:00:00,-46.5,6.4,0.0,15,69,47,976.8
2027-05-19 11:00:00,-45.0,21.6,0.0,14,353,64,988.4
2027-05-19 12:00:00,-48.0,11.5,0.0,88,91,60,999.1
2027-05-19 13:00:00,-46.0,27.7,0.0,67,227,73,977.9
2027-05-19 14:00:00,-44.8,12.0,0.0,17,359,79,979.7
2027-05-19 15:00:00,-44.7,13.0,0.0,97,216,76,990.7
2027-05-19 16:00:00,-51.6,14.8,0.0,11,33,62,972.7
2027-05-19 17:00:00,-46.7,10.1,0.0,11,321,68,975.8
2027-05-19 18:00:00,-46.5,14.5,0.0,76,57,83,982.6
2027-05-19 19:00:00,-46.0,10.2,0.0,30,211,58,976.0
2027-05-19 20:00:00,-47.8,15.8,0.0,93,66,77,987.6
2027-05-19 21:00:00,-45.3,12.0,0.0,76,250,75,980.5
2027-05-19 22:00:00,-50.9,16.7,0.0,10,134,87,973.0
2027-05-19 23:00:00,-45.2,14.6,0.0,63,196,76,967.3
2027-05-20 00:00:00,-43.2,13.1,0.0,54,236,86,988.4
2027-05-20 01:00:00,-49.0,6.5,0.0,36,244,45,974.5
2027-05-20 02:00:00,-49.1,10.5,0.0,9,167,47,991.9
2027-05-20 03:00:00,-45.4,11.8,0.0,97,87,52,981.0
2027-05-20 04:00:00,-45.3,14.5,0.0,99,6,77,971.6
2027-05-20 05:00:00,-45.1,20.0,0.0,68,19,72,980.6
2027-05-20 06:00:00,-45.9,14.9,0.0,29,219,71,977.8
2027-05-20 07:00:00,-50.7,10.4,0.0,8,192,85,979.6
2027-05-20 08:00:00,-44.9,21.1,0.0,14,55,84,970.9
2027-05-20 09:00:00,-43.9,14.2,0.0,4,274,70,986.3
2027-05-20 10:00:00,-51.2,8.8,0.0,29,110,69,975.7
2027-05-20 11:00:00,-42.3,10.9,0.0,69,79,57,994.3
2027-05-20 12:00:00,-44.2,17.9,0.0,46,36,54,972.6
2027-05-20 13:00:00,-47.9,1.4,0.0,40,293,80,982.2
2027-05-20 14:00:00,-40.6,14.2,0.0,51,279,58,975.2
2027-05-20 15:00:00,-51.1,17.5,0.0,0,324,47,968.8
2027-05-20 16:00:00,-48.6,12.7,0.0,63,97,40,986.7
2027-05-20 17:00:00,-47.2,13.9,0.0,81,22,66,966.6
2027-05-20 18:00:00,-46.4,9.4,0.0,26,195,75,978.2
2027-05-20 19:00:00,-42.0,12.1,0.0,13,217,50,948.9
2027-05-20 20:00:00,-50.2,8.5,0.0,6,139,82,972.1
2027-05-20 21:00:00,-43.3,13.6,0.0,32,84,51,974.3
2027-05-20 22:00:00,-43.4,7.7,0.0,49,319,78,963.9
2027-05-20 23:00:00,-46.3,16.7,0.0,38,158,51,992.1
2027-05-21 00:00:00,-46.4,8.8,0.0,11,20,58,954.3
2027-05-21 01:00:00,-42.6,13.1,0.0,100,190,50,964.0
2027-05-21 02:00:00,-48.9,13.7,0.0,4,45,85,982.1
2027-05-21 03:00:00,-51.5,12.1,0.0,24,319,82,986.0
2027-05-21 04:00:00,-47.6,15.8,0.0,11,88,70,977.8
2027-05-21 05:00:00,-42.1,12.8,0.0,0,270,50,980.1
2027-05-21 06:00:00,-52.6,7.3,0.0,49,4,61,984.5
2027-05-21 07:00:00,-41.3,8.7,0.0,45,226,70,976.2
2027-05-21 08:00:00,-47.3,18.3,0.0,44,38,63,969.0
2027-05-21 09:00:00,-43.3,11.9,0.0,91,16,50,977.3
2027-05-21 10:00:00,-44.1,5.9,0.0,54,328,71,967.0
2027-05-21 11:00:00,-49.2,13.4,0.0,87,251,60,978.2
2027-05-21 12:00:00,-41.1,8.5,0.0,82,188,62,977.1
2027-05-21 13:00:00,-45.1,15.1,0.0,91,177,87,986.5
2027-05-21 14:00:00,-50.4,6.8,0.0,77,174,58,964.8
2027-05-21 15:00:00,-50.3,10.3,0.0,1,82,78,981.4
2027-05-21 16:00:00,-46.8,15.2,0.0,81,290,50,970.3
2027-05-21 17:00:00,-46.7,10.3,0.0,82,126,78,991.2
2027-05-21 18:00:00,-50.5,15.8,0.0,14,200,44,987.8
2027-05-21 19:00:00,-49.1,20.6,0.0,89,176,56,974.8
2027-05-21 20:00:00,-45.8,7.8,0.0,26,28,47,987.8
2027-05-21 21:00:00,-43.1,11.9,0.0,49,209,42,982.0
2027-05-21 22:00:00,-38.5,18.3,0.0,58,195,81,980.2
2027-05-21 23:00:00,-43.7,8.7,0.0,28,317,65,958.1
2027-05-22 00:00:00,-42.4,17.9,0.0,81,344,52,973.8
2027-05-22 01:00:00,-49.4,9.9,0.0,39,349,46,1006.2
2027-05-22 02:00:00,-42.7,13.4,0.0,57,245,60,990.4
2027-05-22 03:00:00,-47.5,15.9,0.0,66,169,65,977.3
2027-05-22 04:00:00,-39.3,9.0,0.0,90,18,86,980.9
2027-05-22 05:00:00,-53.0,14.2,0.0,98,233,70,975.6
2027-05-22 06:00:00,-46.7,7.9,0.0,95,47,42,969.6
2027-05-22 07:00:00,-44.3,2.9,0.0,56,193,60,980.7
2027-05-22 08:00:00,-47.8,16.9,0.0,14,164,86,982.6
2027-05-22 09:00:00,-47.8,9.6,0.0,69,64,76,970.6
2027-05-22 10:00:00,-50.4,12.7,0.0,72,151,64,972.6
2027-05-22 11:00:00,-42.2,8.9,0.0,51,332,50,995.1
2027-05-22 12:00:00,-49.5,13.9,0.0,62,89,78,966.6
2027-05-22 13:00:00,-49.7,7.5,0.0,32,341,68,984.7
2027-05-22 14:00:00,-46.7,8.3,0.0,79,128,72,989.6
2027-05-22 15:00:00,-51.2,1.1,0.0,80,149,68,988.2
2027-05-22 16:00:00,-45.2,27.4,0.0,49,192,85,977.7
2027-05-22 17:00:00,-45.9,7.4,0.0,48,272,89,983.7
2027-05-22 18:00:00,-44.5,7.3,0.0,53,307,68,992.5
2027-05-22 19:00:00,-46.4,14.5,0.0,26,10,53,980.1
2027-05-22 20:00:00,-48.3,2.9,0.0,71,136,89,977.7
2027-05-22 21:00:00,-47.1,14.8,0.0,5,74,79,975.4
2027-05-22 22:00:00,-43.0,9.7,0.0,81,124,89,990.3
2027-05-22 23:00:00,-45.6,13.5,0.0,69,129,55,979.5
2027-05-23 00:00:00,-42.7,14.1,0.0,76,16,84,984.5
2027-05-23 01:00:00,-45.4,11.6,0.0,13,200,80,976.7
2027-05-23 02:00:00,-49.4,14.1,0.0,30,181,57,974.4
2027-05-23 03:00:00,-43.5,2.9,0.0,51,150,60,990.6
2027-05-23 04:00:00,-46.6,13.4,0.0,26,113,44,984.2
2027-05-23 05:00:00,-43.9,3.1,0.0,24,142,82,966.9
2027-05-23 06:00:00,-53.3,11.7,0.0,86,103,53,985.7
2027-05-23 07:00:00,-48.5,18.9,0.0,12,173,59,988.4
2027-05-23 08:00:00,-53.3,11.9,0.0,94,64,51,982.4
2027-05-23 09:00:00,-46.7,12.3,0.0,2,312,48,995.9
2027-05-23 10:00:00,-47.5,7.7,0.0,34,282,44,978.5
2027-05-23 11:00:00,-45.3,17.8,0.0,86,344,80,987.7
2027-05-23 12:00:00,-39.9,11.3,0.0,0,300,41,969.0
2027-05-23 13:00:00,-44.4,14.5,0.0,60,325,45,988.0
2027-05-23 14:00:00,-49.7,7.2,0.0,31,173,74,986.3
2027-05-23 15:00:00,-45.5,11.9,0.0,70,37,73,982.2
2027-05-23 16:00:00,-52.8,9.3,0.0,91,59,88,968.1
2027-05-23 17:00:00,-46.4,15.3,0.0,20,12,89,963.3
2027-05-23 18:00:00,-44.4,8.0,0.0,56,149,77,981.5
2027-05-23 19:00:00,-48.1,10.2,0.0,50,86,81,973.9
2027-05-23 20:00:00,-41.6,17.4,0.0,34,322,51,962.7
2027-05-23 21:00:00,-44.1,9.7,0.0,48,104,64,977.8
2027-05-23 22:00:00,-49.2,15.4,0.0,58,250,57,972.5
2027-05-23 23:00:00,-43.0,6.1,0.0,69,51,84,960.4
2027-05-24 00:00:00,-43.9,23.4,0.0,45,254,47,975.0
2027-05-24 01:00:00,-43.4,12.9,0.0,35,42,57,989.9
2027-05-24 02:00:00,-48.3,15.5,0.0,57,121,64,990.9
2027-05-24 03:00:00,-43.3,17.5,0.0,98,220,75,986.3
2027-05-24 04:00:00,-50.8,16.7,0.0,18,222,84,975.0
2027-05-24 05:00:00,-44.1,12.4,0.0,54,251,51,974.1
2027-05-24 06:00:00,-40.4,17.8,0.0,45,83,80,977.1
2027-05-24 07:00:00,-46.1,6.2,0.0,8,239,83,983.0
2027-05-24 08:00:00,-46.0,15.5,0.0,100,111,61,970.9
2027-05-24 09:00:00,-49.1,8.9,0.0,59,155,89,991.4
2027-05-24 10:00:00,-45.3,9.1,0.0,91,5,82,984.3
2027-05-24 11:00:00,-43.0,1.1,0.0,34,192,81,989.2
2027-05-24 12:00:00,-49.4,15.9,0.0,74,225,42,980.6
2027-05-24 13:00:00,-47.2,13.3,0.0,50,21,61,980.1
2027-05-24 14:00:00,-45.9,9.2,0.0,23,287,57,977.6
2027-05-24 15:00:00,-43.7,10.6,0.0,22,348,80,960.0
2027-05-24 16:00:00,-46.9,6.6,0.0,7,178,83,969.7
2027-05-24 17:00:00,-49.8,14.0,0.0,83,203,41,960.5
2027-05-24 18:00:00,-44.5,13.6,0.0,72,107,41,985.6
2027-05-24 19:00:00,-49.1,11.4,0.0,58,209,73,981.9
2027-05-24 20:00:00,-41.0,27.6,0.0,52,225,77,973.7
2027-05-24 21:00:00,-50.3,13.9,0.0,1,48,49,987.4
2027-05-24 22:00:00,-44.1,16.7,0.0,74,117,72,993.4
2027-05-24 23:00:00,-46.7,0.0,0.0,12,328,76,980.5
2027-05-25 00:00:00,-43.1,3.8,0.0,27,94,88,973.9
2027-05-25 01:00:00,-44.8,18.4,0.0,77,24,71,964.0
2027-05-25 02:00:00,-45.7,12.7,0.0,66,107,78,979.5
2027-05-25 03:00:00,-44.6,10.9,0.0,97,115,68,985.7
2027-05-25 04:00:00,-49.8,14.5,0.0,22,99,69,983.4
2027-05-25 05:00:00,-47.7,15.7,0.0,9,292,59,967.5
2027-05-25 06:00:00,-50.5,12.7,0.0,14,61,60,965.2
2027-05-25 07:00:00,-46.9,7.5,0.0,42,252,77,989.1
2027-05-25 08:00:00,-49.2,10.7,0.0,85,11,54,986.3
2027-05-25 09:00:00,-48.5,15.5,0.0,61,49,73,984.6
2027-05-25 10:00:00,-47.5,22.1,0.0,16,92,60,981.4
2027-05-25 11:00:00,-47.7,12.2,0.0,65,328,70,980.5
2027-05-25 12:00:00,-44.1,8.8,0.0,10,104,64,957.7
2027-05-25 13:00:00,-54.4,15.9,0.0,99,348,52,975.0
2027-05-25 14:00:00,-53.1,6.6,0.0,61,243,80,966.7
2027-05-25 15:00:00,-40.7,17.1,0.0,45,240,69,976.0
2027-05-25 16:00:00,-44.7,8.2,0.0,90,65,76,985.9
2027-05-25 17:00:00,-48.9,13.2,0.0,32,65,76,1000.8
2027-05-25 18:00:00,-47.0,9.4,0.0,54,333,48,1006.0
2027-05-25 19:00:00,-40.5,10.9,0.0,11,111,67,984.6
2027-05-25 20:00:00,-48.8,19.4,0.0,66,118,47,965.7
2027-05-25 21:00:00,-46.2,15.5,0.0,27,14,86,975.2
2027-05-25 22:00:00,-45.6,6.3,0.0,54,163,51,991.6
2027-05-25 23:00:00,-47.4,17.2,0.0,26,52,76,969.1
2027-05-26 00:00:00,-44.9,11.0,0.0,17,102,74,980.1
2027-05-26 01:00:00,-51.4,12.1,0.0,17,162,53,974.3
2027-05-26 02:00:00,-47.3,2.4,0.0,18,4,73,982.5
2027-05-26 03:00:00,-43.7,9.9,0.0,6,348,70,964.9
2027-05-26 04:00:00,-47.7,12.7,0.0,11,143,40,981.1
2027-05-26 05:00:00,-53.6,19.4,0.0,78,0,64,977.2
2027-05-26 06:00:00,-52.3,17.7,0.0,46,319,80,973.8
2027-05-26 07:00:00,-49.5,6.5,0.0,2,258,65,968.8
2027-05-26 08:00:00,-52.2,17.7,0.0,59,241,79,982.0
2027-05-26 09:00:00,-49.4,4.7,0.0,79,129,43,977.2
2027-05-26 10:00:00,-51.5,10.0,0.0,26,155,65,987.0
2027-05-26 11:00:00,-47.2,23.1,0.0,47,5,66,972.2
2027-05-26 12:00:00,-48.0,17.1,0.0,8,317,67,991.5
2027-05-26 13:00:00,-47.6,6.3,0.0,88,214,70,964.4
2027-05-26 14:00:00,-47.9,5.5,0.0,4,288,83,980.8
2027-05-26 15:00:00,-47.9,16.1,0.0,24,122,49,976.0
2027-05-26 16:00:00,-46.2,22.0,0.0,21,46,89,986.2
2027-05-26 17:00:00,-44.9,7.8,0.0,28,136,56,959.5
2027-05-26 18:00:00,-45.3,16.7,0.0,83,243,60,978.3
2027-05-26 19:00:00,-48.4,18.1,0.0,94,188,48,969.1
2027-05-26 20:00:00,-48.7,9.8,0.0,63,281,55,981.8
2027-05-26 21:00:00,-50.2,20.7,0.0,3,226,84,969.6
2027-05-26 22:00:00,-45.7,13.4,0.0,92,185,82,986.0
2027-05-26 23:00:00,-51.0,6.4,0.0,41,56,89,980.0
2027-05-27 00:00:00,-41.9,15.2,0.0,16,154,58,986.8
2027-05-27 01:00:00,-43.8,14.2,0.0,18,287,56,983.3
2027-05-27 02:00:00,-49.8,7.7,0.0,43,346,78,978.7
2027-05-27 03:00:00,-41.5,5.6,0.0,73,326,46,987.6
2027-05-27 04:00:00,-49.8,7.2,0.0,37,257,47,968.1
2027-05-27 05:00:00,-50.0,11.5,0.0,92,221,47,993.3
2027-05-27 06:00:00,-50.1,15.6,0.0,92,303,86,983.9
2027-05-27 07:00:00,-47.6,13.6,0.0,39,72,63,982.4
2027-05-27 08:00:00,-53.6,0.0,0.0,95,170,84,973.7
2027-05-27 09:00:00,-47.4,9.2,0.0,34,139,74,988.0
2027-05-27 10:00:00,-49.6,10.3,0.0,100,36,40,971.8
2027-05-27 11:00:00,-45.2,4.2,0.0,59,74,56,992.9
2027-05-27 12:00:00,-48.1,6.2,0.0,86,236,47,971.1
2027-05-27 13:00:00,-46.0,10.7,0.0,24,5,67,964.6
2027-05-27 14:00:00,-48.3,14.8,0.0,17,324,60,966.9
2027-05-27 15:00:00,-49.3,11.3,0.0,74,18,63,969.3
2027-05-27 16:00:00,-46.3,7.1,0.0,58,258,65,972.3
2027-05-27 17:00:00,-50.4,13.2,0.0,94,356,41,974.8
2027-05-27 18:00:00,-45.9,20.1,0.0,44,79,89,979.4
2027-05-27 19:00:00,-45.6,11.1,0.0,82,32,87,977.9
2027-05-27 20:00:00,-48.7,18.6,0.0,34,258,57,984.8
2027-05-27 21:00:00,-48.0,9.7,0.0,14,201,65,971.0
2027-05-27 22:00:00,-47.5,22.6,0.0,42,89,64,963.9
2027-05-27 23:00:00,-46.1,5.8,0.0,94,295,45,967.0
2027-05-28 00:00:00,-47.7,10.6,0.0,6,202,75,977.3
2027-05-28 01:00:00,-43.6,6.3,0.0,4,102,66,986.7
2027-05-28 02:00:00,-44.7,7.8,0.0,4,188,62,991.2
2027-05-28 03:00:00,-47.9,4.7,0.0,93,85,75,974.6
2027-05-28 04:00:00,-47.4,10.1,0.0,34,180,43,974.9
2027-05-28 05:00:00,-51.6,13.3,0.0,9,350,51,972.5
2027-05-28 06:00:00,-48.3,2.2,0.0,98,152,89,982.9
2027-05-28 07:00:00,-50.4,21.5,0.0,83,138,57,982.8
2027-05-28 08:00:00,-49.0,13.9,0.0,11,318,60,987.1
2027-05-28 09:00:00,-53.8,14.3,0.0,47,199,71,960.7
2027-05-28 10:00:00,-46.9,17.5,0.0,49,230,74,977.8
2027-05-28 11:00:00,-49.2,5.1,0.0,7,15,86,1000.0
2027-05-28 12:00:00,-49.3,23.9,0.0,49,220,76,983.7
2027-05-28 13:00:00,-39.7,14.2,0.0,88,252,63,990.5
2027-05-28 14:00:00,-48.0,3.4,0.0,72,91,86,961.9
2027-05-28 15:00:00,-50.7,5.8,0.0,96,210,88,977.2
2027-05-28 16:00:00,-46.3,5.1,0.0,6,340,59,968.3
2027-05-28 17:00:00,-54.6,8.9,0.0,80,42,51,973.0
2027-05-28 18:00:00,-45.0,15.2,0.0,24,51,74,990.6
2027-05-28 19:00:00,-50.6,5.4,0.0,59,203,77,994.3
2027-05-28 20:00:00,-46.0,8.1,0.0,17,245,78,991.5
2027-05-28 21:00:00,-45.6,10.5,0.0,0,336,88,985.7
2027-05-28 22:00:00,-49.9,10.5,0.0,19,324,54,976.4
2027-05-28 23:00:00,-51.4,11.0,0.0,46,201,84,975.9
2027-05-29 00:00:00,-48.4,12.2,0.0,64,112,57,981.2
2027-05-29 01:00:00,-49.7,13.1,0.0,46,93,74,991.9
2027-05-29 02:00:00,-49.1,16.6,0.0,84,158,84,965.8
2027-05-29 03:00:00,-47.5,9.4,0.0,22,321,51,992.1
2027-05-29 04:00:00,-45.8,6.5,0.0,38,77,59,981.8
2027-05-29 05:00:00,-45.4,4.5,0.0,63,123,75,997.4
2027-05-29 06:00:00,-46.2,18.1,0.0,72,201,62,978.3
2027-05-29 07:00:00,-49.1,22.0,0.0,94,10,72,972.6
2027-05-29 08:00:00,-43.7,7.6,0.0,48,156,88,980.7
2027-05-29 09:00:00,-49.6,12.4,0.0,22,277,52,983.5
2027-05-29 10:00:00,-45.8,4.2,0.0,5,44,40,976.8
2027-05-29 11:00:00,-45.6,8.1,0.0,80,284,83,970.6
2027-05-29 12:00:00,-50.4,21.1,0.0,4,15,52,1001.7
2027-05-29 13:00:00,-53.1,17.1,0.0,67,230,55,995.0
2027-05-29 14:00:00,-50.0,20.1,0.0,56,86,84,992.6
2027-05-29 15:00:00,-51.6,4.1,0.0,95,169,47,997.5
2027-05-29 16:00:00,-52.9,6.9,0.0,88,55,55,973.1
2027-05-29 17:00:00,-50.4,15.7,0.0,97,359,46,984.8
2027-05-29 18:00:00,-48.1,17.7,0.0,16,304,86,988.5
2027-05-29 19:00:00,-47.2,6.1,0.0,64,96,81,996.3
2027-05-29 20:00:00,-48.6,15.1,0.0,22,195,45,984.0
2027-05-29 21:00:00,-49.0,15.9,0.0,7,99,89,974.6
2027-05-29 22:00:00,-45.5,11.0,0.0,65,258,63,976.4
2027-05-29 23:00:00,-49.9,14.1,0.0,89,112,67,984.4
2027-05-30 00:00:00,-49.9,6.3,0.0,71,47,68,980.2
2027-05-30 01:00:00,-51.4,11.2,0.0,9,263,81,976.1
2027-05-30 02:00:00,-54.3,23.8,0.0,92,193,49,981.2
2027-05-30 03:00:00,-50.4,10.7,0.0,67,207,70,984.3
2027-05-30 04:00:00,-45.3,7.5,0.0,77,205,47,987.7
2027-05-30 05:00:00,-47.2,15.9,0.0,56,83,40,984.4
2027-05-30 06:00:00,-51.1,12.8,0.0,16,251,86,988.9
2027-05-30 07:00:00,-43.0,15.5,0.0,68,68,88,997.4
2027-05-30 08:00:00,-45.6,19.6,0.0,12,230,75,975.7
2027-05-30 09:00:00,-54.9,5.9,0.0,60,170,50,998.3
2027-05-30 10:00:00,-49.6,21.4,0.0,92,57,73,990.5
2027-05-30 11:00:00,-48.3,19.3,0.0,100,213,86,982.1
2027-05-30 12:00:00,-45.6,15.7,0.0,19,94,50,986.9
2027-05-30 13:00:00,-47.7,11.6,0.0,6,245,41,981.1
2027-05-30 14:00:00,-47.0,9.3,0.0,93,66,81,980.8
2027-05-30 15:00:00,-48.0,10.4,0.0,25,266,86,979.4
2027-05-30 16:00:00,-48.0,16.7,0.0,94,155,60,985.7
2027-05-30 17:00:00,-45.2,8.8,0.0,45,300,89,968.1
2027-05-30 18:00:00,-50.1,3.2,0.0,94,24,64,990.8
2027-05-30 19:00:00,-48.4,12.2,0.0,8,240,89,983.9
2027-05-30 20:00:00,-49.9,8.7,0.0,30,304,59,984.9
2027-05-30 21:00:00,-50.0,11.5,0.0,56,325,86,978.5
2027-05-30 22:00:00,-50.1,9.6,0.0,46,102,81,979.7
2027-05-30 23:00:00,-48.4,11.5,0.0,78,314,65,960.2
2027-05-31 00:00:00,-49.4,18.1,0.0,90,241,51,973.1
2027-05-31 01:00:00,-50.7,12.7,0.0,97,139,62,973.4
2027-05-31 02:00:00,-43.4,20.2,0.0,10,321,44,957.2
2027-05-31 03:00:00,-49.5,17.8,0.0,57,331,43,972.7
2027-05-31 04:00:00,-49.9,19.4,0.0,99,248,42,979.0
2027-05-31 05:00:00,-52.2,17.0,0.0,10,207,44,968.9
2027-05-31 06:00:00,-53.5,22.4,0.0,80,255,50,972.3
2027-05-31 07:00:00,-46.6,8.1,0.0,98,106,72,990.3
2027-05-31 08:00:00,-46.8,14.6,0.0,88,162,88,979.9
2027-05-31 09:00:00,-51.2,16.7,0.0,19,216,52,958.4
2027-05-31 10:00:00,-55.8,5.7,0.0,41,286,88,989.4
2027-05-31 11:00:00,-50.5,21.2,0.0,47,342,84,973.3
2027-05-31 12:00:00,-49.7,4.2,0.0,83,226,42,970.8
2027-05-31 13:00:00,-43.5,6.6,0.0,85,236,87,967.8
2027-05-31 14:00:00,-48.9,7.9,0.0,40,197,52,971.9
2027-05-31 15:00:00,-50.9,10.8,0.0,19,291,49,986.7
2027-05-31 16:00:00,-48.2,5.2,0.0,36,92,65,979.7
2027-05-31 17:00:00,-42.6,18.1,0.0,90,173,84,987.9
2027-05-31 18:00:00,-48.1,13.7,0.0,78,184,85,982.6
2027-05-31 19:00:00,-50.3,14.1,0.0,18,333,50,981.3
2027-05-31 20:00:00,-43.9,14.6,0.0,11,260,73,970.9
2027-05-31 21:00:00,-44.5,12.3,0.0,79,43,44,989.4
2027-05-31 22:00:00,-50.1,8.5,0.0,3,61,51,953.6
2027-05-31 23:00:00,-49.6,24.0,0.0,72,53,63,998.6
2027-06-01 00:00:00,-47.6,3.2,0.0,48,18,84,985.1
2027-06-01 01:00:00,-49.1,9.2,0.0,99,23,79,989.5
2027-06-01 02:00:00,-50.5,16.1,0.0,30,101,59,993.5
2027-06-01 03:00:00,-45.9,22.1,0.0,72,81,70,980.4
2027-06-01 04:00:00,-45.9,21.0,0.0,63,99,62,991.9
2027-06-01 05:00:00,-48.8,12.3,0.0,34,264,40,985.5
2027-06-01 06:00:00,-44.9,4.7,0.0,41,259,56,991.5
2027-06-01 07:00:00,-46.9,14.8,0.0,27,65,57,972.2
2027-06-01 08:00:00,-49.3,8.6,0.0,61,93,57,995.7
2027-06-01 09:00:00,-48.6,11.6,0.0,91,106,52,991.9
2027-06-01 10:00:00,-41.7,9.8,0.0,89,261,56,972.3
2027-06-01 11:00:00,-45.4,7.0,0.0,10,287,48,978.9
2027-06-01 12:00:00,-51.6,20.9,0.0,83,128,57,967.4
2027-06-01 13:00:00,-45.1,13.0,0.0,2,127,83,975.8
2027-06-01 14:00:00,-46.1,11.9,0.0,81,103,46,974.3
2027-06-01 15:00:00,-45.3,19.2,0.0,78,134,57,978.6
2027-06-01 16:00:00,-51.2,13.6,0.0,64,118,45,968.5
2027-06-01 17:00:00,-54.9,13.1,0.0,34,226,89,978.2
2027-06-01 18:00:00,-52.0,15.3,0.0,42,251,86,977.9
2027-06-01 19:00:00,-50.1,11.5,0.0,89,193,89,985.0
2027-06-01 20:00:00,-45.5,17.3,0.0,89,55,58,973.2
2027-06-01 21:00:00,-51.0,18.0,0.0,41,194,55,982.8
2027-06-01 22:00:00,-52.5,8.9,0.0,65,2,87,978.1
2027-06-01 23:00:00,-50.2,10.5,0.0,57,198,47,968.8
2027-06-02 00:00:00,-52.5,6.1,0.0,8,137,63,979.1
2027-06-02 01:00:00,-50.7,13.8,0.0,68,330,65,959.9
2027-06-02 02:00:00,-53.5,12.4,0.0,39,96,40,983.3
2027-06-02 03:00:00,-52.4,7.0,0.0,69,234,45,984.9
2027-06-02 04:00:00,-49.0,14.9,0.0,70,277,86,976.0
2027-06-02 05:00:00,-45.9,13.5,0.0,66,330,76,985.9
2027-06-02 06:00:00,-49.2,12.4,0.0,78,175,82,962.8
2027-06-02 07:00:00,-49.9,15.9,0.0,99,241,71,977.6
2027-06-02 08:00:00,-53.7,11.6,0.0,80,66,83,978.6
2027-06-02 09:00:00,-46.1,6.4,0.0,24,215,54,971.6
2027-06-02 10:00:00,-48.6,4.5,0.0,60,314,89,993.2
2027-06-02 11:00:00,-47.8,9.1,0.0,80,295,80,998.3
2027-06-02 12:00:00,-44.7,9.4,0.0,54,188,61,990.3
2027-06-02 13:00:00,-47.6,11.6,0.0,60,155,58,979.1
2027-06-02 14:00:00,-45.5,4.0,0.0,26,7,56,980.8
2027-06-02 15:00:00,-43.6,9.2,0.0,66,184,52,986.1
2027-06-02 16:00:00,-51.5,16.9,0.0,40,19,58,964.9
2027-06-02 17:00:00,-54.3,0.0,0.0,37,203,48,994.4
2027-06-02 18:00:00,-48.6,13.4,0.0,34,164,86,975.5
2027-06-02 19:00:00,-54.2,12.5,0.0,60,306,54,974.7
2027-06-02 20:00:00,-49.0,5.3,0.0,5,18,74,975.5
2027-06-02 21:00:00,-47.0,8.3,0.0,75,202,88,974.6
2027-06-02 22:00:00,-52.9,3.5,0.0,23,44,62,985.3
2027-06-02 23:00:00,-50.4,16.8,0.0,25,191,89,974.8
2027-06-03 00:00:00,-47.2,4.8,0.0,65,272,54,977.7
2027-06-03 01:00:00,-48.2,19.4,0.0,27,104,89,982.9
2027-06-03 02:00:00,-51.1,13.4,0.0,94,77,83,991.8
2027-06-03 03:00:00,-53.3,5.5,0.0,58,310,65,966.4
2027-06-03 04:00:00,-46.1,11.4,0.0,45,314,57,980.1
2027-06-03 05:00:00,-46.5,8.8,0.0,87,178,45,981.9
2027-06-03 06:00:00,-53.1,6.2,0.0,5,131,89,973.9
2027-06-03 07:00:00,-50.9,16.0,0.0,52,354,85,982.4
2027-06-03 08:00:00,-51.7,4.4,0.0,93,117,64,980.3
2027-06-03 09:00:00,-49.7,9.2,0.0,74,347,79,957.6
2027-06-03 10:00:00,-52.8,2.5,0.0,57,305,56,985.6
2027-06-03 11:00:00,-53.3,18.3,0.0,21,152,87,973.6
2027-06-03 12:00:00,-54.1,12.5,0.0,64,162,57,971.0
2027-06-03 13:00:00,-52.5,13.2,0.0,62,106,54,972.1
2027-06-03 14:00:00,-52.0,25.0,0.0,83,127,65,983.9
2027-06-03 15:00:00,-48.6,13.9,0.0,72,38,46,989.7
2027-06-03 16:00:00,-46.5,12.6,0.0,71,64,82,973.9
2027-06-03 17:00:00,-44.9,2.9,0.0,30,354,70,993.4
2027-06-03 18:00:00,-50.4,11.3,0.0,79,192,67,972.4
2027-06-03 19:00:00,-52.1,17.5,0.0,19,222,61,976.7
2027-06-03 20:00:00,-48.0,7.9,0.0,76,59,73,968.8
2027-06-03 21:00:00,-49.8,4.0,0.0,33,172,89,996.7
2027-06-03 22:00:00,-47.7,15.5,0.0,25,301,46,980.7
2027-06-03 23:00:00,-48.3,13.9,0.0,26,92,69,976.6
2027-06-04 00:00:00,-53.4,13.2,0.0,20,16,55,965.9
2027-06-04 01:00:00,-48.0,15.7,0.0,25,198,68,967.0
2027-06-04 02:00:00,-49.1,6.9,0.0,9,110,44,977.2
2027-06-04 03:00:00,-51.1,12.2,0.0,50,153,55,984.9
2027-06-04 04:00:00,-48.2,19.3,0.0,23,156,40,993.8
2027-06-04 05:00:00,-54.2,8.2,0.0,74,246,79,993.6
2027-06-04 06:00:00,-53.7,9.3,0.0,15,235,88,973.2
2027-06-04 07:00:00,-46.3,9.1,0.0,90,265,64,984.7
2027-06-04 08:00:00,-44.5,17.9,0.0,45,157,65,990.8
2027-06-04 09:00:00,-48.7,21.5,0.0,15,55,56,996.8
2027-06-04 10:00:00,-50.0,11.2,0.0,48,287,44,974.9
2027-06-04 11:00:00,-51.1,14.4,0.0,48,109,72,967.5
2027-06-04 12:00:00,-48.8,15.4,0.0,76,87,85,998.9
2027-06-04 13:00:00,-50.9,10.9,0.0,82,22,84,975.8
2027-06-04 14:00:00,-44.9,27.9,0.0,15,245,82,976.9
2027-06-04 15:00:00,-46.3,14.8,0.0,39,180,70,1001.6
2027-06-04 16:00:00,-47.7,19.0,0.0,47,312,41,969.0
2027-06-04 17:00:00,-48.0,13.0,0.0,99,210,86,971.3
2027-06-04 18:00:00,-45.2,12.7,0.0,25,356,69,996.3
2027-06-04 19:00:00,-51.4,13.7,0.0,89,261,78,961.8
2027-06-04 20:00:00,-47.4,9.0,0.0,85,17,82,977.4
2027-06-04 21:00:00,-48.9,13.5,0.0,77,288,86,994.6
2027-06-04 22:00:00,-51.8,14.2,0.0,33,239,62,991.4
2027-06-04 23:00:00,-51.2,17.3,0.0,6,99,71,993.5
2027-06-05 00:00:00,-51.5,4.7,0.0,32,256,71,989.1
2027-06-05 01:00:00,-47.5,19.4,0.0,23,47,85,978.4
2027-06-05 02:00:00,-49.8,20.7,0.0,1,355,59,984.3
2027-06-05 03:00:00,-54.0,21.3,0.0,67,37,64,963.5
2027-06-05 04:00:00,-49.3,13.1,0.0,89,16,44,978.7
2027-06-05 05:00:00,-53.1,17.4,0.0,19,9,62,971.5
2027-06-05 06:00:00,-48.1,3.7,0.0,37,303,65,973.1
2027-06-05 07:00:00,-53.7,13.3,0.0,54,35,44,981.0
2027-06-05 08:00:00,-46.6,13.7,0.0,97,11,43,987.4
2027-06-05 09:00:00,-52.1,18.7,0.0,83,80,49,979.5
2027-06-05 10:00:00,-53.3,18.5,0.0,30,328,41,988.7
2027-06-05 11:00:00,-48.5,7.4,0.0,1,189,62,987.9
2027-06-05 12:00:00,-53.5,20.6,0.0,6,249,64,965.5
2027-06-05 13:00:00,-50.7,16.1,0.0,7,226,66,980.8
2027-06-05 14:00:00,-51.0,4.8,0.0,85,291,52,981.1
2027-06-05 15:00:00,-54.6,14.3,0.0,87,296,85,986.9
2027-06-05 16:00:00,-46.0,11.0,0.0,7,211,65,965.6
2027-06-05 17:00:00,-51.0,16.7,0.0,73,193,73,985.8
2027-06-05 18:00:00,-44.3,13.7,0.0,66,2,85,977.2
2027-06-05 19:00:00,-47.5,7.2,0.0,73,294,62,985.6
2027-06-05 20:00:00,-41.4,20.9,0.0,37,71,86,985.4
2027-06-05 21:00:00,-49.5,4.1,0.0,99,311,57,974.6
2027-06-05 22:00:00,-55.8,6.5,0.0,9,144,71,974.6
2027-06-05 23:00:00,-47.0,10.3,0.0,12,125,87,973.2
2027-06-06 00:00:00,-48.4,14.3,0.0,94,107,47,975.0
2027-06-06 01:00:00,-43.7,13.3,0.0,30,238,80,990.1
2027-06-06 02:00:00,-49.7,11.7,0.0,84,154,73,982.5
2027-06-06 03:00:00,-50.5,16.4,0.0,98,50,72,967.6
2027-06-06 04:00:00,-50.6,10.9,0.0,62,116,74,970.0
2027-06-06 05:00:00,-50.5,9.7,0.0,91,65,72,991.4
2027-06-06 06:00:00,-49.1,6.5,0.0,42,318,89,979.0
2027-06-06 07:00:00,-51.1,14.5,0.0,67,125,51,979.2
2027-06-06 08:00:00,-49.5,9.3,0.0,91,119,80,986.2
2027-06-06 09:00:00,-49.0,14.8,0.0,80,357,77,978.3
2027-06-06 10:00:00,-52.3,7.6,0.0,4,112,56,987.6
2027-06-06 11:00:00,-51.8,7.2,0.0,50,52,78,988.8
2027-06-06 12:00:00,-47.2,10.1,0.0,90,300,60,995.9
2027-06-06 13:00:00,-58.0,7.8,0.0,21,0,79,960.1
2027-06-06 14:00:00,-48.4,10.8,0.0,38,9,64,988.1
2027-06-06 15:00:00,-48.8,12.2,0.0,77,300,71,982.2
2027-06-06 16:00:00,-49.5,10.5,0.0,29,87,45,972.8
2027-06-06 17:00:00,-54.4,12.4,0.0,82,27,62,976.2
2027-06-06 18:00:00,-46.9,15.2,0.0,59,173,41,966.4
2027-06-06 19:00:00,-46.6,13.5,0.0,49,246,70,978.6
2027-06-06 20:00:00,-47.5,19.9,0.0,23,1,79,986.4
2027-06-06 21:00:00,-45.6,18.3,0.0,90,218,49,980.3
2027-06-06 22:00:00,-55.0,9.3,0.0,53,322,66,978.8
2027-06-06 23:00:00,-48.0,8.9,0.0,9,99,50,990.7
2027-06-07 00:00:00,-54.0,11.3,0.0,16,322,72,986.0
2027-06-07 01:00:00,-47.8,10.0,0.0,19,100,69,980.9
2027-06-07 02:00:00,-52.1,10.1,0.0,10,211,45,973.4
2027-06-07 03:00:00,-51.9,11.5,0.0,13,62,73,975.8
2027-06-07 04:00:00,-53.1,7.6,0.0,88,86,87,989.4
2027-06-07 05:00:00,-55.4,8.8,0.0,58,241,68,984.1
2027-06-07 06:00:00,-55.7,12.4,0.0,23,328,79,977.5
2027-06-07 07:00:00,-55.0,0.6,0.0,9,26,49,979.2
2027-06-07 08:00:00,-48.8,21.9,0.0,8,174,44,987.1
2027-06-07 09:00:00,-50.6,6.5,0.0,48,53,73,986.1
2027-06-07 10:00:00,-48.6,11.5,0.0,23,287,83,971.8
2027-06-07 11:00:00,-51.4,17.5,0.0,2,272,40,981.1
2027-06-07 12:00:00,-50.7,11.1,0.0,74,345,65,982.4
2027-06-07 13:00:00,-43.7,13.9,0.0,3,308,79,981.2
2027-06-07 14:00:00,-51.5,8.9,0.0,59,259,77,987.6
2027-06-07 15:00:00,-55.1,11.5,0.0,2,123,50,1002.4
2027-06-07 16:00:00,-51.1,7.7,0.0,70,252,73,987.4
2027-06-07 17:00:00,-45.3,0.8,0.0,81,168,47,978.1
2027-06-07 18:00:00,-50.0,17.4,0.0,15,254,70,959.8
2027-06-07 19:00:00,-53.4,19.1,0.0,82,168,67,977.6
2027-06-07 20:00:00,-48.5,8.8,0.0,61,132,75,988.6
2027-06-07 21:00:00,-52.9,9.7,0.0,95,352,45,997.6
2027-06-07 22:00:00,-47.8,16.1,0.0,8,59,65,979.3
2027-06-07 23:00:00,-51.5,6.2,0.0,34,268,61,978.8
2027-06-08 00:00:00,-48.1,8.0,0.0,32,80,42,993.2
2027-06-08 01:00:00,-47.5,8.2,0.0,0,272,52,971.1
2027-06-08 02:00:00,-54.0,6.3,0.0,16,276,40,976.5
2027-06-08 03:00:00,-39.0,10.4,0.0,70,189,74,984.3
2027-06-08 04:00:00,-55.4,16.6,0.0,99,195,58,963.6
2027-06-08 05:00:00,-55.1,8.0,0.0,30,165,70,965.8
2027-06-08 06:00:00,-50.7,7.5,0.0,84,304,60,981.6
2027-06-08 07:00:00,-49.3,15.3,0.0,53,357,71,970.3
2027-06-08 08:00:00,-51.4,8.7,0.0,29,80,67,972.5
2027-06-08 09:00:00,-53.9,13.3,0.0,93,167,40,985.7
2027-06-08 10:00:00,-50.0,14.7,0.0,47,28,62,969.6
2027-06-08 11:00:00,-50.8,21.7,0.0,30,106,44,985.9
2027-06-08 12:00:00,-56.8,20.2,0.0,83,290,86,965.6
2027-06-08 13:00:00,-50.9,6.8,0.0,89,342,82,980.2
2027-06-08 14:00:00,-54.9,13.6,0.0,93,97,67,988.6
2027-06-08 15:00:00,-54.2,8.2,0.0,48,192,54,964.1
2027-06-08 16:00:00,-50.8,2.2,0.0,36,256,79,954.6
2027-06-08 17:00:00,-52.0,7.3,0.0,78,80,79,965.9
2027-06-08 18:00:00,-49.1,14.8,0.0,23,212,58,972.0
2027-06-08 19:00:00,-54.3,18.2,0.0,13,127,54,985.5
2027-06-08 20:00:00,-51.9,15.5,0.0,97,13,68,981.5
2027-06-08 21:00:00,-48.1,17.3,0.0,1,284,54,977.6
2027-06-08 22:00:00,-50.1,8.4,0.0,94,337,59,971.9
2027-06-08 23:00:00,-50.0,8.4,0.0,29,221,88,959.3
2027-06-09 00:00:00,-52.8,19.9,0.0,69,128,41,976.2
2027-06-09 01:00:00,-52.3,14.4,0.0,24,115,80,985.3
2027-06-09 02:00:00,-53.2,11.6,0.0,87,168,41,981.3
2027-06-09 03:00:00,-49.7,14.8,0.0,99,138,46,987.7
2027-06-09 04:00:00,-58.4,17.7,0.0,59,290,62,971.2
2027-06-09 05:00:00,-50.5,4.4,0.0,49,215,80,986.7
2027-06-09 06:00:00,-51.8,10.8,0.0,37,40,64,969.4
2027-06-09 07:00:00,-54.5,18.9,0.0,67,126,43,999.2
2027-06-09 08:00:00,-53.9,9.3,0.0,47,249,43,979.0
2027-06-09 09:00:00,-54.9,16.0,0.0,39,292,89,997.1
2027-06-09 10:00:00,-44.8,9.9,0.0,43,245,49,987.8
2027-06-09 11:00:00,-47.6,10.0,0.0,98,285,50,964.0
2027-06-09 12:00:00,-52.9,9.3,0.0,72,247,83,983.0
2027-06-09 13:00:00,-53.4,9.6,0.0,14,99,57,980.5
2027-06-09 14:00:00,-52.5,9.5,0.0,27,179,64,972.7
2027-06-09 15:00:00,-49.2,12.6,0.0,85,228,88,980.0
2027-06-09 16:00:00,-55.4,6.7,0.0,56,269,40,969.9
2027-06-09 17:00:00,-50.2,11.8,0.0,6,211,67,981.4
2027-06-09 18:00:00,-52.3,6.4,0.0,18,9,65,988.3
2027-06-09 19:00:00,-55.8,22.2,0.0,31,207,77,975.9
2027-06-09 20:00:00,-54.8,7.6,0.0,95,330,54,967.2
2027-06-09 21:00:00,-54.4,10.7,0.0,40,139,47,982.7
2027-06-09 22:00:00,-51.5,7.5,0.0,68,344,49,974.2
2027-06-09 23:00:00,-52.1,9.7,0.0,15,236,71,989.9
2027-06-10 00:00:00,-53.6,10.4,0.0,10,315,64,982.3
2027-06-10 01:00:00,-54.4,11.9,0.0,94,190,48,985.5
2027-06-10 02:00:00,-47.8,8.5,0.0,34,20,88,1000.7
2027-06-10 03:00:00,-49.5,3.7,0.0,95,28,61,967.4
2027-06-10 04:00:00,-46.4,22.3,0.0,20,99,64,981.3
2027-06-10 05:00:00,-48.4,12.2,0.0,3,355,45,1000.0
2027-06-10 06:00:00,-56.7,19.8,0.0,3,83,49,987.7
2027-06-10 07:00:00,-51.4,22.0,0.0,64,294,72,994.2
2027-06-10 08:00:00,-54.0,10.5,0.0,40,10,41,979.5
2027-06-10 09:00:00,-53.2,15.8,0.0,52,170,63,984.3
2027-06-10 10:00:00,-49.8,17.5,0.0,41,10,62,988.1
2027-06-10 11:00:00,-50.9,13.6,0.0,83,177,44,981.7
2027-06-10 12:00:00,-48.4,10.3,0.0,81,263,79,999.1
2027-06-10 13:00:00,-52.2,18.2,0.0,49,286,78,970.0
2027-06-10 14:00:00,-54.1,23.3,0.0,32,30,73,978.5
2027-06-10 15:00:00,-49.2,10.9,0.0,14,258,78,985.9
2027-06-10 16:00:00,-58.0,4.3,0.0,52,13,70,974.1
2027-06-10 17:00:00,-51.0,11.7,0.0,61,329,49,978.2
2027-06-10 18:00:00,-51.7,12.8,0.0,65,138,48,983.2
2027-06-10 19:00:00,-56.6,15.7,0.0,61,351,53,989.6
2027-06-10 20:00:00,-49.6,5.2,0.0,93,232,68,987.6
2027-06-10 21:00:00,-49.8,15.4,0.0,43,79,46,976.8
2027-06-10 22:00:00,-54.6,0.5,0.0,49,18,52,965.6
2027-06-10 23:00:00,-51.7,10.9,0.0,69,210,70,983.3
2027-06-11 00:00:00,-50.1,12.5,0.0,99,336,67,984.1
2027-06-11 01:00:00,-45.7,9.5,0.0,29,88,65,985.9
2027-06-11 02:00:00,-51.2,10.6,0.0,22,110,74,989.9
2027-06-11 03:00:00,-49.4,14.8,0.0,79,171,76,992.7
2027-06-11 04:00:00,-51.4,8.4,0.0,99,75,41,966.2
2027-06-11 05:00:00,-56.1,11.1,0.0,66,273,53,974.8
2027-06-11 06:00:00,-49.2,11.9,0.0,4,53,45,949.7
2027-06-11 07:00:00,-49.7,11.2,0.0,88,56,62,965.5
2027-06-11 08:00:00,-50.0,12.7,0.0,57,38,75,984.6
2027-06-11 09:00:00,-58.3,13.3,0.0,68,344,78,984.5
2027-06-11 10:00:00,-51.7,7.5,0.0,47,290,54,981.2
2027-06-11 11:00:00,-55.2,17.6,0.0,10,26,87,999.3
2027-06-11 12:00:00,-54.7,14.7,0.0,58,224,86,997.7
2027-06-11 13:00:00,-52.0,12.0,0.0,43,253,71,981.4
2027-06-11 14:00:00,-48.2,2.5,0.0,68,322,67,972.6
2027-06-11 15:00:00,-52.2,10.5,0.0,63,16,52,979.1
2027-06-11 16:00:00,-46.1,1.4,0.0,16,8,61,984.1
2027-06-11 17:00:00,-45.7,20.0,0.0,70,154,44,983.2
2027-06-11 18:00:00,-58.0,13.6,0.0,68,189,63,972.8
2027-06-11 19:00:00,-52.4,11.4,0.0,24,281,43,977.7
2027-06-11 20:00:00,-51.8,18.8,0.0,52,84,73,988.5
2027-06-11 21:00:00,-46.5,12.5,0.0,63,193,44,978.8
2027-06-11 22:00:00,-51.0,6.8,0.0,74,7,57,986.3
2027-06-11 23:00:00,-49.9,2.1,0.0,66,41,62,979.6
2027-06-12 00:00:00,-54.8,8.1,0.0,49,328,59,987.2
2027-06-12 01:00:00,-50.8,9.1,0.0,56,167,57,983.6
2027-06-12 02:00:00,-50.4,7.5,0.0,52,158,68,985.9
2027-06-12 03:00:00,-54.0,21.3,0.0,94,50,40,954.0
2027-06-12 04:00:00,-53.4,12.7,0.0,85,31,44,967.7
2027-06-12 05:00:00,-52.1,15.1,0.0,38,156,82,985.8
2027-06-12 06:00:00,-47.0,7.7,0.0,22,122,89,982.1
2027-06-12 07:00:00,-54.4,17.0,0.0,43,295,50,995.7
2027-06-12 08:00:00,-54.7,22.9,0.0,54,167,59,988.0
2027-06-12 09:00:00,-47.1,16.6,0.0,9,267,85,970.5
2027-06-12 10:00:00,-48.7,10.7,0.0,92,152,89,966.3
2027-06-12 11:00:00,-53.4,11.6,0.0,39,69,82,969.2
2027-06-12 12:00:00,-52.3,16.1,0.0,50,274,58,964.4
2027-06-12 13:00:00,-50.2,13.1,0.0,3,295,76,971.7
2027-06-12 14:00:00,-50.1,12.0,0.0,83,334,76,997.7
2027-06-12 15:00:00,-46.3,14.3,0.0,49,306,54,961.0
2027-06-12 16:00:00,-58.0,7.4,0.0,89,283,84,980.9
2027-06-12 17:00:00,-51.7,3.2,0.0,33,206,51,984.9
2027-06-12 18:00:00,-55.9,18.2,0.0,86,124,85,956.5
2027-06-12 19:00:00,-43.2,15.8,0.0,96,190,79,966.5
2027-06-12 20:00:00,-52.6,13.9,0.0,26,39,72,983.6
2027-06-12 21:00:00,-53.7,5.8,0.0,89,25,76,965.7
2027-06-12 22:00:00,-54.9,11.4,0.0,28,61,88,982.3
2027-06-12 23:00:00,-49.5,6.9,0.0,45,186,79,976.4
2027-06-13 00:00:00,-54.3,9.8,0.0,54,9,65,959.6
2027-06-13 01:00:00,-52.6,16.9,0.0,11,231,80,967.7
2027-06-13 02:00:00,-44.9,13.7,0.0,34,50,80,990.7
2027-06-13 03:00:00,-51.8,11.4,0.0,56,306,69,982.0
2027-06-13 04:00:00,-52.4,9.7,0.0,31,205,48,949.7
2027-06-13 05:00:00,-50.9,18.0,0.0,29,336,73,978.4
2027-06-13 06:00:00,-46.2,14.9,0.0,84,181,48,1003.9
2027-06-13 07:00:00,-52.9,13.9,0.0,81,125,66,977.9
2027-06-13 08:00:00,-52.9,16.1,0.0,38,6,70,983.5
2027-06-13 09:00:00,-50.5,0.0,0.0,26,358,45,975.6
2027-06-13 10:00:00,-50.5,14.3,0.0,4,150,86,972.2
2027-06-13 11:00:00,-46.1,3.4,0.0,5,105,78,990.2
2027-06-13 12:00:00,-54.8,0.3,0.0,34,165,48,964.8
2027-06-13 13:00:00,-53.2,12.6,0.0,58,140,61,971.4
2027-06-13 14:00:00,-59.5,15.3,0.0,39,15,86,979.0
2027-06-13 15:00:00,-52.1,11.4,0.0,74,263,43,971.3
2027-06-13 16:00:00,-56.0,10.9,0.0,13,256,84,984.2
2027-06-13 17:00:00,-47.5,14.2,0.0,96,261,88,989.9
2027-06-13 18:00:00,-51.2,16.2,0.0,5,80,53,979.7
2027-06-13 19:00:00,-51.1,12.1,0.0,23,342,80,985.5
2027-06-13 20:00:00,-52.7,22.4,0.0,85,245,72,961.0
2027-06-13 21:00:00,-53.5,4.2,0.0,27,237,78,988.9
2027-06-13 22:00:00,-50.6,7.1,0.0,83,330,68,983.4
2027-06-13 23:00:00,-47.8,4.2,0.0,1,44,87,981.6
2027-06-14 00:00:00,-58.3,16.5,0.0,30,112,48,973.4
2027-06-14 01:00:00,-51.9,7.9,0.0,43,188,47,978.7
2027-06-14 02:00:00,-49.5,10.4,0.0,40,151,83,980.9
2027-06-14 03:00:00,-49.9,15.3,0.0,1,114,72,973.5
2027-06-14 04:00:00,-52.6,10.6,0.0,75,340,42,969.6
2027-06-14 05:00:00,-47.4,16.2,0.0,17,210,45,982.4
2027-06-14 06:00:00,-51.8,13.0,0.0,31,8,66,988.8
2027-06-14 07:00:00,-50.3,10.8,0.0,0,41,72,992.4
2027-06-14 08:00:00,-53.4,10.6,0.0,93,125,47,989.8
2027-06-14 09:00:00,-46.5,16.3,0.0,38,81,81,969.5
2027-06-14 10:00:00,-48.2,21.7,0.0,79,3,76,968.4
2027-06-14 11:00:00,-49.1,18.0,0.0,64,35,87,967.4
2027-06-14 12:00:00,-51.7,20.6,0.0,93,44,49,998.7
2027-06-14 13:00:00,-58.2,18.5,0.0,12,93,57,998.0
2027-06-14 14:00:00,-47.5,13.3,0.0,47,60,78,1002.3
2027-06-14 15:00:00,-51.6,16.9,0.0,17,180,55,977.4
2027-06-14 16:00:00,-48.3,6.6,0.0,92,229,57,983.0
2027-06-14 17:00:00,-53.7,8.8,0.0,61,220,43,970.0
2027-06-14 18:00:00,-52.7,14.1,0.0,84,240,61,986.0
2027-06-14 19:00:00,-50.1,21.5,0.0,53,242,55,1004.1
2027-06-14 20:00:00,-57.1,9.7,0.0,57,114,73,965.8
2027-06-14 21:00:00,-53.9,14.8,0.0,83,284,44,997.6
2027-06-14 22:00:00,-58.3,20.9,0.0,96,48,43,994.6
2027-06-14 23:00:00,-51.4,5.8,0.0,52,355,71,989.6
2027-06-15 00:00:00,-53.1,13.5,0.0,7,324,83,1005.4
2027-06-15 01:00:00,-51.5,13.6,0.0,51,169,62,965.3
2027-06-15 02:00:00,-59.5,10.1,0.0,17,204,83,967.4
2027-06-15 03:00:00,-48.0,3.7,0.0,52,27,67,975.8
2027-06-15 04:00:00,-55.3,10.9,0.0,72,343,44,975.8
2027-06-15 05:00:00,-52.8,27.6,0.0,13,67,78,975.0
2027-06-15 06:00:00,-52.6,6.7,0.0,96,245,42,965.3
2027-06-15 07:00:00,-50.5,9.4,0.0,98,204,54,987.8
2027-06-15 08:00:00,-51.7,1.6,0.0,97,197,79,985.1
2027-06-15 09:00:00,-52.6,12.2,0.0,9,182,51,982.2
2027-06-15 10:00:00,-50.1,22.4,0.0,23,83,67,981.3
2027-06-15 11:00:00,-51.9,12.1,0.0,82,301,89,982.7
2027-06-15 12:00:00,-53.4,16.3,0.0,95,238,40,955.9
2027-06-15 13:00:00,-52.1,12.2,0.0,71,60,87,976.9
2027-06-15 14:00:00,-53.3,21.9,0.0,79,251,82,978.0
2027-06-15 15:00:00,-56.8,12.6,0.0,7,102,57,969.5
2027-06-15 16:00:00,-45.1,14.0,0.0,69,61,55,972.6
2027-06-15 17:00:00,-51.7,16.3,0.0,10,308,46,988.7
2027-06-15 18:00:00,-52.2,0.0,0.0,50,98,66,980.1
2027-06-15 19:00:00,-52.7,15.4,0.0,82,39,47,979.7
2027-06-15 20:00:00,-49.4,16.5,0.0,47,166,85,973.0
2027-06-15 21:00:00,-57.1,12.4,0.0,56,278,44,988.2
2027-06-15 22:00:00,-51.3,14.9,0.0,79,196,89,986.1
2027-06-15 23:00:00,-54.9,15.5,0.0,46,137,62,992.7
2027-06-16 00:00:00,-58.5,2.1,0.0,85,314,70,985.4
2027-06-16 01:00:00,-48.5,17.9,0.0,51,286,73,962.3
2027-06-16 02:00:00,-51.6,16.5,0.0,47,116,43,975.6
2027-06-16 03:00:00,-54.6,9.6,0.0,92,220,83,977.8
2027-06-16 04:00:00,-54.9,21.7,0.0,49,314,66,979.5
2027-06-16 05:00:00,-50.9,18.9,0.0,99,215,67,966.9
2027-06-16 06:00:00,-55.1,12.7,0.0,55,341,78,982.0
2027-06-16 07:00:00,-53.1,21.1,0.0,3,188,65,987.7
2027-06-16 08:00:00,-50.4,12.8,0.0,64,119,51,978.8
2027-06-16 09:00:00,-49.6,15.3,0.0,96,285,87,987.7
2027-06-16 10:00:00,-51.8,20.6,0.0,44,178,40,991.6
2027-06-16 11:00:00,-52.4,17.7,0.0,28,320,72,975.4
2027-06-16 12:00:00,-52.4,15.5,0.0,50,299,46,986.0
2027-06-16 13:00:00,-53.3,9.6,0.0,61,326,68,978.9
2027-06-16 14:00:00,-50.8,12.3,0.0,77,142,87,985.7
2027-06-16 15:00:00,-51.2,17.2,0.0,47,173,75,983.1
2027-06-16 16:00:00,-52.7,21.7,0.0,79,270,58,969.5
2027-06-16 17:00:00,-56.7,10.3,0.0,24,83,77,982.7
2027-06-16 18:00:00,-50.9,14.6,0.0,91,24,68,981.5
2027-06-16 19:00:00,-49.1,9.3,0.0,9,269,75,991.9
2027-06-16 20:00:00,-49.4,12.6,0.0,15,245,49,986.4
2027-06-16 21:00:00,-54.3,7.7,0.0,65,352,79,981.0
2027-06-16 22:00:00,-54.2,21.6,0.0,61,154,85,977.8
2027-06-16 23:00:00,-54.2,17.4,0.0,94,137,74,994.7
2027-06-17 00:00:00,-54.7,8.6,0.0,2,102,70,976.8
2027-06-17 01:00:00,-46.1,16.6,0.0,74,146,51,988.5
2027-06-17 02:00:00,-52.2,17.8,0.0,73,108,84,980.7
2027-06-17 03:00:00,-52.2,5.4,0.0,46,3,54,999.6
2027-06-17 04:00:00,-53.9,7.4,0.0,50,95,79,1004.3
2027-06-17 05:00:00,-47.6,15.8,0.0,61,314,79,980.5
2027-06-17 06:00:00,-60.8,8.2,0.0,99,245,57,977.5
2027-06-17 07:00:00,-56.2,2.0,0.0,18,281,60,967.7
2027-06-17 08:00:00,-52.7,12.8,0.0,96,352,64,982.5
2027-06-17 09:00:00,-49.2,19.8,0.0,47,247,68,962.0
2027-06-17 10:00:00,-50.1,13.3,0.0,16,78,63,986.6
2027-06-17 11:00:00,-53.8,13.2,0.0,80,217,66,992.5
2027-06-17 12:00:00,-53.2,11.0,0.0,74,82,83,977.2
2027-06-17 13:00:00,-53.1,17.2,0.0,20,172,86,995.8
2027-06-17 14:00:00,-50.7,12.5,0.0,81,27,57,978.4
2027-06-17 15:00:00,-55.8,14.8,0.0,81,79,84,998.2
2027-06-17 16:00:00,-48.5,23.5,0.0,96,167,89,987.8
2027-06-17 17:00:00,-50.9,20.3,0.0,58,325,70,991.0
2027-06-17 18:00:00,-51.5,2.5,0.0,50,171,71,963.0
2027-06-17 19:00:00,-54.2,17.8,0.0,41,288,56,974.6
2027-06-17 20:00:00,-51.0,17.2,0.0,14,105,61,984.6
2027-06-17 21:00:00,-57.9,17.2,0.0,34,164,83,977.9
2027-06-17 22:00:00,-55.9,13.8,0.0,84,62,49,975.0
2027-06-17 23:00:00,-53.1,8.3,0.0,78,208,75,975.9
2027-06-18 00:00:00,-51.8,1.9,0.0,87,302,41,993.7
2027-06-18 01:00:00,-53.0,14.3,0.0,39,327,54,984.2
2027-06-18 02:00:00,-49.3,15.0,0.0,11,259,44,977.7
2027-06-18 03:00:00,-53.7,18.8,0.0,22,247,54,997.6
2027-06-18 04:00:00,-52.7,13.5,0.0,0,175,50,976.9
2027-06-18 05:00:00,-54.4,0.0,0.0,12,200,65,960.8
2027-06-18 06:00:00,-49.9,6.7,0.0,5,123,70,980.3
2027-06-18 07:00:00,-50.3,25.2,0.0,34,233,41,971.8
2027-06-18 08:00:00,-58.8,5.3,0.0,28,222,63,968.8
2027-06-18 09:00:00,-50.2,14.2,0.0,93,33,85,978.5
2027-06-18 10:00:00,-59.0,11.3,0.0,9,203,78,984.5
2027-06-18 11:00:00,-58.5,13.6,0.0,40,295,57,980.7
2027-06-18 12:00:00,-52.2,14.7,0.0,17,293,55,983.9
2027-06-18 13:00:00,-54.3,17.7,0.0,90,294,83,971.5
2027-06-18 14:00:00,-51.0,5.7,0.0,34,51,51,977.3
2027-06-18 15:00:00,-49.1,16.2,0.0,63,179,70,988.6
2027-06-18 16:00:00,-54.7,10.7,0.0,71,35,62,1005.9
2027-06-18 17:00:00,-52.8,11.8,0.0,25,318,54,968.4
2027-06-18 18:00:00,-50.6,9.2,0.0,26,290,80,984.3
2027-06-18 19:00:00,-51.9,19.4,0.0,30,131,61,978.4
2027-06-18 20:00:00,-53.3,5.9,0.0,40,25,58,969.2
2027-06-18 21:00:00,-52.1,13.4,0.0,90,190,50,972.0
2027-06-18 22:00:00,-50.9,17.5,0.0,30,99,68,974.0
2027-06-18 23:00:00,-49.8,13.8,0.0,91,207,68,993.1
2027-06-19 00:00:00,-52.2,13.5,0.0,9,173,66,962.1
2027-06-19 01:00:00,-55.9,12.4,0.0,14,87,41,965.2
2027-06-19 02:00:00,-55.2,20.5,0.0,62,9,42,982.0
2027-06-19 03:00:00,-54.6,5.8,0.0,100,183,62,998.3
2027-06-19 04:00:00,-50.7,9.5,0.0,86,209,49,1007.3
2027-06-19 05:00:00,-51.8,14.2,0.0,53,129,83,969.6
2027-06-19 06:00:00,-51.7,9.1,0.0,25,149,60,976.7
2027-06-19 07:00:00,-48.4,8.1,0.0,66,168,89,978.4
2027-06-19 08:00:00,-48.3,9.6,0.0,12,64,76,981.7
2027-06-19 09:00:00,-49.9,15.3,0.0,82,210,68,991.1
2027-06-19 10:00:00,-55.3,15.1,0.0,8,195,88,985.4
2027-06-19 11:00:00,-54.4,7.5,0.0,16,92,49,981.8
2027-06-19 12:00:00,-56.0,10.3,0.0,72,108,83,983.6
2027-06-19 13:00:00,-55.7,16.2,0.0,3,23,47,974.7
2027-06-19 14:00:00,-55.5,19.4,0.0,51,28,42,980.2
2027-06-19 15:00:00,-53.4,12.8,0.0,92,12,57,982.4
2027-06-19 16:00:00,-48.5,10.4,0.0,36,23,48,962.2
2027-06-19 17:00:00,-53.4,18.4,0.0,6,208,65,977.2
2027-06-19 18:00:00,-55.5,8.6,0.0,1,267,77,970.2
2027-06-19 19:00:00,-46.6,5.5,0.0,34,262,83,966.0
2027-06-19 20:00:00,-52.1,20.1,0.0,39,207,64,985.6
2027-06-19 21:00:00,-49.8,14.6,0.0,26,93,87,988.1
2027-06-19 22:00:00,-48.5,19.6,0.0,81,239,78,979.5
2027-06-19 23:00:00,-59.6,13.2,0.0,49,336,82,977.2
2027-06-20 00:00:00,-46.8,6.9,0.0,96,234,76,984.9
2027-06-20 01:00:00,-55.2,15.4,0.0,69,261,67,978.0
2027-06-20 02:00:00,-54.0,19.2,0.0,18,113,72,972.8
2027-06-20 03:00:00,-57.0,13.2,0.0,88,185,55,968.2
2027-06-20 04:00:00,-51.9,13.1,0.0,28,122,60,977.1
2027-06-20 05:00:00,-53.3,8.0,0.0,32,332,84,970.1
2027-06-20 06:00:00,-55.4,11.2,0.0,71,169,51,963.0
2027-06-20 07:00:00,-52.6,21.8,0.0,44,244,81,976.0
2027-06-20 08:00:00,-62.2,7.9,0.0,71,168,60,966.6
2027-06-20 09:00:00,-54.2,12.8,0.0,31,59,52,975.7
2027-06-20 10:00:00,-54.2,10.2,0.0,36,60,49,966.0
2027-06-20 11:00:00,-49.0,7.9,0.0,34,196,46,965.1
2027-06-20 12:00:00,-50.1,3.9,0.0,74,28,54,986.8
2027-06-20 13:00:00,-55.8,18.5,0.0,79,249,60,977.1
2027-06-20 14:00:00,-52.3,16.1,0.0,28,210,76,962.4
2027-06-20 15:00:00,-52.6,15.2,0.0,27,199,45,984.7
2027-06-20 16:00:00,-56.3,15.3,0.0,98,324,82,975.9
2027-06-20 17:00:00,-51.7,19.9,0.0,11,182,45,971.7
2027-06-20 18:00:00,-55.5,10.9,0.0,14,150,42,978.1
2027-06-20 19:00:00,-51.7,12.8,0.0,39,3,51,979.5
2027-06-20 20:00:00,-53.7,9.2,0.0,78,1,89,974.8
2027-06-20 21:00:00,-55.4,16.0,0.0,24,167,86,1001.2
2027-06-20 22:00:00,-51.9,10.5,0.0,75,189,76,978.1
2027-06-20 23:00:00,-53.0,6.7,0.0,43,137,84,994.2
2027-06-21 00:00:00,-53.6,11.6,0.0,95,91,76,992.4
2027-06-21 01:00:00,-51.2,13.4,0.0,4,124,78,992.9
2027-06-21 02:00:00,-51.4,19.4,0.0,42,50,44,1001.9
2027-06-21 03:00:00,-55.4,19.0,0.0,56,175,78,987.2
2027-06-21 04:00:00,-54.8,9.9,0.0,87,78,67,977.0
2027-06-21 05:00:00,-54.0,11.1,0.0,22,125,53,978.5
2027-06-21 06:00:00,-55.7,18.8,0.0,55,311,72,960.7
2027-06-21 07:00:00,-56.8,12.0,0.0,67,223,65,983.9
2027-06-21 08:00:00,-49.0,11.9,0.0,93,243,74,982.7
2027-06-21 09:00:00,-47.6,13.5,0.0,26,26,54,985.7
2027-06-21 10:00:00,-49.0,23.8,0.0,52,203,53,965.9
2027-06-21 11:00:00,-50.8,4.1,0.0,46,207,81,991.2
2027-06-21 12:00:00,-52.0,14.6,0.0,69,222,42,977.2
2027-06-21 13:00:00,-55.4,14.8,0.0,39,263,51,980.4
2027-06-21 14:00:00,-54.3,17.9,0.0,68,316,44,985.3
2027-06-21 15:00:00,-57.5,16.8,0.0,65,89,64,976.2
2027-06-21 16:00:00,-51.8,15.0,0.0,40,190,49,990.7
2027-06-21 17:00:00,-43.9,11.1,0.0,58,47,59,973.0
2027-06-21 18:00:00,-52.1,19.3,0.0,64,2,59,988.6
2027-06-21 19:00:00,-53.6,14.2,0.0,99,293,57,982.3
2027-06-21 20:00:00,-55.7,11.1,0.0,70,313,45,973.2
2027-06-21 21:00:00,-55.1,17.6,0.0,84,106,51,992.7
2027-06-21 22:00:00,-49.2,4.3,0.0,34,254,68,990.5
2027-06-21 23:00:00,-53.5,12.9,0.0,71,215,83,986.9
2027-06-22 00:00:00,-49.8,10.9,0.0,13,93,78,990.7
2027-06-22 01:00:00,-53.8,7.5,0.0,98,303,76,978.3
2027-06-22 02:00:00,-55.4,12.1,0.0,55,273,43,969.8
2027-06-22 03:00:00,-58.6,7.7,0.0,60,267,62,979.4
2027-06-22 04:00:00,-52.0,8.8,0.0,51,133,48,971.0
2027-06-22 05:00:00,-54.0,8.0,0.0,24,216,82,966.0
2027-06-22 06:00:00,-52.6,14.8,0.0,2,162,77,994.3
2027-06-22 07:00:00,-54.6,5.6,0.0,51,291,89,963.1
2027-06-22 08:00:00,-53.0,20.1,0.0,22,263,47,990.7
2027-06-22 09:00:00,-55.9,13.8,0.0,36,109,59,998.8
2027-06-22 10:00:00,-51.6,15.6,0.0,69,167,88,987.5
2027-06-22 11:00:00,-51.0,10.0,0.0,21,94,71,977.2
2027-06-22 12:00:00,-48.2,15.2,0.0,62,275,55,1003.4
2027-06-22 13:00:00,-59.6,6.7,0.0,42,248,42,972.5
2027-06-22 14:00:00,-54.9,5.5,0.0,28,55,51,978.4
2027-06-22 15:00:00,-50.7,24.2,0.0,84,30,67,970.3
2027-06-22 16:00:00,-54.3,12.7,0.0,19,301,80,966.6
2027-06-22 17:00:00,-54.2,4.1,0.0,58,278,88,990.1
2027-06-22 18:00:00,-54.9,16.9,0.0,1,17,61,992.6
2027-06-22 19:00:00,-48.4,12.6,0.0,44,337,70,986.1
2027-06-22 20:00:00,-56.0,10.6,0.0,40,44,87,986.4
2027-06-22 21:00:00,-53.9,6.8,0.0,39,47,50,978.4
2027-06-22 22:00:00,-51.8,18.6,0.0,17,112,49,972.7
2027-06-22 23:00:00,-53.3,11.8,0.0,15,36,45,975.0
2027-06-23 00:00:00,-53.1,1.2,0.0,97,335,75,990.8
2027-06-23 01:00:00,-55.4,13.7,0.0,81,52,81,979.1
2027-06-23 02:00:00,-57.0,15.6,0.0,76,98,65,971.5
2027-06-23 03:00:00,-51.4,14.1,0.0,45,239,78,986.8
2027-06-23 04:00:00,-47.3,20.7,0.0,91,283,55,975.9
2027-06-23 05:00:00,-50.7,13.3,0.0,56,250,83,965.7
2027-06-23 06:00:00,-51.7,17.2,0.0,75,57,75,981.6
2027-06-23 07:00:00,-48.1,6.8,0.0,70,305,53,966.9
2027-06-23 08:00:00,-51.7,9.0,0.0,48,235,77,972.3
2027-06-23 09:00:00,-48.5,13.2,0.0,16,221,57,975.9
2027-06-23 10:00:00,-50.7,9.9,0.0,25,87,76,975.8
2027-06-23 11:00:00,-51.6,18.5,0.0,64,258,78,976.4
2027-06-23 12:00:00,-52.4,9.4,0.0,61,199,87,987.4
2027-06-23 13:00:00,-51.4,12.4,0.0,57,1,45,978.6
2027-06-23 14:00:00,-56.9,11.8,0.0,83,114,65,954.8
2027-06-23 15:00:00,-59.8,16.7,0.0,7,180,40,972.5
2027-06-23 16:00:00,-56.4,8.9,0.0,88,79,77,980.9
2027-06-23 17:00:00,-51.8,11.8,0.0,3,199,46,987.3
2027-06-23 18:00:00,-48.4,9.0,0.0,19,90,81,992.7
2027-06-23 19:00:00,-60.0,9.9,0.0,89,276,54,988.7
2027-06-23 20:00:00,-60.4,19.2,0.0,25,119,77,982.7
2027-06-23 21:00:00,-56.1,19.5,0.0,84,286,82,976.9
2027-06-23 22:00:00,-53.4,17.8,0.0,34,74,55,985.0
2027-06-23 23:00:00,-52.6,12.0,0.0,80,342,78,982.5
2027-06-24 00:00:00,-52.9,9.3,0.0,42,252,51,984.4
2027-06-24 01:00:00,-53.7,18.9,0.0,62,163,66,986.1
2027-06-24 02:00:00,-50.6,15.8,0.0,20,81,85,985.4
2027-06-24 03:00:00,-59.3,13.4,0.0,34,149,78,980.7
2027-06-24 04:00:00,-53.3,18.5,0.0,14,165,62,979.9
2027-06-24 05:00:00,-56.3,10.3,0.0,98,315,44,974.2
2027-06-24 06:00:00,-56.2,15.0,0.0,54,185,51,987.5
2027-06-24 07:00:00,-61.3,9.9,0.0,78,292,75,970.9
2027-06-24 08:00:00,-55.1,9.7,0.0,91,109,68,988.8
2027-06-24 09:00:00,-56.3,17.0,0.0,35,233,88,981.2
2027-06-24 10:00:00,-50.6,9.9,0.0,36,328,70,966.8
2027-06-24 11:00:00,-56.8,13.5,0.0,51,238,75,998.4
2027-06-24 12:00:00,-50.4,17.8,0.0,21,233,45,981.5
2027-06-24 13:00:00,-54.6,13.9,0.0,29,274,74,978.7
2027-06-24 14:00:00,-59.5,21.8,0.0,35,96,75,975.0
2027-06-24 15:00:00,-52.1,17.7,0.0,3,58,63,984.0
2027-06-24 16:00:00,-56.1,14.4,0.0,57,224,76,989.6
2027-06-24 17:00:00,-54.4,11.7,0.0,2,115,78,980.2
2027-06-24 18:00:00,-59.3,7.6,0.0,95,278,46,983.9
2027-06-24 19:00:00,-56.9,13.2,0.0,73,32,79,974.4
2027-06-24 20:00:00,-55.8,11.8,0.0,0,109,79,968.4
2027-06-24 21:00:00,-58.3,11.2,0.0,30,85,61,981.3
2027-06-24 22:00:00,-58.5,16.7,0.0,46,151,50,988.7
2027-06-24 23:00:00,-58.1,8.4,0.0,99,287,75,991.6
2027-06-25 00:00:00,-50.9,8.6,0.0,46,243,58,986.7
2027-06-25 01:00:00,-59.0,19.3,0.0,91,321,75,971.7
2027-06-25 02:00:00,-55.2,11.0,0.0,45,72,53,975.7
2027-06-25 03:00:00,-49.7,3.1,0.0,77,39,40,985.3
2027-06-25 04:00:00,-53.7,7.9,0.0,19,75,82,973.0
2027-06-25 05:00:00,-55.6,12.9,0.0,82,41,66,960.0
2027-06-25 06:00:00,-53.7,11.5,0.0,88,145,61,985.0
2027-06-25 07:00:00,-49.9,0.0,0.0,18,128,77,996.9
2027-06-25 08:00:00,-56.7,7.8,0.0,79,299,61,961.1
2027-06-25 09:00:00,-52.5,13.4,0.0,27,56,41,983.3
2027-06-25 10:00:00,-57.0,5.6,0.0,100,24,47,980.8
2027-06-25 11:00:00,-53.9,13.6,0.0,15,288,74,995.1
2027-06-25 12:00:00,-45.2,11.5,0.0,89,222,63,987.7
2027-06-25 13:00:00,-54.8,10.5,0.0,30,154,66,990.1
2027-06-25 14:00:00,-45.7,18.1,0.0,62,112,67,987.8
2027-06-25 15:00:00,-52.5,12.0,0.0,93,143,61,967.9
2027-06-25 16:00:00,-55.1,12.6,0.0,6,322,44,975.2
2027-06-25 17:00:00,-52.5,11.2,0.0,87,189,48,986.3
2027-06-25 18:00:00,-54.2,3.9,0.0,71,355,72,965.1
2027-06-25 19:00:00,-53.7,10.2,0.0,43,76,44,992.8
2027-06-25 20:00:00,-54.7,7.5,0.0,3,193,87,980.3
2027-06-25 21:00:00,-59.0,17.3,0.0,39,149,54,971.7
2027-06-25 22:00:00,-51.6,8.7,0.0,62,218,61,991.9
2027-06-25 23:00:00,-51.7,15.6,0.0,6,178,74,975.7
2027-06-26 00:00:00,-53.2,14.6,0.0,40,60,56,982.4
2027-06-26 01:00:00,-55.4,22.6,0.0,57,147,46,984.3
2027-06-26 02:00:00,-52.8,12.2,0.0,92,43,89,997.9
2027-06-26 03:00:00,-55.7,0.9,0.0,41,184,75,969.8
2027-06-26 04:00:00,-51.3,22.0,0.0,87,320,80,977.6
2027-06-26 05:00:00,-55.2,10.0,0.0,95,129,66,981.3
2027-06-26 06:00:00,-57.0,13.6,0.0,92,170,72,991.9
2027-06-26 07:00:00,-57.8,11.0,0.0,62,240,80,984.6
2027-06-26 08:00:00,-51.2,6.4,0.0,62,259,88,977.7
2027-06-26 09:00:00,-58.4,12.5,0.0,95,118,45,967.6
2027-06-26 10:00:00,-55.3,2.7,0.0,60,207,81,971.2
2027-06-26 11:00:00,-51.8,23.2,0.0,91,281,89,974.8
2027-06-26 12:00:00,-58.9,11.1,0.0,68,97,83,985.2
2027-06-26 13:00:00,-56.3,15.5,0.0,6,47,73,978.4
2027-06-26 14:00:00,-54.5,4.0,0.0,82,309,69,992.6
2027-06-26 15:00:00,-52.8,12.5,0.0,60,230,58,980.0
2027-06-26 16:00:00,-51.8,12.8,0.0,23,59,62,974.7
2027-06-26 17:00:00,-52.0,7.3,0.0,96,159,59,970.5
2027-06-26 18:00:00,-55.9,10.4,0.0,21,272,40,993.3
2027-06-26 19:00:00,-54.8,21.3,0.0,26,267,85,976.8
2027-06-26 20:00:00,-51.4,9.9,0.0,25,126,82,998.8
2027-06-26 21:00:00,-51.3,12.6,0.0,23,270,63,972.2
2027-06-26 22:00:00,-51.0,10.4,0.0,52,73,40,969.8
2027-06-26 23:00:00,-52.2,7.9,0.0,58,3,56,982.7
2027-06-27 00:00:00,-56.6,15.5,0.0,50,187,40,1002.0
2027-06-27 01:00:00,-56.3,1.9,0.0,4,136,83,983.7
2027-06-27 02:00:00,-54.7,9.2,0.0,89,46,46,973.5
2027-06-27 03:00:00,-51.3,15.6,0.0,93,100,60,981.8
2027-06-27 04:00:00,-56.2,3.0,0.0,30,339,61,979.3
2027-06-27 05:00:00,-51.6,8.4,0.0,42,2,74,979.2
2027-06-27 06:00:00,-47.5,12.2,0.0,33,67,58,968.9
2027-06-27 07:00:00,-62.7,15.9,0.0,74,148,64,972.3
2027-06-27 08:00:00,-57.3,6.7,0.0,56,32,68,998.6
2027-06-27 09:00:00,-55.9,15.5,0.0,44,127,79,995.7
2027-06-27 10:00:00,-47.5,20.8,0.0,71,74,86,964.5
2027-06-27 11:00:00,-51.5,11.7,0.0,42,105,55,974.9
2027-06-27 12:00:00,-56.7,7.9,0.0,71,18,47,987.9
2027-06-27 13:00:00,-52.1,11.7,0.0,70,149,46,978.7
2027-06-27 14:00:00,-55.7,10.0,0.0,29,311,45,981.3
2027-06-27 15:00:00,-54.2,9.1,0.0,27,234,87,973.5
2027-06-27 16:00:00,-53.5,8.6,0.0,28,179,63,974.8
2027-06-27 17:00:00,-52.0,14.7,0.0,9,69,62,976.5
2027-06-27 18:00:00,-52.2,5.6,0.0,96,154,69,977.8
2027-06-27 19:00:00,-53.9,14.6,0.0,72,194,41,984.4
2027-06-27 20:00:00,-52.6,17.1,0.0,41,163,50,989.2
2027-06-27 21:00:00,-52.7,17.0,0.0,81,28,84,992.2
2027-06-27 22:00:00,-52.2,13.2,0.0,54,53,68,984.7
2027-06-27 23:00:00,-52.7,12.3,0.0,19,175,59,980.2
2027-06-28 00:00:00,-55.6,18.3,0.0,88,132,60,988.4
2027-06-28 01:00:00,-55.5,14.8,0.0,78,322,81,979.0
2027-06-28 02:00:00,-52.7,21.9,0.0,65,228,81,987.1
2027-06-28 03:00:00,-50.6,10.6,0.0,74,186,87,974.4
2027-06-28 04:00:00,-57.0,14.1,0.0,16,356,43,991.2
2027-06-28 05:00:00,-53.9,17.6,0.0,68,312,40,980.4
2027-06-28 06:00:00,-52.3,11.1,0.0,37,320,64,989.9
2027-06-28 07:00:00,-52.4,11.4,0.0,55,33,59,988.3
2027-06-28 08:00:00,-53.8,9.2,0.0,61,178,42,984.1
2027-06-28 09:00:00,-52.0,5.6,0.0,19,41,71,998.0
2027-06-28 10:00:00,-48.5,13.7,0.0,67,81,42,991.6
2027-06-28 11:00:00,-55.7,14.8,0.0,84,192,89,985.0
2027-06-28 12:00:00,-50.3,14.9,0.0,34,137,46,966.3
2027-06-28 13:00:00,-52.7,20.1,0.0,72,347,53,993.1
2027-06-28 14:00:00,-47.4,12.8,0.0,21,218,76,991.5
2027-06-28 15:00:00,-56.9,8.8,0.0,18,149,48,975.1
2027-06-28 16:00:00,-55.0,12.5,0.0,58,110,78,965.7
2027-06-28 17:00:00,-55.3,14.9,0.0,63,261,66,962.8
2027-06-28 18:00:00,-58.0,10.1,0.0,25,279,59,967.7
2027-06-28 19:00:00,-53.8,10.8,0.0,83,168,87,980.7
2027-06-28 20:00:00,-53.0,16.2,0.0,86,242,85,957.8
2027-06-28 21:00:00,-53.4,16.2,0.0,82,5,80,986.9
2027-06-28 22:00:00,-54.2,21.4,0.0,2,152,58,971.9
2027-06-28 23:00:00,-50.9,13.1,0.0,96,333,89,961.1
2027-06-29 00:00:00,-53.1,12.1,0.0,33,253,64,978.1
2027-06-29 01:00:00,-57.2,18.2,0.0,58,270,53,979.2
2027-06-29 02:00:00,-55.8,19.9,0.0,38,339,78,991.1
2027-06-29 03:00:00,-53.3,8.7,0.0,57,178,43,984.1
2027-06-29 04:00:00,-53.8,13.8,0.0,90,112,43,975.4
2027-06-29 05:00:00,-53.5,5.1,0.0,36,7,69,989.9
2027-06-29 06:00:00,-54.2,10.5,0.0,32,90,45,1000.1
2027-06-29 07:00:00,-56.4,10.3,0.0,17,310,64,995.7
2027-06-29 08:00:00,-56.3,5.7,0.0,39,44,68,975.3
2027-06-29 09:00:00,-49.8,18.7,0.0,46,258,61,975.3
2027-06-29 10:00:00,-55.7,12.8,0.0,94,237,52,971.1
2027-06-29 11:00:00,-50.1,16.3,0.0,24,236,76,983.6
2027-06-29 12:00:00,-56.0,15.0,0.0,70,322,83,977.9
2027-06-29 13:00:00,-56.8,7.9,0.0,43,75,62,983.1
2027-06-29 14:00:00,-55.1,19.0,0.0,47,283,59,982.7
2027-06-29 15:00:00,-42.5,15.1,0.0,70,33,45,980.4
2027-06-29 16:00:00,-55.4,19.0,0.0,28,89,48,984.0
2027-06-29 17:00:00,-54.5,6.9,0.0,64,307,78,980.3
2027-06-29 18:00:00,-55.4,17.9,0.0,77,42,79,985.8
2027-06-29 19:00:00,-56.1,6.5,0.0,55,232,77,984.3
2027-06-29 20:00:00,-54.6,16.1,0.0,56,226,43,974.5
2027-06-29 21:00:00,-51.3,6.2,0.0,81,328,61,950.9
2027-06-29 22:00:00,-54.9,13.1,0.0,27,271,44,975.8
2027-06-29 23:00:00,-50.9,12.7,0.0,43,264,43,977.8
2027-06-30 00:00:00,-54.5,9.5,0.0,65,92,46,959.6
2027-06-30 01:00:00,-59.1,9.9,0.0,36,212,42,980.9
2027-06-30 02:00:00,-54.9,15.3,0.0,30,196,80,975.7
2027-06-30 03:00:00,-50.8,9.7,0.0,14,82,56,972.2
2027-06-30 04:00:00,-49.2,16.5,0.0,19,315,51,980.0
2027-06-30 05:00:00,-52.7,4.4,0.0,3,338,52,966.9
2027-06-30 06:00:00,-54.5,23.3,0.0,78,176,42,983.5
2027-06-30 07:00:00,-57.2,22.6,0.0,100,344,48,965.5
2027-06-30 08:00:00,-53.4,6.9,0.0,69,72,51,989.3
2027-06-30 09:00:00,-53.7,4.0,0.0,96,278,47,976.5
2027-06-30 10:00:00,-53.9,18.1,0.0,17,306,78,971.8
2027-06-30 11:00:00,-55.6,7.3,0.0,68,235,62,983.8
2027-06-30 12:00:00,-57.3,10.6,0.0,88,44,69,982.6
2027-06-30 13:00:00,-58.6,4.8,0.0,37,99,47,994.6
2027-06-30 14:00:00,-54.9,11.4,0.0,68,287,73,996.9
2027-06-30 15:00:00,-54.9,13.9,0.0,100,206,60,975.9
2027-06-30 16:00:00,-48.8,14.0,0.0,52,309,73,988.1
2027-06-30 17:00:00,-54.3,16.7,0.0,31,53,75,947.4
2027-06-30 18:00:00,-54.0,8.4,0.0,98,226,83,972.1
2027-06-30 19:00:00,-49.6,19.6,0.0,87,1,40,981.4
2027-06-30 20:00:00,-53.4,19.9,0.0,23,230,80,972.9
2027-06-30 21:00:00,-53.4,19.7,0.0,18,342,53,990.6
2027-06-30 22:00:00,-55.1,14.7,0.0,52,50,83,988.5
2027-06-30 23:00:00,-55.5,15.3,0.0,55,13,80,976.1
2027-07-01 00:00:00,-57.9,18.2,0.0,56,180,60,984.6
2027-07-01 01:00:00,-55.8,10.6,0.0,68,173,69,982.7
2027-07-01 02:00:00,-53.4,22.8,0.0,77,28,43,973.9
2027-07-01 03:00:00,-50.4,7.4,0.0,91,156,66,976.3
2027-07-01 04:00:00,-52.2,3.5,0.0,45,244,73,982.4
2027-07-01 05:00:00,-52.1,8.0,0.0,73,188,72,971.4
2027-07-01 06:00:00,-54.7,10.1,0.0,66,184,77,969.7
2027-07-01 07:00:00,-61.1,3.0,0.0,9,355,85,1007.4
2027-07-01 08:00:00,-57.9,14.1,0.0,39,91,73,974.2
2027-07-01 09:00:00,-51.6,16.2,0.0,84,173,56,977.1
2027-07-01 10:00:00,-57.6,17.3,0.0,44,248,87,978.6
2027-07-01 11:00:00,-52.8,6.7,0.0,13,85,89,982.5
2027-07-01 12:00:00,-54.6,3.5,0.0,24,132,59,986.2
2027-07-01 13:00:00,-48.3,17.2,0.0,15,91,52,983.7
2027-07-01 14:00:00,-52.5,4.7,0.0,23,236,57,968.6
2027-07-01 15:00:00,-51.5,8.3,0.0,63,359,44,980.0
2027-07-01 16:00:00,-51.5,5.4,0.0,42,339,54,974.4
2027-07-01 17:00:00,-56.6,18.0,0.0,91,189,56,974.3
2027-07-01 18:00:00,-51.7,11.2,0.0,52,242,61,989.5
2027-07-01 19:00:00,-54.0,19.0,0.0,28,263,53,994.7
2027-07-01 20:00:00,-59.4,15.3,0.0,4,303,60,981.1
2027-07-01 21:00:00,-51.9,15.0,0.0,17,275,47,980.9
2027-07-01 22:00:00,-54.7,13.5,0.0,5,55,65,973.4
2027-07-01 23:00:00,-52.9,17.8,0.0,40,358,77,991.1
2027-07-02 00:00:00,-55.8,15.3,0.0,30,265,69,983.2
2027-07-02 01:00:00,-54.2,12.3,0.0,11,181,67,997.4
2027-07-02 02:00:00,-56.2,18.3,0.0,12,186,70,976.4
2027-07-02 03:00:00,-52.9,13.1,0.0,3,1,70,960.3
2027-07-02 04:00:00,-51.8,17.8,0.0,75,276,40,971.2
2027-07-02 05:00:00,-59.4,17.2,0.0,91,143,61,992.2
2027-07-02 06:00:00,-55.4,13.6,0.0,78,201,49,971.2
2027-07-02 07:00:00,-50.8,17.9,0.0,54,305,71,990.3
2027-07-02 08:00:00,-53.6,13.0,0.0,89,11,62,965.3
2027-07-02 09:00:00,-51.3,16.6,0.0,84,319,81,983.8
2027-07-02 10:00:00,-58.7,4.6,0.0,75,191,61,999.4
2027-07-02 11:00:00,-56.5,16.1,0.0,68,154,80,982.1
2027-07-02 12:00:00,-52.3,12.5,0.0,51,265,53,972.5
2027-07-02 13:00:00,-49.5,19.9,0.0,83,110,75,971.8
2027-07-02 14:00:00,-60.9,10.0,0.0,17,231,45,996.9
2027-07-02 15:00:00,-53.1,11.9,0.0,77,192,80,971.4
2027-07-02 16:00:00,-57.4,16.6,0.0,46,87,54,983.6
2027-07-02 17:00:00,-55.6,11.8,0.0,27,157,76,980.8
2027-07-02 18:00:00,-52.8,5.5,0.0,64,318,48,995.4
2027-07-02 19:00:00,-56.9,15.6,0.0,99,22,54,985.5
2027-07-02 20:00:00,-53.2,12.8,0.0,3,359,70,966.4
2027-07-02 21:00:00,-55.8,8.7,0.0,94,222,84,974.8
2027-07-02 22:00:00,-53.7,11.1,0.0,54,173,48,976.4
2027-07-02 23:00:00,-53.8,12.1,0.0,34,5,54,963.5
2027-07-03 00:00:00,-58.5,11.8,0.0,15,251,50,991.1
2027-07-03 01:00:00,-55.2,15.9,0.0,22,241,75,983.7
2027-07-03 02:00:00,-51.5,9.7,0.0,43,112,55,966.2
2027-07-03 03:00:00,-52.4,5.6,0.0,5,315,53,978.2
2027-07-03 04:00:00,-53.2,13.0,0.0,6,2,50,983.6
2027-07-03 05:00:00,-59.2,18.3,0.0,22,241,75,959.5
2027-07-03 06:00:00,-50.7,16.6,0.0,88,250,51,977.5
2027-07-03 07:00:00,-57.7,11.0,0.0,86,99,52,989.6
2027-07-03 08:00:00,-53.0,10.1,0.0,4,67,69,973.6
2027-07-03 09:00:00,-52.8,15.8,0.0,65,319,84,995.1
2027-07-03 10:00:00,-55.4,12.9,0.0,0,352,88,1001.2
2027-07-03 11:00:00,-57.6,7.4,0.0,82,337,53,975.9
2027-07-03 12:00:00,-53.6,11.2,0.0,69,117,53,965.7
2027-07-03 13:00:00,-52.9,16.4,0.0,37,133,81,981.1
2027-07-03 14:00:00,-54.6,20.9,0.0,0,230,48,956.8
2027-07-03 15:00:00,-50.9,3.1,0.0,14,43,57,977.0
2027-07-03 16:00:00,-46.8,15.7,0.0,10,161,69,981.6
2027-07-03 17:00:00,-52.8,7.7,0.0,68,151,69,967.4
2027-07-03 18:00:00,-49.9,7.6,0.0,19,221,74,994.1
2027-07-03 19:00:00,-51.5,13.9,0.0,38,313,76,981.0
2027-07-03 20:00:00,-53.1,12.6,0.0,91,184,77,980.0
2027-07-03 21:00:00,-60.7,0.0,0.0,85,346,68,988.2
2027-07-03 22:00:00,-59.7,16.2,0.0,69,192,78,974.0
2027-07-03 23:00:00,-59.5,13.3,0.0,37,150,54,980.2
2027-07-04 00:00:00,-58.2,12.1,0.0,57,120,87,968.1
2027-07-04 01:00:00,-55.4,5.0,0.0,95,55,89,986.8
2027-07-04 02:00:00,-54.3,7.1,0.0,34,230,41,980.9
2027-07-04 03:00:00,-54.7,8.8,0.0,50,102,59,985.9
2027-07-04 04:00:00,-51.6,9.0,0.0,17,1,77,985.2
2027-07-04 05:00:00,-52.8,8.8,0.0,13,320,78,954.2
2027-07-04 06:00:00,-55.0,8.1,0.0,8,103,49,971.3
2027-07-04 07:00:00,-56.6,12.8,0.0,96,230,75,994.3
2027-07-04 08:00:00,-56.4,10.1,0.0,86,352,57,976.5
2027-07-04 09:00:00,-57.2,10.3,0.0,98,283,50,974.4
2027-07-04 10:00:00,-52.1,4.4,0.0,48,228,58,1000.0
2027-07-04 11:00:00,-48.5,17.8,0.0,74,78,83,989.9
2027-07-04 12:00:00,-49.9,6.3,0.0,91,167,84,975.6
2027-07-04 13:00:00,-53.3,9.7,0.0,39,147,52,977.2
2027-07-04 14:00:00,-56.2,8.8,0.0,21,286,88,985.1
2027-07-04 15:00:00,-55.5,14.4,0.0,14,292,89,983.7
2027-07-04 16:00:00,-55.3,11.4,0.0,70,333,52,967.8
2027-07-04 17:00:00,-55.2,11.7,0.0,0,308,49,995.4
2027-07-04 18:00:00,-53.2,20.6,0.0,69,335,77,992.4
2027-07-04 19:00:00,-53.3,7.8,0.0,3,186,44,969.4
2027-07-04 20:00:00,-52.2,0.0,0.0,3,20,82,977.2
2027-07-04 21:00:00,-54.1,17.5,0.0,47,79,55,971.1
2027-07-04 22:00:00,-52.4,15.4,0.0,94,124,88,987.7
2027-07-04 23:00:00,-52.2,6.5,0.0,76,69,57,979.4
2027-07-05 00:00:00,-56.5,15.3,0.0,53,316,65,971.3
2027-07-05 01:00:00,-58.1,11.5,0.0,56,21,40,977.8
2027-07-05 02:00:00,-56.9,11.2,0.0,93,357,69,985.9
2027-07-05 03:00:00,-54.9,11.0,0.0,32,220,69,968.4
2027-07-05 04:00:00,-56.0,16.6,0.0,74,344,78,975.1
2027-07-05 05:00:00,-52.9,14.8,0.0,24,150,40,997.1
2027-07-05 06:00:00,-52.8,13.6,0.0,23,211,75,1003.4
2027-07-05 07:00:00,-57.4,8.0,0.0,10,246,70,969.4
2027-07-05 08:00:00,-50.9,12.2,0.0,94,11,83,970.3
2027-07-05 09:00:00,-58.0,22.3,0.0,60,211,58,978.0
2027-07-05 10:00:00,-47.3,12.0,0.0,43,310,51,977.4
2027-07-05 11:00:00,-57.1,13.1,0.0,30,66,50,973.0
2027-07-05 12:00:00,-55.2,7.8,0.0,0,314,75,981.3
2027-07-05 13:00:00,-56.5,9.0,0.0,23,343,74,979.6
2027-07-05 14:00:00,-54.3,7.2,0.0,11,245,62,992.5
2027-07-05 15:00:00,-54.7,6.7,0.0,92,287,66,977.4
2027-07-05 16:00:00,-55.8,0.6,0.0,51,79,69,988.8
2027-07-05 17:00:00,-54.9,5.1,0.0,50,101,79,980.4
2027-07-05 18:00:00,-55.1,9.2,0.0,39,151,71,972.8
2027-07-05 19:00:00,-52.0,1.3,0.0,1,330,69,978.6
2027-07-05 20:00:00,-52.2,0.0,0.0,77,167,56,972.3
2027-07-05 21:00:00,-54.5,9.0,0.0,44,224,62,979.9
2027-07-05 22:00:00,-60.2,8.2,0.0,65,108,60,975.2
2027-07-05 23:00:00,-58.3,10.8,0.0,94,60,80,970.3
2027-07-06 00:00:00,-51.8,11.6,0.0,80,35,89,966.1
2027-07-06 01:00:00,-63.4,21.5,0.0,70,329,65,980.9
2027-07-06 02:00:00,-58.7,9.9,0.0,82,122,56,987.5
2027-07-06 03:00:00,-52.1,24.8,0.0,74,86,40,966.1
2027-07-06 04:00:00,-50.0,16.5,0.0,42,112,55,976.9
2027-07-06 05:00:00,-56.5,7.2,0.0,29,234,56,976.4
2027-07-06 06:00:00,-52.5,12.4,0.0,20,140,65,980.1
2027-07-06 07:00:00,-59.6,14.4,0.0,96,354,51,978.2
2027-07-06 08:00:00,-55.2,16.6,0.0,94,117,67,980.2
2027-07-06 09:00:00,-58.5,10.5,0.0,22,189,41,976.4
2027-07-06 10:00:00,-56.8,7.0,0.0,37,308,54,998.3
2027-07-06 11:00:00,-57.2,5.1,0.0,21,154,40,986.4
2027-07-06 12:00:00,-47.8,12.6,0.0,58,66,66,974.3
2027-07-06 13:00:00,-53.9,11.4,0.0,48,285,79,960.8
2027-07-06 14:00:00,-50.1,6.1,0.0,43,152,85,979.0
2027-07-06 15:00:00,-57.5,7.3,0.0,13,32,40,989.1
2027-07-06 16:00:00,-53.4,15.8,0.0,1,140,78,973.3
2027-07-06 17:00:00,-53.5,12.1,0.0,61,290,88,1001.0
2027-07-06 18:00:00,-56.4,6.4,0.0,9,74,41,968.2
2027-07-06 19:00:00,-52.9,11.6,0.0,39,54,53,976.2
2027-07-06 20:00:00,-54.4,18.5,0.0,59,78,59,968.0
2027-07-06 21:00:00,-53.1,13.3,0.0,43,168,63,973.1
2027-07-06 22:00:00,-50.4,24.3,0.0,74,154,73,977.1
2027-07-06 23:00:00,-57.4,23.1,0.0,87,229,54,991.7
2027-07-07 00:00:00,-56.6,10.4,0.0,58,359,88,971.2
2027-07-07 01:00:00,-60.8,16.0,0.0,77,55,47,975.7
2027-07-07 02:00:00,-57.8,16.1,0.0,65,18,68,974.2
2027-07-07 03:00:00,-58.8,5.4,0.0,41,147,56,984.1
2027-07-07 04:00:00,-60.8,3.7,0.0,6,276,49,978.8
2027-07-07 05:00:00,-54.5,17.7,0.0,63,347,80,988.0
2027-07-07 06:00:00,-54.2,12.5,0.0,10,94,82,986.6
2027-07-07 07:00:00,-47.6,9.4,0.0,79,88,85,986.9
2027-07-07 08:00:00,-58.7,8.9,0.0,93,32,52,978.3
2027-07-07 09:00:00,-54.6,11.2,0.0,14,25,69,992.2
2027-07-07 10:00:00,-55.0,13.8,0.0,28,91,56,987.7
2027-07-07 11:00:00,-54.9,8.2,0.0,78,175,72,974.1
2027-07-07 12:00:00,-53.6,15.3,0.0,24,212,72,985.3
2027-07-07 13:00:00,-54.2,5.4,0.0,26,275,60,964.8
2027-07-07 14:00:00,-55.0,14.9,0.0,19,29,82,973.7
2027-07-07 15:00:00,-52.7,14.6,0.0,5,38,58,991.7
2027-07-07 16:00:00,-56.8,6.4,0.0,53,341,63,982.9
2027-07-07 17:00:00,-53.7,7.5,0.0,50,193,50,993.6
2027-07-07 18:00:00,-58.3,15.6,0.0,11,133,42,982.9
2027-07-07 19:00:00,-55.6,12.7,0.0,98,43,44,977.7
2027-07-07 20:00:00,-57.3,7.8,0.0,87,112,53,983.6
2027-07-07 21:00:00,-54.5,7.8,0.0,88,93,57,969.2
2027-07-07 22:00:00,-53.7,11.0,0.0,60,100,40,985.9
2027-07-07 23:00:00,-56.1,4.4,0.0,87,98,46,984.4
2027-07-08 00:00:00,-53.4,8.9,0.0,39,210,51,979.4
2027-07-08 01:00:00,-58.1,13.2,0.0,23,312,80,973.0
2027-07-08 02:00:00,-50.4,6.3,0.0,66,30,41,979.9
2027-07-08 03:00:00,-54.9,20.2,0.0,66,279,80,974.9
2027-07-08 04:00:00,-58.3,7.5,0.0,30,185,48,958.7
2027-07-08 05:00:00,-55.6,3.0,0.0,92,55,72,999.5
2027-07-08 06:00:00,-58.4,22.7,0.0,52,27,40,968.8
2027-07-08 07:00:00,-56.2,11.1,0.0,32,28,40,986.8
2027-07-08 08:00:00,-57.5,15.1,0.0,67,322,78,977.0
2027-07-08 09:00:00,-50.6,19.9,0.0,9,155,43,979.6
2027-07-08 10:00:00,-57.8,8.4,0.0,7,1,54,986.3
2027-07-08 11:00:00,-53.2,12.0,0.0,55,264,63,989.5
2027-07-08 12:00:00,-52.3,9.3,0.0,15,45,76,974.2
2027-07-08 13:00:00,-53.2,17.6,0.0,22,337,76,988.8
2027-07-08 14:00:00,-53.4,15.8,0.0,41,279,66,983.3
2027-07-08 15:00:00,-52.3,2.6,0.0,81,80,45,984.2
2027-07-08 16:00:00,-52.0,9.8,0.0,75,137,63,970.6
2027-07-08 17:00:00,-54.5,11.8,0.0,15,262,86,970.2
2027-07-08 18:00:00,-56.0,13.7,0.0,12,157,65,978.1
2027-07-08 19:00:00,-53.4,10.1,0.0,40,202,80,983.5
2027-07-08 20:00:00,-58.0,15.7,0.0,9,32,77,997.4
2027-07-08 21:00:00,-64.6,12.6,0.0,20,156,84,985.6
2027-07-08 22:00:00,-62.3,6.4,0.0,61,66,65,977.7
2027-07-08 23:00:00,-54.8,23.1,0.0,12,37,88,980.5
2027-07-09 00:00:00,-59.3,10.2,0.0,47,356,76,991.0
2027-07-09 01:00:00,-52.2,16.8,0.0,4,32,64,962.1
2027-07-09 02:00:00,-57.0,5.1,0.0,86,318,88,965.3
2027-07-09 03:00:00,-55.5,16.6,0.0,54,100,53,966.1
2027-07-09 04:00:00,-53.0,13.5,0.0,92,152,66,981.9
2027-07-09 05:00:00,-56.4,8.9,0.0,44,122,78,959.5
2027-07-09 06:00:00,-56.3,13.9,0.0,87,348,78,999.2
2027-07-09 07:00:00,-50.4,9.6,0.0,94,136,65,984.1
2027-07-09 08:00:00,-55.5,11.0,0.0,57,72,58,969.6
2027-07-09 09:00:00,-56.4,17.7,0.0,89,311,87,966.6
2027-07-09 10:00:00,-51.1,13.4,0.0,60,84,69,992.4
2027-07-09 11:00:00,-50.1,13.1,0.0,53,180,41,987.9
2027-07-09 12:00:00,-56.5,13.6,0.0,22,299,86,977.0
2027-07-09 13:00:00,-55.2,18.9,0.0,90,168,89,984.2
2027-07-09 14:00:00,-57.3,12.3,0.0,54,161,40,986.2
2027-07-09 15:00:00,-53.7,6.0,0.0,25,282,44,984.7
2027-07-09 16:00:00,-58.0,3.2,0.0,57,349,78,976.2
2027-07-09 17:00:00,-55.5,16.0,0.0,36,9,64,969.1
2027-07-09 18:00:00,-60.8,6.0,0.0,72,118,66,956.7
2027-07-09 19:00:00,-51.3,9.3,0.0,59,42,50,993.5
2027-07-09 20:00:00,-53.9,10.1,0.0,1,231,44,987.4
2027-07-09 21:00:00,-56.8,16.1,0.0,62,150,75,982.3
2027-07-09 22:00:00,-49.1,9.9,0.0,90,151,55,981.0
2027-07-09 23:00:00,-56.5,19.6,0.0,22,318,46,987.2
2027-07-10 00:00:00,-49.9,6.5,0.0,88,300,47,957.8
2027-07-10 01:00:00,-59.2,13.5,0.0,77,283,86,974.9
2027-07-10 02:00:00,-51.0,2.0,0.0,37,141,71,988.7
2027-07-10 03:00:00,-56.0,16.8,0.0,49,209,52,970.0
2027-07-10 04:00:00,-55.6,4.7,0.0,4,283,48,982.8
2027-07-10 05:00:00,-54.5,15.0,0.0,4,77,83,974.0
2027-07-10 06:00:00,-51.0,19.2,0.0,0,168,58,975.9
2027-07-10 07:00:00,-50.3,5.8,0.0,0,155,48,978.3
2027-07-10 08:00:00,-54.0,1.3,0.0,95,152,70,984.9
2027-07-10 09:00:00,-55.5,21.2,0.0,88,168,69,954.9
2027-07-10 10:00:00,-53.6,20.5,0.0,55,157,56,989.2
2027-07-10 11:00:00,-51.1,8.2,0.0,69,99,78,978.2
2027-07-10 12:00:00,-50.5,10.3,0.0,69,37,77,973.6
2027-07-10 13:00:00,-57.5,11.5,0.0,38,215,66,973.2
2027-07-10 14:00:00,-57.5,0.0,0.0,65,188,49,985.2
2027-07-10 15:00:00,-58.2,4.3,0.0,71,46,48,983.2
2027-07-10 16:00:00,-51.0,14.9,0.0,96,124,63,967.4
2027-07-10 17:00:00,-56.6,0.0,0.0,6,10,87,964.1
2027-07-10 18:00:00,-53.3,12.3,0.0,79,229,49,979.9
2027-07-10 19:00:00,-50.0,11.4,0.0,28,238,41,970.9
2027-07-10 20:00:00,-55.5,13.0,0.0,20,243,89,1008.1
2027-07-10 21:00:00,-56.8,13.4,0.0,94,63,74,990.9
2027-07-10 22:00:00,-61.2,17.1,0.0,58,341,83,971.8
2027-07-10 23:00:00,-53.8,17.2,0.0,22,237,59,971.8
2027-07-11 00:00:00,-50.8,8.9,0.0,34,331,58,976.0
2027-07-11 01:00:00,-55.8,8.4,0.0,51,239,84,983.9
2027-07-11 02:00:00,-53.8,19.4,0.0,54,77,50,973.9
2027-07-11 03:00:00,-54.4,4.6,0.0,43,250,86,995.3
2027-07-11 04:00:00,-55.5,11.1,0.0,26,111,87,978.8
2027-07-11 05:00:00,-53.9,22.6,0.0,7,324,52,977.8
2027-07-11 06:00:00,-53.9,13.6,0.0,45,122,76,995.3
2027-07-11 07:00:00,-55.9,5.7,0.0,48,149,55,1009.7
2027-07-11 08:00:00,-56.7,14.6,0.0,67,180,47,972.8
2027-07-11 09:00:00,-46.9,12.2,0.0,83,40,52,978.5
2027-07-11 10:00:00,-61.7,17.7,0.0,15,102,53,976.3
2027-07-11 11:00:00,-57.4,12.7,0.0,22,35,78,977.7
2027-07-11 12:00:00,-54.8,16.0,0.0,45,184,62,997.0
2027-07-11 13:00:00,-48.5,12.8,0.0,10,139,65,971.4
2027-07-11 14:00:00,-56.0,7.8,0.0,54,53,87,977.4
2027-07-11 15:00:00,-47.1,10.2,0.0,75,130,64,988.2
2027-07-11 16:00:00,-58.6,15.6,0.0,42,345,68,979.0
2027-07-11 17:00:00,-51.5,0.7,0.0,45,20,40,978.6
2027-07-11 18:00:00,-54.0,7.2,0.0,91,173,78,988.8
2027-07-11 19:00:00,-52.6,13.6,0.0,24,164,74,988.7
2027-07-11 20:00:00,-55.5,15.3,0.0,25,207,83,980.7
2027-07-11 21:00:00,-57.6,17.2,0.0,99,49,87,957.3
2027-07-11 22:00:00,-51.2,14.1,0.0,60,207,87,976.8
2027-07-11 23:00:00,-55.2,15.1,0.0,38,205,67,976.4
2027-07-12 00:00:00,-52.1,15.5,0.0,39,299,66,984.4
2027-07-12 01:00:00,-58.3,6.1,0.0,80,108,47,990.9
2027-07-12 02:00:00,-59.7,7.0,0.0,9,300,63,967.8
2027-07-12 03:00:00,-56.1,16.6,0.0,48,163,47,972.6
2027-07-12 04:00:00,-55.4,15.7,0.0,99,191,81,987.0
2027-07-12 05:00:00,-58.5,12.2,0.0,72,149,50,960.3
2027-07-12 06:00:00,-57.6,10.3,0.0,35,344,49,982.4
2027-07-12 07:00:00,-52.8,9.3,0.0,39,172,86,990.7
2027-07-12 08:00:00,-56.0,10.3,0.0,69,200,64,986.9
2027-07-12 09:00:00,-53.2,2.0,0.0,89,141,81,966.9
2027-07-12 10:00:00,-58.8,21.2,0.0,71,6,52,974.7
2027-07-12 11:00:00,-55.8,14.2,0.0,61,272,50,985.2
2027-07-12 12:00:00,-54.0,3.1,0.0,29,171,79,969.8
2027-07-12 13:00:00,-52.5,17.9,0.0,24,107,62,977.0
2027-07-12 14:00:00,-52.2,3.8,0.0,87,69,45,984.9
2027-07-12 15:00:00,-55.0,6.0,0.0,39,316,57,981.7
2027-07-12 16:00:00,-53.3,11.9,0.0,66,17,43,992.8
2027-07-12 17:00:00,-51.9,4.2,0.0,14,170,66,983.7
2027-07-12 18:00:00,-55.1,19.4,0.0,68,110,88,995.4
2027-07-12 19:00:00,-59.0,9.2,0.0,35,301,88,972.9
2027-07-12 20:00:00,-55.3,14.7,0.0,31,278,81,985.6
2027-07-12 21:00:00,-56.0,14.9,0.0,75,0,65,983.4
2027-07-12 22:00:00,-52.8,6.4,0.0,34,90,62,965.3
2027-07-12 23:00:00,-55.6,6.0,0.0,92,42,45,983.7
2027-07-13 00:00:00,-51.1,17.6,0.0,71,329,52,986.4
2027-07-13 01:00:00,-46.8,7.1,0.0,82,100,44,988.9
2027-07-13 02:00:00,-61.8,12.7,0.0,3,221,41,982.5
2027-07-13 03:00:00,-60.4,8.9,0.0,20,112,49,974.9
2027-07-13 04:00:00,-45.6,20.4,0.0,3,91,61,985.8
2027-07-13 05:00:00,-56.7,13.5,0.0,81,143,56,967.7
2027-07-13 06:00:00,-55.3,16.5,0.0,55,285,67,991.3
2027-07-13 07:00:00,-58.2,15.2,0.0,21,175,70,993.7
2027-07-13 08:00:00,-55.6,21.9,0.0,65,112,42,974.3
2027-07-13 09:00:00,-58.4,22.1,0.0,22,177,41,975.7
2027-07-13 10:00:00,-61.2,22.4,0.0,10,91,44,980.6
2027-07-13 11:00:00,-56.2,17.7,0.0,16,211,42,967.7
2027-07-13 12:00:00,-57.8,8.8,0.0,20,297,80,1005.0
2027-07-13 13:00:00,-55.7,7.8,0.0,20,355,78,977.8
2027-07-13 14:00:00,-58.4,8.5,0.0,62,130,57,994.8
2027-07-13 15:00:00,-53.2,13.9,0.0,14,282,85,978.6
2027-07-13 16:00:00,-52.8,15.9,0.0,70,196,46,983.4
2027-07-13 17:00:00,-54.7,12.6,0.0,9,283,71,983.2
2027-07-13 18:00:00,-53.4,10.8,0.0,33,148,57,984.7
2027-07-13 19:00:00,-59.8,8.8,0.0,42,331,83,967.9
2027-07-13 20:00:00,-52.8,14.3,0.0,58,175,63,985.3
2027-07-13 21:00:00,-49.4,13.9,0.0,47,348,61,980.8
2027-07-13 22:00:00,-56.9,8.4,0.0,88,236,80,978.7
2027-07-13 23:00:00,-54.7,20.5,0.0,55,357,71,962.0
2027-07-14 00:00:00,-53.5,15.2,0.0,38,291,65,979.9
2027-07-14 01:00:00,-56.3,12.0,0.0,5,42,57,989.5
2027-07-14 02:00:00,-56.5,7.9,0.0,54,345,84,976.4
2027-07-14 03:00:00,-59.9,19.9,0.0,91,280,83,992.0
2027-07-14 04:00:00,-58.3,8.6,0.0,85,248,84,970.9
2027-07-14 05:00:00,-52.9,11.6,0.0,20,263,74,976.9
2027-07-14 06:00:00,-53.4,13.3,0.0,27,348,84,973.7
2027-07-14 07:00:00,-57.5,15.0,0.0,29,12,52,980.6
2027-07-14 08:00:00,-55.7,8.9,0.0,69,183,73,963.5
2027-07-14 09:00:00,-53.7,13.7,0.0,78,251,43,971.7
2027-07-14 10:00:00,-54.5,8.8,0.0,63,224,60,986.9
2027-07-14 11:00:00,-56.9,14.2,0.0,49,340,77,979.8
2027-07-14 12:00:00,-55.2,3.0,0.0,98,212,81,975.4
2027-07-14 13:00:00,-56.6,15.1,0.0,31,71,65,992.8
2027-07-14 14:00:00,-56.2,6.6,0.0,11,255,54,974.9
2027-07-14 15:00:00,-50.4,6.8,0.0,36,31,43,988.3
2027-07-14 16:00:00,-55.7,8.9,0.0,49,306,40,973.5
2027-07-14 17:00:00,-56.7,0.0,0.0,59,129,88,971.5
2027-07-14 18:00:00,-55.1,32.4,0.0,17,329,88,985.7
2027-07-14 19:00:00,-52.9,9.0,0.0,12,53,64,983.6
2027-07-14 20:00:00,-54.9,15.2,0.0,0,236,69,982.0
2027-07-14 21:00:00,-59.6,16.5,0.0,26,330,76,996.6
2027-07-14 22:00:00,-55.9,15.7,0.0,11,103,47,984.3
2027-07-14 23:00:00,-53.8,10.1,0.0,54,271,69,985.8
2027-07-15 00:00:00,-54.0,8.2,0.0,48,181,45,964.2
2027-07-15 01:00:00,-52.5,8.2,0.0,88,359,86,990.7
2027-07-15 02:00:00,-56.0,12.4,0.0,61,355,42,983.7
2027-07-15 03:00:00,-53.9,14.9,0.0,7,75,40,985.7
2027-07-15 04:00:00,-45.7,14.3,0.0,13,202,53,992.4
2027-07-15 05:00:00,-62.7,16.1,0.0,32,118,88,967.1
2027-07-15 06:00:00,-49.6,14.1,0.0,88,231,88,986.7
2027-07-15 07:00:00,-52.7,5.0,0.0,20,84,48,1000.3
2027-07-15 08:00:00,-57.7,7.0,0.0,22,333,61,979.9
2027-07-15 09:00:00,-52.9,12.4,0.0,34,127,45,973.1
2027-07-15 10:00:00,-55.3,21.2,0.0,40,191,81,965.6
2027-07-15 11:00:00,-53.5,7.3,0.0,57,350,53,980.8
2027-07-15 12:00:00,-47.9,11.8,0.0,28,179,68,983.2
2027-07-15 13:00:00,-53.5,24.9,0.0,51,244,54,991.5
2027-07-15 14:00:00,-60.3,12.4,0.0,60,242,72,997.4
2027-07-15 15:00:00,-57.0,7.4,0.0,3,14,44,973.0
2027-07-15 16:00:00,-53.8,6.8,0.0,1,139,51,988.2
2027-07-15 17:00:00,-53.1,16.4,0.0,28,167,75,973.6
2027-07-15 18:00:00,-48.0,13.6,0.0,24,27,71,978.6
2027-07-15 19:00:00,-55.6,15.4,0.0,18,108,43,984.9
2027-07-15 20:00:00,-50.7,15.8,0.0,65,211,80,957.7
2027-07-15 21:00:00,-56.3,14.3,0.0,22,115,85,982.0
2027-07-15 22:00:00,-55.3,11.0,0.0,35,283,56,979.7
2027-07-15 23:00:00,-50.5,9.1,0.0,33,237,76,989.9
2027-07-16 00:00:00,-58.1,15.8,0.0,77,59,52,979.3
2027-07-16 01:00:00,-49.9,12.1,0.0,59,21,45,966.5
2027-07-16 02:00:00,-46.7,10.1,0.0,69,231,63,999.6
2027-07-16 03:00:00,-54.1,14.3,0.0,43,295,51,982.1
2027-07-16 04:00:00,-60.7,16.9,0.0,79,34,48,989.6
2027-07-16 05:00:00,-54.6,19.5,0.0,76,278,81,981.6
2027-07-16 06:00:00,-57.0,15.4,0.0,53,297,83,981.9
2027-07-16 07:00:00,-55.4,10.7,0.0,0,257,59,969.6
2027-07-16 08:00:00,-50.9,4.6,0.0,52,53,76,969.5
2027-07-16 09:00:00,-54.5,9.3,0.0,79,23,63,953.6
2027-07-16 10:00:00,-54.7,10.0,0.0,50,328,50,989.5
2027-07-16 11:00:00,-53.8,6.9,0.0,48,156,68,968.4
2027-07-16 12:00:00,-50.0,8.4,0.0,23,41,62,990.8
2027-07-16 13:00:00,-61.9,11.7,0.0,44,22,51,980.9
2027-07-16 14:00:00,-53.1,11.2,0.0,97,317,42,978.3
2027-07-16 15:00:00,-55.4,8.7,0.0,66,136,86,995.1
2027-07-16 16:00:00,-53.8,12.7,0.0,43,337,58,993.9
2027-07-16 17:00:00,-54.4,13.3,0.0,43,148,76,986.3
2027-07-16 18:00:00,-52.6,17.6,0.0,29,191,68,956.1
2027-07-16 19:00:00,-53.1,12.1,0.0,17,92,55,973.4
2027-07-16 20:00:00,-56.6,13.8,0.0,60,210,74,973.6
2027-07-16 21:00:00,-53.5,14.2,0.0,69,143,71,972.7
2027-07-16 22:00:00,-53.0,11.2,0.0,93,184,74,993.0
2027-07-16 23:00:00,-52.5,11.4,0.0,79,176,81,981.1
2027-07-17 00:00:00,-56.9,14.5,0.0,57,352,59,996.3
2027-07-17 01:00:00,-57.3,16.6,0.0,51,85,64,1001.0
2027-07-17 02:00:00,-55.2,13.0,0.0,85,59,61,994.6
2027-07-17 03:00:00,-51.1,11.3,0.0,49,114,79,991.3
2027-07-17 04:00:00,-56.5,6.9,0.0,71,326,47,984.1
2027-07-17 05:00:00,-54.6,16.7,0.0,73,94,46,989.6
2027-07-17 06:00:00,-57.3,8.6,0.0,7,45,64,990.2
2027-07-17 07:00:00,-54.3,9.5,0.0,72,234,52,984.9
2027-07-17 08:00:00,-56.9,7.6,0.0,60,167,86,979.7
2027-07-17 09:00:00,-52.1,11.4,0.0,62,89,84,981.3
2027-07-17 10:00:00,-49.6,9.8,0.0,84,28,63,969.6
2027-07-17 11:00:00,-56.2,13.6,0.0,67,63,84,975.1
2027-07-17 12:00:00,-53.3,8.1,0.0,26,235,61,973.2
2027-07-17 13:00:00,-53.0,13.6,0.0,35,80,67,999.4
2027-07-17 14:00:00,-59.1,12.9,0.0,4,146,42,974.8
2027-07-17 15:00:00,-59.5,8.5,0.0,0,55,64,976.9
2027-07-17 16:00:00,-54.7,17.0,0.0,68,274,68,969.0
2027-07-17 17:00:00,-53.4,16.5,0.0,97,334,59,981.7
2027-07-17 18:00:00,-60.7,5.0,0.0,53,146,74,972.3
2027-07-17 19:00:00,-51.9,11.9,0.0,20,56,46,969.6
2027-07-17 20:00:00,-57.5,16.8,0.0,98,281,81,987.0
2027-07-17 21:00:00,-55.1,14.9,0.0,11,347,64,978.7
2027-07-17 22:00:00,-56.0,10.2,0.0,30,99,55,960.0
2027-07-17 23:00:00,-56.4,14.3,0.0,61,328,54,972.0
2027-07-18 00:00:00,-51.7,12.4,0.0,40,123,44,991.0
2027-07-18 01:00:00,-53.4,6.3,0.0,1,70,79,987.7
2027-07-18 02:00:00,-56.4,15.5,0.0,78,157,46,991.1
2027-07-18 03:00:00,-51.6,3.4,0.0,47,244,57,992.6
2027-07-18 04:00:00,-53.3,17.2,0.0,42,92,71,979.5
2027-07-18 05:00:00,-58.6,17.7,0.0,69,318,87,978.0
2027-07-18 06:00:00,-52.3,6.4,0.0,6,355,54,989.0
2027-07-18 07:00:00,-55.0,15.9,0.0,31,106,77,967.8
2027-07-18 08:00:00,-51.0,17.5,0.0,38,292,84,988.7
2027-07-18 09:00:00,-58.2,5.2,0.0,81,282,58,975.5
2027-07-18 10:00:00,-56.2,11.2,0.0,69,125,47,970.7
2027-07-18 11:00:00,-56.5,9.6,0.0,16,152,77,974.4
2027-07-18 12:00:00,-57.4,13.9,0.0,37,157,61,971.5
2027-07-18 13:00:00,-56.9,15.2,0.0,21,342,58,990.8
2027-07-18 14:00:00,-51.7,19.3,0.0,27,326,74,966.2
2027-07-18 15:00:00,-58.6,12.6,0.0,28,232,80,985.1
2027-07-18 16:00:00,-54.9,21.8,0.0,29,30,80,975.8
2027-07-18 17:00:00,-53.6,8.1,0.0,42,218,73,979.3
2027-07-18 18:00:00,-55.5,12.6,0.0,44,57,67,975.8
2027-07-18 19:00:00,-55.4,11.5,0.0,90,324,76,987.6
2027-07-18 20:00:00,-51.9,7.9,0.0,83,284,58,970.8
2027-07-18 21:00:00,-53.2,13.6,0.0,64,276,47,980.4
2027-07-18 22:00:00,-53.8,12.1,0.0,65,172,73,969.2
2027-07-18 23:00:00,-59.6,13.1,0.0,28,61,67,972.6
2027-07-19 00:00:00,-57.4,16.1,0.0,40,314,50,990.1
2027-07-19 01:00:00,-56.8,9.3,0.0,5,182,80,972.9
2027-07-19 02:00:00,-61.9,14.4,0.0,79,70,76,993.2
2027-07-19 03:00:00,-53.3,9.5,0.0,32,352,72,970.0
2027-07-19 04:00:00,-53.0,14.3,0.0,58,260,76,997.8
2027-07-19 05:00:00,-53.8,5.8,0.0,18,137,75,980.3
2027-07-19 06:00:00,-59.0,15.2,0.0,68,341,73,975.3
2027-07-19 07:00:00,-54.4,2.8,0.0,77,261,62,1001.2
2027-07-19 08:00:00,-54.8,10.8,0.0,67,250,60,997.9
2027-07-19 09:00:00,-58.6,17.4,0.0,12,202,44,981.4
2027-07-19 10:00:00,-54.4,9.1,0.0,100,337,75,967.2
2027-07-19 11:00:00,-55.7,15.8,0.0,98,171,51,964.8
2027-07-19 12:00:00,-52.2,11.7,0.0,95,2,64,962.6
2027-07-19 13:00:00,-50.6,10.5,0.0,92,300,56,976.6
2027-07-19 14:00:00,-48.7,8.8,0.0,50,310,46,964.2
2027-07-19 15:00:00,-50.3,14.6,0.0,4,286,68,988.9
2027-07-19 16:00:00,-49.0,24.0,0.0,40,299,80,993.4
2027-07-19 17:00:00,-51.0,13.8,0.0,27,97,86,971.9
2027-07-19 18:00:00,-52.3,18.0,0.0,77,267,43,987.5
2027-07-19 19:00:00,-59.7,11.1,0.0,13,169,88,988.1
2027-07-19 20:00:00,-54.2,15.9,0.0,9,81,63,975.4
2027-07-19 21:00:00,-53.5,16.1,0.0,27,57,87,992.2
2027-07-19 22:00:00,-52.0,10.7,0.0,61,264,48,989.4
2027-07-19 23:00:00,-56.4,21.9,0.0,100,261,54,983.3
2027-07-20 00:00:00,-51.1,11.7,0.0,74,39,49,968.7
2027-07-20 01:00:00,-57.0,18.1,0.0,54,18,75,987.5
2027-07-20 02:00:00,-56.9,11.6,0.0,76,262,40,972.6
2027-07-20 03:00:00,-59.4,5.4,0.0,30,78,53,976.6
2027-07-20 04:00:00,-58.6,19.2,0.0,49,252,48,969.6
2027-07-20 05:00:00,-54.1,5.7,0.0,63,176,44,996.8
2027-07-20 06:00:00,-54.4,10.8,0.0,40,350,57,987.2
2027-07-20 07:00:00,-53.8,6.3,0.0,0,192,71,979.8
2027-07-20 08:00:00,-52.1,19.7,0.0,60,52,50,1015.0
2027-07-20 09:00:00,-57.9,16.1,0.0,36,295,45,983.9
2027-07-20 10:00:00,-51.3,13.7,0.0,28,65,45,975.1
2027-07-20 11:00:00,-48.7,14.1,0.0,39,201,78,974.9
2027-07-20 12:00:00,-53.5,6.9,0.0,8,113,87,972.5
2027-07-20 13:00:00,-58.1,15.0,0.0,54,128,46,986.0
2027-07-20 14:00:00,-54.3,4.9,0.0,37,324,89,990.9
2027-07-20 15:00:00,-58.0,9.5,0.0,25,92,74,981.5
2027-07-20 16:00:00,-56.5,17.3,0.0,60,309,89,960.7
2027-07-20 17:00:00,-54.0,15.4,0.0,46,283,63,991.3
2027-07-20 18:00:00,-57.9,9.7,0.0,77,35,57,962.6
2027-07-20 19:00:00,-52.7,11.4,0.0,28,354,87,996.8
2027-07-20 20:00:00,-53.0,11.2,0.0,31,220,53,988.6
2027-07-20 21:00:00,-55.2,7.4,0.0,62,318,57,987.0
2027-07-20 22:00:00,-51.4,19.3,0.0,24,89,55,1002.2
2027-07-20 23:00:00,-53.8,13.3,0.0,64,246,41,977.2
2027-07-21 00:00:00,-51.7,9.2,0.0,23,218,41,963.3
2027-07-21 01:00:00,-58.4,7.3,0.0,65,40,55,973.5
2027-07-21 02:00:00,-52.7,9.0,0.0,31,185,49,946.8
2027-07-21 03:00:00,-59.1,13.1,0.0,80,50,79,965.7
2027-07-21 04:00:00,-54.3,3.9,0.0,51,124,65,961.5
2027-07-21 05:00:00,-55.8,14.3,0.0,81,52,78,971.3
2027-07-21 06:00:00,-54.2,16.4,0.0,14,352,47,976.2
2027-07-21 07:00:00,-56.3,8.8,0.0,27,290,52,985.2
2027-07-21 08:00:00,-52.3,17.4,0.0,1,221,66,966.4
2027-07-21 09:00:00,-59.5,18.8,0.0,27,144,55,983.0
2027-07-21 10:00:00,-51.9,14.2,0.0,98,227,80,976.7
2027-07-21 11:00:00,-60.2,15.3,0.0,16,73,84,1005.2
2027-07-21 12:00:00,-57.7,13.5,0.0,82,83,86,975.2
2027-07-21 13:00:00,-52.9,16.9,0.0,61,186,41,995.0
2027-07-21 14:00:00,-54.9,9.3,0.0,24,51,64,965.2
2027-07-21 15:00:00,-52.2,9.4,0.0,78,71,47,962.0
2027-07-21 16:00:00,-47.8,16.5,0.0,31,95,44,975.1
2027-07-21 17:00:00,-54.4,7.2,0.0,75,12,89,982.4
2027-07-21 18:00:00,-53.0,16.4,0.0,51,139,76,971.6
2027-07-21 19:00:00,-57.1,13.6,0.0,27,63,58,986.5
2027-07-21 20:00:00,-56.8,20.4,0.0,63,189,77,977.3
2027-07-21 21:00:00,-52.0,13.6,0.0,97,127,87,974.7
2027-07-21 22:00:00,-54.3,21.1,0.0,73,16,65,995.8
2027-07-21 23:00:00,-56.8,4.4,0.0,55,224,53,961.8
2027-07-22 00:00:00,-56.4,15.0,0.0,55,302,84,989.8
2027-07-22 01:00:00,-60.0,10.1,0.0,15,349,68,993.7
2027-07-22 02:00:00,-57.9,13.2,0.0,77,299,78,975.1
2027-07-22 03:00:00,-52.2,7.3,0.0,87,227,44,980.9
2027-07-22 04:00:00,-56.8,13.4,0.0,6,356,86,960.9
2027-07-22 05:00:00,-58.6,0.0,0.0,63,254,70,984.2
2027-07-22 06:00:00,-56.1,6.1,0.0,98,327,86,980.0
2027-07-22 07:00:00,-53.1,11.7,0.0,86,192,89,982.0
2027-07-22 08:00:00,-60.7,19.2,0.0,30,344,47,959.4
2027-07-22 09:00:00,-47.3,20.3,0.0,37,165,50,991.7
2027-07-22 10:00:00,-57.8,12.3,0.0,76,304,81,965.7
2027-07-22 11:00:00,-57.8,11.0,0.0,49,148,75,987.2
2027-07-22 12:00:00,-62.5,14.4,0.0,65,36,61,977.4
2027-07-22 13:00:00,-61.0,4.2,0.0,17,270,52,993.7
2027-07-22 14:00:00,-53.6,10.2,0.0,33,358,66,979.2
2027-07-22 15:00:00,-59.4,13.7,0.0,45,280,43,997.3
2027-07-22 16:00:00,-58.2,16.7,0.0,94,275,46,981.0
2027-07-22 17:00:00,-55.6,22.1,0.0,95,320,65,981.4
2027-07-22 18:00:00,-53.3,6.3,0.0,16,218,88,964.4
2027-07-22 19:00:00,-55.7,11.6,0.0,38,11,47,998.6
2027-07-22 20:00:00,-58.3,4.4,0.0,83,250,89,974.8
2027-07-22 21:00:00,-51.1,15.4,0.0,90,39,75,990.6
2027-07-22 22:00:00,-56.9,8.0,0.0,24,18,72,967.2
2027-07-22 23:00:00,-57.4,5.8,0.0,98,289,51,986.2
2027-07-23 00:00:00,-49.1,18.3,0.0,75,169,44,994.3
2027-07-23 01:00:00,-55.7,7.2,0.0,74,223,62,962.3
2027-07-23 02:00:00,-54.4,20.0,0.0,2,236,77,991.7
2027-07-23 03:00:00,-53.9,11.6,0.0,95,305,83,987.9
2027-07-23 04:00:00,-49.5,21.2,0.0,92,282,48,987.9
2027-07-23 05:00:00,-56.0,10.9,0.0,64,333,62,987.2
2027-07-23 06:00:00,-49.8,18.2,0.0,63,235,89,985.2
2027-07-23 07:00:00,-53.6,12.9,0.0,5,50,87,973.6
2027-07-23 08:00:00,-50.5,5.1,0.0,86,345,61,976.2
2027-07-23 09:00:00,-57.3,19.8,0.0,22,25,49,989.7
2027-07-23 10:00:00,-56.9,15.3,0.0,43,281,58,994.3
2027-07-23 11:00:00,-61.0,15.3,0.0,21,78,43,978.7
2027-07-23 12:00:00,-56.1,11.0,0.0,32,218,86,966.2
2027-07-23 13:00:00,-55.3,9.0,0.0,2,258,70,981.9
2027-07-23 14:00:00,-49.3,15.4,0.0,29,27,71,975.1
2027-07-23 15:00:00,-58.0,13.4,0.0,28,128,87,979.8
2027-07-23 16:00:00,-56.2,10.4,0.0,33,292,49,969.4
2027-07-23 17:00:00,-57.4,14.9,0.0,63,347,54,969.8
2027-07-23 18:00:00,-56.0,12.4,0.0,43,277,63,965.3
2027-07-23 19:00:00,-54.5,14.9,0.0,33,51,56,965.2
2027-07-23 20:00:00,-52.4,15.4,0.0,22,323,49,974.0
2027-07-23 21:00:00,-57.0,22.7,0.0,40,111,48,991.5
2027-07-23 22:00:00,-50.6,11.8,0.0,16,64,55,987.2
2027-07-23 23:00:00,-54.8,15.1,0.0,24,261,89,990.1
2027-07-24 00:00:00,-56.9,10.4,0.0,1,84,71,993.2
2027-07-24 01:00:00,-58.8,8.2,0.0,68,322,60,990.6
2027-07-24 02:00:00,-57.9,8.5,0.0,24,94,61,981.4
2027-07-24 03:00:00,-56.4,21.1,0.0,51,251,54,978.5
2027-07-24 04:00:00,-48.4,19.6,0.0,16,146,84,987.3
2027-07-24 05:00:00,-51.0,13.8,0.0,12,343,75,972.6
2027-07-24 06:00:00,-57.1,19.1,0.0,85,50,87,976.5
2027-07-24 07:00:00,-52.6,15.5,0.0,72,354,76,995.1
2027-07-24 08:00:00,-58.3,13.0,0.0,71,198,64,975.9
2027-07-24 09:00:00,-53.9,13.8,0.0,94,37,61,985.6
2027-07-24 10:00:00,-57.4,19.6,0.0,12,293,46,990.0
2027-07-24 11:00:00,-55.4,12.5,0.0,48,358,79,984.0
2027-07-24 12:00:00,-54.5,14.0,0.0,12,30,83,988.2
2027-07-24 13:00:00,-52.0,10.0,0.0,32,171,41,984.5
2027-07-24 14:00:00,-56.8,11.8,0.0,35,204,55,963.8
2027-07-24 15:00:00,-54.9,7.0,0.0,69,267,73,977.5
2027-07-24 16:00:00,-58.3,9.0,0.0,11,238,63,973.8
2027-07-24 17:00:00,-55.9,8.5,0.0,80,116,58,992.1
2027-07-24 18:00:00,-55.0,9.4,0.0,67,172,63,985.5
2027-07-24 19:00:00,-53.9,10.7,0.0,92,215,70,978.3
2027-07-24 20:00:00,-54.5,20.6,0.0,27,350,64,976.8
2027-07-24 21:00:00,-59.2,13.0,0.0,100,49,72,977.4
2027-07-24 22:00:00,-51.2,13.6,0.0,43,339,64,968.7
2027-07-24 23:00:00,-57.0,15.6,0.0,63,288,86,979.9
2027-07-25 00:00:00,-59.8,5.7,0.0,81,22,83,978.7
2027-07-25 01:00:00,-53.4,12.3,0.0,67,340,50,986.5
2027-07-25 02:00:00,-48.4,11.5,0.0,18,5,62,978.0
2027-07-25 03:00:00,-53.5,6.6,0.0,66,290,42,953.8
2027-07-25 04:00:00,-57.0,7.6,0.0,0,75,49,978.4
2027-07-25 05:00:00,-50.8,13.6,0.0,98,82,71,980.8
2027-07-25 06:00:00,-56.1,11.3,0.0,61,199,86,965.1
2027-07-25 07:00:00,-58.7,9.4,0.0,48,229,45,977.8
2027-07-25 08:00:00,-51.1,8.3,0.0,95,107,53,969.6
2027-07-25 09:00:00,-58.4,17.6,0.0,50,319,42,977.3
2027-07-25 10:00:00,-53.8,10.6,0.0,32,311,47,979.2
2027-07-25 11:00:00,-57.6,6.3,0.0,21,57,81,974.7
2027-07-25 12:00:00,-53.0,9.1,0.0,24,298,54,995.2
2027-07-25 13:00:00,-55.0,9.9,0.0,16,311,48,974.2
2027-07-25 14:00:00,-55.8,4.0,0.0,48,214,83,976.9
2027-07-25 15:00:00,-58.5,11.4,0.0,92,221,79,984.4
2027-07-25 16:00:00,-53.7,10.1,0.0,96,143,72,983.4
2027-07-25 17:00:00,-56.4,9.2,0.0,83,224,41,991.8
2027-07-25 18:00:00,-56.0,9.8,0.0,46,321,61,987.5
2027-07-25 19:00:00,-52.8,7.1,0.0,33,86,87,990.7
2027-07-25 20:00:00,-54.5,2.4,0.0,34,169,43,985.1
2027-07-25 21:00:00,-49.2,8.7,0.0,67,255,77,984.6
2027-07-25 22:00:00,-56.6,17.7,0.0,74,85,80,972.2
2027-07-25 23:00:00,-56.2,6.1,0.0,31,111,82,984.7
2027-07-26 00:00:00,-56.8,9.3,0.0,3,116,58,988.5
2027-07-26 01:00:00,-59.2,12.8,0.0,23,244,69,984.7
2027-07-26 02:00:00,-50.6,16.0,0.0,2,77,86,980.3
2027-07-26 03:00:00,-56.1,14.0,0.0,72,134,66,993.8
2027-07-26 04:00:00,-57.6,11.0,0.0,1,329,52,996.7
2027-07-26 05:00:00,-52.3,16.3,0.0,40,331,82,973.2
2027-07-26 06:00:00,-58.1,15.0,0.0,69,114,71,984.6
2027-07-26 07:00:00,-56.4,11.2,0.0,64,222,71,1002.6
2027-07-26 08:00:00,-52.8,6.5,0.0,31,331,66,985.1
2027-07-26 09:00:00,-52.0,17.9,0.0,14,166,85,978.8
2027-07-26 10:00:00,-59.7,0.0,0.0,76,15,77,981.7
2027-07-26 11:00:00,-50.7,22.1,0.0,24,91,85,995.7
2027-07-26 12:00:00,-58.3,18.3,0.0,68,10,77,976.5
2027-07-26 13:00:00,-56.6,14.4,0.0,65,162,55,982.8
2027-07-26 14:00:00,-53.0,16.9,0.0,16,260,55,962.6
2027-07-26 15:00:00,-48.1,2.8,0.0,61,71,60,966.6
2027-07-26 16:00:00,-54.6,19.6,0.0,86,295,49,969.1
2027-07-26 17:00:00,-54.3,15.8,0.0,13,285,66,995.2
2027-07-26 18:00:00,-56.3,14.4,0.0,17,109,77,983.1
2027-07-26 19:00:00,-54.7,8.0,0.0,75,250,82,978.4
2027-07-26 20:00:00,-52.6,12.1,0.0,20,300,54,967.1
2027-07-26 21:00:00,-53.0,8.6,0.0,1,290,41,961.7
2027-07-26 22:00:00,-49.6,11.2,0.0,13,58,60,985.1
2027-07-26 23:00:00,-50.1,4.5,0.0,75,307,86,990.7
2027-07-27 00:00:00,-51.8,11.0,0.0,13,235,40,987.5
2027-07-27 01:00:00,-52.0,1.1,0.0,69,138,72,962.0
2027-07-27 02:00:00,-51.6,14.0,0.0,96,232,66,965.3
2027-07-27 03:00:00,-57.6,12.9,0.0,6,253,64,983.8
2027-07-27 04:00:00,-56.2,2.4,0.0,54,208,48,961.3
2027-07-27 05:00:00,-55.2,15.3,0.0,84,293,54,982.4
2027-07-27 06:00:00,-54.4,5.0,0.0,64,341,88,973.0
2027-07-27 07:00:00,-54.3,18.2,0.0,8,318,64,975.3
2027-07-27 08:00:00,-57.4,8.5,0.0,87,133,68,987.8
2027-07-27 09:00:00,-50.4,8.3,0.0,66,46,59,961.3
2027-07-27 10:00:00,-56.2,9.6,0.0,5,1,62,997.2
2027-07-27 11:00:00,-57.0,10.0,0.0,41,175,87,960.3
2027-07-27 12:00:00,-54.5,15.6,0.0,70,257,87,986.0
2027-07-27 13:00:00,-54.0,11.2,0.0,45,265,78,978.4
2027-07-27 14:00:00,-51.3,13.2,0.0,35,16,49,984.9
2027-07-27 15:00:00,-56.1,13.1,0.0,44,153,52,989.2
2027-07-27 16:00:00,-57.6,18.4,0.0,91,336,80,981.4
2027-07-27 17:00:00,-55.8,5.9,0.0,47,126,51,971.5
2027-07-27 18:00:00,-52.4,13.8,0.0,11,218,55,1002.1
2027-07-27 19:00:00,-56.3,16.1,0.0,50,111,58,966.2
2027-07-27 20:00:00,-58.6,15.9,0.0,59,175,77,997.3
2027-07-27 21:00:00,-53.2,19.7,0.0,55,135,40,983.8
2027-07-27 22:00:00,-52.9,4.6,0.0,5,217,53,988.3
2027-07-27 23:00:00,-57.5,15.6,0.0,26,120,84,953.1
2027-07-28 00:00:00,-54.3,6.7,0.0,80,194,61,993.0
2027-07-28 01:00:00,-54.3,13.8,0.0,58,9,57,994.8
2027-07-28 02:00:00,-56.3,12.9,0.0,36,282,47,971.5
2027-07-28 03:00:00,-52.3,18.2,0.0,92,166,79,994.7
2027-07-28 04:00:00,-46.3,16.0,0.0,28,146,41,988.3
2027-07-28 05:00:00,-51.6,15.2,0.0,54,285,84,994.4
2027-07-28 06:00:00,-58.9,15.6,0.0,60,56,74,1001.3
2027-07-28 07:00:00,-53.7,7.1,0.0,38,136,53,965.0
2027-07-28 08:00:00,-59.5,17.5,0.0,56,261,64,971.1
2027-07-28 09:00:00,-51.8,18.4,0.0,1,220,67,965.7
2027-07-28 10:00:00,-52.3,14.5,0.0,36,306,66,987.2
2027-07-28 11:00:00,-57.8,8.6,0.0,10,190,89,990.6
2027-07-28 12:00:00,-56.1,13.0,0.0,7,250,41,987.7
2027-07-28 13:00:00,-51.4,15.0,0.0,64,350,63,988.9
2027-07-28 14:00:00,-54.6,14.5,0.0,27,124,74,992.8
2027-07-28 15:00:00,-54.0,14.7,0.0,40,231,79,990.8
2027-07-28 16:00:00,-48.3,17.9,0.0,90,26,59,984.8
2027-07-28 17:00:00,-61.2,8.1,0.0,48,61,59,968.2
2027-07-28 18:00:00,-54.6,18.0,0.0,75,349,79,990.8
2027-07-28 19:00:00,-51.6,11.8,0.0,9,184,44,989.7
2027-07-28 20:00:00,-53.1,13.7,0.0,81,119,71,990.4
2027-07-28 21:00:00,-60.3,7.0,0.0,66,183,89,969.3
2027-07-28 22:00:00,-50.9,11.4,0.0,64,138,42,999.5
2027-07-28 23:00:00,-59.1,11.0,0.0,28,162,46,982.9
2027-07-29 00:00:00,-57.5,11.7,0.0,36,338,47,977.9
2027-07-29 01:00:00,-54.5,17.7,0.0,60,144,74,1003.6
2027-07-29 02:00:00,-54.0,15.0,0.0,33,196,74,996.2
2027-07-29 03:00:00,-51.6,14.4,0.0,49,128,60,978.6
2027-07-29 04:00:00,-51.9,12.4,0.0,99,351,62,963.1
2027-07-29 05:00:00,-53.5,14.1,0.0,67,291,61,979.6
2027-07-29 06:00:00,-57.3,8.2,0.0,99,345,63,981.5
2027-07-29 07:00:00,-54.4,11.8,0.0,82,99,68,993.3
2027-07-29 08:00:00,-51.3,6.5,0.0,23,139,59,960.4
2027-07-29 09:00:00,-53.6,11.1,0.0,37,28,49,982.9
2027-07-29 10:00:00,-47.5,17.2,0.0,98,155,59,965.7
2027-07-29 11:00:00,-49.2,5.6,0.0,82,150,76,955.3
2027-07-29 12:00:00,-47.4,8.1,0.0,10,298,68,971.6
2027-07-29 13:00:00,-56.5,14.7,0.0,94,311,66,977.7
2027-07-29 14:00:00,-59.9,14.4,0.0,62,149,64,971.8
2027-07-29 15:00:00,-52.2,17.9,0.0,47,271,81,989.5
2027-07-29 16:00:00,-53.5,14.2,0.0,86,222,76,1020.8
2027-07-29 17:00:00,-62.0,22.0,0.0,33,3,55,968.6
2027-07-29 18:00:00,-50.9,5.7,0.0,34,176,58,999.9
2027-07-29 19:00:00,-55.5,4.0,0.0,98,276,87,978.3
2027-07-29 20:00:00,-58.0,18.5,0.0,34,144,53,968.1
2027-07-29 21:00:00,-57.6,11.5,0.0,81,131,42,968.2
2027-07-29 22:00:00,-48.7,7.3,0.0,69,302,83,976.9
2027-07-29 23:00:00,-56.2,11.3,0.0,31,94,67,973.5
2027-07-30 00:00:00,-59.3,9.8,0.0,15,316,40,963.9
2027-07-30 01:00:00,-52.2,2.6,0.0,12,123,84,983.2
2027-07-30 02:00:00,-57.5,20.0,0.0,14,326,66,969.5
2027-07-30 03:00:00,-52.1,14.3,0.0,85,82,72,957.9
2027-07-30 04:00:00,-52.7,13.5,0.0,2,72,89,988.2
2027-07-30 05:00:00,-60.0,15.5,0.0,82,80,40,992.6
2027-07-30 06:00:00,-53.9,6.6,0.0,68,45,59,986.2
2027-07-30 07:00:00,-52.7,9.1,0.0,14,76,87,970.1
2027-07-30 08:00:00,-58.4,15.0,0.0,77,249,48,976.1
2027-07-30 09:00:00,-54.1,4.6,0.0,81,60,44,981.2
2027-07-30 10:00:00,-52.4,16.4,0.0,89,252,68,979.9
2027-07-30 11:00:00,-50.7,14.6,0.0,16,66,78,995.3
2027-07-30 12:00:00,-54.4,15.3,0.0,19,22,70,985.8
2027-07-30 13:00:00,-57.4,13.8,0.0,27,318,73,989.1
2027-07-30 14:00:00,-52.9,13.5,0.0,60,211,55,966.0
2027-07-30 15:00:00,-56.1,6.5,0.0,54,52,43,986.9
2027-07-30 16:00:00,-57.0,9.3,0.0,99,135,52,974.4
2027-07-30 17:00:00,-54.7,19.4,0.0,77,90,47,970.9
2027-07-30 18:00:00,-52.9,12.8,0.0,98,31,71,981.5
2027-07-30 19:00:00,-53.3,11.2,0.0,82,59,69,968.2
2027-07-30 20:00:00,-47.4,8.2,0.0,41,224,77,991.2
2027-07-30 21:00:00,-49.0,13.8,0.0,92,253,87,973.5
2027-07-30 22:00:00,-49.1,11.4,0.0,48,70,87,975.3
2027-07-30 23:00:00,-52.9,0.0,0.0,40,120,78,991.3
2027-07-31 00:00:00,-49.4,6.5,0.0,47,278,44,963.3
2027-07-31 01:00:00,-57.3,14.9,0.0,71,144,78,961.8
2027-07-31 02:00:00,-55.7,12.1,0.0,95,187,66,985.8
2027-07-31 03:00:00,-52.8,8.7,0.0,79,349,81,962.6
2027-07-31 04:00:00,-53.9,8.4,0.0,57,219,50,984.3
2027-07-31 05:00:00,-50.9,16.1,0.0,93,312,43,978.6
2027-07-31 06:00:00,-54.3,8.2,0.0,1,258,65,968.8
2027-07-31 07:00:00,-51.2,10.9,0.0,12,246,71,970.9
2027-07-31 08:00:00,-52.2,5.3,0.0,2,309,64,963.6
2027-07-31 09:00:00,-58.1,16.7,0.0,78,165,57,983.9
2027-07-31 10:00:00,-52.9,12.3,0.0,97,34,67,990.2
2027-07-31 11:00:00,-57.1,11.7,0.0,3,331,49,987.8
2027-07-31 12:00:00,-48.8,7.8,0.0,3,212,51,994.1
2027-07-31 13:00:00,-51.2,11.6,0.0,23,146,71,988.5
2027-07-31 14:00:00,-52.3,20.2,0.0,23,157,56,971.5
2027-07-31 15:00:00,-53.4,2.9,0.0,25,288,51,975.2
2027-07-31 16:00:00,-54.3,12.2,0.0,100,136,67,967.4
2027-07-31 17:00:00,-56.8,14.4,0.0,53,122,52,974.8
2027-07-31 18:00:00,-52.6,12.7,0.0,57,304,69,976.5
2027-07-31 19:00:00,-54.0,15.1,0.0,54,162,58,984.9
2027-07-31 20:00:00,-49.5,3.8,0.0,72,113,79,983.8
2027-07-31 21:00:00,-60.3,16.1,0.0,17,285,54,969.4
2027-07-31 22:00:00,-49.7,15.6,0.0,29,108,54,1002.8
2027-07-31 23:00:00,-52.1,18.0,0.0,67,229,80,978.9
2027-08-01 00:00:00,-47.6,20.7,0.0,4,117,51,980.2
2027-08-01 01:00:00,-54.5,1.9,0.0,49,354,64,991.1
2027-08-01 02:00:00,-54.0,12.5,0.0,28,43,88,953.9
2027-08-01 03:00:00,-54.9,6.9,0.0,92,23,51,976.1
2027-08-01 04:00:00,-60.0,28.1,0.0,79,329,42,991.4
2027-08-01 05:00:00,-57.5,9.7,0.0,81,124,64,963.2
2027-08-01 06:00:00,-57.9,19.2,0.0,19,33,80,978.5
2027-08-01 07:00:00,-56.9,13.7,0.0,53,107,42,964.8
2027-08-01 08:00:00,-57.5,21.3,0.0,28,70,83,976.7
2027-08-01 09:00:00,-57.0,8.3,0.0,86,192,88,977.9
2027-08-01 10:00:00,-54.7,8.2,0.0,32,231,51,973.1
2027-08-01 11:00:00,-50.9,17.6,0.0,89,328,42,965.9
2027-08-01 12:00:00,-59.1,7.6,0.0,30,314,61,987.5
2027-08-01 13:00:00,-54.8,8.7,0.0,17,174,79,969.7
2027-08-01 14:00:00,-51.7,17.5,0.0,27,174,87,983.4
2027-08-01 15:00:00,-53.4,7.8,0.0,5,236,52,980.0
2027-08-01 16:00:00,-53.4,7.9,0.0,12,91,45,982.5
2027-08-01 17:00:00,-48.5,10.6,0.0,68,212,47,972.7
2027-08-01 18:00:00,-55.9,15.9,0.0,52,22,52,971.7
2027-08-01 19:00:00,-54.7,12.1,0.0,80,321,48,982.7
2027-08-01 20:00:00,-56.2,15.7,0.0,72,53,57,963.9
2027-08-01 21:00:00,-54.2,13.0,0.0,90,98,41,976.8
2027-08-01 22:00:00,-55.8,17.3,0.0,45,148,71,988.4
2027-08-01 23:00:00,-56.9,15.2,0.0,100,102,40,998.0
2027-08-02 00:00:00,-55.1,16.4,0.0,100,103,75,974.8
2027-08-02 01:00:00,-54.4,19.7,0.0,74,1,74,971.1
2027-08-02 02:00:00,-60.9,3.5,0.0,37,158,46,968.3
2027-08-02 03:00:00,-53.9,18.1,0.0,67,176,73,972.1
2027-08-02 04:00:00,-54.0,15.9,0.0,19,266,63,984.3
2027-08-02 05:00:00,-52.1,6.4,0.0,67,20,48,966.8
2027-08-02 06:00:00,-61.2,7.0,0.0,59,69,82,979.8
2027-08-02 07:00:00,-51.1,13.8,0.0,92,308,79,978.2
2027-08-02 08:00:00,-52.0,5.8,0.0,17,262,58,990.6
2027-08-02 09:00:00,-51.4,16.1,0.0,71,149,79,968.1
2027-08-02 10:00:00,-56.1,19.6,0.0,94,51,59,967.7
2027-08-02 11:00:00,-56.5,21.4,0.0,25,303,60,965.8
2027-08-02 12:00:00,-55.7,8.9,0.0,69,331,65,979.3
2027-08-02 13:00:00,-60.0,0.0,0.0,21,77,75,985.8
2027-08-02 14:00:00,-53.3,12.4,0.0,68,332,50,984.9
2027-08-02 15:00:00,-55.3,13.3,0.0,100,154,57,990.3
2027-08-02 16:00:00,-55.8,13.0,0.0,18,300,62,983.6
2027-08-02 17:00:00,-56.8,8.5,0.0,18,272,77,968.5
2027-08-02 18:00:00,-53.1,11.0,0.0,11,84,75,978.3
2027-08-02 19:00:00,-57.8,5.9,0.0,19,38,55,979.5
2027-08-02 20:00:00,-47.3,0.6,0.0,99,326,72,993.6
2027-08-02 21:00:00,-55.5,4.4,0.0,47,306,74,968.2
2027-08-02 22:00:00,-50.2,10.1,0.0,8,345,40,961.7
2027-08-02 23:00:00,-51.4,8.4,0.0,16,163,66,972.8
2027-08-03 00:00:00,-50.1,17.5,0.0,93,52,87,986.0
2027-08-03 01:00:00,-53.9,12.8,0.0,29,191,52,972.6
2027-08-03 02:00:00,-53.2,16.2,0.0,35,304,61,963.8
2027-08-03 03:00:00,-49.8,21.5,0.0,94,321,45,982.1
2027-08-03 04:00:00,-50.7,7.0,0.0,31,105,45,998.8
2027-08-03 05:00:00,-55.2,9.2,0.0,93,23,74,967.8
2027-08-03 06:00:00,-57.7,6.3,0.0,84,247,49,980.3
2027-08-03 07:00:00,-51.1,11.7,0.0,57,19,47,984.9
2027-08-03 08:00:00,-56.9,11.8,0.0,18,252,86,975.5
2027-08-03 09:00:00,-46.1,11.2,0.0,81,265,89,983.1
2027-08-03 10:00:00,-54.9,19.3,0.0,49,302,61,991.2
2027-08-03 11:00:00,-53.0,17.4,0.0,35,159,84,978.3
2027-08-03 12:00:00,-58.4,11.5,0.0,40,318,45,980.0
2027-08-03 13:00:00,-55.8,11.5,0.0,55,280,77,981.2
2027-08-03 14:00:00,-53.4,14.2,0.0,62,349,66,972.1
2027-08-03 15:00:00,-55.0,16.8,0.0,25,91,76,965.9
2027-08-03 16:00:00,-52.5,9.9,0.0,63,87,56,982.4
2027-08-03 17:00:00,-55.5,12.8,0.0,15,321,68,978.7
2027-08-03 18:00:00,-56.7,11.3,0.0,97,204,49,966.4
2027-08-03 19:00:00,-53.1,7.1,0.0,33,15,48,981.7
2027-08-03 20:00:00,-55.2,4.8,0.0,86,231,49,966.0
2027-08-03 21:00:00,-53.9,1.9,0.0,28,270,42,977.3
2027-08-03 22:00:00,-55.4,11.4,0.0,18,8,41,974.6
2027-08-03 23:00:00,-51.4,17.7,0.0,50,209,84,975.3
2027-08-04 00:00:00,-57.7,18.8,0.0,98,118,52,999.2
2027-08-04 01:00:00,-50.0,11.5,0.0,67,67,60,961.4
2027-08-04 02:00:00,-57.9,19.5,0.0,71,265,53,976.2
2027-08-04 03:00:00,-56.4,11.9,0.0,1,241,73,979.8
2027-08-04 04:00:00,-50.9,16.4,0.0,66,54,82,994.4
2027-08-04 05:00:00,-58.4,8.5,0.0,57,20,66,981.6
2027-08-04 06:00:00,-56.3,14.7,0.0,49,73,60,993.4
2027-08-04 07:00:00,-51.8,14.2,0.0,59,214,72,971.7
2027-08-04 08:00:00,-49.1,2.4,0.0,87,325,70,979.9
2027-08-04 09:00:00,-59.7,23.2,0.0,73,197,65,965.2
2027-08-04 10:00:00,-52.7,6.1,0.0,50,20,89,984.2
2027-08-04 11:00:00,-49.9,17.1,0.0,53,136,63,969.8
2027-08-04 12:00:00,-53.6,10.7,0.0,95,169,48,972.0
2027-08-04 13:00:00,-54.1,17.1,0.0,50,20,71,988.6
2027-08-04 14:00:00,-53.7,17.6,0.0,62,37,62,961.6
2027-08-04 15:00:00,-58.9,11.5,0.0,33,116,44,984.5
2027-08-04 16:00:00,-53.9,12.2,0.0,79,267,45,984.4
2027-08-04 17:00:00,-53.1,7.5,0.0,73,359,46,965.5
2027-08-04 18:00:00,-59.4,12.6,0.0,27,58,41,973.9
2027-08-04 19:00:00,-54.2,9.0,0.0,36,91,81,956.3
2027-08-04 20:00:00,-55.0,8.8,0.0,76,160,40,981.9
2027-08-04 21:00:00,-49.9,14.6,0.0,29,336,86,990.8
2027-08-04 22:00:00,-52.6,13.2,0.0,22,283,84,981.6
2027-08-04 23:00:00,-53.0,9.5,0.0,83,205,76,975.5
2027-08-05 00:00:00,-51.8,20.5,0.0,5,303,78,993.0
2027-08-05 01:00:00,-54.6,17.5,0.0,49,241,67,972.8
2027-08-05 02:00:00,-51.8,7.1,0.0,74,157,57,979.6
2027-08-05 03:00:00,-53.7,21.8,0.0,63,185,61,986.2
2027-08-05 04:00:00,-57.9,15.2,0.0,40,84,82,992.6
2027-08-05 05:00:00,-51.1,10.5,0.0,35,34,41,979.1
2027-08-05 06:00:00,-54.0,16.3,0.0,88,333,49,968.3
2027-08-05 07:00:00,-53.4,16.4,0.0,37,237,69,986.8
2027-08-05 08:00:00,-49.2,5.0,0.0,80,24,45,981.2
2027-08-05 09:00:00,-52.2,12.4,0.0,27,168,45,986.7
2027-08-05 10:00:00,-59.0,15.9,0.0,36,131,76,974.9
2027-08-05 11:00:00,-52.9,10.2,0.0,84,221,81,980.1
2027-08-05 12:00:00,-58.3,8.1,0.0,24,286,76,976.4
2027-08-05 13:00:00,-53.9,10.0,0.0,73,112,41,981.5
2027-08-05 14:00:00,-53.5,17.2,0.0,5,59,49,982.3
2027-08-05 15:00:00,-56.3,16.7,0.0,37,169,67,992.9
2027-08-05 16:00:00,-49.8,8.5,0.0,88,353,87,989.9
2027-08-05 17:00:00,-49.9,7.7,0.0,56,324,47,985.0
2027-08-05 18:00:00,-58.4,11.4,0.0,82,177,79,995.4
2027-08-05 19:00:00,-47.1,12.7,0.0,6,258,56,969.6
2027-08-05 20:00:00,-53.8,21.5,0.0,39,39,54,972.0
2027-08-05 21:00:00,-50.4,16.5,0.0,73,193,46,978.6
2027-08-05 22:00:00,-56.1,16.6,0.0,31,148,60,982.7
2027-08-05 23:00:00,-54.8,6.8,0.0,62,265,65,988.2
2027-08-06 00:00:00,-51.8,13.2,0.0,35,328,83,973.6
2027-08-06 01:00:00,-50.4,9.1,0.0,30,195,63,987.4
2027-08-06 02:00:00,-54.7,12.2,0.0,62,313,50,978.3
2027-08-06 03:00:00,-56.0,5.5,0.0,19,309,44,968.4
2027-08-06 04:00:00,-52.8,12.4,0.0,58,282,54,988.5
2027-08-06 05:00:00,-55.0,12.9,0.0,81,21,61,979.1
2027-08-06 06:00:00,-54.2,2.6,0.0,55,223,83,973.8
2027-08-06 07:00:00,-60.1,23.4,0.0,11,126,71,973.1
2027-08-06 08:00:00,-45.9,15.8,0.0,25,136,58,986.8
2027-08-06 09:00:00,-53.3,13.8,0.0,63,209,83,960.6
2027-08-06 10:00:00,-58.6,7.3,0.0,91,255,57,983.9
2027-08-06 11:00:00,-51.9,3.2,0.0,35,174,66,993.2
2027-08-06 12:00:00,-58.6,16.4,0.0,15,66,57,996.6
2027-08-06 13:00:00,-53.4,15.6,0.0,6,187,81,964.2
2027-08-06 14:00:00,-54.6,14.4,0.0,44,48,67,988.8
2027-08-06 15:00:00,-52.4,8.4,0.0,29,210,49,991.8
2027-08-06 16:00:00,-48.8,10.0,0.0,99,240,85,989.5
2027-08-06 17:00:00,-56.4,17.7,0.0,13,198,79,975.3
2027-08-06 18:00:00,-55.0,11.2,0.0,95,58,80,967.6
2027-08-06 19:00:00,-51.1,17.6,0.0,93,155,61,989.9
2027-08-06 20:00:00,-55.8,17.7,0.0,29,22,58,983.3
2027-08-06 21:00:00,-56.3,12.1,0.0,30,20,82,997.3
2027-08-06 22:00:00,-54.8,16.9,0.0,65,331,68,970.3
2027-08-06 23:00:00,-49.8,6.6,0.0,52,302,80,984.4
2027-08-07 00:00:00,-52.4,7.5,0.0,54,184,66,965.5
2027-08-07 01:00:00,-56.7,5.4,0.0,64,344,79,1008.5
2027-08-07 02:00:00,-57.2,13.5,0.0,74,323,82,981.2
2027-08-07 03:00:00,-48.7,3.0,0.0,40,246,45,973.6
2027-08-07 04:00:00,-53.3,7.9,0.0,37,64,88,974.1
2027-08-07 05:00:00,-52.3,6.0,0.0,5,140,59,977.7
2027-08-07 06:00:00,-55.3,16.3,0.0,2,63,84,987.1
2027-08-07 07:00:00,-55.7,22.9,0.0,17,58,49,992.1
2027-08-07 08:00:00,-59.3,18.3,0.0,58,79,80,977.8
2027-08-07 09:00:00,-55.7,4.3,0.0,98,153,49,983.0
2027-08-07 10:00:00,-55.3,14.2,0.0,67,65,84,977.2
2027-08-07 11:00:00,-56.6,13.1,0.0,93,73,64,992.6
2027-08-07 12:00:00,-56.4,12.6,0.0,20,107,44,999.6
2027-08-07 13:00:00,-54.5,10.7,0.0,26,105,58,977.1
2027-08-07 14:00:00,-51.0,6.2,0.0,21,206,43,976.8
2027-08-07 15:00:00,-59.1,9.0,0.0,37,118,74,955.7
2027-08-07 16:00:00,-55.4,16.7,0.0,49,178,52,970.4
2027-08-07 17:00:00,-51.9,19.4,0.0,55,197,79,978.6
2027-08-07 18:00:00,-53.7,4.2,0.0,80,279,67,983.6
2027-08-07 19:00:00,-47.0,13.5,0.0,13,112,86,983.0
2027-08-07 20:00:00,-52.2,8.1,0.0,51,155,65,966.2
2027-08-07 21:00:00,-60.3,22.8,0.0,19,341,47,976.0
2027-08-07 22:00:00,-52.9,29.0,0.0,50,121,41,984.4
2027-08-07 23:00:00,-50.3,17.2,0.0,49,84,57,992.1
2027-08-08 00:00:00,-57.7,12.9,0.0,93,254,61,967.6
2027-08-08 01:00:00,-53.0,10.5,0.0,32,73,46,977.6
2027-08-08 02:00:00,-53.2,12.9,0.0,74,273,68,969.4
2027-08-08 03:00:00,-51.3,8.4,0.0,42,348,87,980.2
2027-08-08 04:00:00,-54.4,20.2,0.0,23,259,57,971.1
2027-08-08 05:00:00,-51.4,14.9,0.0,32,123,49,963.4
2027-08-08 06:00:00,-53.4,16.3,0.0,63,3,85,974.4
2027-08-08 07:00:00,-51.8,12.2,0.0,53,89,40,989.2
2027-08-08 08:00:00,-59.7,9.4,0.0,95,89,76,970.8
2027-08-08 09:00:00,-54.7,6.2,0.0,15,282,53,970.0
2027-08-08 10:00:00,-53.0,12.1,0.0,68,257,66,973.1
2027-08-08 11:00:00,-55.1,15.7,0.0,35,242,65,990.9
2027-08-08 12:00:00,-53.7,12.7,0.0,32,136,87,963.4
2027-08-08 13:00:00,-52.4,10.5,0.0,37,231,85,981.7
2027-08-08 14:00:00,-49.4,13.1,0.0,94,23,83,983.7
2027-08-08 15:00:00,-52.3,12.6,0.0,56,127,63,970.0
2027-08-08 16:00:00,-48.8,5.2,0.0,67,184,57,994.5
2027-08-08 17:00:00,-54.3,13.6,0.0,89,212,59,978.9
2027-08-08 18:00:00,-50.7,8.4,0.0,72,7,89,988.7
2027-08-08 19:00:00,-51.8,13.5,0.0,53,85,78,984.7
2027-08-08 20:00:00,-57.9,10.3,0.0,94,341,61,980.4
2027-08-08 21:00:00,-57.5,16.9,0.0,2,125,67,975.6
2027-08-08 22:00:00,-49.7,18.4,0.0,80,352,57,981.0
2027-08-08 23:00:00,-54.6,16.0,0.0,3,7,46,981.8
2027-08-09 00:00:00,-44.0,9.5,0.0,17,25,63,973.2
2027-08-09 01:00:00,-55.6,12.8,0.0,91,13,76,985.1
2027-08-09 02:00:00,-56.4,17.7,0.0,42,307,51,977.0
2027-08-09 03:00:00,-56.6,10.4,0.0,46,266,57,985.8
2027-08-09 04:00:00,-52.1,13.3,0.0,24,171,52,970.4
2027-08-09 05:00:00,-59.9,11.8,0.0,48,107,42,983.2
2027-08-09 06:00:00,-55.0,4.9,0.0,4,91,55,992.7
2027-08-09 07:00:00,-47.2,10.6,0.0,81,177,82,993.2
2027-08-09 08:00:00,-55.1,16.1,0.0,63,48,76,971.6
2027-08-09 09:00:00,-54.2,4.7,0.0,26,277,82,971.5
2027-08-09 10:00:00,-52.6,15.8,0.0,4,157,49,992.1
2027-08-09 11:00:00,-51.7,15.9,0.0,91,340,45,979.2
2027-08-09 12:00:00,-52.8,19.7,0.0,15,125,83,968.6
2027-08-09 13:00:00,-60.4,3.5,0.0,16,279,60,985.1
2027-08-09 14:00:00,-46.8,8.8,0.0,67,33,66,989.3
2027-08-09 15:00:00,-53.2,0.1,0.0,76,156,89,978.1
2027-08-09 16:00:00,-62.3,4.3,0.0,67,339,85,988.7
2027-08-09 17:00:00,-52.6,6.3,0.0,64,67,49,985.4
2027-08-09 18:00:00,-54.3,10.9,0.0,78,203,76,986.8
2027-08-09 19:00:00,-50.3,18.5,0.0,9,359,85,975.3
2027-08-09 20:00:00,-54.4,18.0,0.0,2,50,59,975.1
2027-08-09 21:00:00,-50.1,15.0,0.0,41,184,69,966.9
2027-08-09 22:00:00,-51.9,10.5,0.0,64,199,61,980.7
2027-08-09 23:00:00,-57.8,4.8,0.0,33,196,73,982.5
2027-08-10 00:00:00,-55.2,3.8,0.0,96,328,84,985.5
2027-08-10 01:00:00,-51.5,13.3,0.0,28,262,76,984.8
2027-08-10 02:00:00,-55.8,10.1,0.0,76,13,68,980.9
2027-08-10 03:00:00,-53.1,18.4,0.0,93,96,81,983.2
2027-08-10 04:00:00,-50.6,14.2,0.0,22,338,56,994.5
2027-08-10 05:00:00,-58.3,13.7,0.0,75,349,56,975.5
2027-08-10 06:00:00,-58.9,8.6,0.0,63,63,59,976.6
2027-08-10 07:00:00,-52.0,10.1,0.0,12,220,78,985.5
2027-08-10 08:00:00,-51.3,18.5,0.0,18,170,59,988.3
2027-08-10 09:00:00,-51.9,11.5,0.0,95,356,79,990.8
2027-08-10 10:00:00,-46.9,14.0,0.0,36,111,67,987.3
2027-08-10 11:00:00,-52.8,5.3,0.0,24,57,50,977.7
2027-08-10 12:00:00,-52.1,17.9,0.0,41,102,85,971.3
2027-08-10 13:00:00,-50.3,1.8,0.0,3,90,59,969.4
2027-08-10 14:00:00,-53.3,6.4,0.0,28,171,48,980.4
2027-08-10 15:00:00,-51.5,10.2,0.0,50,345,69,968.8
2027-08-10 16:00:00,-46.0,11.9,0.0,62,97,52,973.2
2027-08-10 17:00:00,-54.9,6.4,0.0,55,278,55,977.3
2027-08-10 18:00:00,-60.3,17.5,0.0,63,236,59,976.9
2027-08-10 19:00:00,-52.4,13.8,0.0,66,248,56,1000.5
2027-08-10 20:00:00,-53.9,8.1,0.0,74,284,65,985.5
2027-08-10 21:00:00,-50.1,7.5,0.0,80,107,50,972.0
2027-08-10 22:00:00,-50.1,14.4,0.0,75,324,68,963.9
2027-08-10 23:00:00,-51.2,9.8,0.0,28,207,84,969.9
2027-08-11 00:00:00,-52.6,4.6,0.0,26,322,87,978.3
2027-08-11 01:00:00,-51.7,10.6,0.0,13,224,87,1000.3
2027-08-11 02:00:00,-48.5,13.9,0.0,88,86,68,1001.0
2027-08-11 03:00:00,-56.8,18.5,0.0,92,72,50,983.9
2027-08-11 04:00:00,-54.4,16.3,0.0,69,357,57,990.8
2027-08-11 05:00:00,-54.6,14.3,0.0,67,321,52,984.8
2027-08-11 06:00:00,-59.5,16.9,0.0,38,169,45,971.3
2027-08-11 07:00:00,-53.5,16.6,0.0,65,103,67,977.7
2027-08-11 08:00:00,-46.7,16.5,0.0,51,257,57,983.3
2027-08-11 09:00:00,-52.3,11.5,0.0,8,37,67,980.5
2027-08-11 10:00:00,-52.0,8.4,0.0,15,309,78,969.7
2027-08-11 11:00:00,-58.1,5.2,0.0,77,320,72,970.1
2027-08-11 12:00:00,-53.1,10.8,0.0,18,316,58,974.3
2027-08-11 13:00:00,-55.0,15.4,0.0,72,319,76,975.4
2027-08-11 14:00:00,-55.6,5.4,0.0,61,1,61,989.2
2027-08-11 15:00:00,-48.9,14.6,0.0,84,80,66,984.8
2027-08-11 16:00:00,-52.7,0.0,0.0,52,252,73,989.3
2027-08-11 17:00:00,-53.4,6.7,0.0,19,116,61,982.7
2027-08-11 18:00:00,-54.8,15.4,0.0,84,344,86,958.8
2027-08-11 19:00:00,-54.0,9.8,0.0,30,270,46,970.0
2027-08-11 20:00:00,-51.6,5.7,0.0,1,353,71,989.6
2027-08-11 21:00:00,-54.5,14.1,0.0,34,64,57,971.4
2027-08-11 22:00:00,-47.6,10.7,0.0,15,22,85,972.4
2027-08-11 23:00:00,-51.9,16.1,0.0,17,326,44,977.0
2027-08-12 00:00:00,-51.7,10.5,0.0,20,223,40,994.9
2027-08-12 01:00:00,-48.4,2.8,0.0,55,195,55,982.4
2027-08-12 02:00:00,-54.3,14.9,0.0,99,359,54,966.6
2027-08-12 03:00:00,-49.9,5.4,0.0,34,302,68,981.3
2027-08-12 04:00:00,-46.7,8.3,0.0,16,356,73,973.1
2027-08-12 05:00:00,-54.1,17.0,0.0,10,181,59,974.1
2027-08-12 06:00:00,-52.3,9.4,0.0,45,318,73,971.3
2027-08-12 07:00:00,-56.7,10.3,0.0,99,111,58,973.1
2027-08-12 08:00:00,-50.5,0.2,0.0,47,144,55,989.8
2027-08-12 09:00:00,-53.5,14.3,0.0,71,114,69,962.8
2027-08-12 10:00:00,-48.9,11.7,0.0,35,112,83,980.5
2027-08-12 11:00:00,-54.4,23.5,0.0,22,219,80,989.5
2027-08-12 12:00:00,-56.2,13.3,0.0,23,344,86,971.2
2027-08-12 13:00:00,-54.3,11.0,0.0,23,116,63,988.6
2027-08-12 14:00:00,-50.1,20.2,0.0,15,180,51,984.1
2027-08-12 15:00:00,-47.6,20.2,0.0,89,144,44,979.6
2027-08-12 16:00:00,-52.0,15.9,0.0,11,49,72,974.6
2027-08-12 17:00:00,-50.7,10.6,0.0,33,9,65,980.8
2027-08-12 18:00:00,-50.4,16.6,0.0,45,39,42,978.7
2027-08-12 19:00:00,-53.8,13.1,0.0,18,58,61,982.4
2027-08-12 20:00:00,-54.0,15.3,0.0,4,76,46,987.4
2027-08-12 21:00:00,-51.7,11.6,0.0,59,189,74,983.6
2027-08-12 22:00:00,-52.7,11.8,0.0,3,118,55,978.2
2027-08-12 23:00:00,-48.9,11.0,0.0,36,166,69,996.4
2027-08-13 00:00:00,-47.4,6.3,0.0,72,234,71,991.2
2027-08-13 01:00:00,-52.9,12.1,0.0,54,311,74,971.2
2027-08-13 02:00:00,-55.6,7.5,0.0,83,308,50,1000.1
2027-08-13 03:00:00,-53.1,11.9,0.0,97,160,63,986.8
2027-08-13 04:00:00,-49.8,5.1,0.0,58,298,53,977.1
2027-08-13 05:00:00,-50.4,10.9,0.0,31,148,80,974.6
2027-08-13 06:00:00,-58.3,14.0,0.0,85,181,53,959.3
2027-08-13 07:00:00,-52.7,10.4,0.0,23,58,50,995.4
2027-08-13 08:00:00,-53.0,10.2,0.0,25,99,71,976.6
2027-08-13 09:00:00,-52.5,12.8,0.0,25,234,69,965.4
2027-08-13 10:00:00,-56.8,17.1,0.0,53,352,68,985.1
2027-08-13 11:00:00,-53.5,13.2,0.0,37,177,68,978.8
2027-08-13 12:00:00,-53.1,0.0,0.0,42,354,56,988.2
2027-08-13 13:00:00,-54.3,11.9,0.0,6,145,58,982.4
2027-08-13 14:00:00,-56.0,8.2,0.0,10,279,51,985.6
2027-08-13 15:00:00,-55.6,13.9,0.0,73,211,89,981.4
2027-08-13 16:00:00,-49.6,16.8,0.0,20,122,51,979.2
2027-08-13 17:00:00,-52.3,14.3,0.0,81,295,53,956.5
2027-08-13 18:00:00,-54.6,12.8,0.0,15,83,41,981.4
2027-08-13 19:00:00,-52.8,12.8,0.0,64,180,52,993.4
2027-08-13 20:00:00,-53.7,15.5,0.0,38,134,84,995.9
2027-08-13 21:00:00,-53.3,17.4,0.0,37,248,78,963.3
2027-08-13 22:00:00,-50.3,11.9,0.0,29,176,44,974.5
2027-08-13 23:00:00,-49.8,7.3,0.0,44,103,49,990.9
2027-08-14 00:00:00,-55.3,16.4,0.0,32,168,43,975.9
2027-08-14 01:00:00,-54.0,9.1,0.0,67,177,59,979.0
2027-08-14 02:00:00,-52.1,15.8,0.0,4,195,44,982.0
2027-08-14 03:00:00,-52.0,6.2,0.0,11,335,71,994.6
2027-08-14 04:00:00,-51.4,16.2,0.0,34,148,50,990.0
2027-08-14 05:00:00,-53.6,6.6,0.0,60,127,83,980.5
2027-08-14 06:00:00,-50.0,10.1,0.0,88,141,41,961.4
2027-08-14 07:00:00,-56.0,16.8,0.0,96,46,64,985.7
2027-08-14 08:00:00,-54.9,19.4,0.0,42,268,88,974.3
2027-08-14 09:00:00,-51.5,13.4,0.0,85,328,80,976.1
2027-08-14 10:00:00,-51.6,3.3,0.0,28,40,49,969.3
2027-08-14 11:00:00,-57.1,9.0,0.0,15,30,47,974.1
2027-08-14 12:00:00,-51.7,10.9,0.0,87,356,65,985.8
2027-08-14 13:00:00,-53.9,12.6,0.0,21,170,88,967.1
2027-08-14 14:00:00,-58.4,10.4,0.0,25,249,70,985.7
2027-08-14 15:00:00,-52.3,12.5,0.0,96,110,62,985.9
2027-08-14 16:00:00,-51.2,12.7,0.0,42,264,75,993.4
2027-08-14 17:00:00,-51.4,13.2,0.0,47,9,47,984.8
2027-08-14 18:00:00,-53.1,17.8,0.0,100,260,48,979.9
2027-08-14 19:00:00,-49.7,15.9,0.0,64,281,81,965.7
2027-08-14 20:00:00,-52.3,17.4,0.0,78,335,89,968.9
2027-08-14 21:00:00,-52.3,14.1,0.0,88,317,84,988.6
2027-08-14 22:00:00,-52.1,14.0,0.0,58,304,66,986.5
2027-08-14 23:00:00,-48.5,7.8,0.0,66,293,71,989.1
2027-08-15 00:00:00,-50.3,6.7,0.0,77,219,49,978.0
2027-08-15 01:00:00,-58.4,11.1,0.0,70,38,56,972.8
2027-08-15 02:00:00,-47.9,12.6,0.0,24,48,55,986.7
2027-08-15 03:00:00,-59.6,5.0,0.0,40,166,54,982.8
2027-08-15 04:00:00,-51.5,12.5,0.0,34,9,84,978.8
2027-08-15 05:00:00,-52.6,10.5,0.0,24,106,89,1003.0
2027-08-15 06:00:00,-50.0,10.5,0.0,87,277,51,973.6
2027-08-15 07:00:00,-54.9,15.4,0.0,86,201,77,973.0
2027-08-15 08:00:00,-55.3,12.8,0.0,13,225,80,984.1
2027-08-15 09:00:00,-57.2,10.6,0.0,15,280,48,994.7
2027-08-15 10:00:00,-62.8,18.5,0.0,95,180,66,962.8
2027-08-15 11:00:00,-53.4,15.6,0.0,8,16,68,960.7
2027-08-15 12:00:00,-52.3,12.1,0.0,83,174,46,998.7
2027-08-15 13:00:00,-49.6,22.0,0.0,64,176,59,972.4
2027-08-15 14:00:00,-51.5,12.1,0.0,73,190,75,994.8
2027-08-15 15:00:00,-46.1,12.2,0.0,22,40,81,978.9
2027-08-15 16:00:00,-50.1,12.0,0.0,3,344,45,981.9
2027-08-15 17:00:00,-45.5,0.0,0.0,45,325,70,980.1
2027-08-15 18:00:00,-51.6,0.0,0.0,96,189,61,984.4
2027-08-15 19:00:00,-50.7,6.5,0.0,53,89,49,989.5
2027-08-15 20:00:00,-55.7,7.5,0.0,95,182,77,966.8
2027-08-15 21:00:00,-55.0,17.9,0.0,22,47,78,979.4
2027-08-15 22:00:00,-59.5,20.4,0.0,8,70,81,968.5
2027-08-15 23:00:00,-47.7,23.6,0.0,59,313,45,992.8
2027-08-16 00:00:00,-47.6,3.2,0.0,52,179,69,980.9
2027-08-16 01:00:00,-56.2,7.8,0.0,19,179,89,1001.0
2027-08-16 02:00:00,-51.0,8.1,0.0,80,321,58,981.0
2027-08-16 03:00:00,-49.9,5.8,0.0,20,274,81,998.5
2027-08-16 04:00:00,-51.3,13.0,0.0,60,138,56,974.3
2027-08-16 05:00:00,-52.1,7.2,0.0,20,44,80,967.7
2027-08-16 06:00:00,-49.6,12.8,0.0,67,139,43,971.2
2027-08-16 07:00:00,-48.8,16.3,0.0,96,286,41,987.6
2027-08-16 08:00:00,-48.3,11.1,0.0,69,304,82,993.1
2027-08-16 09:00:00,-53.6,9.4,0.0,57,194,72,996.3
2027-08-16 10:00:00,-54.2,24.6,0.0,83,38,74,969.8
2027-08-16 11:00:00,-49.3,18.8,0.0,22,307,53,972.3
2027-08-16 12:00:00,-54.8,12.4,0.0,59,346,70,986.2
2027-08-16 13:00:00,-53.5,10.7,0.0,81,357,72,966.6
2027-08-16 14:00:00,-50.9,3.5,0.0,5,115,42,987.2
2027-08-16 15:00:00,-49.5,7.1,0.0,60,303,76,1001.3
2027-08-16 16:00:00,-49.5,8.2,0.0,2,59,61,989.5
2027-08-16 17:00:00,-51.7,14.5,0.0,57,259,77,978.6
2027-08-16 18:00:00,-56.0,15.4,0.0,31,226,48,975.4
2027-08-16 19:00:00,-54.0,12.5,0.0,25,1,54,992.1
2027-08-16 20:00:00,-53.1,1.2,0.0,28,92,59,986.2
2027-08-16 21:00:00,-52.6,21.2,0.0,60,109,71,986.9
2027-08-16 22:00:00,-51.2,23.6,0.0,99,192,84,964.1
2027-08-16 23:00:00,-56.0,12.2,0.0,6,200,45,970.3
2027-08-17 00:00:00,-51.4,7.7,0.0,40,220,83,981.0
2027-08-17 01:00:00,-55.9,12.8,0.0,63,143,60,955.1
2027-08-17 02:00:00,-48.9,18.1,0.0,83,4,68,971.2
2027-08-17 03:00:00,-49.0,19.1,0.0,9,271,66,1000.2
2027-08-17 04:00:00,-54.6,10.6,0.0,90,335,60,977.6
2027-08-17 05:00:00,-56.9,17.5,0.0,8,195,61,993.7
2027-08-17 06:00:00,-52.8,10.6,0.0,68,111,53,976.7
2027-08-17 07:00:00,-49.7,12.5,0.0,96,298,83,983.4
2027-08-17 08:00:00,-49.7,1.4,0.0,37,181,56,991.4
2027-08-17 09:00:00,-49.0,8.4,0.0,58,108,57,970.6
2027-08-17 10:00:00,-50.0,16.2,0.0,92,9,47,991.6
2027-08-17 11:00:00,-52.6,15.3,0.0,100,223,62,977.0
2027-08-17 12:00:00,-48.5,12.0,0.0,52,329,74,972.5
2027-08-17 13:00:00,-55.2,17.6,0.0,52,84,59,982.6
2027-08-17 14:00:00,-57.2,20.3,0.0,29,99,70,985.1
2027-08-17 15:00:00,-55.0,12.2,0.0,26,211,77,986.7
2027-08-17 16:00:00,-42.8,7.0,0.0,29,181,43,974.5
2027-08-17 17:00:00,-53.2,12.6,0.0,57,163,85,965.2
2027-08-17 18:00:00,-52.2,15.6,0.0,76,270,89,973.5
2027-08-17 19:00:00,-60.0,20.9,0.0,76,303,49,977.9
2027-08-17 20:00:00,-47.5,2.5,0.0,41,272,75,981.2
2027-08-17 21:00:00,-52.5,15.6,0.0,70,260,44,957.5
2027-08-17 22:00:00,-53.0,13.3,0.0,13,23,41,974.1
2027-08-17 23:00:00,-50.8,10.8,0.0,59,66,78,971.5
2027-08-18 00:00:00,-49.0,9.9,0.0,99,206,44,987.5
2027-08-18 01:00:00,-52.5,15.3,0.0,27,97,56,974.8
2027-08-18 02:00:00,-48.5,11.1,0.0,73,348,49,962.0
2027-08-18 03:00:00,-53.2,12.2,0.0,31,216,62,983.8
2027-08-18 04:00:00,-47.7,12.1,0.0,90,294,85,987.4
2027-08-18 05:00:00,-52.4,8.2,0.0,20,79,75,984.4
2027-08-18 06:00:00,-53.4,9.6,0.0,13,333,70,960.6
2027-08-18 07:00:00,-51.0,18.6,0.0,27,315,69,984.7
2027-08-18 08:00:00,-52.1,18.4,0.0,45,279,42,992.8
2027-08-18 09:00:00,-55.9,14.2,0.0,6,348,73,971.3
2027-08-18 10:00:00,-48.3,22.7,0.0,1,328,61,1003.9
2027-08-18 11:00:00,-48.6,17.9,0.0,96,287,85,987.1
2027-08-18 12:00:00,-49.2,18.3,0.0,14,354,65,974.4
2027-08-18 13:00:00,-59.8,14.2,0.0,90,168,85,989.0
2027-08-18 14:00:00,-52.7,10.8,0.0,71,305,62,959.6
2027-08-18 15:00:00,-51.9,7.9,0.0,37,211,86,973.2
2027-08-18 16:00:00,-56.2,15.1,0.0,22,97,42,989.4
2027-08-18 17:00:00,-56.0,23.7,0.0,22,177,53,1004.9
2027-08-18 18:00:00,-53.9,9.5,0.0,28,147,65,989.7
2027-08-18 19:00:00,-48.4,7.5,0.0,16,34,76,983.2
2027-08-18 20:00:00,-50.7,7.8,0.0,7,292,59,975.5
2027-08-18 21:00:00,-51.4,13.4,0.0,64,122,40,984.5
2027-08-18 22:00:00,-46.0,13.7,0.0,14,250,56,981.4
2027-08-18 23:00:00,-53.9,18.0,0.0,34,28,46,977.2
2027-08-19 00:00:00,-48.8,11.8,0.0,24,164,66,987.0
2027-08-19 01:00:00,-54.9,10.9,0.0,77,13,88,992.4
2027-08-19 02:00:00,-54.3,21.9,0.0,93,285,82,975.4
2027-08-19 03:00:00,-48.1,14.6,0.0,29,84,74,972.4
2027-08-19 04:00:00,-52.4,15.6,0.0,14,71,43,978.6
2027-08-19 05:00:00,-54.3,6.7,0.0,4,54,82,968.1
2027-08-19 06:00:00,-53.1,16.1,0.0,60,199,66,965.5
2027-08-19 07:00:00,-53.5,7.5,0.0,18,248,59,979.2
2027-08-19 08:00:00,-51.1,10.7,0.0,90,43,66,973.8
2027-08-19 09:00:00,-53.0,13.6,0.0,46,345,42,978.4
2027-08-19 10:00:00,-56.2,14.2,0.0,47,285,55,984.9
2027-08-19 11:00:00,-49.7,22.0,0.0,29,152,57,982.3
2027-08-19 12:00:00,-54.9,16.6,0.0,44,139,81,980.3
2027-08-19 13:00:00,-53.2,5.5,0.0,88,231,43,974.4
2027-08-19 14:00:00,-52.3,1.4,0.0,58,233,56,960.2
2027-08-19 15:00:00,-54.7,4.3,0.0,68,87,53,987.8
2027-08-19 16:00:00,-47.6,9.3,0.0,39,179,72,976.3
2027-08-19 17:00:00,-50.1,0.0,0.0,78,17,58,974.7
2027-08-19 18:00:00,-46.5,5.4,0.0,48,205,70,990.9
2027-08-19 19:00:00,-51.6,13.4,0.0,8,245,59,976.2
2027-08-19 20:00:00,-54.1,16.9,0.0,18,131,55,972.9
2027-08-19 21:00:00,-49.8,14.5,0.0,0,178,57,980.8
2027-08-19 22:00:00,-49.9,12.7,0.0,94,7,73,984.9
2027-08-19 23:00:00,-49.1,8.7,0.0,25,301,71,964.4
2027-08-20 00:00:00,-48.9,17.2,0.0,70,290,57,968.7
2027-08-20 01:00:00,-54.3,13.2,0.0,37,153,76,988.2
2027-08-20 02:00:00,-49.3,12.0,0.0,99,335,82,983.8
2027-08-20 03:00:00,-48.5,14.4,0.0,52,190,89,966.3
2027-08-20 04:00:00,-55.5,14.3,0.0,33,264,49,976.3
2027-08-20 05:00:00,-53.6,16.5,0.0,16,264,77,986.9
2027-08-20 06:00:00,-54.5,21.5,0.0,24,137,72,981.4
2027-08-20 07:00:00,-54.3,6.5,0.0,37,117,45,978.9
2027-08-20 08:00:00,-51.2,17.6,0.0,7,205,43,994.5
2027-08-20 09:00:00,-50.6,13.5,0.0,95,35,52,974.6
2027-08-20 10:00:00,-54.8,6.8,0.0,0,298,84,969.4
2027-08-20 11:00:00,-51.8,11.8,0.0,60,185,87,992.8
2027-08-20 12:00:00,-47.8,8.2,0.0,78,125,40,981.2
2027-08-20 13:00:00,-53.4,14.1,0.0,62,64,63,982.0
2027-08-20 14:00:00,-45.8,9.4,0.0,18,155,88,994.9
2027-08-20 15:00:00,-51.2,12.2,0.0,10,67,64,968.0
2027-08-20 16:00:00,-52.0,6.9,0.0,52,276,85,982.0
2027-08-20 17:00:00,-50.6,13.1,0.0,32,13,82,973.7
2027-08-20 18:00:00,-50.2,9.0,0.0,83,225,53,966.1
2027-08-20 19:00:00,-46.3,9.7,0.0,90,50,80,1006.2
2027-08-20 20:00:00,-49.4,8.0,0.0,94,43,42,980.3
2027-08-20 21:00:00,-52.5,13.1,0.0,56,81,73,978.2
2027-08-20 22:00:00,-50.3,6.3,0.0,85,96,64,1003.9
2027-08-20 23:00:00,-47.5,9.1,0.0,88,66,56,978.3
2027-08-21 00:00:00,-54.2,16.8,0.0,85,232,69,982.0
2027-08-21 01:00:00,-46.8,13.1,0.0,66,357,57,985.9
2027-08-21 02:00:00,-51.3,13.2,0.0,92,56,67,979.5
2027-08-21 03:00:00,-53.9,15.2,0.0,6,186,74,987.8
2027-08-21 04:00:00,-53.2,2.6,0.0,31,200,55,1000.3
2027-08-21 05:00:00,-54.1,7.5,0.0,5,36,57,984.5
2027-08-21 06:00:00,-44.6,13.5,0.0,80,190,70,968.5
2027-08-21 07:00:00,-48.1,13.2,0.0,72,85,40,974.9
2027-08-21 08:00:00,-51.5,7.2,0.0,75,211,56,968.2
2027-08-21 09:00:00,-53.7,9.7,0.0,66,92,71,994.6
2027-08-21 10:00:00,-51.4,12.9,0.0,28,214,61,982.2
2027-08-21 11:00:00,-50.9,17.7,0.0,60,105,44,982.3
2027-08-21 12:00:00,-49.1,16.9,0.0,29,254,82,975.5
2027-08-21 13:00:00,-52.2,10.5,0.0,72,260,53,982.1
2027-08-21 14:00:00,-42.9,18.0,0.0,24,32,60,983.9
2027-08-21 15:00:00,-59.3,9.5,0.0,85,331,64,972.5
2027-08-21 16:00:00,-49.2,12.1,0.0,7,51,65,978.1
2027-08-21 17:00:00,-51.1,8.5,0.0,71,9,78,989.7
2027-08-21 18:00:00,-49.2,7.6,0.0,20,211,58,985.7
2027-08-21 19:00:00,-54.5,8.1,0.0,26,334,81,980.3
2027-08-21 20:00:00,-48.7,15.1,0.0,64,152,66,977.8
2027-08-21 21:00:00,-53.0,7.1,0.0,37,88,81,981.0
2027-08-21 22:00:00,-52.3,15.4,0.0,18,308,51,975.1
2027-08-21 23:00:00,-48.8,10.5,0.0,21,301,84,989.6
2027-08-22 00:00:00,-53.8,9.3,0.0,54,74,84,978.4
2027-08-22 01:00:00,-49.1,2.7,0.0,4,319,60,978.0
2027-08-22 02:00:00,-47.0,17.2,0.0,71,303,77,972.2
2027-08-22 03:00:00,-52.1,22.4,0.0,95,33,82,971.5
2027-08-22 04:00:00,-53.8,12.8,0.0,78,263,82,978.0
2027-08-22 05:00:00,-54.4,8.6,0.0,8,95,54,960.8
2027-08-22 06:00:00,-49.8,5.6,0.0,52,87,45,986.1
2027-08-22 07:00:00,-56.3,6.2,0.0,89,182,81,972.4
2027-08-22 08:00:00,-45.3,13.9,0.0,17,163,40,982.3
2027-08-22 09:00:00,-51.6,9.4,0.0,86,203,40,977.1
2027-08-22 10:00:00,-50.5,15.5,0.0,11,188,55,993.3
2027-08-22 11:00:00,-51.0,15.4,0.0,30,278,48,978.9
2027-08-22 12:00:00,-50.3,10.5,0.0,3,217,54,975.2
2027-08-22 13:00:00,-54.3,14.5,0.0,40,224,79,966.8
2027-08-22 14:00:00,-48.0,16.8,0.0,10,50,65,964.9
2027-08-22 15:00:00,-51.7,15.2,0.0,3,91,47,971.0
2027-08-22 16:00:00,-47.4,13.7,0.0,63,62,74,994.9
2027-08-22 17:00:00,-48.9,6.6,0.0,43,83,46,988.9
2027-08-22 18:00:00,-51.6,8.8,0.0,77,153,69,973.1
2027-08-22 19:00:00,-54.2,15.1,0.0,64,256,75,982.6
2027-08-22 20:00:00,-50.3,2.4,0.0,66,59,40,999.4
2027-08-22 21:00:00,-46.7,8.4,0.0,16,18,57,990.9
2027-08-22 22:00:00,-53.7,8.5,0.0,13,304,86,999.8
2027-08-22 23:00:00,-53.0,15.1,0.0,86,351,49,969.7
2027-08-23 00:00:00,-48.8,12.2,0.0,11,203,66,974.1
2027-08-23 01:00:00,-46.0,17.0,0.0,91,60,71,966.7
2027-08-23 02:00:00,-49.1,14.6,0.0,58,77,52,984.6
2027-08-23 03:00:00,-50.5,8.0,0.0,71,249,44,999.2
2027-08-23 04:00:00,-49.6,8.3,0.0,49,32,84,974.5
2027-08-23 05:00:00,-53.8,11.7,0.0,92,42,74,967.2
2027-08-23 06:00:00,-53.6,15.3,0.0,71,337,65,974.3
2027-08-23 07:00:00,-55.8,9.3,0.0,51,88,85,980.3
2027-08-23 08:00:00,-49.0,11.9,0.0,47,114,47,982.9
2027-08-23 09:00:00,-51.5,12.9,0.0,73,117,56,992.6
2027-08-23 10:00:00,-55.3,12.6,0.0,62,170,47,969.2
2027-08-23 11:00:00,-47.9,9.8,0.0,49,226,52,974.0
2027-08-23 12:00:00,-45.0,15.3,0.0,86,312,72,981.7
2027-08-23 13:00:00,-51.4,11.3,0.0,14,63,48,981.7
2027-08-23 14:00:00,-48.6,16.7,0.0,43,52,86,988.7
2027-08-23 15:00:00,-49.3,10.5,0.0,83,309,43,975.5
2027-08-23 16:00:00,-51.5,6.0,0.0,61,72,85,985.1
2027-08-23 17:00:00,-53.3,13.4,0.0,45,234,83,963.3
2027-08-23 18:00:00,-49.0,11.2,0.0,66,223,56,960.3
2027-08-23 19:00:00,-51.5,7.8,0.0,51,299,66,965.7
2027-08-23 20:00:00,-52.0,5.1,0.0,67,262,45,991.4
2027-08-23 21:00:00,-49.9,22.5,0.0,92,142,79,979.5
2027-08-23 22:00:00,-48.9,9.9,0.0,34,137,78,990.4
2027-08-23 23:00:00,-56.4,13.4,0.0,24,182,86,980.8
2027-08-24 00:00:00,-49.5,10.8,0.0,88,332,85,958.8
2027-08-24 01:00:00,-49.7,10.4,0.0,39,67,49,985.8
2027-08-24 02:00:00,-51.4,9.2,0.0,65,260,60,981.8
2027-08-24 03:00:00,-49.6,0.6,0.0,98,149,89,967.4
2027-08-24 04:00:00,-51.7,11.9,0.0,12,356,60,983.6
2027-08-24 05:00:00,-51.6,6.3,0.0,35,180,71,973.7
2027-08-24 06:00:00,-48.7,7.9,0.0,59,205,70,963.1
2027-08-24 07:00:00,-46.3,7.6,0.0,35,108,86,978.7
2027-08-24 08:00:00,-46.0,15.4,0.0,84,74,40,986.8
2027-08-24 09:00:00,-51.5,17.1,0.0,46,170,67,982.6
2027-08-24 10:00:00,-52.3,10.5,0.0,47,17,77,966.3
2027-08-24 11:00:00,-54.7,17.7,0.0,80,85,71,971.8
2027-08-24 12:00:00,-49.3,1.8,0.0,11,259,52,975.2
2027-08-24 13:00:00,-49.6,16.0,0.0,8,128,82,991.2
2027-08-24 14:00:00,-56.9,8.4,0.0,51,178,56,977.9
2027-08-24 15:00:00,-45.9,17.6,0.0,29,351,72,979.4
2027-08-24 16:00:00,-48.2,14.5,0.0,82,196,61,993.2
2027-08-24 17:00:00,-55.2,12.5,0.0,73,175,48,991.9
2027-08-24 18:00:00,-49.3,9.3,0.0,20,129,78,979.3
2027-08-24 19:00:00,-51.4,1.0,0.0,28,241,46,984.8
2027-08-24 20:00:00,-51.6,15.0,0.0,96,167,45,980.7
2027-08-24 21:00:00,-50.4,14.2,0.0,63,84,57,971.3
2027-08-24 22:00:00,-48.2,13.3,0.0,74,115,50,971.7
2027-08-24 23:00:00,-45.2,6.4,0.0,70,29,67,980.9
2027-08-25 00:00:00,-50.0,13.0,0.0,8,236,87,979.0
2027-08-25 01:00:00,-54.6,8.0,0.0,46,226,79,983.0
2027-08-25 02:00:00,-49.1,4.8,0.0,89,63,48,990.0
2027-08-25 03:00:00,-45.9,12.3,0.0,96,136,53,980.8
2027-08-25 04:00:00,-51.9,20.9,0.0,25,78,55,989.7
2027-08-25 05:00:00,-56.3,9.8,0.0,11,352,42,970.4
2027-08-25 06:00:00,-48.7,11.3,0.0,95,285,51,989.7
2027-08-25 07:00:00,-51.7,9.8,0.0,0,308,69,975.0
2027-08-25 08:00:00,-47.3,14.4,0.0,100,159,66,977.0
2027-08-25 09:00:00,-50.4,19.6,0.0,64,146,76,989.7
2027-08-25 10:00:00,-52.4,19.5,0.0,96,113,68,995.7
2027-08-25 11:00:00,-52.5,9.9,0.0,31,74,48,979.2
2027-08-25 12:00:00,-51.2,21.6,0.0,7,54,43,986.0
2027-08-25 13:00:00,-50.3,11.9,0.0,49,281,43,993.9
2027-08-25 14:00:00,-50.6,17.9,0.0,23,275,85,958.5
2027-08-25 15:00:00,-50.5,27.8,0.0,72,229,72,970.3
2027-08-25 16:00:00,-53.9,11.1,0.0,67,174,60,996.7
2027-08-25 17:00:00,-50.7,14.0,0.0,13,55,58,978.5
2027-08-25 18:00:00,-49.2,14.9,0.0,19,145,55,966.7
2027-08-25 19:00:00,-49.3,8.7,0.0,53,162,85,986.2
2027-08-25 20:00:00,-48.8,14.3,0.0,45,16,68,990.8
2027-08-25 21:00:00,-53.5,9.1,0.0,7,110,50,979.2
2027-08-25 22:00:00,-50.3,20.0,0.0,39,217,85,979.1
2027-08-25 23:00:00,-46.7,9.7,0.0,70,303,50,991.0
2027-08-26 00:00:00,-47.0,17.0,0.0,4,324,89,965.3
2027-08-26 01:00:00,-50.0,10.9,0.0,1,179,58,968.3
2027-08-26 02:00:00,-54.8,3.7,0.0,27,300,74,986.5
2027-08-26 03:00:00,-52.5,17.9,0.0,0,181,84,973.2
2027-08-26 04:00:00,-53.1,22.4,0.0,71,45,85,973.3
2027-08-26 05:00:00,-52.9,0.0,0.0,42,354,51,989.9
2027-08-26 06:00:00,-51.7,12.8,0.0,25,127,77,992.0
2027-08-26 07:00:00,-50.9,3.0,0.0,84,134,79,984.1
2027-08-26 08:00:00,-52.5,14.5,0.0,53,192,68,979.4
2027-08-26 09:00:00,-48.4,9.0,0.0,45,210,75,987.6
2027-08-26 10:00:00,-49.2,15.6,0.0,69,189,57,984.2
2027-08-26 11:00:00,-51.1,11.4,0.0,70,14,60,982.2
2027-08-26 12:00:00,-51.0,18.3,0.0,82,279,73,992.0
2027-08-26 13:00:00,-52.1,13.0,0.0,76,291,55,976.1
2027-08-26 14:00:00,-53.7,7.3,0.0,35,234,57,975.7
2027-08-26 15:00:00,-51.6,7.6,0.0,28,249,47,983.3
2027-08-26 16:00:00,-49.1,4.8,0.0,30,45,54,987.1
2027-08-26 17:00:00,-53.5,16.8,0.0,85,220,78,981.6
2027-08-26 18:00:00,-42.5,9.5,0.0,93,258,53,968.6
2027-08-26 19:00:00,-54.2,20.1,0.0,42,145,81,981.2
2027-08-26 20:00:00,-57.6,9.9,0.0,91,339,68,980.1
2027-08-26 21:00:00,-48.9,10.2,0.0,50,77,60,988.7
2027-08-26 22:00:00,-48.9,7.8,0.0,84,134,58,963.5
2027-08-26 23:00:00,-54.3,14.4,0.0,64,121,49,1000.7
2027-08-27 00:00:00,-45.6,12.6,0.0,29,64,79,978.6
2027-08-27 01:00:00,-48.8,3.0,0.0,68,313,70,1004.9
2027-08-27 02:00:00,-50.6,25.8,0.0,47,271,68,987.4
2027-08-27 03:00:00,-53.3,12.9,0.0,28,24,52,986.9
2027-08-27 04:00:00,-51.7,8.4,0.0,99,95,57,977.1
2027-08-27 05:00:00,-52.0,3.9,0.0,5,142,64,969.2
2027-08-27 06:00:00,-50.2,14.5,0.0,4,205,88,965.7
2027-08-27 07:00:00,-47.3,8.1,0.0,73,278,51,961.5
2027-08-27 08:00:00,-50.3,14.8,0.0,11,17,40,983.9
2027-08-27 09:00:00,-55.0,9.8,0.0,31,260,55,960.5
2027-08-27 10:00:00,-51.8,12.6,0.0,24,255,62,984.8
2027-08-27 11:00:00,-48.7,11.6,0.0,55,179,44,971.2
2027-08-27 12:00:00,-56.3,2.7,0.0,52,147,88,989.1
2027-08-27 13:00:00,-53.5,0.0,0.0,3,27,70,964.4
2027-08-27 14:00:00,-47.7,15.6,0.0,23,129,79,971.8
2027-08-27 15:00:00,-53.3,10.0,0.0,73,125,56,979.6
2027-08-27 16:00:00,-45.6,16.7,0.0,59,331,71,981.9
2027-08-27 17:00:00,-46.0,14.9,0.0,55,172,88,987.1
2027-08-27 18:00:00,-49.0,11.7,0.0,77,143,86,972.0
2027-08-27 19:00:00,-46.1,16.2,0.0,54,129,65,962.2
2027-08-27 20:00:00,-47.9,9.2,0.0,16,164,60,959.2
2027-08-27 21:00:00,-49.8,15.1,0.0,51,162,66,992.1
2027-08-27 22:00:00,-47.1,16.8,0.0,42,205,72,977.7
2027-08-27 23:00:00,-53.0,8.8,0.0,58,142,66,992.6
2027-08-28 00:00:00,-48.8,3.8,0.0,68,264,65,993.6
2027-08-28 01:00:00,-50.3,7.9,0.0,38,351,77,965.3
2027-08-28 02:00:00,-50.7,16.9,0.0,46,326,62,994.5
2027-08-28 03:00:00,-48.3,12.4,0.0,78,186,75,992.5
2027-08-28 04:00:00,-54.0,13.2,0.0,49,275,77,977.3
2027-08-28 05:00:00,-52.4,9.1,0.0,45,289,83,978.4
2027-08-28 06:00:00,-47.6,19.1,0.0,9,84,57,987.4
2027-08-28 07:00:00,-50.6,16.6,0.0,49,79,44,974.2
2027-08-28 08:00:00,-52.1,10.5,0.0,45,358,55,988.2
2027-08-28 09:00:00,-47.0,18.7,0.0,69,143,82,1002.8
2027-08-28 10:00:00,-44.9,14.7,0.0,31,113,82,983.6
2027-08-28 11:00:00,-50.5,14.8,0.0,79,103,56,987.4
2027-08-28 12:00:00,-49.2,3.1,0.0,53,160,71,989.9
2027-08-28 13:00:00,-51.7,21.4,0.0,29,146,42,970.1
2027-08-28 14:00:00,-47.7,8.4,0.0,71,174,84,992.5
2027-08-28 15:00:00,-55.0,9.6,0.0,74,108,41,979.3
2027-08-28 16:00:00,-46.8,2.3,0.0,25,262,77,963.8
2027-08-28 17:00:00,-51.5,8.6,0.0,60,148,41,975.6
2027-08-28 18:00:00,-48.9,10.7,0.0,61,161,50,981.3
2027-08-28 19:00:00,-50.6,21.8,0.0,64,52,67,966.3
2027-08-28 20:00:00,-45.9,12.3,0.0,94,330,74,975.9
2027-08-28 21:00:00,-48.1,14.7,0.0,56,303,71,986.9
2027-08-28 22:00:00,-48.0,16.2,0.0,66,305,57,983.6
2027-08-28 23:00:00,-51.1,17.9,0.0,46,347,68,978.6
2027-08-29 00:00:00,-51.1,9.6,0.0,19,158,55,987.8
2027-08-29 01:00:00,-50.1,14.2,0.0,37,98,48,990.1
2027-08-29 02:00:00,-48.6,17.5,0.0,59,70,83,980.0
2027-08-29 03:00:00,-50.3,5.8,0.0,25,297,43,973.2
2027-08-29 04:00:00,-50.5,13.5,0.0,70,272,83,988.8
2027-08-29 05:00:00,-46.5,6.2,422.0,78,333,50,985.6
2027-08-29 06:00:00,-50.0,5.9,463.5,8,279,51,979.9
2027-08-29 07:00:00,-52.2,13.4,317.6,85,318,66,992.9
2027-08-29 08:00:00,-43.8,11.2,238.0,55,188,71,967.4
2027-08-29 09:00:00,-52.3,17.4,420.1,59,156,52,994.6
2027-08-29 10:00:00,-43.8,9.7,423.2,97,4,88,975.6
2027-08-29 11:00:00,-57.1,21.3,423.2,50,280,84,973.9
2027-08-29 12:00:00,-48.4,10.3,463.1,18,88,73,970.9
2027-08-29 13:00:00,-50.7,12.3,345.6,32,163,74,986.9
2027-08-29 14:00:00,-52.1,18.6,402.2,95,73,63,972.6
2027-08-29 15:00:00,-49.5,8.3,417.0,88,266,57,983.2
2027-08-29 16:00:00,-48.6,16.5,276.4,30,154,52,980.6
2027-08-29 17:00:00,-47.5,8.4,412.5,44,298,57,963.6
2027-08-29 18:00:00,-47.7,14.2,462.2,74,156,87,979.2
2027-08-29 19:00:00,-50.3,4.8,306.5,64,261,78,1006.1
2027-08-29 20:00:00,-45.8,11.2,480.2,51,129,81,970.4
2027-08-29 21:00:00,-44.5,14.7,323.6,67,183,80,979.1
2027-08-29 22:00:00,-51.0,2.9,0.0,18,288,51,979.5
2027-08-29 23:00:00,-47.0,20.1,0.0,36,65,62,967.5
2027-08-30 00:00:00,-47.0,9.2,0.0,30,128,77,984.1
2027-08-30 01:00:00,-44.5,8.6,0.0,5,247,48,985.9
2027-08-30 02:00:00,-46.7,25.2,0.0,90,52,62,980.2
2027-08-30 03:00:00,-47.9,23.3,0.0,52,27,76,978.2
2027-08-30 04:00:00,-48.6,4.1,0.0,56,223,57,981.7
2027-08-30 05:00:00,-45.2,14.6,425.4,51,288,86,974.3
2027-08-30 06:00:00,-51.1,15.8,293.4,36,270,50,975.6
2027-08-30 07:00:00,-49.9,7.8,298.4,52,76,42,978.1
2027-08-30 08:00:00,-49.8,13.5,277.3,84,4,40,979.2
2027-08-30 09:00:00,-45.0,15.9,472.0,49,192,70,974.8
2027-08-30 10:00:00,-44.0,14.3,445.9,69,269,61,990.5
2027-08-30 11:00:00,-45.5,4.7,460.8,87,265,87,991.6
2027-08-30 12:00:00,-51.8,11.2,463.8,75,15,79,990.3
2027-08-30 13:00:00,-47.0,19.4,406.7,58,334,69,982.4
2027-08-30 14:00:00,-47.7,15.8,479.6,6,154,77,970.3
2027-08-30 15:00:00,-51.8,5.0,260.7,17,99,67,979.3
2027-08-30 16:00:00,-45.9,11.4,343.3,0,227,45,974.5
2027-08-30 17:00:00,-48.0,7.6,302.1,57,227,84,963.2
2027-08-30 18:00:00,-43.9,21.7,524.6,98,345,44,974.7
2027-08-30 19:00:00,-45.2,16.2,548.5,68,231,63,988.3
2027-08-30 20:00:00,-55.9,12.2,412.3,25,231,75,998.2
2027-08-30 21:00:00,-56.7,12.3,501.0,7,26,66,989.1
2027-08-30 22:00:00,-48.8,15.5,0.0,90,170,50,985.2
2027-08-30 23:00:00,-48.0,18.9,0.0,9,37,52,979.4
2027-08-31 00:00:00,-54.7,16.5,0.0,66,31,64,987.5
2027-08-31 01:00:00,-53.2,17.9,0.0,21,265,87,987.4
2027-08-31 02:00:00,-51.1,19.7,0.0,73,204,57,982.5
2027-08-31 03:00:00,-45.9,11.9,0.0,66,50,54,989.3
2027-08-31 04:00:00,-51.7,11.2,0.0,67,8,86,976.3
2027-08-31 05:00:00,-49.4,16.0,525.2,15,209,82,973.8
2027-08-31 06:00:00,-47.8,14.9,334.0,69,268,88,980.2
2027-08-31 07:00:00,-50.6,8.1,452.8,91,193,57,980.0
2027-08-31 08:00:00,-49.9,24.0,293.0,36,43,46,975.8
2027-08-31 09:00:00,-53.5,10.8,184.5,73,169,68,979.2
2027-08-31 10:00:00,-48.9,14.3,556.1,16,82,66,977.2
2027-08-31 11:00:00,-52.4,6.0,490.6,62,118,45,969.8
2027-08-31 12:00:00,-49.4,15.2,354.0,91,27,50,966.7
2027-08-31 13:00:00,-46.2,22.3,351.5,64,69,58,972.5
2027-08-31 14:00:00,-52.0,8.0,286.5,80,129,55,994.8
2027-08-31 15:00:00,-47.2,7.9,250.7,16,169,74,967.5
2027-08-31 16:00:00,-45.0,7.9,269.7,61,48,89,982.7
2027-08-31 17:00:00,-46.2,14.6,538.2,86,225,78,988.8
2027-08-31 18:00:00,-44.5,11.1,397.3,14,134,66,989.2
2027-08-31 19:00:00,-50.6,10.0,574.3,38,74,70,994.0
2027-08-31 20:00:00,-46.3,14.6,410.5,73,210,88,975.4
2027-08-31 21:00:00,-45.5,16.5,431.3,15,237,49,985.1
2027-08-31 22:00:00,-49.1,12.8,0.0,88,95,89,986.6
2027-08-31 23:00:00,-48.5,20.3,0.0,75,102,41,981.4
2027-09-01 00:00:00,-51.3,4.0,0.0,61,23,61,966.3
2027-09-01 01:00:00,-45.6,8.4,0.0,33,178,40,973.1
2027-09-01 02:00:00,-50.4,9.0,0.0,4,81,48,968.5
2027-09-01 03:00:00,-44.5,13.1,0.0,35,4,87,988.2
2027-09-01 04:00:00,-53.4,8.4,0.0,33,253,54,974.4
2027-09-01 05:00:00,-48.4,18.8,280.4,42,247,61,966.1
2027-09-01 06:00:00,-49.9,3.9,326.2,39,295,43,974.2
2027-09-01 07:00:00,-47.6,10.2,391.5,37,7,47,979.6
2027-09-01 08:00:00,-46.0,16.5,551.7,56,80,60,984.3
2027-09-01 09:00:00,-49.2,4.7,467.1,20,347,57,993.0
2027-09-01 10:00:00,-44.8,10.1,315.9,31,232,68,980.5
2027-09-01 11:00:00,-46.1,7.8,378.1,59,144,74,971.3
2027-09-01 12:00:00,-52.4,12.4,437.0,75,325,60,989.6
2027-09-01 13:00:00,-45.7,12.9,573.5,2,344,48,976.4
2027-09-01 14:00:00,-50.5,16.2,585.5,100,188,69,980.8
2027-09-01 15:00:00,-50.9,15.3,483.1,63,19,41,1000.9
2027-09-01 16:00:00,-53.3,9.8,352.2,91,49,48,983.8
2027-09-01 17:00:00,-51.7,14.3,338.8,12,191,67,968.7
2027-09-01 18:00:00,-52.3,17.0,213.7,12,345,59,980.2
2027-09-01 19:00:00,-45.5,12.7,381.7,14,81,78,968.7
2027-09-01 20:00:00,-48.6,13.6,293.5,99,1,45,983.2
2027-09-01 21:00:00,-49.1,13.4,392.4,18,74,79,972.5
2027-09-01 22:00:00,-45.3,8.3,0.0,9,303,73,984.9
2027-09-01 23:00:00,-51.1,4.0,0.0,51,79,81,966.9
2027-09-02 00:00:00,-47.7,11.7,0.0,99,75,89,975.0
2027-09-02 01:00:00,-51.8,14.1,0.0,3,359,63,995.0
2027-09-02 02:00:00,-49.2,11.7,0.0,86,141,40,975.8
2027-09-02 03:00:00,-47.1,11.3,0.0,55,339,87,997.2
2027-09-02 04:00:00,-48.9,7.3,0.0,30,1,76,987.8
2027-09-02 05:00:00,-51.7,5.9,298.1,86,313,57,980.8
2027-09-02 06:00:00,-52.4,10.8,639.1,27,29,54,980.9
2027-09-02 07:00:00,-50.2,10.5,635.9,37,91,75,968.7
2027-09-02 08:00:00,-42.1,10.2,355.1,59,262,69,976.6
2027-09-02 09:00:00,-49.0,10.4,627.9,39,197,82,968.5
2027-09-02 10:00:00,-47.0,15.5,219.1,91,35,76,977.0
2027-09-02 11:00:00,-47.9,12.9,373.8,76,65,59,974.1
2027-09-02 12:00:00,-46.4,5.2,221.6,56,268,57,992.5
2027-09-02 13:00:00,-51.4,17.1,431.3,98,72,63,989.6
2027-09-02 14:00:00,-51.3,11.9,341.2,80,314,78,972.9
2027-09-02 15:00:00,-47.3,17.1,336.6,66,90,76,982.9
2027-09-02 16:00:00,-48.7,6.0,550.1,1,184,59,962.2
2027-09-02 17:00:00,-50.0,23.8,437.3,26,206,45,975.9
2027-09-02 18:00:00,-50.5,10.3,488.9,2,238,50,968.3
2027-09-02 19:00:00,-47.8,8.2,405.6,41,335,67,979.6
2027-09-02 20:00:00,-47.8,20.0,570.9,32,137,41,990.8
2027-09-02 21:00:00,-46.0,5.4,473.8,83,188,80,981.5
2027-09-02 22:00:00,-50.3,11.3,0.0,17,252,71,961.4
2027-09-02 23:00:00,-43.4,17.2,0.0,92,285,53,978.9
2027-09-03 00:00:00,-55.0,1.8,0.0,2,112,45,968.9
2027-09-03 01:00:00,-49.0,17.8,0.0,52,99,62,980.0
2027-09-03 02:00:00,-54.1,16.6,0.0,32,30,77,962.3
2027-09-03 03:00:00,-50.7,6.8,0.0,94,179,80,987.7
2027-09-03 04:00:00,-43.6,23.6,0.0,6,286,76,991.7
2027-09-03 05:00:00,-48.3,15.0,552.9,50,166,49,968.1
2027-09-03 06:00:00,-52.6,14.7,342.9,12,243,66,981.0
2027-09-03 07:00:00,-53.0,14.4,436.8,50,341,87,991.3
2027-09-03 08:00:00,-53.9,20.0,401.5,94,174,64,986.0
2027-09-03 09:00:00,-48.2,12.1,476.9,22,210,66,995.9
2027-09-03 10:00:00,-49.3,13.7,472.1,31,222,46,983.0
2027-09-03 11:00:00,-44.9,14.8,498.1,90,275,73,969.4
2027-09-03 12:00:00,-54.2,11.8,472.0,83,61,80,984.3
2027-09-03 13:00:00,-47.6,21.8,299.1,35,261,52,984.8
2027-09-03 14:00:00,-45.5,6.9,387.2,45,37,53,973.0
2027-09-03 15:00:00,-51.6,9.6,326.0,87,2,60,986.0
2027-09-03 16:00:00,-47.9,11.8,296.9,86,190,75,986.9
2027-09-03 17:00:00,-51.6,16.6,488.1,50,141,56,993.1
2027-09-03 18:00:00,-52.6,6.0,433.0,53,261,82,998.4
2027-09-03 19:00:00,-47.5,9.6,415.9,45,282,88,999.5
2027-09-03 20:00:00,-47.6,21.8,408.3,39,13,80,971.4
2027-09-03 21:00:00,-49.4,19.3,322.3,80,289,60,972.2
2027-09-03 22:00:00,-49.5,3.8,0.0,56,90,72,957.4
2027-09-03 23:00:00,-48.7,9.9,0.0,35,109,62,964.8
2027-09-04 00:00:00,-49.0,6.2,0.0,74,81,46,974.1
2027-09-04 01:00:00,-45.9,8.2,0.0,83,283,80,980.9
2027-09-04 02:00:00,-46.8,19.1,0.0,38,139,48,971.1
2027-09-04 03:00:00,-48.3,13.4,0.0,68,184,51,970.2
2027-09-04 04:00:00,-44.4,9.4,0.0,74,359,48,980.2
2027-09-04 05:00:00,-51.6,8.9,369.8,11,104,87,973.3
2027-09-04 06:00:00,-47.1,15.7,333.6,52,332,89,971.7
2027-09-04 07:00:00,-48.3,0.6,405.0,26,10,63,972.6
2027-09-04 08:00:00,-50.0,7.9,547.7,29,118,74,975.0
2027-09-04 09:00:00,-45.4,12.3,240.9,35,178,40,974.3
2027-09-04 10:00:00,-48.5,6.5,513.4,26,332,42,973.5
2027-09-04 11:00:00,-49.2,16.6,323.7,5,233,89,977.5
2027-09-04 12:00:00,-49.1,11.7,372.6,61,67,74,983.0
2027-09-04 13:00:00,-47.2,11.3,57.5,64,147,41,986.1
2027-09-04 14:00:00,-47.9,10.6,233.1,2,220,47,964.2
2027-09-04 15:00:00,-45.3,10.4,328.1,9,255,52,978.8
2027-09-04 16:00:00,-47.5,20.3,316.6,86,150,58,988.4
2027-09-04 17:00:00,-46.1,6.3,334.1,22,124,79,989.5
2027-09-04 18:00:00,-46.7,12.5,467.9,41,87,42,991.2
2027-09-04 19:00:00,-48.8,11.5,545.5,50,19,46,997.0
2027-09-04 20:00:00,-54.3,14.8,407.2,57,34,54,978.6
2027-09-04 21:00:00,-45.5,2.3,455.2,66,132,54,978.6
2027-09-04 22:00:00,-48.2,17.2,0.0,49,243,43,958.6
2027-09-04 23:00:00,-48.7,9.0,0.0,54,44,59,974.6
2027-09-05 00:00:00,-49.7,16.1,0.0,46,333,71,980.9
2027-09-05 01:00:00,-49.3,12.5,0.0,28,245,48,968.2
2027-09-05 02:00:00,-46.0,9.1,0.0,69,164,55,979.9
2027-09-05 03:00:00,-51.9,18.3,0.0,65,270,73,981.0
2027-09-05 04:00:00,-47.5,18.0,0.0,66,277,54,982.6
2027-09-05 05:00:00,-47.8,4.2,377.7,99,54,76,981.9
2027-09-05 06:00:00,-51.9,12.3,202.0,45,31,88,963.9
2027-09-05 07:00:00,-48.5,6.9,602.3,12,54,68,979.3
2027-09-05 08:00:00,-54.0,13.7,380.8,72,305,70,961.5
2027-09-05 09:00:00,-50.9,2.8,448.7,34,308,43,973.1
2027-09-05 10:00:00,-48.0,4.1,497.6,36,260,46,979.2
2027-09-05 11:00:00,-41.4,14.2,369.4,50,309,64,974.2
2027-09-05 12:00:00,-45.8,14.2,338.1,41,115,47,975.8
2027-09-05 13:00:00,-50.2,14.9,420.9,69,252,82,992.4
2027-09-05 14:00:00,-46.0,0.0,525.5,85,17,73,975.4
2027-09-05 15:00:00,-45.5,0.9,405.0,29,172,78,986.2
2027-09-05 16:00:00,-49.2,16.5,319.6,0,136,54,984.0
2027-09-05 17:00:00,-45.0,13.4,509.4,95,199,55,975.0
2027-09-05 18:00:00,-42.4,3.4,155.9,89,301,75,989.9
2027-09-05 19:00:00,-46.6,20.2,546.7,54,122,40,989.5
2027-09-05 20:00:00,-48.1,18.3,564.1,35,32,66,971.0
2027-09-05 21:00:00,-49.6,8.3,476.9,74,161,61,975.9
2027-09-05 22:00:00,-47.3,8.9,0.0,87,193,46,982.1
2027-09-05 23:00:00,-45.7,3.3,0.0,9,111,45,986.7
2027-09-06 00:00:00,-47.1,12.0,0.0,7,216,89,988.9
2027-09-06 01:00:00,-49.1,8.1,0.0,87,323,44,966.1
2027-09-06 02:00:00,-46.9,12.6,0.0,27,5,50,966.0
2027-09-06 03:00:00,-43.4,6.6,0.0,35,222,44,966.1
2027-09-06 04:00:00,-52.7,6.4,0.0,60,306,88,963.8
2027-09-06 05:00:00,-52.9,16.1,430.0,24,140,51,988.5
2027-09-06 06:00:00,-44.8,12.8,407.5,69,327,89,985.5
2027-09-06 07:00:00,-46.5,18.0,545.9,38,131,82,980.2
2027-09-06 08:00:00,-48.9,10.1,395.5,64,352,68,974.4
2027-09-06 09:00:00,-48.5,4.9,468.8,53,214,57,983.9
2027-09-06 10:00:00,-47.2,11.9,445.1,47,262,47,978.7
2027-09-06 11:00:00,-40.3,13.8,382.1,75,2,71,969.9
2027-09-06 12:00:00,-48.0,12.9,520.6,61,298,53,988.7
2027-09-06 13:00:00,-50.4,4.8,519.4,7,146,53,973.8
2027-09-06 14:00:00,-51.0,3.1,344.1,93,171,84,973.3
2027-09-06 15:00:00,-46.9,13.0,554.6,72,338,73,971.5
2027-09-06 16:00:00,-47.6,10.9,305.0,95,26,51,957.5
2027-09-06 17:00:00,-47.7,13.3,394.0,54,105,48,960.1
2027-09-06 18:00:00,-48.7,10.3,503.2,43,99,74,997.0
2027-09-06 19:00:00,-49.3,11.2,431.4,31,342,73,980.3
2027-09-06 20:00:00,-49.8,7.0,417.0,79,256,67,976.4
2027-09-06 21:00:00,-45.7,23.5,368.2,62,120,74,963.1
2027-09-06 22:00:00,-49.3,2.3,0.0,87,115,81,994.5
2027-09-06 23:00:00,-53.9,4.5,0.0,34,253,42,975.9
2027-09-07 00:00:00,-46.9,18.9,0.0,78,200,50,982.2
2027-09-07 01:00:00,-48.2,9.0,0.0,27,7,54,980.7
2027-09-07 02:00:00,-51.9,13.6,0.0,91,254,53,981.5
2027-09-07 03:00:00,-44.7,8.8,0.0,33,7,77,981.0
2027-09-07 04:00:00,-45.3,10.1,0.0,10,83,89,975.7
2027-09-07 05:00:00,-47.9,20.2,247.4,27,140,70,981.6
2027-09-07 06:00:00,-47.7,14.1,427.4,94,62,68,975.8
2027-09-07 07:00:00,-46.3,14.4,458.5,100,290,51,974.1
2027-09-07 08:00:00,-44.9,9.1,380.1,82,39,56,996.2
2027-09-07 09:00:00,-45.6,2.1,456.7,89,160,85,972.9
2027-09-07 10:00:00,-47.5,12.5,215.0,91,169,71,979.1
2027-09-07 11:00:00,-46.6,7.7,351.4,75,162,74,971.5
2027-09-07 12:00:00,-49.8,15.5,425.9,7,208,46,985.4
2027-09-07 13:00:00,-51.0,14.4,388.3,46,155,40,988.8
2027-09-07 14:00:00,-43.2,7.0,543.6,90,103,58,974.4
2027-09-07 15:00:00,-50.8,11.9,273.3,100,335,82,975.7
2027-09-07 16:00:00,-48.6,4.8,412.9,93,317,82,984.1
2027-09-07 17:00:00,-48.4,9.1,452.9,66,334,49,984.2
2027-09-07 18:00:00,-46.7,15.7,250.2,7,89,51,981.6
2027-09-07 19:00:00,-48.7,13.8,474.6,87,140,44,979.2
2027-09-07 20:00:00,-44.1,13.4,398.2,48,11,68,985.7
2027-09-07 21:00:00,-48.4,8.7,476.0,75,286,71,991.4
2027-09-07 22:00:00,-43.9,10.9,0.0,29,216,82,975.3
2027-09-07 23:00:00,-42.8,18.0,0.0,35,154,48,968.0
2027-09-08 00:00:00,-48.2,12.4,0.0,84,113,54,993.3
2027-09-08 01:00:00,-46.6,20.9,0.0,6,276,59,1009.6
2027-09-08 02:00:00,-46.4,8.0,0.0,86,247,71,969.4
2027-09-08 03:00:00,-43.4,11.2,0.0,53,253,59,977.8
2027-09-08 04:00:00,-50.1,10.3,0.0,82,308,40,994.9
2027-09-08 05:00:00,-53.7,4.6,403.0,75,221,73,982.4
2027-09-08 06:00:00,-45.8,10.8,431.0,38,251,75,979.5
2027-09-08 07:00:00,-47.5,10.2,277.2,33,90,76,985.3
2027-09-08 08:00:00,-48.4,5.2,534.8,38,100,51,970.0
2027-09-08 09:00:00,-46.9,12.2,330.2,18,155,78,994.1
2027-09-08 10:00:00,-45.7,13.9,399.9,86,282,85,987.5
2027-09-08 11:00:00,-46.8,16.5,617.8,12,102,74,980.4
2027-09-08 12:00:00,-46.9,13.8,361.1,61,198,79,976.1
2027-09-08 13:00:00,-50.3,10.6,452.8,38,73,61,970.8
2027-09-08 14:00:00,-47.5,14.3,470.4,16,6,56,983.1
2027-09-08 15:00:00,-44.3,15.6,442.8,2,253,84,979.5
2027-09-08 16:00:00,-44.2,10.5,629.1,35,11,83,965.8
2027-09-08 17:00:00,-46.2,11.7,453.1,22,99,75,978.1
2027-09-08 18:00:00,-48.3,5.9,452.5,63,254,56,969.3
2027-09-08 19:00:00,-45.2,9.0,172.3,13,69,65,978.9
2027-09-08 20:00:00,-48.7,7.0,180.8,91,138,54,981.1
2027-09-08 21:00:00,-43.3,11.4,117.2,15,259,85,968.3
2027-09-08 22:00:00,-45.9,19.9,0.0,86,43,45,970.5
2027-09-08 23:00:00,-48.9,17.1,0.0,98,109,79,984.7
2027-09-09 00:00:00,-46.1,12.2,0.0,42,66,61,982.6
2027-09-09 01:00:00,-50.9,7.8,0.0,29,16,74,978.0
2027-09-09 02:00:00,-51.8,7.0,0.0,89,263,41,989.9
2027-09-09 03:00:00,-48.9,11.8,0.0,61,13,87,987.4
2027-09-09 04:00:00,-53.8,10.1,0.0,83,145,54,969.0
2027-09-09 05:00:00,-50.2,12.4,246.1,38,339,63,983.9
2027-09-09 06:00:00,-43.3,1.0,456.7,60,227,86,980.3
2027-09-09 07:00:00,-44.8,8.6,392.0,97,142,57,979.9
2027-09-09 08:00:00,-47.7,12.6,417.3,65,18,72,990.2
2027-09-09 09:00:00,-48.6,10.4,447.1,19,104,52,977.1
2027-09-09 10:00:00,-47.1,5.8,361.5,86,216,52,976.1
2027-09-09 11:00:00,-49.3,15.1,407.7,71,163,41,992.0
2027-09-09 12:00:00,-43.8,14.9,339.9,14,222,63,962.5
2027-09-09 13:00:00,-49.2,15.7,289.8,49,305,57,987.8
2027-09-09 14:00:00,-48.2,5.2,527.8,54,294,84,988.5
2027-09-09 15:00:00,-41.4,3.5,295.3,64,235,64,973.3
2027-09-09 16:00:00,-46.6,16.6,278.1,45,220,44,997.5
2027-09-09 17:00:00,-45.5,23.5,480.2,59,346,84,985.0
2027-09-09 18:00:00,-43.6,5.1,386.1,16,220,60,975.3
2027-09-09 19:00:00,-48.7,24.2,407.9,95,7,57,968.7
2027-09-09 20:00:00,-50.5,15.4,282.4,87,118,64,992.4
2027-09-09 21:00:00,-47.9,13.8,296.7,34,133,63,990.2
2027-09-09 22:00:00,-44.7,19.5,0.0,74,266,41,985.1
2027-09-09 23:00:00,-41.4,15.1,0.0,80,334,74,986.1
2027-09-10 00:00:00,-50.6,14.5,0.0,2,272,71,985.7
2027-09-10 01:00:00,-46.5,8.2,0.0,19,256,84,997.2
2027-09-10 02:00:00,-43.3,5.9,0.0,70,247,71,981.1
2027-09-10 03:00:00,-49.0,13.4,0.0,30,148,51,970.2
2027-09-10 04:00:00,-42.4,11.5,0.0,65,345,61,967.3
2027-09-10 05:00:00,-48.5,17.4,464.2,39,340,40,975.9
2027-09-10 06:00:00,-50.5,17.0,569.2,29,354,72,993.8
2027-09-10 07:00:00,-44.9,7.3,451.0,11,1,60,982.4
2027-09-10 08:00:00,-45.6,14.2,431.8,35,227,66,989.5
2027-09-10 09:00:00,-49.0,12.3,565.4,50,147,81,963.9
2027-09-10 10:00:00,-45.1,20.3,346.3,5,333,43,975.4
2027-09-10 11:00:00,-47.1,5.3,595.1,30,172,75,994.3
2027-09-10 12:00:00,-49.3,21.6,450.7,85,351,82,984.0
2027-09-10 13:00:00,-44.4,24.7,391.3,5,193,56,988.1
2027-09-10 14:00:00,-48.0,17.2,389.3,68,220,60,964.5
2027-09-10 15:00:00,-50.7,17.4,268.5,48,133,80,972.8
2027-09-10 16:00:00,-45.9,11.5,449.4,74,341,73,958.9
2027-09-10 17:00:00,-47.1,12.0,420.3,0,46,62,983.7
2027-09-10 18:00:00,-50.4,13.7,461.0,14,131,52,995.9
2027-09-10 19:00:00,-42.2,11.1,490.6,28,206,64,972.9
2027-09-10 20:00:00,-44.5,10.3,569.8,93,17,41,984.7
2027-09-10 21:00:00,-49.5,9.4,260.4,94,141,45,966.9
2027-09-10 22:00:00,-44.4,16.2,0.0,6,87,47,978.6
2027-09-10 23:00:00,-43.7,15.7,0.0,86,175,66,977.6
2027-09-11 00:00:00,-48.0,9.2,0.0,40,41,48,981.0
2027-09-11 01:00:00,-49.7,18.1,0.0,27,103,51,989.9
2027-09-11 02:00:00,-43.6,7.4,0.0,70,70,77,982.3
2027-09-11 03:00:00,-46.9,11.3,0.0,65,239,70,979.6
2027-09-11 04:00:00,-47.7,12.9,0.0,35,122,50,982.0
2027-09-11 05:00:00,-46.1,13.8,290.4,85,228,42,975.6
2027-09-11 06:00:00,-42.1,11.4,436.1,6,298,60,994.8
2027-09-11 07:00:00,-39.4,17.0,388.5,56,31,59,986.8
2027-09-11 08:00:00,-48.9,18.5,424.6,2,357,78,961.1
2027-09-11 09:00:00,-44.8,14.6,516.4,46,262,81,966.2
2027-09-11 10:00:00,-41.8,9.7,477.6,83,147,59,971.1
2027-09-11 11:00:00,-48.5,13.3,370.6,48,223,72,987.8
2027-09-11 12:00:00,-50.0,15.9,375.7,46,266,75,976.9
2027-09-11 13:00:00,-38.9,12.9,411.3,3,281,73,976.6
2027-09-11 14:00:00,-48.3,19.7,324.6,19,35,85,983.9
2027-09-11 15:00:00,-42.7,14.3,464.3,89,118,55,978.9
2027-09-11 16:00:00,-44.1,14.9,300.3,5,80,45,986.7
2027-09-11 17:00:00,-43.2,5.7,273.8,34,32,63,969.1
2027-09-11 18:00:00,-46.8,9.7,244.3,22,204,50,964.4
2027-09-11 19:00:00,-48.4,18.8,164.2,75,224,48,988.8
2027-09-11 20:00:00,-46.1,16.3,392.9,3,25,56,984.1
2027-09-11 21:00:00,-47.7,14.1,369.0,69,197,76,973.1
2027-09-11 22:00:00,-49.3,11.2,0.0,47,62,64,986.6
2027-09-11 23:00:00,-49.4,8.1,0.0,36,238,55,983.7
2027-09-12 00:00:00,-45.0,9.8,0.0,95,295,74,960.0
2027-09-12 01:00:00,-45.5,17.7,0.0,36,96,83,981.8
2027-09-12 02:00:00,-49.7,23.2,0.0,62,147,78,999.1
2027-09-12 03:00:00,-43.6,13.4,0.0,39,314,73,974.0
2027-09-12 04:00:00,-41.6,9.7,0.0,17,256,59,969.6
2027-09-12 05:00:00,-41.3,3.1,488.2,57,154,49,969.2
2027-09-12 06:00:00,-48.2,22.3,307.5,89,119,66,990.9
2027-09-12 07:00:00,-51.0,17.9,351.7,64,16,57,994.2
2027-09-12 08:00:00,-50.3,12.9,467.0,48,53,65,982.5
2027-09-12 09:00:00,-46.9,15.2,579.6,90,321,67,979.8
2027-09-12 10:00:00,-49.3,15.4,441.3,64,11,70,998.1
2027-09-12 11:00:00,-50.1,9.7,565.6,61,246,70,978.4
2027-09-12 12:00:00,-42.7,13.5,298.4,16,216,71,985.1
2027-09-12 13:00:00,-45.6,16.7,422.8,46,149,89,977.2
2027-09-12 14:00:00,-44.9,8.6,327.1,54,240,43,974.8
2027-09-12 15:00:00,-40.2,16.0,377.7,65,148,87,978.7
2027-09-12 16:00:00,-48.5,8.7,300.5,59,287,87,984.9
2027-09-12 17:00:00,-42.2,14.2,365.0,40,138,53,980.3
2027-09-12 18:00:00,-46.6,13.8,400.7,31,69,86,975.0
2027-09-12 19:00:00,-47.4,21.2,407.9,13,248,72,963.6
2027-09-12 20:00:00,-43.9,18.5,190.8,42,128,44,965.3
2027-09-12 21:00:00,-47.5,10.7,440.5,33,0,48,966.5
2027-09-12 22:00:00,-51.6,5.7,0.0,72,172,72,964.0
2027-09-12 23:00:00,-41.8,14.2,0.0,85,260,54,990.7
2027-09-13 00:00:00,-47.2,9.6,0.0,32,259,40,968.5
2027-09-13 01:00:00,-47.3,13.4,0.0,35,150,89,980.5
2027-09-13 02:00:00,-46.8,3.1,0.0,65,33,67,971.6
2027-09-13 03:00:00,-42.8,18.5,0.0,81,355,42,976.6
2027-09-13 04:00:00,-47.8,12.3,0.0,21,217,89,980.1
2027-09-13 05:00:00,-43.2,6.1,436.2,40,72,81,988.2
2027-09-13 06:00:00,-44.9,13.1,372.6,100,125,49,999.3
2027-09-13 07:00:00,-43.2,17.2,366.2,58,68,86,988.0
2027-09-13 08:00:00,-49.0,16.0,505.3,76,221,82,991.3
2027-09-13 09:00:00,-47.2,9.9,561.3,53,274,54,988.9
2027-09-13 10:00:00,-44.0,13.9,385.6,79,203,76,982.3
2027-09-13 11:00:00,-47.4,9.5,509.6,8,355,48,996.9
2027-09-13 12:00:00,-45.4,13.2,320.0,53,297,76,977.4
2027-09-13 13:00:00,-44.3,20.2,504.5,10,16,62,986.1
2027-09-13 14:00:00,-41.4,10.1,366.6,11,106,49,979.1
2027-09-13 15:00:00,-44.3,16.3,406.9,56,280,62,968.0
2027-09-13 16:00:00,-48.0,8.3,369.7,76,128,82,978.6
2027-09-13 17:00:00,-46.0,10.3,407.3,53,291,58,982.4
2027-09-13 18:00:00,-46.3,13.4,391.9,79,209,81,981.6
2027-09-13 19:00:00,-43.8,11.5,409.9,98,227,45,1002.9
2027-09-13 20:00:00,-45.1,10.6,278.9,97,182,45,970.2
2027-09-13 21:00:00,-48.2,4.4,337.2,57,333,89,986.8
2027-09-13 22:00:00,-47.4,14.6,0.0,91,204,42,983.1
2027-09-13 23:00:00,-45.8,0.0,0.0,51,291,66,972.9
2027-09-14 00:00:00,-48.0,1.7,0.0,94,259,71,966.2
2027-09-14 01:00:00,-42.2,15.3,0.0,83,151,49,960.9
2027-09-14 02:00:00,-49.3,16.6,0.0,80,168,86,995.5
2027-09-14 03:00:00,-46.2,15.8,0.0,18,275,65,964.3
2027-09-14 04:00:00,-44.6,15.7,0.0,93,163,41,985.2
2027-09-14 05:00:00,-43.8,11.2,364.0,71,11,89,989.0
2027-09-14 06:00:00,-49.2,6.9,404.5,40,177,58,983.3
2027-09-14 07:00:00,-50.1,13.0,256.9,15,54,78,970.0
2027-09-14 08:00:00,-45.4,11.3,323.4,57,186,69,968.6
2027-09-14 09:00:00,-45.1,12.0,367.6,32,150,84,982.1
2027-09-14 10:00:00,-43.0,15.8,465.0,82,283,89,983.2
2027-09-14 11:00:00,-48.0,13.4,324.3,81,294,42,970.4
2027-09-14 12:00:00,-42.9,21.7,460.8,64,109,42,994.5
2027-09-14 13:00:00,-43.8,17.6,279.0,6,306,86,984.1
2027-09-14 14:00:00,-49.1,8.2,411.3,56,108,74,980.2
2027-09-14 15:00:00,-46.5,16.0,483.7,26,180,54,969.8
2027-09-14 16:00:00,-43.0,8.4,337.2,59,234,56,1016.1
2027-09-14 17:00:00,-45.1,0.0,475.4,13,299,49,981.8
2027-09-14 18:00:00,-46.4,16.1,512.1,1,144,60,976.0
2027-09-14 19:00:00,-43.5,7.7,474.1,74,4,73,991.9
2027-09-14 20:00:00,-50.1,15.9,319.6,14,77,62,984.0
2027-09-14 21:00:00,-40.4,10.6,306.7,79,83,43,992.2
2027-09-14 22:00:00,-47.8,12.9,0.0,78,263,80,975.9
2027-09-14 23:00:00,-43.2,13.5,0.0,27,147,50,968.4
2027-09-15 00:00:00,-37.1,11.7,0.0,97,316,87,982.0
2027-09-15 01:00:00,-44.4,3.3,0.0,84,228,74,977.4
2027-09-15 02:00:00,-42.1,10.4,0.0,3,39,77,985.6
2027-09-15 03:00:00,-47.2,14.9,0.0,76,145,69,984.0
2027-09-15 04:00:00,-43.0,16.9,0.0,66,51,53,982.3
2027-09-15 05:00:00,-47.3,14.9,294.1,9,175,50,982.6
2027-09-15 06:00:00,-47.1,15.1,415.9,60,47,78,982.1
2027-09-15 07:00:00,-39.0,12.9,521.9,72,103,83,990.4
2027-09-15 08:00:00,-45.6,19.4,329.2,17,276,53,967.9
2027-09-15 09:00:00,-47.3,10.9,425.4,53,246,51,992.3
2027-09-15 10:00:00,-43.6,15.7,218.9,18,89,72,989.1
2027-09-15 11:00:00,-40.5,8.1,312.0,75,7,45,982.3
2027-09-15 12:00:00,-47.0,6.8,487.3,61,165,79,981.5
2027-09-15 13:00:00,-52.0,18.5,475.7,32,213,80,982.3
2027-09-15 14:00:00,-53.1,21.1,360.1,78,174,41,985.3
2027-09-15 15:00:00,-46.7,8.0,358.2,63,51,59,973.7
2027-09-15 16:00:00,-47.5,17.8,406.7,57,80,82,981.2
2027-09-15 17:00:00,-43.7,1.6,472.3,6,301,56,974.7
2027-09-15 18:00:00,-41.9,19.6,433.7,1,306,64,1000.7
2027-09-15 19:00:00,-49.2,4.7,509.9,8,306,85,980.9
2027-09-15 20:00:00,-42.8,11.5,323.2,56,19,83,974.7
2027-09-15 21:00:00,-41.3,13.4,436.8,1,238,73,994.9
2027-09-15 22:00:00,-39.0,9.5,0.0,81,118,48,982.6
2027-09-15 23:00:00,-50.2,17.9,0.0,40,110,76,996.2
2027-09-16 00:00:00,-46.8,19.4,0.0,30,207,84,964.4
2027-09-16 01:00:00,-43.7,15.7,0.0,29,284,75,957.1
2027-09-16 02:00:00,-34.5,11.2,0.0,56,188,46,961.4
2027-09-16 03:00:00,-48.6,9.9,0.0,94,333,41,997.8
2027-09-16 04:00:00,-43.6,11.8,0.0,56,57,72,972.0
2027-09-16 05:00:00,-48.8,4.9,446.3,17,24,79,988.2
2027-09-16 06:00:00,-42.8,5.3,575.8,87,25,44,992.4
2027-09-16 07:00:00,-42.2,7.7,284.7,14,113,73,976.4
2027-09-16 08:00:00,-48.4,10.5,351.1,12,194,68,993.8
2027-09-16 09:00:00,-47.2,15.8,472.3,15,12,57,995.1
2027-09-16 10:00:00,-47.5,18.5,275.3,84,146,45,956.5
2027-09-16 11:00:00,-45.7,10.2,250.7,38,77,58,952.3
2027-09-16 12:00:00,-47.6,9.0,242.2,75,196,69,970.1
2027-09-16 13:00:00,-42.5,9.9,226.6,90,158,79,975.1
2027-09-16 14:00:00,-40.1,2.6,339.4,81,359,61,978.8
2027-09-16 15:00:00,-45.1,13.4,277.5,13,225,85,977.2
2027-09-16 16:00:00,-40.7,8.8,576.2,90,345,69,972.2
2027-09-16 17:00:00,-46.7,7.5,398.3,41,86,69,987.4
2027-09-16 18:00:00,-49.1,11.3,356.0,83,24,53,972.0
2027-09-16 19:00:00,-44.7,18.4,461.4,23,191,82,988.5
2027-09-16 20:00:00,-47.4,13.4,264.1,37,202,57,976.3
2027-09-16 21:00:00,-40.7,16.0,485.0,33,71,54,982.2
2027-09-16 22:00:00,-40.3,13.6,0.0,4,277,69,973.2
2027-09-16 23:00:00,-40.0,17.8,0.0,1,304,73,995.2
2027-09-17 00:00:00,-46.7,14.6,0.0,76,104,76,972.6
2027-09-17 01:00:00,-50.0,13.6,0.0,83,33,64,1004.4
2027-09-17 02:00:00,-41.3,7.1,0.0,84,198,50,961.7
2027-09-17 03:00:00,-46.4,8.2,0.0,70,122,57,998.1
2027-09-17 04:00:00,-47.8,11.1,0.0,85,61,65,981.3
2027-09-17 05:00:00,-45.9,9.4,377.3,47,144,48,982.8
2027-09-17 06:00:00,-45.0,6.6,447.8,49,113,73,989.4
2027-09-17 07:00:00,-46.0,7.9,292.9,83,78,68,974.0
2027-09-17 08:00:00,-47.9,8.1,451.6,28,273,81,996.8
2027-09-17 09:00:00,-47.2,13.5,439.1,82,306,58,985.4
2027-09-17 10:00:00,-43.2,5.3,481.1,21,339,62,995.0
2027-09-17 11:00:00,-43.6,17.6,316.0,69,180,82,972.8
2027-09-17 12:00:00,-49.1,7.1,467.1,82,257,70,965.9
2027-09-17 13:00:00,-42.0,16.9,394.6,51,239,71,980.4
2027-09-17 14:00:00,-37.9,22.3,428.9,73,153,64,982.1
2027-09-17 15:00:00,-42.7,10.8,290.8,60,265,56,998.4
2027-09-17 16:00:00,-47.1,17.4,525.4,12,119,47,975.5
2027-09-17 17:00:00,-40.8,18.8,689.7,26,177,48,986.1
2027-09-17 18:00:00,-40.7,9.4,237.6,41,32,69,964.2
2027-09-17 19:00:00,-49.7,16.4,338.3,50,296,86,971.9
2027-09-17 20:00:00,-45.0,8.9,469.7,76,149,53,983.1
2027-09-17 21:00:00,-41.1,12.0,481.0,100,107,46,970.0
2027-09-17 22:00:00,-39.9,18.3,0.0,5,258,87,988.3
2027-09-17 23:00:00,-39.4,11.3,0.0,51,236,64,981.3
2027-09-18 00:00:00,-45.3,16.5,0.0,20,83,44,961.2
2027-09-18 01:00:00,-48.6,16.8,0.0,19,41,80,965.8
2027-09-18 02:00:00,-44.8,9.1,0.0,75,173,70,988.5
2027-09-18 03:00:00,-47.8,11.7,0.0,12,17,70,975.8
2027-09-18 04:00:00,-39.8,16.8,0.0,89,333,74,987.0
2027-09-18 05:00:00,-43.2,20.5,512.2,65,132,74,984.4
2027-09-18 06:00:00,-43.5,9.8,377.6,39,335,65,971.5
2027-09-18 07:00:00,-42.1,14.1,494.6,0,215,79,966.9
2027-09-18 08:00:00,-44.8,0.0,460.4,57,233,70,987.1
2027-09-18 09:00:00,-41.9,13.7,361.7,64,9,43,984.1
2027-09-18 10:00:00,-39.7,16.8,416.9,41,299,40,985.6
2027-09-18 11:00:00,-43.7,10.4,390.2,52,38,83,974.6
2027-09-18 12:00:00,-44.5,15.9,408.5,100,301,85,976.7
2027-09-18 13:00:00,-42.6,14.0,218.7,36,153,46,979.6
2027-09-18 14:00:00,-49.1,13.5,299.4,84,13,61,969.7
2027-09-18 15:00:00,-46.3,16.9,362.1,43,67,88,961.0
2027-09-18 16:00:00,-41.7,13.1,441.1,83,240,55,974.3
2027-09-18 17:00:00,-49.5,0.4,423.4,68,231,85,977.6
2027-09-18 18:00:00,-43.1,21.4,379.5,63,343,60,992.3
2027-09-18 19:00:00,-47.2,12.4,427.9,51,280,79,973.6
2027-09-18 20:00:00,-45.4,16.7,598.3,29,198,82,977.3
2027-09-18 21:00:00,-44.9,11.3,428.7,97,25,82,988.4
2027-09-18 22:00:00,-39.2,11.3,0.0,33,88,62,974.7
2027-09-18 23:00:00,-41.0,6.8,0.0,9,216,42,983.1
2027-09-19 00:00:00,-43.4,3.8,0.0,79,181,48,969.3
2027-09-19 01:00:00,-41.9,13.6,0.0,46,88,45,973.2
2027-09-19 02:00:00,-44.3,9.7,0.0,30,313,73,986.5
2027-09-19 03:00:00,-42.2,10.9,0.0,25,329,44,978.0
2027-09-19 04:00:00,-42.5,9.3,0.0,50,203,63,968.6
2027-09-19 05:00:00,-49.3,15.5,397.5,58,220,44,986.1
2027-09-19 06:00:00,-44.4,2.2,409.4,77,339,81,995.1
2027-09-19 07:00:00,-42.0,11.6,465.6,49,241,42,991.7
2027-09-19 08:00:00,-42.5,12.2,476.5,28,230,45,980.4
2027-09-19 09:00:00,-44.7,8.9,449.2,82,3,75,985.9
2027-09-19 10:00:00,-47.5,17.1,477.4,36,284,51,989.0
2027-09-19 11:00:00,-44.2,12.7,322.2,52,354,81,973.2
2027-09-19 12:00:00,-47.2,13.4,486.4,51,107,48,986.5
2027-09-19 13:00:00,-42.1,17.5,319.3,94,234,80,968.7
2027-09-19 14:00:00,-45.4,11.7,366.9,2,112,41,975.2
2027-09-19 15:00:00,-39.1,16.9,501.1,44,319,51,995.6
2027-09-19 16:00:00,-43.3,9.7,272.6,20,29,57,975.9
2027-09-19 17:00:00,-45.3,8.2,398.7,65,41,85,972.1
2027-09-19 18:00:00,-41.6,10.5,470.1,65,218,41,964.8
2027-09-19 19:00:00,-41.6,12.1,477.8,15,282,67,988.4
2027-09-19 20:00:00,-44.2,9.3,425.1,93,199,46,986.6
2027-09-19 21:00:00,-46.5,8.3,426.4,20,26,41,978.3
2027-09-19 22:00:00,-41.8,15.8,0.0,99,65,71,977.8
2027-09-19 23:00:00,-41.6,7.9,0.0,99,275,82,981.7
2027-09-20 00:00:00,-39.1,1.5,0.0,44,241,75,974.4
2027-09-20 01:00:00,-37.0,11.7,0.0,56,354,59,982.4
2027-09-20 02:00:00,-44.2,14.4,0.0,38,324,66,981.7
2027-09-20 03:00:00,-40.3,13.8,0.0,60,230,44,1000.0
2027-09-20 04:00:00,-48.8,24.2,0.0,45,295,63,978.2
2027-09-20 05:00:00,-45.1,9.1,479.7,87,67,78,979.6
2027-09-20 06:00:00,-46.9,20.2,397.1,8,178,76,994.5
2027-09-20 07:00:00,-43.2,16.3,309.8,95,316,85,975.1
2027-09-20 08:00:00,-41.2,5.4,632.2,70,296,55,985.8
2027-09-20 09:00:00,-45.5,9.8,470.4,42,167,43,981.3
2027-09-20 10:00:00,-43.4,13.8,388.4,50,95,49,998.6
2027-09-20 11:00:00,-47.0,8.6,507.5,61,165,51,966.9
2027-09-20 12:00:00,-47.0,10.6,425.5,80,11,77,970.0
2027-09-20 13:00:00,-45.2,22.8,367.4,29,92,72,985.7
2027-09-20 14:00:00,-47.3,15.6,264.5,13,11,53,972.4
2027-09-20 15:00:00,-44.7,19.7,314.7,59,133,51,977.9
2027-09-20 16:00:00,-41.4,10.1,416.9,78,216,50,977.9
2027-09-20 17:00:00,-43.7,14.7,552.5,68,111,73,1000.3
2027-09-20 18:00:00,-45.8,11.8,487.6,9,116,69,986.8
2027-09-20 19:00:00,-45.7,13.7,567.0,50,329,74,963.6
2027-09-20 20:00:00,-39.5,17.4,335.9,48,108,56,970.2
2027-09-20 21:00:00,-50.2,9.1,252.8,94,328,86,986.2
2027-09-20 22:00:00,-47.5,8.2,0.0,59,337,62,992.8
2027-09-20 23:00:00,-42.8,10.4,0.0,13,111,61,985.5
2027-09-21 00:00:00,-45.1,21.8,0.0,72,106,44,982.0
2027-09-21 01:00:00,-45.5,6.2,0.0,88,288,43,991.7
2027-09-21 02:00:00,-42.5,16.5,0.0,16,180,59,997.6
2027-09-21 03:00:00,-45.3,2.1,0.0,12,39,79,969.4
2027-09-21 04:00:00,-46.2,18.6,0.0,19,300,46,963.6
2027-09-21 05:00:00,-39.8,11.5,381.0,60,137,56,988.6
2027-09-21 06:00:00,-49.5,11.1,522.4,62,89,79,984.5
2027-09-21 07:00:00,-38.6,6.0,545.7,41,299,84,986.0
2027-09-21 08:00:00,-41.8,10.5,337.4,93,134,78,960.4
2027-09-21 09:00:00,-38.5,11.1,501.0,87,62,41,983.8
2027-09-21 10:00:00,-46.7,13.0,316.6,61,69,69,971.6
2027-09-21 11:00:00,-42.6,9.9,381.6,59,80,71,990.4
2027-09-21 12:00:00,-46.1,11.9,385.8,90,323,50,984.9
2027-09-21 13:00:00,-40.8,14.5,298.6,63,250,83,983.8
2027-09-21 14:00:00,-45.6,4.5,258.6,92,235,68,994.0
2027-09-21 15:00:00,-42.0,13.1,346.4,19,329,87,962.7
2027-09-21 16:00:00,-40.6,6.5,336.9,94,87,56,982.5
2027-09-21 17:00:00,-47.2,13.0,477.7,89,81,60,982.1
2027-09-21 18:00:00,-36.9,3.7,256.9,24,279,64,974.1
2027-09-21 19:00:00,-46.9,14.3,354.9,72,306,53,976.4
2027-09-21 20:00:00,-44.2,7.6,395.4,68,130,72,992.7
2027-09-21 21:00:00,-40.0,8.0,357.6,33,223,65,984.4
2027-09-21 22:00:00,-46.1,17.9,0.0,81,44,65,983.7
2027-09-21 23:00:00,-45.4,11.9,0.0,78,309,62,988.6
2027-09-22 00:00:00,-41.5,17.2,0.0,43,215,43,971.6
2027-09-22 01:00:00,-40.7,11.4,0.0,27,74,81,988.6
2027-09-22 02:00:00,-43.2,25.4,0.0,15,148,75,997.4
2027-09-22 03:00:00,-44.1,17.0,0.0,15,66,40,986.1
2027-09-22 04:00:00,-42.0,15.9,0.0,90,241,50,981.2
2027-09-22 05:00:00,-40.3,15.6,355.7,62,20,43,991.1
2027-09-22 06:00:00,-43.2,13.5,309.5,8,202,65,964.2
2027-09-22 07:00:00,-47.4,7.9,386.9,74,10,50,994.2
2027-09-22 08:00:00,-42.5,13.5,359.1,44,167,47,970.5
2027-09-22 09:00:00,-45.6,14.3,459.9,10,291,54,956.2
2027-09-22 10:00:00,-42.6,17.0,404.3,80,297,86,984.1
2027-09-22 11:00:00,-40.7,13.9,241.3,63,35,63,981.4
2027-09-22 12:00:00,-39.2,17.7,281.7,34,225,82,961.8
2027-09-22 13:00:00,-39.8,4.9,454.6,94,354,56,987.0
2027-09-22 14:00:00,-44.0,17.6,388.8,21,219,45,971.5
2027-09-22 15:00:00,-43.9,9.7,353.8,75,271,81,990.9
2027-09-22 16:00:00,-44.6,21.1,414.1,35,92,42,967.1
2027-09-22 17:00:00,-42.0,21.3,267.7,37,251,69,969.0
2027-09-22 18:00:00,-43.2,11.2,260.2,24,338,69,993.4
2027-09-22 19:00:00,-45.7,11.7,498.9,29,59,47,967.2
2027-09-22 20:00:00,-46.0,5.8,497.3,77,31,88,990.9
2027-09-22 21:00:00,-44.0,6.3,369.2,92,297,69,983.7
2027-09-22 22:00:00,-47.5,10.1,0.0,54,121,64,971.2
2027-09-22 23:00:00,-48.8,6.4,0.0,63,66,58,982.9
2027-09-23 00:00:00,-41.8,9.2,0.0,81,316,79,971.8
2027-09-23 01:00:00,-41.6,14.5,0.0,12,191,85,963.0
2027-09-23 02:00:00,-46.3,5.6,0.0,27,299,73,981.8
2027-09-23 03:00:00,-41.9,9.6,0.0,47,99,75,984.8
2027-09-23 04:00:00,-44.3,11.7,0.0,17,35,75,975.3
2027-09-23 05:00:00,-43.2,19.4,445.0,90,357,76,984.6
2027-09-23 06:00:00,-39.5,7.3,422.1,67,44,76,981.2
2027-09-23 07:00:00,-42.0,17.1,302.6,16,279,69,997.2
2027-09-23 08:00:00,-44.3,9.6,528.9,95,255,64,962.2
2027-09-23 09:00:00,-40.2,7.1,499.9,56,9,73,972.2
2027-09-23 10:00:00,-37.7,9.5,487.2,69,169,85,969.6
2027-09-23 11:00:00,-43.3,16.7,299.8,46,36,72,955.5
2027-09-23 12:00:00,-45.1,12.0,551.8,66,109,51,975.8
2027-09-23 13:00:00,-39.7,8.1,290.7,77,278,68,981.2
2027-09-23 14:00:00,-42.3,9.4,206.5,22,84,75,985.0
2027-09-23 15:00:00,-38.3,11.5,489.8,19,106,64,992.9
2027-09-23 16:00:00,-40.0,11.9,366.9,88,147,65,996.3
2027-09-23 17:00:00,-43.9,8.8,490.1,7,338,69,975.1
2027-09-23 18:00:00,-42.7,11.9,433.4,41,97,44,961.9
2027-09-23 19:00:00,-44.9,13.4,273.3,74,68,50,984.5
2027-09-23 20:00:00,-44.7,13.9,504.7,19,308,79,957.9
2027-09-23 21:00:00,-40.7,18.3,571.6,22,140,58,990.4
2027-09-23 22:00:00,-43.7,5.1,0.0,22,192,58,973.6
2027-09-23 23:00:00,-44.5,13.2,0.0,78,201,62,964.3
2027-09-24 00:00:00,-45.7,12.4,0.0,41,327,49,979.9
2027-09-24 01:00:00,-41.8,7.0,0.0,71,116,61,991.8
2027-09-24 02:00:00,-37.2,17.5,0.0,29,166,58,968.5
2027-09-24 03:00:00,-35.4,11.7,0.0,29,147,56,978.3
2027-09-24 04:00:00,-38.8,14.8,0.0,32,355,50,970.5
2027-09-24 05:00:00,-45.1,27.1,355.9,23,38,66,979.2
2027-09-24 06:00:00,-46.6,8.1,213.8,41,84,74,978.9
2027-09-24 07:00:00,-41.3,11.7,516.6,16,322,70,996.4
2027-09-24 08:00:00,-47.4,7.5,276.4,79,22,45,972.5
2027-09-24 09:00:00,-47.2,13.7,406.0,38,88,73,997.4
2027-09-24 10:00:00,-43.4,11.9,317.6,89,211,57,976.1
2027-09-24 11:00:00,-41.5,8.0,416.2,20,277,49,988.0
2027-09-24 12:00:00,-35.2,7.0,453.7,42,310,53,980.5
2027-09-24 13:00:00,-43.8,19.2,402.7,23,196,86,981.9
2027-09-24 14:00:00,-43.1,11.9,315.1,16,90,72,982.5
2027-09-24 15:00:00,-43.3,9.3,428.1,93,89,48,976.1
2027-09-24 16:00:00,-37.2,15.9,321.0,0,42,81,973.5
2027-09-24 17:00:00,-36.9,5.6,232.3,53,127,85,993.3
2027-09-24 18:00:00,-45.2,11.1,440.0,74,6,63,966.5
2027-09-24 19:00:00,-43.0,14.1,362.2,44,329,87,988.8
2027-09-24 20:00:00,-40.0,3.1,299.2,5,160,44,965.1
2027-09-24 21:00:00,-45.8,7.6,415.5,24,150,46,986.2
2027-09-24 22:00:00,-37.0,17.1,0.0,53,155,76,978.2
2027-09-24 23:00:00,-40.5,13.2,0.0,71,98,42,980.9
2027-09-25 00:00:00,-40.2,17.5,0.0,13,157,81,991.5
2027-09-25 01:00:00,-40.6,13.5,0.0,18,227,60,988.8
2027-09-25 02:00:00,-39.7,14.9,0.0,44,183,87,982.9
2027-09-25 03:00:00,-41.9,11.7,0.0,35,34,56,998.8
2027-09-25 04:00:00,-45.8,0.0,0.0,12,88,65,976.0
2027-09-25 05:00:00,-34.3,10.4,624.5,47,305,60,993.4
2027-09-25 06:00:00,-44.8,12.9,559.8,47,171,40,980.6
2027-09-25 07:00:00,-41.9,7.5,356.9,59,72,89,975.2
2027-09-25 08:00:00,-40.8,18.8,502.9,12,222,62,971.4
2027-09-25 09:00:00,-36.5,13.1,230.3,13,228,55,977.3
2027-09-25 10:00:00,-41.3,2.5,498.8,6,172,47,988.3
2027-09-25 11:00:00,-41.0,20.5,368.2,64,330,82,966.7
2027-09-25 12:00:00,-43.5,6.6,306.3,100,223,87,986.9
2027-09-25 13:00:00,-40.3,13.4,432.5,23,345,43,991.7
2027-09-25 14:00:00,-43.9,17.5,310.3,85,65,50,976.6
2027-09-25 15:00:00,-42.3,12.9,201.6,56,118,45,968.9
2027-09-25 16:00:00,-35.9,16.7,544.9,92,58,80,994.9
2027-09-25 17:00:00,-41.9,8.1,363.3,24,116,51,979.9
2027-09-25 18:00:00,-47.5,17.4,284.5,79,295,59,987.1
2027-09-25 19:00:00,-41.1,13.0,318.2,92,250,49,967.8
2027-09-25 20:00:00,-38.3,6.0,224.4,82,298,78,972.5
2027-09-25 21:00:00,-43.5,15.0,496.1,18,68,87,985.5
2027-09-25 22:00:00,-42.8,8.9,0.0,22,157,87,994.9
2027-09-25 23:00:00,-37.2,9.8,0.0,32,257,58,971.0
2027-09-26 00:00:00,-39.2,12.0,0.0,10,120,86,994.0
2027-09-26 01:00:00,-44.6,22.1,0.0,25,216,47,962.2
2027-09-26 02:00:00,-40.7,14.9,0.0,30,2,88,978.0
2027-09-26 03:00:00,-37.1,15.1,0.0,75,42,76,986.9
2027-09-26 04:00:00,-42.1,7.2,0.0,36,164,73,965.6
2027-09-26 05:00:00,-43.5,16.9,454.6,61,274,48,976.5
2027-09-26 06:00:00,-38.0,12.2,369.6,1,303,54,972.2
2027-09-26 07:00:00,-46.5,15.4,379.5,18,51,44,975.9
2027-09-26 08:00:00,-47.3,15.4,428.6,13,201,79,965.4
2027-09-26 09:00:00,-40.7,14.6,355.3,67,287,76,977.2
2027-09-26 10:00:00,-41.7,9.3,458.7,46,34,78,980.6
2027-09-26 11:00:00,-41.4,18.3,311.3,12,151,56,963.3
2027-09-26 12:00:00,-43.2,6.7,222.4,43,199,52,997.1
2027-09-26 13:00:00,-36.8,2.2,305.1,30,227,71,977.9
2027-09-26 14:00:00,-42.4,8.0,320.3,90,261,57,976.1
2027-09-26 15:00:00,-43.6,18.0,394.1,89,129,56,979.6
2027-09-26 16:00:00,-48.8,7.6,523.3,17,311,69,973.6
2027-09-26 17:00:00,-45.1,15.9,528.2,97,294,80,969.0
2027-09-26 18:00:00,-37.7,13.7,472.0,19,202,77,1002.8
2027-09-26 19:00:00,-39.4,7.8,519.8,68,291,82,964.3
2027-09-26 20:00:00,-45.6,14.4,364.0,47,209,40,953.4
2027-09-26 21:00:00,-44.7,16.3,361.7,61,23,77,962.9
2027-09-26 22:00:00,-44.0,15.9,0.0,8,52,87,977.2
2027-09-26 23:00:00,-37.7,20.7,0.0,45,322,84,967.3
2027-09-27 00:00:00,-37.2,11.2,0.0,53,194,52,974.5
2027-09-27 01:00:00,-44.9,3.9,0.0,95,248,63,977.8
2027-09-27 02:00:00,-46.9,2.7,0.0,37,274,84,982.3
2027-09-27 03:00:00,-44.7,6.4,0.0,45,353,89,991.4
2027-09-27 04:00:00,-44.0,7.3,0.0,89,58,76,977.6
2027-09-27 05:00:00,-40.8,12.5,356.6,53,148,66,970.1
2027-09-27 06:00:00,-41.9,11.0,452.1,82,257,41,978.4
2027-09-27 07:00:00,-41.1,13.4,199.1,17,125,85,990.2
2027-09-27 08:00:00,-39.0,5.4,304.5,4,301,85,967.2
2027-09-27 09:00:00,-44.6,13.4,349.4,96,105,47,989.5
2027-09-27 10:00:00,-42.1,3.3,566.7,71,89,86,988.6
2027-09-27 11:00:00,-43.8,14.1,405.1,48,142,83,966.4
2027-09-27 12:00:00,-44.4,15.4,518.6,91,24,76,971.8
2027-09-27 13:00:00,-39.8,10.5,506.7,100,34,84,991.6
2027-09-27 14:00:00,-41.6,16.1,444.3,31,353,66,959.0
2027-09-27 15:00:00,-42.1,11.8,481.2,3,162,61,974.1
2027-09-27 16:00:00,-45.6,11.5,451.6,47,253,48,988.0
2027-09-27 17:00:00,-45.0,21.1,397.6,21,85,66,967.9
2027-09-27 18:00:00,-45.5,12.9,404.4,48,177,42,980.7
2027-09-27 19:00:00,-37.9,12.4,474.3,41,252,81,990.1
2027-09-27 20:00:00,-42.5,24.4,620.8,38,143,68,971.8
2027-09-27 21:00:00,-43.3,15.3,482.6,66,240,77,970.4
2027-09-27 22:00:00,-36.2,7.5,0.0,95,58,64,985.5
2027-09-27 23:00:00,-36.6,9.3,0.0,58,304,68,966.9
2027-09-28 00:00:00,-41.7,11.5,0.0,69,25,72,974.5
2027-09-28 01:00:00,-41.7,8.8,0.0,71,250,80,976.7
2027-09-28 02:00:00,-40.5,13.4,0.0,74,270,88,963.3
2027-09-28 03:00:00,-43.5,12.3,0.0,99,45,41,979.8
2027-09-28 04:00:00,-45.4,3.1,0.0,83,327,68,973.3
2027-09-28 05:00:00,-45.5,7.6,479.3,59,159,53,980.7
2027-09-28 06:00:00,-43.1,10.4,398.7,32,240,52,978.7
2027-09-28 07:00:00,-42.3,16.0,427.1,4,4,52,984.7
2027-09-28 08:00:00,-38.7,11.4,346.1,58,312,85,972.2
2027-09-28 09:00:00,-33.9,14.9,401.0,87,125,43,990.7
2027-09-28 10:00:00,-40.9,13.6,262.7,18,279,61,984.1
2027-09-28 11:00:00,-40.6,14.3,353.6,43,207,61,973.3
2027-09-28 12:00:00,-38.2,19.1,457.5,42,337,49,988.3
2027-09-28 13:00:00,-42.5,12.9,458.5,49,333,72,971.6
2027-09-28 14:00:00,-40.5,22.7,449.3,83,57,76,981.3
2027-09-28 15:00:00,-44.5,10.6,342.0,43,269,68,982.2
2027-09-28 16:00:00,-44.7,11.4,539.4,29,320,49,974.6
2027-09-28 17:00:00,-40.2,25.3,451.5,33,283,73,980.0
2027-09-28 18:00:00,-36.7,9.9,451.5,75,193,57,979.8
2027-09-28 19:00:00,-42.3,14.6,422.7,88,79,45,990.6
2027-09-28 20:00:00,-42.7,6.5,381.1,50,33,53,970.7
2027-09-28 21:00:00,-44.5,8.7,438.0,47,138,46,978.4
2027-09-28 22:00:00,-44.8,10.8,0.0,91,314,66,989.2
2027-09-28 23:00:00,-41.5,12.7,0.0,80,3,58,989.4
2027-09-29 00:00:00,-45.4,8.2,0.0,7,145,40,969.2
2027-09-29 01:00:00,-40.7,2.6,0.0,76,287,45,997.4
2027-09-29 02:00:00,-38.6,6.7,0.0,70,54,89,981.3
2027-09-29 03:00:00,-38.8,14.9,0.0,37,247,48,981.3
2027-09-29 04:00:00,-38.2,11.1,0.0,28,300,42,984.9
2027-09-29 05:00:00,-49.5,18.6,350.2,49,3,49,978.7
2027-09-29 06:00:00,-44.0,18.5,518.6,57,224,83,1003.3
2027-09-29 07:00:00,-37.3,16.4,391.4,72,227,70,967.0
2027-09-29 08:00:00,-41.2,16.9,465.3,90,320,63,997.5
2027-09-29 09:00:00,-40.3,6.8,555.8,31,221,89,973.2
2027-09-29 10:00:00,-35.8,10.3,480.0,92,35,68,975.2
2027-09-29 11:00:00,-36.4,16.7,378.1,4,357,55,979.3
2027-09-29 12:00:00,-45.1,0.0,433.6,34,88,67,988.9
2027-09-29 13:00:00,-41.5,14.9,491.2,3,153,86,981.6
2027-09-29 14:00:00,-40.9,7.4,179.2,55,192,55,977.5
2027-09-29 15:00:00,-38.6,20.7,327.0,9,239,59,970.1
2027-09-29 16:00:00,-40.3,17.7,531.9,32,309,47,988.6
2027-09-29 17:00:00,-38.5,15.6,358.7,25,196,75,969.8
2027-09-29 18:00:00,-39.3,12.4,528.4,10,243,70,995.1
2027-09-29 19:00:00,-38.1,12.0,367.7,38,44,63,981.5
2027-09-29 20:00:00,-38.1,6.3,357.3,60,95,56,987.3
2027-09-29 21:00:00,-45.1,10.7,461.6,8,248,49,979.0
2027-09-29 22:00:00,-44.6,10.5,0.0,8,132,56,993.7
2027-09-29 23:00:00,-40.6,8.3,0.0,44,152,61,973.4
2027-09-30 00:00:00,-38.6,13.3,0.0,1,164,63,986.6
2027-09-30 01:00:00,-40.5,21.1,0.0,1,305,46,963.6
2027-09-30 02:00:00,-34.0,19.6,0.0,96,171,75,977.8
2027-09-30 03:00:00,-34.8,10.5,0.0,77,290,50,978.7
2027-09-30 04:00:00,-41.2,11.5,0.0,51,116,63,996.7
2027-09-30 05:00:00,-43.4,18.8,441.8,58,211,52,975.1
2027-09-30 06:00:00,-39.3,8.2,290.1,31,220,46,982.3
2027-09-30 07:00:00,-38.2,17.5,304.1,66,252,54,972.8
2027-09-30 08:00:00,-42.9,14.4,419.4,16,262,76,980.1
2027-09-30 09:00:00,-43.2,14.6,389.8,53,114,53,986.6
2027-09-30 10:00:00,-38.2,13.1,436.6,57,183,80,975.9
2027-09-30 11:00:00,-42.2,7.3,440.1,83,137,47,980.3
2027-09-30 12:00:00,-37.7,2.5,527.3,59,50,65,985.7
2027-09-30 13:00:00,-40.1,16.5,445.7,97,120,42,984.7
2027-09-30 14:00:00,-41.9,11.1,438.8,22,165,76,986.8
2027-09-30 15:00:00,-44.0,11.2,425.4,98,120,56,960.5
2027-09-30 16:00:00,-41.0,10.8,161.1,50,220,40,980.6
2027-09-30 17:00:00,-35.6,11.9,390.3,83,281,52,963.8
2027-09-30 18:00:00,-37.4,11.8,259.5,36,142,63,995.8
2027-09-30 19:00:00,-35.4,11.8,336.6,16,91,79,999.0
2027-09-30 20:00:00,-42.0,16.0,329.1,59,73,80,950.6
2027-09-30 21:00:00,-38.8,11.2,372.4,41,48,58,987.1
2027-09-30 22:00:00,-42.6,10.1,0.0,78,263,79,987.5
2027-09-30 23:00:00,-43.5,12.5,0.0,93,144,59,976.1
2027-10-01 00:00:00,-40.5,21.9,0.0,67,64,77,973.1
2027-10-01 01:00:00,-36.3,12.2,0.0,9,86,42,981.8
2027-10-01 02:00:00,-40.7,13.0,0.0,71,2,77,986.6
2027-10-01 03:00:00,-37.0,14.1,0.0,17,31,51,986.3
2027-10-01 04:00:00,-38.1,10.8,0.0,8,203,66,981.2
2027-10-01 05:00:00,-35.6,5.3,289.8,80,214,46,979.3
2027-10-01 06:00:00,-37.0,10.3,443.4,57,239,45,986.9
2027-10-01 07:00:00,-42.6,14.4,531.9,41,338,43,971.2
2027-10-01 08:00:00,-39.5,14.1,364.6,20,281,67,971.1
2027-10-01 09:00:00,-38.5,12.8,451.9,53,218,58,984.4
2027-10-01 10:00:00,-38.6,8.9,364.9,85,101,44,978.5
2027-10-01 11:00:00,-36.2,16.9,339.8,76,163,46,981.2
2027-10-01 12:00:00,-34.2,8.5,399.1,64,359,85,966.4
2027-10-01 13:00:00,-40.6,2.1,401.5,36,349,77,972.7
2027-10-01 14:00:00,-40.8,19.2,422.0,43,309,62,976.9
2027-10-01 15:00:00,-35.0,12.8,391.4,97,201,66,962.0
2027-10-01 16:00:00,-38.5,10.7,358.3,96,99,76,976.8
2027-10-01 17:00:00,-42.1,5.9,377.6,23,33,58,989.6
2027-10-01 18:00:00,-36.1,17.1,401.6,84,186,68,968.9
2027-10-01 19:00:00,-39.0,9.3,449.0,5,223,88,985.3
2027-10-01 20:00:00,-39.2,10.3,542.9,42,265,46,985.8
2027-10-01 21:00:00,-38.2,2.0,375.9,17,310,62,984.3
2027-10-01 22:00:00,-37.5,17.9,0.0,31,111,62,993.7
2027-10-01 23:00:00,-34.8,0.0,0.0,100,347,70,992.2
2027-10-02 00:00:00,-40.0,13.5,0.0,9,265,48,970.8
2027-10-02 01:00:00,-39.8,13.6,0.0,38,54,43,988.5
2027-10-02 02:00:00,-38.9,13.2,0.0,20,253,65,990.2
2027-10-02 03:00:00,-45.2,0.0,0.0,16,142,72,979.2
2027-10-02 04:00:00,-39.5,10.8,0.0,72,37,45,973.0
2027-10-02 05:00:00,-39.9,4.2,361.2,21,120,48,997.1
2027-10-02 06:00:00,-39.1,9.1,342.0,60,3,74,985.3
2027-10-02 07:00:00,-40.2,7.4,391.5,60,237,73,977.6
2027-10-02 08:00:00,-44.4,12.5,419.3,27,256,42,985.7
2027-10-02 09:00:00,-40.6,12.8,309.7,29,288,52,976.6
2027-10-02 10:00:00,-38.0,10.5,382.3,34,314,58,977.2
2027-10-02 11:00:00,-42.6,15.8,470.0,94,289,53,977.9
2027-10-02 12:00:00,-35.3,13.0,648.7,63,283,77,966.6
2027-10-02 13:00:00,-43.6,9.0,555.6,97,322,68,973.9
2027-10-02 14:00:00,-36.0,11.7,214.1,28,95,71,986.2
2027-10-02 15:00:00,-46.9,9.3,367.7,58,353,89,995.7
2027-10-02 16:00:00,-40.4,8.3,650.4,21,12,60,971.5
2027-10-02 17:00:00,-44.0,7.5,327.6,8,220,77,989.6
2027-10-02 18:00:00,-35.5,14.3,244.6,49,300,70,993.0
2027-10-02 19:00:00,-33.0,11.4,430.4,57,54,76,978.6
2027-10-02 20:00:00,-38.9,4.8,320.1,3,200,72,983.4
2027-10-02 21:00:00,-34.4,6.7,242.7,92,226,83,974.0
2027-10-02 22:00:00,-36.6,4.3,0.0,33,316,46,979.9
2027-10-02 23:00:00,-34.1,15.6,0.0,51,9,56,978.5
2027-10-03 00:00:00,-39.5,15.1,0.0,71,205,51,968.0
2027-10-03 01:00:00,-44.5,14.2,0.0,18,130,79,981.9
2027-10-03 02:00:00,-39.8,4.8,0.0,69,93,59,983.5
2027-10-03 03:00:00,-39.0,7.0,0.0,88,282,58,981.2
2027-10-03 04:00:00,-43.2,17.4,0.0,40,140,82,975.1
2027-10-03 05:00:00,-35.1,10.6,389.4,90,82,80,976.2
2027-10-03 06:00:00,-38.6,5.3,314.1,29,44,59,976.2
2027-10-03 07:00:00,-40.2,8.2,436.1,54,124,66,986.9
2027-10-03 08:00:00,-40.7,13.4,251.3,12,290,52,987.0
2027-10-03 09:00:00,-41.8,15.9,447.0,26,38,70,981.2
2027-10-03 10:00:00,-36.2,0.0,367.3,82,315,52,986.9
2027-10-03 11:00:00,-40.6,9.0,235.8,70,275,87,956.7
2027-10-03 12:00:00,-33.7,11.6,533.3,50,175,56,977.7
2027-10-03 13:00:00,-41.9,15.7,311.4,22,234,89,970.8
2027-10-03 14:00:00,-43.8,11.2,371.3,58,30,76,987.1
2027-10-03 15:00:00,-35.2,16.4,419.7,46,285,89,975.0
2027-10-03 16:00:00,-44.6,4.0,386.4,43,335,80,977.3
2027-10-03 17:00:00,-40.5,10.9,498.1,67,344,69,996.6
2027-10-03 18:00:00,-40.5,11.3,603.2,30,54,48,975.8
2027-10-03 19:00:00,-39.5,8.9,348.3,79,128,77,976.0
2027-10-03 20:00:00,-39.8,11.3,373.4,91,294,46,993.3
2027-10-03 21:00:00,-41.0,10.9,282.9,67,358,75,962.2
2027-10-03 22:00:00,-45.3,11.8,0.0,4,41,88,1000.9
2027-10-03 23:00:00,-38.6,11.6,0.0,12,150,55,983.8
2027-10-04 00:00:00,-38.5,9.0,0.0,1,253,80,1005.0
2027-10-04 01:00:00,-39.3,22.9,0.0,49,254,68,971.1
2027-10-04 02:00:00,-36.4,23.0,0.0,4,311,65,983.6
2027-10-04 03:00:00,-42.2,21.3,0.0,92,66,44,972.7
2027-10-04 04:00:00,-45.3,18.1,0.0,83,191,50,991.7
2027-10-04 05:00:00,-34.4,10.5,573.3,25,163,42,974.4
2027-10-04 06:00:00,-36.1,16.8,253.9,86,104,69,996.3
2027-10-04 07:00:00,-37.4,25.4,363.9,10,68,66,978.0
2027-10-04 08:00:00,-39.9,12.6,269.8,10,174,74,958.7
2027-10-04 09:00:00,-39.4,11.4,517.0,19,291,52,964.5
2027-10-04 10:00:00,-43.1,12.8,474.8,86,171,79,994.6
2027-10-04 11:00:00,-39.3,18.7,275.3,1,250,80,995.5
2027-10-04 12:00:00,-49.0,18.9,482.4,7,49,67,993.8
2027-10-04 13:00:00,-45.1,15.8,456.0,44,174,61,975.6
2027-10-04 14:00:00,-34.9,9.8,287.9,44,54,57,975.3
2027-10-04 15:00:00,-43.1,16.3,412.0,40,33,67,968.4
2027-10-04 16:00:00,-39.7,12.6,585.3,7,221,58,976.8
2027-10-04 17:00:00,-42.4,20.9,630.7,85,22,58,968.3
2027-10-04 18:00:00,-38.2,9.8,361.7,32,328,67,980.2
2027-10-04 19:00:00,-37.6,12.8,538.9,1,131,89,979.6
2027-10-04 20:00:00,-38.7,11.7,284.5,66,138,55,1004.3
2027-10-04 21:00:00,-36.0,20.2,596.1,18,23,62,977.1
2027-10-04 22:00:00,-40.4,17.0,0.0,0,298,71,995.2
2027-10-04 23:00:00,-35.1,22.1,0.0,72,309,54,981.0
2027-10-05 00:00:00,-44.0,6.5,0.0,5,294,88,986.3
2027-10-05 01:00:00,-39.6,13.6,0.0,45,38,89,983.1
2027-10-05 02:00:00,-34.1,13.5,0.0,27,330,57,991.4
2027-10-05 03:00:00,-38.5,12.8,0.0,17,141,76,990.7
2027-10-05 04:00:00,-39.8,17.2,0.0,34,212,66,971.6
2027-10-05 05:00:00,-37.2,15.8,483.9,34,107,49,977.0
2027-10-05 06:00:00,-38.9,16.7,412.3,36,303,82,978.9
2027-10-05 07:00:00,-46.4,17.4,438.8,73,306,55,966.7
2027-10-05 08:00:00,-37.4,6.1,477.7,45,223,84,985.2
2027-10-05 09:00:00,-42.0,6.7,402.8,100,123,85,970.8
2027-10-05 10:00:00,-34.5,14.4,271.5,10,81,56,981.8
2027-10-05 11:00:00,-39.8,10.7,504.4,64,31,60,974.3
2027-10-05 12:00:00,-37.2,11.6,310.5,72,256,74,976.9
2027-10-05 13:00:00,-37.0,11.1,419.6,12,97,58,962.4
2027-10-05 14:00:00,-40.4,14.6,244.1,92,59,66,987.7
2027-10-05 15:00:00,-32.8,8.6,301.1,61,256,51,969.6
2027-10-05 16:00:00,-42.8,14.1,504.8,77,92,79,998.6
2027-10-05 17:00:00,-38.3,10.3,268.5,87,25,65,967.4
2027-10-05 18:00:00,-37.4,9.3,470.1,25,240,66,981.5
2027-10-05 19:00:00,-36.8,17.4,452.3,62,272,71,967.4
2027-10-05 20:00:00,-38.1,23.7,421.4,10,111,84,963.7
2027-10-05 21:00:00,-38.0,21.7,269.3,55,66,72,982.7
2027-10-05 22:00:00,-36.3,5.1,0.0,24,270,66,985.2
2027-10-05 23:00:00,-36.6,14.3,0.0,95,251,75,972.0
2027-10-06 00:00:00,-38.7,5.3,0.0,85,15,73,964.3
2027-10-06 01:00:00,-41.4,13.7,0.0,42,167,83,961.5
2027-10-06 02:00:00,-37.2,7.4,0.0,40,40,68,980.8
2027-10-06 03:00:00,-38.0,14.8,0.0,39,279,86,984.6
2027-10-06 04:00:00,-46.0,17.3,0.0,93,348,82,974.9
2027-10-06 05:00:00,-39.4,11.8,482.1,98,94,43,989.9
2027-10-06 06:00:00,-38.0,20.5,293.4,84,269,82,966.8
2027-10-06 07:00:00,-33.2,11.3,301.9,81,19,76,970.2
2027-10-06 08:00:00,-39.6,19.3,315.8,24,275,61,987.3
2027-10-06 09:00:00,-40.9,18.5,282.3,1,259,74,981.5
2027-10-06 10:00:00,-39.7,17.8,508.5,69,228,53,985.7
2027-10-06 11:00:00,-36.4,4.6,273.8,99,212,80,979.3
2027-10-06 12:00:00,-38.3,0.0,356.8,12,270,46,988.2
2027-10-06 13:00:00,-35.1,17.2,352.0,13,355,76,981.8
2027-10-06 14:00:00,-43.7,15.0,405.9,69,98,55,972.3
2027-10-06 15:00:00,-36.7,19.4,325.6,35,128,53,974.1
2027-10-06 16:00:00,-38.8,14.2,521.9,47,101,52,957.8
2027-10-06 17:00:00,-41.5,14.6,484.2,94,239,55,981.5
2027-10-06 18:00:00,-43.8,11.6,441.4,89,354,84,976.2
2027-10-06 19:00:00,-38.1,16.2,469.7,69,10,80,974.4
2027-10-06 20:00:00,-38.3,13.5,556.5,64,236,48,968.9
2027-10-06 21:00:00,-38.0,9.1,328.5,34,278,58,977.0
2027-10-06 22:00:00,-36.8,15.7,0.0,37,47,83,990.0
2027-10-06 23:00:00,-35.0,5.9,0.0,60,191,56,997.3
2027-10-07 00:00:00,-40.0,20.5,0.0,51,42,74,987.2
2027-10-07 01:00:00,-35.2,8.4,0.0,92,80,50,974.3
2027-10-07 02:00:00,-44.9,10.9,0.0,24,128,70,959.0
2027-10-07 03:00:00,-35.6,7.8,0.0,62,31,40,972.3
2027-10-07 04:00:00,-40.2,2.4,0.0,11,209,77,969.6
2027-10-07 05:00:00,-37.9,16.3,637.9,42,25,63,979.8
2027-10-07 06:00:00,-43.6,13.1,295.1,81,261,63,975.8
2027-10-07 07:00:00,-38.0,11.2,397.8,39,12,55,988.4
2027-10-07 08:00:00,-36.5,19.5,473.3,84,209,81,981.7
2027-10-07 09:00:00,-35.2,1.5,342.1,77,263,74,994.0
2027-10-07 10:00:00,-41.7,7.8,328.5,82,349,56,957.3
2027-10-07 11:00:00,-39.5,1.6,474.0,94,285,83,964.8
2027-10-07 12:00:00,-38.1,12.7,423.2,4,238,48,962.7
2027-10-07 13:00:00,-40.9,16.8,214.8,17,321,46,967.5
2027-10-07 14:00:00,-34.3,20.1,377.1,43,197,77,984.5
2027-10-07 15:00:00,-35.4,9.6,445.6,43,114,40,972.6
2027-10-07 16:00:00,-39.7,11.6,567.0,74,148,46,979.3
2027-10-07 17:00:00,-39.6,16.7,329.1,2,148,45,986.7
2027-10-07 18:00:00,-42.9,23.2,434.8,28,88,40,976.7
2027-10-07 19:00:00,-42.4,14.7,405.9,22,208,79,994.7
2027-10-07 20:00:00,-34.9,4.8,541.3,36,172,58,979.8
2027-10-07 21:00:00,-41.5,4.0,539.9,55,214,52,986.3
2027-10-07 22:00:00,-44.0,13.0,0.0,58,26,56,976.7
2027-10-07 23:00:00,-38.9,14.1,0.0,44,254,52,984.3
2027-10-08 00:00:00,-30.3,19.0,0.0,22,288,84,973.5
2027-10-08 01:00:00,-32.8,9.7,0.0,29,127,54,973.2
2027-10-08 02:00:00,-43.1,4.0,0.0,84,77,60,979.2
2027-10-08 03:00:00,-35.0,20.6,0.0,99,314,57,967.6
2027-10-08 04:00:00,-37.7,11.8,0.0,14,165,43,967.6
2027-10-08 05:00:00,-34.5,7.7,436.8,35,57,76,989.9
2027-10-08 06:00:00,-37.6,22.6,371.7,67,267,41,968.2
2027-10-08 07:00:00,-36.6,16.5,250.6,30,96,48,983.3
2027-10-08 08:00:00,-37.8,18.8,511.2,33,180,86,978.8
2027-10-08 09:00:00,-37.8,9.3,413.3,98,25,60,993.3
2027-10-08 10:00:00,-39.5,13.1,197.7,55,187,76,1000.5
2027-10-08 11:00:00,-36.9,8.9,540.6,82,188,75,993.1
2027-10-08 12:00:00,-39.6,12.6,330.0,49,262,64,978.6
2027-10-08 13:00:00,-35.5,23.4,381.2,96,123,58,987.8
2027-10-08 14:00:00,-34.6,9.2,432.1,91,158,59,988.1
2027-10-08 15:00:00,-40.2,5.0,408.8,44,10,59,984.7
2027-10-08 16:00:00,-39.9,19.6,389.1,25,70,55,978.8
2027-10-08 17:00:00,-39.4,4.1,476.7,61,259,88,997.1
2027-10-08 18:00:00,-36.2,9.2,406.6,53,237,83,974.5
2027-10-08 19:00:00,-35.3,5.4,589.2,54,346,61,985.1
2027-10-08 20:00:00,-41.6,4.7,381.8,57,333,71,985.7
2027-10-08 21:00:00,-40.3,4.5,304.2,7,221,75,978.7
2027-10-08 22:00:00,-39.7,16.4,0.0,81,342,58,955.6
2027-10-08 23:00:00,-38.9,9.2,0.0,15,236,57,970.4
2027-10-09 00:00:00,-41.1,15.3,0.0,53,45,41,981.0
2027-10-09 01:00:00,-38.8,6.4,0.0,26,299,50,981.3
2027-10-09 02:00:00,-37.3,9.4,0.0,4,135,68,986.5
2027-10-09 03:00:00,-42.4,13.6,0.0,58,284,79,991.8
2027-10-09 04:00:00,-38.9,14.0,0.0,21,135,87,970.4
2027-10-09 05:00:00,-37.8,15.5,320.2,81,245,75,984.2
2027-10-09 06:00:00,-39.4,11.2,279.1,88,31,60,971.4
2027-10-09 07:00:00,-38.9,18.7,316.5,11,257,79,982.9
2027-10-09 08:00:00,-36.3,9.3,510.4,77,293,89,963.5
2027-10-09 09:00:00,-39.2,14.0,435.0,96,150,70,978.5
2027-10-09 10:00:00,-32.3,6.2,357.6,19,69,48,986.3
2027-10-09 11:00:00,-38.4,5.1,247.8,49,169,61,996.9
2027-10-09 12:00:00,-42.3,12.3,499.5,7,245,54,980.9
2027-10-09 13:00:00,-32.7,10.6,350.2,87,92,60,980.2
2027-10-09 14:00:00,-38.0,19.3,334.4,95,238,86,979.1
2027-10-09 15:00:00,-38.1,19.5,468.7,35,9,74,963.8
2027-10-09 16:00:00,-39.5,10.7,425.3,35,302,63,975.5
2027-10-09 17:00:00,-32.3,7.1,437.7,73,224,42,996.1
2027-10-09 18:00:00,-36.0,14.9,376.3,42,324,47,995.1
2027-10-09 19:00:00,-36.5,14.4,418.9,36,51,58,976.5
2027-10-09 20:00:00,-41.7,13.9,446.3,100,285,53,982.3
2027-10-09 21:00:00,-35.7,6.5,356.6,97,63,40,972.2
2027-10-09 22:00:00,-38.6,11.4,0.0,43,61,72,958.4
2027-10-09 23:00:00,-32.3,6.1,0.0,78,89,88,975.5
2027-10-10 00:00:00,-38.7,7.1,0.0,44,109,84,972.5
2027-10-10 01:00:00,-37.4,13.3,0.0,6,93,67,975.8
2027-10-10 02:00:00,-38.6,14.4,0.0,98,44,58,975.1
2027-10-10 03:00:00,-40.3,12.8,0.0,77,214,58,975.2
2027-10-10 04:00:00,-35.5,10.6,0.0,9,76,71,959.2
2027-10-10 05:00:00,-34.4,12.2,397.7,61,119,76,972.1
2027-10-10 06:00:00,-36.5,11.2,422.2,37,111,81,968.7
2027-10-10 07:00:00,-42.1,0.0,545.2,82,354,60,990.3
2027-10-10 08:00:00,-40.7,5.4,427.7,14,187,76,982.7
2027-10-10 09:00:00,-38.7,17.4,360.0,97,45,60,970.1
2027-10-10 10:00:00,-33.0,13.3,354.8,62,238,40,972.7
2027-10-10 11:00:00,-34.8,16.4,458.1,22,140,75,958.4
2027-10-10 12:00:00,-36.6,0.0,529.7,32,62,45,977.3
2027-10-10 13:00:00,-40.5,20.0,508.7,89,22,49,995.4
2027-10-10 14:00:00,-36.2,11.5,324.7,15,0,77,989.9
2027-10-10 15:00:00,-38.2,18.3,256.7,19,181,79,963.4
2027-10-10 16:00:00,-39.3,15.6,339.4,11,149,72,980.4
2027-10-10 17:00:00,-34.5,6.0,330.6,85,210,74,967.3
2027-10-10 18:00:00,-33.2,18.1,447.4,68,132,67,986.3
2027-10-10 19:00:00,-33.3,16.2,636.8,1,338,79,972.7
2027-10-10 20:00:00,-36.8,10.3,347.4,79,264,61,960.4
2027-10-10 21:00:00,-31.9,1.0,279.3,43,74,58,974.2
2027-10-10 22:00:00,-34.7,6.4,0.0,72,302,44,995.4
2027-10-10 23:00:00,-33.7,12.7,0.0,67,12,66,976.5
2027-10-11 00:00:00,-34.9,14.5,0.0,94,172,88,978.5
2027-10-11 01:00:00,-31.2,13.2,0.0,64,348,67,1000.8
2027-10-11 02:00:00,-35.8,15.2,0.0,44,86,41,996.1
2027-10-11 03:00:00,-42.9,13.8,0.0,53,120,46,990.0
2027-10-11 04:00:00,-37.9,14.7,0.0,89,193,57,982.6
2027-10-11 05:00:00,-35.5,7.4,297.0,11,195,50,967.4
2027-10-11 06:00:00,-34.3,15.5,506.7,82,261,78,962.4
2027-10-11 07:00:00,-40.3,13.5,343.7,51,337,61,979.1
2027-10-11 08:00:00,-36.8,14.4,433.5,49,309,63,989.9
2027-10-11 09:00:00,-33.5,12.0,335.4,40,278,41,965.3
2027-10-11 10:00:00,-32.2,18.7,325.4,46,283,43,984.2
2027-10-11 11:00:00,-34.4,8.7,585.4,55,188,89,981.6
2027-10-11 12:00:00,-40.4,7.4,404.0,81,80,51,985.5
2027-10-11 13:00:00,-38.6,6.0,582.1,18,359,76,987.7
2027-10-11 14:00:00,-38.4,12.3,287.6,62,319,54,1002.2
2027-10-11 15:00:00,-32.3,12.0,318.5,11,257,74,991.1
2027-10-11 16:00:00,-37.4,10.2,399.8,69,200,78,973.2
2027-10-11 17:00:00,-34.7,15.1,336.0,52,112,59,968.7
2027-10-11 18:00:00,-30.3,10.0,354.0,100,217,70,976.6
2027-10-11 19:00:00,-34.7,18.5,354.2,21,285,73,993.7
2027-10-11 20:00:00,-33.6,8.6,371.0,97,64,72,968.2
2027-10-11 21:00:00,-35.0,16.5,362.6,33,120,40,987.4
2027-10-11 22:00:00,-31.2,9.1,0.0,82,168,63,1005.2
2027-10-11 23:00:00,-37.7,4.7,0.0,0,149,68,969.9
2027-10-12 00:00:00,-38.1,15.6,0.0,97,250,60,979.9
2027-10-12 01:00:00,-36.4,8.3,0.0,8,333,67,977.2
2027-10-12 02:00:00,-40.6,16.2,0.0,24,355,60,978.7
2027-10-12 03:00:00,-39.9,15.7,0.0,41,148,60,990.1
2027-10-12 04:00:00,-34.2,11.0,0.0,6,203,42,974.5
2027-10-12 05:00:00,-36.0,1.2,359.5,7,282,48,978.4
2027-10-12 06:00:00,-35.4,18.2,568.1,42,17,43,987.7
2027-10-12 07:00:00,-30.0,7.3,500.1,11,60,60,976.5
2027-10-12 08:00:00,-36.2,5.2,432.1,89,277,50,984.0
2027-10-12 09:00:00,-40.0,8.9,426.4,96,19,54,959.5
2027-10-12 10:00:00,-34.6,5.9,446.8,47,195,71,982.2
2027-10-12 11:00:00,-35.5,8.8,430.0,70,309,86,968.4
2027-10-12 12:00:00,-36.9,18.1,251.6,50,256,67,976.5
2027-10-12 13:00:00,-34.5,11.3,299.3,93,128,89,976.1
2027-10-12 14:00:00,-39.5,22.8,532.6,21,165,82,971.8
2027-10-12 15:00:00,-38.1,13.9,399.2,49,174,40,995.0
2027-10-12 16:00:00,-34.6,1.6,370.8,21,174,72,978.1
2027-10-12 17:00:00,-30.8,14.3,287.0,7,302,70,980.3
2027-10-12 18:00:00,-35.8,11.7,470.5,93,49,82,973.7
2027-10-12 19:00:00,-38.1,12.7,402.2,17,112,43,977.8
2027-10-12 20:00:00,-36.8,20.8,606.4,43,230,58,990.0
2027-10-12 21:00:00,-35.4,14.3,259.2,14,112,71,995.2
2027-10-12 22:00:00,-32.9,11.3,0.0,32,240,79,983.9
2027-10-12 23:00:00,-34.1,19.1,0.0,19,115,53,969.4
2027-10-13 00:00:00,-33.1,9.3,0.0,14,20,53,979.7
2027-10-13 01:00:00,-37.6,5.6,0.0,60,156,51,997.5
2027-10-13 02:00:00,-39.8,19.0,0.0,1,355,84,972.2
2027-10-13 03:00:00,-34.8,2.4,0.0,75,8,61,978.3
2027-10-13 04:00:00,-30.2,11.2,0.0,74,18,85,988.4
2027-10-13 05:00:00,-34.6,12.3,371.0,72,241,42,980.1
2027-10-13 06:00:00,-31.5,17.8,521.1,95,143,40,984.7
2027-10-13 07:00:00,-34.4,15.5,461.1,100,354,41,979.0
2027-10-13 08:00:00,-40.1,9.6,431.4,23,2,64,996.7
2027-10-13 09:00:00,-38.7,18.5,424.8,42,77,78,963.2
2027-10-13 10:00:00,-34.8,10.8,525.9,84,223,51,988.1
2027-10-13 11:00:00,-31.9,12.2,361.7,39,72,65,974.1
2027-10-13 12:00:00,-35.1,22.4,421.4,52,71,41,985.5
2027-10-13 13:00:00,-37.3,1.4,291.9,93,288,56,966.0
2027-10-13 14:00:00,-38.2,9.8,382.4,47,85,73,988.1
2027-10-13 15:00:00,-38.6,25.4,476.8,7,359,57,986.6
2027-10-13 16:00:00,-33.8,6.1,390.1,19,87,67,966.7
2027-10-13 17:00:00,-36.0,9.6,434.8,76,19,82,969.5
2027-10-13 18:00:00,-37.7,13.7,311.2,69,203,75,978.2
2027-10-13 19:00:00,-36.1,18.2,356.6,9,82,75,992.7
2027-10-13 20:00:00,-32.6,12.4,284.6,26,224,48,963.8
2027-10-13 21:00:00,-39.0,11.1,341.3,94,282,70,983.8
2027-10-13 22:00:00,-34.0,4.2,0.0,10,194,45,980.8
2027-10-13 23:00:00,-39.4,15.2,0.0,64,129,79,978.1
2027-10-14 00:00:00,-36.0,14.6,0.0,82,63,44,980.6
2027-10-14 01:00:00,-41.1,8.8,0.0,52,255,66,976.5
2027-10-14 02:00:00,-31.0,3.8,0.0,74,171,82,975.9
2027-10-14 03:00:00,-32.9,20.8,0.0,48,295,51,983.3
2027-10-14 04:00:00,-32.9,2.9,0.0,96,279,65,989.7
2027-10-14 05:00:00,-33.5,7.7,355.4,26,226,87,973.0
2027-10-14 06:00:00,-35.0,14.4,320.2,59,246,43,969.4
2027-10-14 07:00:00,-33.0,12.8,393.0,84,333,82,978.5
2027-10-14 08:00:00,-32.0,20.2,380.5,33,141,75,984.7
2027-10-14 09:00:00,-37.6,0.0,412.2,5,221,86,960.7
2027-10-14 10:00:00,-32.2,9.6,565.9,32,170,83,984.8
2027-10-14 11:00:00,-34.9,8.6,399.6,12,138,56,977.6
2027-10-14 12:00:00,-38.1,12.4,506.9,90,259,61,972.4
2027-10-14 13:00:00,-40.8,8.4,332.1,25,55,89,996.8
2027-10-14 14:00:00,-35.5,14.9,282.8,49,65,64,988.6
2027-10-14 15:00:00,-37.6,10.5,499.5,13,61,52,975.4
2027-10-14 16:00:00,-32.1,13.6,424.7,79,355,69,989.5
2027-10-14 17:00:00,-39.2,14.3,331.4,55,261,53,980.0
2027-10-14 18:00:00,-37.3,6.5,579.1,6,6,45,986.4
2027-10-14 19:00:00,-29.1,13.8,236.4,16,84,50,985.4
2027-10-14 20:00:00,-37.5,8.9,541.0,56,11,60,988.8
2027-10-14 21:00:00,-38.3,11.7,241.9,62,344,47,981.1
2027-10-14 22:00:00,-37.8,9.2,0.0,30,27,64,980.1
2027-10-14 23:00:00,-33.0,3.9,0.0,86,27,68,955.0
2027-10-15 00:00:00,-30.2,14.2,0.0,21,220,49,966.7
2027-10-15 01:00:00,-30.1,7.3,0.0,99,334,46,966.3
2027-10-15 02:00:00,-34.6,12.6,0.0,87,341,44,977.9
2027-10-15 03:00:00,-34.6,10.8,0.0,41,357,76,990.1
2027-10-15 04:00:00,-38.7,18.1,0.0,10,201,54,984.0
2027-10-15 05:00:00,-34.2,5.9,504.1,89,284,57,981.6
2027-10-15 06:00:00,-31.7,11.0,443.4,31,91,46,985.4
2027-10-15 07:00:00,-36.7,8.5,353.4,13,199,83,999.7
2027-10-15 08:00:00,-36.0,20.6,508.8,59,74,57,965.7
2027-10-15 09:00:00,-37.0,4.5,531.4,72,282,76,966.6
2027-10-15 10:00:00,-39.4,12.7,391.0,81,83,50,990.1
2027-10-15 11:00:00,-33.5,9.7,436.1,92,353,62,975.6
2027-10-15 12:00:00,-31.9,14.1,381.6,15,103,71,976.6
2027-10-15 13:00:00,-38.8,12.7,522.0,37,239,41,988.0
2027-10-15 14:00:00,-42.6,9.6,460.4,85,28,49,966.0
2027-10-15 15:00:00,-44.0,12.6,406.5,28,326,45,963.6
2027-10-15 16:00:00,-34.2,4.3,261.9,30,327,58,986.9
2027-10-15 17:00:00,-33.2,8.5,403.8,93,259,45,973.7
2027-10-15 18:00:00,-32.6,8.3,335.8,86,221,61,970.6
2027-10-15 19:00:00,-39.0,5.6,383.0,14,271,59,978.3
2027-10-15 20:00:00,-34.7,15.7,516.4,25,79,43,964.7
2027-10-15 21:00:00,-33.0,13.1,289.0,0,15,44,1001.0
2027-10-15 22:00:00,-34.3,6.6,0.0,0,180,79,983.7
2027-10-15 23:00:00,-36.2,12.1,0.0,42,28,84,984.9
2027-10-16 00:00:00,-35.0,6.2,0.0,57,358,67,982.0
2027-10-16 01:00:00,-32.9,10.0,0.0,74,301,88,992.9
2027-10-16 02:00:00,-30.0,21.9,0.0,44,249,86,980.9
2027-10-16 03:00:00,-36.9,3.6,0.0,29,357,42,997.8
2027-10-16 04:00:00,-41.2,13.7,0.0,59,17,66,979.2
2027-10-16 05:00:00,-37.5,16.7,443.0,65,288,67,985.1
2027-10-16 06:00:00,-34.7,9.2,479.7,18,351,86,968.4
2027-10-16 07:00:00,-37.0,13.4,397.4,12,67,73,983.8
2027-10-16 08:00:00,-36.3,12.0,440.8,10,297,85,982.7
2027-10-16 09:00:00,-34.7,23.6,506.9,84,334,84,998.5
2027-10-16 10:00:00,-36.2,14.8,440.4,27,265,57,978.9
2027-10-16 11:00:00,-35.0,16.9,306.3,57,172,64,978.9
2027-10-16 12:00:00,-31.4,15.6,366.8,69,346,55,972.2
2027-10-16 13:00:00,-33.9,11.4,501.2,40,281,59,969.4
2027-10-16 14:00:00,-32.8,18.4,493.4,12,155,70,973.2
2027-10-16 15:00:00,-39.1,6.6,424.0,100,180,41,992.7
2027-10-16 16:00:00,-34.5,11.3,299.8,59,220,85,977.8
2027-10-16 17:00:00,-34.6,6.4,524.3,14,171,42,974.7
2027-10-16 18:00:00,-34.3,16.3,499.8,31,68,48,975.0
2027-10-16 19:00:00,-36.2,16.4,556.0,50,190,88,980.3
2027-10-16 20:00:00,-28.6,6.0,492.9,41,257,77,992.4
2027-10-16 21:00:00,-35.0,10.0,397.2,9,110,68,973.4
2027-10-16 22:00:00,-36.9,10.4,0.0,77,274,77,990.5
2027-10-16 23:00:00,-38.2,10.7,0.0,72,55,53,979.0
2027-10-17 00:00:00,-31.2,8.6,0.0,44,181,88,989.6
2027-10-17 01:00:00,-38.2,11.6,0.0,99,199,40,987.9
2027-10-17 02:00:00,-35.1,10.7,0.0,92,44,86,983.1
2027-10-17 03:00:00,-36.1,14.1,0.0,76,21,77,974.2
2027-10-17 04:00:00,-34.6,9.7,0.0,26,183,55,989.6
2027-10-17 05:00:00,-32.6,16.6,370.3,33,184,62,975.1
2027-10-17 06:00:00,-36.8,15.9,452.2,97,212,44,968.2
2027-10-17 07:00:00,-28.2,14.1,483.3,34,317,71,973.6
2027-10-17 08:00:00,-38.5,18.2,441.9,43,39,73,994.8
2027-10-17 09:00:00,-35.5,14.3,356.7,59,209,66,988.2
2027-10-17 10:00:00,-33.8,8.9,225.7,94,150,51,980.0
2027-10-17 11:00:00,-36.8,15.1,297.0,73,304,81,980.6
2027-10-17 12:00:00,-34.5,16.8,433.9,65,192,48,986.7
2027-10-17 13:00:00,-33.3,16.4,515.3,27,43,55,982.6
2027-10-17 14:00:00,-31.1,18.5,350.0,96,298,42,989.1
2027-10-17 15:00:00,-32.6,12.0,313.5,82,287,57,982.4
2027-10-17 16:00:00,-38.5,15.9,429.1,68,142,76,967.9
2027-10-17 17:00:00,-29.9,14.2,388.2,34,147,71,982.1
2027-10-17 18:00:00,-32.5,8.5,335.6,78,222,61,990.8
2027-10-17 19:00:00,-38.4,17.8,380.1,11,169,51,983.4
2027-10-17 20:00:00,-34.3,19.2,461.6,88,112,71,980.5
2027-10-17 21:00:00,-39.4,7.1,361.7,71,141,40,981.9
2027-10-17 22:00:00,-40.3,9.4,0.0,66,288,83,969.8
2027-10-17 23:00:00,-29.4,8.9,0.0,50,63,83,969.7
2027-10-18 00:00:00,-31.8,9.7,0.0,64,234,79,987.5
2027-10-18 01:00:00,-31.9,12.7,0.0,47,49,47,1004.4
2027-10-18 02:00:00,-36.1,6.8,0.0,96,95,66,971.3
2027-10-18 03:00:00,-34.5,17.5,0.0,4,204,81,966.8
2027-10-18 04:00:00,-29.9,5.5,0.0,50,217,85,990.4
2027-10-18 05:00:00,-40.3,10.7,282.5,16,259,45,984.9
2027-10-18 06:00:00,-32.4,17.6,311.7,49,351,80,992.8
2027-10-18 07:00:00,-32.3,11.7,330.3,57,244,71,982.5
2027-10-18 08:00:00,-33.8,20.9,305.9,18,274,89,984.1
2027-10-18 09:00:00,-33.7,9.1,417.6,19,336,68,963.7
2027-10-18 10:00:00,-35.1,20.7,385.4,94,238,77,987.8
2027-10-18 11:00:00,-37.8,9.9,351.8,50,101,50,992.9
2027-10-18 12:00:00,-38.2,8.9,266.2,9,37,77,989.4
2027-10-18 13:00:00,-35.4,10.0,586.3,28,48,64,978.3
2027-10-18 14:00:00,-29.5,11.4,316.9,43,50,45,981.7
2027-10-18 15:00:00,-30.6,8.0,443.0,74,14,40,969.6
2027-10-18 16:00:00,-34.8,18.5,337.3,51,145,47,978.7
2027-10-18 17:00:00,-33.3,12.0,442.3,92,39,76,967.1
2027-10-18 18:00:00,-35.4,18.1,567.0,27,243,49,972.1
2027-10-18 19:00:00,-37.9,14.3,208.3,56,114,77,974.1
2027-10-18 20:00:00,-33.0,12.7,220.8,10,285,81,983.8
2027-10-18 21:00:00,-32.0,14.9,350.6,71,107,76,997.7
2027-10-18 22:00:00,-37.1,24.7,0.0,72,96,83,970.6
2027-10-18 23:00:00,-37.5,17.4,0.0,7,127,71,986.6
2027-10-19 00:00:00,-36.7,10.6,0.0,7,201,81,969.9
2027-10-19 01:00:00,-32.6,13.2,0.0,59,82,63,995.6
2027-10-19 02:00:00,-35.5,11.6,0.0,29,7,51,979.3
2027-10-19 03:00:00,-31.2,12.8,0.0,18,176,74,971.1
2027-10-19 04:00:00,-36.5,11.0,0.0,76,136,87,990.6
2027-10-19 05:00:00,-34.6,16.4,416.8,54,84,86,971.5
2027-10-19 06:00:00,-30.6,7.5,550.9,83,193,45,975.2
2027-10-19 07:00:00,-32.1,12.7,373.5,34,116,73,989.8
2027-10-19 08:00:00,-38.2,7.3,399.8,89,67,53,972.1
2027-10-19 09:00:00,-32.9,22.0,410.0,80,291,85,966.6
2027-10-19 10:00:00,-33.6,16.8,297.2,9,290,49,983.8
2027-10-19 11:00:00,-31.7,9.8,569.5,62,197,78,979.5
2027-10-19 12:00:00,-33.1,12.4,429.0,49,55,43,983.7
2027-10-19 13:00:00,-33.1,16.6,380.8,2,312,52,977.0
2027-10-19 14:00:00,-32.8,13.5,401.8,5,45,52,975.2
2027-10-19 15:00:00,-35.3,16.4,352.9,64,101,49,971.5
2027-10-19 16:00:00,-34.6,8.9,466.9,58,357,71,995.7
2027-10-19 17:00:00,-35.4,14.3,269.5,18,109,76,970.8
2027-10-19 18:00:00,-35.5,8.7,574.0,18,323,41,975.5
2027-10-19 19:00:00,-39.2,6.0,314.3,38,226,86,974.7
2027-10-19 20:00:00,-34.0,8.6,466.9,1,45,50,978.9
2027-10-19 21:00:00,-30.7,11.2,319.4,41,170,53,981.2
2027-10-19 22:00:00,-31.0,19.6,0.0,6,175,78,982.2
2027-10-19 23:00:00,-35.4,14.6,0.0,85,34,87,990.3
2027-10-20 00:00:00,-27.3,3.7,0.0,62,43,78,967.2
2027-10-20 01:00:00,-32.3,9.4,0.0,77,85,69,975.7
2027-10-20 02:00:00,-34.0,12.1,0.0,98,61,75,963.5
2027-10-20 03:00:00,-34.0,11.5,0.0,28,152,46,980.1
2027-10-20 04:00:00,-37.2,8.9,0.0,36,94,63,985.1
2027-10-20 05:00:00,-28.8,16.5,355.0,56,178,80,990.4
2027-10-20 06:00:00,-32.5,6.0,286.1,30,179,53,978.3
2027-10-20 07:00:00,-30.8,9.5,232.6,61,28,55,997.2
2027-10-20 08:00:00,-30.1,10.7,498.5,79,208,54,990.7
2027-10-20 09:00:00,-30.7,12.9,629.7,23,60,48,979.5
2027-10-20 10:00:00,-31.1,10.3,403.1,33,214,71,972.7
2027-10-20 11:00:00,-32.9,18.7,485.9,71,55,79,971.1
2027-10-20 12:00:00,-34.4,6.8,474.4,71,178,40,967.2
2027-10-20 13:00:00,-38.6,20.9,281.5,40,139,83,990.2
2027-10-20 14:00:00,-35.2,7.7,482.8,70,149,77,984.7
2027-10-20 15:00:00,-30.3,16.7,449.1,89,129,87,979.6
2027-10-20 16:00:00,-32.0,14.6,408.7,52,152,54,967.3
2027-10-20 17:00:00,-27.2,8.0,338.3,68,208,88,999.1
2027-10-20 18:00:00,-31.0,13.7,465.8,40,323,79,980.1
2027-10-20 19:00:00,-29.1,9.0,534.8,50,139,80,977.6
2027-10-20 20:00:00,-36.0,10.7,473.8,22,174,74,992.9
2027-10-20 21:00:00,-39.3,6.3,530.3,75,130,40,977.7
2027-10-20 22:00:00,-33.7,5.0,0.0,66,322,86,979.5
2027-10-20 23:00:00,-34.5,19.2,0.0,5,161,43,980.4
2027-10-21 00:00:00,-40.1,13.3,0.0,83,232,63,970.1
2027-10-21 01:00:00,-33.7,8.5,0.0,80,159,59,974.1
2027-10-21 02:00:00,-32.3,22.8,0.0,44,331,65,994.9
2027-10-21 03:00:00,-30.8,10.9,0.0,41,50,68,958.6
2027-10-21 04:00:00,-34.9,7.6,0.0,86,197,43,980.7
2027-10-21 05:00:00,-29.8,10.5,481.7,78,241,80,972.9
2027-10-21 06:00:00,-31.4,3.8,303.1,9,161,78,978.6
2027-10-21 07:00:00,-31.3,4.3,545.5,29,236,76,971.0
2027-10-21 08:00:00,-29.8,7.6,500.8,27,120,52,985.9
2027-10-21 09:00:00,-33.5,7.6,468.3,64,349,54,985.0
2027-10-21 10:00:00,-33.6,9.7,345.4,13,87,75,972.8
2027-10-21 11:00:00,-38.2,22.8,317.5,23,91,67,974.7
2027-10-21 12:00:00,-34.5,12.8,396.9,87,200,50,971.9
2027-10-21 13:00:00,-33.4,9.3,424.1,25,6,60,984.2
2027-10-21 14:00:00,-31.4,16.5,565.9,4,212,74,972.4
2027-10-21 15:00:00,-36.7,10.8,460.7,90,197,66,990.1
2027-10-21 16:00:00,-32.5,8.1,341.5,70,17,82,981.9
2027-10-21 17:00:00,-33.9,5.7,457.7,88,220,56,966.6
2027-10-21 18:00:00,-30.0,13.3,176.5,38,198,69,967.7
2027-10-21 19:00:00,-36.9,20.3,633.6,54,303,42,977.0
2027-10-21 20:00:00,-29.8,15.7,446.1,82,165,41,982.3
2027-10-21 21:00:00,-35.9,14.7,470.0,2,179,74,985.4
2027-10-21 22:00:00,-38.7,13.2,0.0,58,355,45,997.9
2027-10-21 23:00:00,-30.6,18.7,0.0,28,240,72,986.0
2027-10-22 00:00:00,-29.9,19.5,0.0,66,326,62,998.9
2027-10-22 01:00:00,-32.0,11.2,0.0,83,123,63,988.0
2027-10-22 02:00:00,-38.9,9.3,0.0,52,222,54,977.4
2027-10-22 03:00:00,-36.1,13.1,0.0,52,297,54,978.9
2027-10-22 04:00:00,-31.7,22.8,0.0,39,235,85,969.8
2027-10-22 05:00:00,-31.2,14.4,456.6,56,184,48,966.4
2027-10-22 06:00:00,-27.3,11.1,392.4,27,152,89,974.9
2027-10-22 07:00:00,-33.7,9.5,549.0,61,235,81,975.1
2027-10-22 08:00:00,-33.5,12.7,555.8,77,50,55,957.9
2027-10-22 09:00:00,-36.9,16.1,295.7,23,336,63,982.2
2027-10-22 10:00:00,-34.7,7.0,336.1,4,110,68,980.3
2027-10-22 11:00:00,-34.7,12.3,450.2,36,306,50,982.8
2027-10-22 12:00:00,-29.2,18.0,600.8,94,60,54,988.8
2027-10-22 13:00:00,-29.9,13.4,186.7,96,43,62,988.7
2027-10-22 14:00:00,-30.9,15.6,259.1,3,266,64,972.1
2027-10-22 15:00:00,-31.2,14.3,348.2,87,246,58,984.6
2027-10-22 16:00:00,-38.4,9.3,389.7,86,32,56,983.8
2027-10-22 17:00:00,-37.1,9.9,551.0,76,305,57,998.2
2027-10-22 18:00:00,-31.3,20.4,208.4,63,348,75,971.2
2027-10-22 19:00:00,-36.3,5.1,535.1,22,322,63,976.3
2027-10-22 20:00:00,-36.0,12.0,453.8,8,236,47,993.8
2027-10-22 21:00:00,-37.8,11.5,492.1,97,36,65,971.3
2027-10-22 22:00:00,-30.3,15.4,0.0,64,137,61,982.6
2027-10-22 23:00:00,-36.6,16.2,0.0,81,348,73,974.5
2027-10-23 00:00:00,-27.9,6.7,0.0,55,238,51,972.8
2027-10-23 01:00:00,-35.6,9.2,0.0,60,195,51,994.4
2027-10-23 02:00:00,-35.7,10.7,0.0,79,249,63,991.8
2027-10-23 03:00:00,-29.9,6.4,0.0,4,146,56,983.1
2027-10-23 04:00:00,-33.5,8.3,0.0,82,225,68,966.8
2027-10-23 05:00:00,-34.6,14.1,298.1,100,104,48,966.5
2027-10-23 06:00:00,-36.7,17.9,237.3,64,94,82,981.9
2027-10-23 07:00:00,-35.7,17.8,411.6,44,264,81,981.6
2027-10-23 08:00:00,-32.8,8.2,257.3,37,338,68,991.4
2027-10-23 09:00:00,-34.1,17.7,441.3,48,264,78,975.9
2027-10-23 10:00:00,-31.7,20.6,448.1,26,184,78,988.1
2027-10-23 11:00:00,-31.8,3.7,373.4,59,302,82,981.5
2027-10-23 12:00:00,-33.6,19.8,270.8,40,190,67,972.4
2027-10-23 13:00:00,-32.3,8.7,553.9,38,83,80,986.7
2027-10-23 14:00:00,-31.0,12.3,551.5,46,331,54,976.5
2027-10-23 15:00:00,-34.6,13.0,559.5,68,31,64,981.6
2027-10-23 16:00:00,-28.1,10.0,509.6,42,222,49,973.4
2027-10-23 17:00:00,-33.1,9.1,421.6,14,225,41,972.4
2027-10-23 18:00:00,-29.5,5.3,215.9,70,44,67,980.1
2027-10-23 19:00:00,-33.6,5.9,389.2,7,353,78,968.9
2027-10-23 20:00:00,-28.6,24.8,392.6,10,66,55,997.7
2027-10-23 21:00:00,-35.9,5.4,388.0,48,76,79,967.4
2027-10-23 22:00:00,-31.3,12.6,0.0,6,194,41,972.3
2027-10-23 23:00:00,-31.0,13.8,0.0,100,284,78,982.6
2027-10-24 00:00:00,-28.1,13.8,0.0,35,299,87,986.8
2027-10-24 01:00:00,-32.0,15.7,0.0,56,197,65,965.8
2027-10-24 02:00:00,-30.6,7.0,0.0,82,245,80,983.8
2027-10-24 03:00:00,-31.7,3.1,0.0,74,71,75,988.5
2027-10-24 04:00:00,-32.6,10.8,0.0,92,345,63,979.8
2027-10-24 05:00:00,-30.2,12.8,354.9,74,62,59,965.6
2027-10-24 06:00:00,-33.7,15.6,467.6,75,302,59,978.3
2027-10-24 07:00:00,-29.3,24.0,512.4,55,56,73,980.4
2027-10-24 08:00:00,-30.6,6.5,380.2,56,130,74,977.2
2027-10-24 09:00:00,-33.3,13.3,518.0,68,244,73,996.4
2027-10-24 10:00:00,-28.4,1.0,320.9,78,322,85,953.7
2027-10-24 11:00:00,-28.7,3.8,563.5,48,257,74,987.1
2027-10-24 12:00:00,-32.4,17.6,367.7,59,153,80,984.3
2027-10-24 13:00:00,-26.3,19.1,358.9,77,38,44,975.6
2027-10-24 14:00:00,-25.7,9.6,545.5,33,327,52,977.5
2027-10-24 15:00:00,-37.5,6.3,330.6,38,253,70,988.1
2027-10-24 16:00:00,-29.8,10.7,583.9,29,328,85,988.9
2027-10-24 17:00:00,-28.9,11.3,157.9,35,219,58,967.2
2027-10-24 18:00:00,-33.6,14.9,625.7,93,324,74,989.2
2027-10-24 19:00:00,-28.5,16.5,339.7,35,180,41,996.6
2027-10-24 20:00:00,-34.5,8.0,339.2,68,179,86,987.9
2027-10-24 21:00:00,-31.8,20.2,360.9,62,118,81,974.9
2027-10-24 22:00:00,-27.2,12.6,0.0,78,65,89,1007.1
2027-10-24 23:00:00,-29.8,7.6,0.0,37,266,88,965.8
2027-10-25 00:00:00,-33.1,16.8,0.0,92,44,65,968.3
2027-10-25 01:00:00,-32.9,4.3,0.0,68,254,43,989.2
2027-10-25 02:00:00,-31.8,21.0,0.0,16,287,69,975.5
2027-10-25 03:00:00,-34.1,20.5,0.0,55,18,50,977.1
2027-10-25 04:00:00,-32.3,10.9,0.0,3,315,68,989.2
2027-10-25 05:00:00,-31.1,11.2,300.8,42,6,87,990.7
2027-10-25 06:00:00,-31.7,15.7,453.3,94,65,57,971.9
2027-10-25 07:00:00,-30.5,13.5,513.4,80,320,48,982.9
2027-10-25 08:00:00,-32.1,10.0,451.4,64,37,86,970.6
2027-10-25 09:00:00,-31.9,13.7,257.3,20,216,41,983.7
2027-10-25 10:00:00,-24.4,17.0,335.9,36,0,86,973.0
2027-10-25 11:00:00,-30.1,17.9,474.8,50,258,60,980.1
2027-10-25 12:00:00,-34.8,5.9,493.3,77,225,77,975.3
2027-10-25 13:00:00,-30.9,15.9,225.6,11,285,84,989.6
2027-10-25 14:00:00,-32.0,16.3,397.8,91,80,68,997.1
2027-10-25 15:00:00,-34.3,19.0,507.0,38,178,86,967.5
2027-10-25 16:00:00,-36.0,14.0,469.3,70,329,83,978.0
2027-10-25 17:00:00,-29.2,0.3,421.7,97,145,81,980.3
2027-10-25 18:00:00,-30.9,11.6,323.8,3,62,48,971.4
2027-10-25 19:00:00,-30.0,10.2,337.9,80,43,64,973.0
2027-10-25 20:00:00,-30.3,2.2,309.6,65,350,81,990.1
2027-10-25 21:00:00,-30.3,22.2,149.2,62,77,86,1007.9
2027-10-25 22:00:00,-23.2,12.5,0.0,74,209,62,986.7
2027-10-25 23:00:00,-34.1,0.0,0.0,81,239,41,982.2
2027-10-26 00:00:00,-32.5,12.1,0.0,27,340,61,988.8
2027-10-26 01:00:00,-26.3,13.5,0.0,39,68,77,996.4
2027-10-26 02:00:00,-25.1,18.2,0.0,55,189,88,969.1
2027-10-26 03:00:00,-36.2,16.8,0.0,95,18,70,957.3
2027-10-26 04:00:00,-26.9,21.1,0.0,43,302,66,972.6
2027-10-26 05:00:00,-33.2,19.9,286.1,49,211,63,960.4
2027-10-26 06:00:00,-29.1,10.9,215.7,83,331,70,991.4
2027-10-26 07:00:00,-28.3,19.3,297.4,25,25,82,987.4
2027-10-26 08:00:00,-24.9,13.3,502.1,36,187,43,995.9
2027-10-26 09:00:00,-30.4,6.9,369.9,78,78,48,982.0
2027-10-26 10:00:00,-31.8,9.4,282.3,28,100,72,977.3
2027-10-26 11:00:00,-34.9,15.2,214.3,21,77,88,985.6
2027-10-26 12:00:00,-32.2,11.0,550.2,61,343,87,987.5
2027-10-26 13:00:00,-27.6,18.2,230.0,78,190,72,965.4
2027-10-26 14:00:00,-34.0,9.5,488.8,77,33,40,958.9
2027-10-26 15:00:00,-31.6,17.5,417.7,88,131,44,975.3
2027-10-26 16:00:00,-35.7,20.3,241.4,85,217,76,967.0
2027-10-26 17:00:00,-26.3,14.3,434.6,92,319,48,973.9
2027-10-26 18:00:00,-31.5,14.8,330.7,47,213,72,983.5
2027-10-26 19:00:00,-30.7,12.7,338.9,25,343,44,977.5
2027-10-26 20:00:00,-32.7,7.4,300.5,53,256,70,979.1
2027-10-26 21:00:00,-30.3,8.2,316.2,14,170,73,978.9
2027-10-26 22:00:00,-34.6,18.4,0.0,64,321,49,976.1
2027-10-26 23:00:00,-34.0,12.7,0.0,24,308,89,965.7
2027-10-27 00:00:00,-33.6,5.9,0.0,7,225,88,1000.5
2027-10-27 01:00:00,-34.3,8.0,0.0,54,330,68,979.2
2027-10-27 02:00:00,-27.6,13.0,0.0,28,183,46,992.9
2027-10-27 03:00:00,-34.9,10.2,0.0,4,4,83,977.1
2027-10-27 04:00:00,-34.2,7.0,0.0,57,244,82,987.3
2027-10-27 05:00:00,-33.3,7.3,524.5,86,281,58,970.3
2027-10-27 06:00:00,-28.2,12.8,469.7,17,112,62,976.9
2027-10-27 07:00:00,-26.2,16.9,337.6,86,123,73,981.1
2027-10-27 08:00:00,-31.7,13.8,414.0,32,94,85,975.2
2027-10-27 09:00:00,-36.2,14.6,458.0,33,292,79,979.5
2027-10-27 10:00:00,-28.4,17.3,258.9,22,255,86,970.8
2027-10-27 11:00:00,-36.3,12.8,502.9,91,19,61,968.6
2027-10-27 12:00:00,-33.0,14.3,391.2,9,345,51,976.7
2027-10-27 13:00:00,-31.7,8.6,438.5,6,328,56,957.2
2027-10-27 14:00:00,-32.4,13.2,422.9,83,187,53,995.6
2027-10-27 15:00:00,-27.2,7.2,324.9,86,321,52,985.9
2027-10-27 16:00:00,-27.2,16.0,174.6,4,224,75,987.2
2027-10-27 17:00:00,-32.6,3.3,538.5,70,161,50,970.3
2027-10-27 18:00:00,-35.0,10.6,374.3,22,108,77,987.3
2027-10-27 19:00:00,-30.5,11.0,383.2,85,211,78,973.3
2027-10-27 20:00:00,-30.7,10.1,506.8,46,299,81,996.5
2027-10-27 21:00:00,-28.2,2.0,521.0,67,283,89,981.6
2027-10-27 22:00:00,-32.5,11.4,0.0,52,307,45,968.1
2027-10-27 23:00:00,-32.5,4.3,0.0,61,299,55,1001.5
2027-10-28 00:00:00,-28.4,9.3,0.0,8,183,60,999.1
2027-10-28 01:00:00,-28.2,0.0,0.0,6,130,70,979.4
2027-10-28 02:00:00,-35.8,11.8,0.0,12,300,64,991.2
2027-10-28 03:00:00,-28.6,16.8,0.0,35,333,55,984.4
2027-10-28 04:00:00,-34.9,18.4,0.0,87,76,71,977.5
2027-10-28 05:00:00,-29.0,19.6,333.4,6,243,43,983.3
2027-10-28 06:00:00,-30.3,11.2,423.8,87,209,86,983.7
2027-10-28 07:00:00,-29.2,4.4,454.7,43,104,60,962.6
2027-10-28 08:00:00,-31.3,21.3,345.9,5,304,40,978.3
2027-10-28 09:00:00,-30.3,17.4,406.1,50,195,67,988.5
2027-10-28 10:00:00,-24.0,7.8,375.3,66,127,42,974.0
2027-10-28 11:00:00,-28.9,13.2,238.1,81,23,79,990.4
2027-10-28 12:00:00,-36.5,14.8,341.7,41,155,88,976.1
2027-10-28 13:00:00,-32.7,0.0,425.5,30,284,88,975.5
2027-10-28 14:00:00,-35.1,6.1,305.0,3,263,43,978.7
2027-10-28 15:00:00,-31.2,15.1,436.2,18,115,66,987.0
2027-10-28 16:00:00,-32.6,12.3,359.4,34,317,68,969.0
2027-10-28 17:00:00,-31.2,10.3,443.9,5,304,88,975.6
2027-10-28 18:00:00,-28.5,5.8,332.7,38,229,58,964.1
2027-10-28 19:00:00,-32.0,23.7,356.4,80,297,53,980.8
2027-10-28 20:00:00,-32.2,10.0,229.4,68,175,59,1002.7
2027-10-28 21:00:00,-27.4,6.1,420.1,38,299,69,975.5
2027-10-28 22:00:00,-30.2,12.1,0.0,100,39,77,981.7
2027-10-28 23:00:00,-26.1,23.8,0.0,50,65,46,971.7
2027-10-29 00:00:00,-32.6,12.2,0.0,91,241,72,989.5
2027-10-29 01:00:00,-29.6,9.5,0.0,83,86,88,986.6
2027-10-29 02:00:00,-31.3,9.5,0.0,65,227,40,991.9
2027-10-29 03:00:00,-35.1,3.3,0.0,30,320,61,974.2
2027-10-29 04:00:00,-32.7,2.7,0.0,54,14,76,982.3
2027-10-29 05:00:00,-32.3,21.5,254.1,17,325,57,979.7
2027-10-29 06:00:00,-31.3,15.1,639.6,46,172,42,968.5
2027-10-29 07:00:00,-29.2,20.3,550.6,55,156,40,979.4
2027-10-29 08:00:00,-30.9,13.1,651.3,2,114,68,979.8
2027-10-29 09:00:00,-27.1,9.7,394.7,54,338,72,979.0
2027-10-29 10:00:00,-29.3,21.4,219.6,88,155,80,963.9
2027-10-29 11:00:00,-29.5,11.7,243.7,21,287,89,977.5
2027-10-29 12:00:00,-33.6,17.1,495.6,83,126,51,994.9
2027-10-29 13:00:00,-31.5,20.8,500.4,33,152,73,981.6
2027-10-29 14:00:00,-28.4,16.5,455.1,27,163,44,988.1
2027-10-29 15:00:00,-24.2,9.7,374.3,21,114,83,981.3
2027-10-29 16:00:00,-33.2,8.2,408.0,83,349,59,974.0
2027-10-29 17:00:00,-33.6,14.4,423.0,18,295,44,993.4
2027-10-29 18:00:00,-36.8,13.8,266.6,18,241,89,993.7
2027-10-29 19:00:00,-27.3,12.9,327.6,35,343,57,992.9
2027-10-29 20:00:00,-28.4,12.6,288.9,84,92,84,985.9
2027-10-29 21:00:00,-36.4,9.6,496.1,87,141,64,978.7
2027-10-29 22:00:00,-34.4,6.6,0.0,32,236,88,976.3
2027-10-29 23:00:00,-30.0,12.2,0.0,87,26,55,979.7
2027-10-30 00:00:00,-27.0,16.7,0.0,60,312,77,977.1
2027-10-30 01:00:00,-29.8,15.3,0.0,99,218,68,977.7
2027-10-30 02:00:00,-29.9,5.9,0.0,79,310,58,979.8
2027-10-30 03:00:00,-23.6,5.6,0.0,97,331,77,992.5
2027-10-30 04:00:00,-29.3,13.5,0.0,50,78,88,990.8
2027-10-30 05:00:00,-30.9,16.6,528.3,8,293,44,979.5
2027-10-30 06:00:00,-33.6,19.7,313.0,19,305,46,972.7
2027-10-30 07:00:00,-34.5,13.0,517.0,42,232,82,973.2
2027-10-30 08:00:00,-30.5,10.4,322.7,42,132,58,983.0
2027-10-30 09:00:00,-31.8,11.3,316.5,77,168,46,973.0
2027-10-30 10:00:00,-34.3,11.9,382.9,86,32,72,954.8
2027-10-30 11:00:00,-26.3,17.5,421.1,42,88,41,996.5
2027-10-30 12:00:00,-30.5,10.8,360.2,59,302,44,968.7
2027-10-30 13:00:00,-28.2,14.8,316.2,43,10,69,967.8
2027-10-30 14:00:00,-29.0,14.7,366.2,74,334,54,996.5
2027-10-30 15:00:00,-31.7,11.7,474.8,11,85,56,967.9
2027-10-30 16:00:00,-28.2,11.9,354.6,67,103,43,984.7
2027-10-30 17:00:00,-28.6,13.9,462.6,17,263,75,971.4
2027-10-30 18:00:00,-31.4,8.6,228.6,50,18,80,996.5
2027-10-30 19:00:00,-33.5,11.8,437.7,14,231,53,995.8
2027-10-30 20:00:00,-26.9,8.2,214.7,42,45,61,956.3
2027-10-30 21:00:00,-30.2,9.6,278.2,78,235,57,977.9
2027-10-30 22:00:00,-28.1,14.1,0.0,83,141,41,984.6
2027-10-30 23:00:00,-34.5,8.9,0.0,19,20,42,965.4
2027-10-31 00:00:00,-27.7,20.6,0.0,16,225,43,968.0
2027-10-31 01:00:00,-28.6,18.5,0.0,67,92,42,994.1
2027-10-31 02:00:00,-26.7,9.6,0.0,39,131,81,993.1
2027-10-31 03:00:00,-32.9,9.3,0.0,38,330,62,988.9
2027-10-31 04:00:00,-26.4,13.0,0.0,92,263,65,977.1
2027-10-31 05:00:00,-26.3,13.1,274.8,7,150,86,961.4
2027-10-31 06:00:00,-32.9,13.8,321.8,60,256,47,984.7
2027-10-31 07:00:00,-25.8,7.6,417.9,8,322,64,983.1
2027-10-31 08:00:00,-29.4,5.0,357.9,85,100,48,984.7
2027-10-31 09:00:00,-25.8,11.3,429.2,12,111,62,979.8
2027-10-31 10:00:00,-27.1,2.5,479.1,81,224,72,978.0
2027-10-31 11:00:00,-23.5,7.2,389.6,37,256,63,981.0
2027-10-31 12:00:00,-32.1,4.9,459.3,19,10,82,971.4
2027-10-31 13:00:00,-26.4,10.0,493.8,33,187,46,983.9
2027-10-31 14:00:00,-29.5,2.4,349.5,46,93,79,989.0
2027-10-31 15:00:00,-34.9,17.0,406.3,94,29,46,985.9
2027-10-31 16:00:00,-33.9,13.7,257.4,9,91,59,980.0
2027-10-31 17:00:00,-31.3,5.6,309.2,59,170,46,985.2
2027-10-31 18:00:00,-26.2,8.8,250.6,9,63,53,988.9
2027-10-31 19:00:00,-23.1,23.4,314.9,59,342,64,980.8
2027-10-31 20:00:00,-29.7,11.8,208.6,52,273,53,988.8
2027-10-31 21:00:00,-29.8,13.9,230.3,73,90,74,980.6
2027-10-31 22:00:00,-29.6,3.4,0.0,21,98,68,984.8
2027-10-31 23:00:00,-31.1,17.0,0.0,92,3,47,976.8
2027-11-01 00:00:00,-26.7,16.3,0.0,73,164,76,977.6
2027-11-01 01:00:00,-27.3,14.6,0.0,78,301,71,984.2
2027-11-01 02:00:00,-32.6,16.8,0.0,23,85,60,975.1
2027-11-01 03:00:00,-30.7,17.6,0.0,72,346,84,968.4
2027-11-01 04:00:00,-28.8,21.8,0.0,73,59,48,998.2
2027-11-01 05:00:00,-28.3,8.7,297.2,44,51,68,990.9
2027-11-01 06:00:00,-33.8,16.2,334.6,100,98,87,984.6
2027-11-01 07:00:00,-27.6,7.3,439.2,69,32,61,975.3
2027-11-01 08:00:00,-26.7,15.4,298.6,85,145,55,987.7
2027-11-01 09:00:00,-29.9,17.8,493.4,31,156,44,977.2
2027-11-01 10:00:00,-35.7,12.6,356.7,38,96,82,971.0
2027-11-01 11:00:00,-33.3,16.7,454.2,17,103,47,993.2
2027-11-01 12:00:00,-30.6,6.0,533.2,60,154,44,987.6
2027-11-01 13:00:00,-31.3,8.6,435.7,39,179,48,979.6
2027-11-01 14:00:00,-28.8,18.5,361.0,6,319,85,985.4
2027-11-01 15:00:00,-33.1,11.5,392.0,98,310,66,972.7
2027-11-01 16:00:00,-34.9,13.0,353.8,62,246,81,977.9
2027-11-01 17:00:00,-34.8,14.3,364.8,33,301,60,981.0
2027-11-01 18:00:00,-24.1,17.2,493.1,91,110,49,988.8
2027-11-01 19:00:00,-29.1,18.0,366.4,91,157,62,982.8
2027-11-01 20:00:00,-27.7,7.3,323.1,90,306,65,989.2
2027-11-01 21:00:00,-30.3,8.3,274.7,16,209,42,968.2
2027-11-01 22:00:00,-33.0,15.0,0.0,71,323,64,964.2
2027-11-01 23:00:00,-25.9,15.1,0.0,12,200,73,995.9
2027-11-02 00:00:00,-33.1,13.0,0.0,7,37,53,996.3
2027-11-02 01:00:00,-28.5,19.9,0.0,1,28,53,967.2
2027-11-02 02:00:00,-28.5,17.7,0.0,18,98,61,980.5
2027-11-02 03:00:00,-30.5,20.1,0.0,98,158,53,988.4
2027-11-02 04:00:00,-30.0,2.3,0.0,71,335,68,984.5
2027-11-02 05:00:00,-31.7,12.9,307.4,33,90,86,985.1
2027-11-02 06:00:00,-27.7,14.3,315.5,0,243,70,980.3
2027-11-02 07:00:00,-24.4,14.3,318.9,68,322,40,998.5
2027-11-02 08:00:00,-26.2,16.0,490.2,92,239,45,980.0
2027-11-02 09:00:00,-28.6,11.3,466.7,52,64,47,960.7
2027-11-02 10:00:00,-28.5,9.1,507.1,87,76,43,969.1
2027-11-02 11:00:00,-33.8,7.2,565.1,93,160,70,975.4
2027-11-02 12:00:00,-27.3,11.7,321.2,52,95,49,976.2
2027-11-02 13:00:00,-26.2,6.5,193.8,16,270,50,980.4
2027-11-02 14:00:00,-26.2,13.6,422.3,50,170,86,974.4
2027-11-02 15:00:00,-29.1,9.2,387.9,63,309,50,978.7
2027-11-02 16:00:00,-27.8,10.9,323.8,100,197,81,986.2
2027-11-02 17:00:00,-25.3,13.7,323.7,91,98,73,972.7
2027-11-02 18:00:00,-27.4,13.9,552.5,17,208,89,985.6
2027-11-02 19:00:00,-27.2,5.7,390.6,41,359,64,973.4
2027-11-02 20:00:00,-28.4,9.5,392.2,87,6,67,978.5
2027-11-02 21:00:00,-27.1,18.7,340.7,89,94,46,995.8
2027-11-02 22:00:00,-30.7,8.0,0.0,80,302,73,962.5
2027-11-02 23:00:00,-31.2,15.9,0.0,71,139,67,994.5
2027-11-03 00:00:00,-27.3,10.8,0.0,52,157,43,981.2
2027-11-03 01:00:00,-28.9,7.8,0.0,63,339,54,980.9
2027-11-03 02:00:00,-25.8,11.0,0.0,13,160,65,990.5
2027-11-03 03:00:00,-24.2,18.3,0.0,77,101,42,991.6
2027-11-03 04:00:00,-28.5,20.3,0.0,92,33,79,973.0
2027-11-03 05:00:00,-23.3,11.2,329.5,23,235,50,970.5
2027-11-03 06:00:00,-30.0,18.3,353.3,31,124,51,999.3
2027-11-03 07:00:00,-26.5,5.7,299.3,99,315,55,981.4
2027-11-03 08:00:00,-26.4,12.2,334.5,39,45,57,990.3
2027-11-03 09:00:00,-23.9,18.1,428.4,98,294,78,963.7
2027-11-03 10:00:00,-28.7,15.5,397.2,97,1,46,975.2
2027-11-03 11:00:00,-30.0,20.2,507.8,79,126,43,985.4
2027-11-03 12:00:00,-33.7,5.1,262.9,53,138,60,978.0
2027-11-03 13:00:00,-27.5,21.0,279.6,34,168,71,986.6
2027-11-03 14:00:00,-26.0,12.8,437.5,54,295,47,976.1
2027-11-03 15:00:00,-30.5,11.8,254.1,38,307,50,961.2
2027-11-03 16:00:00,-29.5,5.5,376.3,81,21,53,966.9
2027-11-03 17:00:00,-32.4,12.1,344.6,91,199,85,971.0
2027-11-03 18:00:00,-33.1,7.4,385.4,2,252,73,974.2
2027-11-03 19:00:00,-34.5,13.2,531.3,54,18,44,969.4
2027-11-03 20:00:00,-24.6,5.7,411.4,64,293,69,1008.6
2027-11-03 21:00:00,-30.0,15.1,407.4,28,315,60,991.6
2027-11-03 22:00:00,-25.7,4.4,0.0,5,359,45,970.7
2027-11-03 23:00:00,-29.9,5.9,0.0,15,238,44,980.3
2027-11-04 00:00:00,-33.2,1.8,0.0,73,30,89,974.0
2027-11-04 01:00:00,-35.0,7.9,0.0,14,275,47,975.8
2027-11-04 02:00:00,-34.1,15.8,0.0,6,222,68,981.3
2027-11-04 03:00:00,-29.1,17.0,0.0,69,152,56,977.9
2027-11-04 04:00:00,-32.1,11.8,0.0,84,357,54,976.7
2027-11-04 05:00:00,-32.6,6.5,565.5,11,247,53,991.3
2027-11-04 06:00:00,-21.4,11.9,460.7,12,165,50,980.6
2027-11-04 07:00:00,-29.5,16.5,366.3,82,184,65,970.9
2027-11-04 08:00:00,-27.8,9.7,373.5,54,25,70,971.4
2027-11-04 09:00:00,-30.6,17.8,434.4,62,233,41,986.0
2027-11-04 10:00:00,-30.7,8.7,428.3,26,146,46,983.9
2027-11-04 11:00:00,-27.6,9.4,399.7,41,134,43,974.4
2027-11-04 12:00:00,-28.3,10.8,445.9,97,203,79,984.6
2027-11-04 13:00:00,-30.5,13.9,397.1,59,23,40,997.2
2027-11-04 14:00:00,-26.1,14.9,492.1,6,185,47,978.8
2027-11-04 15:00:00,-33.8,15.2,266.3,1,203,60,978.8
2027-11-04 16:00:00,-25.4,9.0,398.8,41,339,63,994.2
2027-11-04 17:00:00,-26.2,17.2,317.6,22,232,41,995.5
2027-11-04 18:00:00,-31.3,2.2,425.7,92,38,55,980.3
2027-11-04 19:00:00,-25.8,15.9,391.4,4,219,47,985.7
2027-11-04 20:00:00,-34.6,11.3,321.2,21,201,40,997.5
2027-11-04 21:00:00,-26.4,8.9,359.9,33,195,86,973.4
2027-11-04 22:00:00,-23.8,14.5,0.0,36,237,73,975.8
2027-11-04 23:00:00,-32.8,16.2,0.0,0,311,55,977.5
2027-11-05 00:00:00,-25.5,15.6,0.0,55,214,82,984.9
2027-11-05 01:00:00,-29.4,11.6,0.0,59,250,56,980.0
2027-11-05 02:00:00,-24.5,17.9,0.0,6,291,71,974.2
2027-11-05 03:00:00,-28.6,9.6,0.0,71,4,83,982.6
2027-11-05 04:00:00,-26.8,19.2,0.0,55,346,72,980.4
2027-11-05 05:00:00,-27.3,13.9,488.5,29,308,50,995.2
2027-11-05 06:00:00,-27.1,4.3,357.0,24,41,55,980.9
2027-11-05 07:00:00,-27.1,10.3,383.5,47,250,59,969.6
2027-11-05 08:00:00,-24.6,10.8,553.4,96,73,83,981.7
2027-11-05 09:00:00,-31.0,16.0,299.1,71,160,50,983.5
2027-11-05 10:00:00,-25.1,13.2,398.0,64,191,55,964.3
2027-11-05 11:00:00,-30.4,16.1,421.9,88,63,75,977.4
2027-11-05 12:00:00,-26.9,16.8,498.5,40,224,62,980.6
2027-11-05 13:00:00,-26.5,18.7,431.3,5,264,61,990.2
2027-11-05 14:00:00,-30.6,0.0,406.3,35,324,62,975.7
2027-11-05 15:00:00,-28.2,8.3,325.8,16,287,75,982.4
2027-11-05 16:00:00,-24.9,15.0,440.9,4,20,46,979.1
2027-11-05 17:00:00,-28.1,5.7,309.1,40,86,53,986.8
2027-11-05 18:00:00,-24.3,14.8,404.4,63,320,41,975.6
2027-11-05 19:00:00,-27.9,16.7,489.0,24,23,59,980.0
2027-11-05 20:00:00,-33.5,16.3,446.6,98,126,79,973.2
2027-11-05 21:00:00,-25.3,11.4,248.1,56,239,67,981.9
2027-11-05 22:00:00,-25.2,11.9,0.0,93,204,89,977.8
2027-11-05 23:00:00,-31.9,11.2,0.0,30,147,54,987.4
2027-11-06 00:00:00,-25.8,14.0,0.0,29,243,53,1002.3
2027-11-06 01:00:00,-32.1,7.3,0.0,46,18,67,976.2
2027-11-06 02:00:00,-23.4,2.1,0.0,42,66,54,979.6
2027-11-06 03:00:00,-29.9,11.2,0.0,9,265,70,980.8
2027-11-06 04:00:00,-30.8,12.1,0.0,26,236,40,985.2
2027-11-06 05:00:00,-28.5,11.7,252.6,61,164,80,972.0
2027-11-06 06:00:00,-30.1,13.5,521.8,96,86,65,988.7
2027-11-06 07:00:00,-22.8,8.3,373.8,66,258,64,1001.7
2027-11-06 08:00:00,-30.6,8.3,352.1,13,170,71,980.4
2027-11-06 09:00:00,-22.6,16.3,260.1,78,16,40,983.6
2027-11-06 10:00:00,-24.8,10.6,439.6,78,234,78,976.5
2027-11-06 11:00:00,-30.2,18.6,281.2,36,339,81,978.3
2027-11-06 12:00:00,-26.2,12.7,480.9,25,289,83,981.2
2027-11-06 13:00:00,-27.4,15.4,424.7,47,35,46,988.6
2027-11-06 14:00:00,-30.4,20.1,299.6,12,71,69,968.8
2027-11-06 15:00:00,-29.1,11.0,138.1,28,64,75,974.1
2027-11-06 16:00:00,-25.4,18.3,402.1,87,225,52,961.6
2027-11-06 17:00:00,-31.9,13.7,384.0,87,43,86,978.2
2027-11-06 18:00:00,-30.5,1.9,445.5,98,331,65,961.5
2027-11-06 19:00:00,-29.1,11.8,389.3,41,359,53,968.6
2027-11-06 20:00:00,-24.4,9.7,434.9,40,273,60,970.4
2027-11-06 21:00:00,-33.4,11.3,344.9,29,40,88,967.4
2027-11-06 22:00:00,-29.9,14.2,0.0,49,272,47,1003.1
2027-11-06 23:00:00,-25.1,12.0,0.0,14,130,66,991.9
2027-11-07 00:00:00,-26.0,12.0,0.0,74,202,51,968.2
2027-11-07 01:00:00,-28.3,4.6,0.0,87,94,64,978.5
2027-11-07 02:00:00,-28.4,6.1,0.0,92,297,71,971.0
2027-11-07 03:00:00,-29.2,9.1,0.0,54,269,56,974.0
2027-11-07 04:00:00,-28.0,6.6,0.0,4,161,41,992.5
2027-11-07 05:00:00,-24.7,14.9,483.9,81,118,58,980.3
2027-11-07 06:00:00,-28.0,2.6,463.7,67,91,79,978.3
2027-11-07 07:00:00,-31.3,18.3,480.1,36,29,52,969.1
2027-11-07 08:00:00,-27.3,8.1,638.2,64,170,81,990.7
2027-11-07 09:00:00,-28.7,21.2,440.6,46,301,61,972.2
2027-11-07 10:00:00,-26.8,14.0,504.0,47,24,58,975.0
2027-11-07 11:00:00,-29.6,19.4,486.9,64,292,52,970.0
2027-11-07 12:00:00,-28.2,16.0,448.8,79,84,41,985.4
2027-11-07 13:00:00,-28.1,9.6,326.9,91,54,62,991.9
2027-11-07 14:00:00,-25.6,14.2,224.8,86,93,69,989.2
2027-11-07 15:00:00,-27.5,8.6,433.8,34,252,49,971.6
2027-11-07 16:00:00,-24.1,17.8,262.3,19,180,76,983.7
2027-11-07 17:00:00,-28.2,4.0,365.3,66,152,55,979.3
2027-11-07 18:00:00,-26.1,6.8,438.6,62,210,78,1001.3
2027-11-07 19:00:00,-25.0,19.3,548.1,8,54,47,982.0
2027-11-07 20:00:00,-30.0,13.5,362.4,11,241,69,982.1
2027-11-07 21:00:00,-25.9,4.3,347.7,29,329,78,976.5
2027-11-07 22:00:00,-26.1,19.4,0.0,72,218,58,978.7
2027-11-07 23:00:00,-27.3,10.8,0.0,69,301,79,980.2
2027-11-08 00:00:00,-27.3,8.0,0.0,14,73,86,963.7
2027-11-08 01:00:00,-28.8,17.8,0.0,80,354,53,983.4
2027-11-08 02:00:00,-27.1,5.5,0.0,74,298,40,984.3
2027-11-08 03:00:00,-29.6,12.2,0.0,80,63,72,984.7
2027-11-08 04:00:00,-25.2,18.7,0.0,0,255,55,974.6
2027-11-08 05:00:00,-25.7,10.3,497.0,81,257,42,987.5
2027-11-08 06:00:00,-30.8,8.0,477.1,47,38,87,977.6
2027-11-08 07:00:00,-24.7,9.4,291.5,81,275,51,976.0
2027-11-08 08:00:00,-27.9,8.4,451.2,73,99,76,985.9
2027-11-08 09:00:00,-25.2,17.6,430.0,79,352,47,977.0
2027-11-08 10:00:00,-27.5,7.4,350.0,81,142,89,967.3
2027-11-08 11:00:00,-25.7,17.9,398.0,39,17,66,983.3
2027-11-08 12:00:00,-25.4,10.1,350.5,18,65,41,988.6
2027-11-08 13:00:00,-33.1,12.0,445.6,81,80,65,970.3
2027-11-08 14:00:00,-27.0,12.6,509.4,29,352,43,981.8
2027-11-08 15:00:00,-20.7,15.0,377.4,96,288,76,998.1
2027-11-08 16:00:00,-34.4,14.6,518.5,4,289,49,973.7
2027-11-08 17:00:00,-31.6,15.2,488.4,6,199,72,1002.0
2027-11-08 18:00:00,-33.9,6.6,540.1,14,264,87,991.7
2027-11-08 19:00:00,-31.1,12.9,525.8,69,355,47,988.3
2027-11-08 20:00:00,-25.1,14.7,254.2,18,223,73,978.8
2027-11-08 21:00:00,-29.5,13.9,422.2,40,337,80,978.2
2027-11-08 22:00:00,-24.9,8.9,0.0,38,169,45,987.9
2027-11-08 23:00:00,-30.5,18.5,0.0,49,275,84,977.6
2027-11-09 00:00:00,-27.7,9.9,0.0,85,346,74,987.6
2027-11-09 01:00:00,-24.5,14.3,0.0,6,64,84,961.3
2027-11-09 02:00:00,-26.4,18.3,0.0,51,242,73,989.9
2027-11-09 03:00:00,-31.1,10.7,0.0,14,54,61,970.3
2027-11-09 04:00:00,-22.8,10.6,0.0,43,64,83,981.3
2027-11-09 05:00:00,-27.0,15.9,372.0,36,77,48,993.0
2027-11-09 06:00:00,-22.3,13.3,356.5,80,127,58,989.8
2027-11-09 07:00:00,-26.8,7.8,448.1,14,188,83,978.2
2027-11-09 08:00:00,-24.5,6.4,378.0,60,75,79,997.1
2027-11-09 09:00:00,-25.1,0.9,346.9,93,243,61,985.9
2027-11-09 10:00:00,-23.8,9.0,598.5,13,264,41,985.4
2027-11-09 11:00:00,-25.3,15.3,593.7,30,53,81,983.6
2027-11-09 12:00:00,-26.8,8.9,450.9,58,32,46,982.4
2027-11-09 13:00:00,-23.1,11.3,355.2,38,14,55,993.8
2027-11-09 14:00:00,-30.2,19.4,368.8,54,293,72,975.4
2027-11-09 15:00:00,-27.0,12.8,346.0,13,315,77,966.9
2027-11-09 16:00:00,-26.7,9.7,283.4,83,257,57,983.9
2027-11-09 17:00:00,-25.5,7.7,444.5,66,343,62,972.0
2027-11-09 18:00:00,-19.7,6.1,513.7,12,119,64,978.7
2027-11-09 19:00:00,-24.6,11.8,493.7,33,52,61,985.8
2027-11-09 20:00:00,-24.3,13.9,286.2,100,192,68,960.5
2027-11-09 21:00:00,-26.7,11.9,352.0,54,301,68,980.9
2027-11-09 22:00:00,-22.4,16.6,0.0,65,2,68,980.5
2027-11-09 23:00:00,-32.1,12.9,0.0,81,149,45,976.5
2027-11-10 00:00:00,-24.5,20.5,0.0,4,166,65,973.5
2027-11-10 01:00:00,-24.4,7.7,0.0,87,147,73,970.9
2027-11-10 02:00:00,-25.5,5.6,0.0,29,264,65,983.3
2027-11-10 03:00:00,-33.3,15.1,0.0,41,309,65,979.5
2027-11-10 04:00:00,-26.9,14.1,0.0,69,248,75,977.5
2027-11-10 05:00:00,-26.6,8.2,346.1,33,343,53,977.8
2027-11-10 06:00:00,-22.0,18.0,330.0,81,264,77,987.5
2027-11-10 07:00:00,-29.5,17.1,220.2,75,145,87,975.3
2027-11-10 08:00:00,-27.6,13.8,242.9,80,144,80,961.1
2027-11-10 09:00:00,-25.9,17.9,314.9,52,163,61,975.9
2027-11-10 10:00:00,-26.0,15.6,447.3,19,348,62,975.6
2027-11-10 11:00:00,-33.0,15.5,338.8,20,174,44,970.1
2027-11-10 12:00:00,-24.8,9.0,378.5,40,11,48,977.2
2027-11-10 13:00:00,-26.3,6.6,506.4,85,321,51,989.8
2027-11-10 14:00:00,-21.0,17.6,559.5,27,169,83,968.5
2027-11-10 15:00:00,-25.4,7.4,393.3,4,112,85,982.0
2027-11-10 16:00:00,-27.5,5.3,335.6,76,160,72,973.8
2027-11-10 17:00:00,-26.6,19.3,476.4,50,28,79,967.1
2027-11-10 18:00:00,-25.5,13.8,529.0,16,246,47,975.0
2027-11-10 19:00:00,-24.8,16.8,486.0,69,292,78,982.3
2027-11-10 20:00:00,-21.9,0.0,367.9,90,144,80,986.1
2027-11-10 21:00:00,-26.7,17.5,438.0,40,84,54,958.7
2027-11-10 22:00:00,-30.8,14.4,0.0,82,323,49,979.9
2027-11-10 23:00:00,-27.6,12.9,0.0,95,191,53,977.7
2027-11-11 00:00:00,-22.9,8.8,0.0,41,133,53,977.3
2027-11-11 01:00:00,-27.2,15.1,0.0,66,300,56,975.9
2027-11-11 02:00:00,-24.4,8.7,0.0,95,206,72,983.4
2027-11-11 03:00:00,-24.3,13.5,0.0,84,178,72,970.4
2027-11-11 04:00:00,-27.5,15.6,0.0,27,115,75,972.6
2027-11-11 05:00:00,-24.5,7.4,532.6,78,94,66,983.1
2027-11-11 06:00:00,-27.2,12.0,376.8,58,273,64,965.6
2027-11-11 07:00:00,-29.1,14.4,268.2,7,201,75,971.7
2027-11-11 08:00:00,-29.7,9.6,308.1,10,154,84,975.7
2027-11-11 09:00:00,-24.2,8.0,557.5,13,72,44,976.3
2027-11-11 10:00:00,-26.0,13.9,362.4,56,80,46,972.7
2027-11-11 11:00:00,-23.9,13.6,232.7,90,206,51,977.8
2027-11-11 12:00:00,-25.4,15.4,516.7,4,279,78,964.4
2027-11-11 13:00:00,-26.2,13.0,381.6,2,333,83,980.1
2027-11-11 14:00:00,-27.8,21.8,300.1,22,158,71,997.7
2027-11-11 15:00:00,-30.2,11.0,455.2,88,311,49,978.2
2027-11-11 16:00:00,-23.9,17.8,387.1,89,230,83,989.6
2027-11-11 17:00:00,-25.5,6.6,399.7,55,252,65,954.8
2027-11-11 18:00:00,-27.5,5.6,582.4,71,47,66,972.9
2027-11-11 19:00:00,-26.4,10.3,320.9,0,48,47,988.9
2027-11-11 20:00:00,-25.1,12.1,369.3,61,36,66,958.7
2027-11-11 21:00:00,-32.1,9.6,347.7,92,24,73,988.2
2027-11-11 22:00:00,-24.5,19.3,0.0,36,106,79,984.1
2027-11-11 23:00:00,-28.9,18.2,0.0,64,265,45,969.6
2027-11-12 00:00:00,-25.7,8.3,0.0,79,46,68,986.0
2027-11-12 01:00:00,-25.1,15.5,0.0,37,198,59,983.4
2027-11-12 02:00:00,-24.4,7.6,0.0,33,226,76,961.7
2027-11-12 03:00:00,-26.3,14.3,0.0,53,271,74,974.8
2027-11-12 04:00:00,-23.7,8.0,0.0,83,131,89,993.7
2027-11-12 05:00:00,-30.7,2.6,447.9,29,62,78,980.1
2027-11-12 06:00:00,-25.3,7.4,462.3,61,19,50,978.2
2027-11-12 07:00:00,-30.3,14.6,289.2,96,141,40,987.8
2027-11-12 08:00:00,-23.9,9.0,529.7,64,328,72,973.2
2027-11-12 09:00:00,-21.6,0.9,401.7,77,165,79,971.2
2027-11-12 10:00:00,-26.5,18.5,235.3,61,151,44,975.5
2027-11-12 11:00:00,-27.1,18.3,419.6,50,110,76,978.1
2027-11-12 12:00:00,-29.2,9.4,308.8,61,294,82,972.7
2027-11-12 13:00:00,-25.4,10.0,397.2,78,76,84,961.1
2027-11-12 14:00:00,-25.0,20.1,283.1,54,145,51,996.1
2027-11-12 15:00:00,-23.9,7.6,307.0,32,224,67,991.0
2027-11-12 16:00:00,-30.6,15.9,213.2,44,349,42,985.9
2027-11-12 17:00:00,-26.1,7.4,269.5,86,131,50,986.2
2027-11-12 18:00:00,-28.4,11.8,406.9,16,105,41,997.8
2027-11-12 19:00:00,-23.9,21.9,496.3,97,231,42,991.3
2027-11-12 20:00:00,-23.3,16.6,500.4,94,261,46,969.0
2027-11-12 21:00:00,-28.1,14.1,438.4,50,137,55,966.7
2027-11-12 22:00:00,-27.7,13.3,0.0,74,256,75,969.6
2027-11-12 23:00:00,-21.7,12.9,0.0,20,65,76,961.3
2027-11-13 00:00:00,-30.5,8.4,0.0,30,231,80,991.9
2027-11-13 01:00:00,-22.4,14.3,0.0,48,0,54,980.8
2027-11-13 02:00:00,-21.6,13.6,0.0,42,311,72,980.5
2027-11-13 03:00:00,-31.6,11.3,0.0,70,285,47,975.8
2027-11-13 04:00:00,-22.5,12.7,0.0,41,42,71,961.3
2027-11-13 05:00:00,-26.0,7.0,214.8,61,27,77,992.6
2027-11-13 06:00:00,-29.4,11.3,343.7,97,106,51,985.6
2027-11-13 07:00:00,-24.6,14.4,362.9,51,139,48,971.6
2027-11-13 08:00:00,-21.7,13.8,374.2,34,174,73,977.8
2027-11-13 09:00:00,-26.6,12.6,388.6,6,237,81,971.1
2027-11-13 10:00:00,-20.3,6.2,377.7,11,58,49,972.3
2027-11-13 11:00:00,-26.6,11.2,379.5,85,228,83,980.0
2027-11-13 12:00:00,-24.1,13.1,383.5,78,27,54,957.3
2027-11-13 13:00:00,-26.7,3.2,377.1,61,328,89,981.1
2027-11-13 14:00:00,-25.9,5.1,369.2,77,102,46,976.5
2027-11-13 15:00:00,-23.7,6.2,113.2,10,325,53,972.4
2027-11-13 16:00:00,-30.4,9.4,523.9,5,112,55,991.3
2027-11-13 17:00:00,-23.7,14.7,206.0,100,168,45,989.2
2027-11-13 18:00:00,-31.6,16.9,385.5,15,128,58,992.8
2027-11-13 19:00:00,-29.7,10.9,542.4,49,151,67,966.8
2027-11-13 20:00:00,-25.4,7.3,538.0,14,239,53,977.1
2027-11-13 21:00:00,-24.7,10.4,407.0,99,267,59,977.4
2027-11-13 22:00:00,-25.7,15.8,0.0,9,101,41,1001.8
2027-11-13 23:00:00,-25.3,11.4,0.0,0,23,48,973.9
2027-11-14 00:00:00,-22.0,9.0,0.0,57,234,64,970.0
2027-11-14 01:00:00,-26.3,9.7,0.0,90,72,59,976.2
2027-11-14 02:00:00,-25.0,8.3,0.0,71,296,65,984.7
2027-11-14 03:00:00,-28.7,10.5,0.0,16,28,83,969.4
2027-11-14 04:00:00,-22.5,16.3,0.0,77,276,62,968.6
2027-11-14 05:00:00,-24.0,3.8,509.4,48,306,61,987.4
2027-11-14 06:00:00,-21.8,15.4,467.3,90,166,86,980.9
2027-11-14 07:00:00,-19.8,15.5,536.0,82,243,48,976.5
2027-11-14 08:00:00,-20.3,9.2,258.5,27,112,84,981.3
2027-11-14 09:00:00,-29.8,2.4,260.9,41,310,58,983.4
2027-11-14 10:00:00,-20.5,9.2,523.5,35,175,51,993.8
2027-11-14 11:00:00,-24.9,6.0,458.7,99,293,40,974.1
2027-11-14 12:00:00,-31.4,11.2,395.0,56,329,78,995.0
2027-11-14 13:00:00,-26.1,10.0,425.7,70,72,78,969.3
2027-11-14 14:00:00,-25.6,8.5,247.6,10,321,68,962.3
2027-11-14 15:00:00,-23.7,13.5,277.5,10,178,72,960.4
2027-11-14 16:00:00,-27.9,14.7,328.6,31,250,43,974.6
2027-11-14 17:00:00,-31.4,17.9,384.2,49,237,62,970.5
2027-11-14 18:00:00,-26.9,11.8,310.8,65,177,87,996.8
2027-11-14 19:00:00,-20.7,5.6,397.7,90,29,53,987.4
2027-11-14 20:00:00,-28.6,13.8,415.7,23,15,67,981.2
2027-11-14 21:00:00,-18.7,7.1,532.3,60,70,83,988.8
2027-11-14 22:00:00,-24.5,9.0,0.0,72,223,87,971.5
2027-11-14 23:00:00,-28.3,8.2,0.0,13,123,67,982.4
2027-11-15 00:00:00,-25.1,12.8,0.0,60,137,62,972.6
2027-11-15 01:00:00,-22.9,18.8,0.0,73,227,88,970.1
2027-11-15 02:00:00,-25.2,18.1,0.0,22,166,52,967.0
2027-11-15 03:00:00,-26.8,13.1,0.0,48,151,69,987.1
2027-11-15 04:00:00,-27.7,10.9,0.0,18,17,83,981.2
2027-11-15 05:00:00,-25.7,5.3,359.5,47,203,84,979.5
2027-11-15 06:00:00,-27.7,11.3,422.8,67,44,74,991.0
2027-11-15 07:00:00,-23.0,8.1,630.4,36,55,44,978.0
2027-11-15 08:00:00,-24.2,7.4,375.3,10,252,43,979.5
2027-11-15 09:00:00,-29.9,28.0,381.1,86,139,61,985.9
2027-11-15 10:00:00,-29.2,2.4,334.5,44,264,65,997.7
2027-11-15 11:00:00,-17.6,14.7,116.0,65,24,58,986.9
2027-11-15 12:00:00,-26.3,21.6,461.1,81,34,76,990.7
2027-11-15 13:00:00,-25.6,20.3,257.1,90,245,44,972.1
2027-11-15 14:00:00,-25.8,10.7,247.4,71,201,68,996.0
2027-11-15 15:00:00,-28.1,5.0,309.1,4,92,72,980.4
2027-11-15 16:00:00,-22.6,15.4,296.0,13,83,60,967.0
2027-11-15 17:00:00,-25.8,14.5,538.8,31,209,69,985.3
2027-11-15 18:00:00,-21.7,8.2,350.3,77,342,64,974.1
2027-11-15 19:00:00,-25.9,5.0,321.4,89,148,52,969.8
2027-11-15 20:00:00,-26.6,6.3,302.6,16,149,57,991.2
2027-11-15 21:00:00,-23.5,16.0,438.8,85,56,46,966.1
2027-11-15 22:00:00,-22.1,13.1,0.0,3,354,83,970.9
2027-11-15 23:00:00,-26.3,9.7,0.0,87,196,54,981.6
2027-11-16 00:00:00,-27.5,12.1,0.0,55,303,46,984.8
2027-11-16 01:00:00,-23.6,8.9,0.0,48,42,48,985.5
2027-11-16 02:00:00,-21.0,22.6,0.0,93,198,84,967.9
2027-11-16 03:00:00,-23.9,9.4,0.0,0,262,52,977.5
2027-11-16 04:00:00,-24.6,8.0,0.0,91,192,75,995.4
2027-11-16 05:00:00,-27.9,13.8,666.5,9,268,47,984.1
2027-11-16 06:00:00,-31.7,14.5,528.4,51,134,77,978.8
2027-11-16 07:00:00,-24.2,8.6,263.6,39,34,83,990.2
2027-11-16 08:00:00,-27.0,9.6,406.5,24,85,57,978.7
2027-11-16 09:00:00,-28.6,14.6,540.9,70,113,45,987.6
2027-11-16 10:00:00,-25.2,3.2,367.6,58,231,49,972.3
2027-11-16 11:00:00,-23.6,18.8,319.0,49,200,61,958.5
2027-11-16 12:00:00,-27.3,5.1,509.8,29,223,45,993.4
2027-11-16 13:00:00,-23.4,3.3,487.8,20,349,42,978.4
2027-11-16 14:00:00,-24.3,7.6,293.6,84,254,82,970.9
2027-11-16 15:00:00,-24.0,7.1,473.4,2,236,64,974.5
2027-11-16 16:00:00,-26.3,19.4,354.9,22,165,64,982.2
2027-11-16 17:00:00,-29.1,11.8,595.3,21,220,49,967.4
2027-11-16 18:00:00,-25.4,14.0,399.2,36,28,73,991.0
2027-11-16 19:00:00,-31.1,20.1,483.9,14,23,65,979.5
2027-11-16 20:00:00,-26.1,11.3,330.9,54,282,74,962.9
2027-11-16 21:00:00,-23.6,26.6,315.9,16,218,89,969.0
2027-11-16 22:00:00,-22.4,7.3,0.0,30,197,80,975.9
2027-11-16 23:00:00,-25.7,14.2,0.0,81,197,48,980.0
2027-11-17 00:00:00,-22.7,3.0,0.0,7,28,69,983.9
2027-11-17 01:00:00,-25.3,9.2,0.0,64,283,45,996.4
2027-11-17 02:00:00,-29.0,20.0,0.0,98,340,80,963.2
2027-11-17 03:00:00,-21.5,15.7,0.0,23,244,86,992.3
2027-11-17 04:00:00,-26.3,9.8,0.0,66,27,76,964.1
2027-11-17 05:00:00,-17.3,10.8,396.6,8,85,50,970.2
2027-11-17 06:00:00,-24.5,9.9,493.9,4,60,71,978.0
2027-11-17 07:00:00,-21.4,6.2,363.3,72,290,82,979.6
2027-11-17 08:00:00,-22.6,13.0,357.6,90,185,71,986.1
2027-11-17 09:00:00,-23.3,11.0,517.8,24,305,83,976.2
2027-11-17 10:00:00,-29.8,11.7,278.1,21,142,75,976.1
2027-11-17 11:00:00,-25.5,9.6,409.9,36,232,63,983.2
2027-11-17 12:00:00,-21.1,18.9,183.5,30,146,62,981.3
2027-11-17 13:00:00,-24.1,18.1,346.7,100,118,76,975.0
2027-11-17 14:00:00,-20.1,4.9,502.5,78,238,82,983.3
2027-11-17 15:00:00,-26.7,10.1,350.4,65,303,40,969.4
2027-11-17 16:00:00,-27.5,4.9,241.2,84,173,69,986.3
2027-11-17 17:00:00,-20.1,6.5,288.1,24,294,83,972.3
2027-11-17 18:00:00,-30.4,13.2,261.8,29,106,79,983.9
2027-11-17 19:00:00,-25.6,13.7,393.6,37,202,78,976.1
2027-11-17 20:00:00,-27.1,17.9,356.3,5,281,53,988.8
2027-11-17 21:00:00,-25.3,9.7,353.5,17,86,84,984.3
2027-11-17 22:00:00,-29.2,12.5,0.0,78,213,87,971.2
2027-11-17 23:00:00,-31.0,13.4,0.0,34,34,43,955.8
2027-11-18 00:00:00,-22.7,8.8,0.0,18,290,60,970.0
2027-11-18 01:00:00,-25.8,15.4,0.0,56,184,55,980.4
2027-11-18 02:00:00,-26.9,3.5,0.0,4,49,65,981.5
2027-11-18 03:00:00,-25.6,19.2,0.0,82,357,50,976.0
2027-11-18 04:00:00,-24.2,0.0,0.0,97,1,84,975.3
2027-11-18 05:00:00,-25.1,7.0,393.8,35,35,61,979.5
2027-11-18 06:00:00,-20.7,13.3,501.5,16,204,82,989.8
2027-11-18 07:00:00,-20.8,19.2,518.5,50,269,61,974.4
2027-11-18 08:00:00,-22.6,16.0,432.6,72,123,40,980.5
2027-11-18 09:00:00,-26.4,5.7,495.8,15,177,43,961.2
2027-11-18 10:00:00,-23.1,8.6,292.1,68,92,42,974.6
2027-11-18 11:00:00,-24.7,15.7,603.7,65,210,87,980.8
2027-11-18 12:00:00,-28.2,1.9,455.6,9,310,42,991.2
2027-11-18 13:00:00,-21.3,9.4,476.3,24,134,73,979.8
2027-11-18 14:00:00,-26.6,13.0,319.2,84,295,47,996.2
2027-11-18 15:00:00,-20.4,12.8,619.9,88,64,69,975.3
2027-11-18 16:00:00,-23.6,16.3,265.9,30,219,82,994.0
2027-11-18 17:00:00,-21.2,19.3,310.6,33,280,62,991.7
2027-11-18 18:00:00,-28.0,16.9,226.7,53,262,44,980.7
2027-11-18 19:00:00,-23.9,11.4,494.9,0,341,57,987.0
2027-11-18 20:00:00,-25.5,15.8,455.8,16,255,65,978.3
2027-11-18 21:00:00,-18.5,13.8,343.0,66,245,79,991.7
2027-11-18 22:00:00,-22.6,18.6,0.0,20,317,84,979.7
2027-11-18 23:00:00,-18.0,2.1,0.0,96,108,59,982.0
2027-11-19 00:00:00,-26.4,18.0,0.0,45,143,54,982.0
2027-11-19 01:00:00,-26.9,8.7,0.0,53,125,47,977.2
2027-11-19 02:00:00,-26.7,5.5,0.0,41,286,78,982.6
2027-11-19 03:00:00,-21.9,14.9,0.0,69,227,84,975.0
2027-11-19 04:00:00,-23.0,12.8,0.0,42,301,82,980.2
2027-11-19 05:00:00,-22.5,6.3,537.6,36,13,41,993.3
2027-11-19 06:00:00,-21.8,10.6,344.7,24,305,80,988.3
2027-11-19 07:00:00,-25.6,10.7,363.0,83,92,49,991.7
2027-11-19 08:00:00,-22.1,4.8,421.8,97,171,80,1000.6
2027-11-19 09:00:00,-25.7,22.8,374.5,49,78,42,990.1
2027-11-19 10:00:00,-25.3,19.9,231.2,61,202,81,980.1
2027-11-19 11:00:00,-25.4,17.7,384.5,100,91,52,966.2
2027-11-19 12:00:00,-28.1,14.2,293.2,78,165,72,983.1
2027-11-19 13:00:00,-24.7,18.0,519.9,19,322,44,972.4
2027-11-19 14:00:00,-24.8,15.2,265.6,15,207,47,984.5
2027-11-19 15:00:00,-22.1,11.7,606.0,28,65,61,990.5
2027-11-19 16:00:00,-23.0,14.3,589.4,73,17,76,988.4
2027-11-19 17:00:00,-24.0,3.5,383.0,16,308,81,969.0
2027-11-19 18:00:00,-21.4,11.5,651.1,84,55,64,979.4
2027-11-19 19:00:00,-21.2,3.2,348.5,24,140,84,978.8
2027-11-19 20:00:00,-23.1,6.6,285.7,1,57,41,997.5
2027-11-19 21:00:00,-29.2,8.1,117.5,75,51,68,979.4
2027-11-19 22:00:00,-18.9,7.1,0.0,93,162,67,958.8
2027-11-19 23:00:00,-17.1,1.9,0.0,11,81,74,991.2
2027-11-20 00:00:00,-23.9,10.4,0.0,49,224,46,972.2
2027-11-20 01:00:00,-23.9,15.5,0.0,38,119,65,979.3
2027-11-20 02:00:00,-26.5,12.9,0.0,14,114,40,977.7
2027-11-20 03:00:00,-25.6,5.7,0.0,87,261,47,966.5
2027-11-20 04:00:00,-27.5,13.9,0.0,28,38,76,963.2
2027-11-20 05:00:00,-23.7,10.2,291.0,31,80,75,985.9
2027-11-20 06:00:00,-26.1,7.1,386.9,59,310,42,972.3
2027-11-20 07:00:00,-27.7,13.8,367.8,24,57,60,971.7
2027-11-20 08:00:00,-24.6,12.0,198.5,41,117,83,985.1
2027-11-20 09:00:00,-23.8,16.9,380.6,47,234,66,967.7
2027-11-20 10:00:00,-23.0,14.6,514.6,9,159,86,990.2
2027-11-20 11:00:00,-23.5,9.9,460.7,17,24,75,980.7
2027-11-20 12:00:00,-22.6,17.6,495.9,61,199,40,980.2
2027-11-20 13:00:00,-20.1,19.8,439.8,37,197,64,992.1
2027-11-20 14:00:00,-27.2,4.3,317.2,24,217,89,990.5
2027-11-20 15:00:00,-24.4,10.9,238.0,45,105,84,985.9
2027-11-20 16:00:00,-27.5,13.3,399.2,66,165,71,976.1
2027-11-20 17:00:00,-22.9,22.6,305.0,14,191,69,984.2
2027-11-20 18:00:00,-24.3,6.0,490.7,43,99,44,991.7
2027-11-20 19:00:00,-18.6,14.5,663.0,3,88,88,990.0
2027-11-20 20:00:00,-27.0,13.6,363.4,14,47,42,967.2
2027-11-20 21:00:00,-25.6,2.0,415.5,55,316,54,986.7
2027-11-20 22:00:00,-23.6,13.7,0.0,5,292,83,994.3
2027-11-20 23:00:00,-24.7,12.0,0.0,72,239,67,969.2
2027-11-21 00:00:00,-28.8,10.4,0.0,5,125,47,975.8
2027-11-21 01:00:00,-28.3,15.1,0.0,12,295,86,978.9
2027-11-21 02:00:00,-23.2,17.3,0.0,56,319,77,971.2
2027-11-21 03:00:00,-21.6,6.8,0.0,25,118,47,990.3
2027-11-21 04:00:00,-30.5,0.7,0.0,98,126,80,970.4
2027-11-21 05:00:00,-25.6,16.4,453.5,23,293,83,980.6
2027-11-21 06:00:00,-30.0,11.5,290.2,83,314,88,971.3
2027-11-21 07:00:00,-18.1,12.1,378.0,63,311,86,983.7
2027-11-21 08:00:00,-23.9,10.0,294.4,36,130,73,986.3
2027-11-21 09:00:00,-22.6,8.5,358.6,84,326,49,980.7
2027-11-21 10:00:00,-21.1,15.5,340.5,76,54,69,989.1
2027-11-21 11:00:00,-25.6,10.7,217.2,14,250,61,993.0
2027-11-21 12:00:00,-22.9,13.1,364.9,71,133,68,986.8
2027-11-21 13:00:00,-21.9,12.4,190.0,32,181,53,983.2
2027-11-21 14:00:00,-21.7,11.9,204.4,9,9,61,990.6
2027-11-21 15:00:00,-21.9,0.3,546.4,70,330,61,993.5
2027-11-21 16:00:00,-30.5,0.0,298.2,34,196,54,988.8
2027-11-21 17:00:00,-18.7,15.8,219.0,5,299,71,992.5
2027-11-21 18:00:00,-23.9,10.7,443.8,11,167,73,979.5
2027-11-21 19:00:00,-18.2,15.6,484.2,81,82,85,973.3
2027-11-21 20:00:00,-26.6,7.5,429.9,15,311,69,974.6
2027-11-21 21:00:00,-22.4,9.3,161.3,37,119,62,973.4
2027-11-21 22:00:00,-29.8,20.0,0.0,5,31,74,982.9
2027-11-21 23:00:00,-25.1,19.7,0.0,53,314,59,987.4
2027-11-22 00:00:00,-21.4,9.8,0.0,93,314,46,988.9
2027-11-22 01:00:00,-21.1,14.3,0.0,91,182,48,995.5
2027-11-22 02:00:00,-22.0,14.1,0.0,62,183,83,967.3
2027-11-22 03:00:00,-28.0,13.3,0.0,50,252,81,965.6
2027-11-22 04:00:00,-25.9,14.0,0.0,30,298,81,983.0
2027-11-22 05:00:00,-17.0,17.2,214.3,83,305,81,992.3
2027-11-22 06:00:00,-25.2,18.9,456.7,85,199,41,978.0
2027-11-22 07:00:00,-22.8,10.7,302.5,31,95,81,978.9
2027-11-22 08:00:00,-28.3,3.9,571.0,7,286,70,972.2
2027-11-22 09:00:00,-23.6,2.0,410.0,73,303,77,974.6
2027-11-22 10:00:00,-19.2,7.9,208.1,51,105,49,982.0
2027-11-22 11:00:00,-31.4,19.4,425.3,73,37,60,983.1
2027-11-22 12:00:00,-23.2,7.7,396.7,25,79,87,991.8
2027-11-22 13:00:00,-19.3,2.1,269.4,21,7,53,991.3
2027-11-22 14:00:00,-20.8,17.8,298.2,73,25,41,973.4
2027-11-22 15:00:00,-26.9,10.2,296.4,0,101,57,990.2
2027-11-22 16:00:00,-28.0,17.9,412.1,66,258,80,997.5
2027-11-22 17:00:00,-23.1,15.8,394.9,100,250,57,965.3
2027-11-22 18:00:00,-27.6,13.3,263.0,26,227,88,969.9
2027-11-22 19:00:00,-25.7,16.4,184.2,30,47,66,972.3
2027-11-22 20:00:00,-27.3,20.8,506.6,87,350,47,973.7
2027-11-22 21:00:00,-22.5,19.6,341.3,89,316,76,968.7
2027-11-22 22:00:00,-22.0,13.5,0.0,23,301,44,978.2
2027-11-22 23:00:00,-23.9,8.3,0.0,89,52,59,989.9
2027-11-23 00:00:00,-18.0,14.3,0.0,46,137,40,965.3
2027-11-23 01:00:00,-18.6,8.4,0.0,83,41,68,976.9
2027-11-23 02:00:00,-21.5,21.3,0.0,18,248,46,980.1
2027-11-23 03:00:00,-21.9,11.3,0.0,79,219,58,989.6
2027-11-23 04:00:00,-22.7,9.2,0.0,67,153,79,976.1
2027-11-23 05:00:00,-27.9,8.5,269.6,12,353,82,975.9
2027-11-23 06:00:00,-15.5,17.9,454.1,68,79,73,967.5
2027-11-23 07:00:00,-24.9,2.0,367.1,31,252,45,981.9
2027-11-23 08:00:00,-25.2,9.5,528.7,80,154,43,985.6
2027-11-23 09:00:00,-23.8,14.8,336.7,39,313,86,988.5
2027-11-23 10:00:00,-28.0,16.2,422.4,64,300,77,976.2
2027-11-23 11:00:00,-25.7,10.9,380.2,32,118,77,973.1
2027-11-23 12:00:00,-25.8,14.4,519.3,14,86,45,965.4
2027-11-23 13:00:00,-23.7,14.2,387.5,56,179,47,979.4
2027-11-23 14:00:00,-29.3,9.7,334.2,38,161,47,982.1
2027-11-23 15:00:00,-24.0,12.8,454.9,41,326,51,1001.0
2027-11-23 16:00:00,-26.9,11.6,373.3,75,212,40,984.6
2027-11-23 17:00:00,-28.1,6.9,220.2,0,99,82,978.4
2027-11-23 18:00:00,-25.7,13.6,392.2,59,327,62,980.0
2027-11-23 19:00:00,-21.7,8.8,683.8,16,39,79,984.0
2027-11-23 20:00:00,-20.0,14.5,376.9,66,66,62,975.7
2027-11-23 21:00:00,-17.8,0.0,270.9,97,56,41,994.2
2027-11-23 22:00:00,-22.1,10.5,0.0,32,36,53,986.0
2027-11-23 23:00:00,-19.2,12.4,0.0,0,85,40,978.0
2027-11-24 00:00:00,-22.1,10.9,0.0,56,62,88,989.0
2027-11-24 01:00:00,-25.2,22.3,0.0,45,316,82,981.3
2027-11-24 02:00:00,-20.1,16.1,0.0,56,230,85,973.8
2027-11-24 03:00:00,-16.8,21.1,0.0,25,331,61,986.0
2027-11-24 04:00:00,-24.0,14.5,0.0,54,325,51,978.7
2027-11-24 05:00:00,-27.4,4.5,509.1,33,186,52,982.9
2027-11-24 06:00:00,-23.0,10.8,355.7,93,282,86,1010.6
2027-11-24 07:00:00,-23.9,13.5,234.2,90,107,77,975.3
2027-11-24 08:00:00,-25.8,11.6,365.3,31,343,72,988.3
2027-11-24 09:00:00,-24.0,4.2,301.6,90,173,70,982.2
2027-11-24 10:00:00,-19.7,22.7,422.4,8,35,62,987.8
2027-11-24 11:00:00,-23.9,12.6,425.6,30,112,44,984.4
2027-11-24 12:00:00,-23.2,10.7,345.5,86,339,60,984.0
2027-11-24 13:00:00,-25.5,11.4,553.8,72,285,62,970.0
2027-11-24 14:00:00,-25.8,15.5,558.4,20,11,61,980.2
2027-11-24 15:00:00,-23.0,12.9,362.9,79,193,40,970.9
2027-11-24 16:00:00,-24.0,15.0,311.2,9,107,53,960.4
2027-11-24 17:00:00,-20.4,14.1,539.4,52,305,74,972.8
2027-11-24 18:00:00,-23.7,12.3,488.4,63,126,46,993.5
2027-11-24 19:00:00,-24.4,14.8,233.6,33,244,83,980.1
2027-11-24 20:00:00,-17.7,22.5,264.6,27,253,83,970.0
2027-11-24 21:00:00,-22.4,11.6,317.0,25,63,48,988.4
2027-11-24 22:00:00,-16.9,15.1,0.0,45,323,68,980.9
2027-11-24 23:00:00,-17.7,9.1,0.0,3,285,74,988.7
2027-11-25 00:00:00,-24.4,22.0,0.0,10,75,57,979.8
2027-11-25 01:00:00,-22.4,14.0,0.0,9,1,55,976.0
2027-11-25 02:00:00,-27.9,10.2,0.0,15,218,86,968.1
2027-11-25 03:00:00,-22.1,10.4,0.0,10,353,61,978.1
2027-11-25 04:00:00,-22.9,11.7,0.0,64,178,70,973.6
2027-11-25 05:00:00,-25.7,6.1,452.0,19,97,67,978.4
2027-11-25 06:00:00,-20.6,10.1,394.2,27,304,79,963.7
2027-11-25 07:00:00,-24.4,0.0,502.8,51,345,87,967.2
2027-11-25 08:00:00,-32.1,3.7,311.2,0,261,79,978.7
2027-11-25 09:00:00,-13.5,13.7,271.0,42,97,57,979.0
2027-11-25 10:00:00,-24.0,10.6,382.9,49,132,76,970.1
2027-11-25 11:00:00,-18.8,10.4,526.6,46,201,73,975.0
2027-11-25 12:00:00,-24.4,4.0,392.2,17,348,67,977.2
2027-11-25 13:00:00,-22.7,8.1,355.2,8,314,61,959.1
2027-11-25 14:00:00,-23.5,10.6,532.0,75,304,60,992.3
2027-11-25 15:00:00,-21.2,10.2,285.5,90,1,72,982.2
2027-11-25 16:00:00,-18.6,10.4,408.0,25,249,75,981.3
2027-11-25 17:00:00,-21.7,8.7,525.4,83,183,51,986.7
2027-11-25 18:00:00,-21.7,16.9,372.0,78,67,77,983.0
2027-11-25 19:00:00,-23.3,0.9,333.7,99,232,47,986.5
2027-11-25 20:00:00,-21.6,0.0,456.2,25,344,53,980.5
2027-11-25 21:00:00,-26.8,14.4,378.5,53,166,65,973.9
2027-11-25 22:00:00,-20.9,6.3,0.0,21,269,87,974.8
2027-11-25 23:00:00,-25.9,14.6,0.0,9,286,42,966.3
2027-11-26 00:00:00,-20.3,11.7,0.0,90,60,84,974.7
2027-11-26 01:00:00,-16.4,11.6,0.0,52,53,89,982.4
2027-11-26 02:00:00,-23.6,10.5,0.0,50,224,53,1000.2
2027-11-26 03:00:00,-19.3,9.0,0.0,66,341,75,990.1
2027-11-26 04:00:00,-18.5,18.6,0.0,60,257,67,994.1
2027-11-26 05:00:00,-26.8,16.4,413.4,19,269,54,977.9
2027-11-26 06:00:00,-25.9,12.0,453.2,37,162,54,979.7
2027-11-26 07:00:00,-22.5,6.5,267.2,83,43,60,975.1
2027-11-26 08:00:00,-21.5,24.1,515.5,14,166,68,973.8
2027-11-26 09:00:00,-20.1,10.9,380.6,62,52,41,977.0
2027-11-26 10:00:00,-24.5,15.0,195.5,90,257,70,993.2
2027-11-26 11:00:00,-22.1,11.9,460.9,33,207,64,963.3
2027-11-26 12:00:00,-22.3,15.3,399.2,19,65,52,974.0
2027-11-26 13:00:00,-18.8,14.3,361.9,61,116,40,979.7
2027-11-26 14:00:00,-22.0,8.3,408.3,11,19,84,972.6
2027-11-26 15:00:00,-18.0,13.3,229.1,55,71,55,982.3
2027-11-26 16:00:00,-22.3,11.5,431.4,48,233,46,972.1
2027-11-26 17:00:00,-26.3,4.6,497.7,18,235,54,990.0
2027-11-26 18:00:00,-25.4,14.9,389.0,91,300,43,985.6
2027-11-26 19:00:00,-24.0,16.0,463.5,91,176,65,983.0
2027-11-26 20:00:00,-24.9,8.9,414.6,33,311,56,985.1
2027-11-26 21:00:00,-19.5,10.1,358.1,61,354,53,984.9
2027-11-26 22:00:00,-20.3,9.8,0.0,51,221,58,968.3
2027-11-26 23:00:00,-17.6,8.7,0.0,90,125,63,968.3
2027-11-27 00:00:00,-20.4,10.3,0.0,69,248,40,992.1
2027-11-27 01:00:00,-23.9,14.2,0.0,12,338,76,1000.4
2027-11-27 02:00:00,-12.1,13.2,0.0,74,245,62,982.8
2027-11-27 03:00:00,-20.7,13.8,0.0,45,76,44,978.7
2027-11-27 04:00:00,-21.2,8.1,0.0,73,1,75,973.1
2027-11-27 05:00:00,-23.6,6.4,466.3,3,119,84,981.3
2027-11-27 06:00:00,-24.7,4.2,287.7,58,227,74,974.1
2027-11-27 07:00:00,-18.5,12.3,434.4,62,224,82,997.6
2027-11-27 08:00:00,-17.0,13.4,518.2,53,253,68,988.3
2027-11-27 09:00:00,-21.9,12.7,569.0,21,266,66,993.3
2027-11-27 10:00:00,-23.9,8.1,242.7,61,278,80,970.8
2027-11-27 11:00:00,-20.0,17.1,505.5,0,124,47,979.1
2027-11-27 12:00:00,-25.3,6.2,517.7,8,292,81,992.7
2027-11-27 13:00:00,-18.4,3.7,382.0,63,26,42,990.4
2027-11-27 14:00:00,-21.6,12.9,377.8,63,135,82,967.4
2027-11-27 15:00:00,-20.7,7.9,408.4,51,54,68,972.8
2027-11-27 16:00:00,-26.1,11.2,521.4,19,222,88,954.1
2027-11-27 17:00:00,-16.3,13.0,372.1,83,273,58,973.9
2027-11-27 18:00:00,-23.1,8.6,542.8,15,264,76,985.1
2027-11-27 19:00:00,-21.4,11.0,325.3,19,342,51,985.2
2027-11-27 20:00:00,-18.3,9.9,507.1,25,311,54,986.8
2027-11-27 21:00:00,-25.6,11.3,345.9,89,188,60,987.7
2027-11-27 22:00:00,-18.2,20.8,0.0,35,355,64,980.5
2027-11-27 23:00:00,-24.6,13.9,0.0,24,32,61,989.5
2027-11-28 00:00:00,-20.2,12.0,0.0,9,319,57,1008.7
2027-11-28 01:00:00,-20.2,15.9,0.0,23,229,47,990.7
2027-11-28 02:00:00,-19.1,15.9,0.0,38,276,83,982.1
2027-11-28 03:00:00,-20.7,17.8,0.0,8,358,57,993.2
2027-11-28 04:00:00,-23.4,16.6,0.0,23,89,86,992.8
2027-11-28 05:00:00,-20.3,11.7,425.9,83,106,53,974.4
2027-11-28 06:00:00,-21.0,0.0,412.6,4,248,80,987.7
2027-11-28 07:00:00,-19.7,7.4,556.3,25,338,82,979.2
2027-11-28 08:00:00,-24.6,6.7,469.1,87,298,40,977.1
2027-11-28 09:00:00,-16.9,12.3,462.9,11,273,81,970.3
2027-11-28 10:00:00,-23.9,16.3,391.9,80,281,44,955.5
2027-11-28 11:00:00,-25.7,11.4,509.8,39,149,46,984.6
2027-11-28 12:00:00,-21.0,3.2,550.5,23,207,42,965.9
2027-11-28 13:00:00,-22.3,18.0,374.4,2,36,42,986.1
2027-11-28 14:00:00,-22.6,9.4,517.3,21,13,81,979.3
2027-11-28 15:00:00,-23.6,9.2,500.9,13,38,43,985.6
2027-11-28 16:00:00,-24.2,18.1,515.4,35,88,81,977.0
2027-11-28 17:00:00,-16.1,6.0,467.2,1,239,41,998.3
2027-11-28 18:00:00,-20.4,11.8,607.0,28,64,86,983.9
2027-11-28 19:00:00,-19.3,6.4,419.1,62,246,86,972.4
2027-11-28 20:00:00,-23.8,11.2,290.9,22,119,75,984.0
2027-11-28 21:00:00,-18.9,18.0,171.9,95,159,84,990.1
2027-11-28 22:00:00,-22.6,11.8,0.0,55,41,61,977.5
2027-11-28 23:00:00,-21.4,17.1,0.0,98,17,42,978.1
2027-11-29 00:00:00,-19.8,11.1,0.0,88,154,57,983.1
2027-11-29 01:00:00,-21.5,13.7,0.0,92,328,60,971.8
2027-11-29 02:00:00,-25.8,15.6,0.0,82,280,41,977.7
2027-11-29 03:00:00,-23.3,3.6,0.0,32,268,81,986.0
2027-11-29 04:00:00,-17.1,12.2,0.0,75,115,78,968.8
2027-11-29 05:00:00,-19.9,11.8,345.8,68,13,41,991.0
2027-11-29 06:00:00,-15.2,3.9,629.5,44,180,82,980.9
2027-11-29 07:00:00,-23.1,5.5,383.4,8,33,75,988.8
2027-11-29 08:00:00,-17.4,15.1,710.1,44,122,43,983.0
2027-11-29 09:00:00,-19.9,14.5,487.0,29,254,74,991.1
2027-11-29 10:00:00,-19.0,16.3,383.6,29,316,83,972.7
2027-11-29 11:00:00,-24.3,25.9,597.2,67,31,41,987.1
2027-11-29 12:00:00,-20.6,11.8,499.9,7,14,42,980.3
2027-11-29 13:00:00,-21.4,21.0,582.7,55,88,79,990.9
2027-11-29 14:00:00,-14.3,15.8,579.3,43,32,41,978.4
2027-11-29 15:00:00,-26.3,14.9,251.3,65,345,82,990.8
2027-11-29 16:00:00,-17.4,10.5,230.7,47,217,68,984.4
2027-11-29 17:00:00,-20.7,9.3,331.7,70,41,40,969.4
2027-11-29 18:00:00,-22.9,10.0,352.1,73,243,41,983.2
2027-11-29 19:00:00,-20.8,8.9,240.6,87,199,87,995.8
2027-11-29 20:00:00,-21.1,12.0,391.1,89,312,64,967.6
2027-11-29 21:00:00,-18.9,14.9,211.8,66,320,78,975.4
2027-11-29 22:00:00,-23.2,9.7,0.0,19,62,61,995.2
2027-11-29 23:00:00,-19.5,7.9,0.0,33,193,60,966.9
2027-11-30 00:00:00,-17.4,14.6,0.0,25,356,61,987.1
2027-11-30 01:00:00,-18.1,5.2,0.0,68,82,42,976.1
2027-11-30 02:00:00,-20.2,13.4,0.0,14,220,57,974.4
2027-11-30 03:00:00,-27.2,2.8,0.0,26,80,74,988.8
2027-11-30 04:00:00,-19.1,12.2,0.0,42,28,81,979.2
2027-11-30 05:00:00,-20.9,6.4,479.7,26,109,87,971.7
2027-11-30 06:00:00,-23.4,22.2,460.4,39,254,51,986.0
2027-11-30 07:00:00,-14.8,10.3,456.1,75,18,86,974.9
2027-11-30 08:00:00,-17.1,12.8,377.0,44,354,60,969.6
2027-11-30 09:00:00,-20.2,5.9,341.2,68,205,51,983.0
2027-11-30 10:00:00,-24.4,16.9,365.3,67,100,73,973.0
2027-11-30 11:00:00,-21.6,12.1,446.2,64,213,53,963.9
2027-11-30 12:00:00,-20.1,13.0,303.1,44,41,88,983.7
2027-11-30 13:00:00,-25.7,12.7,453.3,55,163,69,973.3
2027-11-30 14:00:00,-18.4,10.0,341.8,75,153,64,986.6
2027-11-30 15:00:00,-19.8,9.5,423.0,50,160,66,1000.8
2027-11-30 16:00:00,-21.0,11.7,482.5,48,250,57,981.4
2027-11-30 17:00:00,-17.7,13.4,236.0,98,202,52,974.8
2027-11-30 18:00:00,-23.1,15.6,421.8,12,113,65,969.4
2027-11-30 19:00:00,-20.7,15.0,525.9,41,55,82,980.9
2027-11-30 20:00:00,-22.2,13.9,215.8,10,303,49,987.6
2027-11-30 21:00:00,-24.1,11.1,406.3,46,335,60,960.6
2027-11-30 22:00:00,-18.1,0.0,0.0,33,114,66,970.3
2027-11-30 23:00:00,-16.6,8.5,0.0,42,272,72,974.6
2027-12-01 00:00:00,-24.3,5.1,0.0,77,8,74,967.9
2027-12-01 01:00:00,-18.3,7.4,0.0,52,36,82,984.7
2027-12-01 02:00:00,-22.2,9.3,0.0,52,100,77,985.5
2027-12-01 03:00:00,-16.4,9.6,0.0,20,306,43,994.1
2027-12-01 04:00:00,-15.3,24.9,0.0,55,207,52,962.1
2027-12-01 05:00:00,-21.1,10.3,430.5,7,133,54,968.6
2027-12-01 06:00:00,-12.4,13.9,241.5,24,66,51,982.7
2027-12-01 07:00:00,-19.8,15.3,301.3,13,53,40,979.6
2027-12-01 08:00:00,-18.8,21.3,351.0,44,67,68,958.4
2027-12-01 09:00:00,-25.2,15.9,370.0,5,140,77,973.5
2027-12-01 10:00:00,-14.8,10.1,430.2,68,278,78,994.8
2027-12-01 11:00:00,-14.5,14.5,383.1,30,71,47,986.1
2027-12-01 12:00:00,-23.1,10.3,430.7,20,263,82,988.3
2027-12-01 13:00:00,-22.7,3.1,516.1,92,3,59,964.9
2027-12-01 14:00:00,-16.2,15.4,296.7,2,184,72,952.7
2027-12-01 15:00:00,-22.2,15.2,503.8,39,291,70,994.1
2027-12-01 16:00:00,-21.0,10.3,321.1,12,139,60,980.5
2027-12-01 17:00:00,-21.8,19.8,564.7,68,56,47,965.0
2027-12-01 18:00:00,-14.0,10.4,268.3,41,206,49,982.9
2027-12-01 19:00:00,-18.4,12.2,231.3,13,205,41,985.4
2027-12-01 20:00:00,-19.3,9.7,491.1,39,181,80,988.5
2027-12-01 21:00:00,-24.5,16.5,532.3,69,264,61,987.5
2027-12-01 22:00:00,-17.9,8.0,0.0,90,101,51,977.1
2027-12-01 23:00:00,-21.3,24.2,0.0,76,262,81,980.7
2027-12-02 00:00:00,-19.7,7.7,0.0,32,90,76,986.0
2027-12-02 01:00:00,-20.9,1.1,0.0,30,188,84,996.5
2027-12-02 02:00:00,-18.3,10.0,0.0,71,298,74,965.6
2027-12-02 03:00:00,-21.0,14.3,0.0,5,62,74,986.2
2027-12-02 04:00:00,-20.0,10.7,0.0,96,24,71,992.9
2027-12-02 05:00:00,-17.8,3.5,170.9,73,192,58,984.8
2027-12-02 06:00:00,-22.4,13.0,494.2,23,219,84,971.2
2027-12-02 07:00:00,-22.4,16.1,432.9,85,194,52,1003.5
2027-12-02 08:00:00,-19.3,14.9,430.5,31,175,40,978.6
2027-12-02 09:00:00,-19.7,4.8,505.9,26,240,59,985.7
2027-12-02 10:00:00,-20.9,12.1,432.0,99,33,69,977.8
2027-12-02 11:00:00,-20.7,20.5,474.7,25,145,84,959.1
2027-12-02 12:00:00,-17.0,12.0,493.2,98,27,72,993.5
2027-12-02 13:00:00,-18.9,17.5,257.5,43,33,80,987.9
2027-12-02 14:00:00,-19.9,8.1,347.2,56,112,77,961.3
2027-12-02 15:00:00,-14.9,11.1,326.0,92,300,52,970.1
2027-12-02 16:00:00,-16.8,10.0,252.6,70,50,65,976.1
2027-12-02 17:00:00,-15.6,15.7,413.7,35,37,62,976.5
2027-12-02 18:00:00,-19.7,15.2,525.5,32,339,57,974.4
2027-12-02 19:00:00,-24.8,10.8,420.2,60,134,81,976.2
2027-12-02 20:00:00,-16.7,16.5,506.3,62,91,41,979.1
2027-12-02 21:00:00,-21.4,4.0,373.1,30,162,65,980.3
2027-12-02 22:00:00,-21.8,7.8,0.0,37,330,48,967.2
2027-12-02 23:00:00,-23.1,13.7,0.0,25,160,48,972.5
2027-12-03 00:00:00,-18.8,1.1,0.0,73,151,50,984.5
2027-12-03 01:00:00,-22.3,12.2,0.0,47,240,59,985.7
2027-12-03 02:00:00,-23.1,17.7,0.0,14,119,76,986.2
2027-12-03 03:00:00,-21.3,17.7,0.0,3,6,64,968.2
2027-12-03 04:00:00,-26.1,14.6,0.0,3,261,59,993.7
2027-12-03 05:00:00,-19.5,14.0,319.5,78,111,44,988.2
2027-12-03 06:00:00,-21.7,6.9,290.4,14,350,85,989.6
2027-12-03 07:00:00,-22.4,18.2,422.9,45,42,51,985.2
2027-12-03 08:00:00,-23.5,10.8,569.3,46,44,75,981.3
2027-12-03 09:00:00,-16.6,6.1,253.3,19,114,76,988.0
2027-12-03 10:00:00,-19.2,9.8,492.0,43,340,41,989.5
2027-12-03 11:00:00,-17.4,11.5,519.5,0,230,78,989.0
2027-12-03 12:00:00,-21.8,5.4,381.6,20,86,63,973.1
2027-12-03 13:00:00,-21.5,17.5,517.0,55,327,49,990.3
2027-12-03 14:00:00,-24.4,18.1,373.5,76,6,55,988.9
2027-12-03 15:00:00,-18.7,13.0,309.9,97,223,89,977.7
2027-12-03 16:00:00,-21.8,12.6,555.6,16,65,63,947.5
2027-12-03 17:00:00,-14.7,8.3,354.6,48,158,54,971.7
2027-12-03 18:00:00,-17.1,15.5,521.5,60,292,86,984.0
2027-12-03 19:00:00,-16.9,7.3,490.1,85,191,66,1003.0
2027-12-03 20:00:00,-20.3,6.4,506.1,31,303,55,976.5
2027-12-03 21:00:00,-19.0,11.9,388.1,22,43,59,967.5
2027-12-03 22:00:00,-22.9,5.5,0.0,95,186,76,978.1
2027-12-03 23:00:00,-17.8,13.9,0.0,84,207,51,1010.3
2027-12-04 00:00:00,-19.1,15.5,0.0,66,171,74,977.0
2027-12-04 01:00:00,-17.2,5.8,0.0,1,126,72,986.8
2027-12-04 02:00:00,-20.3,16.2,0.0,3,230,59,979.5
2027-12-04 03:00:00,-28.4,11.5,0.0,94,77,88,981.3
2027-12-04 04:00:00,-20.2,15.9,0.0,54,33,82,980.7
2027-12-04 05:00:00,-20.7,15.0,490.9,41,19,49,978.6
2027-12-04 06:00:00,-23.0,17.1,384.4,56,276,76,989.5
2027-12-04 07:00:00,-19.6,10.6,502.8,38,147,46,985.9
2027-12-04 08:00:00,-20.1,9.3,317.9,87,20,61,977.6
2027-12-04 09:00:00,-22.4,18.4,563.6,24,176,53,990.6
2027-12-04 10:00:00,-17.9,2.4,421.6,27,279,65,980.0
2027-12-04 11:00:00,-21.6,15.3,475.7,98,198,56,989.9
2027-12-04 12:00:00,-20.3,1.5,300.3,83,135,49,976.7
2027-12-04 13:00:00,-24.0,16.3,375.5,50,87,41,975.4
2027-12-04 14:00:00,-23.6,12.1,263.5,80,317,52,967.6
2027-12-04 15:00:00,-17.1,15.0,454.9,59,313,82,965.3
2027-12-04 16:00:00,-20.1,11.5,471.4,74,267,77,973.4
2027-12-04 17:00:00,-25.9,16.2,522.6,33,126,70,971.7
2027-12-04 18:00:00,-22.2,14.1,490.0,38,50,48,994.6
2027-12-04 19:00:00,-18.4,0.7,438.9,26,155,49,982.8
2027-12-04 20:00:00,-20.3,12.4,451.1,18,237,88,973.9
2027-12-04 21:00:00,-18.8,14.2,228.9,36,49,57,993.6
2027-12-04 22:00:00,-22.2,8.9,0.0,79,17,66,977.9
2027-12-04 23:00:00,-25.4,7.4,0.0,61,108,68,974.3
2027-12-05 00:00:00,-19.5,10.0,0.0,89,232,57,978.0
2027-12-05 01:00:00,-16.0,7.1,0.0,52,136,57,984.7
2027-12-05 02:00:00,-17.8,0.0,0.0,25,301,70,967.5
2027-12-05 03:00:00,-12.4,11.6,0.0,71,229,56,983.5
2027-12-05 04:00:00,-19.7,16.8,0.0,0,118,45,976.9
2027-12-05 05:00:00,-19.9,5.0,390.6,79,95,75,992.0
2027-12-05 06:00:00,-19.8,16.0,147.7,20,211,61,971.7
2027-12-05 07:00:00,-21.8,7.3,585.8,13,341,81,975.9
2027-12-05 08:00:00,-23.3,6.8,409.2,32,115,60,979.0
2027-12-05 09:00:00,-25.7,8.7,304.7,35,106,46,965.2
2027-12-05 10:00:00,-23.3,4.7,311.2,57,170,53,985.1
2027-12-05 11:00:00,-17.2,10.8,367.2,74,171,52,964.5
2027-12-05 12:00:00,-17.0,18.2,308.2,67,231,84,988.2
2027-12-05 13:00:00,-25.5,14.0,400.7,76,336,58,971.6
2027-12-05 14:00:00,-19.9,20.3,485.3,48,247,85,982.4
2027-12-05 15:00:00,-21.7,9.9,458.6,84,212,53,978.4
2027-12-05 16:00:00,-25.5,21.1,645.3,63,52,83,982.4
2027-12-05 17:00:00,-21.6,17.8,317.2,97,94,61,971.8
2027-12-05 18:00:00,-18.9,6.5,453.4,65,333,63,976.1
2027-12-05 19:00:00,-18.7,12.7,484.2,57,47,86,979.5
2027-12-05 20:00:00,-25.7,12.9,292.1,98,310,87,984.9
2027-12-05 21:00:00,-22.4,11.8,354.1,68,338,43,969.8
2027-12-05 22:00:00,-22.5,10.3,0.0,0,95,55,985.4
2027-12-05 23:00:00,-20.7,7.5,0.0,89,193,67,984.9
2027-12-06 00:00:00,-19.9,14.7,0.0,59,142,87,983.2
2027-12-06 01:00:00,-25.7,15.8,0.0,61,95,85,983.4
2027-12-06 02:00:00,-19.2,12.2,0.0,62,193,67,979.7
2027-12-06 03:00:00,-19.4,11.5,0.0,25,221,46,968.9
2027-12-06 04:00:00,-16.5,8.9,0.0,63,214,64,970.5
2027-12-06 05:00:00,-13.7,12.7,281.3,77,232,56,988.8
2027-12-06 06:00:00,-21.5,4.0,311.3,49,339,81,992.2
2027-12-06 07:00:00,-22.8,9.6,533.9,34,264,66,999.2
2027-12-06 08:00:00,-21.3,6.6,219.8,58,267,65,981.2
2027-12-06 09:00:00,-16.1,11.8,304.6,46,205,63,973.1
2027-12-06 10:00:00,-18.8,4.6,521.7,31,281,51,987.3
2027-12-06 11:00:00,-18.6,22.0,311.2,16,39,84,978.2
2027-12-06 12:00:00,-10.5,12.5,571.8,48,217,75,972.5
2027-12-06 13:00:00,-20.0,13.6,391.9,47,75,60,989.8
2027-12-06 14:00:00,-20.1,9.7,493.9,65,169,42,984.0
2027-12-06 15:00:00,-19.4,6.0,274.6,86,232,46,987.3
2027-12-06 16:00:00,-24.3,16.0,681.8,61,7,55,982.9
2027-12-06 17:00:00,-19.6,20.0,402.8,91,300,87,974.2
2027-12-06 18:00:00,-19.6,3.9,412.9,33,109,45,970.9
2027-12-06 19:00:00,-24.3,9.8,416.7,35,239,81,976.5
2027-12-06 20:00:00,-15.9,16.0,321.7,55,247,53,978.2
2027-12-06 21:00:00,-16.5,24.7,489.3,58,298,60,986.9
2027-12-06 22:00:00,-16.5,5.8,0.0,59,69,50,993.3
2027-12-06 23:00:00,-23.4,7.5,0.0,55,149,87,966.1
2027-12-07 00:00:00,-25.5,14.2,0.0,77,222,40,972.6
2027-12-07 01:00:00,-20.6,15.8,0.0,40,169,59,980.5
2027-12-07 02:00:00,-22.1,19.0,0.0,44,154,58,971.0
2027-12-07 03:00:00,-20.4,11.5,0.0,62,262,80,977.9
2027-12-07 04:00:00,-24.4,4.1,0.0,65,187,84,977.9
2027-12-07 05:00:00,-14.5,2.2,247.8,88,255,73,999.9
2027-12-07 06:00:00,-24.7,3.7,490.0,99,160,66,998.1
2027-12-07 07:00:00,-18.2,14.0,407.4,57,107,55,994.5
2027-12-07 08:00:00,-22.0,8.5,380.0,80,193,57,982.9
2027-12-07 09:00:00,-22.1,13.5,448.3,84,311,42,988.3
2027-12-07 10:00:00,-20.7,16.3,593.8,16,211,77,998.3
2027-12-07 11:00:00,-17.5,10.0,247.2,1,74,48,994.6
2027-12-07 12:00:00,-19.0,11.1,330.4,71,318,74,977.4
2027-12-07 13:00:00,-16.7,6.5,440.1,44,322,65,976.1
2027-12-07 14:00:00,-23.1,10.1,432.7,90,89,57,981.7
2027-12-07 15:00:00,-22.3,5.1,386.4,23,313,62,978.8
2027-12-07 16:00:00,-18.5,4.1,290.5,84,262,64,969.6
2027-12-07 17:00:00,-22.0,30.5,468.3,85,337,41,993.4
2027-12-07 18:00:00,-15.8,13.9,334.4,24,359,43,990.9
2027-12-07 19:00:00,-21.2,10.6,345.5,1,280,69,1000.9
2027-12-07 20:00:00,-19.8,12.4,394.3,68,48,73,980.5
2027-12-07 21:00:00,-19.2,15.7,314.7,84,15,49,991.7
2027-12-07 22:00:00,-20.9,7.6,0.0,60,288,59,978.3
2027-12-07 23:00:00,-20.4,12.0,0.0,89,116,56,991.7
2027-12-08 00:00:00,-19.0,16.8,0.0,93,138,43,998.6
2027-12-08 01:00:00,-10.7,17.9,0.0,17,154,67,966.9
2027-12-08 02:00:00,-20.8,10.7,0.0,6,353,63,979.3
2027-12-08 03:00:00,-22.8,8.4,0.0,14,263,58,983.4
2027-12-08 04:00:00,-19.8,8.2,0.0,81,338,67,1002.6
2027-12-08 05:00:00,-21.7,21.2,422.9,78,232,50,990.2
2027-12-08 06:00:00,-19.0,2.0,471.2,2,267,42,980.3
2027-12-08 07:00:00,-18.9,9.0,505.5,24,335,72,975.5
2027-12-08 08:00:00,-19.4,9.9,521.9,34,265,87,972.5
2027-12-08 09:00:00,-19.1,10.0,359.7,65,236,71,964.0
2027-12-08 10:00:00,-19.9,15.4,499.1,10,64,62,962.8
2027-12-08 11:00:00,-26.7,19.5,534.2,84,255,88,967.2
2027-12-08 12:00:00,-23.5,19.5,479.7,52,131,75,975.3
2027-12-08 13:00:00,-23.8,20.2,525.9,73,112,69,987.3
2027-12-08 14:00:00,-18.2,19.8,463.4,87,26,80,973.9
2027-12-08 15:00:00,-20.6,15.1,412.3,15,48,74,972.7
2027-12-08 16:00:00,-18.6,10.0,373.1,27,145,72,975.3
2027-12-08 17:00:00,-19.6,14.5,316.1,45,97,44,978.7
2027-12-08 18:00:00,-19.3,19.9,446.7,78,160,81,988.1
2027-12-08 19:00:00,-20.1,10.4,232.3,16,222,60,980.4
2027-12-08 20:00:00,-22.9,19.4,491.6,98,312,60,981.5
2027-12-08 21:00:00,-16.0,11.7,297.3,27,173,52,998.0
2027-12-08 22:00:00,-17.0,12.8,0.0,71,13,47,984.1
2027-12-08 23:00:00,-22.7,8.0,0.0,17,165,73,978.3
2027-12-09 00:00:00,-15.3,16.9,0.0,86,95,63,966.1
2027-12-09 01:00:00,-16.7,8.4,0.0,70,203,72,971.7
2027-12-09 02:00:00,-20.0,13.7,0.0,9,153,50,969.2
2027-12-09 03:00:00,-15.2,13.1,0.0,43,281,70,978.9
2027-12-09 04:00:00,-17.2,15.5,0.0,24,162,44,988.8
2027-12-09 05:00:00,-22.7,17.1,468.8,78,9,58,983.2
2027-12-09 06:00:00,-21.0,17.7,474.2,52,165,87,976.3
2027-12-09 07:00:00,-22.0,12.5,457.3,42,312,51,981.0
2027-12-09 08:00:00,-14.4,12.6,364.3,12,136,81,973.9
2027-12-09 09:00:00,-15.7,8.7,528.8,24,338,81,962.2
2027-12-09 10:00:00,-23.9,15.6,478.2,39,83,62,980.3
2027-12-09 11:00:00,-13.3,6.6,409.1,7,287,58,976.8
2027-12-09 12:00:00,-19.8,7.4,360.4,35,59,60,986.3
2027-12-09 13:00:00,-15.9,10.0,319.3,68,35,78,984.7
2027-12-09 14:00:00,-20.3,8.5,166.0,3,52,43,976.8
2027-12-09 15:00:00,-17.5,17.8,305.8,79,173,52,1001.0
2027-12-09 16:00:00,-21.7,5.9,353.0,67,94,86,961.8
2027-12-09 17:00:00,-21.2,18.4,551.0,14,43,60,987.0
2027-12-09 18:00:00,-21.2,10.5,420.7,90,100,64,992.2
2027-12-09 19:00:00,-23.5,10.4,557.4,5,119,74,994.8
2027-12-09 20:00:00,-23.1,15.5,416.8,65,315,68,995.1
2027-12-09 21:00:00,-17.1,15.2,544.1,90,120,80,972.3
2027-12-09 22:00:00,-18.8,12.4,0.0,42,193,58,966.2
2027-12-09 23:00:00,-20.1,13.6,0.0,16,54,67,968.0
2027-12-10 00:00:00,-21.9,15.3,0.0,92,283,52,982.0
2027-12-10 01:00:00,-16.5,19.9,0.0,19,68,89,970.4
2027-12-10 02:00:00,-21.5,10.0,0.0,40,95,67,960.2
2027-12-10 03:00:00,-22.0,9.4,0.0,31,167,66,989.8
2027-12-10 04:00:00,-20.0,8.0,0.0,27,343,80,977.2
2027-12-10 05:00:00,-20.6,12.0,394.6,58,254,73,972.4
2027-12-10 06:00:00,-23.6,11.5,519.4,57,297,78,968.9
2027-12-10 07:00:00,-19.6,8.3,352.1,60,34,76,984.3
2027-12-10 08:00:00,-21.5,10.9,480.8,95,109,46,978.8
2027-12-10 09:00:00,-18.4,4.3,323.2,78,197,84,984.6
2027-12-10 10:00:00,-19.4,10.9,308.5,87,94,75,976.8
2027-12-10 11:00:00,-20.9,26.5,312.9,24,305,42,991.4
2027-12-10 12:00:00,-21.4,11.7,476.6,35,108,62,986.2
2027-12-10 13:00:00,-17.5,10.9,338.6,0,18,74,979.0
2027-12-10 14:00:00,-21.2,9.2,603.7,100,166,47,985.0
2027-12-10 15:00:00,-16.9,9.5,463.5,3,249,54,962.4
2027-12-10 16:00:00,-22.4,12.6,254.1,95,170,73,973.6
2027-12-10 17:00:00,-14.2,15.5,344.7,46,59,61,996.8
2027-12-10 18:00:00,-22.1,10.4,263.0,85,52,46,963.5
2027-12-10 19:00:00,-16.8,13.9,264.6,96,90,59,979.1
2027-12-10 20:00:00,-19.4,4.1,265.4,56,332,80,980.5
2027-12-10 21:00:00,-22.7,13.1,562.9,27,334,83,969.6
2027-12-10 22:00:00,-22.6,17.3,0.0,93,18,47,973.1
2027-12-10 23:00:00,-20.0,15.6,0.0,14,268,71,974.4
2027-12-11 00:00:00,-16.9,5.5,0.0,60,133,81,998.6
2027-12-11 01:00:00,-21.3,8.7,0.0,27,16,48,984.7
2027-12-11 02:00:00,-17.5,8.6,0.0,45,198,76,990.5
2027-12-11 03:00:00,-21.7,14.0,0.0,0,161,50,987.7
2027-12-11 04:00:00,-20.5,15.6,0.0,13,110,87,992.2
2027-12-11 05:00:00,-16.5,3.7,344.3,53,55,57,1002.5
2027-12-11 06:00:00,-15.4,7.9,457.5,87,124,41,970.2
2027-12-11 07:00:00,-15.5,11.2,530.7,4,349,50,971.1
2027-12-11 08:00:00,-21.4,11.7,224.6,7,276,41,991.6
2027-12-11 09:00:00,-20.6,15.8,508.1,79,308,52,972.7
2027-12-11 10:00:00,-17.2,16.0,333.6,88,147,66,990.7
2027-12-11 11:00:00,-22.4,10.9,573.0,96,60,77,981.1
2027-12-11 12:00:00,-15.7,21.7,472.1,15,257,73,988.2
2027-12-11 13:00:00,-15.9,3.7,340.6,63,29,50,967.4
2027-12-11 14:00:00,-16.7,18.0,429.6,45,2,59,968.6
2027-12-11 15:00:00,-22.4,14.8,510.2,65,312,44,972.0
2027-12-11 16:00:00,-21.3,12.7,456.8,33,241,71,983.5
2027-12-11 17:00:00,-16.9,12.0,242.8,63,203,80,983.2
2027-12-11 18:00:00,-16.0,10.7,214.8,20,76,70,990.2
2027-12-11 19:00:00,-15.0,10.1,217.0,68,141,79,981.3
2027-12-11 20:00:00,-17.6,7.7,339.2,79,169,82,994.8
2027-12-11 21:00:00,-21.9,17.6,372.5,82,158,43,969.5
2027-12-11 22:00:00,-18.0,9.7,0.0,16,30,78,981.5
2027-12-11 23:00:00,-19.1,5.6,0.0,12,356,88,980.0
2027-12-12 00:00:00,-21.5,15.7,0.0,39,336,84,986.1
2027-12-12 01:00:00,-18.2,14.6,0.0,43,0,40,961.3
2027-12-12 02:00:00,-26.4,14.1,0.0,70,143,47,991.4
2027-12-12 03:00:00,-20.8,4.2,0.0,32,151,41,978.1
2027-12-12 04:00:00,-23.7,24.1,0.0,80,238,44,984.0
2027-12-12 05:00:00,-17.4,8.3,341.5,88,312,59,986.0
2027-12-12 06:00:00,-18.2,8.7,505.5,71,266,69,969.2
2027-12-12 07:00:00,-20.1,15.2,459.2,65,235,59,984.2
2027-12-12 08:00:00,-18.0,13.7,470.1,95,230,54,978.8
2027-12-12 09:00:00,-21.7,11.9,441.9,89,239,48,985.3
2027-12-12 10:00:00,-14.3,17.6,422.1,16,43,68,975.4
2027-12-12 11:00:00,-19.9,11.5,415.4,86,65,53,981.7
2027-12-12 12:00:00,-23.7,6.8,371.9,70,30,54,980.6
2027-12-12 13:00:00,-20.9,8.8,430.0,25,236,67,990.0
2027-12-12 14:00:00,-17.0,10.6,512.4,29,268,88,970.1
2027-12-12 15:00:00,-22.0,13.7,247.3,86,56,57,974.8
2027-12-12 16:00:00,-18.8,18.4,449.0,40,329,48,981.3
2027-12-12 17:00:00,-18.6,13.5,628.3,51,16,78,976.1
2027-12-12 18:00:00,-14.8,9.8,623.6,8,97,62,978.3
2027-12-12 19:00:00,-14.6,4.2,320.5,9,219,54,970.4
2027-12-12 20:00:00,-16.5,0.0,330.6,24,74,58,969.4
2027-12-12 21:00:00,-20.6,8.4,378.4,26,309,53,982.8
2027-12-12 22:00:00,-22.8,19.8,0.0,62,317,82,979.0
2027-12-12 23:00:00,-16.7,1.5,0.0,91,142,83,976.2
2027-12-13 00:00:00,-19.0,11.2,0.0,11,167,55,986.0
2027-12-13 01:00:00,-18.1,5.9,0.0,92,131,70,979.1
2027-12-13 02:00:00,-18.0,10.6,0.0,12,200,77,983.8
2027-12-13 03:00:00,-20.8,20.5,0.0,30,335,89,967.2
2027-12-13 04:00:00,-25.8,11.7,0.0,18,238,46,986.8
2027-12-13 05:00:00,-18.0,7.3,345.2,48,33,43,977.0
2027-12-13 06:00:00,-16.0,10.4,560.4,51,300,76,988.7
2027-12-13 07:00:00,-12.4,0.0,488.7,5,351,56,987.4
2027-12-13 08:00:00,-19.8,6.1,353.9,53,36,66,962.5
2027-12-13 09:00:00,-17.2,13.2,499.8,88,326,42,983.4
2027-12-13 10:00:00,-15.9,10.1,413.2,75,149,54,971.6
2027-12-13 11:00:00,-16.6,14.7,323.1,8,252,65,986.9
2027-12-13 12:00:00,-16.1,3.6,348.2,31,32,88,974.6
2027-12-13 13:00:00,-15.4,11.0,293.7,80,74,84,961.6
2027-12-13 14:00:00,-23.7,0.0,492.8,2,26,44,986.4
2027-12-13 15:00:00,-20.4,9.0,423.9,34,85,65,983.8
2027-12-13 16:00:00,-16.8,10.5,365.2,17,349,76,993.5
2027-12-13 17:00:00,-18.1,9.3,285.5,0,314,52,998.8
2027-12-13 18:00:00,-17.3,19.3,390.3,30,56,51,970.1
2027-12-13 19:00:00,-18.2,13.8,521.1,35,328,82,977.0
2027-12-13 20:00:00,-14.0,9.6,276.3,33,6,73,979.9
2027-12-13 21:00:00,-20.3,17.6,455.6,45,174,53,966.5
2027-12-13 22:00:00,-15.0,10.7,0.0,20,196,89,969.4
2027-12-13 23:00:00,-16.8,14.5,0.0,53,12,53,999.5
2027-12-14 00:00:00,-16.1,8.2,0.0,78,270,55,967.8
2027-12-14 01:00:00,-18.7,25.6,0.0,71,333,68,973.7
2027-12-14 02:00:00,-13.2,9.9,0.0,79,212,50,962.2
2027-12-14 03:00:00,-14.9,16.4,0.0,23,97,50,983.1
2027-12-14 04:00:00,-14.5,18.0,0.0,58,156,50,988.4
2027-12-14 05:00:00,-23.0,17.5,383.2,27,346,67,976.2
2027-12-14 06:00:00,-17.3,14.3,343.7,34,50,80,967.3
2027-12-14 07:00:00,-19.0,21.8,311.6,54,191,89,973.7
2027-12-14 08:00:00,-23.1,18.5,485.2,99,220,66,972.5
2027-12-14 09:00:00,-18.4,15.5,302.8,33,301,41,982.3
2027-12-14 10:00:00,-16.3,9.7,548.5,82,223,42,973.9
2027-12-14 11:00:00,-19.0,13.4,424.2,41,287,67,994.5
2027-12-14 12:00:00,-14.4,5.3,335.9,33,99,71,1004.1
2027-12-14 13:00:00,-23.7,8.3,445.9,96,41,71,972.3
2027-12-14 14:00:00,-17.0,15.3,278.7,19,24,53,979.2
2027-12-14 15:00:00,-17.0,5.1,401.1,6,184,40,984.2
2027-12-14 16:00:00,-19.8,14.2,471.8,21,28,48,974.4
2027-12-14 17:00:00,-14.7,7.8,438.1,34,108,65,992.5
2027-12-14 18:00:00,-15.5,13.1,442.5,21,239,83,971.5
2027-12-14 19:00:00,-19.5,14.0,389.2,78,53,59,992.7
2027-12-14 20:00:00,-15.1,14.3,511.8,70,33,56,975.3
2027-12-14 21:00:00,-19.0,13.1,205.9,6,310,62,986.2
2027-12-14 22:00:00,-19.2,14.4,0.0,23,72,80,1004.8
2027-12-14 23:00:00,-18.9,7.1,0.0,65,251,74,964.2
2027-12-15 00:00:00,-17.5,10.2,0.0,3,349,68,983.7
2027-12-15 01:00:00,-21.5,5.7,0.0,15,140,71,989.1
2027-12-15 02:00:00,-15.0,14.3,0.0,97,345,56,966.3
2027-12-15 03:00:00,-19.9,10.5,0.0,100,312,47,995.9
2027-12-15 04:00:00,-17.9,20.2,0.0,31,209,85,971.2
2027-12-15 05:00:00,-22.9,17.8,457.2,82,103,76,997.6
2027-12-15 06:00:00,-15.7,9.9,402.3,23,295,46,977.5
2027-12-15 07:00:00,-18.5,11.2,372.1,13,87,45,980.8
2027-12-15 08:00:00,-13.3,6.5,610.9,71,304,48,977.2
2027-12-15 09:00:00,-21.9,16.0,293.2,72,151,87,984.6
2027-12-15 10:00:00,-18.3,10.9,480.4,12,208,43,977.4
2027-12-15 11:00:00,-14.6,16.3,341.1,32,164,80,978.4
2027-12-15 12:00:00,-17.9,10.9,512.6,86,227,43,980.3
2027-12-15 13:00:00,-17.7,2.6,330.6,39,278,61,976.1
2027-12-15 14:00:00,-15.2,14.2,489.7,88,309,74,967.1
2027-12-15 15:00:00,-13.6,10.0,345.6,88,81,78,974.9
2027-12-15 16:00:00,-9.8,8.1,396.2,44,109,69,964.1
2027-12-15 17:00:00,-15.7,17.8,427.5,82,29,77,964.3
2027-12-15 18:00:00,-17.6,15.3,389.8,87,166,75,974.4
2027-12-15 19:00:00,-19.6,8.4,262.1,94,258,66,979.9
2027-12-15 20:00:00,-14.6,16.7,434.5,4,240,84,977.1
2027-12-15 21:00:00,-20.6,11.7,307.7,91,163,48,982.3
2027-12-15 22:00:00,-13.9,4.0,0.0,88,197,71,980.7
2027-12-15 23:00:00,-15.5,9.9,0.0,73,302,81,993.8
2027-12-16 00:00:00,-15.0,15.9,0.0,8,291,87,991.2
2027-12-16 01:00:00,-18.2,23.8,0.0,44,337,73,983.8
2027-12-16 02:00:00,-18.3,11.7,0.0,52,130,40,982.7
2027-12-16 03:00:00,-18.7,11.7,0.0,99,248,89,987.1
2027-12-16 04:00:00,-17.8,5.6,0.0,65,31,74,971.9
2027-12-16 05:00:00,-13.9,16.2,460.9,77,359,69,963.4
2027-12-16 06:00:00,-21.9,16.5,485.4,45,15,40,970.3
2027-12-16 07:00:00,-15.3,14.1,523.3,66,166,41,1007.2
2027-12-16 08:00:00,-13.6,10.9,365.6,65,224,67,981.1
2027-12-16 09:00:00,-20.2,0.0,437.4,21,274,54,981.9
2027-12-16 10:00:00,-24.8,13.6,284.3,100,350,59,965.9
2027-12-16 11:00:00,-17.4,17.1,525.3,65,259,85,979.6
2027-12-16 12:00:00,-19.8,9.6,119.0,61,103,74,992.8
2027-12-16 13:00:00,-16.2,9.4,449.4,72,23,87,977.0
2027-12-16 14:00:00,-14.6,11.6,321.4,32,358,74,989.1
2027-12-16 15:00:00,-15.5,18.5,397.2,59,255,77,983.4
2027-12-16 16:00:00,-20.7,7.8,512.1,63,243,70,990.0
2027-12-16 17:00:00,-16.1,10.7,388.9,27,71,59,975.9
2027-12-16 18:00:00,-16.6,6.9,564.0,40,157,54,978.9
2027-12-16 19:00:00,-20.6,17.1,545.4,63,254,82,984.3
2027-12-16 20:00:00,-20.0,3.9,545.4,79,212,80,991.7
2027-12-16 21:00:00,-15.4,7.1,394.7,24,211,49,995.3
2027-12-16 22:00:00,-18.2,13.8,0.0,44,118,58,973.0
2027-12-16 23:00:00,-20.4,19.6,0.0,60,96,41,985.0
2027-12-17 00:00:00,-19.3,18.5,0.0,35,141,77,977.2
2027-12-17 01:00:00,-20.1,13.6,0.0,19,166,70,979.2
2027-12-17 02:00:00,-17.1,10.0,0.0,20,92,49,965.3
2027-12-17 03:00:00,-16.2,13.4,0.0,88,5,65,981.9
2027-12-17 04:00:00,-18.0,19.3,0.0,96,195,43,988.5
2027-12-17 05:00:00,-18.7,2.7,266.2,63,42,54,983.0
2027-12-17 06:00:00,-18.1,12.4,439.5,19,14,66,982.6
2027-12-17 07:00:00,-19.9,5.2,365.2,6,94,75,975.4
2027-12-17 08:00:00,-19.1,17.1,321.0,33,34,81,967.2
2027-12-17 09:00:00,-17.4,15.3,381.9,89,60,83,987.0
2027-12-17 10:00:00,-20.5,13.1,459.7,74,124,71,978.1
2027-12-17 11:00:00,-19.3,8.9,339.4,17,214,52,973.7
2027-12-17 12:00:00,-19.0,15.5,450.7,62,145,89,988.1
2027-12-17 13:00:00,-16.2,3.5,460.3,70,157,83,985.0
2027-12-17 14:00:00,-19.8,11.7,375.9,13,226,65,977.3
2027-12-17 15:00:00,-17.0,18.8,347.2,21,66,43,968.0
2027-12-17 16:00:00,-15.8,9.8,406.7,1,285,44,984.0
2027-12-17 17:00:00,-13.4,8.9,355.1,83,312,65,968.3
2027-12-17 18:00:00,-21.2,4.6,486.8,42,300,50,986.6
2027-12-17 19:00:00,-16.6,24.0,334.9,62,64,74,978.5
2027-12-17 20:00:00,-17.6,14.9,389.3,87,172,73,994.1
2027-12-17 21:00:00,-20.0,16.4,433.8,75,5,72,965.3
2027-12-17 22:00:00,-13.1,11.5,0.0,11,306,83,966.5
2027-12-17 23:00:00,-22.4,20.1,0.0,96,15,50,986.8
2027-12-18 00:00:00,-17.9,15.2,0.0,94,160,49,978.8
2027-12-18 01:00:00,-17.8,16.9,0.0,72,287,48,985.3
2027-12-18 02:00:00,-20.1,16.6,0.0,6,273,62,982.3
2027-12-18 03:00:00,-14.8,17.6,0.0,36,83,63,971.7
2027-12-18 04:00:00,-11.8,12.8,0.0,88,214,48,977.4
2027-12-18 05:00:00,-17.5,13.6,432.7,84,5,73,983.6
2027-12-18 06:00:00,-25.9,20.4,536.3,18,156,66,983.5
2027-12-18 07:00:00,-16.4,14.8,308.7,94,201,76,983.0
2027-12-18 08:00:00,-21.9,11.2,230.7,87,263,68,990.2
2027-12-18 09:00:00,-16.6,20.8,252.3,70,119,45,974.1
2027-12-18 10:00:00,-17.5,7.0,359.4,73,7,51,972.5
2027-12-18 11:00:00,-14.9,20.5,294.2,8,204,59,976.8
2027-12-18 12:00:00,-15.1,4.9,349.3,62,31,81,992.9
2027-12-18 13:00:00,-18.5,12.7,445.5,92,166,66,973.1
2027-12-18 14:00:00,-15.0,17.5,572.3,46,17,48,987.3
2027-12-18 15:00:00,-20.2,14.7,278.5,66,120,42,985.8
2027-12-18 16:00:00,-20.1,8.1,463.7,43,142,63,987.4
2027-12-18 17:00:00,-16.0,9.9,379.8,87,118,75,972.1
2027-12-18 18:00:00,-16.7,7.9,373.8,78,41,71,990.6
2027-12-18 19:00:00,-20.3,17.8,234.9,42,328,57,965.6
2027-12-18 20:00:00,-17.8,16.4,415.1,100,209,69,976.9
2027-12-18 21:00:00,-19.7,13.7,471.2,98,23,71,963.8
2027-12-18 22:00:00,-15.3,9.0,0.0,38,9,76,981.9
2027-12-18 23:00:00,-15.8,12.3,0.0,74,306,67,989.0
2027-12-19 00:00:00,-12.7,11.5,0.0,1,304,57,975.0
2027-12-19 01:00:00,-21.2,17.1,0.0,90,177,65,984.5
2027-12-19 02:00:00,-15.6,4.2,0.0,48,319,78,977.1
2027-12-19 03:00:00,-21.9,17.3,0.0,82,156,80,971.6
2027-12-19 04:00:00,-17.6,6.3,0.0,48,13,84,971.0
2027-12-19 05:00:00,-16.7,14.0,406.1,3,352,46,1000.0
2027-12-19 06:00:00,-15.5,16.9,279.3,9,137,60,992.0
2027-12-19 07:00:00,-17.8,13.2,426.3,5,28,48,986.2
2027-12-19 08:00:00,-11.4,18.5,502.5,69,356,59,996.0
2027-12-19 09:00:00,-15.6,14.2,563.3,64,354,61,986.8
2027-12-19 10:00:00,-21.5,9.4,417.6,76,257,74,973.3
2027-12-19 11:00:00,-12.1,20.7,373.4,75,300,84,959.0
2027-12-19 12:00:00,-19.6,12.8,563.2,94,273,46,972.2
2027-12-19 13:00:00,-10.8,14.7,557.6,28,178,66,989.3
2027-12-19 14:00:00,-18.7,9.8,406.2,78,159,81,975.0
2027-12-19 15:00:00,-14.9,16.0,441.4,28,335,64,972.5
2027-12-19 16:00:00,-14.8,0.0,577.3,78,199,60,961.3
2027-12-19 17:00:00,-23.2,7.3,287.8,69,70,84,984.8
2027-12-19 18:00:00,-20.2,13.4,208.6,81,53,75,991.9
2027-12-19 19:00:00,-12.6,9.4,383.6,67,344,50,979.3
2027-12-19 20:00:00,-17.2,15.4,431.8,35,250,58,988.2
2027-12-19 21:00:00,-21.9,14.6,443.3,92,188,65,984.1
2027-12-19 22:00:00,-14.1,6.7,0.0,27,6,84,984.6
2027-12-19 23:00:00,-14.9,8.4,0.0,10,15,48,970.5
2027-12-20 00:00:00,-17.5,10.6,0.0,64,78,64,974.5
2027-12-20 01:00:00,-17.3,15.3,0.0,71,250,54,969.0
2027-12-20 02:00:00,-13.7,13.5,0.0,81,201,47,967.5
2027-12-20 03:00:00,-20.8,7.9,0.0,68,342,78,977.9
2027-12-20 04:00:00,-15.0,5.5,0.0,33,333,59,988.2
2027-12-20 05:00:00,-16.2,15.6,355.0,80,36,76,986.3
2027-12-20 06:00:00,-17.0,6.6,353.5,80,165,79,987.2
2027-12-20 07:00:00,-14.4,13.4,393.7,12,52,72,982.0
2027-12-20 08:00:00,-16.0,16.2,489.5,53,188,62,977.8
2027-12-20 09:00:00,-17.0,5.4,467.3,11,172,60,964.3
2027-12-20 10:00:00,-18.1,23.3,451.2,32,295,43,971.7
2027-12-20 11:00:00,-18.1,15.5,531.3,95,36,75,970.5
2027-12-20 12:00:00,-14.5,12.3,270.0,43,75,68,979.7
2027-12-20 13:00:00,-12.7,10.6,435.8,6,316,51,988.3
2027-12-20 14:00:00,-11.6,7.0,370.6,44,348,60,976.9
2027-12-20 15:00:00,-19.0,11.9,436.8,84,119,51,978.2
2027-12-20 16:00:00,-21.9,10.0,403.2,46,347,70,967.8
2027-12-20 17:00:00,-14.6,17.2,429.9,38,167,51,953.7
2027-12-20 18:00:00,-17.0,12.8,534.2,78,22,59,967.2
2027-12-20 19:00:00,-15.4,17.0,316.4,74,343,54,977.8
2027-12-20 20:00:00,-23.9,8.7,352.3,83,88,41,979.2
2027-12-20 21:00:00,-16.1,12.4,538.4,43,349,88,991.7
2027-12-20 22:00:00,-20.6,11.8,0.0,71,59,51,985.5
2027-12-20 23:00:00,-14.0,13.8,0.0,73,106,75,993.4
2027-12-21 00:00:00,-17.1,18.7,0.0,49,25,65,960.2
2027-12-21 01:00:00,-16.8,9.4,0.0,17,310,53,961.5
2027-12-21 02:00:00,-17.4,16.2,0.0,63,106,49,977.8
2027-12-21 03:00:00,-10.0,16.0,0.0,27,327,41,952.5
2027-12-21 04:00:00,-15.9,10.0,0.0,37,327,61,963.2
2027-12-21 05:00:00,-20.0,11.0,307.1,45,216,88,983.9
2027-12-21 06:00:00,-25.2,11.2,430.5,42,235,76,989.7
2027-12-21 07:00:00,-20.3,16.1,406.4,32,137,45,987.6
2027-12-21 08:00:00,-18.9,16.9,338.1,18,175,84,989.4
2027-12-21 09:00:00,-23.0,20.8,290.6,17,46,65,978.6
2027-12-21 10:00:00,-12.6,5.6,434.7,58,223,68,980.9
2027-12-21 11:00:00,-12.1,11.9,307.2,43,205,86,985.6
2027-12-21 12:00:00,-15.2,9.8,356.8,44,124,62,974.4
2027-12-21 13:00:00,-17.2,4.1,255.7,14,332,58,966.2
2027-12-21 14:00:00,-13.1,10.1,433.0,2,306,69,977.0
2027-12-21 15:00:00,-12.6,18.6,379.6,24,103,43,976.6
2027-12-21 16:00:00,-14.8,13.5,650.7,75,47,40,973.1
2027-12-21 17:00:00,-22.6,17.0,399.6,17,159,58,962.7
2027-12-21 18:00:00,-17.5,2.6,442.1,42,208,76,981.8
2027-12-21 19:00:00,-15.7,14.0,433.2,4,76,45,984.9
2027-12-21 20:00:00,-14.2,11.5,366.2,92,60,60,977.0
2027-12-21 21:00:00,-15.4,10.5,455.9,66,352,67,994.7
2027-12-21 22:00:00,-19.9,11.3,0.0,72,193,44,976.6
2027-12-21 23:00:00,-11.1,10.1,0.0,3,301,65,981.6
2027-12-22 00:00:00,-15.7,8.2,0.0,27,146,75,975.0
2027-12-22 01:00:00,-14.4,6.5,0.0,34,271,75,981.3
2027-12-22 02:00:00,-16.8,10.9,0.0,72,101,62,981.6
2027-12-22 03:00:00,-14.2,13.0,0.0,41,307,79,977.9
2027-12-22 04:00:00,-14.5,8.2,0.0,19,104,69,973.0
2027-12-22 05:00:00,-12.8,15.0,501.1,17,131,77,966.5
2027-12-22 06:00:00,-20.5,8.7,252.9,100,62,83,975.2
2027-12-22 07:00:00,-12.1,1.4,340.9,14,48,57,983.3
2027-12-22 08:00:00,-22.5,5.1,343.8,80,64,55,993.8
2027-12-22 09:00:00,-12.5,11.0,410.8,68,303,46,968.0
2027-12-22 10:00:00,-21.5,11.7,501.9,50,240,80,988.9
2027-12-22 11:00:00,-18.8,2.0,341.3,8,130,51,970.2
2027-12-22 12:00:00,-14.3,13.2,315.2,47,328,65,972.5
2027-12-22 13:00:00,-13.2,13.8,334.3,56,275,78,976.1
2027-12-22 14:00:00,-20.3,11.7,578.5,85,302,53,1001.9
2027-12-22 15:00:00,-14.3,12.1,493.0,14,95,58,971.6
2027-12-22 16:00:00,-13.4,6.7,350.0,48,246,74,999.0
2027-12-22 17:00:00,-14.7,1.5,304.5,78,114,51,980.0
2027-12-22 18:00:00,-17.3,13.9,286.6,62,89,86,982.4
2027-12-22 19:00:00,-11.9,6.6,292.1,74,57,41,969.2
2027-12-22 20:00:00,-16.7,19.7,375.7,66,83,76,972.9
2027-12-22 21:00:00,-18.2,13.3,358.2,24,321,79,974.0
2027-12-22 22:00:00,-16.9,19.5,0.0,46,58,57,969.5
2027-12-22 23:00:00,-11.7,12.5,0.0,54,12,43,963.5
2027-12-23 00:00:00,-22.2,7.9,0.0,40,95,42,975.8
2027-12-23 01:00:00,-21.3,6.2,0.0,35,324,45,980.3
2027-12-23 02:00:00,-16.8,3.6,0.0,63,254,62,985.3
2027-12-23 03:00:00,-21.3,7.6,0.0,18,252,89,971.0
2027-12-23 04:00:00,-21.4,12.6,0.0,1,326,79,995.4
2027-12-23 05:00:00,-14.5,6.9,534.2,83,226,41,991.1
2027-12-23 06:00:00,-19.7,12.4,277.5,91,148,64,984.0
2027-12-23 07:00:00,-20.0,15.4,646.7,73,266,68,979.2
2027-12-23 08:00:00,-10.8,15.1,412.4,39,279,89,985.4
2027-12-23 09:00:00,-14.8,8.9,228.1,85,317,45,967.8
2027-12-23 10:00:00,-21.0,12.4,356.4,97,315,55,989.2
2027-12-23 11:00:00,-13.8,17.8,445.4,23,259,45,997.4
2027-12-23 12:00:00,-17.0,11.5,501.3,1,335,88,1004.5
2027-12-23 13:00:00,-13.4,0.3,361.1,82,342,69,980.4
2027-12-23 14:00:00,-17.9,6.6,313.0,4,240,67,987.8
2027-12-23 15:00:00,-15.1,13.1,258.2,1,47,54,974.3
2027-12-23 16:00:00,-19.0,13.6,446.5,51,23,71,986.7
2027-12-23 17:00:00,-12.5,10.5,227.7,72,225,84,992.9
2027-12-23 18:00:00,-16.4,4.8,557.4,82,314,66,1002.4
2027-12-23 19:00:00,-18.8,13.8,402.7,56,68,87,958.8
2027-12-23 20:00:00,-15.4,25.5,426.8,73,113,42,986.0
2027-12-23 21:00:00,-18.8,17.7,438.8,34,297,78,968.0
2027-12-23 22:00:00,-20.3,11.1,0.0,70,107,47,972.5
2027-12-23 23:00:00,-19.1,16.6,0.0,68,5,43,993.4
2027-12-24 00:00:00,-18.7,9.2,0.0,24,229,75,974.7
2027-12-24 01:00:00,-11.6,22.1,0.0,2,230,77,997.8
2027-12-24 02:00:00,-14.7,16.0,0.0,55,351,55,990.0
2027-12-24 03:00:00,-15.0,12.0,0.0,72,119,41,993.2
2027-12-24 04:00:00,-13.2,15.2,0.0,35,264,66,991.8
2027-12-24 05:00:00,-20.2,13.0,366.3,66,343,67,990.8
2027-12-24 06:00:00,-20.2,12.8,375.8,61,305,49,983.0
2027-12-24 07:00:00,-16.0,15.4,538.7,21,32,43,959.8
2027-12-24 08:00:00,-16.4,10.8,402.5,79,77,54,981.6
2027-12-24 09:00:00,-14.1,7.1,304.3,38,168,70,984.6
2027-12-24 10:00:00,-23.1,17.7,487.2,63,329,79,976.8
2027-12-24 11:00:00,-16.6,10.3,412.1,62,150,76,966.6
2027-12-24 12:00:00,-16.3,9.7,453.9,77,353,83,977.3
2027-12-24 13:00:00,-18.2,8.0,412.1,18,234,82,977.4
2027-12-24 14:00:00,-18.6,19.5,370.9,90,154,69,978.2
2027-12-24 15:00:00,-16.6,14.7,236.1,35,319,62,996.1
2027-12-24 16:00:00,-18.2,13.2,300.9,53,57,60,969.7
2027-12-24 17:00:00,-12.4,16.6,179.6,71,259,54,968.2
2027-12-24 18:00:00,-18.6,21.4,141.0,13,133,53,991.4
2027-12-24 19:00:00,-14.5,6.5,333.8,82,145,69,975.5
2027-12-24 20:00:00,-21.0,11.1,438.8,62,52,53,971.7
2027-12-24 21:00:00,-14.8,16.7,266.1,30,139,89,976.7
2027-12-24 22:00:00,-15.7,10.0,0.0,18,2,47,976.0
2027-12-24 23:00:00,-16.4,10.5,0.0,51,106,40,973.4
2027-12-25 00:00:00,-16.3,12.2,0.0,18,59,53,977.6
2027-12-25 01:00:00,-14.7,9.9,0.0,32,299,56,989.3
2027-12-25 02:00:00,-18.7,9.2,0.0,18,341,56,968.1
2027-12-25 03:00:00,-16.7,9.5,0.0,37,83,42,973.5
2027-12-25 04:00:00,-12.0,9.3,0.0,58,271,86,1012.0
2027-12-25 05:00:00,-17.3,2.9,609.3,23,295,56,982.7
2027-12-25 06:00:00,-13.6,8.4,144.0,30,195,72,964.6
2027-12-25 07:00:00,-17.0,19.9,366.4,79,255,72,969.6
2027-12-25 08:00:00,-11.8,7.2,259.1,58,150,63,978.4
2027-12-25 09:00:00,-16.7,20.6,418.1,44,223,51,995.5
2027-12-25 10:00:00,-16.0,17.8,372.9,3,211,50,987.3
2027-12-25 11:00:00,-15.6,15.3,254.6,24,251,44,994.8
2027-12-25 12:00:00,-17.2,20.9,236.9,60,56,64,972.0
2027-12-25 13:00:00,-20.5,14.1,466.7,14,243,45,966.1
2027-12-25 14:00:00,-16.2,14.7,560.7,61,223,64,980.1
2027-12-25 15:00:00,-14.6,20.5,540.8,1,9,52,969.6
2027-12-25 16:00:00,-16.5,19.3,492.2,99,172,83,964.3
2027-12-25 17:00:00,-24.5,7.6,496.3,27,16,66,987.9
2027-12-25 18:00:00,-21.1,8.4,361.4,75,277,73,993.2
2027-12-25 19:00:00,-15.3,15.5,396.3,19,255,57,985.4
2027-12-25 20:00:00,-19.7,8.2,374.4,91,335,75,985.9
2027-12-25 21:00:00,-20.3,8.4,429.9,15,84,79,995.5
2027-12-25 22:00:00,-10.7,14.0,0.0,68,359,80,977.9
2027-12-25 23:00:00,-13.6,22.9,0.0,99,346,51,980.3
2027-12-26 00:00:00,-14.6,16.8,0.0,36,303,44,971.5
2027-12-26 01:00:00,-12.1,18.5,0.0,51,329,82,981.1
2027-12-26 02:00:00,-12.6,18.9,0.0,12,152,63,982.9
2027-12-26 03:00:00,-15.6,8.9,0.0,84,33,78,971.1
2027-12-26 04:00:00,-16.6,7.6,0.0,60,312,83,980.6
2027-12-26 05:00:00,-11.4,15.2,432.7,17,173,50,976.1
2027-12-26 06:00:00,-12.3,14.1,266.2,6,84,66,965.0
2027-12-26 07:00:00,-13.2,16.8,515.0,50,291,60,967.4
2027-12-26 08:00:00,-19.4,15.0,342.7,17,220,68,979.3
2027-12-26 09:00:00,-11.6,9.5,215.5,9,99,72,960.1
2027-12-26 10:00:00,-14.7,10.1,377.1,77,154,71,975.3
2027-12-26 11:00:00,-20.5,15.9,285.1,45,239,62,971.1
2027-12-26 12:00:00,-23.4,9.2,404.4,5,20,52,975.3
2027-12-26 13:00:00,-11.6,10.9,513.2,79,92,63,989.4
2027-12-26 14:00:00,-19.5,18.7,287.4,53,117,77,996.3
2027-12-26 15:00:00,-20.0,18.1,573.0,59,309,68,997.6
2027-12-26 16:00:00,-19.0,7.3,443.8,17,179,47,980.7
2027-12-26 17:00:00,-14.6,9.2,527.2,0,333,70,967.6
2027-12-26 18:00:00,-10.7,14.1,304.0,93,242,49,969.0
2027-12-26 19:00:00,-16.7,15.9,450.7,72,71,69,980.8
2027-12-26 20:00:00,-18.4,12.3,317.8,12,269,45,963.6
2027-12-26 21:00:00,-18.0,12.5,421.3,22,33,67,970.5
2027-12-26 22:00:00,-15.3,7.8,0.0,72,253,65,978.8
2027-12-26 23:00:00,-18.3,11.8,0.0,19,249,53,966.7
2027-12-27 00:00:00,-16.5,11.5,0.0,29,32,85,986.3
2027-12-27 01:00:00,-13.6,16.7,0.0,37,175,85,973.4
2027-12-27 02:00:00,-10.2,13.2,0.0,17,173,57,955.8
2027-12-27 03:00:00,-12.3,16.4,0.0,63,315,64,977.5
2027-12-27 04:00:00,-17.6,7.4,0.0,89,203,80,977.4
2027-12-27 05:00:00,-14.9,8.5,363.5,90,329,44,971.5
2027-12-27 06:00:00,-14.8,13.5,541.4,36,57,63,978.4
2027-12-27 07:00:00,-15.0,12.1,448.7,72,229,59,980.0
2027-12-27 08:00:00,-19.4,6.8,274.7,15,152,84,974.8
2027-12-27 09:00:00,-14.9,19.4,444.1,29,347,44,992.4
2027-12-27 10:00:00,-10.5,14.4,388.0,52,149,42,994.8
2027-12-27 11:00:00,-12.2,3.4,500.6,4,256,54,970.1
2027-12-27 12:00:00,-18.9,13.4,256.9,82,211,75,979.7
2027-12-27 13:00:00,-12.4,12.1,323.6,88,71,64,999.3
2027-12-27 14:00:00,-16.2,16.4,575.5,31,347,49,971.0
2027-12-27 15:00:00,-19.2,15.5,534.6,24,146,66,983.1
2027-12-27 16:00:00,-14.1,15.7,462.2,65,287,51,982.7
2027-12-27 17:00:00,-18.8,18.7,356.3,22,90,71,976.4
2027-12-27 18:00:00,-19.3,19.5,545.3,54,236,45,988.5
2027-12-27 19:00:00,-16.8,18.3,394.6,58,182,66,966.5
2027-12-27 20:00:00,-17.2,7.6,269.7,85,288,46,997.1
2027-12-27 21:00:00,-9.4,14.1,303.2,71,172,88,973.6
2027-12-27 22:00:00,-19.0,9.5,0.0,8,74,57,990.9
2027-12-27 23:00:00,-16.2,0.6,0.0,58,108,69,985.3
2027-12-28 00:00:00,-16.0,12.0,0.0,54,1,65,970.4
2027-12-28 01:00:00,-18.8,12.2,0.0,77,235,84,994.9
2027-12-28 02:00:00,-23.8,14.9,0.0,84,156,88,987.3
2027-12-28 03:00:00,-13.5,5.4,0.0,23,58,83,984.6
2027-12-28 04:00:00,-11.7,1.6,0.0,48,219,78,998.4
2027-12-28 05:00:00,-14.3,12.0,514.9,3,128,83,971.6
2027-12-28 06:00:00,-13.5,10.4,478.5,29,292,69,986.1
2027-12-28 07:00:00,-18.4,3.4,465.6,83,0,40,977.2
2027-12-28 08:00:00,-11.9,9.2,344.4,43,76,79,977.5
2027-12-28 09:00:00,-21.2,16.4,550.8,32,310,49,989.4
2027-12-28 10:00:00,-16.9,14.5,496.1,53,50,67,981.9
2027-12-28 11:00:00,-12.2,2.9,419.8,100,293,79,976.0
2027-12-28 12:00:00,-14.3,18.5,491.7,24,225,51,967.2
2027-12-28 13:00:00,-17.2,10.7,383.2,54,158,63,973.0
2027-12-28 14:00:00,-19.3,17.1,361.0,43,278,69,985.2
2027-12-28 15:00:00,-17.9,19.5,542.6,44,72,70,986.9
2027-12-28 16:00:00,-17.7,12.4,396.0,41,216,50,969.7
2027-12-28 17:00:00,-15.9,17.5,340.4,37,258,89,977.2
2027-12-28 18:00:00,-13.3,9.7,441.9,97,118,40,970.1
2027-12-28 19:00:00,-12.6,9.4,432.6,99,269,88,988.0
2027-12-28 20:00:00,-21.2,8.9,429.9,55,90,57,976.0
2027-12-28 21:00:00,-19.0,6.0,458.3,7,300,88,992.3
2027-12-28 22:00:00,-16.1,16.7,0.0,22,173,64,966.4
2027-12-28 23:00:00,-15.1,9.9,0.0,20,121,42,959.2
2027-12-29 00:00:00,-14.5,10.7,0.0,2,39,68,975.3
2027-12-29 01:00:00,-13.5,9.4,0.0,87,140,56,967.5
2027-12-29 02:00:00,-17.7,21.7,0.0,89,156,67,981.6
2027-12-29 03:00:00,-17.8,11.9,0.0,87,250,56,981.6
2027-12-29 04:00:00,-16.9,11.4,0.0,99,234,49,978.5
2027-12-29 05:00:00,-13.7,13.8,384.7,11,297,61,982.9
2027-12-29 06:00:00,-12.3,16.2,304.0,61,110,62,996.2
2027-12-29 07:00:00,-18.2,7.1,550.6,43,123,81,997.8
2027-12-29 08:00:00,-11.6,13.6,446.1,61,61,45,965.5
2027-12-29 09:00:00,-11.0,9.1,328.9,37,16,57,985.5
2027-12-29 10:00:00,-14.9,12.5,441.4,77,122,44,974.0
2027-12-29 11:00:00,-18.1,10.6,281.6,27,357,81,981.9
2027-12-29 12:00:00,-15.9,17.7,171.2,70,21,57,972.8
2027-12-29 13:00:00,-17.0,4.6,436.6,4,89,53,979.0
2027-12-29 14:00:00,-12.7,7.0,247.4,2,301,48,1003.4
2027-12-29 15:00:00,-14.7,17.2,337.6,99,62,77,980.2
2027-12-29 16:00:00,-17.8,8.9,533.2,70,67,43,973.7
2027-12-29 17:00:00,-15.7,17.5,658.9,88,139,68,980.4
2027-12-29 18:00:00,-16.7,16.5,478.2,77,191,53,988.5
2027-12-29 19:00:00,-20.6,16.8,308.6,30,352,74,973.6
2027-12-29 20:00:00,-20.1,10.1,374.6,35,40,70,983.2
2027-12-29 21:00:00,-15.1,23.8,388.3,43,194,42,974.5
2027-12-29 22:00:00,-11.3,13.6,0.0,30,244,79,976.0
2027-12-29 23:00:00,-13.5,6.3,0.0,61,210,49,987.4
2027-12-30 00:00:00,-19.6,13.2,0.0,30,255,42,965.4
2027-12-30 01:00:00,-13.8,10.3,0.0,61,194,58,968.5
2027-12-30 02:00:00,-16.5,9.5,0.0,69,339,67,966.5
2027-12-30 03:00:00,-18.0,10.5,0.0,12,257,85,980.8
2027-12-30 04:00:00,-16.4,6.0,0.0,47,93,51,965.1
2027-12-30 05:00:00,-10.7,17.3,392.7,58,308,72,969.4
2027-12-30 06:00:00,-16.0,12.2,344.2,34,327,83,978.4
2027-12-30 07:00:00,-14.0,10.3,291.1,7,135,55,985.7
2027-12-30 08:00:00,-15.3,10.9,446.8,6,98,51,970.8
2027-12-30 09:00:00,-13.6,7.7,475.9,77,129,51,994.0
2027-12-30 10:00:00,-13.7,8.7,345.4,24,21,45,966.6
2027-12-30 11:00:00,-19.4,16.9,570.2,9,142,60,983.0
2027-12-30 12:00:00,-15.8,6.0,399.5,95,178,64,986.9
2027-12-30 13:00:00,-16.8,15.0,610.6,87,302,76,973.4
2027-12-30 14:00:00,-15.6,22.9,253.0,18,326,68,972.9
2027-12-30 15:00:00,-17.6,15.6,255.7,70,148,74,986.8
2027-12-30 16:00:00,-19.1,2.3,405.1,87,129,64,991.3
2027-12-30 17:00:00,-12.3,7.4,351.8,51,33,73,972.8
2027-12-30 18:00:00,-13.3,9.9,426.4,30,113,83,972.7
2027-12-30 19:00:00,-19.0,18.6,422.2,69,215,57,973.9
2027-12-30 20:00:00,-18.1,10.3,386.5,55,240,41,971.7
2027-12-30 21:00:00,-11.4,15.1,417.8,70,134,62,974.7
2027-12-30 22:00:00,-15.3,13.0,0.0,44,26,71,996.6
2027-12-30 23:00:00,-17.8,16.2,0.0,86,186,88,968.0
2027-12-31 00:00:00,-11.7,8.1,0.0,36,334,41,988.7
2027-12-31 01:00:00,-13.9,18.1,0.0,27,257,62,992.2
2027-12-31 02:00:00,-16.9,11.7,0.0,72,296,59,980.1
2027-12-31 03:00:00,-14.3,15.5,0.0,13,101,76,984.7
2027-12-31 04:00:00,-11.7,10.8,0.0,92,345,75,979.3
2027-12-31 05:00:00,-12.5,2.3,283.8,15,325,81,976.3
2027-12-31 06:00:00,-17.9,6.2,540.7,94,180,80,980.7
2027-12-31 07:00:00,-16.8,16.0,286.8,40,54,87,1002.9
2027-12-31 08:00:00,-19.3,18.4,550.3,17,238,66,981.2
2027-12-31 09:00:00,-15.2,16.5,441.4,71,141,53,969.5
2027-12-31 10:00:00,-13.3,11.4,344.9,69,26,60,981.4
2027-12-31 11:00:00,-17.3,6.3,282.2,21,44,45,968.8
2027-12-31 12:00:00,-21.2,8.2,496.6,50,338,70,982.4
2027-12-31 13:00:00,-12.5,14.7,259.7,11,39,86,977.7
2027-12-31 14:00:00,-13.2,14.4,401.7,23,114,52,988.1
2027-12-31 15:00:00,-16.6,14.1,493.8,38,97,47,997.2
2027-12-31 16:00:00,-18.0,8.6,191.1,1,275,79,979.8
2027-12-31 17:00:00,-17.6,15.5,289.1,86,56,70,975.6
2027-12-31 18:00:00,-14.6,16.9,352.7,26,104,68,973.1
2027-12-31 19:00:00,-13.4,14.9,446.3,32,266,85,985.9
2027-12-31 20:00:00,-15.3,17.1,344.6,91,171,42,987.2
2027-12-31 21:00:00,-18.3,16.1,442.5,90,251,84,990.8
2027-12-31 22:00:00,-14.6,10.6,0.0,19,151,73,974.7
2027-12-31 23:00:00,-14.4,17.9,0.0,43,130,67,984.1
